InChI,InChIKey,SMILES,Synonyms,PUBCHEM_CID,Molecular formula,Major Isotope Mass,ALogP,Lipinski_Violations,Insecticide_Likeness_Violations,Post_Em_Herbicide_Likeness_Violations,Metabolite ID,cdk:Title,Reaction,Reaction ID,Enzyme(s),Biosystem,Precursor ID,Precursor SMILES,Precursor InChI,Precursor InChIKey,Precursor ALogP,Precursor Major Isotope Mass
"InChI=1S/C25H31ClN2O6/c1-28(2,24-22(31)20(29)21(30)23(34-24)25(32)33)13-5-12-27-18-7-4-3-6-15(18)8-9-16-10-11-17(26)14-19(16)27/h3-4,6-7,10-11,14,20-24,29-31H,5,8-9,12-13H2,1-2H3/p+1",LAAULXSAMGKFOM-UHFFFAOYSA-O,C[N+](C)(CCCN1C2=CC=CC=C2CCC3=C1C=C(C=C3)Cl)C4OC(C(O)=O)C(C(C4O)O)O,,,[C25H32ClN2O6]+,491.19488942399994,1.7510000000000026,0,1,1,BTM00001,BTM00001,N-Glucuronidation of tertiary aliphatic amine,BTMR0244,EC 2.4.1.17,HUMAN,,CN(C)CCCN1C2=CC=CC=C2CCC3=C1C=C(C=C3)Cl,"InChI=1S/C19H23ClN2/c1-21(2)12-5-13-22-18-7-4-3-6-15(18)8-9-16-10-11-17(20)14-19(16)22/h3-4,6-7,10-11,14H,5,8-9,12-13H2,1-2H3",GDLIGKIOYRNHDA-UHFFFAOYSA-N,,314.1549
"InChI=1S/C5H11NO/c1-6(2)4-3-5-7/h5H,3-4H2,1-2H3",GSZKLTJTSQMAOD-UHFFFAOYSA-N,CN(C)CCC=O,,,C5H11NO,101.084063972,0.07180000000000042,0,0,0,BTM00002,BTM00002,N-Dealkylation of mixed tertiary amine,BTMR1145,"CYP1A2
CYP2A6
CYP2B6
CYP2C8
CYP2C9
CYP2C19
CYP2D6
CYP3A4",HUMAN,,CN(C)CCCN1C2=CC=CC=C2CCC3=C1C=C(C=C3)Cl,"InChI=1S/C19H23ClN2/c1-21(2)12-5-13-22-18-7-4-3-6-15(18)8-9-16-10-11-17(20)14-19(16)22/h3-4,6-7,10-11,14H,5,8-9,12-13H2,1-2H3",GDLIGKIOYRNHDA-UHFFFAOYSA-N,,314.1549
"InChI=1S/C14H12ClN/c15-12-8-7-11-6-5-10-3-1-2-4-13(10)16-14(11)9-12/h1-4,7-9,16H,5-6H2",MHUXTOYYIDFXRF-UHFFFAOYSA-N,N1C2=CC=CC=C2CCC3=C1C=C(C=C3)Cl,,,C14H12ClN,229.065827064,4.645300000000001,0,0,0,BTM00003,BTM00003,N-Dealkylation of mixed tertiary amine,BTMR1145,"CYP1A2
CYP2A6
CYP2B6
CYP2C8
CYP2C9
CYP2C19
CYP2D6
CYP3A4",HUMAN,,CN(C)CCCN1C2=CC=CC=C2CCC3=C1C=C(C=C3)Cl,"InChI=1S/C19H23ClN2/c1-21(2)12-5-13-22-18-7-4-3-6-15(18)8-9-16-10-11-17(20)14-19(16)22/h3-4,6-7,10-11,14H,5,8-9,12-13H2,1-2H3",GDLIGKIOYRNHDA-UHFFFAOYSA-N,,314.1549
"InChI=1S/C19H23ClN2O/c1-21(2)12-17(23)13-22-18-6-4-3-5-14(18)7-8-15-9-10-16(20)11-19(15)22/h3-6,9-11,17,23H,7-8,12-13H2,1-2H3",WJTIYZXIOWVMFO-UHFFFAOYSA-N,CN(C)CC(CN1C2=CC=CC=C2CCC3=C1C=C(C=C3)Cl)O,,,C19H23ClN2O,330.149891036,4.4792000000000005,0,0,0,BTM00004,BTM00004,Hydroxylation of acyclic aliphatic secondary carbon,BTMR1063,"CYP1A2
CYP2A6
CYP2B6
CYP2C9
CYP2E1
CYP3A4",HUMAN,,CN(C)CCCN1C2=CC=CC=C2CCC3=C1C=C(C=C3)Cl,"InChI=1S/C19H23ClN2/c1-21(2)12-5-13-22-18-7-4-3-6-15(18)8-9-16-10-11-17(20)14-19(16)22/h3-4,6-7,10-11,14H,5,8-9,12-13H2,1-2H3",GDLIGKIOYRNHDA-UHFFFAOYSA-N,,314.1549
"InChI=1S/C19H23ClN2O/c1-21(2)10-3-11-22-18-12-16(20)8-6-14(18)4-5-15-7-9-17(23)13-19(15)22/h6-9,12-13,23H,3-5,10-11H2,1-2H3",JITVOZUVEGAKJW-UHFFFAOYSA-N,CN(C)CCCN1C2=CC(=CC=C2CCC3=C1C=C(C=C3)Cl)O,,,C19H23ClN2O,330.149891036,4.784900000000001,0,0,0,BTM00005,BTM00005,Aromatic hydroxylation of fused benzene ring,BTMR1030,"CYP1A2
CYP2A6
CYP2B6
CYP2C8
CYP2C9
CYP2C19
CYP2D6
CYP2E1
CYP3A4",HUMAN,,CN(C)CCCN1C2=CC=CC=C2CCC3=C1C=C(C=C3)Cl,"InChI=1S/C19H23ClN2/c1-21(2)12-5-13-22-18-7-4-3-6-15(18)8-9-16-10-11-17(20)14-19(16)22/h3-4,6-7,10-11,14H,5,8-9,12-13H2,1-2H3",GDLIGKIOYRNHDA-UHFFFAOYSA-N,,314.1549
"InChI=1S/C19H23ClN2O/c1-21(2)10-3-11-22-18-9-8-17(23)12-15(18)5-4-14-6-7-16(20)13-19(14)22/h6-9,12-13,23H,3-5,10-11H2,1-2H3",PVKACZKLKCTAHR-UHFFFAOYSA-N,CN(C)CCCN1C2=CC=C(C=C2CCC3=C1C=C(C=C3)Cl)O,,,C19H23ClN2O,330.149891036,4.784900000000001,0,0,0,BTM00006,BTM00006,Aromatic hydroxylation of fused benzene ring,BTMR1030,"CYP1A2
CYP2A6
CYP2B6
CYP2C8
CYP2C9
CYP2C19
CYP2D6
CYP2E1
CYP3A4",HUMAN,,CN(C)CCCN1C2=CC=CC=C2CCC3=C1C=C(C=C3)Cl,"InChI=1S/C19H23ClN2/c1-21(2)12-5-13-22-18-7-4-3-6-15(18)8-9-16-10-11-17(20)14-19(16)22/h3-4,6-7,10-11,14H,5,8-9,12-13H2,1-2H3",GDLIGKIOYRNHDA-UHFFFAOYSA-N,,314.1549
"InChI=1S/C19H23ClN2O/c1-21(2)10-5-11-22-17-7-4-3-6-14(17)8-9-15-12-19(23)16(20)13-18(15)22/h3-4,6-7,12-13,23H,5,8-11H2,1-2H3",QXZNSJJZRXNDJQ-UHFFFAOYSA-N,CN(C)CCCN1C2=CC=CC=C2CCC3=C1C=C(C(=C3)O)Cl,,,C19H23ClN2O,330.149891036,4.784900000000001,0,0,0,BTM00007,BTM00007,Aromatic hydroxylation of fused benzene ring,BTMR1030,"CYP1A2
CYP2A6
CYP2B6
CYP2C8
CYP2C9
CYP2C19
CYP2D6
CYP2E1
CYP3A4",HUMAN,,CN(C)CCCN1C2=CC=CC=C2CCC3=C1C=C(C=C3)Cl,"InChI=1S/C19H23ClN2/c1-21(2)12-5-13-22-18-7-4-3-6-15(18)8-9-16-10-11-17(20)14-19(16)22/h3-4,6-7,10-11,14H,5,8-9,12-13H2,1-2H3",GDLIGKIOYRNHDA-UHFFFAOYSA-N,,314.1549
"InChI=1S/C19H23ClN2O/c1-22(2,23)13-5-12-21-18-7-4-3-6-15(18)8-9-16-10-11-17(20)14-19(16)21/h3-4,6-7,10-11,14H,5,8-9,12-13H2,1-2H3",ARNOTLDVJSFYBP-UHFFFAOYSA-N,C[N+](C)(CCCN1C2=CC=CC=C2CCC3=C1C=C(C=C3)Cl)[O-],,,C19H23ClN2O,330.149891036,4.647199999999999,0,0,0,BTM00008,BTM00008,N-Oxidation of aliphatic tertiary amine,BTMR1100,"CYP1A2
CYP2D6
CYP3A4",HUMAN,,CN(C)CCCN1C2=CC=CC=C2CCC3=C1C=C(C=C3)Cl,"InChI=1S/C19H23ClN2/c1-21(2)12-5-13-22-18-7-4-3-6-15(18)8-9-16-10-11-17(20)14-19(16)22/h3-4,6-7,10-11,14H,5,8-9,12-13H2,1-2H3",GDLIGKIOYRNHDA-UHFFFAOYSA-N,,314.1549
"InChI=1S/C19H23ClN2O/c1-21(2)12-5-13-22-17-7-4-3-6-14(17)8-9-15-10-11-16(20)19(23)18(15)22/h3-4,6-7,10-11,23H,5,8-9,12-13H2,1-2H3",PQXYAUUGHKQVFC-UHFFFAOYSA-N,CN(C)CCCN1C2=CC=CC=C2CCC3=C1C(=C(C=C3)Cl)O,,,C19H23ClN2O,330.149891036,4.784900000000001,0,0,0,BTM00009,BTM00009,Aromatic hydroxylation of fused benzene ring,BTMR1031,"CYP1A2
CYP2B6
CYP2C8
CYP2C9
CYP2C19
CYP2D6
CYP3A4",HUMAN,,CN(C)CCCN1C2=CC=CC=C2CCC3=C1C=C(C=C3)Cl,"InChI=1S/C19H23ClN2/c1-21(2)12-5-13-22-18-7-4-3-6-15(18)8-9-16-10-11-17(20)14-19(16)22/h3-4,6-7,10-11,14H,5,8-9,12-13H2,1-2H3",GDLIGKIOYRNHDA-UHFFFAOYSA-N,,314.1549
"InChI=1S/C19H23ClN2O/c1-21(2)11-4-12-22-17-13-16(20)10-9-14(17)7-8-15-5-3-6-18(23)19(15)22/h3,5-6,9-10,13,23H,4,7-8,11-12H2,1-2H3",ZVADTFDASYDPHG-UHFFFAOYSA-N,CN(C)CCCN1C2=C(C=CC=C2CCC3=C1C=C(C=C3)Cl)O,,,C19H23ClN2O,330.14989103600004,4.784900000000001,0,0,0,BTM00010,BTM00010,Aromatic hydroxylation of fused benzene ring,BTMR1031,"CYP1A2
CYP2B6
CYP2C8
CYP2C9
CYP2C19
CYP2D6
CYP3A4",HUMAN,,CN(C)CCCN1C2=CC=CC=C2CCC3=C1C=C(C=C3)Cl,"InChI=1S/C19H23ClN2/c1-21(2)12-5-13-22-18-7-4-3-6-15(18)8-9-16-10-11-17(20)14-19(16)22/h3-4,6-7,10-11,14H,5,8-9,12-13H2,1-2H3",GDLIGKIOYRNHDA-UHFFFAOYSA-N,,314.1549
"InChI=1S/C19H23ClN2O/c1-21(2)10-5-11-22-17-7-4-3-6-14(17)8-9-16-18(22)12-15(20)13-19(16)23/h3-4,6-7,12-13,23H,5,8-11H2,1-2H3",PFRKZFKFEDMSKC-UHFFFAOYSA-N,CN(C)CCCN1C2=CC=CC=C2CCC3=C1C=C(C=C3O)Cl,,,C19H23ClN2O,330.149891036,4.784900000000001,0,0,0,BTM00011,BTM00011,Aromatic hydroxylation of fused benzene ring,BTMR1032,"CYP1A2
CYP2B6
CYP2C8
CYP2C9
CYP2C19
CYP2D6
CYP3A4",HUMAN,,CN(C)CCCN1C2=CC=CC=C2CCC3=C1C=C(C=C3)Cl,"InChI=1S/C19H23ClN2/c1-21(2)12-5-13-22-18-7-4-3-6-15(18)8-9-16-10-11-17(20)14-19(16)22/h3-4,6-7,10-11,14H,5,8-9,12-13H2,1-2H3",GDLIGKIOYRNHDA-UHFFFAOYSA-N,,314.1549
"InChI=1S/C19H23ClN2O/c1-21(2)11-4-12-22-17-5-3-6-19(23)16(17)10-8-14-7-9-15(20)13-18(14)22/h3,5-7,9,13,23H,4,8,10-12H2,1-2H3",INPXEQNHQVLPFN-UHFFFAOYSA-N,CN(C)CCCN1C2=CC=CC(=C2CCC3=C1C=C(C=C3)Cl)O,,,C19H23ClN2O,330.149891036,4.784900000000001,0,0,0,BTM00012,BTM00012,Aromatic hydroxylation of fused benzene ring,BTMR1032,"CYP1A2
CYP2B6
CYP2C8
CYP2C9
CYP2C19
CYP2D6
CYP3A4",HUMAN,,CN(C)CCCN1C2=CC=CC=C2CCC3=C1C=C(C=C3)Cl,"InChI=1S/C19H23ClN2/c1-21(2)12-5-13-22-18-7-4-3-6-15(18)8-9-16-10-11-17(20)14-19(16)22/h3-4,6-7,10-11,14H,5,8-9,12-13H2,1-2H3",GDLIGKIOYRNHDA-UHFFFAOYSA-N,,314.1549
"InChI=1S/C18H21ClN2/c1-20-11-4-12-21-17-6-3-2-5-14(17)7-8-15-9-10-16(19)13-18(15)21/h2-3,5-6,9-10,13,20H,4,7-8,11-12H2,1H3",VPIXQGUBUKFLRF-UHFFFAOYSA-N,N(C)CCCN1C2=CC=CC=C2CCC3=C1C=C(C=C3)Cl,,,C18H21ClN2,300.139326352,4.5164,0,0,0,BTM00013,BTM00013,N-Dealkylation of acyclic tertiary amine,BTMR1142,"CYP1A2
CYP2A6
CYP2B6
CYP2C8
CYP2C9
CYP2C19
CYP2D6
CYP2E1
CYP3A4",HUMAN,,CN(C)CCCN1C2=CC=CC=C2CCC3=C1C=C(C=C3)Cl,"InChI=1S/C19H23ClN2/c1-21(2)12-5-13-22-18-7-4-3-6-15(18)8-9-16-10-11-17(20)14-19(16)22/h3-4,6-7,10-11,14H,5,8-9,12-13H2,1-2H3",GDLIGKIOYRNHDA-UHFFFAOYSA-N,,314.1549
"InChI=1S/C2H7N/c1-3-2/h3H,1-2H3",ROSDSFDQCJNGOL-UHFFFAOYSA-N,CNC,,,C2H7N,45.057849223999995,-0.21580000000000035,0,0,0,BTM00014,BTM00014,N-Dealkylation of acyclic tertiary amine,BTMR1142,"CYP1A2
CYP2A6
CYP2B6
CYP2C8
CYP2C9
CYP2C19
CYP2D6
CYP2E1
CYP3A4",HUMAN,,CN(C)CCCN1C2=CC=CC=C2CCC3=C1C=C(C=C3)Cl,"InChI=1S/C19H23ClN2/c1-21(2)12-5-13-22-18-7-4-3-6-15(18)8-9-16-10-11-17(20)14-19(16)22/h3-4,6-7,10-11,14H,5,8-9,12-13H2,1-2H3",GDLIGKIOYRNHDA-UHFFFAOYSA-N,,314.1549
"InChI=1S/C17H16ClNO/c18-15-9-8-14-7-6-13-4-1-2-5-16(13)19(10-3-11-20)17(14)12-15/h1-2,4-5,8-9,11-12H,3,6-7,10H2",ALHXXKIGUWKTGO-UHFFFAOYSA-N,C(CCN1C2=CC=CC=C2CCC3=C1C=C(C=C3)Cl)=O,,,C17H16ClNO,285.09204181200005,4.602899999999999,0,0,0,BTM00015,BTM00015,N-Dealkylation of acyclic tertiary amine,BTMR1142,"CYP1A2
CYP2A6
CYP2B6
CYP2C8
CYP2C9
CYP2C19
CYP2D6
CYP2E1
CYP3A4",HUMAN,,CN(C)CCCN1C2=CC=CC=C2CCC3=C1C=C(C=C3)Cl,"InChI=1S/C19H23ClN2/c1-21(2)12-5-13-22-18-7-4-3-6-15(18)8-9-16-10-11-17(20)14-19(16)22/h3-4,6-7,10-11,14H,5,8-9,12-13H2,1-2H3",GDLIGKIOYRNHDA-UHFFFAOYSA-N,,314.1549
"InChI=1S/C19H23ClN2O/c1-21(2)19(23)11-12-22-17-6-4-3-5-14(17)7-8-15-9-10-16(20)13-18(15)22/h3-6,9-10,13,19,23H,7-8,11-12H2,1-2H3",GLWQMPDDTVZLAF-UHFFFAOYSA-N,CN(C)C(CCN1C2=CC=CC=C2CCC3=C1C=C(C=C3)Cl)O,,,C19H23ClN2O,330.149891036,4.905799999999998,0,0,0,BTM00016,BTM00016,Aliphatic hydroxylation of carbon alpha to secondary or tertiary alkyl-N,BTMR1081,"CYP2B6
CYP2C19
CYP2D6",HUMAN,,CN(C)CCCN1C2=CC=CC=C2CCC3=C1C=C(C=C3)Cl,"InChI=1S/C19H23ClN2/c1-21(2)12-5-13-22-18-7-4-3-6-15(18)8-9-16-10-11-17(20)14-19(16)22/h3-4,6-7,10-11,14H,5,8-9,12-13H2,1-2H3",GDLIGKIOYRNHDA-UHFFFAOYSA-N,,314.1549
"InChI=1S/C19H23ClN2O/c1-21(2)12-11-19(23)22-17-6-4-3-5-14(17)7-8-15-9-10-16(20)13-18(15)22/h3-6,9-10,13,19,23H,7-8,11-12H2,1-2H3",XWPNMTVHZUZAAM-UHFFFAOYSA-N,CN(C)CCC(N1C2=CC=CC=C2CCC3=C1C=C(C=C3)Cl)O,,,C19H23ClN2O,330.149891036,4.905799999999998,0,0,0,BTM00017,BTM00017,Aliphatic hydroxylation of carbon alpha to secondary or tertiary alkyl-N,BTMR1081,"CYP2B6
CYP2C19
CYP2D6",HUMAN,,CN(C)CCCN1C2=CC=CC=C2CCC3=C1C=C(C=C3)Cl,"InChI=1S/C19H23ClN2/c1-21(2)12-5-13-22-18-7-4-3-6-15(18)8-9-16-10-11-17(20)14-19(16)22/h3-4,6-7,10-11,14H,5,8-9,12-13H2,1-2H3",GDLIGKIOYRNHDA-UHFFFAOYSA-N,,314.1549
"InChI=1S/C5H13NO/c1-6(2)4-3-5-7/h7H,3-5H2,1-2H3",PYSGFFTXMUWEOT-UHFFFAOYSA-N,CN(C)CCCO,,,C5H13NO,103.099714036,-0.15690000000000026,0,0,0,BTM00018,BTM00018,Reduction of aldehyde,BTMR0367,EC 1.1.1.184,HUMAN,BTM00002,CN(C)CCC=O,"InChI=1S/C5H11NO/c1-6(2)4-3-5-7/h5H,3-4H2,1-2H3",GSZKLTJTSQMAOD-UHFFFAOYSA-N,0.07180000000000042,101.084063972
"InChI=1S/C5H11NO2/c1-6(2)4-3-5(7)8/h3-4H2,1-2H3,(H,7,8)",JMOXSQYGVIXBBZ-UHFFFAOYSA-N,CN(C)CCC(=O)O,,,C5H11NO2,117.078978592,0.024400000000000015,0,0,0,BTM00019,BTM00019,Aldehyde oxidation,BTMR0050,EC 1.2.3.1,HUMAN,BTM00002,CN(C)CCC=O,"InChI=1S/C5H11NO/c1-6(2)4-3-5-7/h5H,3-4H2,1-2H3",GSZKLTJTSQMAOD-UHFFFAOYSA-N,0.07180000000000042,101.084063972
"InChI=1S/C11H19NO7/c1-12(2,4-3-5-13)10-8(16)6(14)7(15)9(19-10)11(17)18/h5-10,14-16H,3-4H2,1-2H3/p+1",VZLUIPVQRWVKOI-UHFFFAOYSA-O,C[N+](C)(CCC=O)C1OC(C(O)=O)C(C(C1O)O)O,,,[C11H20NO7]+,278.12397698,-3.229499999999999,0,1,1,BTM00020,BTM00020,N-Glucuronidation of tertiary aliphatic amine,BTMR0244,EC 2.4.1.17,HUMAN,BTM00002,CN(C)CCC=O,"InChI=1S/C5H11NO/c1-6(2)4-3-5-7/h5H,3-4H2,1-2H3",GSZKLTJTSQMAOD-UHFFFAOYSA-N,0.07180000000000042,101.084063972
"InChI=1S/C25H31ClN2O7/c1-27(2)12-17(34-25-22(31)20(29)21(30)23(35-25)24(32)33)13-28-18-6-4-3-5-14(18)7-8-15-9-10-16(26)11-19(15)28/h3-6,9-11,17,20-23,25,29-31H,7-8,12-13H2,1-2H3,(H,32,33)",AHTLOHWTCXMFGC-UHFFFAOYSA-N,CN(C)CC(CN1C2=CC=CC=C2CCC3=C1C=C(C=C3)Cl)OC4OC(C(O)=O)C(C(C4O)O)O,,,C25H31ClN2O7,506.181979012,2.9412000000000016,1,1,1,BTM00021,BTM00021,Alkyl-OH-glucuronidation,BTMR0165,EC 2.4.1.17,HUMAN,BTM00004,CN(C)CC(CN1C2=CC=CC=C2CCC3=C1C=C(C=C3)Cl)O,"InChI=1S/C19H23ClN2O/c1-21(2)12-17(23)13-22-18-6-4-3-5-14(18)7-8-15-9-10-16(20)11-19(15)22/h3-6,9-11,17,23H,7-8,12-13H2,1-2H3",WJTIYZXIOWVMFO-UHFFFAOYSA-N,4.4792000000000005,330.149891036
"InChI=1S/C25H31ClN2O7/c1-28(2,24-22(32)20(30)21(31)23(35-24)25(33)34)13-17(29)12-27-18-6-4-3-5-14(18)7-8-15-9-10-16(26)11-19(15)27/h3-6,9-11,17,20-24,29-32H,7-8,12-13H2,1-2H3/p+1",KQYVNKARCOHAKD-UHFFFAOYSA-O,C[N+](C)(CC(CN1C2=CC=CC=C2CCC3=C1C=C(C=C3)Cl)O)C4OC(C(O)=O)C(C(C4O)O)O,,,[C25H32ClN2O7]+,507.18980404399997,1.1779000000000015,1,1,1,BTM00022,BTM00022,N-Glucuronidation of tertiary aliphatic amine,BTMR0244,EC 2.4.1.17,HUMAN,BTM00004,CN(C)CC(CN1C2=CC=CC=C2CCC3=C1C=C(C=C3)Cl)O,"InChI=1S/C19H23ClN2O/c1-21(2)12-17(23)13-22-18-6-4-3-5-14(18)7-8-15-9-10-16(20)11-19(15)22/h3-6,9-11,17,23H,7-8,12-13H2,1-2H3",WJTIYZXIOWVMFO-UHFFFAOYSA-N,4.4792000000000005,330.149891036
"InChI=1S/C19H23ClN2O4S/c1-21(2)12-17(26-27(23,24)25)13-22-18-6-4-3-5-14(18)7-8-15-9-10-16(20)11-19(15)22/h3-6,9-11,17H,7-8,12-13H2,1-2H3,(H,23,24,25)",POBDHQLVEAYRTL-UHFFFAOYSA-N,CN(C)CC(CN1C2=CC=CC=C2CCC3=C1C=C(C=C3)Cl)OS(O)(=O)=O,,,C19H23ClN2O4S,410.106705896,3.8999,0,0,0,BTM00023,BTM00023,Sulfation of secondary alcohol,BTMR0502,EC 2.8.2.2,HUMAN,BTM00004,CN(C)CC(CN1C2=CC=CC=C2CCC3=C1C=C(C=C3)Cl)O,"InChI=1S/C19H23ClN2O/c1-21(2)12-17(23)13-22-18-6-4-3-5-14(18)7-8-15-9-10-16(20)11-19(15)22/h3-6,9-11,17,23H,7-8,12-13H2,1-2H3",WJTIYZXIOWVMFO-UHFFFAOYSA-N,4.4792000000000005,330.149891036
"InChI=1S/C25H31ClN2O7/c1-27(2)10-3-11-28-18-12-16(26)8-6-14(18)4-5-15-7-9-17(13-19(15)28)34-25-22(31)20(29)21(30)23(35-25)24(32)33/h6-9,12-13,20-23,25,29-31H,3-5,10-11H2,1-2H3,(H,32,33)",VAGSQGOBPIFDNL-UHFFFAOYSA-N,CN(C)CCCN1C2=CC(=CC=C2CCC3=C1C=C(C=C3)Cl)OC4OC(C(O)=O)C(C(C4O)O)O,,,C25H31ClN2O7,506.181979012,3.089400000000003,1,1,1,BTM00024,BTM00024,Aromatic OH-glucuronidation,BTMR0166,EC 2.4.1.17,HUMAN,BTM00005,CN(C)CCCN1C2=CC(=CC=C2CCC3=C1C=C(C=C3)Cl)O,"InChI=1S/C19H23ClN2O/c1-21(2)10-3-11-22-18-12-16(20)8-6-14(18)4-5-15-7-9-17(23)13-19(15)22/h6-9,12-13,23H,3-5,10-11H2,1-2H3",JITVOZUVEGAKJW-UHFFFAOYSA-N,4.784900000000001,330.149891036
"InChI=1S/C25H31ClN2O7/c1-28(2,24-22(32)20(30)21(31)23(35-24)25(33)34)11-3-10-27-18-12-16(26)8-6-14(18)4-5-15-7-9-17(29)13-19(15)27/h6-9,12-13,20-24,30-32H,3-5,10-11H2,1-2H3,(H-,29,33,34)/p+1",MEUJPNGVPIQKOY-UHFFFAOYSA-O,C[N+](C)(CCCN1C2=CC(=CC=C2CCC3=C1C=C(C=C3)Cl)O)C4OC(C(O)=O)C(C(C4O)O)O,,,[C25H32ClN2O7]+,507.18980404399997,1.4836000000000031,1,1,1,BTM00025,BTM00025,N-Glucuronidation of tertiary aliphatic amine,BTMR0244,EC 2.4.1.17,HUMAN,BTM00005,CN(C)CCCN1C2=CC(=CC=C2CCC3=C1C=C(C=C3)Cl)O,"InChI=1S/C19H23ClN2O/c1-21(2)10-3-11-22-18-12-16(20)8-6-14(18)4-5-15-7-9-17(23)13-19(15)22/h6-9,12-13,23H,3-5,10-11H2,1-2H3",JITVOZUVEGAKJW-UHFFFAOYSA-N,4.784900000000001,330.149891036
"InChI=1S/C19H23ClN2O4S/c1-21(2)10-3-11-22-18-12-16(20)8-6-14(18)4-5-15-7-9-17(13-19(15)22)26-27(23,24)25/h6-9,12-13H,3-5,10-11H2,1-2H3,(H,23,24,25)",FCKMLFXICASAGU-UHFFFAOYSA-N,CN(C)CCCN1C2=CC(=CC=C2CCC3=C1C=C(C=C3)Cl)OS(O)(=O)=O,,,C19H23ClN2O4S,410.106705896,4.048100000000002,0,0,0,BTM00026,BTM00026,Sulfonation of phenolic compound,BTMR1376,EC 2.8.2.1,HUMAN,BTM00005,CN(C)CCCN1C2=CC(=CC=C2CCC3=C1C=C(C=C3)Cl)O,"InChI=1S/C19H23ClN2O/c1-21(2)10-3-11-22-18-12-16(20)8-6-14(18)4-5-15-7-9-17(23)13-19(15)22/h6-9,12-13,23H,3-5,10-11H2,1-2H3",JITVOZUVEGAKJW-UHFFFAOYSA-N,4.784900000000001,330.149891036
"InChI=1S/C20H25ClN2O/c1-22(2)11-4-12-23-19-13-17(21)9-7-15(19)5-6-16-8-10-18(24-3)14-20(16)23/h7-10,13-14H,4-6,11-12H2,1-3H3",CEEZLXJEYIDTQT-UHFFFAOYSA-N,CN(C)CCCN1C2=CC(=CC=C2CCC3=C1C=C(C=C3)Cl)OC,,,C20H25ClN2O,344.1655411,5.035900000000001,0,0,0,BTM00027,BTM00027,Methylation of phenolic compound,BTMR1377,EC 2.1.1.25,HUMAN,BTM00005,CN(C)CCCN1C2=CC(=CC=C2CCC3=C1C=C(C=C3)Cl)O,"InChI=1S/C19H23ClN2O/c1-21(2)10-3-11-22-18-12-16(20)8-6-14(18)4-5-15-7-9-17(23)13-19(15)22/h6-9,12-13,23H,3-5,10-11H2,1-2H3",JITVOZUVEGAKJW-UHFFFAOYSA-N,4.784900000000001,330.149891036
"InChI=1S/C25H31ClN2O7/c1-27(2)10-3-11-28-18-9-8-17(12-15(18)5-4-14-6-7-16(26)13-19(14)28)34-25-22(31)20(29)21(30)23(35-25)24(32)33/h6-9,12-13,20-23,25,29-31H,3-5,10-11H2,1-2H3,(H,32,33)",QQWVGFMUJKXPQA-UHFFFAOYSA-N,CN(C)CCCN1C2=CC=C(C=C2CCC3=C1C=C(C=C3)Cl)OC4OC(C(O)=O)C(C(C4O)O)O,,,C25H31ClN2O7,506.181979012,3.089400000000003,1,1,1,BTM00028,BTM00028,Aromatic OH-glucuronidation,BTMR0166,EC 2.4.1.17,HUMAN,BTM00006,CN(C)CCCN1C2=CC=C(C=C2CCC3=C1C=C(C=C3)Cl)O,"InChI=1S/C19H23ClN2O/c1-21(2)10-3-11-22-18-9-8-17(23)12-15(18)5-4-14-6-7-16(20)13-19(14)22/h6-9,12-13,23H,3-5,10-11H2,1-2H3",PVKACZKLKCTAHR-UHFFFAOYSA-N,4.784900000000001,330.149891036
"InChI=1S/C25H31ClN2O7/c1-28(2,24-22(32)20(30)21(31)23(35-24)25(33)34)11-3-10-27-18-9-8-17(29)12-15(18)5-4-14-6-7-16(26)13-19(14)27/h6-9,12-13,20-24,30-32H,3-5,10-11H2,1-2H3,(H-,29,33,34)/p+1",GFVWGOCTJCCMKO-UHFFFAOYSA-O,C[N+](C)(CCCN1C2=CC=C(C=C2CCC3=C1C=C(C=C3)Cl)O)C4OC(C(O)=O)C(C(C4O)O)O,,,[C25H32ClN2O7]+,507.18980404399997,1.4836000000000031,1,1,1,BTM00029,BTM00029,N-Glucuronidation of tertiary aliphatic amine,BTMR0244,EC 2.4.1.17,HUMAN,BTM00006,CN(C)CCCN1C2=CC=C(C=C2CCC3=C1C=C(C=C3)Cl)O,"InChI=1S/C19H23ClN2O/c1-21(2)10-3-11-22-18-9-8-17(23)12-15(18)5-4-14-6-7-16(20)13-19(14)22/h6-9,12-13,23H,3-5,10-11H2,1-2H3",PVKACZKLKCTAHR-UHFFFAOYSA-N,4.784900000000001,330.149891036
"InChI=1S/C19H23ClN2O4S/c1-21(2)10-3-11-22-18-9-8-17(26-27(23,24)25)12-15(18)5-4-14-6-7-16(20)13-19(14)22/h6-9,12-13H,3-5,10-11H2,1-2H3,(H,23,24,25)",OSKTUPGFKOKGTO-UHFFFAOYSA-N,CN(C)CCCN1C2=CC=C(C=C2CCC3=C1C=C(C=C3)Cl)OS(O)(=O)=O,,,C19H23ClN2O4S,410.106705896,4.048100000000002,0,0,0,BTM00030,BTM00030,Sulfonation of phenolic compound,BTMR1376,EC 2.8.2.1,HUMAN,BTM00006,CN(C)CCCN1C2=CC=C(C=C2CCC3=C1C=C(C=C3)Cl)O,"InChI=1S/C19H23ClN2O/c1-21(2)10-3-11-22-18-9-8-17(23)12-15(18)5-4-14-6-7-16(20)13-19(14)22/h6-9,12-13,23H,3-5,10-11H2,1-2H3",PVKACZKLKCTAHR-UHFFFAOYSA-N,4.784900000000001,330.149891036
"InChI=1S/C20H25ClN2O/c1-22(2)11-4-12-23-19-10-9-18(24-3)13-16(19)6-5-15-7-8-17(21)14-20(15)23/h7-10,13-14H,4-6,11-12H2,1-3H3",HCKCSONAWOQPCP-UHFFFAOYSA-N,CN(C)CCCN1C2=CC=C(C=C2CCC3=C1C=C(C=C3)Cl)OC,,,C20H25ClN2O,344.1655411,5.035900000000001,0,0,0,BTM00031,BTM00031,Methylation of phenolic compound,BTMR1377,EC 2.1.1.25,HUMAN,BTM00006,CN(C)CCCN1C2=CC=C(C=C2CCC3=C1C=C(C=C3)Cl)O,"InChI=1S/C19H23ClN2O/c1-21(2)10-3-11-22-18-9-8-17(23)12-15(18)5-4-14-6-7-16(20)13-19(14)22/h6-9,12-13,23H,3-5,10-11H2,1-2H3",PVKACZKLKCTAHR-UHFFFAOYSA-N,4.784900000000001,330.149891036
"InChI=1S/C25H31ClN2O7/c1-27(2)10-5-11-28-17-7-4-3-6-14(17)8-9-15-12-19(16(26)13-18(15)28)34-25-22(31)20(29)21(30)23(35-25)24(32)33/h3-4,6-7,12-13,20-23,25,29-31H,5,8-11H2,1-2H3,(H,32,33)",DNLHFVHYWVQCQI-UHFFFAOYSA-N,CN(C)CCCN1C2=CC=CC=C2CCC3=C1C=C(C(=C3)OC4OC(C(O)=O)C(C(C4O)O)O)Cl,,,C25H31ClN2O7,506.181979012,3.089400000000003,1,1,1,BTM00032,BTM00032,Aromatic OH-glucuronidation,BTMR0166,EC 2.4.1.17,HUMAN,BTM00007,CN(C)CCCN1C2=CC=CC=C2CCC3=C1C=C(C(=C3)O)Cl,"InChI=1S/C19H23ClN2O/c1-21(2)10-5-11-22-17-7-4-3-6-14(17)8-9-15-12-19(23)16(20)13-18(15)22/h3-4,6-7,12-13,23H,5,8-11H2,1-2H3",QXZNSJJZRXNDJQ-UHFFFAOYSA-N,4.784900000000001,330.149891036
"InChI=1S/C25H31ClN2O7/c1-28(2,24-22(32)20(30)21(31)23(35-24)25(33)34)11-5-10-27-17-7-4-3-6-14(17)8-9-15-12-19(29)16(26)13-18(15)27/h3-4,6-7,12-13,20-24,30-32H,5,8-11H2,1-2H3,(H-,29,33,34)/p+1",SVAGOAJQKKWKKH-UHFFFAOYSA-O,C[N+](C)(CCCN1C2=CC=CC=C2CCC3=C1C=C(C(=C3)O)Cl)C4OC(C(O)=O)C(C(C4O)O)O,,,[C25H32ClN2O7]+,507.18980404399997,1.4836000000000031,1,1,1,BTM00033,BTM00033,N-Glucuronidation of tertiary aliphatic amine,BTMR0244,EC 2.4.1.17,HUMAN,BTM00007,CN(C)CCCN1C2=CC=CC=C2CCC3=C1C=C(C(=C3)O)Cl,"InChI=1S/C19H23ClN2O/c1-21(2)10-5-11-22-17-7-4-3-6-14(17)8-9-15-12-19(23)16(20)13-18(15)22/h3-4,6-7,12-13,23H,5,8-11H2,1-2H3",QXZNSJJZRXNDJQ-UHFFFAOYSA-N,4.784900000000001,330.149891036
"InChI=1S/C19H23ClN2O4S/c1-21(2)10-5-11-22-17-7-4-3-6-14(17)8-9-15-12-19(26-27(23,24)25)16(20)13-18(15)22/h3-4,6-7,12-13H,5,8-11H2,1-2H3,(H,23,24,25)",JFHLKFBJWWHILV-UHFFFAOYSA-N,CN(C)CCCN1C2=CC=CC=C2CCC3=C1C=C(C(=C3)OS(O)(=O)=O)Cl,,,C19H23ClN2O4S,410.106705896,4.048100000000002,0,0,0,BTM00034,BTM00034,Sulfonation of phenolic compound,BTMR1376,EC 2.8.2.1,HUMAN,BTM00007,CN(C)CCCN1C2=CC=CC=C2CCC3=C1C=C(C(=C3)O)Cl,"InChI=1S/C19H23ClN2O/c1-21(2)10-5-11-22-17-7-4-3-6-14(17)8-9-15-12-19(23)16(20)13-18(15)22/h3-4,6-7,12-13,23H,5,8-11H2,1-2H3",QXZNSJJZRXNDJQ-UHFFFAOYSA-N,4.784900000000001,330.149891036
"InChI=1S/C20H25ClN2O/c1-22(2)11-6-12-23-18-8-5-4-7-15(18)9-10-16-13-20(24-3)17(21)14-19(16)23/h4-5,7-8,13-14H,6,9-12H2,1-3H3",RGAOZGNKUVOCOR-UHFFFAOYSA-N,CN(C)CCCN1C2=CC=CC=C2CCC3=C1C=C(C(=C3)OC)Cl,,,C20H25ClN2O,344.1655411,5.035900000000001,0,0,0,BTM00035,BTM00035,Methylation of phenolic compound,BTMR1377,EC 2.1.1.25,HUMAN,BTM00007,CN(C)CCCN1C2=CC=CC=C2CCC3=C1C=C(C(=C3)O)Cl,"InChI=1S/C19H23ClN2O/c1-21(2)10-5-11-22-17-7-4-3-6-14(17)8-9-15-12-19(23)16(20)13-18(15)22/h3-4,6-7,12-13,23H,5,8-11H2,1-2H3",QXZNSJJZRXNDJQ-UHFFFAOYSA-N,4.784900000000001,330.149891036
"InChI=1S/C25H31ClN2O7/c1-28(2,35-25-22(31)20(29)21(30)23(34-25)24(32)33)13-5-12-27-18-7-4-3-6-15(18)8-9-16-10-11-17(26)14-19(16)27/h3-4,6-7,10-11,14,20-23,25,29-31H,5,8-9,12-13H2,1-2H3/p+1",INQIYABHVFORQX-UHFFFAOYSA-O,C[N+](C)(CCCN1C2=CC=CC=C2CCC3=C1C=C(C=C3)Cl)OC4OC(C(O)C(O)C4O)C(O)=O,,,[C25H32ClN2O7]+,507.18980404399997,1.5969000000000029,1,1,1,BTM00036,BTM00036,O-Glucuronidation of N-oxide,BTMR0184,EC 2.4.1.17,HUMAN,BTM00008,C[N+](C)(CCCN1C2=CC=CC=C2CCC3=C1C=C(C=C3)Cl)[O-],"InChI=1S/C19H23ClN2O/c1-22(2,23)13-5-12-21-18-7-4-3-6-15(18)8-9-16-10-11-17(20)14-19(16)21/h3-4,6-7,10-11,14H,5,8-9,12-13H2,1-2H3",ARNOTLDVJSFYBP-UHFFFAOYSA-N,4.647199999999999,330.149891036
"InChI=1S/C25H31ClN2O7/c1-27(2)12-5-13-28-17-7-4-3-6-14(17)8-9-15-10-11-16(26)22(18(15)28)34-25-21(31)19(29)20(30)23(35-25)24(32)33/h3-4,6-7,10-11,19-21,23,25,29-31H,5,8-9,12-13H2,1-2H3,(H,32,33)",KOQXLXJXSUYRJA-UHFFFAOYSA-N,CN(C)CCCN1C2=CC=CC=C2CCC3=C1C(=C(C=C3)Cl)OC4OC(C(O)=O)C(C(C4O)O)O,,,C25H31ClN2O7,506.181979012,3.089400000000003,1,1,1,BTM00037,BTM00037,Aromatic OH-glucuronidation,BTMR0166,EC 2.4.1.17,HUMAN,BTM00009,CN(C)CCCN1C2=CC=CC=C2CCC3=C1C(=C(C=C3)Cl)O,"InChI=1S/C19H23ClN2O/c1-21(2)12-5-13-22-17-7-4-3-6-14(17)8-9-15-10-11-16(20)19(23)18(15)22/h3-4,6-7,10-11,23H,5,8-9,12-13H2,1-2H3",PQXYAUUGHKQVFC-UHFFFAOYSA-N,4.784900000000001,330.149891036
"InChI=1S/C25H31ClN2O7/c1-28(2,24-22(32)20(30)21(31)23(35-24)25(33)34)13-5-12-27-17-7-4-3-6-14(17)8-9-15-10-11-16(26)19(29)18(15)27/h3-4,6-7,10-11,20-24,30-32H,5,8-9,12-13H2,1-2H3,(H-,29,33,34)/p+1",JGOSBLMBFJSREM-UHFFFAOYSA-O,C[N+](C)(CCCN1C2=CC=CC=C2CCC3=C1C(=C(C=C3)Cl)O)C4OC(C(O)=O)C(C(C4O)O)O,,,[C25H32ClN2O7]+,507.18980404399997,1.4836000000000031,1,1,1,BTM00038,BTM00038,N-Glucuronidation of tertiary aliphatic amine,BTMR0244,EC 2.4.1.17,HUMAN,BTM00009,CN(C)CCCN1C2=CC=CC=C2CCC3=C1C(=C(C=C3)Cl)O,"InChI=1S/C19H23ClN2O/c1-21(2)12-5-13-22-17-7-4-3-6-14(17)8-9-15-10-11-16(20)19(23)18(15)22/h3-4,6-7,10-11,23H,5,8-9,12-13H2,1-2H3",PQXYAUUGHKQVFC-UHFFFAOYSA-N,4.784900000000001,330.149891036
"InChI=1S/C19H23ClN2O4S/c1-21(2)12-5-13-22-17-7-4-3-6-14(17)8-9-15-10-11-16(20)19(18(15)22)26-27(23,24)25/h3-4,6-7,10-11H,5,8-9,12-13H2,1-2H3,(H,23,24,25)",DEVSEGCCFLYDEH-UHFFFAOYSA-N,CN(C)CCCN1C2=CC=CC=C2CCC3=C1C(=C(C=C3)Cl)OS(O)(=O)=O,,,C19H23ClN2O4S,410.106705896,4.048100000000002,0,0,0,BTM00039,BTM00039,Sulfonation of phenolic compound,BTMR1376,EC 2.8.2.1,HUMAN,BTM00009,CN(C)CCCN1C2=CC=CC=C2CCC3=C1C(=C(C=C3)Cl)O,"InChI=1S/C19H23ClN2O/c1-21(2)12-5-13-22-17-7-4-3-6-14(17)8-9-15-10-11-16(20)19(23)18(15)22/h3-4,6-7,10-11,23H,5,8-9,12-13H2,1-2H3",PQXYAUUGHKQVFC-UHFFFAOYSA-N,4.784900000000001,330.149891036
"InChI=1S/C20H25ClN2O/c1-22(2)13-6-14-23-18-8-5-4-7-15(18)9-10-16-11-12-17(21)20(24-3)19(16)23/h4-5,7-8,11-12H,6,9-10,13-14H2,1-3H3",SIZIUCNMLNQJFM-UHFFFAOYSA-N,CN(C)CCCN1C2=CC=CC=C2CCC3=C1C(=C(C=C3)Cl)OC,,,C20H25ClN2O,344.1655411,5.035900000000001,0,0,0,BTM00040,BTM00040,Methylation of phenolic compound,BTMR1377,EC 2.1.1.25,HUMAN,BTM00009,CN(C)CCCN1C2=CC=CC=C2CCC3=C1C(=C(C=C3)Cl)O,"InChI=1S/C19H23ClN2O/c1-21(2)12-5-13-22-17-7-4-3-6-14(17)8-9-15-10-11-16(20)19(23)18(15)22/h3-4,6-7,10-11,23H,5,8-9,12-13H2,1-2H3",PQXYAUUGHKQVFC-UHFFFAOYSA-N,4.784900000000001,330.149891036
"InChI=1S/C25H31ClN2O7/c1-27(2)11-4-12-28-17-13-16(26)10-9-14(17)7-8-15-5-3-6-18(19(15)28)34-25-22(31)20(29)21(30)23(35-25)24(32)33/h3,5-6,9-10,13,20-23,25,29-31H,4,7-8,11-12H2,1-2H3,(H,32,33)",RZSHYRHCFZHADA-UHFFFAOYSA-N,CN(C)CCCN1C2=C(C=CC=C2CCC3=C1C=C(C=C3)Cl)OC4OC(C(O)=O)C(C(C4O)O)O,,,C25H31ClN2O7,506.181979012,3.089400000000003,1,1,1,BTM00041,BTM00041,Aromatic OH-glucuronidation,BTMR0166,EC 2.4.1.17,HUMAN,BTM00010,CN(C)CCCN1C2=C(C=CC=C2CCC3=C1C=C(C=C3)Cl)O,"InChI=1S/C19H23ClN2O/c1-21(2)11-4-12-22-17-13-16(20)10-9-14(17)7-8-15-5-3-6-18(23)19(15)22/h3,5-6,9-10,13,23H,4,7-8,11-12H2,1-2H3",ZVADTFDASYDPHG-UHFFFAOYSA-N,4.784900000000001,330.14989103600004
"InChI=1S/C25H31ClN2O7/c1-28(2,24-22(32)20(30)21(31)23(35-24)25(33)34)12-4-11-27-17-13-16(26)10-9-14(17)7-8-15-5-3-6-18(29)19(15)27/h3,5-6,9-10,13,20-24,30-32H,4,7-8,11-12H2,1-2H3,(H-,29,33,34)/p+1",DFDDZVUFIDTCEU-UHFFFAOYSA-O,C[N+](C)(CCCN1C2=C(C=CC=C2CCC3=C1C=C(C=C3)Cl)O)C4OC(C(O)=O)C(C(C4O)O)O,,,[C25H32ClN2O7]+,507.18980404399997,1.4836000000000031,1,1,1,BTM00042,BTM00042,N-Glucuronidation of tertiary aliphatic amine,BTMR0244,EC 2.4.1.17,HUMAN,BTM00010,CN(C)CCCN1C2=C(C=CC=C2CCC3=C1C=C(C=C3)Cl)O,"InChI=1S/C19H23ClN2O/c1-21(2)11-4-12-22-17-13-16(20)10-9-14(17)7-8-15-5-3-6-18(23)19(15)22/h3,5-6,9-10,13,23H,4,7-8,11-12H2,1-2H3",ZVADTFDASYDPHG-UHFFFAOYSA-N,4.784900000000001,330.14989103600004
"InChI=1S/C19H23ClN2O4S/c1-21(2)11-4-12-22-17-13-16(20)10-9-14(17)7-8-15-5-3-6-18(19(15)22)26-27(23,24)25/h3,5-6,9-10,13H,4,7-8,11-12H2,1-2H3,(H,23,24,25)",KBDIGPRMFKGACT-UHFFFAOYSA-N,CN(C)CCCN1C2=C(C=CC=C2CCC3=C1C=C(C=C3)Cl)OS(O)(=O)=O,,,C19H23ClN2O4S,410.106705896,4.048100000000002,0,0,0,BTM00043,BTM00043,Sulfonation of phenolic compound,BTMR1376,EC 2.8.2.1,HUMAN,BTM00010,CN(C)CCCN1C2=C(C=CC=C2CCC3=C1C=C(C=C3)Cl)O,"InChI=1S/C19H23ClN2O/c1-21(2)11-4-12-22-17-13-16(20)10-9-14(17)7-8-15-5-3-6-18(23)19(15)22/h3,5-6,9-10,13,23H,4,7-8,11-12H2,1-2H3",ZVADTFDASYDPHG-UHFFFAOYSA-N,4.784900000000001,330.14989103600004
"InChI=1S/C20H25ClN2O/c1-22(2)12-5-13-23-18-14-17(21)11-10-15(18)8-9-16-6-4-7-19(24-3)20(16)23/h4,6-7,10-11,14H,5,8-9,12-13H2,1-3H3",CFDMTBLSEDNUSN-UHFFFAOYSA-N,CN(C)CCCN1C2=C(C=CC=C2CCC3=C1C=C(C=C3)Cl)OC,,,C20H25ClN2O,344.1655411,5.035900000000001,0,0,0,BTM00044,BTM00044,Methylation of phenolic compound,BTMR1377,EC 2.1.1.25,HUMAN,BTM00010,CN(C)CCCN1C2=C(C=CC=C2CCC3=C1C=C(C=C3)Cl)O,"InChI=1S/C19H23ClN2O/c1-21(2)11-4-12-22-17-13-16(20)10-9-14(17)7-8-15-5-3-6-18(23)19(15)22/h3,5-6,9-10,13,23H,4,7-8,11-12H2,1-2H3",ZVADTFDASYDPHG-UHFFFAOYSA-N,4.784900000000001,330.14989103600004
"InChI=1S/C25H31ClN2O7/c1-27(2)10-5-11-28-17-7-4-3-6-14(17)8-9-16-18(28)12-15(26)13-19(16)34-25-22(31)20(29)21(30)23(35-25)24(32)33/h3-4,6-7,12-13,20-23,25,29-31H,5,8-11H2,1-2H3,(H,32,33)",MULYEGGSPOOWTA-UHFFFAOYSA-N,CN(C)CCCN1C2=CC=CC=C2CCC3=C1C=C(C=C3OC4OC(C(O)=O)C(C(C4O)O)O)Cl,,,C25H31ClN2O7,506.181979012,3.089400000000003,1,1,1,BTM00045,BTM00045,Aromatic OH-glucuronidation,BTMR0166,EC 2.4.1.17,HUMAN,BTM00011,CN(C)CCCN1C2=CC=CC=C2CCC3=C1C=C(C=C3O)Cl,"InChI=1S/C19H23ClN2O/c1-21(2)10-5-11-22-17-7-4-3-6-14(17)8-9-16-18(22)12-15(20)13-19(16)23/h3-4,6-7,12-13,23H,5,8-11H2,1-2H3",PFRKZFKFEDMSKC-UHFFFAOYSA-N,4.784900000000001,330.149891036
"InChI=1S/C25H31ClN2O7/c1-28(2,24-22(32)20(30)21(31)23(35-24)25(33)34)11-5-10-27-17-7-4-3-6-14(17)8-9-16-18(27)12-15(26)13-19(16)29/h3-4,6-7,12-13,20-24,30-32H,5,8-11H2,1-2H3,(H-,29,33,34)/p+1",VBMLZJDKCBVKKK-UHFFFAOYSA-O,C[N+](C)(CCCN1C2=CC=CC=C2CCC3=C1C=C(C=C3O)Cl)C4OC(C(O)=O)C(C(C4O)O)O,,,[C25H32ClN2O7]+,507.18980404399997,1.4836000000000031,1,1,1,BTM00046,BTM00046,N-Glucuronidation of tertiary aliphatic amine,BTMR0244,EC 2.4.1.17,HUMAN,BTM00011,CN(C)CCCN1C2=CC=CC=C2CCC3=C1C=C(C=C3O)Cl,"InChI=1S/C19H23ClN2O/c1-21(2)10-5-11-22-17-7-4-3-6-14(17)8-9-16-18(22)12-15(20)13-19(16)23/h3-4,6-7,12-13,23H,5,8-11H2,1-2H3",PFRKZFKFEDMSKC-UHFFFAOYSA-N,4.784900000000001,330.149891036
"InChI=1S/C19H23ClN2O4S/c1-21(2)10-5-11-22-17-7-4-3-6-14(17)8-9-16-18(22)12-15(20)13-19(16)26-27(23,24)25/h3-4,6-7,12-13H,5,8-11H2,1-2H3,(H,23,24,25)",CFSNJIVFRHRPQK-UHFFFAOYSA-N,CN(C)CCCN1C2=CC=CC=C2CCC3=C1C=C(C=C3OS(O)(=O)=O)Cl,,,C19H23ClN2O4S,410.106705896,4.048100000000002,0,0,0,BTM00047,BTM00047,Sulfonation of phenolic compound,BTMR1376,EC 2.8.2.1,HUMAN,BTM00011,CN(C)CCCN1C2=CC=CC=C2CCC3=C1C=C(C=C3O)Cl,"InChI=1S/C19H23ClN2O/c1-21(2)10-5-11-22-17-7-4-3-6-14(17)8-9-16-18(22)12-15(20)13-19(16)23/h3-4,6-7,12-13,23H,5,8-11H2,1-2H3",PFRKZFKFEDMSKC-UHFFFAOYSA-N,4.784900000000001,330.149891036
"InChI=1S/C20H25ClN2O/c1-22(2)11-6-12-23-18-8-5-4-7-15(18)9-10-17-19(23)13-16(21)14-20(17)24-3/h4-5,7-8,13-14H,6,9-12H2,1-3H3",QTYNRPWJFIVWMJ-UHFFFAOYSA-N,CN(C)CCCN1C2=CC=CC=C2CCC3=C1C=C(C=C3OC)Cl,,,C20H25ClN2O,344.16554110000004,5.035900000000001,0,0,0,BTM00048,BTM00048,Methylation of phenolic compound,BTMR1377,EC 2.1.1.25,HUMAN,BTM00011,CN(C)CCCN1C2=CC=CC=C2CCC3=C1C=C(C=C3O)Cl,"InChI=1S/C19H23ClN2O/c1-21(2)10-5-11-22-17-7-4-3-6-14(17)8-9-16-18(22)12-15(20)13-19(16)23/h3-4,6-7,12-13,23H,5,8-11H2,1-2H3",PFRKZFKFEDMSKC-UHFFFAOYSA-N,4.784900000000001,330.149891036
"InChI=1S/C25H31ClN2O7/c1-27(2)11-4-12-28-17-5-3-6-19(16(17)10-8-14-7-9-15(26)13-18(14)28)34-25-22(31)20(29)21(30)23(35-25)24(32)33/h3,5-7,9,13,20-23,25,29-31H,4,8,10-12H2,1-2H3,(H,32,33)",KLJBBCVPINUDOY-UHFFFAOYSA-N,CN(C)CCCN1C2=CC=CC(=C2CCC3=C1C=C(C=C3)Cl)OC4OC(C(O)=O)C(C(C4O)O)O,,,C25H31ClN2O7,506.181979012,3.089400000000003,1,1,1,BTM00049,BTM00049,Aromatic OH-glucuronidation,BTMR0166,EC 2.4.1.17,HUMAN,BTM00012,CN(C)CCCN1C2=CC=CC(=C2CCC3=C1C=C(C=C3)Cl)O,"InChI=1S/C19H23ClN2O/c1-21(2)11-4-12-22-17-5-3-6-19(23)16(17)10-8-14-7-9-15(20)13-18(14)22/h3,5-7,9,13,23H,4,8,10-12H2,1-2H3",INPXEQNHQVLPFN-UHFFFAOYSA-N,4.784900000000001,330.149891036
"InChI=1S/C25H31ClN2O7/c1-28(2,24-22(32)20(30)21(31)23(35-24)25(33)34)12-4-11-27-17-5-3-6-19(29)16(17)10-8-14-7-9-15(26)13-18(14)27/h3,5-7,9,13,20-24,30-32H,4,8,10-12H2,1-2H3,(H-,29,33,34)/p+1",GRXKQRVJDAMQGJ-UHFFFAOYSA-O,C[N+](C)(CCCN1C2=CC=CC(=C2CCC3=C1C=C(C=C3)Cl)O)C4OC(C(O)=O)C(C(C4O)O)O,,,[C25H32ClN2O7]+,507.18980404399997,1.4836000000000031,1,1,1,BTM00050,BTM00050,N-Glucuronidation of tertiary aliphatic amine,BTMR0244,EC 2.4.1.17,HUMAN,BTM00012,CN(C)CCCN1C2=CC=CC(=C2CCC3=C1C=C(C=C3)Cl)O,"InChI=1S/C19H23ClN2O/c1-21(2)11-4-12-22-17-5-3-6-19(23)16(17)10-8-14-7-9-15(20)13-18(14)22/h3,5-7,9,13,23H,4,8,10-12H2,1-2H3",INPXEQNHQVLPFN-UHFFFAOYSA-N,4.784900000000001,330.149891036
"InChI=1S/C19H23ClN2O4S/c1-21(2)11-4-12-22-17-5-3-6-19(26-27(23,24)25)16(17)10-8-14-7-9-15(20)13-18(14)22/h3,5-7,9,13H,4,8,10-12H2,1-2H3,(H,23,24,25)",RZNJWAJBMUHAFZ-UHFFFAOYSA-N,CN(C)CCCN1C2=CC=CC(=C2CCC3=C1C=C(C=C3)Cl)OS(O)(=O)=O,,,C19H23ClN2O4S,410.106705896,4.048100000000002,0,0,0,BTM00051,BTM00051,Sulfonation of phenolic compound,BTMR1376,EC 2.8.2.1,HUMAN,BTM00012,CN(C)CCCN1C2=CC=CC(=C2CCC3=C1C=C(C=C3)Cl)O,"InChI=1S/C19H23ClN2O/c1-21(2)11-4-12-22-17-5-3-6-19(23)16(17)10-8-14-7-9-15(20)13-18(14)22/h3,5-7,9,13,23H,4,8,10-12H2,1-2H3",INPXEQNHQVLPFN-UHFFFAOYSA-N,4.784900000000001,330.149891036
"InChI=1S/C20H25ClN2O/c1-22(2)12-5-13-23-18-6-4-7-20(24-3)17(18)11-9-15-8-10-16(21)14-19(15)23/h4,6-8,10,14H,5,9,11-13H2,1-3H3",GZIDYZJFJWIUCO-UHFFFAOYSA-N,CN(C)CCCN1C2=CC=CC(=C2CCC3=C1C=C(C=C3)Cl)OC,,,C20H25ClN2O,344.1655411,5.035900000000001,0,0,0,BTM00052,BTM00052,Methylation of phenolic compound,BTMR1377,EC 2.1.1.25,HUMAN,BTM00012,CN(C)CCCN1C2=CC=CC(=C2CCC3=C1C=C(C=C3)Cl)O,"InChI=1S/C19H23ClN2O/c1-21(2)11-4-12-22-17-5-3-6-19(23)16(17)10-8-14-7-9-15(20)13-18(14)22/h3,5-7,9,13,23H,4,8,10-12H2,1-2H3",INPXEQNHQVLPFN-UHFFFAOYSA-N,4.784900000000001,330.149891036
"InChI=1S/C17H18ClNO/c18-15-9-8-14-7-6-13-4-1-2-5-16(13)19(10-3-11-20)17(14)12-15/h1-2,4-5,8-9,12,20H,3,6-7,10-11H2",DNWJZJRHIFSKED-UHFFFAOYSA-N,C(CCN1C2=CC=CC=C2CCC3=C1C=C(C=C3)Cl)O,,,C17H18ClNO,287.10769187599993,4.374199999999999,0,0,0,BTM00053,BTM00053,Reduction of aldehyde,BTMR0367,EC 1.1.1.184,HUMAN,BTM00015,C(CCN1C2=CC=CC=C2CCC3=C1C=C(C=C3)Cl)=O,"InChI=1S/C17H16ClNO/c18-15-9-8-14-7-6-13-4-1-2-5-16(13)19(10-3-11-20)17(14)12-15/h1-2,4-5,8-9,11-12H,3,6-7,10H2",ALHXXKIGUWKTGO-UHFFFAOYSA-N,4.602899999999999,285.09204181200005
"InChI=1S/C17H16ClNO2/c18-14-8-7-13-6-5-12-3-1-2-4-15(12)19(16(13)11-14)10-9-17(20)21/h1-4,7-8,11H,5-6,9-10H2,(H,20,21)",LTLWPQWFTWQFLK-UHFFFAOYSA-N,C(CCN1C2=CC=CC=C2CCC3=C1C=C(C=C3)Cl)(=O)O,,,C17H16ClNO2,301.086956432,4.555499999999999,0,0,0,BTM00054,BTM00054,Aldehyde oxidation,BTMR0050,EC 1.2.3.1,HUMAN,BTM00015,C(CCN1C2=CC=CC=C2CCC3=C1C=C(C=C3)Cl)=O,"InChI=1S/C17H16ClNO/c18-15-9-8-14-7-6-13-4-1-2-5-16(13)19(10-3-11-20)17(14)12-15/h1-2,4-5,8-9,11-12H,3,6-7,10H2",ALHXXKIGUWKTGO-UHFFFAOYSA-N,4.602899999999999,285.09204181200005
"InChI=1S/C25H31ClN2O7/c1-28(2,24-22(32)20(30)21(31)23(35-24)25(33)34)19(29)11-12-27-17-6-4-3-5-14(17)7-8-15-9-10-16(26)13-18(15)27/h3-6,9-10,13,19-24,29-32H,7-8,11-12H2,1-2H3/p+1",KQOIHBMRWWTJQC-UHFFFAOYSA-O,C[N+](C)(C(CCN1C2=CC=CC=C2CCC3=C1C=C(C=C3)Cl)O)C4OC(C(O)=O)C(C(C4O)O)O,,,[C25H32ClN2O7]+,507.18980404399997,1.604500000000003,1,1,1,BTM00055,BTM00055,N-Glucuronidation of tertiary aliphatic amine,BTMR0244,EC 2.4.1.17,HUMAN,BTM00016,CN(C)C(CCN1C2=CC=CC=C2CCC3=C1C=C(C=C3)Cl)O,"InChI=1S/C19H23ClN2O/c1-21(2)19(23)11-12-22-17-6-4-3-5-14(17)7-8-15-9-10-16(20)13-18(15)22/h3-6,9-10,13,19,23H,7-8,11-12H2,1-2H3",GLWQMPDDTVZLAF-UHFFFAOYSA-N,4.905799999999998,330.149891036
"InChI=1S/C25H31ClN2O7/c1-28(2,24-22(32)20(30)21(31)23(35-24)25(33)34)12-11-19(29)27-17-6-4-3-5-14(17)7-8-15-9-10-16(26)13-18(15)27/h3-6,9-10,13,19-24,29-32H,7-8,11-12H2,1-2H3/p+1",HPGPXFHEMRJYQC-UHFFFAOYSA-O,C[N+](C)(CCC(N1C2=CC=CC=C2CCC3=C1C=C(C=C3)Cl)O)C4OC(C(O)=O)C(C(C4O)O)O,,,[C25H32ClN2O7]+,507.18980404399997,1.604500000000003,1,1,1,BTM00056,BTM00056,N-Glucuronidation of tertiary aliphatic amine,BTMR0244,EC 2.4.1.17,HUMAN,BTM00017,CN(C)CCC(N1C2=CC=CC=C2CCC3=C1C=C(C=C3)Cl)O,"InChI=1S/C19H23ClN2O/c1-21(2)12-11-19(23)22-17-6-4-3-5-14(17)7-8-15-9-10-16(20)13-18(15)22/h3-6,9-10,13,19,23H,7-8,11-12H2,1-2H3",XWPNMTVHZUZAAM-UHFFFAOYSA-N,4.905799999999998,330.149891036
"InChI=1S/C5H11NO2/c1-6(2,8)4-3-5-7/h5H,3-4H2,1-2H3",GPKWGLGIJSMDKT-UHFFFAOYSA-N,C[N+](C)(CCC=O)[O-],,,C5H11NO2,117.078978592,-0.3332999999999995,0,0,0,BTM00057,BTM00057,N-Oxidation of aliphatic tertiary amine,BTMR1100,"CYP1A2
CYP2D6
CYP3A4",HUMAN,BTM00002,CN(C)CCC=O,"InChI=1S/C5H11NO/c1-6(2)4-3-5-7/h5H,3-4H2,1-2H3",GSZKLTJTSQMAOD-UHFFFAOYSA-N,0.07180000000000042,101.084063972
"InChI=1S/C5H11NO2/c1-6(2)3-5(8)4-7/h4-5,8H,3H2,1-2H3",KJWQSYPEMHUDPX-UHFFFAOYSA-N,CN(C)CC(C=O)O,,,C5H11NO2,117.078978592,-0.4737000000000006,0,0,0,BTM00058,BTM00058,alpha-Hydroxylation of carbonyl group,BTMR1054,"CYP1A2
CYP2A6
CYP2B6
CYP2C8
CYP2C9
CYP2C19
CYP2D6
CYP3A4",HUMAN,BTM00002,CN(C)CCC=O,"InChI=1S/C5H11NO/c1-6(2)4-3-5-7/h5H,3-4H2,1-2H3",GSZKLTJTSQMAOD-UHFFFAOYSA-N,0.07180000000000042,101.084063972
"InChI=1S/C4H9NO/c1-5-3-2-4-6/h4-5H,2-3H2,1H3",AAOIVJJZEDSKPA-UHFFFAOYSA-N,N(C)CCC=O,,,C4H9NO,87.068413908,-0.464099999999999,0,0,0,BTM00059,BTM00059,N-Dealkylation of acyclic tertiary amine,BTMR1142,"CYP1A2
CYP2A6
CYP2B6
CYP2C8
CYP2C9
CYP2C19
CYP2D6
CYP2E1
CYP3A4",HUMAN,BTM00002,CN(C)CCC=O,"InChI=1S/C5H11NO/c1-6(2)4-3-5-7/h5H,3-4H2,1-2H3",GSZKLTJTSQMAOD-UHFFFAOYSA-N,0.07180000000000042,101.084063972
"InChI=1S/C2H7N/c1-3-2/h3H,1-2H3",ROSDSFDQCJNGOL-UHFFFAOYSA-N,CNC,,,C2H7N,45.057849223999995,-0.21580000000000035,0,0,0,BTM00014,BTM00014,N-Dealkylation of acyclic tertiary amine,BTMR1142,"CYP1A2
CYP2A6
CYP2B6
CYP2C8
CYP2C9
CYP2C19
CYP2D6
CYP2E1
CYP3A4",HUMAN,BTM00002,CN(C)CCC=O,"InChI=1S/C5H11NO/c1-6(2)4-3-5-7/h5H,3-4H2,1-2H3",GSZKLTJTSQMAOD-UHFFFAOYSA-N,0.07180000000000042,101.084063972
"InChI=1S/C3H4O2/c4-2-1-3-5/h2-3H,1H2",WSMYVTOQOOLQHP-UHFFFAOYSA-N,C(CC=O)=O,,,C3H4O2,72.021129368,-0.3500000000000001,0,0,0,BTM00060,BTM00060,N-Dealkylation of acyclic tertiary amine,BTMR1142,"CYP1A2
CYP2A6
CYP2B6
CYP2C8
CYP2C9
CYP2C19
CYP2D6
CYP2E1
CYP3A4",HUMAN,BTM00002,CN(C)CCC=O,"InChI=1S/C5H11NO/c1-6(2)4-3-5-7/h5H,3-4H2,1-2H3",GSZKLTJTSQMAOD-UHFFFAOYSA-N,0.07180000000000042,101.084063972
"InChI=1S/C5H11NO2/c1-6(2)5(8)3-4-7/h4-5,8H,3H2,1-2H3",GOXKADMCYGGOFE-UHFFFAOYSA-N,CN(C)C(CC=O)O,,,C5H11NO2,117.078978592,-0.2678999999999998,0,0,0,BTM00061,BTM00061,Aliphatic hydroxylation of carbon alpha to secondary or tertiary alkyl-N,BTMR1081,"CYP2B6
CYP2C19
CYP2D6",HUMAN,BTM00002,CN(C)CCC=O,"InChI=1S/C5H11NO/c1-6(2)4-3-5-7/h5H,3-4H2,1-2H3",GSZKLTJTSQMAOD-UHFFFAOYSA-N,0.07180000000000042,101.084063972
"InChI=1S/C14H12ClNO/c15-11-5-3-9-1-2-10-4-6-12(17)8-14(10)16-13(9)7-11/h3-8,16-17H,1-2H2",PDWXHMQGWMKGGW-UHFFFAOYSA-N,N1C2=CC(=CC=C2CCC3=C1C=C(C=C3)Cl)O,,,C14H12ClNO,245.060741684,4.3778999999999995,0,0,0,BTM00062,BTM00062,Aromatic hydroxylation of fused benzene ring,BTMR1030,"CYP1A2
CYP2A6
CYP2B6
CYP2C8
CYP2C9
CYP2C19
CYP2D6
CYP2E1
CYP3A4",HUMAN,BTM00003,N1C2=CC=CC=C2CCC3=C1C=C(C=C3)Cl,"InChI=1S/C14H12ClN/c15-12-8-7-11-6-5-10-3-1-2-4-13(10)16-14(11)9-12/h1-4,7-9,16H,5-6H2",MHUXTOYYIDFXRF-UHFFFAOYSA-N,4.645300000000001,229.065827064
"InChI=1S/C14H12ClNO/c15-11-4-3-9-1-2-10-7-12(17)5-6-13(10)16-14(9)8-11/h3-8,16-17H,1-2H2",BEUOXJAYIRYSAR-UHFFFAOYSA-N,N1C2=CC=C(C=C2CCC3=C1C=C(C=C3)Cl)O,,,C14H12ClNO,245.060741684,4.3778999999999995,0,0,0,BTM00063,BTM00063,Aromatic hydroxylation of fused benzene ring,BTMR1030,"CYP1A2
CYP2A6
CYP2B6
CYP2C8
CYP2C9
CYP2C19
CYP2D6
CYP2E1
CYP3A4",HUMAN,BTM00003,N1C2=CC=CC=C2CCC3=C1C=C(C=C3)Cl,"InChI=1S/C14H12ClN/c15-12-8-7-11-6-5-10-3-1-2-4-13(10)16-14(11)9-12/h1-4,7-9,16H,5-6H2",MHUXTOYYIDFXRF-UHFFFAOYSA-N,4.645300000000001,229.065827064
"InChI=1S/C14H12ClNO/c15-11-8-13-10(7-14(11)17)6-5-9-3-1-2-4-12(9)16-13/h1-4,7-8,16-17H,5-6H2",OGIOTQXRVIGFSZ-UHFFFAOYSA-N,N1C2=CC=CC=C2CCC3=C1C=C(C(=C3)O)Cl,,,C14H12ClNO,245.060741684,4.3778999999999995,0,0,0,BTM00064,BTM00064,Aromatic hydroxylation of fused benzene ring,BTMR1030,"CYP1A2
CYP2A6
CYP2B6
CYP2C8
CYP2C9
CYP2C19
CYP2D6
CYP2E1
CYP3A4",HUMAN,BTM00003,N1C2=CC=CC=C2CCC3=C1C=C(C=C3)Cl,"InChI=1S/C14H12ClN/c15-12-8-7-11-6-5-10-3-1-2-4-13(10)16-14(11)9-12/h1-4,7-9,16H,5-6H2",MHUXTOYYIDFXRF-UHFFFAOYSA-N,4.645300000000001,229.065827064
"InChI=1S/C14H12ClNO/c15-11-8-7-10-6-5-9-3-1-2-4-12(9)16-13(10)14(11)17/h1-4,7-8,16-17H,5-6H2",WWXCJIAODACCBF-UHFFFAOYSA-N,N1C2=CC=CC=C2CCC3=C1C(=C(C=C3)Cl)O,,,C14H12ClNO,245.060741684,4.3778999999999995,0,0,0,BTM00065,BTM00065,Aromatic hydroxylation of fused benzene ring,BTMR1031,"CYP1A2
CYP2B6
CYP2C8
CYP2C9
CYP2C19
CYP2D6
CYP3A4",HUMAN,BTM00003,N1C2=CC=CC=C2CCC3=C1C=C(C=C3)Cl,"InChI=1S/C14H12ClN/c15-12-8-7-11-6-5-10-3-1-2-4-13(10)16-14(11)9-12/h1-4,7-9,16H,5-6H2",MHUXTOYYIDFXRF-UHFFFAOYSA-N,4.645300000000001,229.065827064
"InChI=1S/C14H12ClNO/c15-11-7-6-9-4-5-10-2-1-3-13(17)14(10)16-12(9)8-11/h1-3,6-8,16-17H,4-5H2",OAVPUVDWTNTXRO-UHFFFAOYSA-N,N1C2=C(C=CC=C2CCC3=C1C=C(C=C3)Cl)O,,,C14H12ClNO,245.060741684,4.3778999999999995,0,0,0,BTM00066,BTM00066,Aromatic hydroxylation of fused benzene ring,BTMR1031,"CYP1A2
CYP2B6
CYP2C8
CYP2C9
CYP2C19
CYP2D6
CYP3A4",HUMAN,BTM00003,N1C2=CC=CC=C2CCC3=C1C=C(C=C3)Cl,"InChI=1S/C14H12ClN/c15-12-8-7-11-6-5-10-3-1-2-4-13(10)16-14(11)9-12/h1-4,7-9,16H,5-6H2",MHUXTOYYIDFXRF-UHFFFAOYSA-N,4.645300000000001,229.065827064
"InChI=1S/C14H12ClNO/c15-10-7-13-11(14(17)8-10)6-5-9-3-1-2-4-12(9)16-13/h1-4,7-8,16-17H,5-6H2",YXMLETQPYVWMSK-UHFFFAOYSA-N,N1C2=CC=CC=C2CCC3=C1C=C(C=C3O)Cl,,,C14H12ClNO,245.060741684,4.3778999999999995,0,0,0,BTM00067,BTM00067,Aromatic hydroxylation of fused benzene ring,BTMR1032,"CYP1A2
CYP2B6
CYP2C8
CYP2C9
CYP2C19
CYP2D6
CYP3A4",HUMAN,BTM00003,N1C2=CC=CC=C2CCC3=C1C=C(C=C3)Cl,"InChI=1S/C14H12ClN/c15-12-8-7-11-6-5-10-3-1-2-4-13(10)16-14(11)9-12/h1-4,7-9,16H,5-6H2",MHUXTOYYIDFXRF-UHFFFAOYSA-N,4.645300000000001,229.065827064
"InChI=1S/C14H12ClNO/c15-10-6-4-9-5-7-11-12(16-13(9)8-10)2-1-3-14(11)17/h1-4,6,8,16-17H,5,7H2",CRXYSOGLHGMSIZ-UHFFFAOYSA-N,N1C2=CC=CC(=C2CCC3=C1C=C(C=C3)Cl)O,,,C14H12ClNO,245.060741684,4.3778999999999995,0,0,0,BTM00068,BTM00068,Aromatic hydroxylation of fused benzene ring,BTMR1032,"CYP1A2
CYP2B6
CYP2C8
CYP2C9
CYP2C19
CYP2D6
CYP3A4",HUMAN,BTM00003,N1C2=CC=CC=C2CCC3=C1C=C(C=C3)Cl,"InChI=1S/C14H12ClN/c15-12-8-7-11-6-5-10-3-1-2-4-13(10)16-14(11)9-12/h1-4,7-9,16H,5-6H2",MHUXTOYYIDFXRF-UHFFFAOYSA-N,4.645300000000001,229.065827064
"InChI=1S/C5H11NO2/c1-6(2)3-5(8)4-7/h4-5,8H,3H2,1-2H3",KJWQSYPEMHUDPX-UHFFFAOYSA-N,CN(C)CC(C=O)O,,,C5H11NO2,117.078978592,-0.4737000000000006,0,0,0,BTM00058,BTM00058,N-Dealkylation of mixed tertiary amine,BTMR1145,"CYP1A2
CYP2A6
CYP2B6
CYP2C8
CYP2C9
CYP2C19
CYP2D6
CYP3A4",HUMAN,BTM00004,CN(C)CC(CN1C2=CC=CC=C2CCC3=C1C=C(C=C3)Cl)O,"InChI=1S/C19H23ClN2O/c1-21(2)12-17(23)13-22-18-6-4-3-5-14(18)7-8-15-9-10-16(20)11-19(15)22/h3-6,9-11,17,23H,7-8,12-13H2,1-2H3",WJTIYZXIOWVMFO-UHFFFAOYSA-N,4.4792000000000005,330.149891036
"InChI=1S/C14H12ClN/c15-12-8-7-11-6-5-10-3-1-2-4-13(10)16-14(11)9-12/h1-4,7-9,16H,5-6H2",MHUXTOYYIDFXRF-UHFFFAOYSA-N,N1C2=CC=CC=C2CCC3=C1C=C(C=C3)Cl,,,C14H12ClN,229.065827064,4.645300000000001,0,0,0,BTM00003,BTM00003,N-Dealkylation of mixed tertiary amine,BTMR1145,"CYP1A2
CYP2A6
CYP2B6
CYP2C8
CYP2C9
CYP2C19
CYP2D6
CYP3A4",HUMAN,BTM00004,CN(C)CC(CN1C2=CC=CC=C2CCC3=C1C=C(C=C3)Cl)O,"InChI=1S/C19H23ClN2O/c1-21(2)12-17(23)13-22-18-6-4-3-5-14(18)7-8-15-9-10-16(20)11-19(15)22/h3-6,9-11,17,23H,7-8,12-13H2,1-2H3",WJTIYZXIOWVMFO-UHFFFAOYSA-N,4.4792000000000005,330.149891036
"InChI=1S/C19H21ClN2O/c1-21(2)12-17(23)13-22-18-6-4-3-5-14(18)7-8-15-9-10-16(20)11-19(15)22/h3-6,9-11H,7-8,12-13H2,1-2H3",JXQKOCSLCLRXSU-UHFFFAOYSA-N,CN(C)CC(CN1C2=CC=CC=C2CCC3=C1C=C(C=C3)Cl)=O,,,C19H21ClN2O,328.134240972,4.7261,0,0,0,BTM00069,BTM00069,Oxidation of secondary alcohol to ketone,BTMR0079,"CYP1A2
CYP2C9
CYP2C19",HUMAN,BTM00004,CN(C)CC(CN1C2=CC=CC=C2CCC3=C1C=C(C=C3)Cl)O,"InChI=1S/C19H23ClN2O/c1-21(2)12-17(23)13-22-18-6-4-3-5-14(18)7-8-15-9-10-16(20)11-19(15)22/h3-6,9-11,17,23H,7-8,12-13H2,1-2H3",WJTIYZXIOWVMFO-UHFFFAOYSA-N,4.4792000000000005,330.149891036
"InChI=1S/C19H23ClN2O2/c1-21(2)11-17(24)12-22-18-9-15(20)7-5-13(18)3-4-14-6-8-16(23)10-19(14)22/h5-10,17,23-24H,3-4,11-12H2,1-2H3",BOVMTHFTJAEXKS-UHFFFAOYSA-N,CN(C)CC(CN1C2=CC(=CC=C2CCC3=C1C=C(C=C3)Cl)O)O,,,C19H23ClN2O2,346.144805656,4.211800000000001,0,0,0,BTM00070,BTM00070,Aromatic hydroxylation of fused benzene ring,BTMR1030,"CYP1A2
CYP2A6
CYP2B6
CYP2C8
CYP2C9
CYP2C19
CYP2D6
CYP2E1
CYP3A4",HUMAN,BTM00004,CN(C)CC(CN1C2=CC=CC=C2CCC3=C1C=C(C=C3)Cl)O,"InChI=1S/C19H23ClN2O/c1-21(2)12-17(23)13-22-18-6-4-3-5-14(18)7-8-15-9-10-16(20)11-19(15)22/h3-6,9-11,17,23H,7-8,12-13H2,1-2H3",WJTIYZXIOWVMFO-UHFFFAOYSA-N,4.4792000000000005,330.149891036
"InChI=1S/C19H23ClN2O2/c1-21(2)11-17(24)12-22-18-8-7-16(23)9-14(18)4-3-13-5-6-15(20)10-19(13)22/h5-10,17,23-24H,3-4,11-12H2,1-2H3",UGALMTFTCMHDCQ-UHFFFAOYSA-N,CN(C)CC(CN1C2=CC=C(C=C2CCC3=C1C=C(C=C3)Cl)O)O,,,C19H23ClN2O2,346.144805656,4.211800000000001,0,0,0,BTM00071,BTM00071,Aromatic hydroxylation of fused benzene ring,BTMR1030,"CYP1A2
CYP2A6
CYP2B6
CYP2C8
CYP2C9
CYP2C19
CYP2D6
CYP2E1
CYP3A4",HUMAN,BTM00004,CN(C)CC(CN1C2=CC=CC=C2CCC3=C1C=C(C=C3)Cl)O,"InChI=1S/C19H23ClN2O/c1-21(2)12-17(23)13-22-18-6-4-3-5-14(18)7-8-15-9-10-16(20)11-19(15)22/h3-6,9-11,17,23H,7-8,12-13H2,1-2H3",WJTIYZXIOWVMFO-UHFFFAOYSA-N,4.4792000000000005,330.149891036
"InChI=1S/C19H23ClN2O2/c1-21(2)11-15(23)12-22-17-6-4-3-5-13(17)7-8-14-9-19(24)16(20)10-18(14)22/h3-6,9-10,15,23-24H,7-8,11-12H2,1-2H3",QZCZHZBWBXJGSP-UHFFFAOYSA-N,CN(C)CC(CN1C2=CC=CC=C2CCC3=C1C=C(C(=C3)O)Cl)O,,,C19H23ClN2O2,346.144805656,4.211800000000001,0,0,0,BTM00072,BTM00072,Aromatic hydroxylation of fused benzene ring,BTMR1030,"CYP1A2
CYP2A6
CYP2B6
CYP2C8
CYP2C9
CYP2C19
CYP2D6
CYP2E1
CYP3A4",HUMAN,BTM00004,CN(C)CC(CN1C2=CC=CC=C2CCC3=C1C=C(C=C3)Cl)O,"InChI=1S/C19H23ClN2O/c1-21(2)12-17(23)13-22-18-6-4-3-5-14(18)7-8-15-9-10-16(20)11-19(15)22/h3-6,9-11,17,23H,7-8,12-13H2,1-2H3",WJTIYZXIOWVMFO-UHFFFAOYSA-N,4.4792000000000005,330.149891036
"InChI=1S/C19H23ClN2O2/c1-22(2,24)13-17(23)12-21-18-6-4-3-5-14(18)7-8-15-9-10-16(20)11-19(15)21/h3-6,9-11,17,23H,7-8,12-13H2,1-2H3",NNVCJSGQFAFNQY-UHFFFAOYSA-N,C[N+](C)(CC(CN1C2=CC=CC=C2CCC3=C1C=C(C=C3)Cl)O)[O-],,,C19H23ClN2O2,346.144805656,4.0741000000000005,0,0,0,BTM00073,BTM00073,N-Oxidation of aliphatic tertiary amine,BTMR1100,"CYP1A2
CYP2D6
CYP3A4",HUMAN,BTM00004,CN(C)CC(CN1C2=CC=CC=C2CCC3=C1C=C(C=C3)Cl)O,"InChI=1S/C19H23ClN2O/c1-21(2)12-17(23)13-22-18-6-4-3-5-14(18)7-8-15-9-10-16(20)11-19(15)22/h3-6,9-11,17,23H,7-8,12-13H2,1-2H3",WJTIYZXIOWVMFO-UHFFFAOYSA-N,4.4792000000000005,330.149891036
"InChI=1S/C19H23ClN2O2/c1-21(2)11-15(23)12-22-17-6-4-3-5-13(17)7-8-14-9-10-16(20)19(24)18(14)22/h3-6,9-10,15,23-24H,7-8,11-12H2,1-2H3",RNPXEZWNSPPFNG-UHFFFAOYSA-N,CN(C)CC(CN1C2=CC=CC=C2CCC3=C1C(=C(C=C3)Cl)O)O,,,C19H23ClN2O2,346.144805656,4.211800000000001,0,0,0,BTM00074,BTM00074,Aromatic hydroxylation of fused benzene ring,BTMR1031,"CYP1A2
CYP2B6
CYP2C8
CYP2C9
CYP2C19
CYP2D6
CYP3A4",HUMAN,BTM00004,CN(C)CC(CN1C2=CC=CC=C2CCC3=C1C=C(C=C3)Cl)O,"InChI=1S/C19H23ClN2O/c1-21(2)12-17(23)13-22-18-6-4-3-5-14(18)7-8-15-9-10-16(20)11-19(15)22/h3-6,9-11,17,23H,7-8,12-13H2,1-2H3",WJTIYZXIOWVMFO-UHFFFAOYSA-N,4.4792000000000005,330.149891036
"InChI=1S/C19H23ClN2O2/c1-21(2)11-16(23)12-22-17-10-15(20)9-8-13(17)6-7-14-4-3-5-18(24)19(14)22/h3-5,8-10,16,23-24H,6-7,11-12H2,1-2H3",AHLQXGBLOTWCBE-UHFFFAOYSA-N,CN(C)CC(CN1C2=C(C=CC=C2CCC3=C1C=C(C=C3)Cl)O)O,,,C19H23ClN2O2,346.144805656,4.211800000000001,0,0,0,BTM00075,BTM00075,Aromatic hydroxylation of fused benzene ring,BTMR1031,"CYP1A2
CYP2B6
CYP2C8
CYP2C9
CYP2C19
CYP2D6
CYP3A4",HUMAN,BTM00004,CN(C)CC(CN1C2=CC=CC=C2CCC3=C1C=C(C=C3)Cl)O,"InChI=1S/C19H23ClN2O/c1-21(2)12-17(23)13-22-18-6-4-3-5-14(18)7-8-15-9-10-16(20)11-19(15)22/h3-6,9-11,17,23H,7-8,12-13H2,1-2H3",WJTIYZXIOWVMFO-UHFFFAOYSA-N,4.4792000000000005,330.149891036
"InChI=1S/C19H23ClN2O2/c1-21(2)11-15(23)12-22-17-6-4-3-5-13(17)7-8-16-18(22)9-14(20)10-19(16)24/h3-6,9-10,15,23-24H,7-8,11-12H2,1-2H3",JZZQXCQOHDPZMI-UHFFFAOYSA-N,CN(C)CC(CN1C2=CC=CC=C2CCC3=C1C=C(C=C3O)Cl)O,,,C19H23ClN2O2,346.144805656,4.211800000000001,0,0,0,BTM00076,BTM00076,Aromatic hydroxylation of fused benzene ring,BTMR1032,"CYP1A2
CYP2B6
CYP2C8
CYP2C9
CYP2C19
CYP2D6
CYP3A4",HUMAN,BTM00004,CN(C)CC(CN1C2=CC=CC=C2CCC3=C1C=C(C=C3)Cl)O,"InChI=1S/C19H23ClN2O/c1-21(2)12-17(23)13-22-18-6-4-3-5-14(18)7-8-15-9-10-16(20)11-19(15)22/h3-6,9-11,17,23H,7-8,12-13H2,1-2H3",WJTIYZXIOWVMFO-UHFFFAOYSA-N,4.4792000000000005,330.149891036
"InChI=1S/C19H23ClN2O2/c1-21(2)11-15(23)12-22-17-4-3-5-19(24)16(17)9-7-13-6-8-14(20)10-18(13)22/h3-6,8,10,15,23-24H,7,9,11-12H2,1-2H3",XHCWQVRXEZMFPO-UHFFFAOYSA-N,CN(C)CC(CN1C2=CC=CC(=C2CCC3=C1C=C(C=C3)Cl)O)O,,,C19H23ClN2O2,346.144805656,4.211800000000001,0,0,0,BTM00077,BTM00077,Aromatic hydroxylation of fused benzene ring,BTMR1032,"CYP1A2
CYP2B6
CYP2C8
CYP2C9
CYP2C19
CYP2D6
CYP3A4",HUMAN,BTM00004,CN(C)CC(CN1C2=CC=CC=C2CCC3=C1C=C(C=C3)Cl)O,"InChI=1S/C19H23ClN2O/c1-21(2)12-17(23)13-22-18-6-4-3-5-14(18)7-8-15-9-10-16(20)11-19(15)22/h3-6,9-11,17,23H,7-8,12-13H2,1-2H3",WJTIYZXIOWVMFO-UHFFFAOYSA-N,4.4792000000000005,330.149891036
"InChI=1S/C18H21ClN2O/c1-20-11-16(22)12-21-17-5-3-2-4-13(17)6-7-14-8-9-15(19)10-18(14)21/h2-5,8-10,16,20,22H,6-7,11-12H2,1H3",YVLVGHGHVBOYGD-UHFFFAOYSA-N,N(C)CC(CN1C2=CC=CC=C2CCC3=C1C=C(C=C3)Cl)O,,,C18H21ClN2O,316.13424097200004,3.9432999999999976,0,0,0,BTM00078,BTM00078,N-Dealkylation of acyclic tertiary amine,BTMR1142,"CYP1A2
CYP2A6
CYP2B6
CYP2C8
CYP2C9
CYP2C19
CYP2D6
CYP2E1
CYP3A4",HUMAN,BTM00004,CN(C)CC(CN1C2=CC=CC=C2CCC3=C1C=C(C=C3)Cl)O,"InChI=1S/C19H23ClN2O/c1-21(2)12-17(23)13-22-18-6-4-3-5-14(18)7-8-15-9-10-16(20)11-19(15)22/h3-6,9-11,17,23H,7-8,12-13H2,1-2H3",WJTIYZXIOWVMFO-UHFFFAOYSA-N,4.4792000000000005,330.149891036
"InChI=1S/C2H7N/c1-3-2/h3H,1-2H3",ROSDSFDQCJNGOL-UHFFFAOYSA-N,CNC,,,C2H7N,45.057849223999995,-0.21580000000000035,0,0,0,BTM00014,BTM00014,N-Dealkylation of acyclic tertiary amine,BTMR1142,"CYP1A2
CYP2A6
CYP2B6
CYP2C8
CYP2C9
CYP2C19
CYP2D6
CYP2E1
CYP3A4",HUMAN,BTM00004,CN(C)CC(CN1C2=CC=CC=C2CCC3=C1C=C(C=C3)Cl)O,"InChI=1S/C19H23ClN2O/c1-21(2)12-17(23)13-22-18-6-4-3-5-14(18)7-8-15-9-10-16(20)11-19(15)22/h3-6,9-11,17,23H,7-8,12-13H2,1-2H3",WJTIYZXIOWVMFO-UHFFFAOYSA-N,4.4792000000000005,330.149891036
"InChI=1S/C17H16ClNO2/c18-14-8-7-13-6-5-12-3-1-2-4-16(12)19(17(13)9-14)10-15(21)11-20/h1-4,7-9,11,15,21H,5-6,10H2",MNSXUFQJWSGTAW-UHFFFAOYSA-N,C(C(CN1C2=CC=CC=C2CCC3=C1C=C(C=C3)Cl)O)=O,,,C17H16ClNO2,301.086956432,4.0574,0,0,0,BTM00079,BTM00079,N-Dealkylation of acyclic tertiary amine,BTMR1142,"CYP1A2
CYP2A6
CYP2B6
CYP2C8
CYP2C9
CYP2C19
CYP2D6
CYP2E1
CYP3A4",HUMAN,BTM00004,CN(C)CC(CN1C2=CC=CC=C2CCC3=C1C=C(C=C3)Cl)O,"InChI=1S/C19H23ClN2O/c1-21(2)12-17(23)13-22-18-6-4-3-5-14(18)7-8-15-9-10-16(20)11-19(15)22/h3-6,9-11,17,23H,7-8,12-13H2,1-2H3",WJTIYZXIOWVMFO-UHFFFAOYSA-N,4.4792000000000005,330.149891036
"InChI=1S/C19H23ClN2O2/c1-21(2)19(24)18(23)12-22-16-6-4-3-5-13(16)7-8-14-9-10-15(20)11-17(14)22/h3-6,9-11,18-19,23-24H,7-8,12H2,1-2H3",BJMSWMWMSKZBAU-UHFFFAOYSA-N,CN(C)C(C(CN1C2=CC=CC=C2CCC3=C1C=C(C=C3)Cl)O)O,,,C19H23ClN2O2,346.144805656,4.139500000000001,0,0,0,BTM00080,BTM00080,Aliphatic hydroxylation of carbon alpha to secondary or tertiary alkyl-N,BTMR1081,"CYP2B6
CYP2C19
CYP2D6",HUMAN,BTM00004,CN(C)CC(CN1C2=CC=CC=C2CCC3=C1C=C(C=C3)Cl)O,"InChI=1S/C19H23ClN2O/c1-21(2)12-17(23)13-22-18-6-4-3-5-14(18)7-8-15-9-10-16(20)11-19(15)22/h3-6,9-11,17,23H,7-8,12-13H2,1-2H3",WJTIYZXIOWVMFO-UHFFFAOYSA-N,4.4792000000000005,330.149891036
"InChI=1S/C19H23ClN2O2/c1-21(2)12-18(23)19(24)22-16-6-4-3-5-13(16)7-8-14-9-10-15(20)11-17(14)22/h3-6,9-11,18-19,23-24H,7-8,12H2,1-2H3",SLRSNOSFXONTOS-UHFFFAOYSA-N,CN(C)CC(C(N1C2=CC=CC=C2CCC3=C1C=C(C=C3)Cl)O)O,,,C19H23ClN2O2,346.144805656,4.139500000000001,0,0,0,BTM00081,BTM00081,Aliphatic hydroxylation of carbon alpha to secondary or tertiary alkyl-N,BTMR1081,"CYP2B6
CYP2C19
CYP2D6",HUMAN,BTM00004,CN(C)CC(CN1C2=CC=CC=C2CCC3=C1C=C(C=C3)Cl)O,"InChI=1S/C19H23ClN2O/c1-21(2)12-17(23)13-22-18-6-4-3-5-14(18)7-8-15-9-10-16(20)11-19(15)22/h3-6,9-11,17,23H,7-8,12-13H2,1-2H3",WJTIYZXIOWVMFO-UHFFFAOYSA-N,4.4792000000000005,330.149891036
"InChI=1S/C5H11NO/c1-6(2)4-3-5-7/h5H,3-4H2,1-2H3",GSZKLTJTSQMAOD-UHFFFAOYSA-N,CN(C)CCC=O,,,C5H11NO,101.084063972,0.07180000000000042,0,0,0,BTM00002,BTM00002,N-Dealkylation of mixed tertiary amine,BTMR1145,"CYP1A2
CYP2A6
CYP2B6
CYP2C8
CYP2C9
CYP2C19
CYP2D6
CYP3A4",HUMAN,BTM00005,CN(C)CCCN1C2=CC(=CC=C2CCC3=C1C=C(C=C3)Cl)O,"InChI=1S/C19H23ClN2O/c1-21(2)10-3-11-22-18-12-16(20)8-6-14(18)4-5-15-7-9-17(23)13-19(15)22/h6-9,12-13,23H,3-5,10-11H2,1-2H3",JITVOZUVEGAKJW-UHFFFAOYSA-N,4.784900000000001,330.149891036
"InChI=1S/C14H12ClNO/c15-11-5-3-9-1-2-10-4-6-12(17)8-14(10)16-13(9)7-11/h3-8,16-17H,1-2H2",PDWXHMQGWMKGGW-UHFFFAOYSA-N,N1C2=CC(=CC=C2CCC3=C1C=C(C=C3)Cl)O,,,C14H12ClNO,245.060741684,4.3778999999999995,0,0,0,BTM00062,BTM00062,N-Dealkylation of mixed tertiary amine,BTMR1145,"CYP1A2
CYP2A6
CYP2B6
CYP2C8
CYP2C9
CYP2C19
CYP2D6
CYP3A4",HUMAN,BTM00005,CN(C)CCCN1C2=CC(=CC=C2CCC3=C1C=C(C=C3)Cl)O,"InChI=1S/C19H23ClN2O/c1-21(2)10-3-11-22-18-12-16(20)8-6-14(18)4-5-15-7-9-17(23)13-19(15)22/h6-9,12-13,23H,3-5,10-11H2,1-2H3",JITVOZUVEGAKJW-UHFFFAOYSA-N,4.784900000000001,330.149891036
"InChI=1S/C19H23ClN2O2/c1-21(2)11-17(24)12-22-18-9-15(20)7-5-13(18)3-4-14-6-8-16(23)10-19(14)22/h5-10,17,23-24H,3-4,11-12H2,1-2H3",BOVMTHFTJAEXKS-UHFFFAOYSA-N,CN(C)CC(CN1C2=CC(=CC=C2CCC3=C1C=C(C=C3)Cl)O)O,,,C19H23ClN2O2,346.144805656,4.211800000000001,0,0,0,BTM00070,BTM00070,Hydroxylation of acyclic aliphatic secondary carbon,BTMR1063,"CYP1A2
CYP2A6
CYP2B6
CYP2C9
CYP2E1
CYP3A4",HUMAN,BTM00005,CN(C)CCCN1C2=CC(=CC=C2CCC3=C1C=C(C=C3)Cl)O,"InChI=1S/C19H23ClN2O/c1-21(2)10-3-11-22-18-12-16(20)8-6-14(18)4-5-15-7-9-17(23)13-19(15)22/h6-9,12-13,23H,3-5,10-11H2,1-2H3",JITVOZUVEGAKJW-UHFFFAOYSA-N,4.784900000000001,330.149891036
"InChI=1S/C19H23ClN2O2/c1-21(2)8-3-9-22-16-11-15(20)7-6-13(16)4-5-14-10-18(23)19(24)12-17(14)22/h6-7,10-12,23-24H,3-5,8-9H2,1-2H3",MMXOODBPOHCPSV-UHFFFAOYSA-N,CN(C)CCCN1C2=CC(=C(C=C2CCC3=C1C=C(C=C3)Cl)O)O,,,C19H23ClN2O2,346.144805656,4.517500000000001,0,0,0,BTM00082,BTM00082,Aromatic hydroxylation of fused benzene ring,BTMR1030,"CYP1A2
CYP2A6
CYP2B6
CYP2C8
CYP2C9
CYP2C19
CYP2D6
CYP2E1
CYP3A4",HUMAN,BTM00005,CN(C)CCCN1C2=CC(=CC=C2CCC3=C1C=C(C=C3)Cl)O,"InChI=1S/C19H23ClN2O/c1-21(2)10-3-11-22-18-12-16(20)8-6-14(18)4-5-15-7-9-17(23)13-19(15)22/h6-9,12-13,23H,3-5,10-11H2,1-2H3",JITVOZUVEGAKJW-UHFFFAOYSA-N,4.784900000000001,330.149891036
"InChI=1S/C19H23ClN2O2/c1-21(2)8-3-9-22-17-11-15(23)7-6-13(17)4-5-14-10-19(24)16(20)12-18(14)22/h6-7,10-12,23-24H,3-5,8-9H2,1-2H3",KVXCUPMPUJNLFI-UHFFFAOYSA-N,CN(C)CCCN1C2=CC(=CC=C2CCC3=C1C=C(C(=C3)O)Cl)O,,,C19H23ClN2O2,346.14480565599996,4.517500000000001,0,0,0,BTM00083,BTM00083,Aromatic hydroxylation of fused benzene ring,BTMR1030,"CYP1A2
CYP2A6
CYP2B6
CYP2C8
CYP2C9
CYP2C19
CYP2D6
CYP2E1
CYP3A4",HUMAN,BTM00005,CN(C)CCCN1C2=CC(=CC=C2CCC3=C1C=C(C=C3)Cl)O,"InChI=1S/C19H23ClN2O/c1-21(2)10-3-11-22-18-12-16(20)8-6-14(18)4-5-15-7-9-17(23)13-19(15)22/h6-9,12-13,23H,3-5,10-11H2,1-2H3",JITVOZUVEGAKJW-UHFFFAOYSA-N,4.784900000000001,330.149891036
"InChI=1S/C19H23ClN2O2/c1-22(2,24)11-3-10-21-18-12-16(20)8-6-14(18)4-5-15-7-9-17(23)13-19(15)21/h6-9,12-13,23H,3-5,10-11H2,1-2H3",LQKJRBFXEYFQTQ-UHFFFAOYSA-N,C[N+](C)(CCCN1C2=CC(=CC=C2CCC3=C1C=C(C=C3)Cl)O)[O-],,,C19H23ClN2O2,346.144805656,4.379800000000001,0,0,0,BTM00084,BTM00084,N-Oxidation of aliphatic tertiary amine,BTMR1100,"CYP1A2
CYP2D6
CYP3A4",HUMAN,BTM00005,CN(C)CCCN1C2=CC(=CC=C2CCC3=C1C=C(C=C3)Cl)O,"InChI=1S/C19H23ClN2O/c1-21(2)10-3-11-22-18-12-16(20)8-6-14(18)4-5-15-7-9-17(23)13-19(15)22/h6-9,12-13,23H,3-5,10-11H2,1-2H3",JITVOZUVEGAKJW-UHFFFAOYSA-N,4.784900000000001,330.149891036
"InChI=1S/C19H23ClN2O2/c1-21(2)8-3-9-22-17-12-15(23)6-4-13(17)5-7-16-18(22)10-14(20)11-19(16)24/h4,6,10-12,23-24H,3,5,7-9H2,1-2H3",MMCFWYBQBHFKKQ-UHFFFAOYSA-N,CN(C)CCCN1C2=CC(=CC=C2CCC3=C1C=C(C=C3O)Cl)O,,,C19H23ClN2O2,346.144805656,4.517500000000001,0,0,0,BTM00085,BTM00085,Aromatic hydroxylation of fused benzene ring,BTMR1032,"CYP1A2
CYP2B6
CYP2C8
CYP2C9
CYP2C19
CYP2D6
CYP3A4",HUMAN,BTM00005,CN(C)CCCN1C2=CC(=CC=C2CCC3=C1C=C(C=C3)Cl)O,"InChI=1S/C19H23ClN2O/c1-21(2)10-3-11-22-18-12-16(20)8-6-14(18)4-5-15-7-9-17(23)13-19(15)22/h6-9,12-13,23H,3-5,10-11H2,1-2H3",JITVOZUVEGAKJW-UHFFFAOYSA-N,4.784900000000001,330.149891036
"InChI=1S/C19H23ClN2O2/c1-21(2)8-3-9-22-17-10-14(20)6-4-13(17)5-7-16-18(22)11-15(23)12-19(16)24/h4,6,10-12,23-24H,3,5,7-9H2,1-2H3",GDRONXANLHUEDH-UHFFFAOYSA-N,CN(C)CCCN1C2=CC(=CC(=C2CCC3=C1C=C(C=C3)Cl)O)O,,,C19H23ClN2O2,346.144805656,4.517500000000001,0,0,0,BTM00086,BTM00086,Aromatic hydroxylation of fused benzene ring,BTMR1032,"CYP1A2
CYP2B6
CYP2C8
CYP2C9
CYP2C19
CYP2D6
CYP3A4",HUMAN,BTM00005,CN(C)CCCN1C2=CC(=CC=C2CCC3=C1C=C(C=C3)Cl)O,"InChI=1S/C19H23ClN2O/c1-21(2)10-3-11-22-18-12-16(20)8-6-14(18)4-5-15-7-9-17(23)13-19(15)22/h6-9,12-13,23H,3-5,10-11H2,1-2H3",JITVOZUVEGAKJW-UHFFFAOYSA-N,4.784900000000001,330.149891036
"InChI=1S/C19H23ClN2O2/c1-21(2)10-3-11-22-17-12-15(23)8-6-13(17)4-5-14-7-9-16(20)19(24)18(14)22/h6-9,12,23-24H,3-5,10-11H2,1-2H3",ZESFBNLLTBTZTD-UHFFFAOYSA-N,CN(C)CCCN1C2=CC(=CC=C2CCC3=C1C(=C(C=C3)Cl)O)O,,,C19H23ClN2O2,346.144805656,4.517500000000001,0,0,0,BTM00087,BTM00087,Hydroxylation of aromatic carbon ortho to halide group,BTMR1040,"CYP1A2
CYP2A6
CYP2B6
CYP2C8
CYP2C9
CYP2C19
CYP2D6
CYP2E1
CYP3A4",HUMAN,BTM00005,CN(C)CCCN1C2=CC(=CC=C2CCC3=C1C=C(C=C3)Cl)O,"InChI=1S/C19H23ClN2O/c1-21(2)10-3-11-22-18-12-16(20)8-6-14(18)4-5-15-7-9-17(23)13-19(15)22/h6-9,12-13,23H,3-5,10-11H2,1-2H3",JITVOZUVEGAKJW-UHFFFAOYSA-N,4.784900000000001,330.149891036
"InChI=1S/C19H23ClN2O2/c1-21(2)8-3-9-22-17-11-15(23)7-6-13(17)4-5-14-10-19(24)16(20)12-18(14)22/h6-7,10-12,23-24H,3-5,8-9H2,1-2H3",KVXCUPMPUJNLFI-UHFFFAOYSA-N,CN(C)CCCN1C2=CC(=CC=C2CCC3=C1C=C(C(=C3)O)Cl)O,,,C19H23ClN2O2,346.14480565599996,4.517500000000001,0,0,0,BTM00083,BTM00083,Hydroxylation of aromatic carbon ortho to halide group,BTMR1040,"CYP1A2
CYP2A6
CYP2B6
CYP2C8
CYP2C9
CYP2C19
CYP2D6
CYP2E1
CYP3A4",HUMAN,BTM00005,CN(C)CCCN1C2=CC(=CC=C2CCC3=C1C=C(C=C3)Cl)O,"InChI=1S/C19H23ClN2O/c1-21(2)10-3-11-22-18-12-16(20)8-6-14(18)4-5-15-7-9-17(23)13-19(15)22/h6-9,12-13,23H,3-5,10-11H2,1-2H3",JITVOZUVEGAKJW-UHFFFAOYSA-N,4.784900000000001,330.149891036
"InChI=1S/C18H21ClN2O/c1-20-9-2-10-21-17-11-15(19)7-5-13(17)3-4-14-6-8-16(22)12-18(14)21/h5-8,11-12,20,22H,2-4,9-10H2,1H3",GKPAKXYAQBAYCP-UHFFFAOYSA-N,N(C)CCCN1C2=CC(=CC=C2CCC3=C1C=C(C=C3)Cl)O,,,C18H21ClN2O,316.134240972,4.249000000000002,0,0,0,BTM00088,BTM00088,N-Dealkylation of acyclic tertiary amine,BTMR1142,"CYP1A2
CYP2A6
CYP2B6
CYP2C8
CYP2C9
CYP2C19
CYP2D6
CYP2E1
CYP3A4",HUMAN,BTM00005,CN(C)CCCN1C2=CC(=CC=C2CCC3=C1C=C(C=C3)Cl)O,"InChI=1S/C19H23ClN2O/c1-21(2)10-3-11-22-18-12-16(20)8-6-14(18)4-5-15-7-9-17(23)13-19(15)22/h6-9,12-13,23H,3-5,10-11H2,1-2H3",JITVOZUVEGAKJW-UHFFFAOYSA-N,4.784900000000001,330.149891036
"InChI=1S/C2H7N/c1-3-2/h3H,1-2H3",ROSDSFDQCJNGOL-UHFFFAOYSA-N,CNC,,,C2H7N,45.057849223999995,-0.21580000000000035,0,0,0,BTM00014,BTM00014,N-Dealkylation of acyclic tertiary amine,BTMR1142,"CYP1A2
CYP2A6
CYP2B6
CYP2C8
CYP2C9
CYP2C19
CYP2D6
CYP2E1
CYP3A4",HUMAN,BTM00005,CN(C)CCCN1C2=CC(=CC=C2CCC3=C1C=C(C=C3)Cl)O,"InChI=1S/C19H23ClN2O/c1-21(2)10-3-11-22-18-12-16(20)8-6-14(18)4-5-15-7-9-17(23)13-19(15)22/h6-9,12-13,23H,3-5,10-11H2,1-2H3",JITVOZUVEGAKJW-UHFFFAOYSA-N,4.784900000000001,330.149891036
"InChI=1S/C17H16ClNO2/c18-14-6-4-12-2-3-13-5-7-15(21)11-17(13)19(8-1-9-20)16(12)10-14/h4-7,9-11,21H,1-3,8H2",DFGLXYWWSMULMH-UHFFFAOYSA-N,C(CCN1C2=CC(=CC=C2CCC3=C1C=C(C=C3)Cl)O)=O,,,C17H16ClNO2,301.086956432,4.335499999999999,0,0,0,BTM00089,BTM00089,N-Dealkylation of acyclic tertiary amine,BTMR1142,"CYP1A2
CYP2A6
CYP2B6
CYP2C8
CYP2C9
CYP2C19
CYP2D6
CYP2E1
CYP3A4",HUMAN,BTM00005,CN(C)CCCN1C2=CC(=CC=C2CCC3=C1C=C(C=C3)Cl)O,"InChI=1S/C19H23ClN2O/c1-21(2)10-3-11-22-18-12-16(20)8-6-14(18)4-5-15-7-9-17(23)13-19(15)22/h6-9,12-13,23H,3-5,10-11H2,1-2H3",JITVOZUVEGAKJW-UHFFFAOYSA-N,4.784900000000001,330.149891036
"InChI=1S/C19H23ClN2O2/c1-21(2)19(24)9-10-22-17-11-15(20)7-5-13(17)3-4-14-6-8-16(23)12-18(14)22/h5-8,11-12,19,23-24H,3-4,9-10H2,1-2H3",RJYXIIKLLRTUBD-UHFFFAOYSA-N,CN(C)C(CCN1C2=CC(=CC=C2CCC3=C1C=C(C=C3)Cl)O)O,,,C19H23ClN2O2,346.144805656,4.6384000000000025,0,0,0,BTM00090,BTM00090,Aliphatic hydroxylation of carbon alpha to secondary or tertiary alkyl-N,BTMR1081,"CYP2B6
CYP2C19
CYP2D6",HUMAN,BTM00005,CN(C)CCCN1C2=CC(=CC=C2CCC3=C1C=C(C=C3)Cl)O,"InChI=1S/C19H23ClN2O/c1-21(2)10-3-11-22-18-12-16(20)8-6-14(18)4-5-15-7-9-17(23)13-19(15)22/h6-9,12-13,23H,3-5,10-11H2,1-2H3",JITVOZUVEGAKJW-UHFFFAOYSA-N,4.784900000000001,330.149891036
"InChI=1S/C19H23ClN2O2/c1-21(2)10-9-19(24)22-17-11-15(20)7-5-13(17)3-4-14-6-8-16(23)12-18(14)22/h5-8,11-12,19,23-24H,3-4,9-10H2,1-2H3",VIAMFHXVVGAKEY-UHFFFAOYSA-N,CN(C)CCC(N1C2=CC(=CC=C2CCC3=C1C=C(C=C3)Cl)O)O,,,C19H23ClN2O2,346.144805656,4.6384000000000025,0,0,0,BTM00091,BTM00091,Aliphatic hydroxylation of carbon alpha to secondary or tertiary alkyl-N,BTMR1081,"CYP2B6
CYP2C19
CYP2D6",HUMAN,BTM00005,CN(C)CCCN1C2=CC(=CC=C2CCC3=C1C=C(C=C3)Cl)O,"InChI=1S/C19H23ClN2O/c1-21(2)10-3-11-22-18-12-16(20)8-6-14(18)4-5-15-7-9-17(23)13-19(15)22/h6-9,12-13,23H,3-5,10-11H2,1-2H3",JITVOZUVEGAKJW-UHFFFAOYSA-N,4.784900000000001,330.149891036
"InChI=1S/C5H11NO/c1-6(2)4-3-5-7/h5H,3-4H2,1-2H3",GSZKLTJTSQMAOD-UHFFFAOYSA-N,CN(C)CCC=O,,,C5H11NO,101.084063972,0.07180000000000042,0,0,0,BTM00002,BTM00002,N-Dealkylation of mixed tertiary amine,BTMR1145,"CYP1A2
CYP2A6
CYP2B6
CYP2C8
CYP2C9
CYP2C19
CYP2D6
CYP3A4",HUMAN,BTM00006,CN(C)CCCN1C2=CC=C(C=C2CCC3=C1C=C(C=C3)Cl)O,"InChI=1S/C19H23ClN2O/c1-21(2)10-3-11-22-18-9-8-17(23)12-15(18)5-4-14-6-7-16(20)13-19(14)22/h6-9,12-13,23H,3-5,10-11H2,1-2H3",PVKACZKLKCTAHR-UHFFFAOYSA-N,4.784900000000001,330.149891036
"InChI=1S/C14H12ClNO/c15-11-4-3-9-1-2-10-7-12(17)5-6-13(10)16-14(9)8-11/h3-8,16-17H,1-2H2",BEUOXJAYIRYSAR-UHFFFAOYSA-N,N1C2=CC=C(C=C2CCC3=C1C=C(C=C3)Cl)O,,,C14H12ClNO,245.060741684,4.3778999999999995,0,0,0,BTM00063,BTM00063,N-Dealkylation of mixed tertiary amine,BTMR1145,"CYP1A2
CYP2A6
CYP2B6
CYP2C8
CYP2C9
CYP2C19
CYP2D6
CYP3A4",HUMAN,BTM00006,CN(C)CCCN1C2=CC=C(C=C2CCC3=C1C=C(C=C3)Cl)O,"InChI=1S/C19H23ClN2O/c1-21(2)10-3-11-22-18-9-8-17(23)12-15(18)5-4-14-6-7-16(20)13-19(14)22/h6-9,12-13,23H,3-5,10-11H2,1-2H3",PVKACZKLKCTAHR-UHFFFAOYSA-N,4.784900000000001,330.149891036
"InChI=1S/C19H23ClN2O2/c1-21(2)11-17(24)12-22-18-8-7-16(23)9-14(18)4-3-13-5-6-15(20)10-19(13)22/h5-10,17,23-24H,3-4,11-12H2,1-2H3",UGALMTFTCMHDCQ-UHFFFAOYSA-N,CN(C)CC(CN1C2=CC=C(C=C2CCC3=C1C=C(C=C3)Cl)O)O,,,C19H23ClN2O2,346.144805656,4.211800000000001,0,0,0,BTM00071,BTM00071,Hydroxylation of acyclic aliphatic secondary carbon,BTMR1063,"CYP1A2
CYP2A6
CYP2B6
CYP2C9
CYP2E1
CYP3A4",HUMAN,BTM00006,CN(C)CCCN1C2=CC=C(C=C2CCC3=C1C=C(C=C3)Cl)O,"InChI=1S/C19H23ClN2O/c1-21(2)10-3-11-22-18-9-8-17(23)12-15(18)5-4-14-6-7-16(20)13-19(14)22/h6-9,12-13,23H,3-5,10-11H2,1-2H3",PVKACZKLKCTAHR-UHFFFAOYSA-N,4.784900000000001,330.149891036
"InChI=1S/C19H23ClN2O2/c1-21(2)8-3-9-22-16-11-15(20)7-6-13(16)4-5-14-10-18(23)19(24)12-17(14)22/h6-7,10-12,23-24H,3-5,8-9H2,1-2H3",MMXOODBPOHCPSV-UHFFFAOYSA-N,CN(C)CCCN1C2=CC(=C(C=C2CCC3=C1C=C(C=C3)Cl)O)O,,,C19H23ClN2O2,346.144805656,4.517500000000001,0,0,0,BTM00082,BTM00082,Aromatic hydroxylation of fused benzene ring,BTMR1030,"CYP1A2
CYP2A6
CYP2B6
CYP2C8
CYP2C9
CYP2C19
CYP2D6
CYP2E1
CYP3A4",HUMAN,BTM00006,CN(C)CCCN1C2=CC=C(C=C2CCC3=C1C=C(C=C3)Cl)O,"InChI=1S/C19H23ClN2O/c1-21(2)10-3-11-22-18-9-8-17(23)12-15(18)5-4-14-6-7-16(20)13-19(14)22/h6-9,12-13,23H,3-5,10-11H2,1-2H3",PVKACZKLKCTAHR-UHFFFAOYSA-N,4.784900000000001,330.149891036
"InChI=1S/C19H23ClN2O2/c1-21(2)8-3-9-22-17-7-6-15(23)10-13(17)4-5-14-11-19(24)16(20)12-18(14)22/h6-7,10-12,23-24H,3-5,8-9H2,1-2H3",VPJCYIHRXVFNOQ-UHFFFAOYSA-N,CN(C)CCCN1C2=CC=C(C=C2CCC3=C1C=C(C(=C3)O)Cl)O,,,C19H23ClN2O2,346.144805656,4.517500000000001,0,0,0,BTM00092,BTM00092,Aromatic hydroxylation of fused benzene ring,BTMR1030,"CYP1A2
CYP2A6
CYP2B6
CYP2C8
CYP2C9
CYP2C19
CYP2D6
CYP2E1
CYP3A4",HUMAN,BTM00006,CN(C)CCCN1C2=CC=C(C=C2CCC3=C1C=C(C=C3)Cl)O,"InChI=1S/C19H23ClN2O/c1-21(2)10-3-11-22-18-9-8-17(23)12-15(18)5-4-14-6-7-16(20)13-19(14)22/h6-9,12-13,23H,3-5,10-11H2,1-2H3",PVKACZKLKCTAHR-UHFFFAOYSA-N,4.784900000000001,330.149891036
"InChI=1S/C19H23ClN2O2/c1-22(2,24)11-3-10-21-18-9-8-17(23)12-15(18)5-4-14-6-7-16(20)13-19(14)21/h6-9,12-13,23H,3-5,10-11H2,1-2H3",NBCXFMYXQCZBQX-UHFFFAOYSA-N,C[N+](C)(CCCN1C2=CC=C(C=C2CCC3=C1C=C(C=C3)Cl)O)[O-],,,C19H23ClN2O2,346.144805656,4.379800000000001,0,0,0,BTM00093,BTM00093,N-Oxidation of aliphatic tertiary amine,BTMR1100,"CYP1A2
CYP2D6
CYP3A4",HUMAN,BTM00006,CN(C)CCCN1C2=CC=C(C=C2CCC3=C1C=C(C=C3)Cl)O,"InChI=1S/C19H23ClN2O/c1-21(2)10-3-11-22-18-9-8-17(23)12-15(18)5-4-14-6-7-16(20)13-19(14)22/h6-9,12-13,23H,3-5,10-11H2,1-2H3",PVKACZKLKCTAHR-UHFFFAOYSA-N,4.784900000000001,330.149891036
"InChI=1S/C19H23ClN2O2/c1-21(2)10-3-11-22-17-9-7-15(23)12-14(17)5-4-13-6-8-16(20)19(24)18(13)22/h6-9,12,23-24H,3-5,10-11H2,1-2H3",GHHBNOUGJWJQMO-UHFFFAOYSA-N,CN(C)CCCN1C2=CC=C(C=C2CCC3=C1C(=C(C=C3)Cl)O)O,,,C19H23ClN2O2,346.144805656,4.517500000000001,0,0,0,BTM00094,BTM00094,Aromatic hydroxylation of fused benzene ring,BTMR1031,"CYP1A2
CYP2B6
CYP2C8
CYP2C9
CYP2C19
CYP2D6
CYP3A4",HUMAN,BTM00006,CN(C)CCCN1C2=CC=C(C=C2CCC3=C1C=C(C=C3)Cl)O,"InChI=1S/C19H23ClN2O/c1-21(2)10-3-11-22-18-9-8-17(23)12-15(18)5-4-14-6-7-16(20)13-19(14)22/h6-9,12-13,23H,3-5,10-11H2,1-2H3",PVKACZKLKCTAHR-UHFFFAOYSA-N,4.784900000000001,330.149891036
"InChI=1S/C19H23ClN2O2/c1-21(2)8-3-9-22-17-11-15(20)7-6-13(17)4-5-14-10-16(23)12-18(24)19(14)22/h6-7,10-12,23-24H,3-5,8-9H2,1-2H3",ZJKRZOIFSQBDII-UHFFFAOYSA-N,CN(C)CCCN1C2=C(C=C(C=C2CCC3=C1C=C(C=C3)Cl)O)O,,,C19H23ClN2O2,346.144805656,4.517500000000001,0,0,0,BTM00095,BTM00095,Aromatic hydroxylation of fused benzene ring,BTMR1031,"CYP1A2
CYP2B6
CYP2C8
CYP2C9
CYP2C19
CYP2D6
CYP3A4",HUMAN,BTM00006,CN(C)CCCN1C2=CC=C(C=C2CCC3=C1C=C(C=C3)Cl)O,"InChI=1S/C19H23ClN2O/c1-21(2)10-3-11-22-18-9-8-17(23)12-15(18)5-4-14-6-7-16(20)13-19(14)22/h6-9,12-13,23H,3-5,10-11H2,1-2H3",PVKACZKLKCTAHR-UHFFFAOYSA-N,4.784900000000001,330.149891036
"InChI=1S/C19H23ClN2O2/c1-21(2)8-3-9-22-17-7-5-15(23)10-13(17)4-6-16-18(22)11-14(20)12-19(16)24/h5,7,10-12,23-24H,3-4,6,8-9H2,1-2H3",KRXZCILOGZPIBX-UHFFFAOYSA-N,CN(C)CCCN1C2=CC=C(C=C2CCC3=C1C=C(C=C3O)Cl)O,,,C19H23ClN2O2,346.14480565599996,4.517500000000001,0,0,0,BTM00096,BTM00096,Aromatic hydroxylation of fused benzene ring,BTMR1032,"CYP1A2
CYP2B6
CYP2C8
CYP2C9
CYP2C19
CYP2D6
CYP3A4",HUMAN,BTM00006,CN(C)CCCN1C2=CC=C(C=C2CCC3=C1C=C(C=C3)Cl)O,"InChI=1S/C19H23ClN2O/c1-21(2)10-3-11-22-18-9-8-17(23)12-15(18)5-4-14-6-7-16(20)13-19(14)22/h6-9,12-13,23H,3-5,10-11H2,1-2H3",PVKACZKLKCTAHR-UHFFFAOYSA-N,4.784900000000001,330.149891036
"InChI=1S/C19H23ClN2O2/c1-21(2)10-3-11-22-16-8-9-18(23)19(24)15(16)7-5-13-4-6-14(20)12-17(13)22/h4,6,8-9,12,23-24H,3,5,7,10-11H2,1-2H3",MWOITBCASFRHQE-UHFFFAOYSA-N,CN(C)CCCN1C2=CC=C(C(=C2CCC3=C1C=C(C=C3)Cl)O)O,,,C19H23ClN2O2,346.144805656,4.517500000000001,0,0,0,BTM00097,BTM00097,Aromatic hydroxylation of fused benzene ring,BTMR1032,"CYP1A2
CYP2B6
CYP2C8
CYP2C9
CYP2C19
CYP2D6
CYP3A4",HUMAN,BTM00006,CN(C)CCCN1C2=CC=C(C=C2CCC3=C1C=C(C=C3)Cl)O,"InChI=1S/C19H23ClN2O/c1-21(2)10-3-11-22-18-9-8-17(23)12-15(18)5-4-14-6-7-16(20)13-19(14)22/h6-9,12-13,23H,3-5,10-11H2,1-2H3",PVKACZKLKCTAHR-UHFFFAOYSA-N,4.784900000000001,330.149891036
"InChI=1S/C18H21ClN2O/c1-20-9-2-10-21-17-8-7-16(22)11-14(17)4-3-13-5-6-15(19)12-18(13)21/h5-8,11-12,20,22H,2-4,9-10H2,1H3",MRLCQGACIDFFSH-UHFFFAOYSA-N,N(C)CCCN1C2=CC=C(C=C2CCC3=C1C=C(C=C3)Cl)O,,,C18H21ClN2O,316.134240972,4.249000000000002,0,0,0,BTM00098,BTM00098,N-Dealkylation of acyclic tertiary amine,BTMR1142,"CYP1A2
CYP2A6
CYP2B6
CYP2C8
CYP2C9
CYP2C19
CYP2D6
CYP2E1
CYP3A4",HUMAN,BTM00006,CN(C)CCCN1C2=CC=C(C=C2CCC3=C1C=C(C=C3)Cl)O,"InChI=1S/C19H23ClN2O/c1-21(2)10-3-11-22-18-9-8-17(23)12-15(18)5-4-14-6-7-16(20)13-19(14)22/h6-9,12-13,23H,3-5,10-11H2,1-2H3",PVKACZKLKCTAHR-UHFFFAOYSA-N,4.784900000000001,330.149891036
"InChI=1S/C2H7N/c1-3-2/h3H,1-2H3",ROSDSFDQCJNGOL-UHFFFAOYSA-N,CNC,,,C2H7N,45.057849223999995,-0.21580000000000035,0,0,0,BTM00014,BTM00014,N-Dealkylation of acyclic tertiary amine,BTMR1142,"CYP1A2
CYP2A6
CYP2B6
CYP2C8
CYP2C9
CYP2C19
CYP2D6
CYP2E1
CYP3A4",HUMAN,BTM00006,CN(C)CCCN1C2=CC=C(C=C2CCC3=C1C=C(C=C3)Cl)O,"InChI=1S/C19H23ClN2O/c1-21(2)10-3-11-22-18-9-8-17(23)12-15(18)5-4-14-6-7-16(20)13-19(14)22/h6-9,12-13,23H,3-5,10-11H2,1-2H3",PVKACZKLKCTAHR-UHFFFAOYSA-N,4.784900000000001,330.149891036
"InChI=1S/C17H16ClNO2/c18-14-5-4-12-2-3-13-10-15(21)6-7-16(13)19(8-1-9-20)17(12)11-14/h4-7,9-11,21H,1-3,8H2",VVOKKIUIOUKCNA-UHFFFAOYSA-N,C(CCN1C2=CC=C(C=C2CCC3=C1C=C(C=C3)Cl)O)=O,,,C17H16ClNO2,301.086956432,4.335499999999999,0,0,0,BTM00099,BTM00099,N-Dealkylation of acyclic tertiary amine,BTMR1142,"CYP1A2
CYP2A6
CYP2B6
CYP2C8
CYP2C9
CYP2C19
CYP2D6
CYP2E1
CYP3A4",HUMAN,BTM00006,CN(C)CCCN1C2=CC=C(C=C2CCC3=C1C=C(C=C3)Cl)O,"InChI=1S/C19H23ClN2O/c1-21(2)10-3-11-22-18-9-8-17(23)12-15(18)5-4-14-6-7-16(20)13-19(14)22/h6-9,12-13,23H,3-5,10-11H2,1-2H3",PVKACZKLKCTAHR-UHFFFAOYSA-N,4.784900000000001,330.149891036
"InChI=1S/C19H23ClN2O2/c1-21(2)19(24)9-10-22-17-8-7-16(23)11-14(17)4-3-13-5-6-15(20)12-18(13)22/h5-8,11-12,19,23-24H,3-4,9-10H2,1-2H3",QJRLUGSTMUEZHJ-UHFFFAOYSA-N,CN(C)C(CCN1C2=CC=C(C=C2CCC3=C1C=C(C=C3)Cl)O)O,,,C19H23ClN2O2,346.14480565599996,4.6384000000000025,0,0,0,BTM00100,BTM00100,Aliphatic hydroxylation of carbon alpha to secondary or tertiary alkyl-N,BTMR1081,"CYP2B6
CYP2C19
CYP2D6",HUMAN,BTM00006,CN(C)CCCN1C2=CC=C(C=C2CCC3=C1C=C(C=C3)Cl)O,"InChI=1S/C19H23ClN2O/c1-21(2)10-3-11-22-18-9-8-17(23)12-15(18)5-4-14-6-7-16(20)13-19(14)22/h6-9,12-13,23H,3-5,10-11H2,1-2H3",PVKACZKLKCTAHR-UHFFFAOYSA-N,4.784900000000001,330.149891036
"InChI=1S/C19H23ClN2O2/c1-21(2)10-9-19(24)22-17-8-7-16(23)11-14(17)4-3-13-5-6-15(20)12-18(13)22/h5-8,11-12,19,23-24H,3-4,9-10H2,1-2H3",BVQCSUXEVIQJLB-UHFFFAOYSA-N,CN(C)CCC(N1C2=CC=C(C=C2CCC3=C1C=C(C=C3)Cl)O)O,,,C19H23ClN2O2,346.144805656,4.6384000000000025,0,0,0,BTM00101,BTM00101,Aliphatic hydroxylation of carbon alpha to secondary or tertiary alkyl-N,BTMR1081,"CYP2B6
CYP2C19
CYP2D6",HUMAN,BTM00006,CN(C)CCCN1C2=CC=C(C=C2CCC3=C1C=C(C=C3)Cl)O,"InChI=1S/C19H23ClN2O/c1-21(2)10-3-11-22-18-9-8-17(23)12-15(18)5-4-14-6-7-16(20)13-19(14)22/h6-9,12-13,23H,3-5,10-11H2,1-2H3",PVKACZKLKCTAHR-UHFFFAOYSA-N,4.784900000000001,330.149891036
"InChI=1S/C5H11NO/c1-6(2)4-3-5-7/h5H,3-4H2,1-2H3",GSZKLTJTSQMAOD-UHFFFAOYSA-N,CN(C)CCC=O,,,C5H11NO,101.084063972,0.07180000000000042,0,0,0,BTM00002,BTM00002,N-Dealkylation of mixed tertiary amine,BTMR1145,"CYP1A2
CYP2A6
CYP2B6
CYP2C8
CYP2C9
CYP2C19
CYP2D6
CYP3A4",HUMAN,BTM00007,CN(C)CCCN1C2=CC=CC=C2CCC3=C1C=C(C(=C3)O)Cl,"InChI=1S/C19H23ClN2O/c1-21(2)10-5-11-22-17-7-4-3-6-14(17)8-9-15-12-19(23)16(20)13-18(15)22/h3-4,6-7,12-13,23H,5,8-11H2,1-2H3",QXZNSJJZRXNDJQ-UHFFFAOYSA-N,4.784900000000001,330.149891036
"InChI=1S/C14H12ClNO/c15-11-8-13-10(7-14(11)17)6-5-9-3-1-2-4-12(9)16-13/h1-4,7-8,16-17H,5-6H2",OGIOTQXRVIGFSZ-UHFFFAOYSA-N,N1C2=CC=CC=C2CCC3=C1C=C(C(=C3)O)Cl,,,C14H12ClNO,245.060741684,4.3778999999999995,0,0,0,BTM00064,BTM00064,N-Dealkylation of mixed tertiary amine,BTMR1145,"CYP1A2
CYP2A6
CYP2B6
CYP2C8
CYP2C9
CYP2C19
CYP2D6
CYP3A4",HUMAN,BTM00007,CN(C)CCCN1C2=CC=CC=C2CCC3=C1C=C(C(=C3)O)Cl,"InChI=1S/C19H23ClN2O/c1-21(2)10-5-11-22-17-7-4-3-6-14(17)8-9-15-12-19(23)16(20)13-18(15)22/h3-4,6-7,12-13,23H,5,8-11H2,1-2H3",QXZNSJJZRXNDJQ-UHFFFAOYSA-N,4.784900000000001,330.149891036
"InChI=1S/C19H23ClN2O2/c1-21(2)11-15(23)12-22-17-6-4-3-5-13(17)7-8-14-9-19(24)16(20)10-18(14)22/h3-6,9-10,15,23-24H,7-8,11-12H2,1-2H3",QZCZHZBWBXJGSP-UHFFFAOYSA-N,CN(C)CC(CN1C2=CC=CC=C2CCC3=C1C=C(C(=C3)O)Cl)O,,,C19H23ClN2O2,346.144805656,4.211800000000001,0,0,0,BTM00072,BTM00072,Hydroxylation of acyclic aliphatic secondary carbon,BTMR1063,"CYP1A2
CYP2A6
CYP2B6
CYP2C9
CYP2E1
CYP3A4",HUMAN,BTM00007,CN(C)CCCN1C2=CC=CC=C2CCC3=C1C=C(C(=C3)O)Cl,"InChI=1S/C19H23ClN2O/c1-21(2)10-5-11-22-17-7-4-3-6-14(17)8-9-15-12-19(23)16(20)13-18(15)22/h3-4,6-7,12-13,23H,5,8-11H2,1-2H3",QXZNSJJZRXNDJQ-UHFFFAOYSA-N,4.784900000000001,330.149891036
"InChI=1S/C19H23ClN2O2/c1-21(2)8-3-9-22-17-11-15(23)7-6-13(17)4-5-14-10-19(24)16(20)12-18(14)22/h6-7,10-12,23-24H,3-5,8-9H2,1-2H3",KVXCUPMPUJNLFI-UHFFFAOYSA-N,CN(C)CCCN1C2=CC(=CC=C2CCC3=C1C=C(C(=C3)O)Cl)O,,,C19H23ClN2O2,346.14480565599996,4.517500000000001,0,0,0,BTM00083,BTM00083,Aromatic hydroxylation of fused benzene ring,BTMR1030,"CYP1A2
CYP2A6
CYP2B6
CYP2C8
CYP2C9
CYP2C19
CYP2D6
CYP2E1
CYP3A4",HUMAN,BTM00007,CN(C)CCCN1C2=CC=CC=C2CCC3=C1C=C(C(=C3)O)Cl,"InChI=1S/C19H23ClN2O/c1-21(2)10-5-11-22-17-7-4-3-6-14(17)8-9-15-12-19(23)16(20)13-18(15)22/h3-4,6-7,12-13,23H,5,8-11H2,1-2H3",QXZNSJJZRXNDJQ-UHFFFAOYSA-N,4.784900000000001,330.149891036
"InChI=1S/C19H23ClN2O2/c1-21(2)8-3-9-22-17-7-6-15(23)10-13(17)4-5-14-11-19(24)16(20)12-18(14)22/h6-7,10-12,23-24H,3-5,8-9H2,1-2H3",VPJCYIHRXVFNOQ-UHFFFAOYSA-N,CN(C)CCCN1C2=CC=C(C=C2CCC3=C1C=C(C(=C3)O)Cl)O,,,C19H23ClN2O2,346.144805656,4.517500000000001,0,0,0,BTM00092,BTM00092,Aromatic hydroxylation of fused benzene ring,BTMR1030,"CYP1A2
CYP2A6
CYP2B6
CYP2C8
CYP2C9
CYP2C19
CYP2D6
CYP2E1
CYP3A4",HUMAN,BTM00007,CN(C)CCCN1C2=CC=CC=C2CCC3=C1C=C(C(=C3)O)Cl,"InChI=1S/C19H23ClN2O/c1-21(2)10-5-11-22-17-7-4-3-6-14(17)8-9-15-12-19(23)16(20)13-18(15)22/h3-4,6-7,12-13,23H,5,8-11H2,1-2H3",QXZNSJJZRXNDJQ-UHFFFAOYSA-N,4.784900000000001,330.149891036
"InChI=1S/C19H23ClN2O2/c1-22(2,24)11-5-10-21-17-7-4-3-6-14(17)8-9-15-12-19(23)16(20)13-18(15)21/h3-4,6-7,12-13,23H,5,8-11H2,1-2H3",OQIYVHVIUADTSN-UHFFFAOYSA-N,C[N+](C)(CCCN1C2=CC=CC=C2CCC3=C1C=C(C(=C3)O)Cl)[O-],,,C19H23ClN2O2,346.14480565599996,4.379800000000001,0,0,0,BTM00102,BTM00102,N-Oxidation of aliphatic tertiary amine,BTMR1100,"CYP1A2
CYP2D6
CYP3A4",HUMAN,BTM00007,CN(C)CCCN1C2=CC=CC=C2CCC3=C1C=C(C(=C3)O)Cl,"InChI=1S/C19H23ClN2O/c1-21(2)10-5-11-22-17-7-4-3-6-14(17)8-9-15-12-19(23)16(20)13-18(15)22/h3-4,6-7,12-13,23H,5,8-11H2,1-2H3",QXZNSJJZRXNDJQ-UHFFFAOYSA-N,4.784900000000001,330.149891036
"InChI=1S/C19H23ClN2O2/c1-21(2)10-5-11-22-15-7-4-3-6-13(15)8-9-14-12-16(23)17(20)19(24)18(14)22/h3-4,6-7,12,23-24H,5,8-11H2,1-2H3",OBPMLTKWBYWEET-UHFFFAOYSA-N,CN(C)CCCN1C2=CC=CC=C2CCC3=C1C(=C(C(=C3)O)Cl)O,,,C19H23ClN2O2,346.144805656,4.517500000000001,0,0,0,BTM00103,BTM00103,Aromatic hydroxylation of fused benzene ring,BTMR1031,"CYP1A2
CYP2B6
CYP2C8
CYP2C9
CYP2C19
CYP2D6
CYP3A4",HUMAN,BTM00007,CN(C)CCCN1C2=CC=CC=C2CCC3=C1C=C(C(=C3)O)Cl,"InChI=1S/C19H23ClN2O/c1-21(2)10-5-11-22-17-7-4-3-6-14(17)8-9-15-12-19(23)16(20)13-18(15)22/h3-4,6-7,12-13,23H,5,8-11H2,1-2H3",QXZNSJJZRXNDJQ-UHFFFAOYSA-N,4.784900000000001,330.149891036
"InChI=1S/C19H23ClN2O2/c1-21(2)9-4-10-22-16-12-15(20)18(24)11-14(16)8-7-13-5-3-6-17(23)19(13)22/h3,5-6,11-12,23-24H,4,7-10H2,1-2H3",RTPDJDFQLLKXQS-UHFFFAOYSA-N,CN(C)CCCN1C2=C(C=CC=C2CCC3=C1C=C(C(=C3)O)Cl)O,,,C19H23ClN2O2,346.144805656,4.517500000000001,0,0,0,BTM00104,BTM00104,Aromatic hydroxylation of fused benzene ring,BTMR1031,"CYP1A2
CYP2B6
CYP2C8
CYP2C9
CYP2C19
CYP2D6
CYP3A4",HUMAN,BTM00007,CN(C)CCCN1C2=CC=CC=C2CCC3=C1C=C(C(=C3)O)Cl,"InChI=1S/C19H23ClN2O/c1-21(2)10-5-11-22-17-7-4-3-6-14(17)8-9-15-12-19(23)16(20)13-18(15)22/h3-4,6-7,12-13,23H,5,8-11H2,1-2H3",QXZNSJJZRXNDJQ-UHFFFAOYSA-N,4.784900000000001,330.149891036
"InChI=1S/C19H23ClN2O2/c1-21(2)10-5-11-22-16-7-4-3-6-13(16)8-9-14-17(22)12-15(20)19(24)18(14)23/h3-4,6-7,12,23-24H,5,8-11H2,1-2H3",NMVPLDCHQXQOLI-UHFFFAOYSA-N,CN(C)CCCN1C2=CC=CC=C2CCC3=C1C=C(C(=C3O)O)Cl,,,C19H23ClN2O2,346.144805656,4.517500000000001,0,0,0,BTM00105,BTM00105,Aromatic hydroxylation of fused benzene ring,BTMR1032,"CYP1A2
CYP2B6
CYP2C8
CYP2C9
CYP2C19
CYP2D6
CYP3A4",HUMAN,BTM00007,CN(C)CCCN1C2=CC=CC=C2CCC3=C1C=C(C(=C3)O)Cl,"InChI=1S/C19H23ClN2O/c1-21(2)10-5-11-22-17-7-4-3-6-14(17)8-9-15-12-19(23)16(20)13-18(15)22/h3-4,6-7,12-13,23H,5,8-11H2,1-2H3",QXZNSJJZRXNDJQ-UHFFFAOYSA-N,4.784900000000001,330.149891036
"InChI=1S/C19H23ClN2O2/c1-21(2)9-4-10-22-16-5-3-6-18(23)14(16)8-7-13-11-19(24)15(20)12-17(13)22/h3,5-6,11-12,23-24H,4,7-10H2,1-2H3",ATQHWSRIFLYIDK-UHFFFAOYSA-N,CN(C)CCCN1C2=CC=CC(=C2CCC3=C1C=C(C(=C3)O)Cl)O,,,C19H23ClN2O2,346.144805656,4.517500000000001,0,0,0,BTM00106,BTM00106,Aromatic hydroxylation of fused benzene ring,BTMR1032,"CYP1A2
CYP2B6
CYP2C8
CYP2C9
CYP2C19
CYP2D6
CYP3A4",HUMAN,BTM00007,CN(C)CCCN1C2=CC=CC=C2CCC3=C1C=C(C(=C3)O)Cl,"InChI=1S/C19H23ClN2O/c1-21(2)10-5-11-22-17-7-4-3-6-14(17)8-9-15-12-19(23)16(20)13-18(15)22/h3-4,6-7,12-13,23H,5,8-11H2,1-2H3",QXZNSJJZRXNDJQ-UHFFFAOYSA-N,4.784900000000001,330.149891036
"InChI=1S/C18H21ClN2O/c1-20-9-4-10-21-16-6-3-2-5-13(16)7-8-14-11-18(22)15(19)12-17(14)21/h2-3,5-6,11-12,20,22H,4,7-10H2,1H3",BTEFPKOBUHDJSN-UHFFFAOYSA-N,N(C)CCCN1C2=CC=CC=C2CCC3=C1C=C(C(=C3)O)Cl,,,C18H21ClN2O,316.13424097200004,4.249000000000002,0,0,0,BTM00107,BTM00107,N-Dealkylation of acyclic tertiary amine,BTMR1142,"CYP1A2
CYP2A6
CYP2B6
CYP2C8
CYP2C9
CYP2C19
CYP2D6
CYP2E1
CYP3A4",HUMAN,BTM00007,CN(C)CCCN1C2=CC=CC=C2CCC3=C1C=C(C(=C3)O)Cl,"InChI=1S/C19H23ClN2O/c1-21(2)10-5-11-22-17-7-4-3-6-14(17)8-9-15-12-19(23)16(20)13-18(15)22/h3-4,6-7,12-13,23H,5,8-11H2,1-2H3",QXZNSJJZRXNDJQ-UHFFFAOYSA-N,4.784900000000001,330.149891036
"InChI=1S/C2H7N/c1-3-2/h3H,1-2H3",ROSDSFDQCJNGOL-UHFFFAOYSA-N,CNC,,,C2H7N,45.057849223999995,-0.21580000000000035,0,0,0,BTM00014,BTM00014,N-Dealkylation of acyclic tertiary amine,BTMR1142,"CYP1A2
CYP2A6
CYP2B6
CYP2C8
CYP2C9
CYP2C19
CYP2D6
CYP2E1
CYP3A4",HUMAN,BTM00007,CN(C)CCCN1C2=CC=CC=C2CCC3=C1C=C(C(=C3)O)Cl,"InChI=1S/C19H23ClN2O/c1-21(2)10-5-11-22-17-7-4-3-6-14(17)8-9-15-12-19(23)16(20)13-18(15)22/h3-4,6-7,12-13,23H,5,8-11H2,1-2H3",QXZNSJJZRXNDJQ-UHFFFAOYSA-N,4.784900000000001,330.149891036
"InChI=1S/C17H16ClNO2/c18-14-11-16-13(10-17(14)21)7-6-12-4-1-2-5-15(12)19(16)8-3-9-20/h1-2,4-5,9-11,21H,3,6-8H2",OXFNAWZSFDJRFN-UHFFFAOYSA-N,C(CCN1C2=CC=CC=C2CCC3=C1C=C(C(=C3)O)Cl)=O,,,C17H16ClNO2,301.08695643199997,4.335499999999999,0,0,0,BTM00108,BTM00108,N-Dealkylation of acyclic tertiary amine,BTMR1142,"CYP1A2
CYP2A6
CYP2B6
CYP2C8
CYP2C9
CYP2C19
CYP2D6
CYP2E1
CYP3A4",HUMAN,BTM00007,CN(C)CCCN1C2=CC=CC=C2CCC3=C1C=C(C(=C3)O)Cl,"InChI=1S/C19H23ClN2O/c1-21(2)10-5-11-22-17-7-4-3-6-14(17)8-9-15-12-19(23)16(20)13-18(15)22/h3-4,6-7,12-13,23H,5,8-11H2,1-2H3",QXZNSJJZRXNDJQ-UHFFFAOYSA-N,4.784900000000001,330.149891036
"InChI=1S/C19H23ClN2O2/c1-21(2)19(24)9-10-22-16-6-4-3-5-13(16)7-8-14-11-18(23)15(20)12-17(14)22/h3-6,11-12,19,23-24H,7-10H2,1-2H3",XECPNWXXPNKLBZ-UHFFFAOYSA-N,CN(C)C(CCN1C2=CC=CC=C2CCC3=C1C=C(C(=C3)O)Cl)O,,,C19H23ClN2O2,346.14480565599996,4.6384000000000025,0,0,0,BTM00109,BTM00109,Aliphatic hydroxylation of carbon alpha to secondary or tertiary alkyl-N,BTMR1081,"CYP2B6
CYP2C19
CYP2D6",HUMAN,BTM00007,CN(C)CCCN1C2=CC=CC=C2CCC3=C1C=C(C(=C3)O)Cl,"InChI=1S/C19H23ClN2O/c1-21(2)10-5-11-22-17-7-4-3-6-14(17)8-9-15-12-19(23)16(20)13-18(15)22/h3-4,6-7,12-13,23H,5,8-11H2,1-2H3",QXZNSJJZRXNDJQ-UHFFFAOYSA-N,4.784900000000001,330.149891036
"InChI=1S/C19H23ClN2O2/c1-21(2)10-9-19(24)22-16-6-4-3-5-13(16)7-8-14-11-18(23)15(20)12-17(14)22/h3-6,11-12,19,23-24H,7-10H2,1-2H3",PIUVQPIQBYXDOS-UHFFFAOYSA-N,CN(C)CCC(N1C2=CC=CC=C2CCC3=C1C=C(C(=C3)O)Cl)O,,,C19H23ClN2O2,346.144805656,4.6384000000000025,0,0,0,BTM00110,BTM00110,Aliphatic hydroxylation of carbon alpha to secondary or tertiary alkyl-N,BTMR1081,"CYP2B6
CYP2C19
CYP2D6",HUMAN,BTM00007,CN(C)CCCN1C2=CC=CC=C2CCC3=C1C=C(C(=C3)O)Cl,"InChI=1S/C19H23ClN2O/c1-21(2)10-5-11-22-17-7-4-3-6-14(17)8-9-15-12-19(23)16(20)13-18(15)22/h3-4,6-7,12-13,23H,5,8-11H2,1-2H3",QXZNSJJZRXNDJQ-UHFFFAOYSA-N,4.784900000000001,330.149891036
"InChI=1S/C5H11NO2/c1-6(2,8)4-3-5-7/h5H,3-4H2,1-2H3",GPKWGLGIJSMDKT-UHFFFAOYSA-N,C[N+](C)(CCC=O)[O-],,,C5H11NO2,117.078978592,-0.3332999999999995,0,0,0,BTM00057,BTM00057,N-Dealkylation of mixed tertiary amine,BTMR1145,"CYP1A2
CYP2A6
CYP2B6
CYP2C8
CYP2C9
CYP2C19
CYP2D6
CYP3A4",HUMAN,BTM00008,C[N+](C)(CCCN1C2=CC=CC=C2CCC3=C1C=C(C=C3)Cl)[O-],"InChI=1S/C19H23ClN2O/c1-22(2,23)13-5-12-21-18-7-4-3-6-15(18)8-9-16-10-11-17(20)14-19(16)21/h3-4,6-7,10-11,14H,5,8-9,12-13H2,1-2H3",ARNOTLDVJSFYBP-UHFFFAOYSA-N,4.647199999999999,330.149891036
"InChI=1S/C14H12ClN/c15-12-8-7-11-6-5-10-3-1-2-4-13(10)16-14(11)9-12/h1-4,7-9,16H,5-6H2",MHUXTOYYIDFXRF-UHFFFAOYSA-N,N1C2=CC=CC=C2CCC3=C1C=C(C=C3)Cl,,,C14H12ClN,229.065827064,4.645300000000001,0,0,0,BTM00003,BTM00003,N-Dealkylation of mixed tertiary amine,BTMR1145,"CYP1A2
CYP2A6
CYP2B6
CYP2C8
CYP2C9
CYP2C19
CYP2D6
CYP3A4",HUMAN,BTM00008,C[N+](C)(CCCN1C2=CC=CC=C2CCC3=C1C=C(C=C3)Cl)[O-],"InChI=1S/C19H23ClN2O/c1-22(2,23)13-5-12-21-18-7-4-3-6-15(18)8-9-16-10-11-17(20)14-19(16)21/h3-4,6-7,10-11,14H,5,8-9,12-13H2,1-2H3",ARNOTLDVJSFYBP-UHFFFAOYSA-N,4.647199999999999,330.149891036
"InChI=1S/C19H23ClN2O2/c1-22(2,24)13-17(23)12-21-18-6-4-3-5-14(18)7-8-15-9-10-16(20)11-19(15)21/h3-6,9-11,17,23H,7-8,12-13H2,1-2H3",NNVCJSGQFAFNQY-UHFFFAOYSA-N,C[N+](C)(CC(CN1C2=CC=CC=C2CCC3=C1C=C(C=C3)Cl)O)[O-],,,C19H23ClN2O2,346.144805656,4.0741000000000005,0,0,0,BTM00073,BTM00073,Hydroxylation of acyclic aliphatic secondary carbon,BTMR1063,"CYP1A2
CYP2A6
CYP2B6
CYP2C9
CYP2E1
CYP3A4",HUMAN,BTM00008,C[N+](C)(CCCN1C2=CC=CC=C2CCC3=C1C=C(C=C3)Cl)[O-],"InChI=1S/C19H23ClN2O/c1-22(2,23)13-5-12-21-18-7-4-3-6-15(18)8-9-16-10-11-17(20)14-19(16)21/h3-4,6-7,10-11,14H,5,8-9,12-13H2,1-2H3",ARNOTLDVJSFYBP-UHFFFAOYSA-N,4.647199999999999,330.149891036
"InChI=1S/C19H23ClN2O2/c1-22(2,24)11-3-10-21-18-12-16(20)8-6-14(18)4-5-15-7-9-17(23)13-19(15)21/h6-9,12-13,23H,3-5,10-11H2,1-2H3",LQKJRBFXEYFQTQ-UHFFFAOYSA-N,C[N+](C)(CCCN1C2=CC(=CC=C2CCC3=C1C=C(C=C3)Cl)O)[O-],,,C19H23ClN2O2,346.144805656,4.379800000000001,0,0,0,BTM00084,BTM00084,Aromatic hydroxylation of fused benzene ring,BTMR1030,"CYP1A2
CYP2A6
CYP2B6
CYP2C8
CYP2C9
CYP2C19
CYP2D6
CYP2E1
CYP3A4",HUMAN,BTM00008,C[N+](C)(CCCN1C2=CC=CC=C2CCC3=C1C=C(C=C3)Cl)[O-],"InChI=1S/C19H23ClN2O/c1-22(2,23)13-5-12-21-18-7-4-3-6-15(18)8-9-16-10-11-17(20)14-19(16)21/h3-4,6-7,10-11,14H,5,8-9,12-13H2,1-2H3",ARNOTLDVJSFYBP-UHFFFAOYSA-N,4.647199999999999,330.149891036
"InChI=1S/C19H23ClN2O2/c1-22(2,24)11-3-10-21-18-9-8-17(23)12-15(18)5-4-14-6-7-16(20)13-19(14)21/h6-9,12-13,23H,3-5,10-11H2,1-2H3",NBCXFMYXQCZBQX-UHFFFAOYSA-N,C[N+](C)(CCCN1C2=CC=C(C=C2CCC3=C1C=C(C=C3)Cl)O)[O-],,,C19H23ClN2O2,346.144805656,4.379800000000001,0,0,0,BTM00093,BTM00093,Aromatic hydroxylation of fused benzene ring,BTMR1030,"CYP1A2
CYP2A6
CYP2B6
CYP2C8
CYP2C9
CYP2C19
CYP2D6
CYP2E1
CYP3A4",HUMAN,BTM00008,C[N+](C)(CCCN1C2=CC=CC=C2CCC3=C1C=C(C=C3)Cl)[O-],"InChI=1S/C19H23ClN2O/c1-22(2,23)13-5-12-21-18-7-4-3-6-15(18)8-9-16-10-11-17(20)14-19(16)21/h3-4,6-7,10-11,14H,5,8-9,12-13H2,1-2H3",ARNOTLDVJSFYBP-UHFFFAOYSA-N,4.647199999999999,330.149891036
"InChI=1S/C19H23ClN2O2/c1-22(2,24)11-5-10-21-17-7-4-3-6-14(17)8-9-15-12-19(23)16(20)13-18(15)21/h3-4,6-7,12-13,23H,5,8-11H2,1-2H3",OQIYVHVIUADTSN-UHFFFAOYSA-N,C[N+](C)(CCCN1C2=CC=CC=C2CCC3=C1C=C(C(=C3)O)Cl)[O-],,,C19H23ClN2O2,346.14480565599996,4.379800000000001,0,0,0,BTM00102,BTM00102,Aromatic hydroxylation of fused benzene ring,BTMR1030,"CYP1A2
CYP2A6
CYP2B6
CYP2C8
CYP2C9
CYP2C19
CYP2D6
CYP2E1
CYP3A4",HUMAN,BTM00008,C[N+](C)(CCCN1C2=CC=CC=C2CCC3=C1C=C(C=C3)Cl)[O-],"InChI=1S/C19H23ClN2O/c1-22(2,23)13-5-12-21-18-7-4-3-6-15(18)8-9-16-10-11-17(20)14-19(16)21/h3-4,6-7,10-11,14H,5,8-9,12-13H2,1-2H3",ARNOTLDVJSFYBP-UHFFFAOYSA-N,4.647199999999999,330.149891036
"InChI=1S/C19H23ClN2O2/c1-22(2,24)13-5-12-21-17-7-4-3-6-14(17)8-9-15-10-11-16(20)19(23)18(15)21/h3-4,6-7,10-11,23H,5,8-9,12-13H2,1-2H3",WYMZGOLNUHSMRH-UHFFFAOYSA-N,C[N+](C)(CCCN1C2=CC=CC=C2CCC3=C1C(=C(C=C3)Cl)O)[O-],,,C19H23ClN2O2,346.144805656,4.379800000000001,0,0,0,BTM00111,BTM00111,Aromatic hydroxylation of fused benzene ring,BTMR1031,"CYP1A2
CYP2B6
CYP2C8
CYP2C9
CYP2C19
CYP2D6
CYP3A4",HUMAN,BTM00008,C[N+](C)(CCCN1C2=CC=CC=C2CCC3=C1C=C(C=C3)Cl)[O-],"InChI=1S/C19H23ClN2O/c1-22(2,23)13-5-12-21-18-7-4-3-6-15(18)8-9-16-10-11-17(20)14-19(16)21/h3-4,6-7,10-11,14H,5,8-9,12-13H2,1-2H3",ARNOTLDVJSFYBP-UHFFFAOYSA-N,4.647199999999999,330.149891036
"InChI=1S/C19H23ClN2O2/c1-22(2,24)12-4-11-21-17-13-16(20)10-9-14(17)7-8-15-5-3-6-18(23)19(15)21/h3,5-6,9-10,13,23H,4,7-8,11-12H2,1-2H3",GHXFJVRCGUKUPO-UHFFFAOYSA-N,C[N+](C)(CCCN1C2=C(C=CC=C2CCC3=C1C=C(C=C3)Cl)O)[O-],,,C19H23ClN2O2,346.144805656,4.379800000000001,0,0,0,BTM00112,BTM00112,Aromatic hydroxylation of fused benzene ring,BTMR1031,"CYP1A2
CYP2B6
CYP2C8
CYP2C9
CYP2C19
CYP2D6
CYP3A4",HUMAN,BTM00008,C[N+](C)(CCCN1C2=CC=CC=C2CCC3=C1C=C(C=C3)Cl)[O-],"InChI=1S/C19H23ClN2O/c1-22(2,23)13-5-12-21-18-7-4-3-6-15(18)8-9-16-10-11-17(20)14-19(16)21/h3-4,6-7,10-11,14H,5,8-9,12-13H2,1-2H3",ARNOTLDVJSFYBP-UHFFFAOYSA-N,4.647199999999999,330.149891036
"InChI=1S/C19H23ClN2O2/c1-22(2,24)11-5-10-21-17-7-4-3-6-14(17)8-9-16-18(21)12-15(20)13-19(16)23/h3-4,6-7,12-13,23H,5,8-11H2,1-2H3",FVPUAUQTJGAHAU-UHFFFAOYSA-N,C[N+](C)(CCCN1C2=CC=CC=C2CCC3=C1C=C(C=C3O)Cl)[O-],,,C19H23ClN2O2,346.144805656,4.379800000000001,0,0,0,BTM00113,BTM00113,Aromatic hydroxylation of fused benzene ring,BTMR1032,"CYP1A2
CYP2B6
CYP2C8
CYP2C9
CYP2C19
CYP2D6
CYP3A4",HUMAN,BTM00008,C[N+](C)(CCCN1C2=CC=CC=C2CCC3=C1C=C(C=C3)Cl)[O-],"InChI=1S/C19H23ClN2O/c1-22(2,23)13-5-12-21-18-7-4-3-6-15(18)8-9-16-10-11-17(20)14-19(16)21/h3-4,6-7,10-11,14H,5,8-9,12-13H2,1-2H3",ARNOTLDVJSFYBP-UHFFFAOYSA-N,4.647199999999999,330.149891036
"InChI=1S/C19H23ClN2O2/c1-22(2,24)12-4-11-21-17-5-3-6-19(23)16(17)10-8-14-7-9-15(20)13-18(14)21/h3,5-7,9,13,23H,4,8,10-12H2,1-2H3",LBOGMJGWXMLCBY-UHFFFAOYSA-N,C[N+](C)(CCCN1C2=CC=CC(=C2CCC3=C1C=C(C=C3)Cl)O)[O-],,,C19H23ClN2O2,346.144805656,4.379800000000001,0,0,0,BTM00114,BTM00114,Aromatic hydroxylation of fused benzene ring,BTMR1032,"CYP1A2
CYP2B6
CYP2C8
CYP2C9
CYP2C19
CYP2D6
CYP3A4",HUMAN,BTM00008,C[N+](C)(CCCN1C2=CC=CC=C2CCC3=C1C=C(C=C3)Cl)[O-],"InChI=1S/C19H23ClN2O/c1-22(2,23)13-5-12-21-18-7-4-3-6-15(18)8-9-16-10-11-17(20)14-19(16)21/h3-4,6-7,10-11,14H,5,8-9,12-13H2,1-2H3",ARNOTLDVJSFYBP-UHFFFAOYSA-N,4.647199999999999,330.149891036
"InChI=1S/C19H23ClN2O2/c1-22(2,24)12-11-19(23)21-17-6-4-3-5-14(17)7-8-15-9-10-16(20)13-18(15)21/h3-6,9-10,13,19,23H,7-8,11-12H2,1-2H3",KYFUGZXRKHDHPA-UHFFFAOYSA-N,C[N+](C)(CCC(N1C2=CC=CC=C2CCC3=C1C=C(C=C3)Cl)O)[O-],,,C19H23ClN2O2,346.144805656,4.5006999999999975,0,0,0,BTM00115,BTM00115,Aliphatic hydroxylation of carbon alpha to secondary or tertiary alkyl-N,BTMR1081,"CYP2B6
CYP2C19
CYP2D6",HUMAN,BTM00008,C[N+](C)(CCCN1C2=CC=CC=C2CCC3=C1C=C(C=C3)Cl)[O-],"InChI=1S/C19H23ClN2O/c1-22(2,23)13-5-12-21-18-7-4-3-6-15(18)8-9-16-10-11-17(20)14-19(16)21/h3-4,6-7,10-11,14H,5,8-9,12-13H2,1-2H3",ARNOTLDVJSFYBP-UHFFFAOYSA-N,4.647199999999999,330.149891036
"InChI=1S/C5H11NO/c1-6(2)4-3-5-7/h5H,3-4H2,1-2H3",GSZKLTJTSQMAOD-UHFFFAOYSA-N,CN(C)CCC=O,,,C5H11NO,101.084063972,0.07180000000000042,0,0,0,BTM00002,BTM00002,N-Dealkylation of mixed tertiary amine,BTMR1145,"CYP1A2
CYP2A6
CYP2B6
CYP2C8
CYP2C9
CYP2C19
CYP2D6
CYP3A4",HUMAN,BTM00009,CN(C)CCCN1C2=CC=CC=C2CCC3=C1C(=C(C=C3)Cl)O,"InChI=1S/C19H23ClN2O/c1-21(2)12-5-13-22-17-7-4-3-6-14(17)8-9-15-10-11-16(20)19(23)18(15)22/h3-4,6-7,10-11,23H,5,8-9,12-13H2,1-2H3",PQXYAUUGHKQVFC-UHFFFAOYSA-N,4.784900000000001,330.149891036
"InChI=1S/C14H12ClNO/c15-11-8-7-10-6-5-9-3-1-2-4-12(9)16-13(10)14(11)17/h1-4,7-8,16-17H,5-6H2",WWXCJIAODACCBF-UHFFFAOYSA-N,N1C2=CC=CC=C2CCC3=C1C(=C(C=C3)Cl)O,,,C14H12ClNO,245.060741684,4.3778999999999995,0,0,0,BTM00065,BTM00065,N-Dealkylation of mixed tertiary amine,BTMR1145,"CYP1A2
CYP2A6
CYP2B6
CYP2C8
CYP2C9
CYP2C19
CYP2D6
CYP3A4",HUMAN,BTM00009,CN(C)CCCN1C2=CC=CC=C2CCC3=C1C(=C(C=C3)Cl)O,"InChI=1S/C19H23ClN2O/c1-21(2)12-5-13-22-17-7-4-3-6-14(17)8-9-15-10-11-16(20)19(23)18(15)22/h3-4,6-7,10-11,23H,5,8-9,12-13H2,1-2H3",PQXYAUUGHKQVFC-UHFFFAOYSA-N,4.784900000000001,330.149891036
"InChI=1S/C19H23ClN2O2/c1-21(2)11-15(23)12-22-17-6-4-3-5-13(17)7-8-14-9-10-16(20)19(24)18(14)22/h3-6,9-10,15,23-24H,7-8,11-12H2,1-2H3",RNPXEZWNSPPFNG-UHFFFAOYSA-N,CN(C)CC(CN1C2=CC=CC=C2CCC3=C1C(=C(C=C3)Cl)O)O,,,C19H23ClN2O2,346.144805656,4.211800000000001,0,0,0,BTM00074,BTM00074,Hydroxylation of acyclic aliphatic secondary carbon,BTMR1063,"CYP1A2
CYP2A6
CYP2B6
CYP2C9
CYP2E1
CYP3A4",HUMAN,BTM00009,CN(C)CCCN1C2=CC=CC=C2CCC3=C1C(=C(C=C3)Cl)O,"InChI=1S/C19H23ClN2O/c1-21(2)12-5-13-22-17-7-4-3-6-14(17)8-9-15-10-11-16(20)19(23)18(15)22/h3-4,6-7,10-11,23H,5,8-9,12-13H2,1-2H3",PQXYAUUGHKQVFC-UHFFFAOYSA-N,4.784900000000001,330.149891036
"InChI=1S/C19H23ClN2O2/c1-21(2)10-3-11-22-17-12-15(23)8-6-13(17)4-5-14-7-9-16(20)19(24)18(14)22/h6-9,12,23-24H,3-5,10-11H2,1-2H3",ZESFBNLLTBTZTD-UHFFFAOYSA-N,CN(C)CCCN1C2=CC(=CC=C2CCC3=C1C(=C(C=C3)Cl)O)O,,,C19H23ClN2O2,346.144805656,4.517500000000001,0,0,0,BTM00087,BTM00087,Aromatic hydroxylation of fused benzene ring,BTMR1030,"CYP1A2
CYP2A6
CYP2B6
CYP2C8
CYP2C9
CYP2C19
CYP2D6
CYP2E1
CYP3A4",HUMAN,BTM00009,CN(C)CCCN1C2=CC=CC=C2CCC3=C1C(=C(C=C3)Cl)O,"InChI=1S/C19H23ClN2O/c1-21(2)12-5-13-22-17-7-4-3-6-14(17)8-9-15-10-11-16(20)19(23)18(15)22/h3-4,6-7,10-11,23H,5,8-9,12-13H2,1-2H3",PQXYAUUGHKQVFC-UHFFFAOYSA-N,4.784900000000001,330.149891036
"InChI=1S/C19H23ClN2O2/c1-21(2)10-3-11-22-17-9-7-15(23)12-14(17)5-4-13-6-8-16(20)19(24)18(13)22/h6-9,12,23-24H,3-5,10-11H2,1-2H3",GHHBNOUGJWJQMO-UHFFFAOYSA-N,CN(C)CCCN1C2=CC=C(C=C2CCC3=C1C(=C(C=C3)Cl)O)O,,,C19H23ClN2O2,346.144805656,4.517500000000001,0,0,0,BTM00094,BTM00094,Aromatic hydroxylation of fused benzene ring,BTMR1030,"CYP1A2
CYP2A6
CYP2B6
CYP2C8
CYP2C9
CYP2C19
CYP2D6
CYP2E1
CYP3A4",HUMAN,BTM00009,CN(C)CCCN1C2=CC=CC=C2CCC3=C1C(=C(C=C3)Cl)O,"InChI=1S/C19H23ClN2O/c1-21(2)12-5-13-22-17-7-4-3-6-14(17)8-9-15-10-11-16(20)19(23)18(15)22/h3-4,6-7,10-11,23H,5,8-9,12-13H2,1-2H3",PQXYAUUGHKQVFC-UHFFFAOYSA-N,4.784900000000001,330.149891036
"InChI=1S/C19H23ClN2O2/c1-21(2)10-5-11-22-15-7-4-3-6-13(15)8-9-14-12-16(23)17(20)19(24)18(14)22/h3-4,6-7,12,23-24H,5,8-11H2,1-2H3",OBPMLTKWBYWEET-UHFFFAOYSA-N,CN(C)CCCN1C2=CC=CC=C2CCC3=C1C(=C(C(=C3)O)Cl)O,,,C19H23ClN2O2,346.144805656,4.517500000000001,0,0,0,BTM00103,BTM00103,Aromatic hydroxylation of fused benzene ring,BTMR1030,"CYP1A2
CYP2A6
CYP2B6
CYP2C8
CYP2C9
CYP2C19
CYP2D6
CYP2E1
CYP3A4",HUMAN,BTM00009,CN(C)CCCN1C2=CC=CC=C2CCC3=C1C(=C(C=C3)Cl)O,"InChI=1S/C19H23ClN2O/c1-21(2)12-5-13-22-17-7-4-3-6-14(17)8-9-15-10-11-16(20)19(23)18(15)22/h3-4,6-7,10-11,23H,5,8-9,12-13H2,1-2H3",PQXYAUUGHKQVFC-UHFFFAOYSA-N,4.784900000000001,330.149891036
"InChI=1S/C19H23ClN2O2/c1-22(2,24)13-5-12-21-17-7-4-3-6-14(17)8-9-15-10-11-16(20)19(23)18(15)21/h3-4,6-7,10-11,23H,5,8-9,12-13H2,1-2H3",WYMZGOLNUHSMRH-UHFFFAOYSA-N,C[N+](C)(CCCN1C2=CC=CC=C2CCC3=C1C(=C(C=C3)Cl)O)[O-],,,C19H23ClN2O2,346.144805656,4.379800000000001,0,0,0,BTM00111,BTM00111,N-Oxidation of aliphatic tertiary amine,BTMR1100,"CYP1A2
CYP2D6
CYP3A4",HUMAN,BTM00009,CN(C)CCCN1C2=CC=CC=C2CCC3=C1C(=C(C=C3)Cl)O,"InChI=1S/C19H23ClN2O/c1-21(2)12-5-13-22-17-7-4-3-6-14(17)8-9-15-10-11-16(20)19(23)18(15)22/h3-4,6-7,10-11,23H,5,8-9,12-13H2,1-2H3",PQXYAUUGHKQVFC-UHFFFAOYSA-N,4.784900000000001,330.149891036
"InChI=1S/C19H23ClN2O2/c1-21(2)11-4-12-22-17-13(5-3-6-16(17)23)7-8-14-9-10-15(20)19(24)18(14)22/h3,5-6,9-10,23-24H,4,7-8,11-12H2,1-2H3",NYWLAYRFXFYGIF-UHFFFAOYSA-N,CN(C)CCCN1C2=C(C=CC=C2CCC3=C1C(=C(C=C3)Cl)O)O,,,C19H23ClN2O2,346.144805656,4.517500000000001,0,0,0,BTM00116,BTM00116,Aromatic hydroxylation of fused benzene ring,BTMR1031,"CYP1A2
CYP2B6
CYP2C8
CYP2C9
CYP2C19
CYP2D6
CYP3A4",HUMAN,BTM00009,CN(C)CCCN1C2=CC=CC=C2CCC3=C1C(=C(C=C3)Cl)O,"InChI=1S/C19H23ClN2O/c1-21(2)12-5-13-22-17-7-4-3-6-14(17)8-9-15-10-11-16(20)19(23)18(15)22/h3-4,6-7,10-11,23H,5,8-9,12-13H2,1-2H3",PQXYAUUGHKQVFC-UHFFFAOYSA-N,4.784900000000001,330.149891036
"InChI=1S/C19H23ClN2O2/c1-21(2)11-4-12-22-16-5-3-6-17(23)14(16)9-7-13-8-10-15(20)19(24)18(13)22/h3,5-6,8,10,23-24H,4,7,9,11-12H2,1-2H3",QCYLLCKPSRTNKU-UHFFFAOYSA-N,CN(C)CCCN1C2=CC=CC(=C2CCC3=C1C(=C(C=C3)Cl)O)O,,,C19H23ClN2O2,346.144805656,4.517500000000001,0,0,0,BTM00117,BTM00117,Aromatic hydroxylation of fused benzene ring,BTMR1032,"CYP1A2
CYP2B6
CYP2C8
CYP2C9
CYP2C19
CYP2D6
CYP3A4",HUMAN,BTM00009,CN(C)CCCN1C2=CC=CC=C2CCC3=C1C(=C(C=C3)Cl)O,"InChI=1S/C19H23ClN2O/c1-21(2)12-5-13-22-17-7-4-3-6-14(17)8-9-15-10-11-16(20)19(23)18(15)22/h3-4,6-7,10-11,23H,5,8-9,12-13H2,1-2H3",PQXYAUUGHKQVFC-UHFFFAOYSA-N,4.784900000000001,330.149891036
"InChI=1S/C18H21ClN2O/c1-20-11-4-12-21-16-6-3-2-5-13(16)7-8-14-9-10-15(19)18(22)17(14)21/h2-3,5-6,9-10,20,22H,4,7-8,11-12H2,1H3",WTGNXNFKTGNKNH-UHFFFAOYSA-N,N(C)CCCN1C2=CC=CC=C2CCC3=C1C(=C(C=C3)Cl)O,,,C18H21ClN2O,316.134240972,4.249000000000002,0,0,0,BTM00118,BTM00118,N-Dealkylation of acyclic tertiary amine,BTMR1142,"CYP1A2
CYP2A6
CYP2B6
CYP2C8
CYP2C9
CYP2C19
CYP2D6
CYP2E1
CYP3A4",HUMAN,BTM00009,CN(C)CCCN1C2=CC=CC=C2CCC3=C1C(=C(C=C3)Cl)O,"InChI=1S/C19H23ClN2O/c1-21(2)12-5-13-22-17-7-4-3-6-14(17)8-9-15-10-11-16(20)19(23)18(15)22/h3-4,6-7,10-11,23H,5,8-9,12-13H2,1-2H3",PQXYAUUGHKQVFC-UHFFFAOYSA-N,4.784900000000001,330.149891036
"InChI=1S/C2H7N/c1-3-2/h3H,1-2H3",ROSDSFDQCJNGOL-UHFFFAOYSA-N,CNC,,,C2H7N,45.057849223999995,-0.21580000000000035,0,0,0,BTM00014,BTM00014,N-Dealkylation of acyclic tertiary amine,BTMR1142,"CYP1A2
CYP2A6
CYP2B6
CYP2C8
CYP2C9
CYP2C19
CYP2D6
CYP2E1
CYP3A4",HUMAN,BTM00009,CN(C)CCCN1C2=CC=CC=C2CCC3=C1C(=C(C=C3)Cl)O,"InChI=1S/C19H23ClN2O/c1-21(2)12-5-13-22-17-7-4-3-6-14(17)8-9-15-10-11-16(20)19(23)18(15)22/h3-4,6-7,10-11,23H,5,8-9,12-13H2,1-2H3",PQXYAUUGHKQVFC-UHFFFAOYSA-N,4.784900000000001,330.149891036
"InChI=1S/C17H16ClNO2/c18-14-9-8-13-7-6-12-4-1-2-5-15(12)19(10-3-11-20)16(13)17(14)21/h1-2,4-5,8-9,11,21H,3,6-7,10H2",ITNIMHUFILBKOJ-UHFFFAOYSA-N,C(CCN1C2=CC=CC=C2CCC3=C1C(=C(C=C3)Cl)O)=O,,,C17H16ClNO2,301.086956432,4.335499999999999,0,0,0,BTM00119,BTM00119,N-Dealkylation of acyclic tertiary amine,BTMR1142,"CYP1A2
CYP2A6
CYP2B6
CYP2C8
CYP2C9
CYP2C19
CYP2D6
CYP2E1
CYP3A4",HUMAN,BTM00009,CN(C)CCCN1C2=CC=CC=C2CCC3=C1C(=C(C=C3)Cl)O,"InChI=1S/C19H23ClN2O/c1-21(2)12-5-13-22-17-7-4-3-6-14(17)8-9-15-10-11-16(20)19(23)18(15)22/h3-4,6-7,10-11,23H,5,8-9,12-13H2,1-2H3",PQXYAUUGHKQVFC-UHFFFAOYSA-N,4.784900000000001,330.149891036
"InChI=1S/C19H23ClN2O2/c1-21(2)10-5-11-22-16-7-4-3-6-13(16)8-9-14-17(23)12-15(20)19(24)18(14)22/h3-4,6-7,12,23-24H,5,8-11H2,1-2H3",FLARKUQJYGKZIJ-UHFFFAOYSA-N,CN(C)CCCN1C2=CC=CC=C2CCC3=C1C(=C(C=C3O)Cl)O,,,C19H23ClN2O2,346.144805656,4.517500000000001,0,0,0,BTM00120,BTM00120,Hydroxylation of aromatic carbon meta to halide group,BTMR1039,"CYP2A6
CYP2B6
CYP2C9
CYP2C19
CYP2E1
CYP3A4",HUMAN,BTM00009,CN(C)CCCN1C2=CC=CC=C2CCC3=C1C(=C(C=C3)Cl)O,"InChI=1S/C19H23ClN2O/c1-21(2)12-5-13-22-17-7-4-3-6-14(17)8-9-15-10-11-16(20)19(23)18(15)22/h3-4,6-7,10-11,23H,5,8-9,12-13H2,1-2H3",PQXYAUUGHKQVFC-UHFFFAOYSA-N,4.784900000000001,330.149891036
"InChI=1S/C19H23ClN2O2/c1-21(2)17(23)11-12-22-16-6-4-3-5-13(16)7-8-14-9-10-15(20)19(24)18(14)22/h3-6,9-10,17,23-24H,7-8,11-12H2,1-2H3",OZOGVYKGMRJFLV-UHFFFAOYSA-N,CN(C)C(CCN1C2=CC=CC=C2CCC3=C1C(=C(C=C3)Cl)O)O,,,C19H23ClN2O2,346.144805656,4.6384000000000025,0,0,0,BTM00121,BTM00121,Aliphatic hydroxylation of carbon alpha to secondary or tertiary alkyl-N,BTMR1081,"CYP2B6
CYP2C19
CYP2D6",HUMAN,BTM00009,CN(C)CCCN1C2=CC=CC=C2CCC3=C1C(=C(C=C3)Cl)O,"InChI=1S/C19H23ClN2O/c1-21(2)12-5-13-22-17-7-4-3-6-14(17)8-9-15-10-11-16(20)19(23)18(15)22/h3-4,6-7,10-11,23H,5,8-9,12-13H2,1-2H3",PQXYAUUGHKQVFC-UHFFFAOYSA-N,4.784900000000001,330.149891036
"InChI=1S/C19H23ClN2O2/c1-21(2)12-11-17(23)22-16-6-4-3-5-13(16)7-8-14-9-10-15(20)19(24)18(14)22/h3-6,9-10,17,23-24H,7-8,11-12H2,1-2H3",IQIWHNJUSURJQQ-UHFFFAOYSA-N,CN(C)CCC(N1C2=CC=CC=C2CCC3=C1C(=C(C=C3)Cl)O)O,,,C19H23ClN2O2,346.144805656,4.6384000000000025,0,0,0,BTM00122,BTM00122,Aliphatic hydroxylation of carbon alpha to secondary or tertiary alkyl-N,BTMR1081,"CYP2B6
CYP2C19
CYP2D6",HUMAN,BTM00009,CN(C)CCCN1C2=CC=CC=C2CCC3=C1C(=C(C=C3)Cl)O,"InChI=1S/C19H23ClN2O/c1-21(2)12-5-13-22-17-7-4-3-6-14(17)8-9-15-10-11-16(20)19(23)18(15)22/h3-4,6-7,10-11,23H,5,8-9,12-13H2,1-2H3",PQXYAUUGHKQVFC-UHFFFAOYSA-N,4.784900000000001,330.149891036
"InChI=1S/C5H11NO/c1-6(2)4-3-5-7/h5H,3-4H2,1-2H3",GSZKLTJTSQMAOD-UHFFFAOYSA-N,CN(C)CCC=O,,,C5H11NO,101.084063972,0.07180000000000042,0,0,0,BTM00002,BTM00002,N-Dealkylation of mixed tertiary amine,BTMR1145,"CYP1A2
CYP2A6
CYP2B6
CYP2C8
CYP2C9
CYP2C19
CYP2D6
CYP3A4",HUMAN,BTM00010,CN(C)CCCN1C2=C(C=CC=C2CCC3=C1C=C(C=C3)Cl)O,"InChI=1S/C19H23ClN2O/c1-21(2)11-4-12-22-17-13-16(20)10-9-14(17)7-8-15-5-3-6-18(23)19(15)22/h3,5-6,9-10,13,23H,4,7-8,11-12H2,1-2H3",ZVADTFDASYDPHG-UHFFFAOYSA-N,4.784900000000001,330.14989103600004
"InChI=1S/C14H12ClNO/c15-11-7-6-9-4-5-10-2-1-3-13(17)14(10)16-12(9)8-11/h1-3,6-8,16-17H,4-5H2",OAVPUVDWTNTXRO-UHFFFAOYSA-N,N1C2=C(C=CC=C2CCC3=C1C=C(C=C3)Cl)O,,,C14H12ClNO,245.060741684,4.3778999999999995,0,0,0,BTM00066,BTM00066,N-Dealkylation of mixed tertiary amine,BTMR1145,"CYP1A2
CYP2A6
CYP2B6
CYP2C8
CYP2C9
CYP2C19
CYP2D6
CYP3A4",HUMAN,BTM00010,CN(C)CCCN1C2=C(C=CC=C2CCC3=C1C=C(C=C3)Cl)O,"InChI=1S/C19H23ClN2O/c1-21(2)11-4-12-22-17-13-16(20)10-9-14(17)7-8-15-5-3-6-18(23)19(15)22/h3,5-6,9-10,13,23H,4,7-8,11-12H2,1-2H3",ZVADTFDASYDPHG-UHFFFAOYSA-N,4.784900000000001,330.14989103600004
"InChI=1S/C19H23ClN2O2/c1-21(2)11-16(23)12-22-17-10-15(20)9-8-13(17)6-7-14-4-3-5-18(24)19(14)22/h3-5,8-10,16,23-24H,6-7,11-12H2,1-2H3",AHLQXGBLOTWCBE-UHFFFAOYSA-N,CN(C)CC(CN1C2=C(C=CC=C2CCC3=C1C=C(C=C3)Cl)O)O,,,C19H23ClN2O2,346.144805656,4.211800000000001,0,0,0,BTM00075,BTM00075,Hydroxylation of acyclic aliphatic secondary carbon,BTMR1063,"CYP1A2
CYP2A6
CYP2B6
CYP2C9
CYP2E1
CYP3A4",HUMAN,BTM00010,CN(C)CCCN1C2=C(C=CC=C2CCC3=C1C=C(C=C3)Cl)O,"InChI=1S/C19H23ClN2O/c1-21(2)11-4-12-22-17-13-16(20)10-9-14(17)7-8-15-5-3-6-18(23)19(15)22/h3,5-6,9-10,13,23H,4,7-8,11-12H2,1-2H3",ZVADTFDASYDPHG-UHFFFAOYSA-N,4.784900000000001,330.14989103600004
"InChI=1S/C19H23ClN2O2/c1-21(2)10-3-11-22-16-12-15(20)8-6-13(16)4-5-14-7-9-17(23)19(24)18(14)22/h6-9,12,23-24H,3-5,10-11H2,1-2H3",INVXQDIHPCTFSX-UHFFFAOYSA-N,CN(C)CCCN1C2=C(C(=CC=C2CCC3=C1C=C(C=C3)Cl)O)O,,,C19H23ClN2O2,346.144805656,4.517500000000001,0,0,0,BTM00123,BTM00123,Aromatic hydroxylation of fused benzene ring,BTMR1030,"CYP1A2
CYP2A6
CYP2B6
CYP2C8
CYP2C9
CYP2C19
CYP2D6
CYP2E1
CYP3A4",HUMAN,BTM00010,CN(C)CCCN1C2=C(C=CC=C2CCC3=C1C=C(C=C3)Cl)O,"InChI=1S/C19H23ClN2O/c1-21(2)11-4-12-22-17-13-16(20)10-9-14(17)7-8-15-5-3-6-18(23)19(15)22/h3,5-6,9-10,13,23H,4,7-8,11-12H2,1-2H3",ZVADTFDASYDPHG-UHFFFAOYSA-N,4.784900000000001,330.14989103600004
"InChI=1S/C19H23ClN2O2/c1-21(2)8-3-9-22-17-11-15(20)7-6-13(17)4-5-14-10-16(23)12-18(24)19(14)22/h6-7,10-12,23-24H,3-5,8-9H2,1-2H3",ZJKRZOIFSQBDII-UHFFFAOYSA-N,CN(C)CCCN1C2=C(C=C(C=C2CCC3=C1C=C(C=C3)Cl)O)O,,,C19H23ClN2O2,346.144805656,4.517500000000001,0,0,0,BTM00095,BTM00095,Aromatic hydroxylation of fused benzene ring,BTMR1030,"CYP1A2
CYP2A6
CYP2B6
CYP2C8
CYP2C9
CYP2C19
CYP2D6
CYP2E1
CYP3A4",HUMAN,BTM00010,CN(C)CCCN1C2=C(C=CC=C2CCC3=C1C=C(C=C3)Cl)O,"InChI=1S/C19H23ClN2O/c1-21(2)11-4-12-22-17-13-16(20)10-9-14(17)7-8-15-5-3-6-18(23)19(15)22/h3,5-6,9-10,13,23H,4,7-8,11-12H2,1-2H3",ZVADTFDASYDPHG-UHFFFAOYSA-N,4.784900000000001,330.14989103600004
"InChI=1S/C19H23ClN2O2/c1-21(2)9-4-10-22-16-12-15(20)18(24)11-14(16)8-7-13-5-3-6-17(23)19(13)22/h3,5-6,11-12,23-24H,4,7-10H2,1-2H3",RTPDJDFQLLKXQS-UHFFFAOYSA-N,CN(C)CCCN1C2=C(C=CC=C2CCC3=C1C=C(C(=C3)O)Cl)O,,,C19H23ClN2O2,346.144805656,4.517500000000001,0,0,0,BTM00104,BTM00104,Aromatic hydroxylation of fused benzene ring,BTMR1030,"CYP1A2
CYP2A6
CYP2B6
CYP2C8
CYP2C9
CYP2C19
CYP2D6
CYP2E1
CYP3A4",HUMAN,BTM00010,CN(C)CCCN1C2=C(C=CC=C2CCC3=C1C=C(C=C3)Cl)O,"InChI=1S/C19H23ClN2O/c1-21(2)11-4-12-22-17-13-16(20)10-9-14(17)7-8-15-5-3-6-18(23)19(15)22/h3,5-6,9-10,13,23H,4,7-8,11-12H2,1-2H3",ZVADTFDASYDPHG-UHFFFAOYSA-N,4.784900000000001,330.14989103600004
"InChI=1S/C19H23ClN2O2/c1-22(2,24)12-4-11-21-17-13-16(20)10-9-14(17)7-8-15-5-3-6-18(23)19(15)21/h3,5-6,9-10,13,23H,4,7-8,11-12H2,1-2H3",GHXFJVRCGUKUPO-UHFFFAOYSA-N,C[N+](C)(CCCN1C2=C(C=CC=C2CCC3=C1C=C(C=C3)Cl)O)[O-],,,C19H23ClN2O2,346.144805656,4.379800000000001,0,0,0,BTM00112,BTM00112,N-Oxidation of aliphatic tertiary amine,BTMR1100,"CYP1A2
CYP2D6
CYP3A4",HUMAN,BTM00010,CN(C)CCCN1C2=C(C=CC=C2CCC3=C1C=C(C=C3)Cl)O,"InChI=1S/C19H23ClN2O/c1-21(2)11-4-12-22-17-13-16(20)10-9-14(17)7-8-15-5-3-6-18(23)19(15)22/h3,5-6,9-10,13,23H,4,7-8,11-12H2,1-2H3",ZVADTFDASYDPHG-UHFFFAOYSA-N,4.784900000000001,330.14989103600004
"InChI=1S/C19H23ClN2O2/c1-21(2)9-4-10-22-16-11-14(20)12-18(24)15(16)8-7-13-5-3-6-17(23)19(13)22/h3,5-6,11-12,23-24H,4,7-10H2,1-2H3",IKEPGWXSDAUQHL-UHFFFAOYSA-N,CN(C)CCCN1C2=C(C=CC=C2CCC3=C1C=C(C=C3O)Cl)O,,,C19H23ClN2O2,346.144805656,4.517500000000001,0,0,0,BTM00124,BTM00124,Aromatic hydroxylation of fused benzene ring,BTMR1032,"CYP1A2
CYP2B6
CYP2C8
CYP2C9
CYP2C19
CYP2D6
CYP3A4",HUMAN,BTM00010,CN(C)CCCN1C2=C(C=CC=C2CCC3=C1C=C(C=C3)Cl)O,"InChI=1S/C19H23ClN2O/c1-21(2)11-4-12-22-17-13-16(20)10-9-14(17)7-8-15-5-3-6-18(23)19(15)22/h3,5-6,9-10,13,23H,4,7-8,11-12H2,1-2H3",ZVADTFDASYDPHG-UHFFFAOYSA-N,4.784900000000001,330.14989103600004
"InChI=1S/C19H23ClN2O2/c1-21(2)11-4-12-22-17-13(5-3-6-16(17)23)7-8-14-9-10-15(20)19(24)18(14)22/h3,5-6,9-10,23-24H,4,7-8,11-12H2,1-2H3",NYWLAYRFXFYGIF-UHFFFAOYSA-N,CN(C)CCCN1C2=C(C=CC=C2CCC3=C1C(=C(C=C3)Cl)O)O,,,C19H23ClN2O2,346.144805656,4.517500000000001,0,0,0,BTM00116,BTM00116,Hydroxylation of aromatic carbon ortho to halide group,BTMR1040,"CYP1A2
CYP2A6
CYP2B6
CYP2C8
CYP2C9
CYP2C19
CYP2D6
CYP2E1
CYP3A4",HUMAN,BTM00010,CN(C)CCCN1C2=C(C=CC=C2CCC3=C1C=C(C=C3)Cl)O,"InChI=1S/C19H23ClN2O/c1-21(2)11-4-12-22-17-13-16(20)10-9-14(17)7-8-15-5-3-6-18(23)19(15)22/h3,5-6,9-10,13,23H,4,7-8,11-12H2,1-2H3",ZVADTFDASYDPHG-UHFFFAOYSA-N,4.784900000000001,330.14989103600004
"InChI=1S/C19H23ClN2O2/c1-21(2)9-4-10-22-16-12-15(20)18(24)11-14(16)8-7-13-5-3-6-17(23)19(13)22/h3,5-6,11-12,23-24H,4,7-10H2,1-2H3",RTPDJDFQLLKXQS-UHFFFAOYSA-N,CN(C)CCCN1C2=C(C=CC=C2CCC3=C1C=C(C(=C3)O)Cl)O,,,C19H23ClN2O2,346.144805656,4.517500000000001,0,0,0,BTM00104,BTM00104,Hydroxylation of aromatic carbon ortho to halide group,BTMR1040,"CYP1A2
CYP2A6
CYP2B6
CYP2C8
CYP2C9
CYP2C19
CYP2D6
CYP2E1
CYP3A4",HUMAN,BTM00010,CN(C)CCCN1C2=C(C=CC=C2CCC3=C1C=C(C=C3)Cl)O,"InChI=1S/C19H23ClN2O/c1-21(2)11-4-12-22-17-13-16(20)10-9-14(17)7-8-15-5-3-6-18(23)19(15)22/h3,5-6,9-10,13,23H,4,7-8,11-12H2,1-2H3",ZVADTFDASYDPHG-UHFFFAOYSA-N,4.784900000000001,330.14989103600004
"InChI=1S/C18H21ClN2O/c1-20-10-3-11-21-16-12-15(19)9-8-13(16)6-7-14-4-2-5-17(22)18(14)21/h2,4-5,8-9,12,20,22H,3,6-7,10-11H2,1H3",JBFBEVYVDROVGG-UHFFFAOYSA-N,N(C)CCCN1C2=C(C=CC=C2CCC3=C1C=C(C=C3)Cl)O,,,C18H21ClN2O,316.134240972,4.249000000000002,0,0,0,BTM00125,BTM00125,N-Dealkylation of acyclic tertiary amine,BTMR1142,"CYP1A2
CYP2A6
CYP2B6
CYP2C8
CYP2C9
CYP2C19
CYP2D6
CYP2E1
CYP3A4",HUMAN,BTM00010,CN(C)CCCN1C2=C(C=CC=C2CCC3=C1C=C(C=C3)Cl)O,"InChI=1S/C19H23ClN2O/c1-21(2)11-4-12-22-17-13-16(20)10-9-14(17)7-8-15-5-3-6-18(23)19(15)22/h3,5-6,9-10,13,23H,4,7-8,11-12H2,1-2H3",ZVADTFDASYDPHG-UHFFFAOYSA-N,4.784900000000001,330.14989103600004
"InChI=1S/C2H7N/c1-3-2/h3H,1-2H3",ROSDSFDQCJNGOL-UHFFFAOYSA-N,CNC,,,C2H7N,45.057849223999995,-0.21580000000000035,0,0,0,BTM00014,BTM00014,N-Dealkylation of acyclic tertiary amine,BTMR1142,"CYP1A2
CYP2A6
CYP2B6
CYP2C8
CYP2C9
CYP2C19
CYP2D6
CYP2E1
CYP3A4",HUMAN,BTM00010,CN(C)CCCN1C2=C(C=CC=C2CCC3=C1C=C(C=C3)Cl)O,"InChI=1S/C19H23ClN2O/c1-21(2)11-4-12-22-17-13-16(20)10-9-14(17)7-8-15-5-3-6-18(23)19(15)22/h3,5-6,9-10,13,23H,4,7-8,11-12H2,1-2H3",ZVADTFDASYDPHG-UHFFFAOYSA-N,4.784900000000001,330.14989103600004
"InChI=1S/C17H16ClNO2/c18-14-8-7-12-5-6-13-3-1-4-16(21)17(13)19(9-2-10-20)15(12)11-14/h1,3-4,7-8,10-11,21H,2,5-6,9H2",LTSLIKUCZPAWAD-UHFFFAOYSA-N,C(CCN1C2=C(C=CC=C2CCC3=C1C=C(C=C3)Cl)O)=O,,,C17H16ClNO2,301.08695643199997,4.335499999999999,0,0,0,BTM00126,BTM00126,N-Dealkylation of acyclic tertiary amine,BTMR1142,"CYP1A2
CYP2A6
CYP2B6
CYP2C8
CYP2C9
CYP2C19
CYP2D6
CYP2E1
CYP3A4",HUMAN,BTM00010,CN(C)CCCN1C2=C(C=CC=C2CCC3=C1C=C(C=C3)Cl)O,"InChI=1S/C19H23ClN2O/c1-21(2)11-4-12-22-17-13-16(20)10-9-14(17)7-8-15-5-3-6-18(23)19(15)22/h3,5-6,9-10,13,23H,4,7-8,11-12H2,1-2H3",ZVADTFDASYDPHG-UHFFFAOYSA-N,4.784900000000001,330.14989103600004
"InChI=1S/C19H23ClN2O2/c1-21(2)18(24)10-11-22-16-12-15(20)9-8-13(16)6-7-14-4-3-5-17(23)19(14)22/h3-5,8-9,12,18,23-24H,6-7,10-11H2,1-2H3",PHVFJKWNRKZMKW-UHFFFAOYSA-N,CN(C)C(CCN1C2=C(C=CC=C2CCC3=C1C=C(C=C3)Cl)O)O,,,C19H23ClN2O2,346.144805656,4.6384000000000025,0,0,0,BTM00127,BTM00127,Aliphatic hydroxylation of carbon alpha to secondary or tertiary alkyl-N,BTMR1081,"CYP2B6
CYP2C19
CYP2D6",HUMAN,BTM00010,CN(C)CCCN1C2=C(C=CC=C2CCC3=C1C=C(C=C3)Cl)O,"InChI=1S/C19H23ClN2O/c1-21(2)11-4-12-22-17-13-16(20)10-9-14(17)7-8-15-5-3-6-18(23)19(15)22/h3,5-6,9-10,13,23H,4,7-8,11-12H2,1-2H3",ZVADTFDASYDPHG-UHFFFAOYSA-N,4.784900000000001,330.14989103600004
"InChI=1S/C19H23ClN2O2/c1-21(2)11-10-18(24)22-16-12-15(20)9-8-13(16)6-7-14-4-3-5-17(23)19(14)22/h3-5,8-9,12,18,23-24H,6-7,10-11H2,1-2H3",UEEZHBXCDQLRLD-UHFFFAOYSA-N,CN(C)CCC(N1C2=C(C=CC=C2CCC3=C1C=C(C=C3)Cl)O)O,,,C19H23ClN2O2,346.144805656,4.6384000000000025,0,0,0,BTM00128,BTM00128,Aliphatic hydroxylation of carbon alpha to secondary or tertiary alkyl-N,BTMR1081,"CYP2B6
CYP2C19
CYP2D6",HUMAN,BTM00010,CN(C)CCCN1C2=C(C=CC=C2CCC3=C1C=C(C=C3)Cl)O,"InChI=1S/C19H23ClN2O/c1-21(2)11-4-12-22-17-13-16(20)10-9-14(17)7-8-15-5-3-6-18(23)19(15)22/h3,5-6,9-10,13,23H,4,7-8,11-12H2,1-2H3",ZVADTFDASYDPHG-UHFFFAOYSA-N,4.784900000000001,330.14989103600004
"InChI=1S/C5H11NO/c1-6(2)4-3-5-7/h5H,3-4H2,1-2H3",GSZKLTJTSQMAOD-UHFFFAOYSA-N,CN(C)CCC=O,,,C5H11NO,101.084063972,0.07180000000000042,0,0,0,BTM00002,BTM00002,N-Dealkylation of mixed tertiary amine,BTMR1145,"CYP1A2
CYP2A6
CYP2B6
CYP2C8
CYP2C9
CYP2C19
CYP2D6
CYP3A4",HUMAN,BTM00011,CN(C)CCCN1C2=CC=CC=C2CCC3=C1C=C(C=C3O)Cl,"InChI=1S/C19H23ClN2O/c1-21(2)10-5-11-22-17-7-4-3-6-14(17)8-9-16-18(22)12-15(20)13-19(16)23/h3-4,6-7,12-13,23H,5,8-11H2,1-2H3",PFRKZFKFEDMSKC-UHFFFAOYSA-N,4.784900000000001,330.149891036
"InChI=1S/C14H12ClNO/c15-10-7-13-11(14(17)8-10)6-5-9-3-1-2-4-12(9)16-13/h1-4,7-8,16-17H,5-6H2",YXMLETQPYVWMSK-UHFFFAOYSA-N,N1C2=CC=CC=C2CCC3=C1C=C(C=C3O)Cl,,,C14H12ClNO,245.060741684,4.3778999999999995,0,0,0,BTM00067,BTM00067,N-Dealkylation of mixed tertiary amine,BTMR1145,"CYP1A2
CYP2A6
CYP2B6
CYP2C8
CYP2C9
CYP2C19
CYP2D6
CYP3A4",HUMAN,BTM00011,CN(C)CCCN1C2=CC=CC=C2CCC3=C1C=C(C=C3O)Cl,"InChI=1S/C19H23ClN2O/c1-21(2)10-5-11-22-17-7-4-3-6-14(17)8-9-16-18(22)12-15(20)13-19(16)23/h3-4,6-7,12-13,23H,5,8-11H2,1-2H3",PFRKZFKFEDMSKC-UHFFFAOYSA-N,4.784900000000001,330.149891036
"InChI=1S/C19H23ClN2O2/c1-21(2)11-15(23)12-22-17-6-4-3-5-13(17)7-8-16-18(22)9-14(20)10-19(16)24/h3-6,9-10,15,23-24H,7-8,11-12H2,1-2H3",JZZQXCQOHDPZMI-UHFFFAOYSA-N,CN(C)CC(CN1C2=CC=CC=C2CCC3=C1C=C(C=C3O)Cl)O,,,C19H23ClN2O2,346.144805656,4.211800000000001,0,0,0,BTM00076,BTM00076,Hydroxylation of acyclic aliphatic secondary carbon,BTMR1063,"CYP1A2
CYP2A6
CYP2B6
CYP2C9
CYP2E1
CYP3A4",HUMAN,BTM00011,CN(C)CCCN1C2=CC=CC=C2CCC3=C1C=C(C=C3O)Cl,"InChI=1S/C19H23ClN2O/c1-21(2)10-5-11-22-17-7-4-3-6-14(17)8-9-16-18(22)12-15(20)13-19(16)23/h3-4,6-7,12-13,23H,5,8-11H2,1-2H3",PFRKZFKFEDMSKC-UHFFFAOYSA-N,4.784900000000001,330.149891036
"InChI=1S/C19H23ClN2O2/c1-21(2)8-3-9-22-17-12-15(23)6-4-13(17)5-7-16-18(22)10-14(20)11-19(16)24/h4,6,10-12,23-24H,3,5,7-9H2,1-2H3",MMCFWYBQBHFKKQ-UHFFFAOYSA-N,CN(C)CCCN1C2=CC(=CC=C2CCC3=C1C=C(C=C3O)Cl)O,,,C19H23ClN2O2,346.144805656,4.517500000000001,0,0,0,BTM00085,BTM00085,Aromatic hydroxylation of fused benzene ring,BTMR1030,"CYP1A2
CYP2A6
CYP2B6
CYP2C8
CYP2C9
CYP2C19
CYP2D6
CYP2E1
CYP3A4",HUMAN,BTM00011,CN(C)CCCN1C2=CC=CC=C2CCC3=C1C=C(C=C3O)Cl,"InChI=1S/C19H23ClN2O/c1-21(2)10-5-11-22-17-7-4-3-6-14(17)8-9-16-18(22)12-15(20)13-19(16)23/h3-4,6-7,12-13,23H,5,8-11H2,1-2H3",PFRKZFKFEDMSKC-UHFFFAOYSA-N,4.784900000000001,330.149891036
"InChI=1S/C19H23ClN2O2/c1-21(2)8-3-9-22-17-7-5-15(23)10-13(17)4-6-16-18(22)11-14(20)12-19(16)24/h5,7,10-12,23-24H,3-4,6,8-9H2,1-2H3",KRXZCILOGZPIBX-UHFFFAOYSA-N,CN(C)CCCN1C2=CC=C(C=C2CCC3=C1C=C(C=C3O)Cl)O,,,C19H23ClN2O2,346.14480565599996,4.517500000000001,0,0,0,BTM00096,BTM00096,Aromatic hydroxylation of fused benzene ring,BTMR1030,"CYP1A2
CYP2A6
CYP2B6
CYP2C8
CYP2C9
CYP2C19
CYP2D6
CYP2E1
CYP3A4",HUMAN,BTM00011,CN(C)CCCN1C2=CC=CC=C2CCC3=C1C=C(C=C3O)Cl,"InChI=1S/C19H23ClN2O/c1-21(2)10-5-11-22-17-7-4-3-6-14(17)8-9-16-18(22)12-15(20)13-19(16)23/h3-4,6-7,12-13,23H,5,8-11H2,1-2H3",PFRKZFKFEDMSKC-UHFFFAOYSA-N,4.784900000000001,330.149891036
"InChI=1S/C19H23ClN2O2/c1-22(2,24)11-5-10-21-17-7-4-3-6-14(17)8-9-16-18(21)12-15(20)13-19(16)23/h3-4,6-7,12-13,23H,5,8-11H2,1-2H3",FVPUAUQTJGAHAU-UHFFFAOYSA-N,C[N+](C)(CCCN1C2=CC=CC=C2CCC3=C1C=C(C=C3O)Cl)[O-],,,C19H23ClN2O2,346.144805656,4.379800000000001,0,0,0,BTM00113,BTM00113,N-Oxidation of aliphatic tertiary amine,BTMR1100,"CYP1A2
CYP2D6
CYP3A4",HUMAN,BTM00011,CN(C)CCCN1C2=CC=CC=C2CCC3=C1C=C(C=C3O)Cl,"InChI=1S/C19H23ClN2O/c1-21(2)10-5-11-22-17-7-4-3-6-14(17)8-9-16-18(22)12-15(20)13-19(16)23/h3-4,6-7,12-13,23H,5,8-11H2,1-2H3",PFRKZFKFEDMSKC-UHFFFAOYSA-N,4.784900000000001,330.149891036
"InChI=1S/C19H23ClN2O2/c1-21(2)9-4-10-22-16-11-14(20)12-18(24)15(16)8-7-13-5-3-6-17(23)19(13)22/h3,5-6,11-12,23-24H,4,7-10H2,1-2H3",IKEPGWXSDAUQHL-UHFFFAOYSA-N,CN(C)CCCN1C2=C(C=CC=C2CCC3=C1C=C(C=C3O)Cl)O,,,C19H23ClN2O2,346.144805656,4.517500000000001,0,0,0,BTM00124,BTM00124,Aromatic hydroxylation of fused benzene ring,BTMR1031,"CYP1A2
CYP2B6
CYP2C8
CYP2C9
CYP2C19
CYP2D6
CYP3A4",HUMAN,BTM00011,CN(C)CCCN1C2=CC=CC=C2CCC3=C1C=C(C=C3O)Cl,"InChI=1S/C19H23ClN2O/c1-21(2)10-5-11-22-17-7-4-3-6-14(17)8-9-16-18(22)12-15(20)13-19(16)23/h3-4,6-7,12-13,23H,5,8-11H2,1-2H3",PFRKZFKFEDMSKC-UHFFFAOYSA-N,4.784900000000001,330.149891036
"InChI=1S/C19H23ClN2O2/c1-21(2)9-4-10-22-16-5-3-6-18(23)14(16)7-8-15-17(22)11-13(20)12-19(15)24/h3,5-6,11-12,23-24H,4,7-10H2,1-2H3",QAPXKGGHWIRLBG-UHFFFAOYSA-N,CN(C)CCCN1C2=CC=CC(=C2CCC3=C1C=C(C=C3O)Cl)O,,,C19H23ClN2O2,346.144805656,4.517500000000001,0,0,0,BTM00129,BTM00129,Aromatic hydroxylation of fused benzene ring,BTMR1032,"CYP1A2
CYP2B6
CYP2C8
CYP2C9
CYP2C19
CYP2D6
CYP3A4",HUMAN,BTM00011,CN(C)CCCN1C2=CC=CC=C2CCC3=C1C=C(C=C3O)Cl,"InChI=1S/C19H23ClN2O/c1-21(2)10-5-11-22-17-7-4-3-6-14(17)8-9-16-18(22)12-15(20)13-19(16)23/h3-4,6-7,12-13,23H,5,8-11H2,1-2H3",PFRKZFKFEDMSKC-UHFFFAOYSA-N,4.784900000000001,330.149891036
"InChI=1S/C19H23ClN2O2/c1-21(2)10-5-11-22-16-7-4-3-6-13(16)8-9-14-17(23)12-15(20)19(24)18(14)22/h3-4,6-7,12,23-24H,5,8-11H2,1-2H3",FLARKUQJYGKZIJ-UHFFFAOYSA-N,CN(C)CCCN1C2=CC=CC=C2CCC3=C1C(=C(C=C3O)Cl)O,,,C19H23ClN2O2,346.144805656,4.517500000000001,0,0,0,BTM00120,BTM00120,Hydroxylation of aromatic carbon ortho to halide group,BTMR1040,"CYP1A2
CYP2A6
CYP2B6
CYP2C8
CYP2C9
CYP2C19
CYP2D6
CYP2E1
CYP3A4",HUMAN,BTM00011,CN(C)CCCN1C2=CC=CC=C2CCC3=C1C=C(C=C3O)Cl,"InChI=1S/C19H23ClN2O/c1-21(2)10-5-11-22-17-7-4-3-6-14(17)8-9-16-18(22)12-15(20)13-19(16)23/h3-4,6-7,12-13,23H,5,8-11H2,1-2H3",PFRKZFKFEDMSKC-UHFFFAOYSA-N,4.784900000000001,330.149891036
"InChI=1S/C19H23ClN2O2/c1-21(2)10-5-11-22-16-7-4-3-6-13(16)8-9-14-17(22)12-15(20)19(24)18(14)23/h3-4,6-7,12,23-24H,5,8-11H2,1-2H3",NMVPLDCHQXQOLI-UHFFFAOYSA-N,CN(C)CCCN1C2=CC=CC=C2CCC3=C1C=C(C(=C3O)O)Cl,,,C19H23ClN2O2,346.144805656,4.517500000000001,0,0,0,BTM00105,BTM00105,Hydroxylation of aromatic carbon ortho to halide group,BTMR1040,"CYP1A2
CYP2A6
CYP2B6
CYP2C8
CYP2C9
CYP2C19
CYP2D6
CYP2E1
CYP3A4",HUMAN,BTM00011,CN(C)CCCN1C2=CC=CC=C2CCC3=C1C=C(C=C3O)Cl,"InChI=1S/C19H23ClN2O/c1-21(2)10-5-11-22-17-7-4-3-6-14(17)8-9-16-18(22)12-15(20)13-19(16)23/h3-4,6-7,12-13,23H,5,8-11H2,1-2H3",PFRKZFKFEDMSKC-UHFFFAOYSA-N,4.784900000000001,330.149891036
"InChI=1S/C18H21ClN2O/c1-20-9-4-10-21-16-6-3-2-5-13(16)7-8-15-17(21)11-14(19)12-18(15)22/h2-3,5-6,11-12,20,22H,4,7-10H2,1H3",DFWSOJZGPDKCRU-UHFFFAOYSA-N,N(C)CCCN1C2=CC=CC=C2CCC3=C1C=C(C=C3O)Cl,,,C18H21ClN2O,316.134240972,4.249000000000002,0,0,0,BTM00130,BTM00130,N-Dealkylation of acyclic tertiary amine,BTMR1142,"CYP1A2
CYP2A6
CYP2B6
CYP2C8
CYP2C9
CYP2C19
CYP2D6
CYP2E1
CYP3A4",HUMAN,BTM00011,CN(C)CCCN1C2=CC=CC=C2CCC3=C1C=C(C=C3O)Cl,"InChI=1S/C19H23ClN2O/c1-21(2)10-5-11-22-17-7-4-3-6-14(17)8-9-16-18(22)12-15(20)13-19(16)23/h3-4,6-7,12-13,23H,5,8-11H2,1-2H3",PFRKZFKFEDMSKC-UHFFFAOYSA-N,4.784900000000001,330.149891036
"InChI=1S/C2H7N/c1-3-2/h3H,1-2H3",ROSDSFDQCJNGOL-UHFFFAOYSA-N,CNC,,,C2H7N,45.057849223999995,-0.21580000000000035,0,0,0,BTM00014,BTM00014,N-Dealkylation of acyclic tertiary amine,BTMR1142,"CYP1A2
CYP2A6
CYP2B6
CYP2C8
CYP2C9
CYP2C19
CYP2D6
CYP2E1
CYP3A4",HUMAN,BTM00011,CN(C)CCCN1C2=CC=CC=C2CCC3=C1C=C(C=C3O)Cl,"InChI=1S/C19H23ClN2O/c1-21(2)10-5-11-22-17-7-4-3-6-14(17)8-9-16-18(22)12-15(20)13-19(16)23/h3-4,6-7,12-13,23H,5,8-11H2,1-2H3",PFRKZFKFEDMSKC-UHFFFAOYSA-N,4.784900000000001,330.149891036
"InChI=1S/C17H16ClNO2/c18-13-10-16-14(17(21)11-13)7-6-12-4-1-2-5-15(12)19(16)8-3-9-20/h1-2,4-5,9-11,21H,3,6-8H2",KLGGMECHHFMRFE-UHFFFAOYSA-N,C(CCN1C2=CC=CC=C2CCC3=C1C=C(C=C3O)Cl)=O,,,C17H16ClNO2,301.08695643199997,4.335499999999999,0,0,0,BTM00131,BTM00131,N-Dealkylation of acyclic tertiary amine,BTMR1142,"CYP1A2
CYP2A6
CYP2B6
CYP2C8
CYP2C9
CYP2C19
CYP2D6
CYP2E1
CYP3A4",HUMAN,BTM00011,CN(C)CCCN1C2=CC=CC=C2CCC3=C1C=C(C=C3O)Cl,"InChI=1S/C19H23ClN2O/c1-21(2)10-5-11-22-17-7-4-3-6-14(17)8-9-16-18(22)12-15(20)13-19(16)23/h3-4,6-7,12-13,23H,5,8-11H2,1-2H3",PFRKZFKFEDMSKC-UHFFFAOYSA-N,4.784900000000001,330.149891036
"InChI=1S/C19H23ClN2O2/c1-21(2)19(24)9-10-22-16-6-4-3-5-13(16)7-8-15-17(22)11-14(20)12-18(15)23/h3-6,11-12,19,23-24H,7-10H2,1-2H3",ZRBCBTQOQQKXEE-UHFFFAOYSA-N,CN(C)C(CCN1C2=CC=CC=C2CCC3=C1C=C(C=C3O)Cl)O,,,C19H23ClN2O2,346.144805656,4.6384000000000025,0,0,0,BTM00132,BTM00132,Aliphatic hydroxylation of carbon alpha to secondary or tertiary alkyl-N,BTMR1081,"CYP2B6
CYP2C19
CYP2D6",HUMAN,BTM00011,CN(C)CCCN1C2=CC=CC=C2CCC3=C1C=C(C=C3O)Cl,"InChI=1S/C19H23ClN2O/c1-21(2)10-5-11-22-17-7-4-3-6-14(17)8-9-16-18(22)12-15(20)13-19(16)23/h3-4,6-7,12-13,23H,5,8-11H2,1-2H3",PFRKZFKFEDMSKC-UHFFFAOYSA-N,4.784900000000001,330.149891036
"InChI=1S/C19H23ClN2O2/c1-21(2)10-9-19(24)22-16-6-4-3-5-13(16)7-8-15-17(22)11-14(20)12-18(15)23/h3-6,11-12,19,23-24H,7-10H2,1-2H3",XAXYAWOODJPYDV-UHFFFAOYSA-N,CN(C)CCC(N1C2=CC=CC=C2CCC3=C1C=C(C=C3O)Cl)O,,,C19H23ClN2O2,346.144805656,4.6384000000000025,0,0,0,BTM00133,BTM00133,Aliphatic hydroxylation of carbon alpha to secondary or tertiary alkyl-N,BTMR1081,"CYP2B6
CYP2C19
CYP2D6",HUMAN,BTM00011,CN(C)CCCN1C2=CC=CC=C2CCC3=C1C=C(C=C3O)Cl,"InChI=1S/C19H23ClN2O/c1-21(2)10-5-11-22-17-7-4-3-6-14(17)8-9-16-18(22)12-15(20)13-19(16)23/h3-4,6-7,12-13,23H,5,8-11H2,1-2H3",PFRKZFKFEDMSKC-UHFFFAOYSA-N,4.784900000000001,330.149891036
"InChI=1S/C5H11NO/c1-6(2)4-3-5-7/h5H,3-4H2,1-2H3",GSZKLTJTSQMAOD-UHFFFAOYSA-N,CN(C)CCC=O,,,C5H11NO,101.084063972,0.07180000000000042,0,0,0,BTM00002,BTM00002,N-Dealkylation of mixed tertiary amine,BTMR1145,"CYP1A2
CYP2A6
CYP2B6
CYP2C8
CYP2C9
CYP2C19
CYP2D6
CYP3A4",HUMAN,BTM00012,CN(C)CCCN1C2=CC=CC(=C2CCC3=C1C=C(C=C3)Cl)O,"InChI=1S/C19H23ClN2O/c1-21(2)11-4-12-22-17-5-3-6-19(23)16(17)10-8-14-7-9-15(20)13-18(14)22/h3,5-7,9,13,23H,4,8,10-12H2,1-2H3",INPXEQNHQVLPFN-UHFFFAOYSA-N,4.784900000000001,330.149891036
"InChI=1S/C14H12ClNO/c15-10-6-4-9-5-7-11-12(16-13(9)8-10)2-1-3-14(11)17/h1-4,6,8,16-17H,5,7H2",CRXYSOGLHGMSIZ-UHFFFAOYSA-N,N1C2=CC=CC(=C2CCC3=C1C=C(C=C3)Cl)O,,,C14H12ClNO,245.060741684,4.3778999999999995,0,0,0,BTM00068,BTM00068,N-Dealkylation of mixed tertiary amine,BTMR1145,"CYP1A2
CYP2A6
CYP2B6
CYP2C8
CYP2C9
CYP2C19
CYP2D6
CYP3A4",HUMAN,BTM00012,CN(C)CCCN1C2=CC=CC(=C2CCC3=C1C=C(C=C3)Cl)O,"InChI=1S/C19H23ClN2O/c1-21(2)11-4-12-22-17-5-3-6-19(23)16(17)10-8-14-7-9-15(20)13-18(14)22/h3,5-7,9,13,23H,4,8,10-12H2,1-2H3",INPXEQNHQVLPFN-UHFFFAOYSA-N,4.784900000000001,330.149891036
"InChI=1S/C19H23ClN2O2/c1-21(2)11-15(23)12-22-17-4-3-5-19(24)16(17)9-7-13-6-8-14(20)10-18(13)22/h3-6,8,10,15,23-24H,7,9,11-12H2,1-2H3",XHCWQVRXEZMFPO-UHFFFAOYSA-N,CN(C)CC(CN1C2=CC=CC(=C2CCC3=C1C=C(C=C3)Cl)O)O,,,C19H23ClN2O2,346.144805656,4.211800000000001,0,0,0,BTM00077,BTM00077,Hydroxylation of acyclic aliphatic secondary carbon,BTMR1063,"CYP1A2
CYP2A6
CYP2B6
CYP2C9
CYP2E1
CYP3A4",HUMAN,BTM00012,CN(C)CCCN1C2=CC=CC(=C2CCC3=C1C=C(C=C3)Cl)O,"InChI=1S/C19H23ClN2O/c1-21(2)11-4-12-22-17-5-3-6-19(23)16(17)10-8-14-7-9-15(20)13-18(14)22/h3,5-7,9,13,23H,4,8,10-12H2,1-2H3",INPXEQNHQVLPFN-UHFFFAOYSA-N,4.784900000000001,330.149891036
"InChI=1S/C19H23ClN2O2/c1-21(2)8-3-9-22-17-10-14(20)6-4-13(17)5-7-16-18(22)11-15(23)12-19(16)24/h4,6,10-12,23-24H,3,5,7-9H2,1-2H3",GDRONXANLHUEDH-UHFFFAOYSA-N,CN(C)CCCN1C2=CC(=CC(=C2CCC3=C1C=C(C=C3)Cl)O)O,,,C19H23ClN2O2,346.144805656,4.517500000000001,0,0,0,BTM00086,BTM00086,Aromatic hydroxylation of fused benzene ring,BTMR1030,"CYP1A2
CYP2A6
CYP2B6
CYP2C8
CYP2C9
CYP2C19
CYP2D6
CYP2E1
CYP3A4",HUMAN,BTM00012,CN(C)CCCN1C2=CC=CC(=C2CCC3=C1C=C(C=C3)Cl)O,"InChI=1S/C19H23ClN2O/c1-21(2)11-4-12-22-17-5-3-6-19(23)16(17)10-8-14-7-9-15(20)13-18(14)22/h3,5-7,9,13,23H,4,8,10-12H2,1-2H3",INPXEQNHQVLPFN-UHFFFAOYSA-N,4.784900000000001,330.149891036
"InChI=1S/C19H23ClN2O2/c1-21(2)10-3-11-22-16-8-9-18(23)19(24)15(16)7-5-13-4-6-14(20)12-17(13)22/h4,6,8-9,12,23-24H,3,5,7,10-11H2,1-2H3",MWOITBCASFRHQE-UHFFFAOYSA-N,CN(C)CCCN1C2=CC=C(C(=C2CCC3=C1C=C(C=C3)Cl)O)O,,,C19H23ClN2O2,346.144805656,4.517500000000001,0,0,0,BTM00097,BTM00097,Aromatic hydroxylation of fused benzene ring,BTMR1030,"CYP1A2
CYP2A6
CYP2B6
CYP2C8
CYP2C9
CYP2C19
CYP2D6
CYP2E1
CYP3A4",HUMAN,BTM00012,CN(C)CCCN1C2=CC=CC(=C2CCC3=C1C=C(C=C3)Cl)O,"InChI=1S/C19H23ClN2O/c1-21(2)11-4-12-22-17-5-3-6-19(23)16(17)10-8-14-7-9-15(20)13-18(14)22/h3,5-7,9,13,23H,4,8,10-12H2,1-2H3",INPXEQNHQVLPFN-UHFFFAOYSA-N,4.784900000000001,330.149891036
"InChI=1S/C19H23ClN2O2/c1-21(2)9-4-10-22-16-5-3-6-18(23)14(16)8-7-13-11-19(24)15(20)12-17(13)22/h3,5-6,11-12,23-24H,4,7-10H2,1-2H3",ATQHWSRIFLYIDK-UHFFFAOYSA-N,CN(C)CCCN1C2=CC=CC(=C2CCC3=C1C=C(C(=C3)O)Cl)O,,,C19H23ClN2O2,346.144805656,4.517500000000001,0,0,0,BTM00106,BTM00106,Aromatic hydroxylation of fused benzene ring,BTMR1030,"CYP1A2
CYP2A6
CYP2B6
CYP2C8
CYP2C9
CYP2C19
CYP2D6
CYP2E1
CYP3A4",HUMAN,BTM00012,CN(C)CCCN1C2=CC=CC(=C2CCC3=C1C=C(C=C3)Cl)O,"InChI=1S/C19H23ClN2O/c1-21(2)11-4-12-22-17-5-3-6-19(23)16(17)10-8-14-7-9-15(20)13-18(14)22/h3,5-7,9,13,23H,4,8,10-12H2,1-2H3",INPXEQNHQVLPFN-UHFFFAOYSA-N,4.784900000000001,330.149891036
"InChI=1S/C19H23ClN2O2/c1-22(2,24)12-4-11-21-17-5-3-6-19(23)16(17)10-8-14-7-9-15(20)13-18(14)21/h3,5-7,9,13,23H,4,8,10-12H2,1-2H3",LBOGMJGWXMLCBY-UHFFFAOYSA-N,C[N+](C)(CCCN1C2=CC=CC(=C2CCC3=C1C=C(C=C3)Cl)O)[O-],,,C19H23ClN2O2,346.144805656,4.379800000000001,0,0,0,BTM00114,BTM00114,N-Oxidation of aliphatic tertiary amine,BTMR1100,"CYP1A2
CYP2D6
CYP3A4",HUMAN,BTM00012,CN(C)CCCN1C2=CC=CC(=C2CCC3=C1C=C(C=C3)Cl)O,"InChI=1S/C19H23ClN2O/c1-21(2)11-4-12-22-17-5-3-6-19(23)16(17)10-8-14-7-9-15(20)13-18(14)22/h3,5-7,9,13,23H,4,8,10-12H2,1-2H3",INPXEQNHQVLPFN-UHFFFAOYSA-N,4.784900000000001,330.149891036
"InChI=1S/C19H23ClN2O2/c1-21(2)9-4-10-22-16-5-3-6-18(23)14(16)7-8-15-17(22)11-13(20)12-19(15)24/h3,5-6,11-12,23-24H,4,7-10H2,1-2H3",QAPXKGGHWIRLBG-UHFFFAOYSA-N,CN(C)CCCN1C2=CC=CC(=C2CCC3=C1C=C(C=C3O)Cl)O,,,C19H23ClN2O2,346.144805656,4.517500000000001,0,0,0,BTM00129,BTM00129,Aromatic hydroxylation of fused benzene ring,BTMR1032,"CYP1A2
CYP2B6
CYP2C8
CYP2C9
CYP2C19
CYP2D6
CYP3A4",HUMAN,BTM00012,CN(C)CCCN1C2=CC=CC(=C2CCC3=C1C=C(C=C3)Cl)O,"InChI=1S/C19H23ClN2O/c1-21(2)11-4-12-22-17-5-3-6-19(23)16(17)10-8-14-7-9-15(20)13-18(14)22/h3,5-7,9,13,23H,4,8,10-12H2,1-2H3",INPXEQNHQVLPFN-UHFFFAOYSA-N,4.784900000000001,330.149891036
"InChI=1S/C19H23ClN2O2/c1-21(2)11-4-12-22-16-5-3-6-17(23)14(16)9-7-13-8-10-15(20)19(24)18(13)22/h3,5-6,8,10,23-24H,4,7,9,11-12H2,1-2H3",QCYLLCKPSRTNKU-UHFFFAOYSA-N,CN(C)CCCN1C2=CC=CC(=C2CCC3=C1C(=C(C=C3)Cl)O)O,,,C19H23ClN2O2,346.144805656,4.517500000000001,0,0,0,BTM00117,BTM00117,Hydroxylation of aromatic carbon ortho to halide group,BTMR1040,"CYP1A2
CYP2A6
CYP2B6
CYP2C8
CYP2C9
CYP2C19
CYP2D6
CYP2E1
CYP3A4",HUMAN,BTM00012,CN(C)CCCN1C2=CC=CC(=C2CCC3=C1C=C(C=C3)Cl)O,"InChI=1S/C19H23ClN2O/c1-21(2)11-4-12-22-17-5-3-6-19(23)16(17)10-8-14-7-9-15(20)13-18(14)22/h3,5-7,9,13,23H,4,8,10-12H2,1-2H3",INPXEQNHQVLPFN-UHFFFAOYSA-N,4.784900000000001,330.149891036
"InChI=1S/C19H23ClN2O2/c1-21(2)9-4-10-22-16-5-3-6-18(23)14(16)8-7-13-11-19(24)15(20)12-17(13)22/h3,5-6,11-12,23-24H,4,7-10H2,1-2H3",ATQHWSRIFLYIDK-UHFFFAOYSA-N,CN(C)CCCN1C2=CC=CC(=C2CCC3=C1C=C(C(=C3)O)Cl)O,,,C19H23ClN2O2,346.144805656,4.517500000000001,0,0,0,BTM00106,BTM00106,Hydroxylation of aromatic carbon ortho to halide group,BTMR1040,"CYP1A2
CYP2A6
CYP2B6
CYP2C8
CYP2C9
CYP2C19
CYP2D6
CYP2E1
CYP3A4",HUMAN,BTM00012,CN(C)CCCN1C2=CC=CC(=C2CCC3=C1C=C(C=C3)Cl)O,"InChI=1S/C19H23ClN2O/c1-21(2)11-4-12-22-17-5-3-6-19(23)16(17)10-8-14-7-9-15(20)13-18(14)22/h3,5-7,9,13,23H,4,8,10-12H2,1-2H3",INPXEQNHQVLPFN-UHFFFAOYSA-N,4.784900000000001,330.149891036
"InChI=1S/C18H21ClN2O/c1-20-10-3-11-21-16-4-2-5-18(22)15(16)9-7-13-6-8-14(19)12-17(13)21/h2,4-6,8,12,20,22H,3,7,9-11H2,1H3",HURXSDYLRQSNES-UHFFFAOYSA-N,N(C)CCCN1C2=CC=CC(=C2CCC3=C1C=C(C=C3)Cl)O,,,C18H21ClN2O,316.134240972,4.249000000000002,0,0,0,BTM00134,BTM00134,N-Dealkylation of acyclic tertiary amine,BTMR1142,"CYP1A2
CYP2A6
CYP2B6
CYP2C8
CYP2C9
CYP2C19
CYP2D6
CYP2E1
CYP3A4",HUMAN,BTM00012,CN(C)CCCN1C2=CC=CC(=C2CCC3=C1C=C(C=C3)Cl)O,"InChI=1S/C19H23ClN2O/c1-21(2)11-4-12-22-17-5-3-6-19(23)16(17)10-8-14-7-9-15(20)13-18(14)22/h3,5-7,9,13,23H,4,8,10-12H2,1-2H3",INPXEQNHQVLPFN-UHFFFAOYSA-N,4.784900000000001,330.149891036
"InChI=1S/C2H7N/c1-3-2/h3H,1-2H3",ROSDSFDQCJNGOL-UHFFFAOYSA-N,CNC,,,C2H7N,45.057849223999995,-0.21580000000000035,0,0,0,BTM00014,BTM00014,N-Dealkylation of acyclic tertiary amine,BTMR1142,"CYP1A2
CYP2A6
CYP2B6
CYP2C8
CYP2C9
CYP2C19
CYP2D6
CYP2E1
CYP3A4",HUMAN,BTM00012,CN(C)CCCN1C2=CC=CC(=C2CCC3=C1C=C(C=C3)Cl)O,"InChI=1S/C19H23ClN2O/c1-21(2)11-4-12-22-17-5-3-6-19(23)16(17)10-8-14-7-9-15(20)13-18(14)22/h3,5-7,9,13,23H,4,8,10-12H2,1-2H3",INPXEQNHQVLPFN-UHFFFAOYSA-N,4.784900000000001,330.149891036
"InChI=1S/C17H16ClNO2/c18-13-7-5-12-6-8-14-15(3-1-4-17(14)21)19(9-2-10-20)16(12)11-13/h1,3-5,7,10-11,21H,2,6,8-9H2",MFFFOJKZIILNGT-UHFFFAOYSA-N,C(CCN1C2=CC=CC(=C2CCC3=C1C=C(C=C3)Cl)O)=O,,,C17H16ClNO2,301.086956432,4.335499999999999,0,0,0,BTM00135,BTM00135,N-Dealkylation of acyclic tertiary amine,BTMR1142,"CYP1A2
CYP2A6
CYP2B6
CYP2C8
CYP2C9
CYP2C19
CYP2D6
CYP2E1
CYP3A4",HUMAN,BTM00012,CN(C)CCCN1C2=CC=CC(=C2CCC3=C1C=C(C=C3)Cl)O,"InChI=1S/C19H23ClN2O/c1-21(2)11-4-12-22-17-5-3-6-19(23)16(17)10-8-14-7-9-15(20)13-18(14)22/h3,5-7,9,13,23H,4,8,10-12H2,1-2H3",INPXEQNHQVLPFN-UHFFFAOYSA-N,4.784900000000001,330.149891036
"InChI=1S/C19H23ClN2O2/c1-21(2)19(24)10-11-22-16-4-3-5-18(23)15(16)9-7-13-6-8-14(20)12-17(13)22/h3-6,8,12,19,23-24H,7,9-11H2,1-2H3",AQLUTZYLBKOIMG-UHFFFAOYSA-N,CN(C)C(CCN1C2=CC=CC(=C2CCC3=C1C=C(C=C3)Cl)O)O,,,C19H23ClN2O2,346.144805656,4.6384000000000025,0,0,0,BTM00136,BTM00136,Aliphatic hydroxylation of carbon alpha to secondary or tertiary alkyl-N,BTMR1081,"CYP2B6
CYP2C19
CYP2D6",HUMAN,BTM00012,CN(C)CCCN1C2=CC=CC(=C2CCC3=C1C=C(C=C3)Cl)O,"InChI=1S/C19H23ClN2O/c1-21(2)11-4-12-22-17-5-3-6-19(23)16(17)10-8-14-7-9-15(20)13-18(14)22/h3,5-7,9,13,23H,4,8,10-12H2,1-2H3",INPXEQNHQVLPFN-UHFFFAOYSA-N,4.784900000000001,330.149891036
"InChI=1S/C19H23ClN2O2/c1-21(2)11-10-19(24)22-16-4-3-5-18(23)15(16)9-7-13-6-8-14(20)12-17(13)22/h3-6,8,12,19,23-24H,7,9-11H2,1-2H3",SDFOXRGUMUGLFB-UHFFFAOYSA-N,CN(C)CCC(N1C2=CC=CC(=C2CCC3=C1C=C(C=C3)Cl)O)O,,,C19H23ClN2O2,346.144805656,4.6384000000000025,0,0,0,BTM00137,BTM00137,Aliphatic hydroxylation of carbon alpha to secondary or tertiary alkyl-N,BTMR1081,"CYP2B6
CYP2C19
CYP2D6",HUMAN,BTM00012,CN(C)CCCN1C2=CC=CC(=C2CCC3=C1C=C(C=C3)Cl)O,"InChI=1S/C19H23ClN2O/c1-21(2)11-4-12-22-17-5-3-6-19(23)16(17)10-8-14-7-9-15(20)13-18(14)22/h3,5-7,9,13,23H,4,8,10-12H2,1-2H3",INPXEQNHQVLPFN-UHFFFAOYSA-N,4.784900000000001,330.149891036
"InChI=1S/C4H9NO/c1-5-3-2-4-6/h4-5H,2-3H2,1H3",AAOIVJJZEDSKPA-UHFFFAOYSA-N,N(C)CCC=O,,,C4H9NO,87.068413908,-0.464099999999999,0,0,0,BTM00059,BTM00059,N-Dealkylation of mixed tertiary amine,BTMR1145,"CYP1A2
CYP2A6
CYP2B6
CYP2C8
CYP2C9
CYP2C19
CYP2D6
CYP3A4",HUMAN,BTM00013,N(C)CCCN1C2=CC=CC=C2CCC3=C1C=C(C=C3)Cl,"InChI=1S/C18H21ClN2/c1-20-11-4-12-21-17-6-3-2-5-14(17)7-8-15-9-10-16(19)13-18(15)21/h2-3,5-6,9-10,13,20H,4,7-8,11-12H2,1H3",VPIXQGUBUKFLRF-UHFFFAOYSA-N,4.5164,300.139326352
"InChI=1S/C14H12ClN/c15-12-8-7-11-6-5-10-3-1-2-4-13(10)16-14(11)9-12/h1-4,7-9,16H,5-6H2",MHUXTOYYIDFXRF-UHFFFAOYSA-N,N1C2=CC=CC=C2CCC3=C1C=C(C=C3)Cl,,,C14H12ClN,229.065827064,4.645300000000001,0,0,0,BTM00003,BTM00003,N-Dealkylation of mixed tertiary amine,BTMR1145,"CYP1A2
CYP2A6
CYP2B6
CYP2C8
CYP2C9
CYP2C19
CYP2D6
CYP3A4",HUMAN,BTM00013,N(C)CCCN1C2=CC=CC=C2CCC3=C1C=C(C=C3)Cl,"InChI=1S/C18H21ClN2/c1-20-11-4-12-21-17-6-3-2-5-14(17)7-8-15-9-10-16(19)13-18(15)21/h2-3,5-6,9-10,13,20H,4,7-8,11-12H2,1H3",VPIXQGUBUKFLRF-UHFFFAOYSA-N,4.5164,300.139326352
"InChI=1S/C18H21ClN2O/c1-20-11-16(22)12-21-17-5-3-2-4-13(17)6-7-14-8-9-15(19)10-18(14)21/h2-5,8-10,16,20,22H,6-7,11-12H2,1H3",YVLVGHGHVBOYGD-UHFFFAOYSA-N,N(C)CC(CN1C2=CC=CC=C2CCC3=C1C=C(C=C3)Cl)O,,,C18H21ClN2O,316.13424097200004,3.9432999999999976,0,0,0,BTM00078,BTM00078,Hydroxylation of acyclic aliphatic secondary carbon,BTMR1063,"CYP1A2
CYP2A6
CYP2B6
CYP2C9
CYP2E1
CYP3A4",HUMAN,BTM00013,N(C)CCCN1C2=CC=CC=C2CCC3=C1C=C(C=C3)Cl,"InChI=1S/C18H21ClN2/c1-20-11-4-12-21-17-6-3-2-5-14(17)7-8-15-9-10-16(19)13-18(15)21/h2-3,5-6,9-10,13,20H,4,7-8,11-12H2,1H3",VPIXQGUBUKFLRF-UHFFFAOYSA-N,4.5164,300.139326352
"InChI=1S/C18H21ClN2O/c1-20-9-2-10-21-17-11-15(19)7-5-13(17)3-4-14-6-8-16(22)12-18(14)21/h5-8,11-12,20,22H,2-4,9-10H2,1H3",GKPAKXYAQBAYCP-UHFFFAOYSA-N,N(C)CCCN1C2=CC(=CC=C2CCC3=C1C=C(C=C3)Cl)O,,,C18H21ClN2O,316.134240972,4.249000000000002,0,0,0,BTM00088,BTM00088,Aromatic hydroxylation of fused benzene ring,BTMR1030,"CYP1A2
CYP2A6
CYP2B6
CYP2C8
CYP2C9
CYP2C19
CYP2D6
CYP2E1
CYP3A4",HUMAN,BTM00013,N(C)CCCN1C2=CC=CC=C2CCC3=C1C=C(C=C3)Cl,"InChI=1S/C18H21ClN2/c1-20-11-4-12-21-17-6-3-2-5-14(17)7-8-15-9-10-16(19)13-18(15)21/h2-3,5-6,9-10,13,20H,4,7-8,11-12H2,1H3",VPIXQGUBUKFLRF-UHFFFAOYSA-N,4.5164,300.139326352
"InChI=1S/C18H21ClN2O/c1-20-9-2-10-21-17-8-7-16(22)11-14(17)4-3-13-5-6-15(19)12-18(13)21/h5-8,11-12,20,22H,2-4,9-10H2,1H3",MRLCQGACIDFFSH-UHFFFAOYSA-N,N(C)CCCN1C2=CC=C(C=C2CCC3=C1C=C(C=C3)Cl)O,,,C18H21ClN2O,316.134240972,4.249000000000002,0,0,0,BTM00098,BTM00098,Aromatic hydroxylation of fused benzene ring,BTMR1030,"CYP1A2
CYP2A6
CYP2B6
CYP2C8
CYP2C9
CYP2C19
CYP2D6
CYP2E1
CYP3A4",HUMAN,BTM00013,N(C)CCCN1C2=CC=CC=C2CCC3=C1C=C(C=C3)Cl,"InChI=1S/C18H21ClN2/c1-20-11-4-12-21-17-6-3-2-5-14(17)7-8-15-9-10-16(19)13-18(15)21/h2-3,5-6,9-10,13,20H,4,7-8,11-12H2,1H3",VPIXQGUBUKFLRF-UHFFFAOYSA-N,4.5164,300.139326352
"InChI=1S/C18H21ClN2O/c1-20-9-4-10-21-16-6-3-2-5-13(16)7-8-14-11-18(22)15(19)12-17(14)21/h2-3,5-6,11-12,20,22H,4,7-10H2,1H3",BTEFPKOBUHDJSN-UHFFFAOYSA-N,N(C)CCCN1C2=CC=CC=C2CCC3=C1C=C(C(=C3)O)Cl,,,C18H21ClN2O,316.13424097200004,4.249000000000002,0,0,0,BTM00107,BTM00107,Aromatic hydroxylation of fused benzene ring,BTMR1030,"CYP1A2
CYP2A6
CYP2B6
CYP2C8
CYP2C9
CYP2C19
CYP2D6
CYP2E1
CYP3A4",HUMAN,BTM00013,N(C)CCCN1C2=CC=CC=C2CCC3=C1C=C(C=C3)Cl,"InChI=1S/C18H21ClN2/c1-20-11-4-12-21-17-6-3-2-5-14(17)7-8-15-9-10-16(19)13-18(15)21/h2-3,5-6,9-10,13,20H,4,7-8,11-12H2,1H3",VPIXQGUBUKFLRF-UHFFFAOYSA-N,4.5164,300.139326352
"InChI=1S/C18H21ClN2O/c1-20-11-4-12-21-16-6-3-2-5-13(16)7-8-14-9-10-15(19)18(22)17(14)21/h2-3,5-6,9-10,20,22H,4,7-8,11-12H2,1H3",WTGNXNFKTGNKNH-UHFFFAOYSA-N,N(C)CCCN1C2=CC=CC=C2CCC3=C1C(=C(C=C3)Cl)O,,,C18H21ClN2O,316.134240972,4.249000000000002,0,0,0,BTM00118,BTM00118,Aromatic hydroxylation of fused benzene ring,BTMR1031,"CYP1A2
CYP2B6
CYP2C8
CYP2C9
CYP2C19
CYP2D6
CYP3A4",HUMAN,BTM00013,N(C)CCCN1C2=CC=CC=C2CCC3=C1C=C(C=C3)Cl,"InChI=1S/C18H21ClN2/c1-20-11-4-12-21-17-6-3-2-5-14(17)7-8-15-9-10-16(19)13-18(15)21/h2-3,5-6,9-10,13,20H,4,7-8,11-12H2,1H3",VPIXQGUBUKFLRF-UHFFFAOYSA-N,4.5164,300.139326352
"InChI=1S/C18H21ClN2O/c1-20-10-3-11-21-16-12-15(19)9-8-13(16)6-7-14-4-2-5-17(22)18(14)21/h2,4-5,8-9,12,20,22H,3,6-7,10-11H2,1H3",JBFBEVYVDROVGG-UHFFFAOYSA-N,N(C)CCCN1C2=C(C=CC=C2CCC3=C1C=C(C=C3)Cl)O,,,C18H21ClN2O,316.134240972,4.249000000000002,0,0,0,BTM00125,BTM00125,Aromatic hydroxylation of fused benzene ring,BTMR1031,"CYP1A2
CYP2B6
CYP2C8
CYP2C9
CYP2C19
CYP2D6
CYP3A4",HUMAN,BTM00013,N(C)CCCN1C2=CC=CC=C2CCC3=C1C=C(C=C3)Cl,"InChI=1S/C18H21ClN2/c1-20-11-4-12-21-17-6-3-2-5-14(17)7-8-15-9-10-16(19)13-18(15)21/h2-3,5-6,9-10,13,20H,4,7-8,11-12H2,1H3",VPIXQGUBUKFLRF-UHFFFAOYSA-N,4.5164,300.139326352
"InChI=1S/C18H21ClN2O/c1-20-9-4-10-21-16-6-3-2-5-13(16)7-8-15-17(21)11-14(19)12-18(15)22/h2-3,5-6,11-12,20,22H,4,7-10H2,1H3",DFWSOJZGPDKCRU-UHFFFAOYSA-N,N(C)CCCN1C2=CC=CC=C2CCC3=C1C=C(C=C3O)Cl,,,C18H21ClN2O,316.134240972,4.249000000000002,0,0,0,BTM00130,BTM00130,Aromatic hydroxylation of fused benzene ring,BTMR1032,"CYP1A2
CYP2B6
CYP2C8
CYP2C9
CYP2C19
CYP2D6
CYP3A4",HUMAN,BTM00013,N(C)CCCN1C2=CC=CC=C2CCC3=C1C=C(C=C3)Cl,"InChI=1S/C18H21ClN2/c1-20-11-4-12-21-17-6-3-2-5-14(17)7-8-15-9-10-16(19)13-18(15)21/h2-3,5-6,9-10,13,20H,4,7-8,11-12H2,1H3",VPIXQGUBUKFLRF-UHFFFAOYSA-N,4.5164,300.139326352
"InChI=1S/C18H21ClN2O/c1-20-10-3-11-21-16-4-2-5-18(22)15(16)9-7-13-6-8-14(19)12-17(13)21/h2,4-6,8,12,20,22H,3,7,9-11H2,1H3",HURXSDYLRQSNES-UHFFFAOYSA-N,N(C)CCCN1C2=CC=CC(=C2CCC3=C1C=C(C=C3)Cl)O,,,C18H21ClN2O,316.134240972,4.249000000000002,0,0,0,BTM00134,BTM00134,Aromatic hydroxylation of fused benzene ring,BTMR1032,"CYP1A2
CYP2B6
CYP2C8
CYP2C9
CYP2C19
CYP2D6
CYP3A4",HUMAN,BTM00013,N(C)CCCN1C2=CC=CC=C2CCC3=C1C=C(C=C3)Cl,"InChI=1S/C18H21ClN2/c1-20-11-4-12-21-17-6-3-2-5-14(17)7-8-15-9-10-16(19)13-18(15)21/h2-3,5-6,9-10,13,20H,4,7-8,11-12H2,1H3",VPIXQGUBUKFLRF-UHFFFAOYSA-N,4.5164,300.139326352
"InChI=1S/CH5N/c1-2/h2H2,1H3",BAVYZALUXZFZLV-UHFFFAOYSA-N,NC,,,CH5N,31.042199159999996,-0.6476000000000002,0,0,0,BTM00138,BTM00138,N-Dealkylation of acyclic secondary amine,BTMR1140,"CYP1A2
CYP2B6
CYP2C8
CYP2C9
CYP2C19
CYP2D6
CYP3A4",HUMAN,BTM00013,N(C)CCCN1C2=CC=CC=C2CCC3=C1C=C(C=C3)Cl,"InChI=1S/C18H21ClN2/c1-20-11-4-12-21-17-6-3-2-5-14(17)7-8-15-9-10-16(19)13-18(15)21/h2-3,5-6,9-10,13,20H,4,7-8,11-12H2,1H3",VPIXQGUBUKFLRF-UHFFFAOYSA-N,4.5164,300.139326352
"InChI=1S/C17H16ClNO/c18-15-9-8-14-7-6-13-4-1-2-5-16(13)19(10-3-11-20)17(14)12-15/h1-2,4-5,8-9,11-12H,3,6-7,10H2",ALHXXKIGUWKTGO-UHFFFAOYSA-N,C(CCN1C2=CC=CC=C2CCC3=C1C=C(C=C3)Cl)=O,,,C17H16ClNO,285.09204181200005,4.602899999999999,0,0,0,BTM00015,BTM00015,N-Dealkylation of acyclic secondary amine,BTMR1140,"CYP1A2
CYP2B6
CYP2C8
CYP2C9
CYP2C19
CYP2D6
CYP3A4",HUMAN,BTM00013,N(C)CCCN1C2=CC=CC=C2CCC3=C1C=C(C=C3)Cl,"InChI=1S/C18H21ClN2/c1-20-11-4-12-21-17-6-3-2-5-14(17)7-8-15-9-10-16(19)13-18(15)21/h2-3,5-6,9-10,13,20H,4,7-8,11-12H2,1H3",VPIXQGUBUKFLRF-UHFFFAOYSA-N,4.5164,300.139326352
"InChI=1S/C17H19ClN2/c18-15-9-8-14-7-6-13-4-1-2-5-16(13)20(11-3-10-19)17(14)12-15/h1-2,4-5,8-9,12H,3,6-7,10-11,19H2",LHDZEFLZJRLKPT-UHFFFAOYSA-N,NCCCN1C2=CC=CC=C2CCC3=C1C=C(C=C3)Cl,,,C17H19ClN2,286.123676288,4.0846,0,0,0,BTM00139,BTM00139,N-Dealkylation of acyclic secondary amine,BTMR1140,"CYP1A2
CYP2B6
CYP2C8
CYP2C9
CYP2C19
CYP2D6
CYP3A4",HUMAN,BTM00013,N(C)CCCN1C2=CC=CC=C2CCC3=C1C=C(C=C3)Cl,"InChI=1S/C18H21ClN2/c1-20-11-4-12-21-17-6-3-2-5-14(17)7-8-15-9-10-16(19)13-18(15)21/h2-3,5-6,9-10,13,20H,4,7-8,11-12H2,1H3",VPIXQGUBUKFLRF-UHFFFAOYSA-N,4.5164,300.139326352
"InChI=1S/C18H21ClN2O/c1-20-11-10-18(22)21-16-5-3-2-4-13(16)6-7-14-8-9-15(19)12-17(14)21/h2-5,8-9,12,18,20,22H,6-7,10-11H2,1H3",GRPVOCUAQFNMNI-UHFFFAOYSA-N,N(C)CCC(N1C2=CC=CC=C2CCC3=C1C=C(C=C3)Cl)O,,,C18H21ClN2O,316.13424097200004,4.3698999999999995,0,0,0,BTM00140,BTM00140,Aliphatic hydroxylation of carbon alpha to secondary or tertiary alkyl-N,BTMR1081,"CYP2B6
CYP2C19
CYP2D6",HUMAN,BTM00013,N(C)CCCN1C2=CC=CC=C2CCC3=C1C=C(C=C3)Cl,"InChI=1S/C18H21ClN2/c1-20-11-4-12-21-17-6-3-2-5-14(17)7-8-15-9-10-16(19)13-18(15)21/h2-3,5-6,9-10,13,20H,4,7-8,11-12H2,1H3",VPIXQGUBUKFLRF-UHFFFAOYSA-N,4.5164,300.139326352
"InChI=1S/C3H4O2/c4-2-1-3-5/h2-3H,1H2",WSMYVTOQOOLQHP-UHFFFAOYSA-N,C(CC=O)=O,,,C3H4O2,72.021129368,-0.3500000000000001,0,0,0,BTM00060,BTM00060,N-Dealkylation of mixed tertiary amine,BTMR1145,"CYP1A2
CYP2A6
CYP2B6
CYP2C8
CYP2C9
CYP2C19
CYP2D6
CYP3A4",HUMAN,BTM00015,C(CCN1C2=CC=CC=C2CCC3=C1C=C(C=C3)Cl)=O,"InChI=1S/C17H16ClNO/c18-15-9-8-14-7-6-13-4-1-2-5-16(13)19(10-3-11-20)17(14)12-15/h1-2,4-5,8-9,11-12H,3,6-7,10H2",ALHXXKIGUWKTGO-UHFFFAOYSA-N,4.602899999999999,285.09204181200005
"InChI=1S/C14H12ClN/c15-12-8-7-11-6-5-10-3-1-2-4-13(10)16-14(11)9-12/h1-4,7-9,16H,5-6H2",MHUXTOYYIDFXRF-UHFFFAOYSA-N,N1C2=CC=CC=C2CCC3=C1C=C(C=C3)Cl,,,C14H12ClN,229.065827064,4.645300000000001,0,0,0,BTM00003,BTM00003,N-Dealkylation of mixed tertiary amine,BTMR1145,"CYP1A2
CYP2A6
CYP2B6
CYP2C8
CYP2C9
CYP2C19
CYP2D6
CYP3A4",HUMAN,BTM00015,C(CCN1C2=CC=CC=C2CCC3=C1C=C(C=C3)Cl)=O,"InChI=1S/C17H16ClNO/c18-15-9-8-14-7-6-13-4-1-2-5-16(13)19(10-3-11-20)17(14)12-15/h1-2,4-5,8-9,11-12H,3,6-7,10H2",ALHXXKIGUWKTGO-UHFFFAOYSA-N,4.602899999999999,285.09204181200005
"InChI=1S/C17H16ClNO2/c18-14-6-4-12-2-3-13-5-7-15(21)11-17(13)19(8-1-9-20)16(12)10-14/h4-7,9-11,21H,1-3,8H2",DFGLXYWWSMULMH-UHFFFAOYSA-N,C(CCN1C2=CC(=CC=C2CCC3=C1C=C(C=C3)Cl)O)=O,,,C17H16ClNO2,301.086956432,4.335499999999999,0,0,0,BTM00089,BTM00089,Aromatic hydroxylation of fused benzene ring,BTMR1030,"CYP1A2
CYP2A6
CYP2B6
CYP2C8
CYP2C9
CYP2C19
CYP2D6
CYP2E1
CYP3A4",HUMAN,BTM00015,C(CCN1C2=CC=CC=C2CCC3=C1C=C(C=C3)Cl)=O,"InChI=1S/C17H16ClNO/c18-15-9-8-14-7-6-13-4-1-2-5-16(13)19(10-3-11-20)17(14)12-15/h1-2,4-5,8-9,11-12H,3,6-7,10H2",ALHXXKIGUWKTGO-UHFFFAOYSA-N,4.602899999999999,285.09204181200005
"InChI=1S/C17H16ClNO2/c18-14-5-4-12-2-3-13-10-15(21)6-7-16(13)19(8-1-9-20)17(12)11-14/h4-7,9-11,21H,1-3,8H2",VVOKKIUIOUKCNA-UHFFFAOYSA-N,C(CCN1C2=CC=C(C=C2CCC3=C1C=C(C=C3)Cl)O)=O,,,C17H16ClNO2,301.086956432,4.335499999999999,0,0,0,BTM00099,BTM00099,Aromatic hydroxylation of fused benzene ring,BTMR1030,"CYP1A2
CYP2A6
CYP2B6
CYP2C8
CYP2C9
CYP2C19
CYP2D6
CYP2E1
CYP3A4",HUMAN,BTM00015,C(CCN1C2=CC=CC=C2CCC3=C1C=C(C=C3)Cl)=O,"InChI=1S/C17H16ClNO/c18-15-9-8-14-7-6-13-4-1-2-5-16(13)19(10-3-11-20)17(14)12-15/h1-2,4-5,8-9,11-12H,3,6-7,10H2",ALHXXKIGUWKTGO-UHFFFAOYSA-N,4.602899999999999,285.09204181200005
"InChI=1S/C17H16ClNO2/c18-14-11-16-13(10-17(14)21)7-6-12-4-1-2-5-15(12)19(16)8-3-9-20/h1-2,4-5,9-11,21H,3,6-8H2",OXFNAWZSFDJRFN-UHFFFAOYSA-N,C(CCN1C2=CC=CC=C2CCC3=C1C=C(C(=C3)O)Cl)=O,,,C17H16ClNO2,301.08695643199997,4.335499999999999,0,0,0,BTM00108,BTM00108,Aromatic hydroxylation of fused benzene ring,BTMR1030,"CYP1A2
CYP2A6
CYP2B6
CYP2C8
CYP2C9
CYP2C19
CYP2D6
CYP2E1
CYP3A4",HUMAN,BTM00015,C(CCN1C2=CC=CC=C2CCC3=C1C=C(C=C3)Cl)=O,"InChI=1S/C17H16ClNO/c18-15-9-8-14-7-6-13-4-1-2-5-16(13)19(10-3-11-20)17(14)12-15/h1-2,4-5,8-9,11-12H,3,6-7,10H2",ALHXXKIGUWKTGO-UHFFFAOYSA-N,4.602899999999999,285.09204181200005
"InChI=1S/C17H16ClNO2/c18-14-9-8-13-7-6-12-4-1-2-5-15(12)19(10-3-11-20)16(13)17(14)21/h1-2,4-5,8-9,11,21H,3,6-7,10H2",ITNIMHUFILBKOJ-UHFFFAOYSA-N,C(CCN1C2=CC=CC=C2CCC3=C1C(=C(C=C3)Cl)O)=O,,,C17H16ClNO2,301.086956432,4.335499999999999,0,0,0,BTM00119,BTM00119,Aromatic hydroxylation of fused benzene ring,BTMR1031,"CYP1A2
CYP2B6
CYP2C8
CYP2C9
CYP2C19
CYP2D6
CYP3A4",HUMAN,BTM00015,C(CCN1C2=CC=CC=C2CCC3=C1C=C(C=C3)Cl)=O,"InChI=1S/C17H16ClNO/c18-15-9-8-14-7-6-13-4-1-2-5-16(13)19(10-3-11-20)17(14)12-15/h1-2,4-5,8-9,11-12H,3,6-7,10H2",ALHXXKIGUWKTGO-UHFFFAOYSA-N,4.602899999999999,285.09204181200005
"InChI=1S/C17H16ClNO2/c18-14-8-7-12-5-6-13-3-1-4-16(21)17(13)19(9-2-10-20)15(12)11-14/h1,3-4,7-8,10-11,21H,2,5-6,9H2",LTSLIKUCZPAWAD-UHFFFAOYSA-N,C(CCN1C2=C(C=CC=C2CCC3=C1C=C(C=C3)Cl)O)=O,,,C17H16ClNO2,301.08695643199997,4.335499999999999,0,0,0,BTM00126,BTM00126,Aromatic hydroxylation of fused benzene ring,BTMR1031,"CYP1A2
CYP2B6
CYP2C8
CYP2C9
CYP2C19
CYP2D6
CYP3A4",HUMAN,BTM00015,C(CCN1C2=CC=CC=C2CCC3=C1C=C(C=C3)Cl)=O,"InChI=1S/C17H16ClNO/c18-15-9-8-14-7-6-13-4-1-2-5-16(13)19(10-3-11-20)17(14)12-15/h1-2,4-5,8-9,11-12H,3,6-7,10H2",ALHXXKIGUWKTGO-UHFFFAOYSA-N,4.602899999999999,285.09204181200005
"InChI=1S/C17H16ClNO2/c18-13-10-16-14(17(21)11-13)7-6-12-4-1-2-5-15(12)19(16)8-3-9-20/h1-2,4-5,9-11,21H,3,6-8H2",KLGGMECHHFMRFE-UHFFFAOYSA-N,C(CCN1C2=CC=CC=C2CCC3=C1C=C(C=C3O)Cl)=O,,,C17H16ClNO2,301.08695643199997,4.335499999999999,0,0,0,BTM00131,BTM00131,Aromatic hydroxylation of fused benzene ring,BTMR1032,"CYP1A2
CYP2B6
CYP2C8
CYP2C9
CYP2C19
CYP2D6
CYP3A4",HUMAN,BTM00015,C(CCN1C2=CC=CC=C2CCC3=C1C=C(C=C3)Cl)=O,"InChI=1S/C17H16ClNO/c18-15-9-8-14-7-6-13-4-1-2-5-16(13)19(10-3-11-20)17(14)12-15/h1-2,4-5,8-9,11-12H,3,6-7,10H2",ALHXXKIGUWKTGO-UHFFFAOYSA-N,4.602899999999999,285.09204181200005
"InChI=1S/C17H16ClNO2/c18-13-7-5-12-6-8-14-15(3-1-4-17(14)21)19(9-2-10-20)16(12)11-13/h1,3-5,7,10-11,21H,2,6,8-9H2",MFFFOJKZIILNGT-UHFFFAOYSA-N,C(CCN1C2=CC=CC(=C2CCC3=C1C=C(C=C3)Cl)O)=O,,,C17H16ClNO2,301.086956432,4.335499999999999,0,0,0,BTM00135,BTM00135,Aromatic hydroxylation of fused benzene ring,BTMR1032,"CYP1A2
CYP2B6
CYP2C8
CYP2C9
CYP2C19
CYP2D6
CYP3A4",HUMAN,BTM00015,C(CCN1C2=CC=CC=C2CCC3=C1C=C(C=C3)Cl)=O,"InChI=1S/C17H16ClNO/c18-15-9-8-14-7-6-13-4-1-2-5-16(13)19(10-3-11-20)17(14)12-15/h1-2,4-5,8-9,11-12H,3,6-7,10H2",ALHXXKIGUWKTGO-UHFFFAOYSA-N,4.602899999999999,285.09204181200005
"InChI=1S/C17H16ClNO2/c18-14-8-7-13-6-5-12-3-1-2-4-16(12)19(17(13)9-14)10-15(21)11-20/h1-4,7-9,11,15,21H,5-6,10H2",MNSXUFQJWSGTAW-UHFFFAOYSA-N,C(C(CN1C2=CC=CC=C2CCC3=C1C=C(C=C3)Cl)O)=O,,,C17H16ClNO2,301.086956432,4.0574,0,0,0,BTM00079,BTM00079,alpha-Hydroxylation of carbonyl group,BTMR1054,"CYP1A2
CYP2A6
CYP2B6
CYP2C8
CYP2C9
CYP2C19
CYP2D6
CYP3A4",HUMAN,BTM00015,C(CCN1C2=CC=CC=C2CCC3=C1C=C(C=C3)Cl)=O,"InChI=1S/C17H16ClNO/c18-15-9-8-14-7-6-13-4-1-2-5-16(13)19(10-3-11-20)17(14)12-15/h1-2,4-5,8-9,11-12H,3,6-7,10H2",ALHXXKIGUWKTGO-UHFFFAOYSA-N,4.602899999999999,285.09204181200005
"InChI=1S/C17H16ClNO2/c18-14-8-7-13-6-5-12-3-1-2-4-15(12)19(16(13)11-14)17(21)9-10-20/h1-4,7-8,10-11,17,21H,5-6,9H2",SQVKOWXREMPLNS-UHFFFAOYSA-N,C(CC(N1C2=CC=CC=C2CCC3=C1C=C(C=C3)Cl)O)=O,,,C17H16ClNO2,301.08695643199997,4.263199999999999,0,0,0,BTM00141,BTM00141,Aliphatic hydroxylation of carbon alpha to secondary or tertiary alkyl-N,BTMR1081,"CYP2B6
CYP2C19
CYP2D6",HUMAN,BTM00015,C(CCN1C2=CC=CC=C2CCC3=C1C=C(C=C3)Cl)=O,"InChI=1S/C17H16ClNO/c18-15-9-8-14-7-6-13-4-1-2-5-16(13)19(10-3-11-20)17(14)12-15/h1-2,4-5,8-9,11-12H,3,6-7,10H2",ALHXXKIGUWKTGO-UHFFFAOYSA-N,4.602899999999999,285.09204181200005
"InChI=1S/C5H11NO2/c1-6(2)5(8)3-4-7/h4-5,8H,3H2,1-2H3",GOXKADMCYGGOFE-UHFFFAOYSA-N,CN(C)C(CC=O)O,,,C5H11NO2,117.078978592,-0.2678999999999998,0,0,0,BTM00061,BTM00061,N-Dealkylation of mixed tertiary amine,BTMR1145,"CYP1A2
CYP2A6
CYP2B6
CYP2C8
CYP2C9
CYP2C19
CYP2D6
CYP3A4",HUMAN,BTM00016,CN(C)C(CCN1C2=CC=CC=C2CCC3=C1C=C(C=C3)Cl)O,"InChI=1S/C19H23ClN2O/c1-21(2)19(23)11-12-22-17-6-4-3-5-14(17)7-8-15-9-10-16(20)13-18(15)22/h3-6,9-10,13,19,23H,7-8,11-12H2,1-2H3",GLWQMPDDTVZLAF-UHFFFAOYSA-N,4.905799999999998,330.149891036
"InChI=1S/C14H12ClN/c15-12-8-7-11-6-5-10-3-1-2-4-13(10)16-14(11)9-12/h1-4,7-9,16H,5-6H2",MHUXTOYYIDFXRF-UHFFFAOYSA-N,N1C2=CC=CC=C2CCC3=C1C=C(C=C3)Cl,,,C14H12ClN,229.065827064,4.645300000000001,0,0,0,BTM00003,BTM00003,N-Dealkylation of mixed tertiary amine,BTMR1145,"CYP1A2
CYP2A6
CYP2B6
CYP2C8
CYP2C9
CYP2C19
CYP2D6
CYP3A4",HUMAN,BTM00016,CN(C)C(CCN1C2=CC=CC=C2CCC3=C1C=C(C=C3)Cl)O,"InChI=1S/C19H23ClN2O/c1-21(2)19(23)11-12-22-17-6-4-3-5-14(17)7-8-15-9-10-16(20)13-18(15)22/h3-6,9-10,13,19,23H,7-8,11-12H2,1-2H3",GLWQMPDDTVZLAF-UHFFFAOYSA-N,4.905799999999998,330.149891036
"InChI=1S/C19H23ClN2O2/c1-21(2)19(24)9-10-22-17-11-15(20)7-5-13(17)3-4-14-6-8-16(23)12-18(14)22/h5-8,11-12,19,23-24H,3-4,9-10H2,1-2H3",RJYXIIKLLRTUBD-UHFFFAOYSA-N,CN(C)C(CCN1C2=CC(=CC=C2CCC3=C1C=C(C=C3)Cl)O)O,,,C19H23ClN2O2,346.144805656,4.6384000000000025,0,0,0,BTM00090,BTM00090,Aromatic hydroxylation of fused benzene ring,BTMR1030,"CYP1A2
CYP2A6
CYP2B6
CYP2C8
CYP2C9
CYP2C19
CYP2D6
CYP2E1
CYP3A4",HUMAN,BTM00016,CN(C)C(CCN1C2=CC=CC=C2CCC3=C1C=C(C=C3)Cl)O,"InChI=1S/C19H23ClN2O/c1-21(2)19(23)11-12-22-17-6-4-3-5-14(17)7-8-15-9-10-16(20)13-18(15)22/h3-6,9-10,13,19,23H,7-8,11-12H2,1-2H3",GLWQMPDDTVZLAF-UHFFFAOYSA-N,4.905799999999998,330.149891036
"InChI=1S/C19H23ClN2O2/c1-21(2)19(24)9-10-22-17-8-7-16(23)11-14(17)4-3-13-5-6-15(20)12-18(13)22/h5-8,11-12,19,23-24H,3-4,9-10H2,1-2H3",QJRLUGSTMUEZHJ-UHFFFAOYSA-N,CN(C)C(CCN1C2=CC=C(C=C2CCC3=C1C=C(C=C3)Cl)O)O,,,C19H23ClN2O2,346.14480565599996,4.6384000000000025,0,0,0,BTM00100,BTM00100,Aromatic hydroxylation of fused benzene ring,BTMR1030,"CYP1A2
CYP2A6
CYP2B6
CYP2C8
CYP2C9
CYP2C19
CYP2D6
CYP2E1
CYP3A4",HUMAN,BTM00016,CN(C)C(CCN1C2=CC=CC=C2CCC3=C1C=C(C=C3)Cl)O,"InChI=1S/C19H23ClN2O/c1-21(2)19(23)11-12-22-17-6-4-3-5-14(17)7-8-15-9-10-16(20)13-18(15)22/h3-6,9-10,13,19,23H,7-8,11-12H2,1-2H3",GLWQMPDDTVZLAF-UHFFFAOYSA-N,4.905799999999998,330.149891036
"InChI=1S/C19H23ClN2O2/c1-21(2)19(24)9-10-22-16-6-4-3-5-13(16)7-8-14-11-18(23)15(20)12-17(14)22/h3-6,11-12,19,23-24H,7-10H2,1-2H3",XECPNWXXPNKLBZ-UHFFFAOYSA-N,CN(C)C(CCN1C2=CC=CC=C2CCC3=C1C=C(C(=C3)O)Cl)O,,,C19H23ClN2O2,346.14480565599996,4.6384000000000025,0,0,0,BTM00109,BTM00109,Aromatic hydroxylation of fused benzene ring,BTMR1030,"CYP1A2
CYP2A6
CYP2B6
CYP2C8
CYP2C9
CYP2C19
CYP2D6
CYP2E1
CYP3A4",HUMAN,BTM00016,CN(C)C(CCN1C2=CC=CC=C2CCC3=C1C=C(C=C3)Cl)O,"InChI=1S/C19H23ClN2O/c1-21(2)19(23)11-12-22-17-6-4-3-5-14(17)7-8-15-9-10-16(20)13-18(15)22/h3-6,9-10,13,19,23H,7-8,11-12H2,1-2H3",GLWQMPDDTVZLAF-UHFFFAOYSA-N,4.905799999999998,330.149891036
"InChI=1S/C19H23ClN2O2/c1-22(2,24)19(23)11-12-21-17-6-4-3-5-14(17)7-8-15-9-10-16(20)13-18(15)21/h3-6,9-10,13,19,23H,7-8,11-12H2,1-2H3",OCZZZVUUEPCTCG-UHFFFAOYSA-N,C[N+](C)(C(CCN1C2=CC=CC=C2CCC3=C1C=C(C=C3)Cl)O)[O-],,,C19H23ClN2O2,346.14480565599996,4.5006999999999975,0,0,0,BTM00142,BTM00142,N-Oxidation of aliphatic tertiary amine,BTMR1100,"CYP1A2
CYP2D6
CYP3A4",HUMAN,BTM00016,CN(C)C(CCN1C2=CC=CC=C2CCC3=C1C=C(C=C3)Cl)O,"InChI=1S/C19H23ClN2O/c1-21(2)19(23)11-12-22-17-6-4-3-5-14(17)7-8-15-9-10-16(20)13-18(15)22/h3-6,9-10,13,19,23H,7-8,11-12H2,1-2H3",GLWQMPDDTVZLAF-UHFFFAOYSA-N,4.905799999999998,330.149891036
"InChI=1S/C19H23ClN2O2/c1-21(2)17(23)11-12-22-16-6-4-3-5-13(16)7-8-14-9-10-15(20)19(24)18(14)22/h3-6,9-10,17,23-24H,7-8,11-12H2,1-2H3",OZOGVYKGMRJFLV-UHFFFAOYSA-N,CN(C)C(CCN1C2=CC=CC=C2CCC3=C1C(=C(C=C3)Cl)O)O,,,C19H23ClN2O2,346.144805656,4.6384000000000025,0,0,0,BTM00121,BTM00121,Aromatic hydroxylation of fused benzene ring,BTMR1031,"CYP1A2
CYP2B6
CYP2C8
CYP2C9
CYP2C19
CYP2D6
CYP3A4",HUMAN,BTM00016,CN(C)C(CCN1C2=CC=CC=C2CCC3=C1C=C(C=C3)Cl)O,"InChI=1S/C19H23ClN2O/c1-21(2)19(23)11-12-22-17-6-4-3-5-14(17)7-8-15-9-10-16(20)13-18(15)22/h3-6,9-10,13,19,23H,7-8,11-12H2,1-2H3",GLWQMPDDTVZLAF-UHFFFAOYSA-N,4.905799999999998,330.149891036
"InChI=1S/C19H23ClN2O2/c1-21(2)18(24)10-11-22-16-12-15(20)9-8-13(16)6-7-14-4-3-5-17(23)19(14)22/h3-5,8-9,12,18,23-24H,6-7,10-11H2,1-2H3",PHVFJKWNRKZMKW-UHFFFAOYSA-N,CN(C)C(CCN1C2=C(C=CC=C2CCC3=C1C=C(C=C3)Cl)O)O,,,C19H23ClN2O2,346.144805656,4.6384000000000025,0,0,0,BTM00127,BTM00127,Aromatic hydroxylation of fused benzene ring,BTMR1031,"CYP1A2
CYP2B6
CYP2C8
CYP2C9
CYP2C19
CYP2D6
CYP3A4",HUMAN,BTM00016,CN(C)C(CCN1C2=CC=CC=C2CCC3=C1C=C(C=C3)Cl)O,"InChI=1S/C19H23ClN2O/c1-21(2)19(23)11-12-22-17-6-4-3-5-14(17)7-8-15-9-10-16(20)13-18(15)22/h3-6,9-10,13,19,23H,7-8,11-12H2,1-2H3",GLWQMPDDTVZLAF-UHFFFAOYSA-N,4.905799999999998,330.149891036
"InChI=1S/C19H23ClN2O2/c1-21(2)19(24)9-10-22-16-6-4-3-5-13(16)7-8-15-17(22)11-14(20)12-18(15)23/h3-6,11-12,19,23-24H,7-10H2,1-2H3",ZRBCBTQOQQKXEE-UHFFFAOYSA-N,CN(C)C(CCN1C2=CC=CC=C2CCC3=C1C=C(C=C3O)Cl)O,,,C19H23ClN2O2,346.144805656,4.6384000000000025,0,0,0,BTM00132,BTM00132,Aromatic hydroxylation of fused benzene ring,BTMR1032,"CYP1A2
CYP2B6
CYP2C8
CYP2C9
CYP2C19
CYP2D6
CYP3A4",HUMAN,BTM00016,CN(C)C(CCN1C2=CC=CC=C2CCC3=C1C=C(C=C3)Cl)O,"InChI=1S/C19H23ClN2O/c1-21(2)19(23)11-12-22-17-6-4-3-5-14(17)7-8-15-9-10-16(20)13-18(15)22/h3-6,9-10,13,19,23H,7-8,11-12H2,1-2H3",GLWQMPDDTVZLAF-UHFFFAOYSA-N,4.905799999999998,330.149891036
"InChI=1S/C19H23ClN2O2/c1-21(2)19(24)10-11-22-16-4-3-5-18(23)15(16)9-7-13-6-8-14(20)12-17(13)22/h3-6,8,12,19,23-24H,7,9-11H2,1-2H3",AQLUTZYLBKOIMG-UHFFFAOYSA-N,CN(C)C(CCN1C2=CC=CC(=C2CCC3=C1C=C(C=C3)Cl)O)O,,,C19H23ClN2O2,346.144805656,4.6384000000000025,0,0,0,BTM00136,BTM00136,Aromatic hydroxylation of fused benzene ring,BTMR1032,"CYP1A2
CYP2B6
CYP2C8
CYP2C9
CYP2C19
CYP2D6
CYP3A4",HUMAN,BTM00016,CN(C)C(CCN1C2=CC=CC=C2CCC3=C1C=C(C=C3)Cl)O,"InChI=1S/C19H23ClN2O/c1-21(2)19(23)11-12-22-17-6-4-3-5-14(17)7-8-15-9-10-16(20)13-18(15)22/h3-6,9-10,13,19,23H,7-8,11-12H2,1-2H3",GLWQMPDDTVZLAF-UHFFFAOYSA-N,4.905799999999998,330.149891036
"InChI=1S/C18H21ClN2O/c1-20-18(22)10-11-21-16-5-3-2-4-13(16)6-7-14-8-9-15(19)12-17(14)21/h2-5,8-9,12,18,20,22H,6-7,10-11H2,1H3",PIRPEJFBYGCIJE-UHFFFAOYSA-N,N(C)C(CCN1C2=CC=CC=C2CCC3=C1C=C(C=C3)Cl)O,,,C18H21ClN2O,316.134240972,4.3698999999999995,0,0,0,BTM00143,BTM00143,N-Dealkylation of acyclic tertiary amine,BTMR1142,"CYP1A2
CYP2A6
CYP2B6
CYP2C8
CYP2C9
CYP2C19
CYP2D6
CYP2E1
CYP3A4",HUMAN,BTM00016,CN(C)C(CCN1C2=CC=CC=C2CCC3=C1C=C(C=C3)Cl)O,"InChI=1S/C19H23ClN2O/c1-21(2)19(23)11-12-22-17-6-4-3-5-14(17)7-8-15-9-10-16(20)13-18(15)22/h3-6,9-10,13,19,23H,7-8,11-12H2,1-2H3",GLWQMPDDTVZLAF-UHFFFAOYSA-N,4.905799999999998,330.149891036
"InChI=1S/C2H7N/c1-3-2/h3H,1-2H3",ROSDSFDQCJNGOL-UHFFFAOYSA-N,CNC,,,C2H7N,45.057849223999995,-0.21580000000000035,0,0,0,BTM00014,BTM00014,N-Dealkylation of acyclic tertiary amine,BTMR1142,"CYP1A2
CYP2A6
CYP2B6
CYP2C8
CYP2C9
CYP2C19
CYP2D6
CYP2E1
CYP3A4",HUMAN,BTM00016,CN(C)C(CCN1C2=CC=CC=C2CCC3=C1C=C(C=C3)Cl)O,"InChI=1S/C19H23ClN2O/c1-21(2)19(23)11-12-22-17-6-4-3-5-14(17)7-8-15-9-10-16(20)13-18(15)22/h3-6,9-10,13,19,23H,7-8,11-12H2,1-2H3",GLWQMPDDTVZLAF-UHFFFAOYSA-N,4.905799999999998,330.149891036
"InChI=1S/C17H16ClNO2/c18-14-8-7-13-6-5-12-3-1-2-4-15(12)19(16(13)11-14)10-9-17(20)21/h1-4,7-8,11H,5-6,9-10H2,(H,20,21)",LTLWPQWFTWQFLK-UHFFFAOYSA-N,C(CCN1C2=CC=CC=C2CCC3=C1C=C(C=C3)Cl)(=O)O,,,C17H16ClNO2,301.086956432,4.555499999999999,0,0,0,BTM00054,BTM00054,N-Dealkylation of acyclic tertiary amine,BTMR1142,"CYP1A2
CYP2A6
CYP2B6
CYP2C8
CYP2C9
CYP2C19
CYP2D6
CYP2E1
CYP3A4",HUMAN,BTM00016,CN(C)C(CCN1C2=CC=CC=C2CCC3=C1C=C(C=C3)Cl)O,"InChI=1S/C19H23ClN2O/c1-21(2)19(23)11-12-22-17-6-4-3-5-14(17)7-8-15-9-10-16(20)13-18(15)22/h3-6,9-10,13,19,23H,7-8,11-12H2,1-2H3",GLWQMPDDTVZLAF-UHFFFAOYSA-N,4.905799999999998,330.149891036
"InChI=1S/C19H23ClN2O2/c1-21(2)18(23)12-19(24)22-16-6-4-3-5-13(16)7-8-14-9-10-15(20)11-17(14)22/h3-6,9-11,18-19,23-24H,7-8,12H2,1-2H3",FTLSKOPDDGXBAZ-UHFFFAOYSA-N,CN(C)C(CC(N1C2=CC=CC=C2CCC3=C1C=C(C=C3)Cl)O)O,,,C19H23ClN2O2,346.14480565599996,4.0225,0,0,0,BTM00144,BTM00144,Aliphatic hydroxylation of carbon alpha to secondary or tertiary alkyl-N,BTMR1081,"CYP2B6
CYP2C19
CYP2D6",HUMAN,BTM00016,CN(C)C(CCN1C2=CC=CC=C2CCC3=C1C=C(C=C3)Cl)O,"InChI=1S/C19H23ClN2O/c1-21(2)19(23)11-12-22-17-6-4-3-5-14(17)7-8-15-9-10-16(20)13-18(15)22/h3-6,9-10,13,19,23H,7-8,11-12H2,1-2H3",GLWQMPDDTVZLAF-UHFFFAOYSA-N,4.905799999999998,330.149891036
"InChI=1S/C5H11NO2/c1-6(2)4-3-5(7)8/h3-4H2,1-2H3,(H,7,8)",JMOXSQYGVIXBBZ-UHFFFAOYSA-N,CN(C)CCC(=O)O,,,C5H11NO2,117.078978592,0.024400000000000015,0,0,0,BTM00019,BTM00019,N-Dealkylation of mixed tertiary amine,BTMR1145,"CYP1A2
CYP2A6
CYP2B6
CYP2C8
CYP2C9
CYP2C19
CYP2D6
CYP3A4",HUMAN,BTM00017,CN(C)CCC(N1C2=CC=CC=C2CCC3=C1C=C(C=C3)Cl)O,"InChI=1S/C19H23ClN2O/c1-21(2)12-11-19(23)22-17-6-4-3-5-14(17)7-8-15-9-10-16(20)13-18(15)22/h3-6,9-10,13,19,23H,7-8,11-12H2,1-2H3",XWPNMTVHZUZAAM-UHFFFAOYSA-N,4.905799999999998,330.149891036
"InChI=1S/C14H12ClN/c15-12-8-7-11-6-5-10-3-1-2-4-13(10)16-14(11)9-12/h1-4,7-9,16H,5-6H2",MHUXTOYYIDFXRF-UHFFFAOYSA-N,N1C2=CC=CC=C2CCC3=C1C=C(C=C3)Cl,,,C14H12ClN,229.065827064,4.645300000000001,0,0,0,BTM00003,BTM00003,N-Dealkylation of mixed tertiary amine,BTMR1145,"CYP1A2
CYP2A6
CYP2B6
CYP2C8
CYP2C9
CYP2C19
CYP2D6
CYP3A4",HUMAN,BTM00017,CN(C)CCC(N1C2=CC=CC=C2CCC3=C1C=C(C=C3)Cl)O,"InChI=1S/C19H23ClN2O/c1-21(2)12-11-19(23)22-17-6-4-3-5-14(17)7-8-15-9-10-16(20)13-18(15)22/h3-6,9-10,13,19,23H,7-8,11-12H2,1-2H3",XWPNMTVHZUZAAM-UHFFFAOYSA-N,4.905799999999998,330.149891036
"InChI=1S/C19H23ClN2O2/c1-21(2)10-9-19(24)22-17-11-15(20)7-5-13(17)3-4-14-6-8-16(23)12-18(14)22/h5-8,11-12,19,23-24H,3-4,9-10H2,1-2H3",VIAMFHXVVGAKEY-UHFFFAOYSA-N,CN(C)CCC(N1C2=CC(=CC=C2CCC3=C1C=C(C=C3)Cl)O)O,,,C19H23ClN2O2,346.144805656,4.6384000000000025,0,0,0,BTM00091,BTM00091,Aromatic hydroxylation of fused benzene ring,BTMR1030,"CYP1A2
CYP2A6
CYP2B6
CYP2C8
CYP2C9
CYP2C19
CYP2D6
CYP2E1
CYP3A4",HUMAN,BTM00017,CN(C)CCC(N1C2=CC=CC=C2CCC3=C1C=C(C=C3)Cl)O,"InChI=1S/C19H23ClN2O/c1-21(2)12-11-19(23)22-17-6-4-3-5-14(17)7-8-15-9-10-16(20)13-18(15)22/h3-6,9-10,13,19,23H,7-8,11-12H2,1-2H3",XWPNMTVHZUZAAM-UHFFFAOYSA-N,4.905799999999998,330.149891036
"InChI=1S/C19H23ClN2O2/c1-21(2)10-9-19(24)22-17-8-7-16(23)11-14(17)4-3-13-5-6-15(20)12-18(13)22/h5-8,11-12,19,23-24H,3-4,9-10H2,1-2H3",BVQCSUXEVIQJLB-UHFFFAOYSA-N,CN(C)CCC(N1C2=CC=C(C=C2CCC3=C1C=C(C=C3)Cl)O)O,,,C19H23ClN2O2,346.144805656,4.6384000000000025,0,0,0,BTM00101,BTM00101,Aromatic hydroxylation of fused benzene ring,BTMR1030,"CYP1A2
CYP2A6
CYP2B6
CYP2C8
CYP2C9
CYP2C19
CYP2D6
CYP2E1
CYP3A4",HUMAN,BTM00017,CN(C)CCC(N1C2=CC=CC=C2CCC3=C1C=C(C=C3)Cl)O,"InChI=1S/C19H23ClN2O/c1-21(2)12-11-19(23)22-17-6-4-3-5-14(17)7-8-15-9-10-16(20)13-18(15)22/h3-6,9-10,13,19,23H,7-8,11-12H2,1-2H3",XWPNMTVHZUZAAM-UHFFFAOYSA-N,4.905799999999998,330.149891036
"InChI=1S/C19H23ClN2O2/c1-21(2)10-9-19(24)22-16-6-4-3-5-13(16)7-8-14-11-18(23)15(20)12-17(14)22/h3-6,11-12,19,23-24H,7-10H2,1-2H3",PIUVQPIQBYXDOS-UHFFFAOYSA-N,CN(C)CCC(N1C2=CC=CC=C2CCC3=C1C=C(C(=C3)O)Cl)O,,,C19H23ClN2O2,346.144805656,4.6384000000000025,0,0,0,BTM00110,BTM00110,Aromatic hydroxylation of fused benzene ring,BTMR1030,"CYP1A2
CYP2A6
CYP2B6
CYP2C8
CYP2C9
CYP2C19
CYP2D6
CYP2E1
CYP3A4",HUMAN,BTM00017,CN(C)CCC(N1C2=CC=CC=C2CCC3=C1C=C(C=C3)Cl)O,"InChI=1S/C19H23ClN2O/c1-21(2)12-11-19(23)22-17-6-4-3-5-14(17)7-8-15-9-10-16(20)13-18(15)22/h3-6,9-10,13,19,23H,7-8,11-12H2,1-2H3",XWPNMTVHZUZAAM-UHFFFAOYSA-N,4.905799999999998,330.149891036
"InChI=1S/C19H23ClN2O2/c1-22(2,24)12-11-19(23)21-17-6-4-3-5-14(17)7-8-15-9-10-16(20)13-18(15)21/h3-6,9-10,13,19,23H,7-8,11-12H2,1-2H3",KYFUGZXRKHDHPA-UHFFFAOYSA-N,C[N+](C)(CCC(N1C2=CC=CC=C2CCC3=C1C=C(C=C3)Cl)O)[O-],,,C19H23ClN2O2,346.144805656,4.5006999999999975,0,0,0,BTM00115,BTM00115,N-Oxidation of aliphatic tertiary amine,BTMR1100,"CYP1A2
CYP2D6
CYP3A4",HUMAN,BTM00017,CN(C)CCC(N1C2=CC=CC=C2CCC3=C1C=C(C=C3)Cl)O,"InChI=1S/C19H23ClN2O/c1-21(2)12-11-19(23)22-17-6-4-3-5-14(17)7-8-15-9-10-16(20)13-18(15)22/h3-6,9-10,13,19,23H,7-8,11-12H2,1-2H3",XWPNMTVHZUZAAM-UHFFFAOYSA-N,4.905799999999998,330.149891036
"InChI=1S/C19H23ClN2O2/c1-21(2)12-11-17(23)22-16-6-4-3-5-13(16)7-8-14-9-10-15(20)19(24)18(14)22/h3-6,9-10,17,23-24H,7-8,11-12H2,1-2H3",IQIWHNJUSURJQQ-UHFFFAOYSA-N,CN(C)CCC(N1C2=CC=CC=C2CCC3=C1C(=C(C=C3)Cl)O)O,,,C19H23ClN2O2,346.144805656,4.6384000000000025,0,0,0,BTM00122,BTM00122,Aromatic hydroxylation of fused benzene ring,BTMR1031,"CYP1A2
CYP2B6
CYP2C8
CYP2C9
CYP2C19
CYP2D6
CYP3A4",HUMAN,BTM00017,CN(C)CCC(N1C2=CC=CC=C2CCC3=C1C=C(C=C3)Cl)O,"InChI=1S/C19H23ClN2O/c1-21(2)12-11-19(23)22-17-6-4-3-5-14(17)7-8-15-9-10-16(20)13-18(15)22/h3-6,9-10,13,19,23H,7-8,11-12H2,1-2H3",XWPNMTVHZUZAAM-UHFFFAOYSA-N,4.905799999999998,330.149891036
"InChI=1S/C19H23ClN2O2/c1-21(2)11-10-18(24)22-16-12-15(20)9-8-13(16)6-7-14-4-3-5-17(23)19(14)22/h3-5,8-9,12,18,23-24H,6-7,10-11H2,1-2H3",UEEZHBXCDQLRLD-UHFFFAOYSA-N,CN(C)CCC(N1C2=C(C=CC=C2CCC3=C1C=C(C=C3)Cl)O)O,,,C19H23ClN2O2,346.144805656,4.6384000000000025,0,0,0,BTM00128,BTM00128,Aromatic hydroxylation of fused benzene ring,BTMR1031,"CYP1A2
CYP2B6
CYP2C8
CYP2C9
CYP2C19
CYP2D6
CYP3A4",HUMAN,BTM00017,CN(C)CCC(N1C2=CC=CC=C2CCC3=C1C=C(C=C3)Cl)O,"InChI=1S/C19H23ClN2O/c1-21(2)12-11-19(23)22-17-6-4-3-5-14(17)7-8-15-9-10-16(20)13-18(15)22/h3-6,9-10,13,19,23H,7-8,11-12H2,1-2H3",XWPNMTVHZUZAAM-UHFFFAOYSA-N,4.905799999999998,330.149891036
"InChI=1S/C19H23ClN2O2/c1-21(2)10-9-19(24)22-16-6-4-3-5-13(16)7-8-15-17(22)11-14(20)12-18(15)23/h3-6,11-12,19,23-24H,7-10H2,1-2H3",XAXYAWOODJPYDV-UHFFFAOYSA-N,CN(C)CCC(N1C2=CC=CC=C2CCC3=C1C=C(C=C3O)Cl)O,,,C19H23ClN2O2,346.144805656,4.6384000000000025,0,0,0,BTM00133,BTM00133,Aromatic hydroxylation of fused benzene ring,BTMR1032,"CYP1A2
CYP2B6
CYP2C8
CYP2C9
CYP2C19
CYP2D6
CYP3A4",HUMAN,BTM00017,CN(C)CCC(N1C2=CC=CC=C2CCC3=C1C=C(C=C3)Cl)O,"InChI=1S/C19H23ClN2O/c1-21(2)12-11-19(23)22-17-6-4-3-5-14(17)7-8-15-9-10-16(20)13-18(15)22/h3-6,9-10,13,19,23H,7-8,11-12H2,1-2H3",XWPNMTVHZUZAAM-UHFFFAOYSA-N,4.905799999999998,330.149891036
"InChI=1S/C19H23ClN2O2/c1-21(2)11-10-19(24)22-16-4-3-5-18(23)15(16)9-7-13-6-8-14(20)12-17(13)22/h3-6,8,12,19,23-24H,7,9-11H2,1-2H3",SDFOXRGUMUGLFB-UHFFFAOYSA-N,CN(C)CCC(N1C2=CC=CC(=C2CCC3=C1C=C(C=C3)Cl)O)O,,,C19H23ClN2O2,346.144805656,4.6384000000000025,0,0,0,BTM00137,BTM00137,Aromatic hydroxylation of fused benzene ring,BTMR1032,"CYP1A2
CYP2B6
CYP2C8
CYP2C9
CYP2C19
CYP2D6
CYP3A4",HUMAN,BTM00017,CN(C)CCC(N1C2=CC=CC=C2CCC3=C1C=C(C=C3)Cl)O,"InChI=1S/C19H23ClN2O/c1-21(2)12-11-19(23)22-17-6-4-3-5-14(17)7-8-15-9-10-16(20)13-18(15)22/h3-6,9-10,13,19,23H,7-8,11-12H2,1-2H3",XWPNMTVHZUZAAM-UHFFFAOYSA-N,4.905799999999998,330.149891036
"InChI=1S/C18H21ClN2O/c1-20-11-10-18(22)21-16-5-3-2-4-13(16)6-7-14-8-9-15(19)12-17(14)21/h2-5,8-9,12,18,20,22H,6-7,10-11H2,1H3",GRPVOCUAQFNMNI-UHFFFAOYSA-N,N(C)CCC(N1C2=CC=CC=C2CCC3=C1C=C(C=C3)Cl)O,,,C18H21ClN2O,316.13424097200004,4.3698999999999995,0,0,0,BTM00140,BTM00140,N-Dealkylation of acyclic tertiary amine,BTMR1142,"CYP1A2
CYP2A6
CYP2B6
CYP2C8
CYP2C9
CYP2C19
CYP2D6
CYP2E1
CYP3A4",HUMAN,BTM00017,CN(C)CCC(N1C2=CC=CC=C2CCC3=C1C=C(C=C3)Cl)O,"InChI=1S/C19H23ClN2O/c1-21(2)12-11-19(23)22-17-6-4-3-5-14(17)7-8-15-9-10-16(20)13-18(15)22/h3-6,9-10,13,19,23H,7-8,11-12H2,1-2H3",XWPNMTVHZUZAAM-UHFFFAOYSA-N,4.905799999999998,330.149891036
"InChI=1S/C2H7N/c1-3-2/h3H,1-2H3",ROSDSFDQCJNGOL-UHFFFAOYSA-N,CNC,,,C2H7N,45.057849223999995,-0.21580000000000035,0,0,0,BTM00014,BTM00014,N-Dealkylation of acyclic tertiary amine,BTMR1142,"CYP1A2
CYP2A6
CYP2B6
CYP2C8
CYP2C9
CYP2C19
CYP2D6
CYP2E1
CYP3A4",HUMAN,BTM00017,CN(C)CCC(N1C2=CC=CC=C2CCC3=C1C=C(C=C3)Cl)O,"InChI=1S/C19H23ClN2O/c1-21(2)12-11-19(23)22-17-6-4-3-5-14(17)7-8-15-9-10-16(20)13-18(15)22/h3-6,9-10,13,19,23H,7-8,11-12H2,1-2H3",XWPNMTVHZUZAAM-UHFFFAOYSA-N,4.905799999999998,330.149891036
"InChI=1S/C17H16ClNO2/c18-14-8-7-13-6-5-12-3-1-2-4-15(12)19(16(13)11-14)17(21)9-10-20/h1-4,7-8,10-11,17,21H,5-6,9H2",SQVKOWXREMPLNS-UHFFFAOYSA-N,C(CC(N1C2=CC=CC=C2CCC3=C1C=C(C=C3)Cl)O)=O,,,C17H16ClNO2,301.08695643199997,4.263199999999999,0,0,0,BTM00141,BTM00141,N-Dealkylation of acyclic tertiary amine,BTMR1142,"CYP1A2
CYP2A6
CYP2B6
CYP2C8
CYP2C9
CYP2C19
CYP2D6
CYP2E1
CYP3A4",HUMAN,BTM00017,CN(C)CCC(N1C2=CC=CC=C2CCC3=C1C=C(C=C3)Cl)O,"InChI=1S/C19H23ClN2O/c1-21(2)12-11-19(23)22-17-6-4-3-5-14(17)7-8-15-9-10-16(20)13-18(15)22/h3-6,9-10,13,19,23H,7-8,11-12H2,1-2H3",XWPNMTVHZUZAAM-UHFFFAOYSA-N,4.905799999999998,330.149891036
"InChI=1S/C19H23ClN2O2/c1-21(2)18(23)12-19(24)22-16-6-4-3-5-13(16)7-8-14-9-10-15(20)11-17(14)22/h3-6,9-11,18-19,23-24H,7-8,12H2,1-2H3",FTLSKOPDDGXBAZ-UHFFFAOYSA-N,CN(C)C(CC(N1C2=CC=CC=C2CCC3=C1C=C(C=C3)Cl)O)O,,,C19H23ClN2O2,346.14480565599996,4.0225,0,0,0,BTM00144,BTM00144,Aliphatic hydroxylation of carbon alpha to secondary or tertiary alkyl-N,BTMR1081,"CYP2B6
CYP2C19
CYP2D6",HUMAN,BTM00017,CN(C)CCC(N1C2=CC=CC=C2CCC3=C1C=C(C=C3)Cl)O,"InChI=1S/C19H23ClN2O/c1-21(2)12-11-19(23)22-17-6-4-3-5-14(17)7-8-15-9-10-16(20)13-18(15)22/h3-6,9-10,13,19,23H,7-8,11-12H2,1-2H3",XWPNMTVHZUZAAM-UHFFFAOYSA-N,4.905799999999998,330.149891036
