InChI,InChIKey,SMILES,Synonyms,PUBCHEM_CID,Molecular formula,Major Isotope Mass,ALogP,Lipinski_Violations,Insecticide_Likeness_Violations,Post_Em_Herbicide_Likeness_Violations,Metabolite ID,cdk:Title,Reaction,Reaction ID,Enzyme(s),Biosystem,Precursor ID,Precursor SMILES,Precursor InChI,Precursor InChIKey,Precursor ALogP,Precursor Major Isotope Mass
"InChI=1S/C25H32ClN5O3/c1-2-24-28-31(25(33)30(24)17-19-34-23-10-4-3-5-11-23)14-7-13-29(16-18-32)15-12-27-22-9-6-8-21(26)20-22/h3-6,8-11,18,20,27H,2,7,12-17,19H2,1H3",KDIFWNPSRIPLJG-UHFFFAOYSA-N,CCC1=NN(C(=O)N1CCOC2=CC=CC=C2)CCCN(CC=O)CCNC3=CC(=CC=C3)Cl,,,C25H32ClN5O3,485.219367564,5.064300000000003,0,1,1,BTM00001,BTM00001,N-Dealkylation of mixed tertiary amine,BTMR1145,"CYP1A2
CYP2A6
CYP2B6
CYP2C8
CYP2C9
CYP2C19
CYP2D6
CYP3A4",HUMAN,,CCC1=NN(C(=O)N1CCOC2=CC=CC=C2)CCCN3CCN(CC3)C4=CC(=CC=C4)Cl,"InChI=1S/C25H32ClN5O2/c1-2-24-27-31(25(32)30(24)18-19-33-23-10-4-3-5-11-23)13-7-12-28-14-16-29(17-15-28)22-9-6-8-21(26)20-22/h3-6,8-11,20H,2,7,12-19H2,1H3",VRBKIVRKKCLPHA-UHFFFAOYSA-N,,469.2244
"InChI=1S/C19H26ClN5O2/c1-2-18-21-25(19(27)24(18)13-14-26)8-4-7-22-9-11-23(12-10-22)17-6-3-5-16(20)15-17/h3,5-6,14-15H,2,4,7-13H2,1H3",WADRDCLMHCTIDY-UHFFFAOYSA-N,CCC1=NN(C(=O)N1CC=O)CCCN2CCN(CC2)C3=CC(=CC=C3)Cl,,,C19H26ClN5O2,391.177502752,3.6041999999999996,0,0,0,BTM00002,BTM00002,O-Dealkylation,BTMR0052,"CYP1A2
CYP2A6
CYP2C9
CYP2C19
CYP2D6
CYP2E1
CYP3A4",HUMAN,,CCC1=NN(C(=O)N1CCOC2=CC=CC=C2)CCCN3CCN(CC3)C4=CC(=CC=C4)Cl,"InChI=1S/C25H32ClN5O2/c1-2-24-27-31(25(32)30(24)18-19-33-23-10-4-3-5-11-23)13-7-12-28-14-16-29(17-15-28)22-9-6-8-21(26)20-22/h3-6,8-11,20H,2,7,12-19H2,1H3",VRBKIVRKKCLPHA-UHFFFAOYSA-N,,469.2244
"InChI=1S/C6H6O/c7-6-4-2-1-3-5-6/h1-5,7H",ISWSIDIOOBJBQZ-UHFFFAOYSA-N,OC1=CC=CC=C1,,,C6H6O,94.041864812,1.5626000000000002,0,0,0,BTM00003,BTM00003,O-Dealkylation,BTMR0052,"CYP1A2
CYP2A6
CYP2C9
CYP2C19
CYP2D6
CYP2E1
CYP3A4",HUMAN,,CCC1=NN(C(=O)N1CCOC2=CC=CC=C2)CCCN3CCN(CC3)C4=CC(=CC=C4)Cl,"InChI=1S/C25H32ClN5O2/c1-2-24-27-31(25(32)30(24)18-19-33-23-10-4-3-5-11-23)13-7-12-28-14-16-29(17-15-28)22-9-6-8-21(26)20-22/h3-6,8-11,20H,2,7,12-19H2,1H3",VRBKIVRKKCLPHA-UHFFFAOYSA-N,,469.2244
"InChI=1S/C25H32ClN5O3/c1-2-24-27-30(25(32)29(24)16-19-34-23-10-4-3-5-11-23)13-7-12-28-14-17-31(33,18-15-28)22-9-6-8-21(26)20-22/h3-6,8-11,20H,2,7,12-19H2,1H3",DEBZKKKWTSDARO-UHFFFAOYSA-N,CCC1=NN(C(=O)N1CCOC2=CC=CC=C2)CCCN3CC[N+](CC3)(C4=CC(=CC=C4)Cl)[O-],,,C25H32ClN5O3,485.219367564,5.018900000000003,0,0,0,BTM00004,BTM00004,N-Oxidation of alicyclic tertiary amine,BTMR1099,"CYP1A2
CYP2C8
CYP2C19
CYP2D6
CYP3A4",HUMAN,,CCC1=NN(C(=O)N1CCOC2=CC=CC=C2)CCCN3CCN(CC3)C4=CC(=CC=C4)Cl,"InChI=1S/C25H32ClN5O2/c1-2-24-27-31(25(32)30(24)18-19-33-23-10-4-3-5-11-23)13-7-12-28-14-16-29(17-15-28)22-9-6-8-21(26)20-22/h3-6,8-11,20H,2,7,12-19H2,1H3",VRBKIVRKKCLPHA-UHFFFAOYSA-N,,469.2244
"InChI=1S/C25H32ClN5O3/c1-2-24-27-30(25(32)29(24)15-19-34-23-10-4-3-5-11-23)12-7-16-31(33)17-13-28(14-18-31)22-9-6-8-21(26)20-22/h3-6,8-11,20H,2,7,12-19H2,1H3",BSOZQFAZIRKKPN-UHFFFAOYSA-N,CCC1=NN(C(=O)N1CCOC2=CC=CC=C2)CCC[N+]3(CCN(CC3)C4=CC(=CC=C4)Cl)[O-],,,C25H32ClN5O3,485.219367564,5.1144000000000025,0,0,0,BTM00005,BTM00005,N-Oxidation of alicyclic tertiary amine,BTMR1099,"CYP1A2
CYP2C8
CYP2C19
CYP2D6
CYP3A4",HUMAN,,CCC1=NN(C(=O)N1CCOC2=CC=CC=C2)CCCN3CCN(CC3)C4=CC(=CC=C4)Cl,"InChI=1S/C25H32ClN5O2/c1-2-24-27-31(25(32)30(24)18-19-33-23-10-4-3-5-11-23)13-7-12-28-14-16-29(17-15-28)22-9-6-8-21(26)20-22/h3-6,8-11,20H,2,7,12-19H2,1H3",VRBKIVRKKCLPHA-UHFFFAOYSA-N,,469.2244
"InChI=1S/C15H19N3O3/c1-2-14-16-18(9-6-11-19)15(20)17(14)10-12-21-13-7-4-3-5-8-13/h3-5,7-8,11H,2,6,9-10,12H2,1H3",DTNMGOVUYBUCIW-UHFFFAOYSA-N,CCC1=NN(C(=O)N1CCOC2=CC=CC=C2)CCC=O,,,C15H19N3O3,289.14264146799997,2.776300000000001,0,0,0,BTM00006,BTM00006,N-Dealkylation of alicyclic tertiary amine,BTMR1144,"CYP1A2
CYP2A6
CYP2B6
CYP2C8
CYP2C9
CYP2C19
CYP2D6
CYP3A4",HUMAN,,CCC1=NN(C(=O)N1CCOC2=CC=CC=C2)CCCN3CCN(CC3)C4=CC(=CC=C4)Cl,"InChI=1S/C25H32ClN5O2/c1-2-24-27-31(25(32)30(24)18-19-33-23-10-4-3-5-11-23)13-7-12-28-14-16-29(17-15-28)22-9-6-8-21(26)20-22/h3-6,8-11,20H,2,7,12-19H2,1H3",VRBKIVRKKCLPHA-UHFFFAOYSA-N,,469.2244
"InChI=1S/C10H13ClN2/c11-9-2-1-3-10(8-9)13-6-4-12-5-7-13/h1-3,8,12H,4-7H2",VHFVKMTVMIZMIK-UHFFFAOYSA-N,N1CCN(CC1)C2=CC(=CC=C2)Cl,,,C10H13ClN2,196.076726096,2.0780000000000003,0,0,0,BTM00007,BTM00007,N-Dealkylation of alicyclic tertiary amine,BTMR1144,"CYP1A2
CYP2A6
CYP2B6
CYP2C8
CYP2C9
CYP2C19
CYP2D6
CYP3A4",HUMAN,,CCC1=NN(C(=O)N1CCOC2=CC=CC=C2)CCCN3CCN(CC3)C4=CC(=CC=C4)Cl,"InChI=1S/C25H32ClN5O2/c1-2-24-27-31(25(32)30(24)18-19-33-23-10-4-3-5-11-23)13-7-12-28-14-16-29(17-15-28)22-9-6-8-21(26)20-22/h3-6,8-11,20H,2,7,12-19H2,1H3",VRBKIVRKKCLPHA-UHFFFAOYSA-N,,469.2244
"InChI=1S/C25H32ClN5O3/c1-2-24-27-31(25(33)30(24)17-18-34-21-7-4-3-5-8-21)12-6-11-28-13-15-29(16-14-28)22-19-20(26)9-10-23(22)32/h3-5,7-10,19,32H,2,6,11-18H2,1H3",IPXQHPQCCLVXDD-UHFFFAOYSA-N,CCC1=NN(C(=O)N1CCOC2=CC=CC=C2)CCCN3CCN(CC3)C4=CC(=CC=C4O)Cl,,,C25H32ClN5O3,485.219367564,5.252100000000002,0,0,0,BTM00008,BTM00008,Hydroxylation of aromatic carbon para to halide group,BTMR1041,"CYP1A2
CYP2E1
CYP3A4",HUMAN,,CCC1=NN(C(=O)N1CCOC2=CC=CC=C2)CCCN3CCN(CC3)C4=CC(=CC=C4)Cl,"InChI=1S/C25H32ClN5O2/c1-2-24-27-31(25(32)30(24)18-19-33-23-10-4-3-5-11-23)13-7-12-28-14-16-29(17-15-28)22-9-6-8-21(26)20-22/h3-6,8-11,20H,2,7,12-19H2,1H3",VRBKIVRKKCLPHA-UHFFFAOYSA-N,,469.2244
"InChI=1S/C25H32ClN5O3/c1-20(32)24-27-31(25(33)30(24)17-18-34-23-9-3-2-4-10-23)12-6-11-28-13-15-29(16-14-28)22-8-5-7-21(26)19-22/h2-5,7-10,19-20,32H,6,11-18H2,1H3",VKGQYGXMUUBRBD-UHFFFAOYSA-N,CC(C1=NN(C(=O)N1CCOC2=CC=CC=C2)CCCN3CCN(CC3)C4=CC(=CC=C4)Cl)O,,,C25H32ClN5O3,485.219367564,4.743900000000001,0,0,0,BTM00009,BTM00009,Hydroxylation of penultimate aliphatic secondary carbon,BTMR1074,"CYP1A2
CYP2A6
CYP2B6
CYP2C8
CYP2C9
CYP2C19
CYP2D6
CYP2E1
CYP3A4",HUMAN,,CCC1=NN(C(=O)N1CCOC2=CC=CC=C2)CCCN3CCN(CC3)C4=CC(=CC=C4)Cl,"InChI=1S/C25H32ClN5O2/c1-2-24-27-31(25(32)30(24)18-19-33-23-10-4-3-5-11-23)13-7-12-28-14-16-29(17-15-28)22-9-6-8-21(26)20-22/h3-6,8-11,20H,2,7,12-19H2,1H3",VRBKIVRKKCLPHA-UHFFFAOYSA-N,,469.2244
"InChI=1S/C25H32ClN5O3/c1-2-23-27-31(25(33)30(23)16-17-34-22-10-4-3-5-11-22)13-7-12-28-14-15-29(19-24(28)32)21-9-6-8-20(26)18-21/h3-6,8-11,18,24,32H,2,7,12-17,19H2,1H3",ZJJZAKVASOBWGL-UHFFFAOYSA-N,CCC1=NN(C(=O)N1CCOC2=CC=CC=C2)CCCN3C(CN(CC3)C4=CC(=CC=C4)Cl)O,,,C25H32ClN5O3,485.21936756400004,5.179800000000001,0,0,0,BTM00010,BTM00010,Hydroxylation of heteroalicyclic secondary carbon,BTMR1070,"CYP1A2
CYP2A6
CYP2C9
CYP2D6
CYP3A4",HUMAN,,CCC1=NN(C(=O)N1CCOC2=CC=CC=C2)CCCN3CCN(CC3)C4=CC(=CC=C4)Cl,"InChI=1S/C25H32ClN5O2/c1-2-24-27-31(25(32)30(24)18-19-33-23-10-4-3-5-11-23)13-7-12-28-14-16-29(17-15-28)22-9-6-8-21(26)20-22/h3-6,8-11,20H,2,7,12-19H2,1H3",VRBKIVRKKCLPHA-UHFFFAOYSA-N,,469.2244
"InChI=1S/C25H32ClN5O3/c1-2-23-27-31(25(33)30(23)16-17-34-22-10-4-3-5-11-22)13-7-12-28-14-15-29(24(32)19-28)21-9-6-8-20(26)18-21/h3-6,8-11,18,24,32H,2,7,12-17,19H2,1H3",RYSLKACEGJWEDS-UHFFFAOYSA-N,CCC1=NN(C(=O)N1CCOC2=CC=CC=C2)CCCN3CC(N(CC3)C4=CC(=CC=C4)Cl)O,,,C25H32ClN5O3,485.219367564,5.179800000000001,0,0,0,BTM00011,BTM00011,Hydroxylation of heteroalicyclic secondary carbon,BTMR1070,"CYP1A2
CYP2A6
CYP2C9
CYP2D6
CYP3A4",HUMAN,,CCC1=NN(C(=O)N1CCOC2=CC=CC=C2)CCCN3CCN(CC3)C4=CC(=CC=C4)Cl,"InChI=1S/C25H32ClN5O2/c1-2-24-27-31(25(32)30(24)18-19-33-23-10-4-3-5-11-23)13-7-12-28-14-16-29(17-15-28)22-9-6-8-21(26)20-22/h3-6,8-11,20H,2,7,12-19H2,1H3",VRBKIVRKKCLPHA-UHFFFAOYSA-N,,469.2244
"InChI=1S/C25H32ClN5O3/c26-21-6-4-7-22(20-21)29-15-13-28(14-16-29)11-5-12-31-25(33)30(24(27-31)10-18-32)17-19-34-23-8-2-1-3-9-23/h1-4,6-9,20,32H,5,10-19H2",DTXXDGKWIVIXNE-UHFFFAOYSA-N,C(CC1=NN(C(=O)N1CCOC2=CC=CC=C2)CCCN3CCN(CC3)C4=CC(=CC=C4)Cl)O,,,C25H32ClN5O3,485.219367564,4.622000000000003,0,0,0,BTM00012,BTM00012,Hydroxylation of terminal methyl,BTMR1061,"CYP1A2
CYP2A6
CYP2B6
CYP2C8
CYP2C9
CYP2C19
CYP2D6
CYP2E1
CYP3A4",HUMAN,,CCC1=NN(C(=O)N1CCOC2=CC=CC=C2)CCCN3CCN(CC3)C4=CC(=CC=C4)Cl,"InChI=1S/C25H32ClN5O2/c1-2-24-27-31(25(32)30(24)18-19-33-23-10-4-3-5-11-23)13-7-12-28-14-16-29(17-15-28)22-9-6-8-21(26)20-22/h3-6,8-11,20H,2,7,12-19H2,1H3",VRBKIVRKKCLPHA-UHFFFAOYSA-N,,469.2244
"InChI=1S/C25H30ClN5O2/c1-2-24-27-31(25(32)30(24)18-19-33-23-10-4-3-5-11-23)13-7-12-28-14-16-29(17-15-28)22-9-6-8-21(26)20-22/h2-6,8-11,20H,1,7,12-19H2",VVCUNSTUQLMSIO-UHFFFAOYSA-N,C=CC1=NN(C(=O)N1CCOC2=CC=CC=C2)CCCN3CCN(CC3)C4=CC(=CC=C4)Cl,,,C25H30ClN5O2,467.20880288,5.522600000000002,0,0,0,BTM00013,BTM00013,Terminal desaturation,BTMR1190,"CYP1A2
CYP2A6
CYP2C9
CYP2D6
CYP3A4",HUMAN,,CCC1=NN(C(=O)N1CCOC2=CC=CC=C2)CCCN3CCN(CC3)C4=CC(=CC=C4)Cl,"InChI=1S/C25H32ClN5O2/c1-2-24-27-31(25(32)30(24)18-19-33-23-10-4-3-5-11-23)13-7-12-28-14-16-29(17-15-28)22-9-6-8-21(26)20-22/h3-6,8-11,20H,2,7,12-19H2,1H3",VRBKIVRKKCLPHA-UHFFFAOYSA-N,,469.2244
"InChI=1S/C25H32ClN5O3/c1-2-23-27-31(25(33)30(23)18-19-34-20-8-4-3-5-9-20)13-7-12-28-14-16-29(17-15-28)22-11-6-10-21(26)24(22)32/h3-6,8-11,32H,2,7,12-19H2,1H3",GNTRDEDJGRXSAH-UHFFFAOYSA-N,CCC1=NN(C(=O)N1CCOC2=CC=CC=C2)CCCN3CCN(CC3)C4=C(C(=CC=C4)Cl)O,,,C25H32ClN5O3,485.219367564,5.252100000000002,0,0,0,BTM00014,BTM00014,Hydroxylation of aromatic carbon ortho to halide group,BTMR1040,"CYP1A2
CYP2A6
CYP2B6
CYP2C8
CYP2C9
CYP2C19
CYP2D6
CYP2E1
CYP3A4",HUMAN,,CCC1=NN(C(=O)N1CCOC2=CC=CC=C2)CCCN3CCN(CC3)C4=CC(=CC=C4)Cl,"InChI=1S/C25H32ClN5O2/c1-2-24-27-31(25(32)30(24)18-19-33-23-10-4-3-5-11-23)13-7-12-28-14-16-29(17-15-28)22-9-6-8-21(26)20-22/h3-6,8-11,20H,2,7,12-19H2,1H3",VRBKIVRKKCLPHA-UHFFFAOYSA-N,,469.2244
"InChI=1S/C25H32ClN5O3/c1-2-24-27-31(25(33)30(24)17-18-34-21-7-4-3-5-8-21)12-6-11-28-13-15-29(16-14-28)20-9-10-23(32)22(26)19-20/h3-5,7-10,19,32H,2,6,11-18H2,1H3",XGIODORTBODPTQ-UHFFFAOYSA-N,CCC1=NN(C(=O)N1CCOC2=CC=CC=C2)CCCN3CCN(CC3)C4=CC(=C(C=C4)O)Cl,,,C25H32ClN5O3,485.219367564,5.252100000000002,0,0,0,BTM00015,BTM00015,Hydroxylation of aromatic carbon ortho to halide group,BTMR1040,"CYP1A2
CYP2A6
CYP2B6
CYP2C8
CYP2C9
CYP2C19
CYP2D6
CYP2E1
CYP3A4",HUMAN,,CCC1=NN(C(=O)N1CCOC2=CC=CC=C2)CCCN3CCN(CC3)C4=CC(=CC=C4)Cl,"InChI=1S/C25H32ClN5O2/c1-2-24-27-31(25(32)30(24)18-19-33-23-10-4-3-5-11-23)13-7-12-28-14-16-29(17-15-28)22-9-6-8-21(26)20-22/h3-6,8-11,20H,2,7,12-19H2,1H3",VRBKIVRKKCLPHA-UHFFFAOYSA-N,,469.2244
"InChI=1S/C25H32ClN5O3/c1-2-24-27-31(25(33)30(24)15-16-34-23-7-4-3-5-8-23)10-6-9-28-11-13-29(14-12-28)21-17-20(26)18-22(32)19-21/h3-5,7-8,17-19,32H,2,6,9-16H2,1H3",WANYBAAHYITYGG-UHFFFAOYSA-N,CCC1=NN(C(=O)N1CCOC2=CC=CC=C2)CCCN3CCN(CC3)C4=CC(=CC(=C4)O)Cl,,,C25H32ClN5O3,485.219367564,5.252100000000002,0,0,0,BTM00016,BTM00016,Hydroxylation of aromatic carbon meta to halide group,BTMR1039,"CYP2A6
CYP2B6
CYP2C9
CYP2C19
CYP2E1
CYP3A4",HUMAN,,CCC1=NN(C(=O)N1CCOC2=CC=CC=C2)CCCN3CCN(CC3)C4=CC(=CC=C4)Cl,"InChI=1S/C25H32ClN5O2/c1-2-24-27-31(25(32)30(24)18-19-33-23-10-4-3-5-11-23)13-7-12-28-14-16-29(17-15-28)22-9-6-8-21(26)20-22/h3-6,8-11,20H,2,7,12-19H2,1H3",VRBKIVRKKCLPHA-UHFFFAOYSA-N,,469.2244
"InChI=1S/C25H32ClN5O3/c1-2-23-27-31(25(33)30(23)17-18-34-22-9-4-3-5-10-22)12-11-24(32)29-15-13-28(14-16-29)21-8-6-7-20(26)19-21/h3-10,19,24,32H,2,11-18H2,1H3",BNZWNFIMHWSLHR-UHFFFAOYSA-N,CCC1=NN(C(=O)N1CCOC2=CC=CC=C2)CCC(N3CCN(CC3)C4=CC(=CC=C4)Cl)O,,,C25H32ClN5O3,485.219367564,5.373,0,0,0,BTM00017,BTM00017,Aliphatic hydroxylation of carbon alpha to secondary or tertiary alkyl-N,BTMR1081,"CYP2B6
CYP2C19
CYP2D6",HUMAN,,CCC1=NN(C(=O)N1CCOC2=CC=CC=C2)CCCN3CCN(CC3)C4=CC(=CC=C4)Cl,"InChI=1S/C25H32ClN5O2/c1-2-24-27-31(25(32)30(24)18-19-33-23-10-4-3-5-11-23)13-7-12-28-14-16-29(17-15-28)22-9-6-8-21(26)20-22/h3-6,8-11,20H,2,7,12-19H2,1H3",VRBKIVRKKCLPHA-UHFFFAOYSA-N,,469.2244
"InChI=1S/C25H32ClN5O3/c1-2-23-27-31(25(33)30(23)16-17-34-22-10-4-3-5-11-22)13-7-12-28-14-15-29(19-24(28)32)21-9-6-8-20(26)18-21/h3-6,8-11,18,24,32H,2,7,12-17,19H2,1H3",ZJJZAKVASOBWGL-UHFFFAOYSA-N,CCC1=NN(C(=O)N1CCOC2=CC=CC=C2)CCCN3C(CN(CC3)C4=CC(=CC=C4)Cl)O,,,C25H32ClN5O3,485.21936756400004,5.179800000000001,0,0,0,BTM00010,BTM00010,Aliphatic hydroxylation of carbon alpha to secondary or tertiary alkyl-N,BTMR1081,"CYP2B6
CYP2C19
CYP2D6",HUMAN,,CCC1=NN(C(=O)N1CCOC2=CC=CC=C2)CCCN3CCN(CC3)C4=CC(=CC=C4)Cl,"InChI=1S/C25H32ClN5O2/c1-2-24-27-31(25(32)30(24)18-19-33-23-10-4-3-5-11-23)13-7-12-28-14-16-29(17-15-28)22-9-6-8-21(26)20-22/h3-6,8-11,20H,2,7,12-19H2,1H3",VRBKIVRKKCLPHA-UHFFFAOYSA-N,,469.2244
"InChI=1S/C25H32ClN5O3/c1-2-23-27-31(25(33)30(23)16-17-34-22-10-4-3-5-11-22)13-7-12-28-14-15-29(24(32)19-28)21-9-6-8-20(26)18-21/h3-6,8-11,18,24,32H,2,7,12-17,19H2,1H3",RYSLKACEGJWEDS-UHFFFAOYSA-N,CCC1=NN(C(=O)N1CCOC2=CC=CC=C2)CCCN3CC(N(CC3)C4=CC(=CC=C4)Cl)O,,,C25H32ClN5O3,485.219367564,5.179800000000001,0,0,0,BTM00011,BTM00011,Aliphatic hydroxylation of carbon alpha to secondary or tertiary alkyl-N,BTMR1081,"CYP2B6
CYP2C19
CYP2D6",HUMAN,,CCC1=NN(C(=O)N1CCOC2=CC=CC=C2)CCCN3CCN(CC3)C4=CC(=CC=C4)Cl,"InChI=1S/C25H32ClN5O2/c1-2-24-27-31(25(32)30(24)18-19-33-23-10-4-3-5-11-23)13-7-12-28-14-16-29(17-15-28)22-9-6-8-21(26)20-22/h3-6,8-11,20H,2,7,12-19H2,1H3",VRBKIVRKKCLPHA-UHFFFAOYSA-N,,469.2244
"InChI=1S/C25H34ClN5O3/c1-2-24-28-31(25(33)30(24)17-19-34-23-10-4-3-5-11-23)14-7-13-29(16-18-32)15-12-27-22-9-6-8-21(26)20-22/h3-6,8-11,20,27,32H,2,7,12-19H2,1H3",SSLUWRWEDWLZDL-UHFFFAOYSA-N,CCC1=NN(C(=O)N1CCOC2=CC=CC=C2)CCCN(CCO)CCNC3=CC(=CC=C3)Cl,,,C25H34ClN5O3,487.235017628,4.808000000000003,0,1,1,BTM00018,BTM00018,Reduction of aldehyde,BTMR0367,EC 1.1.1.184,HUMAN,BTM00001,CCC1=NN(C(=O)N1CCOC2=CC=CC=C2)CCCN(CC=O)CCNC3=CC(=CC=C3)Cl,"InChI=1S/C25H32ClN5O3/c1-2-24-28-31(25(33)30(24)17-19-34-23-10-4-3-5-11-23)14-7-13-29(16-18-32)15-12-27-22-9-6-8-21(26)20-22/h3-6,8-11,18,20,27H,2,7,12-17,19H2,1H3",KDIFWNPSRIPLJG-UHFFFAOYSA-N,5.064300000000003,485.219367564
"InChI=1S/C25H32ClN5O4/c1-2-23-28-31(25(34)30(23)16-17-35-22-10-4-3-5-11-22)14-7-13-29(19-24(32)33)15-12-27-21-9-6-8-20(26)18-21/h3-6,8-11,18,27H,2,7,12-17,19H2,1H3,(H,32,33)",CLLTVABHYBQADJ-UHFFFAOYSA-N,CCC1=NN(C(=O)N1CCOC2=CC=CC=C2)CCCN(CC(=O)O)CCNC3=CC(=CC=C3)Cl,,,C25H32ClN5O4,501.214282184,5.016900000000004,1,1,1,BTM00019,BTM00019,Aldehyde oxidation,BTMR0050,EC 1.2.3.1,HUMAN,BTM00001,CCC1=NN(C(=O)N1CCOC2=CC=CC=C2)CCCN(CC=O)CCNC3=CC(=CC=C3)Cl,"InChI=1S/C25H32ClN5O3/c1-2-24-28-31(25(33)30(24)17-19-34-23-10-4-3-5-11-23)14-7-13-29(16-18-32)15-12-27-22-9-6-8-21(26)20-22/h3-6,8-11,18,20,27H,2,7,12-17,19H2,1H3",KDIFWNPSRIPLJG-UHFFFAOYSA-N,5.064300000000003,485.219367564
"InChI=1S/C31H40ClN5O9/c1-2-24-34-36(31(44)35(24)14-19-45-23-10-4-3-5-11-23)13-7-15-37(17-18-38,16-12-33-22-9-6-8-21(32)20-22)29-27(41)25(39)26(40)28(46-29)30(42)43/h3-6,8-11,18,20,25-29,33,39-41H,2,7,12-17,19H2,1H3/p+1",SCUAUEMKXMTXRR-UHFFFAOYSA-O,CCC1=NN(C(=O)N1CCOC2=CC=CC=C2)CCC[N+](CC=O)(CCNC3=CC(=CC=C3)Cl)C4OC(C(O)=O)C(C(C4O)O)O,,,[C31H41ClN5O9]+,662.2592805720001,1.7629999999999946,1,2,2,BTM00020,BTM00020,N-Glucuronidation of tertiary aliphatic amine,BTMR0244,EC 2.4.1.17,HUMAN,BTM00001,CCC1=NN(C(=O)N1CCOC2=CC=CC=C2)CCCN(CC=O)CCNC3=CC(=CC=C3)Cl,"InChI=1S/C25H32ClN5O3/c1-2-24-28-31(25(33)30(24)17-19-34-23-10-4-3-5-11-23)14-7-13-29(16-18-32)15-12-27-22-9-6-8-21(26)20-22/h3-6,8-11,18,20,27H,2,7,12-17,19H2,1H3",KDIFWNPSRIPLJG-UHFFFAOYSA-N,5.064300000000003,485.219367564
"InChI=1S/C19H28ClN5O2/c1-2-18-21-25(19(27)24(18)13-14-26)8-4-7-22-9-11-23(12-10-22)17-6-3-5-16(20)15-17/h3,5-6,15,26H,2,4,7-14H2,1H3",DDLQVHZCCLVOLJ-UHFFFAOYSA-N,CCC1=NN(C(=O)N1CCO)CCCN2CCN(CC2)C3=CC(=CC=C3)Cl,,,C19H28ClN5O2,393.193152816,3.3479000000000028,0,0,0,BTM00021,BTM00021,Reduction of aldehyde,BTMR0367,EC 1.1.1.184,HUMAN,BTM00002,CCC1=NN(C(=O)N1CC=O)CCCN2CCN(CC2)C3=CC(=CC=C3)Cl,"InChI=1S/C19H26ClN5O2/c1-2-18-21-25(19(27)24(18)13-14-26)8-4-7-22-9-11-23(12-10-22)17-6-3-5-16(20)15-17/h3,5-6,14-15H,2,4,7-13H2,1H3",WADRDCLMHCTIDY-UHFFFAOYSA-N,3.6041999999999996,391.177502752
"InChI=1S/C19H26ClN5O3/c1-2-17-21-25(19(28)24(17)14-18(26)27)8-4-7-22-9-11-23(12-10-22)16-6-3-5-15(20)13-16/h3,5-6,13H,2,4,7-12,14H2,1H3,(H,26,27)",JVIQPFQFYMIYEW-UHFFFAOYSA-N,CCC1=NN(C(=O)N1CC(=O)O)CCCN2CCN(CC2)C3=CC(=CC=C3)Cl,,,C19H26ClN5O3,407.172417372,3.5568,0,0,0,BTM00022,BTM00022,Aldehyde oxidation,BTMR0050,EC 1.2.3.1,HUMAN,BTM00002,CCC1=NN(C(=O)N1CC=O)CCCN2CCN(CC2)C3=CC(=CC=C3)Cl,"InChI=1S/C19H26ClN5O2/c1-2-18-21-25(19(27)24(18)13-14-26)8-4-7-22-9-11-23(12-10-22)17-6-3-5-16(20)15-17/h3,5-6,14-15H,2,4,7-13H2,1H3",WADRDCLMHCTIDY-UHFFFAOYSA-N,3.6041999999999996,391.177502752
"InChI=1S/C12H14O7/c13-7-8(14)10(11(16)17)19-12(9(7)15)18-6-4-2-1-3-5-6/h1-5,7-10,12-15H,(H,16,17)",WVHAUDNUGBNUDZ-UHFFFAOYSA-N,O(C1=CC=CC=C1)C2OC(C(O)=O)C(C(C2O)O)O,,,C12H14O7,270.073952788,-0.13290000000000007,0,1,1,BTM00023,BTM00023,Aromatic OH-glucuronidation,BTMR0166,EC 2.4.1.17,HUMAN,BTM00003,OC1=CC=CC=C1,"InChI=1S/C6H6O/c7-6-4-2-1-3-5-6/h1-5,7H",ISWSIDIOOBJBQZ-UHFFFAOYSA-N,1.5626000000000002,94.041864812
"InChI=1S/C6H6O4S/c7-11(8,9)10-6-4-2-1-3-5-6/h1-5H,(H,7,8,9)",CTYRPMDGLDAWRQ-UHFFFAOYSA-N,O(C1=CC=CC=C1)S(O)(=O)=O,,,C6H6O4S,173.998679672,0.8258000000000001,0,0,0,BTM00024,BTM00024,Sulfonation of phenolic compound,BTMR1376,EC 2.8.2.1,HUMAN,BTM00003,OC1=CC=CC=C1,"InChI=1S/C6H6O/c7-6-4-2-1-3-5-6/h1-5,7H",ISWSIDIOOBJBQZ-UHFFFAOYSA-N,1.5626000000000002,94.041864812
"InChI=1S/C7H8O/c1-8-7-5-3-2-4-6-7/h2-6H,1H3",RDOXTESZEPMUJZ-UHFFFAOYSA-N,O(C1=CC=CC=C1)C,,,C7H8O,108.057514876,1.8136,0,0,0,BTM00025,BTM00025,Methylation of phenolic compound,BTMR1377,EC 2.1.1.25,HUMAN,BTM00003,OC1=CC=CC=C1,"InChI=1S/C6H6O/c7-6-4-2-1-3-5-6/h1-5,7H",ISWSIDIOOBJBQZ-UHFFFAOYSA-N,1.5626000000000002,94.041864812
"InChI=1S/C31H40ClN5O9/c1-2-24-33-36(31(43)35(24)16-19-44-23-10-4-3-5-11-23)13-7-12-34-14-17-37(18-15-34,22-9-6-8-21(32)20-22)46-30-27(40)25(38)26(39)28(45-30)29(41)42/h3-6,8-11,20,25-28,30,38-40H,2,7,12-19H2,1H3/p+1",LCXACGJEZIKUPJ-UHFFFAOYSA-O,CCC1=NN(C(=O)N1CCOC2=CC=CC=C2)CCCN3CC[N+](CC3)(C4=CC(=CC=C4)Cl)OC5OC(C(O)C(O)C5O)C(O)=O,,,[C31H41ClN5O9]+,662.2592805720001,1.9685999999999977,1,2,2,BTM00026,BTM00026,O-Glucuronidation of N-oxide,BTMR0184,EC 2.4.1.17,HUMAN,BTM00004,CCC1=NN(C(=O)N1CCOC2=CC=CC=C2)CCCN3CC[N+](CC3)(C4=CC(=CC=C4)Cl)[O-],"InChI=1S/C25H32ClN5O3/c1-2-24-27-30(25(32)29(24)16-19-34-23-10-4-3-5-11-23)13-7-12-28-14-17-31(33,18-15-28)22-9-6-8-21(26)20-22/h3-6,8-11,20H,2,7,12-19H2,1H3",DEBZKKKWTSDARO-UHFFFAOYSA-N,5.018900000000003,485.219367564
"InChI=1S/C31H40ClN5O9/c1-2-24-33-36(31(43)35(24)15-19-44-23-10-4-3-5-11-23)12-7-16-37(17-13-34(14-18-37)22-9-6-8-21(32)20-22)46-30-27(40)25(38)26(39)28(45-30)29(41)42/h3-6,8-11,20,25-28,30,38-40H,2,7,12-19H2,1H3/p+1",HGBNBGMTOOWSFT-UHFFFAOYSA-O,CCC1=NN(C(=O)N1CCOC2=CC=CC=C2)CCC[N+]3(CCN(CC3)C4=CC(=CC=C4)Cl)OC5OC(C(O)C(O)C5O)C(O)=O,,,[C31H41ClN5O9]+,662.2592805720001,2.064099999999997,1,2,2,BTM00027,BTM00027,O-Glucuronidation of N-oxide,BTMR0184,EC 2.4.1.17,HUMAN,BTM00005,CCC1=NN(C(=O)N1CCOC2=CC=CC=C2)CCC[N+]3(CCN(CC3)C4=CC(=CC=C4)Cl)[O-],"InChI=1S/C25H32ClN5O3/c1-2-24-27-30(25(32)29(24)15-19-34-23-10-4-3-5-11-23)12-7-16-31(33)17-13-28(14-18-31)22-9-6-8-21(26)20-22/h3-6,8-11,20H,2,7,12-19H2,1H3",BSOZQFAZIRKKPN-UHFFFAOYSA-N,5.1144000000000025,485.219367564
"InChI=1S/C15H21N3O3/c1-2-14-16-18(9-6-11-19)15(20)17(14)10-12-21-13-7-4-3-5-8-13/h3-5,7-8,19H,2,6,9-12H2,1H3",CKTZILJMZWVYIO-UHFFFAOYSA-N,CCC1=NN(C(=O)N1CCOC2=CC=CC=C2)CCCO,,,C15H21N3O3,291.158291532,2.547600000000001,0,0,0,BTM00028,BTM00028,Reduction of aldehyde,BTMR0367,EC 1.1.1.184,HUMAN,BTM00006,CCC1=NN(C(=O)N1CCOC2=CC=CC=C2)CCC=O,"InChI=1S/C15H19N3O3/c1-2-14-16-18(9-6-11-19)15(20)17(14)10-12-21-13-7-4-3-5-8-13/h3-5,7-8,11H,2,6,9-10,12H2,1H3",DTNMGOVUYBUCIW-UHFFFAOYSA-N,2.776300000000001,289.14264146799997
"InChI=1S/C15H19N3O4/c1-2-13-16-18(9-8-14(19)20)15(21)17(13)10-11-22-12-6-4-3-5-7-12/h3-7H,2,8-11H2,1H3,(H,19,20)",KXHGNCHQKIBXJO-UHFFFAOYSA-N,CCC1=NN(C(=O)N1CCOC2=CC=CC=C2)CCC(=O)O,,,C15H19N3O4,305.137556088,2.728900000000001,0,0,0,BTM00029,BTM00029,Aldehyde oxidation,BTMR0050,EC 1.2.3.1,HUMAN,BTM00006,CCC1=NN(C(=O)N1CCOC2=CC=CC=C2)CCC=O,"InChI=1S/C15H19N3O3/c1-2-14-16-18(9-6-11-19)15(20)17(14)10-12-21-13-7-4-3-5-8-13/h3-5,7-8,11H,2,6,9-10,12H2,1H3",DTNMGOVUYBUCIW-UHFFFAOYSA-N,2.776300000000001,289.14264146799997
"InChI=1S/C31H40ClN5O9/c1-2-24-33-37(31(43)36(24)17-18-44-21-7-4-3-5-8-21)12-6-11-34-13-15-35(16-14-34)22-19-20(32)9-10-23(22)45-30-27(40)25(38)26(39)28(46-30)29(41)42/h3-5,7-10,19,25-28,30,38-40H,2,6,11-18H2,1H3,(H,41,42)",YBTVZCCPCDVEFU-UHFFFAOYSA-N,CCC1=NN(C(=O)N1CCOC2=CC=CC=C2)CCCN3CCN(CC3)C4=CC(=CC=C4OC5OC(C(O)=O)C(C(C5O)O)O)Cl,,,C31H40ClN5O9,661.2514555399999,3.5565999999999978,1,2,2,BTM00030,BTM00030,Aromatic OH-glucuronidation,BTMR0166,EC 2.4.1.17,HUMAN,BTM00008,CCC1=NN(C(=O)N1CCOC2=CC=CC=C2)CCCN3CCN(CC3)C4=CC(=CC=C4O)Cl,"InChI=1S/C25H32ClN5O3/c1-2-24-27-31(25(33)30(24)17-18-34-21-7-4-3-5-8-21)12-6-11-28-13-15-29(16-14-28)22-19-20(26)9-10-23(22)32/h3-5,7-10,19,32H,2,6,11-18H2,1H3",IPXQHPQCCLVXDD-UHFFFAOYSA-N,5.252100000000002,485.219367564
"InChI=1S/C25H32ClN5O6S/c1-2-24-27-31(25(32)30(24)17-18-36-21-7-4-3-5-8-21)12-6-11-28-13-15-29(16-14-28)22-19-20(26)9-10-23(22)37-38(33,34)35/h3-5,7-10,19H,2,6,11-18H2,1H3,(H,33,34,35)",UPLPAZVDDAOSSX-UHFFFAOYSA-N,CCC1=NN(C(=O)N1CCOC2=CC=CC=C2)CCCN3CCN(CC3)C4=CC(=CC=C4OS(O)(=O)=O)Cl,,,C25H32ClN5O6S,565.176182424,4.515300000000002,1,0,0,BTM00031,BTM00031,Sulfonation of phenolic compound,BTMR1376,EC 2.8.2.1,HUMAN,BTM00008,CCC1=NN(C(=O)N1CCOC2=CC=CC=C2)CCCN3CCN(CC3)C4=CC(=CC=C4O)Cl,"InChI=1S/C25H32ClN5O3/c1-2-24-27-31(25(33)30(24)17-18-34-21-7-4-3-5-8-21)12-6-11-28-13-15-29(16-14-28)22-19-20(26)9-10-23(22)32/h3-5,7-10,19,32H,2,6,11-18H2,1H3",IPXQHPQCCLVXDD-UHFFFAOYSA-N,5.252100000000002,485.219367564
"InChI=1S/C26H34ClN5O3/c1-3-25-28-32(26(33)31(25)18-19-35-22-8-5-4-6-9-22)13-7-12-29-14-16-30(17-15-29)23-20-21(27)10-11-24(23)34-2/h4-6,8-11,20H,3,7,12-19H2,1-2H3",BSTIHFDAOQNTSN-UHFFFAOYSA-N,CCC1=NN(C(=O)N1CCOC2=CC=CC=C2)CCCN3CCN(CC3)C4=CC(=CC=C4OC)Cl,,,C26H34ClN5O3,499.235017628,5.503099999999998,0,0,0,BTM00032,BTM00032,Methylation of phenolic compound,BTMR1377,EC 2.1.1.25,HUMAN,BTM00008,CCC1=NN(C(=O)N1CCOC2=CC=CC=C2)CCCN3CCN(CC3)C4=CC(=CC=C4O)Cl,"InChI=1S/C25H32ClN5O3/c1-2-24-27-31(25(33)30(24)17-18-34-21-7-4-3-5-8-21)12-6-11-28-13-15-29(16-14-28)22-19-20(26)9-10-23(22)32/h3-5,7-10,19,32H,2,6,11-18H2,1H3",IPXQHPQCCLVXDD-UHFFFAOYSA-N,5.252100000000002,485.219367564
"InChI=1S/C31H40ClN5O9/c1-20(45-30-26(40)24(38)25(39)27(46-30)29(41)42)28-33-37(31(43)36(28)17-18-44-23-9-3-2-4-10-23)12-6-11-34-13-15-35(16-14-34)22-8-5-7-21(32)19-22/h2-5,7-10,19-20,24-27,30,38-40H,6,11-18H2,1H3,(H,41,42)",HJURQSAYKOREAW-UHFFFAOYSA-N,CC(C1=NN(C(=O)N1CCOC2=CC=CC=C2)CCCN3CCN(CC3)C4=CC(=CC=C4)Cl)OC5OC(C(O)=O)C(C(C5O)O)O,,,C31H40ClN5O9,661.25145554,3.205899999999998,2,2,2,BTM00033,BTM00033,Alkyl-OH-glucuronidation,BTMR0165,EC 2.4.1.17,HUMAN,BTM00009,CC(C1=NN(C(=O)N1CCOC2=CC=CC=C2)CCCN3CCN(CC3)C4=CC(=CC=C4)Cl)O,"InChI=1S/C25H32ClN5O3/c1-20(32)24-27-31(25(33)30(24)17-18-34-23-9-3-2-4-10-23)12-6-11-28-13-15-29(16-14-28)22-8-5-7-21(26)19-22/h2-5,7-10,19-20,32H,6,11-18H2,1H3",VKGQYGXMUUBRBD-UHFFFAOYSA-N,4.743900000000001,485.219367564
"InChI=1S/C25H32ClN5O6S/c1-20(37-38(33,34)35)24-27-31(25(32)30(24)17-18-36-23-9-3-2-4-10-23)12-6-11-28-13-15-29(16-14-28)22-8-5-7-21(26)19-22/h2-5,7-10,19-20H,6,11-18H2,1H3,(H,33,34,35)",RXLACAFRCQDXEE-UHFFFAOYSA-N,CC(C1=NN(C(=O)N1CCOC2=CC=CC=C2)CCCN3CCN(CC3)C4=CC(=CC=C4)Cl)OS(O)(=O)=O,,,C25H32ClN5O6S,565.176182424,4.164600000000001,1,0,0,BTM00034,BTM00034,Sulfation of secondary alcohol,BTMR0502,EC 2.8.2.2,HUMAN,BTM00009,CC(C1=NN(C(=O)N1CCOC2=CC=CC=C2)CCCN3CCN(CC3)C4=CC(=CC=C4)Cl)O,"InChI=1S/C25H32ClN5O3/c1-20(32)24-27-31(25(33)30(24)17-18-34-23-9-3-2-4-10-23)12-6-11-28-13-15-29(16-14-28)22-8-5-7-21(26)19-22/h2-5,7-10,19-20,32H,6,11-18H2,1H3",VKGQYGXMUUBRBD-UHFFFAOYSA-N,4.743900000000001,485.219367564
"InChI=1S/C25H30ClN5O3/c26-21-6-4-7-22(20-21)29-15-13-28(14-16-29)11-5-12-31-25(33)30(24(27-31)10-18-32)17-19-34-23-8-2-1-3-9-23/h1-4,6-9,18,20H,5,10-17,19H2",CTGPDGUFVMXONL-UHFFFAOYSA-N,C(CC1=NN(C(=O)N1CCOC2=CC=CC=C2)CCCN3CCN(CC3)C4=CC(=CC=C4)Cl)=O,,,C25H30ClN5O3,483.2037175,4.657500000000002,0,0,0,BTM00035,BTM00035,Dehydrogenation of primary alcohol,BTMR0028,EC 1.1.1.1,HUMAN,BTM00012,C(CC1=NN(C(=O)N1CCOC2=CC=CC=C2)CCCN3CCN(CC3)C4=CC(=CC=C4)Cl)O,"InChI=1S/C25H32ClN5O3/c26-21-6-4-7-22(20-21)29-15-13-28(14-16-29)11-5-12-31-25(33)30(24(27-31)10-18-32)17-19-34-23-8-2-1-3-9-23/h1-4,6-9,20,32H,5,10-19H2",DTXXDGKWIVIXNE-UHFFFAOYSA-N,4.622000000000003,485.219367564
"InChI=1S/C31H40ClN5O9/c32-21-6-4-7-22(20-21)35-15-13-34(14-16-35)11-5-12-37-31(43)36(17-19-44-23-8-2-1-3-9-23)24(33-37)10-18-45-30-27(40)25(38)26(39)28(46-30)29(41)42/h1-4,6-9,20,25-28,30,38-40H,5,10-19H2,(H,41,42)",STWKKTWPVHOTIA-UHFFFAOYSA-N,C(CC1=NN(C(=O)N1CCOC2=CC=CC=C2)CCCN3CCN(CC3)C4=CC(=CC=C4)Cl)OC5OC(C(O)=O)C(C(C5O)O)O,,,C31H40ClN5O9,661.2514555399999,3.0839999999999996,2,2,2,BTM00036,BTM00036,Alkyl-OH-glucuronidation,BTMR0165,EC 2.4.1.17,HUMAN,BTM00012,C(CC1=NN(C(=O)N1CCOC2=CC=CC=C2)CCCN3CCN(CC3)C4=CC(=CC=C4)Cl)O,"InChI=1S/C25H32ClN5O3/c26-21-6-4-7-22(20-21)29-15-13-28(14-16-29)11-5-12-31-25(33)30(24(27-31)10-18-32)17-19-34-23-8-2-1-3-9-23/h1-4,6-9,20,32H,5,10-19H2",DTXXDGKWIVIXNE-UHFFFAOYSA-N,4.622000000000003,485.219367564
"InChI=1S/C25H32ClN5O6S/c26-21-6-4-7-22(20-21)29-15-13-28(14-16-29)11-5-12-31-25(32)30(17-19-36-23-8-2-1-3-9-23)24(27-31)10-18-37-38(33,34)35/h1-4,6-9,20H,5,10-19H2,(H,33,34,35)",IRHYYVHWVHHDEC-UHFFFAOYSA-N,C(CC1=NN(C(=O)N1CCOC2=CC=CC=C2)CCCN3CCN(CC3)C4=CC(=CC=C4)Cl)OS(O)(=O)=O,,,C25H32ClN5O6S,565.176182424,4.0427000000000035,1,1,1,BTM00037,BTM00037,Sulfation of primary alcohol,BTMR0501,EC 2.8.2.2,HUMAN,BTM00012,C(CC1=NN(C(=O)N1CCOC2=CC=CC=C2)CCCN3CCN(CC3)C4=CC(=CC=C4)Cl)O,"InChI=1S/C25H32ClN5O3/c26-21-6-4-7-22(20-21)29-15-13-28(14-16-29)11-5-12-31-25(33)30(24(27-31)10-18-32)17-19-34-23-8-2-1-3-9-23/h1-4,6-9,20,32H,5,10-19H2",DTXXDGKWIVIXNE-UHFFFAOYSA-N,4.622000000000003,485.219367564
"InChI=1S/C31H40ClN5O9/c1-2-23-33-37(31(43)36(23)18-19-44-20-8-4-3-5-9-20)13-7-12-34-14-16-35(17-15-34)22-11-6-10-21(32)27(22)45-30-26(40)24(38)25(39)28(46-30)29(41)42/h3-6,8-11,24-26,28,30,38-40H,2,7,12-19H2,1H3,(H,41,42)",SDJVIXLGNQPQAI-UHFFFAOYSA-N,CCC1=NN(C(=O)N1CCOC2=CC=CC=C2)CCCN3CCN(CC3)C4=C(C(=CC=C4)Cl)OC5OC(C(O)=O)C(C(C5O)O)O,,,C31H40ClN5O9,661.25145554,3.5565999999999978,1,2,2,BTM00038,BTM00038,Aromatic OH-glucuronidation,BTMR0166,EC 2.4.1.17,HUMAN,BTM00014,CCC1=NN(C(=O)N1CCOC2=CC=CC=C2)CCCN3CCN(CC3)C4=C(C(=CC=C4)Cl)O,"InChI=1S/C25H32ClN5O3/c1-2-23-27-31(25(33)30(23)18-19-34-20-8-4-3-5-9-20)13-7-12-28-14-16-29(17-15-28)22-11-6-10-21(26)24(22)32/h3-6,8-11,32H,2,7,12-19H2,1H3",GNTRDEDJGRXSAH-UHFFFAOYSA-N,5.252100000000002,485.219367564
"InChI=1S/C25H32ClN5O6S/c1-2-23-27-31(25(32)30(23)18-19-36-20-8-4-3-5-9-20)13-7-12-28-14-16-29(17-15-28)22-11-6-10-21(26)24(22)37-38(33,34)35/h3-6,8-11H,2,7,12-19H2,1H3,(H,33,34,35)",ZYFADLJGERENPJ-UHFFFAOYSA-N,CCC1=NN(C(=O)N1CCOC2=CC=CC=C2)CCCN3CCN(CC3)C4=C(C(=CC=C4)Cl)OS(O)(=O)=O,,,C25H32ClN5O6S,565.1761824239999,4.515300000000002,1,0,0,BTM00039,BTM00039,Sulfonation of phenolic compound,BTMR1376,EC 2.8.2.1,HUMAN,BTM00014,CCC1=NN(C(=O)N1CCOC2=CC=CC=C2)CCCN3CCN(CC3)C4=C(C(=CC=C4)Cl)O,"InChI=1S/C25H32ClN5O3/c1-2-23-27-31(25(33)30(23)18-19-34-20-8-4-3-5-9-20)13-7-12-28-14-16-29(17-15-28)22-11-6-10-21(26)24(22)32/h3-6,8-11,32H,2,7,12-19H2,1H3",GNTRDEDJGRXSAH-UHFFFAOYSA-N,5.252100000000002,485.219367564
"InChI=1S/C26H34ClN5O3/c1-3-24-28-32(26(33)31(24)19-20-35-21-9-5-4-6-10-21)14-8-13-29-15-17-30(18-16-29)23-12-7-11-22(27)25(23)34-2/h4-7,9-12H,3,8,13-20H2,1-2H3",IYJQZEJHLIMNFH-UHFFFAOYSA-N,CCC1=NN(C(=O)N1CCOC2=CC=CC=C2)CCCN3CCN(CC3)C4=C(C(=CC=C4)Cl)OC,,,C26H34ClN5O3,499.235017628,5.503099999999998,0,0,0,BTM00040,BTM00040,Methylation of phenolic compound,BTMR1377,EC 2.1.1.25,HUMAN,BTM00014,CCC1=NN(C(=O)N1CCOC2=CC=CC=C2)CCCN3CCN(CC3)C4=C(C(=CC=C4)Cl)O,"InChI=1S/C25H32ClN5O3/c1-2-23-27-31(25(33)30(23)18-19-34-20-8-4-3-5-9-20)13-7-12-28-14-16-29(17-15-28)22-11-6-10-21(26)24(22)32/h3-6,8-11,32H,2,7,12-19H2,1H3",GNTRDEDJGRXSAH-UHFFFAOYSA-N,5.252100000000002,485.219367564
"InChI=1S/C31H40ClN5O9/c1-2-24-33-37(31(43)36(24)17-18-44-21-7-4-3-5-8-21)12-6-11-34-13-15-35(16-14-34)20-9-10-23(22(32)19-20)45-30-27(40)25(38)26(39)28(46-30)29(41)42/h3-5,7-10,19,25-28,30,38-40H,2,6,11-18H2,1H3,(H,41,42)",SPKOOUFRGAOEQH-UHFFFAOYSA-N,CCC1=NN(C(=O)N1CCOC2=CC=CC=C2)CCCN3CCN(CC3)C4=CC(=C(C=C4)OC5OC(C(O)=O)C(C(C5O)O)O)Cl,,,C31H40ClN5O9,661.2514555399999,3.5565999999999978,1,2,2,BTM00041,BTM00041,Aromatic OH-glucuronidation,BTMR0166,EC 2.4.1.17,HUMAN,BTM00015,CCC1=NN(C(=O)N1CCOC2=CC=CC=C2)CCCN3CCN(CC3)C4=CC(=C(C=C4)O)Cl,"InChI=1S/C25H32ClN5O3/c1-2-24-27-31(25(33)30(24)17-18-34-21-7-4-3-5-8-21)12-6-11-28-13-15-29(16-14-28)20-9-10-23(32)22(26)19-20/h3-5,7-10,19,32H,2,6,11-18H2,1H3",XGIODORTBODPTQ-UHFFFAOYSA-N,5.252100000000002,485.219367564
"InChI=1S/C25H32ClN5O6S/c1-2-24-27-31(25(32)30(24)17-18-36-21-7-4-3-5-8-21)12-6-11-28-13-15-29(16-14-28)20-9-10-23(22(26)19-20)37-38(33,34)35/h3-5,7-10,19H,2,6,11-18H2,1H3,(H,33,34,35)",ZAUWVASESYWVMW-UHFFFAOYSA-N,CCC1=NN(C(=O)N1CCOC2=CC=CC=C2)CCCN3CCN(CC3)C4=CC(=C(C=C4)OS(O)(=O)=O)Cl,,,C25H32ClN5O6S,565.176182424,4.515300000000002,1,0,0,BTM00042,BTM00042,Sulfonation of phenolic compound,BTMR1376,EC 2.8.2.1,HUMAN,BTM00015,CCC1=NN(C(=O)N1CCOC2=CC=CC=C2)CCCN3CCN(CC3)C4=CC(=C(C=C4)O)Cl,"InChI=1S/C25H32ClN5O3/c1-2-24-27-31(25(33)30(24)17-18-34-21-7-4-3-5-8-21)12-6-11-28-13-15-29(16-14-28)20-9-10-23(32)22(26)19-20/h3-5,7-10,19,32H,2,6,11-18H2,1H3",XGIODORTBODPTQ-UHFFFAOYSA-N,5.252100000000002,485.219367564
"InChI=1S/C26H34ClN5O3/c1-3-25-28-32(26(33)31(25)18-19-35-22-8-5-4-6-9-22)13-7-12-29-14-16-30(17-15-29)21-10-11-24(34-2)23(27)20-21/h4-6,8-11,20H,3,7,12-19H2,1-2H3",GSPSCNJTQXTTKH-UHFFFAOYSA-N,CCC1=NN(C(=O)N1CCOC2=CC=CC=C2)CCCN3CCN(CC3)C4=CC(=C(C=C4)OC)Cl,,,C26H34ClN5O3,499.235017628,5.503099999999998,0,0,0,BTM00043,BTM00043,Methylation of phenolic compound,BTMR1377,EC 2.1.1.25,HUMAN,BTM00015,CCC1=NN(C(=O)N1CCOC2=CC=CC=C2)CCCN3CCN(CC3)C4=CC(=C(C=C4)O)Cl,"InChI=1S/C25H32ClN5O3/c1-2-24-27-31(25(33)30(24)17-18-34-21-7-4-3-5-8-21)12-6-11-28-13-15-29(16-14-28)20-9-10-23(32)22(26)19-20/h3-5,7-10,19,32H,2,6,11-18H2,1H3",XGIODORTBODPTQ-UHFFFAOYSA-N,5.252100000000002,485.219367564
"InChI=1S/C31H40ClN5O9/c1-2-24-33-37(31(43)36(24)15-16-44-22-7-4-3-5-8-22)10-6-9-34-11-13-35(14-12-34)21-17-20(32)18-23(19-21)45-30-27(40)25(38)26(39)28(46-30)29(41)42/h3-5,7-8,17-19,25-28,30,38-40H,2,6,9-16H2,1H3,(H,41,42)",LOKPMGRGEQJILR-UHFFFAOYSA-N,CCC1=NN(C(=O)N1CCOC2=CC=CC=C2)CCCN3CCN(CC3)C4=CC(=CC(=C4)OC5OC(C(O)=O)C(C(C5O)O)O)Cl,,,C31H40ClN5O9,661.2514555399998,3.5565999999999978,1,2,2,BTM00044,BTM00044,Aromatic OH-glucuronidation,BTMR0166,EC 2.4.1.17,HUMAN,BTM00016,CCC1=NN(C(=O)N1CCOC2=CC=CC=C2)CCCN3CCN(CC3)C4=CC(=CC(=C4)O)Cl,"InChI=1S/C25H32ClN5O3/c1-2-24-27-31(25(33)30(24)15-16-34-23-7-4-3-5-8-23)10-6-9-28-11-13-29(14-12-28)21-17-20(26)18-22(32)19-21/h3-5,7-8,17-19,32H,2,6,9-16H2,1H3",WANYBAAHYITYGG-UHFFFAOYSA-N,5.252100000000002,485.219367564
"InChI=1S/C25H32ClN5O6S/c1-2-24-27-31(25(32)30(24)15-16-36-22-7-4-3-5-8-22)10-6-9-28-11-13-29(14-12-28)21-17-20(26)18-23(19-21)37-38(33,34)35/h3-5,7-8,17-19H,2,6,9-16H2,1H3,(H,33,34,35)",HMUMHFCSAVTTOF-UHFFFAOYSA-N,CCC1=NN(C(=O)N1CCOC2=CC=CC=C2)CCCN3CCN(CC3)C4=CC(=CC(=C4)OS(O)(=O)=O)Cl,,,C25H32ClN5O6S,565.176182424,4.515300000000002,1,0,0,BTM00045,BTM00045,Sulfonation of phenolic compound,BTMR1376,EC 2.8.2.1,HUMAN,BTM00016,CCC1=NN(C(=O)N1CCOC2=CC=CC=C2)CCCN3CCN(CC3)C4=CC(=CC(=C4)O)Cl,"InChI=1S/C25H32ClN5O3/c1-2-24-27-31(25(33)30(24)15-16-34-23-7-4-3-5-8-23)10-6-9-28-11-13-29(14-12-28)21-17-20(26)18-22(32)19-21/h3-5,7-8,17-19,32H,2,6,9-16H2,1H3",WANYBAAHYITYGG-UHFFFAOYSA-N,5.252100000000002,485.219367564
"InChI=1S/C26H34ClN5O3/c1-3-25-28-32(26(33)31(25)16-17-35-23-8-5-4-6-9-23)11-7-10-29-12-14-30(15-13-29)22-18-21(27)19-24(20-22)34-2/h4-6,8-9,18-20H,3,7,10-17H2,1-2H3",PSPALMMFZMLWMS-UHFFFAOYSA-N,CCC1=NN(C(=O)N1CCOC2=CC=CC=C2)CCCN3CCN(CC3)C4=CC(=CC(=C4)OC)Cl,,,C26H34ClN5O3,499.235017628,5.503099999999998,0,0,0,BTM00046,BTM00046,Methylation of phenolic compound,BTMR1377,EC 2.1.1.25,HUMAN,BTM00016,CCC1=NN(C(=O)N1CCOC2=CC=CC=C2)CCCN3CCN(CC3)C4=CC(=CC(=C4)O)Cl,"InChI=1S/C25H32ClN5O3/c1-2-24-27-31(25(33)30(24)15-16-34-23-7-4-3-5-8-23)10-6-9-28-11-13-29(14-12-28)21-17-20(26)18-22(32)19-21/h3-5,7-8,17-19,32H,2,6,9-16H2,1H3",WANYBAAHYITYGG-UHFFFAOYSA-N,5.252100000000002,485.219367564
"InChI=1S/C19H26ClN5O3/c1-2-18-22-25(19(28)24(18)12-14-27)9-4-8-23(11-13-26)10-7-21-17-6-3-5-16(20)15-17/h3,5-6,13-15,21H,2,4,7-12H2,1H3",WJSIQUPLYXTZCX-UHFFFAOYSA-N,CCC1=NN(C(=O)N1CC=O)CCCN(CC=O)CCNC2=CC(=CC=C2)Cl,,,C19H26ClN5O3,407.172417372,3.1490000000000027,0,1,1,BTM00047,BTM00047,O-Dealkylation,BTMR0052,"CYP1A2
CYP2A6
CYP2C9
CYP2C19
CYP2D6
CYP2E1
CYP3A4",HUMAN,BTM00001,CCC1=NN(C(=O)N1CCOC2=CC=CC=C2)CCCN(CC=O)CCNC3=CC(=CC=C3)Cl,"InChI=1S/C25H32ClN5O3/c1-2-24-28-31(25(33)30(24)17-19-34-23-10-4-3-5-11-23)14-7-13-29(16-18-32)15-12-27-22-9-6-8-21(26)20-22/h3-6,8-11,18,20,27H,2,7,12-17,19H2,1H3",KDIFWNPSRIPLJG-UHFFFAOYSA-N,5.064300000000003,485.219367564
"InChI=1S/C6H6O/c7-6-4-2-1-3-5-6/h1-5,7H",ISWSIDIOOBJBQZ-UHFFFAOYSA-N,OC1=CC=CC=C1,,,C6H6O,94.041864812,1.5626000000000002,0,0,0,BTM00003,BTM00003,O-Dealkylation,BTMR0052,"CYP1A2
CYP2A6
CYP2C9
CYP2C19
CYP2D6
CYP2E1
CYP3A4",HUMAN,BTM00001,CCC1=NN(C(=O)N1CCOC2=CC=CC=C2)CCCN(CC=O)CCNC3=CC(=CC=C3)Cl,"InChI=1S/C25H32ClN5O3/c1-2-24-28-31(25(33)30(24)17-19-34-23-10-4-3-5-11-23)14-7-13-29(16-18-32)15-12-27-22-9-6-8-21(26)20-22/h3-6,8-11,18,20,27H,2,7,12-17,19H2,1H3",KDIFWNPSRIPLJG-UHFFFAOYSA-N,5.064300000000003,485.219367564
"InChI=1S/C25H32ClN5O4/c1-2-24-28-30(25(33)29(24)14-19-35-23-10-4-3-5-11-23)13-7-15-31(34,17-18-32)16-12-27-22-9-6-8-21(26)20-22/h3-6,8-11,18,20,27H,2,7,12-17,19H2,1H3",ZSWQZZHVDDIVGH-UHFFFAOYSA-N,CCC1=NN(C(=O)N1CCOC2=CC=CC=C2)CCC[N+](CC=O)(CCNC3=CC(=CC=C3)Cl)[O-],,,C25H32ClN5O4,501.214282184,4.659200000000002,1,1,1,BTM00048,BTM00048,N-Oxidation of aliphatic tertiary amine,BTMR1100,"CYP1A2
CYP2D6
CYP3A4",HUMAN,BTM00001,CCC1=NN(C(=O)N1CCOC2=CC=CC=C2)CCCN(CC=O)CCNC3=CC(=CC=C3)Cl,"InChI=1S/C25H32ClN5O3/c1-2-24-28-31(25(33)30(24)17-19-34-23-10-4-3-5-11-23)14-7-13-29(16-18-32)15-12-27-22-9-6-8-21(26)20-22/h3-6,8-11,18,20,27H,2,7,12-17,19H2,1H3",KDIFWNPSRIPLJG-UHFFFAOYSA-N,5.064300000000003,485.219367564
"InChI=1S/C25H32ClN5O4/c1-2-24-28-31(25(34)30(24)16-18-35-21-7-4-3-5-8-21)13-6-12-29(15-17-32)14-11-27-22-19-20(26)9-10-23(22)33/h3-5,7-10,17,19,27,33H,2,6,11-16,18H2,1H3",FLTBECQTPPJENI-UHFFFAOYSA-N,CCC1=NN(C(=O)N1CCOC2=CC=CC=C2)CCCN(CC=O)CCNC3=CC(=CC=C3O)Cl,,,C25H32ClN5O4,501.214282184,4.7969,1,1,1,BTM00049,BTM00049,Hydroxylation of aromatic carbon para to halide group,BTMR1041,"CYP1A2
CYP2E1
CYP3A4",HUMAN,BTM00001,CCC1=NN(C(=O)N1CCOC2=CC=CC=C2)CCCN(CC=O)CCNC3=CC(=CC=C3)Cl,"InChI=1S/C25H32ClN5O3/c1-2-24-28-31(25(33)30(24)17-19-34-23-10-4-3-5-11-23)14-7-13-29(16-18-32)15-12-27-22-9-6-8-21(26)20-22/h3-6,8-11,18,20,27H,2,7,12-17,19H2,1H3",KDIFWNPSRIPLJG-UHFFFAOYSA-N,5.064300000000003,485.219367564
"InChI=1S/C25H32ClN5O4/c1-20(33)24-28-31(25(34)30(24)16-18-35-23-9-3-2-4-10-23)13-6-12-29(15-17-32)14-11-27-22-8-5-7-21(26)19-22/h2-5,7-10,17,19-20,27,33H,6,11-16,18H2,1H3",UUHUOMNQXDLRHG-UHFFFAOYSA-N,CC(C1=NN(C(=O)N1CCOC2=CC=CC=C2)CCCN(CC=O)CCNC3=CC(=CC=C3)Cl)O,,,C25H32ClN5O4,501.214282184,4.2887,1,1,1,BTM00050,BTM00050,Hydroxylation of penultimate aliphatic secondary carbon,BTMR1074,"CYP1A2
CYP2A6
CYP2B6
CYP2C8
CYP2C9
CYP2C19
CYP2D6
CYP2E1
CYP3A4",HUMAN,BTM00001,CCC1=NN(C(=O)N1CCOC2=CC=CC=C2)CCCN(CC=O)CCNC3=CC(=CC=C3)Cl,"InChI=1S/C25H32ClN5O3/c1-2-24-28-31(25(33)30(24)17-19-34-23-10-4-3-5-11-23)14-7-13-29(16-18-32)15-12-27-22-9-6-8-21(26)20-22/h3-6,8-11,18,20,27H,2,7,12-17,19H2,1H3",KDIFWNPSRIPLJG-UHFFFAOYSA-N,5.064300000000003,485.219367564
"InChI=1S/C25H32ClN5O4/c26-21-6-4-7-22(20-21)27-11-14-29(15-18-33)12-5-13-31-25(34)30(24(28-31)10-17-32)16-19-35-23-8-2-1-3-9-23/h1-4,6-9,18,20,27,32H,5,10-17,19H2",REZZSUOOKUSCCI-UHFFFAOYSA-N,C(CC1=NN(C(=O)N1CCOC2=CC=CC=C2)CCCN(CC=O)CCNC3=CC(=CC=C3)Cl)O,,,C25H32ClN5O4,501.214282184,4.166800000000002,1,1,1,BTM00051,BTM00051,Hydroxylation of terminal methyl,BTMR1061,"CYP1A2
CYP2A6
CYP2B6
CYP2C8
CYP2C9
CYP2C19
CYP2D6
CYP2E1
CYP3A4",HUMAN,BTM00001,CCC1=NN(C(=O)N1CCOC2=CC=CC=C2)CCCN(CC=O)CCNC3=CC(=CC=C3)Cl,"InChI=1S/C25H32ClN5O3/c1-2-24-28-31(25(33)30(24)17-19-34-23-10-4-3-5-11-23)14-7-13-29(16-18-32)15-12-27-22-9-6-8-21(26)20-22/h3-6,8-11,18,20,27H,2,7,12-17,19H2,1H3",KDIFWNPSRIPLJG-UHFFFAOYSA-N,5.064300000000003,485.219367564
"InChI=1S/C25H30ClN5O3/c1-2-24-28-31(25(33)30(24)17-19-34-23-10-4-3-5-11-23)14-7-13-29(16-18-32)15-12-27-22-9-6-8-21(26)20-22/h2-6,8-11,18,20,27H,1,7,12-17,19H2",NQTJZWKPGWBQSZ-UHFFFAOYSA-N,C=CC1=NN(C(=O)N1CCOC2=CC=CC=C2)CCCN(CC=O)CCNC3=CC(=CC=C3)Cl,,,C25H30ClN5O3,483.2037175,5.067400000000002,0,1,1,BTM00052,BTM00052,Terminal desaturation,BTMR1190,"CYP1A2
CYP2A6
CYP2C9
CYP2D6
CYP3A4",HUMAN,BTM00001,CCC1=NN(C(=O)N1CCOC2=CC=CC=C2)CCCN(CC=O)CCNC3=CC(=CC=C3)Cl,"InChI=1S/C25H32ClN5O3/c1-2-24-28-31(25(33)30(24)17-19-34-23-10-4-3-5-11-23)14-7-13-29(16-18-32)15-12-27-22-9-6-8-21(26)20-22/h3-6,8-11,18,20,27H,2,7,12-17,19H2,1H3",KDIFWNPSRIPLJG-UHFFFAOYSA-N,5.064300000000003,485.219367564
"InChI=1S/C25H32ClN5O4/c1-2-23-28-31(25(34)30(23)17-19-35-20-8-4-3-5-9-20)14-7-13-29(16-18-32)15-12-27-22-11-6-10-21(26)24(22)33/h3-6,8-11,18,27,33H,2,7,12-17,19H2,1H3",CPDMRWIDLPWRAK-UHFFFAOYSA-N,CCC1=NN(C(=O)N1CCOC2=CC=CC=C2)CCCN(CC=O)CCNC3=C(C(=CC=C3)Cl)O,,,C25H32ClN5O4,501.214282184,4.7969,1,1,1,BTM00053,BTM00053,Hydroxylation of aromatic carbon ortho to halide group,BTMR1040,"CYP1A2
CYP2A6
CYP2B6
CYP2C8
CYP2C9
CYP2C19
CYP2D6
CYP2E1
CYP3A4",HUMAN,BTM00001,CCC1=NN(C(=O)N1CCOC2=CC=CC=C2)CCCN(CC=O)CCNC3=CC(=CC=C3)Cl,"InChI=1S/C25H32ClN5O3/c1-2-24-28-31(25(33)30(24)17-19-34-23-10-4-3-5-11-23)14-7-13-29(16-18-32)15-12-27-22-9-6-8-21(26)20-22/h3-6,8-11,18,20,27H,2,7,12-17,19H2,1H3",KDIFWNPSRIPLJG-UHFFFAOYSA-N,5.064300000000003,485.219367564
"InChI=1S/C25H32ClN5O4/c1-2-24-28-31(25(34)30(24)16-18-35-21-7-4-3-5-8-21)13-6-12-29(15-17-32)14-11-27-20-9-10-23(33)22(26)19-20/h3-5,7-10,17,19,27,33H,2,6,11-16,18H2,1H3",DUBJWWGXQWSMPV-UHFFFAOYSA-N,CCC1=NN(C(=O)N1CCOC2=CC=CC=C2)CCCN(CC=O)CCNC3=CC(=C(C=C3)O)Cl,,,C25H32ClN5O4,501.214282184,4.7969,1,1,1,BTM00054,BTM00054,Hydroxylation of aromatic carbon ortho to halide group,BTMR1040,"CYP1A2
CYP2A6
CYP2B6
CYP2C8
CYP2C9
CYP2C19
CYP2D6
CYP2E1
CYP3A4",HUMAN,BTM00001,CCC1=NN(C(=O)N1CCOC2=CC=CC=C2)CCCN(CC=O)CCNC3=CC(=CC=C3)Cl,"InChI=1S/C25H32ClN5O3/c1-2-24-28-31(25(33)30(24)17-19-34-23-10-4-3-5-11-23)14-7-13-29(16-18-32)15-12-27-22-9-6-8-21(26)20-22/h3-6,8-11,18,20,27H,2,7,12-17,19H2,1H3",KDIFWNPSRIPLJG-UHFFFAOYSA-N,5.064300000000003,485.219367564
"InChI=1S/C19H26N4O4/c1-2-18-20-23(10-6-9-21(11-14-24)12-15-25)19(26)22(18)13-16-27-17-7-4-3-5-8-17/h3-5,7-8,14-15H,2,6,9-13,16H2,1H3",ZDOFIZJQLXMWRR-UHFFFAOYSA-N,CCC1=NN(C(=O)N1CCOC2=CC=CC=C2)CCCN(CC=O)CC=O,,,C19H26N4O4,374.195405312,2.6595000000000004,0,1,1,BTM00055,BTM00055,N-Dealkylation of secondary arylalkylamine,BTMR1141,"CYP1A2
CYP2C19
CYP2D6
CYP2E1
CYP3A4",HUMAN,BTM00001,CCC1=NN(C(=O)N1CCOC2=CC=CC=C2)CCCN(CC=O)CCNC3=CC(=CC=C3)Cl,"InChI=1S/C25H32ClN5O3/c1-2-24-28-31(25(33)30(24)17-19-34-23-10-4-3-5-11-23)14-7-13-29(16-18-32)15-12-27-22-9-6-8-21(26)20-22/h3-6,8-11,18,20,27H,2,7,12-17,19H2,1H3",KDIFWNPSRIPLJG-UHFFFAOYSA-N,5.064300000000003,485.219367564
"InChI=1S/C6H6ClN/c7-5-2-1-3-6(8)4-5/h1-4H,8H2",PNPCRKVUWYDDST-UHFFFAOYSA-N,NC1=CC(=CC=C1)Cl,,,C6H6ClN,127.01887687199999,1.7478,0,0,0,BTM00056,BTM00056,N-Dealkylation of secondary arylalkylamine,BTMR1141,"CYP1A2
CYP2C19
CYP2D6
CYP2E1
CYP3A4",HUMAN,BTM00001,CCC1=NN(C(=O)N1CCOC2=CC=CC=C2)CCCN(CC=O)CCNC3=CC(=CC=C3)Cl,"InChI=1S/C25H32ClN5O3/c1-2-24-28-31(25(33)30(24)17-19-34-23-10-4-3-5-11-23)14-7-13-29(16-18-32)15-12-27-22-9-6-8-21(26)20-22/h3-6,8-11,18,20,27H,2,7,12-17,19H2,1H3",KDIFWNPSRIPLJG-UHFFFAOYSA-N,5.064300000000003,485.219367564
"InChI=1S/C15H19N3O3/c1-2-14-16-18(9-6-11-19)15(20)17(14)10-12-21-13-7-4-3-5-8-13/h3-5,7-8,11H,2,6,9-10,12H2,1H3",DTNMGOVUYBUCIW-UHFFFAOYSA-N,CCC1=NN(C(=O)N1CCOC2=CC=CC=C2)CCC=O,,,C15H19N3O3,289.14264146799997,2.776300000000001,0,0,0,BTM00006,BTM00006,N-Dealkylation of acyclic tertiary amine,BTMR1142,"CYP1A2
CYP2A6
CYP2B6
CYP2C8
CYP2C9
CYP2C19
CYP2D6
CYP2E1
CYP3A4",HUMAN,BTM00001,CCC1=NN(C(=O)N1CCOC2=CC=CC=C2)CCCN(CC=O)CCNC3=CC(=CC=C3)Cl,"InChI=1S/C25H32ClN5O3/c1-2-24-28-31(25(33)30(24)17-19-34-23-10-4-3-5-11-23)14-7-13-29(16-18-32)15-12-27-22-9-6-8-21(26)20-22/h3-6,8-11,18,20,27H,2,7,12-17,19H2,1H3",KDIFWNPSRIPLJG-UHFFFAOYSA-N,5.064300000000003,485.219367564
"InChI=1S/C10H13ClN2O/c11-9-2-1-3-10(8-9)13-5-4-12-6-7-14/h1-3,7-8,12-13H,4-6H2",URBYDLVFDIXMLR-UHFFFAOYSA-N,N(CC=O)CCNC1=CC(=CC=C1)Cl,,,C10H13ClN2O,212.071640716,1.622800000000001,0,0,0,BTM00057,BTM00057,N-Dealkylation of acyclic tertiary amine,BTMR1142,"CYP1A2
CYP2A6
CYP2B6
CYP2C8
CYP2C9
CYP2C19
CYP2D6
CYP2E1
CYP3A4",HUMAN,BTM00001,CCC1=NN(C(=O)N1CCOC2=CC=CC=C2)CCCN(CC=O)CCNC3=CC(=CC=C3)Cl,"InChI=1S/C25H32ClN5O3/c1-2-24-28-31(25(33)30(24)17-19-34-23-10-4-3-5-11-23)14-7-13-29(16-18-32)15-12-27-22-9-6-8-21(26)20-22/h3-6,8-11,18,20,27H,2,7,12-17,19H2,1H3",KDIFWNPSRIPLJG-UHFFFAOYSA-N,5.064300000000003,485.219367564
"InChI=1S/C17H24N4O3/c1-2-16-19-21(11-6-9-18-10-13-22)17(23)20(16)12-14-24-15-7-4-3-5-8-15/h3-5,7-8,13,18H,2,6,9-12,14H2,1H3",FIQFLUAZJMJWDF-UHFFFAOYSA-N,CCC1=NN(C(=O)N1CCOC2=CC=CC=C2)CCCNCC=O,,,C17H24N4O3,332.18484062799996,2.4067,0,0,0,BTM00058,BTM00058,N-Dealkylation of acyclic tertiary amine,BTMR1142,"CYP1A2
CYP2A6
CYP2B6
CYP2C8
CYP2C9
CYP2C19
CYP2D6
CYP2E1
CYP3A4",HUMAN,BTM00001,CCC1=NN(C(=O)N1CCOC2=CC=CC=C2)CCCN(CC=O)CCNC3=CC(=CC=C3)Cl,"InChI=1S/C25H32ClN5O3/c1-2-24-28-31(25(33)30(24)17-19-34-23-10-4-3-5-11-23)14-7-13-29(16-18-32)15-12-27-22-9-6-8-21(26)20-22/h3-6,8-11,18,20,27H,2,7,12-17,19H2,1H3",KDIFWNPSRIPLJG-UHFFFAOYSA-N,5.064300000000003,485.219367564
"InChI=1S/C8H8ClNO/c9-7-2-1-3-8(6-7)10-4-5-11/h1-3,5-6,10H,4H2",DGMLGEIUAVWWBT-UHFFFAOYSA-N,C(CNC1=CC(=CC=C1)Cl)=O,,,C8H8ClNO,169.029441556,2.0199999999999996,0,0,0,BTM00059,BTM00059,N-Dealkylation of acyclic tertiary amine,BTMR1142,"CYP1A2
CYP2A6
CYP2B6
CYP2C8
CYP2C9
CYP2C19
CYP2D6
CYP2E1
CYP3A4",HUMAN,BTM00001,CCC1=NN(C(=O)N1CCOC2=CC=CC=C2)CCCN(CC=O)CCNC3=CC(=CC=C3)Cl,"InChI=1S/C25H32ClN5O3/c1-2-24-28-31(25(33)30(24)17-19-34-23-10-4-3-5-11-23)14-7-13-29(16-18-32)15-12-27-22-9-6-8-21(26)20-22/h3-6,8-11,18,20,27H,2,7,12-17,19H2,1H3",KDIFWNPSRIPLJG-UHFFFAOYSA-N,5.064300000000003,485.219367564
"InChI=1S/C23H30ClN5O2/c1-2-22-27-29(23(30)28(22)16-17-31-21-10-4-3-5-11-21)15-7-12-25-13-14-26-20-9-6-8-19(24)18-20/h3-6,8-11,18,25-26H,2,7,12-17H2,1H3",CWVQORYCVTVYHG-UHFFFAOYSA-N,CCC1=NN(C(=O)N1CCOC2=CC=CC=C2)CCCNCCNC3=CC(=CC=C3)Cl,,,C23H30ClN5O2,443.20880288,4.811499999999999,0,1,1,BTM00060,BTM00060,N-Dealkylation of acyclic tertiary amine,BTMR1142,"CYP1A2
CYP2A6
CYP2B6
CYP2C8
CYP2C9
CYP2C19
CYP2D6
CYP2E1
CYP3A4",HUMAN,BTM00001,CCC1=NN(C(=O)N1CCOC2=CC=CC=C2)CCCN(CC=O)CCNC3=CC(=CC=C3)Cl,"InChI=1S/C25H32ClN5O3/c1-2-24-28-31(25(33)30(24)17-19-34-23-10-4-3-5-11-23)14-7-13-29(16-18-32)15-12-27-22-9-6-8-21(26)20-22/h3-6,8-11,18,20,27H,2,7,12-17,19H2,1H3",KDIFWNPSRIPLJG-UHFFFAOYSA-N,5.064300000000003,485.219367564
InChI=1S/C2H2O2/c3-1-2-4/h1-2H,LEQAOMBKQFMDFZ-UHFFFAOYSA-N,C(C=O)=O,,,C2H2O2,58.005479304,-0.38480000000000003,0,0,0,BTM00061,BTM00061,N-Dealkylation of acyclic tertiary amine,BTMR1142,"CYP1A2
CYP2A6
CYP2B6
CYP2C8
CYP2C9
CYP2C19
CYP2D6
CYP2E1
CYP3A4",HUMAN,BTM00001,CCC1=NN(C(=O)N1CCOC2=CC=CC=C2)CCCN(CC=O)CCNC3=CC(=CC=C3)Cl,"InChI=1S/C25H32ClN5O3/c1-2-24-28-31(25(33)30(24)17-19-34-23-10-4-3-5-11-23)14-7-13-29(16-18-32)15-12-27-22-9-6-8-21(26)20-22/h3-6,8-11,18,20,27H,2,7,12-17,19H2,1H3",KDIFWNPSRIPLJG-UHFFFAOYSA-N,5.064300000000003,485.219367564
"InChI=1S/C25H32ClN5O4/c1-2-24-28-31(25(34)30(24)14-16-35-23-7-4-3-5-8-23)11-6-10-29(13-15-32)12-9-27-21-17-20(26)18-22(33)19-21/h3-5,7-8,15,17-19,27,33H,2,6,9-14,16H2,1H3",QLHQZXYRLPQOOF-UHFFFAOYSA-N,CCC1=NN(C(=O)N1CCOC2=CC=CC=C2)CCCN(CC=O)CCNC3=CC(=CC(=C3)O)Cl,,,C25H32ClN5O4,501.214282184,4.7969,1,1,1,BTM00062,BTM00062,Hydroxylation of aromatic carbon meta to halide group,BTMR1039,"CYP2A6
CYP2B6
CYP2C9
CYP2C19
CYP2E1
CYP3A4",HUMAN,BTM00001,CCC1=NN(C(=O)N1CCOC2=CC=CC=C2)CCCN(CC=O)CCNC3=CC(=CC=C3)Cl,"InChI=1S/C25H32ClN5O3/c1-2-24-28-31(25(33)30(24)17-19-34-23-10-4-3-5-11-23)14-7-13-29(16-18-32)15-12-27-22-9-6-8-21(26)20-22/h3-6,8-11,18,20,27H,2,7,12-17,19H2,1H3",KDIFWNPSRIPLJG-UHFFFAOYSA-N,5.064300000000003,485.219367564
"InChI=1S/C25H32ClN5O4/c1-2-23-28-31(25(34)30(23)16-18-35-22-9-4-3-5-10-22)13-11-24(33)29(15-17-32)14-12-27-21-8-6-7-20(26)19-21/h3-10,17,19,24,27,33H,2,11-16,18H2,1H3",DOGWTWQWTBTQPB-UHFFFAOYSA-N,CCC1=NN(C(=O)N1CCOC2=CC=CC=C2)CCC(N(CC=O)CCNC3=CC(=CC=C3)Cl)O,,,C25H32ClN5O4,501.214282184,4.9178000000000015,1,1,1,BTM00063,BTM00063,Aliphatic hydroxylation of carbon alpha to secondary or tertiary alkyl-N,BTMR1081,"CYP2B6
CYP2C19
CYP2D6",HUMAN,BTM00001,CCC1=NN(C(=O)N1CCOC2=CC=CC=C2)CCCN(CC=O)CCNC3=CC(=CC=C3)Cl,"InChI=1S/C25H32ClN5O3/c1-2-24-28-31(25(33)30(24)17-19-34-23-10-4-3-5-11-23)14-7-13-29(16-18-32)15-12-27-22-9-6-8-21(26)20-22/h3-6,8-11,18,20,27H,2,7,12-17,19H2,1H3",KDIFWNPSRIPLJG-UHFFFAOYSA-N,5.064300000000003,485.219367564
"InChI=1S/C25H32ClN5O4/c1-2-23-28-31(25(34)30(23)15-17-35-22-10-4-3-5-11-22)13-7-12-29(14-16-32)24(33)19-27-21-9-6-8-20(26)18-21/h3-6,8-11,16,18,24,27,33H,2,7,12-15,17,19H2,1H3",ONQYYFHTFNLANC-UHFFFAOYSA-N,CCC1=NN(C(=O)N1CCOC2=CC=CC=C2)CCCN(CC=O)C(CNC3=CC(=CC=C3)Cl)O,,,C25H32ClN5O4,501.214282184,4.724600000000001,1,1,1,BTM00064,BTM00064,Aliphatic hydroxylation of carbon alpha to secondary or tertiary alkyl-N,BTMR1081,"CYP2B6
CYP2C19
CYP2D6",HUMAN,BTM00001,CCC1=NN(C(=O)N1CCOC2=CC=CC=C2)CCCN(CC=O)CCNC3=CC(=CC=C3)Cl,"InChI=1S/C25H32ClN5O3/c1-2-24-28-31(25(33)30(24)17-19-34-23-10-4-3-5-11-23)14-7-13-29(16-18-32)15-12-27-22-9-6-8-21(26)20-22/h3-6,8-11,18,20,27H,2,7,12-17,19H2,1H3",KDIFWNPSRIPLJG-UHFFFAOYSA-N,5.064300000000003,485.219367564
"InChI=1S/C25H32ClN5O4/c1-2-23-28-31(25(34)30(23)16-17-35-22-10-4-3-5-11-22)14-7-13-29(24(33)19-32)15-12-27-21-9-6-8-20(26)18-21/h3-6,8-11,18-19,24,27,33H,2,7,12-17H2,1H3",IMGORKHEMZNAME-UHFFFAOYSA-N,CCC1=NN(C(=O)N1CCOC2=CC=CC=C2)CCCN(C(C=O)O)CCNC3=CC(=CC=C3)Cl,,,C25H32ClN5O4,501.214282184,4.724600000000001,1,1,1,BTM00065,BTM00065,Aliphatic hydroxylation of carbon alpha to secondary or tertiary alkyl-N,BTMR1081,"CYP2B6
CYP2C19
CYP2D6",HUMAN,BTM00001,CCC1=NN(C(=O)N1CCOC2=CC=CC=C2)CCCN(CC=O)CCNC3=CC(=CC=C3)Cl,"InChI=1S/C25H32ClN5O3/c1-2-24-28-31(25(33)30(24)17-19-34-23-10-4-3-5-11-23)14-7-13-29(16-18-32)15-12-27-22-9-6-8-21(26)20-22/h3-6,8-11,18,20,27H,2,7,12-17,19H2,1H3",KDIFWNPSRIPLJG-UHFFFAOYSA-N,5.064300000000003,485.219367564
"InChI=1S/C19H26ClN5O3/c1-2-18-22-25(19(28)24(18)12-14-27)9-4-8-23(11-13-26)10-7-21-17-6-3-5-16(20)15-17/h3,5-6,13-15,21H,2,4,7-12H2,1H3",WJSIQUPLYXTZCX-UHFFFAOYSA-N,CCC1=NN(C(=O)N1CC=O)CCCN(CC=O)CCNC2=CC(=CC=C2)Cl,,,C19H26ClN5O3,407.172417372,3.1490000000000027,0,1,1,BTM00047,BTM00047,N-Dealkylation of mixed tertiary amine,BTMR1145,"CYP1A2
CYP2A6
CYP2B6
CYP2C8
CYP2C9
CYP2C19
CYP2D6
CYP3A4",HUMAN,BTM00002,CCC1=NN(C(=O)N1CC=O)CCCN2CCN(CC2)C3=CC(=CC=C3)Cl,"InChI=1S/C19H26ClN5O2/c1-2-18-21-25(19(27)24(18)13-14-26)8-4-7-22-9-11-23(12-10-22)17-6-3-5-16(20)15-17/h3,5-6,14-15H,2,4,7-13H2,1H3",WADRDCLMHCTIDY-UHFFFAOYSA-N,3.6041999999999996,391.177502752
"InChI=1S/C19H26ClN5O3/c1-2-18-21-24(19(27)23(18)11-14-26)8-4-7-22-9-12-25(28,13-10-22)17-6-3-5-16(20)15-17/h3,5-6,14-15H,2,4,7-13H2,1H3",FCHFSUUVZIUSGV-UHFFFAOYSA-N,CCC1=NN(C(=O)N1CC=O)CCCN2CC[N+](CC2)(C3=CC(=CC=C3)Cl)[O-],,,C19H26ClN5O3,407.172417372,3.1035999999999992,0,0,0,BTM00066,BTM00066,N-Oxidation of alicyclic tertiary amine,BTMR1099,"CYP1A2
CYP2C8
CYP2C19
CYP2D6
CYP3A4",HUMAN,BTM00002,CCC1=NN(C(=O)N1CC=O)CCCN2CCN(CC2)C3=CC(=CC=C3)Cl,"InChI=1S/C19H26ClN5O2/c1-2-18-21-25(19(27)24(18)13-14-26)8-4-7-22-9-11-23(12-10-22)17-6-3-5-16(20)15-17/h3,5-6,14-15H,2,4,7-13H2,1H3",WADRDCLMHCTIDY-UHFFFAOYSA-N,3.6041999999999996,391.177502752
"InChI=1S/C19H26ClN5O3/c1-2-18-21-24(19(27)23(18)10-14-26)7-4-11-25(28)12-8-22(9-13-25)17-6-3-5-16(20)15-17/h3,5-6,14-15H,2,4,7-13H2,1H3",QKNNZFATWALEQS-UHFFFAOYSA-N,CCC1=NN(C(=O)N1CC=O)CCC[N+]2(CCN(CC2)C3=CC(=CC=C3)Cl)[O-],,,C19H26ClN5O3,407.172417372,3.1990999999999996,0,0,0,BTM00067,BTM00067,N-Oxidation of alicyclic tertiary amine,BTMR1099,"CYP1A2
CYP2C8
CYP2C19
CYP2D6
CYP3A4",HUMAN,BTM00002,CCC1=NN(C(=O)N1CC=O)CCCN2CCN(CC2)C3=CC(=CC=C3)Cl,"InChI=1S/C19H26ClN5O2/c1-2-18-21-25(19(27)24(18)13-14-26)8-4-7-22-9-11-23(12-10-22)17-6-3-5-16(20)15-17/h3,5-6,14-15H,2,4,7-13H2,1H3",WADRDCLMHCTIDY-UHFFFAOYSA-N,3.6041999999999996,391.177502752
"InChI=1S/C9H13N3O3/c1-2-8-10-12(4-3-6-13)9(15)11(8)5-7-14/h6-7H,2-5H2,1H3",RKUAINLEINEGPF-UHFFFAOYSA-N,CCC1=NN(C(=O)N1CC=O)CCC=O,,,C9H13N3O3,211.095691276,0.8609999999999997,0,0,0,BTM00068,BTM00068,N-Dealkylation of alicyclic tertiary amine,BTMR1144,"CYP1A2
CYP2A6
CYP2B6
CYP2C8
CYP2C9
CYP2C19
CYP2D6
CYP3A4",HUMAN,BTM00002,CCC1=NN(C(=O)N1CC=O)CCCN2CCN(CC2)C3=CC(=CC=C3)Cl,"InChI=1S/C19H26ClN5O2/c1-2-18-21-25(19(27)24(18)13-14-26)8-4-7-22-9-11-23(12-10-22)17-6-3-5-16(20)15-17/h3,5-6,14-15H,2,4,7-13H2,1H3",WADRDCLMHCTIDY-UHFFFAOYSA-N,3.6041999999999996,391.177502752
"InChI=1S/C10H13ClN2/c11-9-2-1-3-10(8-9)13-6-4-12-5-7-13/h1-3,8,12H,4-7H2",VHFVKMTVMIZMIK-UHFFFAOYSA-N,N1CCN(CC1)C2=CC(=CC=C2)Cl,,,C10H13ClN2,196.076726096,2.0780000000000003,0,0,0,BTM00007,BTM00007,N-Dealkylation of alicyclic tertiary amine,BTMR1144,"CYP1A2
CYP2A6
CYP2B6
CYP2C8
CYP2C9
CYP2C19
CYP2D6
CYP3A4",HUMAN,BTM00002,CCC1=NN(C(=O)N1CC=O)CCCN2CCN(CC2)C3=CC(=CC=C3)Cl,"InChI=1S/C19H26ClN5O2/c1-2-18-21-25(19(27)24(18)13-14-26)8-4-7-22-9-11-23(12-10-22)17-6-3-5-16(20)15-17/h3,5-6,14-15H,2,4,7-13H2,1H3",WADRDCLMHCTIDY-UHFFFAOYSA-N,3.6041999999999996,391.177502752
"InChI=1S/C19H26ClN5O3/c1-2-18-21-25(19(28)24(18)12-13-26)7-3-6-22-8-10-23(11-9-22)16-14-15(20)4-5-17(16)27/h4-5,13-14,27H,2-3,6-12H2,1H3",YWXLATAFEHBXMH-UHFFFAOYSA-N,CCC1=NN(C(=O)N1CC=O)CCCN2CCN(CC2)C3=CC(=CC=C3O)Cl,,,C19H26ClN5O3,407.172417372,3.3368,0,0,0,BTM00069,BTM00069,Hydroxylation of aromatic carbon para to halide group,BTMR1041,"CYP1A2
CYP2E1
CYP3A4",HUMAN,BTM00002,CCC1=NN(C(=O)N1CC=O)CCCN2CCN(CC2)C3=CC(=CC=C3)Cl,"InChI=1S/C19H26ClN5O2/c1-2-18-21-25(19(27)24(18)13-14-26)8-4-7-22-9-11-23(12-10-22)17-6-3-5-16(20)15-17/h3,5-6,14-15H,2,4,7-13H2,1H3",WADRDCLMHCTIDY-UHFFFAOYSA-N,3.6041999999999996,391.177502752
"InChI=1S/C19H26ClN5O3/c1-15(27)18-21-25(19(28)24(18)12-13-26)7-3-6-22-8-10-23(11-9-22)17-5-2-4-16(20)14-17/h2,4-5,13-15,27H,3,6-12H2,1H3",NBEQOBQATDJFTR-UHFFFAOYSA-N,CC(C1=NN(C(=O)N1CC=O)CCCN2CCN(CC2)C3=CC(=CC=C3)Cl)O,,,C19H26ClN5O3,407.172417372,2.8286000000000016,0,0,0,BTM00070,BTM00070,Hydroxylation of penultimate aliphatic secondary carbon,BTMR1074,"CYP1A2
CYP2A6
CYP2B6
CYP2C8
CYP2C9
CYP2C19
CYP2D6
CYP2E1
CYP3A4",HUMAN,BTM00002,CCC1=NN(C(=O)N1CC=O)CCCN2CCN(CC2)C3=CC(=CC=C3)Cl,"InChI=1S/C19H26ClN5O2/c1-2-18-21-25(19(27)24(18)13-14-26)8-4-7-22-9-11-23(12-10-22)17-6-3-5-16(20)15-17/h3,5-6,14-15H,2,4,7-13H2,1H3",WADRDCLMHCTIDY-UHFFFAOYSA-N,3.6041999999999996,391.177502752
"InChI=1S/C19H26ClN5O3/c1-2-17-21-25(19(28)24(17)11-12-26)8-4-7-22-9-10-23(14-18(22)27)16-6-3-5-15(20)13-16/h3,5-6,12-13,18,27H,2,4,7-11,14H2,1H3",MFQOWYBALVEAMB-UHFFFAOYSA-N,CCC1=NN(C(=O)N1CC=O)CCCN2C(CN(CC2)C3=CC(=CC=C3)Cl)O,,,C19H26ClN5O3,407.172417372,3.2645,0,0,0,BTM00071,BTM00071,Hydroxylation of heteroalicyclic secondary carbon,BTMR1070,"CYP1A2
CYP2A6
CYP2C9
CYP2D6
CYP3A4",HUMAN,BTM00002,CCC1=NN(C(=O)N1CC=O)CCCN2CCN(CC2)C3=CC(=CC=C3)Cl,"InChI=1S/C19H26ClN5O2/c1-2-18-21-25(19(27)24(18)13-14-26)8-4-7-22-9-11-23(12-10-22)17-6-3-5-16(20)15-17/h3,5-6,14-15H,2,4,7-13H2,1H3",WADRDCLMHCTIDY-UHFFFAOYSA-N,3.6041999999999996,391.177502752
"InChI=1S/C19H26ClN5O3/c1-2-17-21-25(19(28)24(17)11-12-26)8-4-7-22-9-10-23(18(27)14-22)16-6-3-5-15(20)13-16/h3,5-6,12-13,18,27H,2,4,7-11,14H2,1H3",QJKOSRIMRBRSRB-UHFFFAOYSA-N,CCC1=NN(C(=O)N1CC=O)CCCN2CC(N(CC2)C3=CC(=CC=C3)Cl)O,,,C19H26ClN5O3,407.172417372,3.2645,0,0,0,BTM00072,BTM00072,Hydroxylation of heteroalicyclic secondary carbon,BTMR1070,"CYP1A2
CYP2A6
CYP2C9
CYP2D6
CYP3A4",HUMAN,BTM00002,CCC1=NN(C(=O)N1CC=O)CCCN2CCN(CC2)C3=CC(=CC=C3)Cl,"InChI=1S/C19H26ClN5O2/c1-2-18-21-25(19(27)24(18)13-14-26)8-4-7-22-9-11-23(12-10-22)17-6-3-5-16(20)15-17/h3,5-6,14-15H,2,4,7-13H2,1H3",WADRDCLMHCTIDY-UHFFFAOYSA-N,3.6041999999999996,391.177502752
"InChI=1S/C19H26ClN5O3/c20-16-3-1-4-17(15-16)23-10-8-22(9-11-23)6-2-7-25-19(28)24(12-14-27)18(21-25)5-13-26/h1,3-4,14-15,26H,2,5-13H2",UPAVRROHSGBZLM-UHFFFAOYSA-N,C(CC1=NN(C(=O)N1CC=O)CCCN2CCN(CC2)C3=CC(=CC=C3)Cl)O,,,C19H26ClN5O3,407.172417372,2.7067000000000037,0,0,0,BTM00073,BTM00073,Hydroxylation of terminal methyl,BTMR1061,"CYP1A2
CYP2A6
CYP2B6
CYP2C8
CYP2C9
CYP2C19
CYP2D6
CYP2E1
CYP3A4",HUMAN,BTM00002,CCC1=NN(C(=O)N1CC=O)CCCN2CCN(CC2)C3=CC(=CC=C3)Cl,"InChI=1S/C19H26ClN5O2/c1-2-18-21-25(19(27)24(18)13-14-26)8-4-7-22-9-11-23(12-10-22)17-6-3-5-16(20)15-17/h3,5-6,14-15H,2,4,7-13H2,1H3",WADRDCLMHCTIDY-UHFFFAOYSA-N,3.6041999999999996,391.177502752
"InChI=1S/C19H24ClN5O2/c1-2-18-21-25(19(27)24(18)13-14-26)8-4-7-22-9-11-23(12-10-22)17-6-3-5-16(20)15-17/h2-3,5-6,14-15H,1,4,7-13H2",WQEURLNDXHTTTJ-UHFFFAOYSA-N,C=CC1=NN(C(=O)N1CC=O)CCCN2CCN(CC2)C3=CC(=CC=C3)Cl,,,C19H24ClN5O2,389.161852688,3.6073000000000004,0,0,0,BTM00074,BTM00074,Terminal desaturation,BTMR1190,"CYP1A2
CYP2A6
CYP2C9
CYP2D6
CYP3A4",HUMAN,BTM00002,CCC1=NN(C(=O)N1CC=O)CCCN2CCN(CC2)C3=CC(=CC=C3)Cl,"InChI=1S/C19H26ClN5O2/c1-2-18-21-25(19(27)24(18)13-14-26)8-4-7-22-9-11-23(12-10-22)17-6-3-5-16(20)15-17/h3,5-6,14-15H,2,4,7-13H2,1H3",WADRDCLMHCTIDY-UHFFFAOYSA-N,3.6041999999999996,391.177502752
"InChI=1S/C19H26ClN5O3/c1-2-17-21-25(19(28)24(17)13-14-26)8-4-7-22-9-11-23(12-10-22)16-6-3-5-15(20)18(16)27/h3,5-6,14,27H,2,4,7-13H2,1H3",SVHMXMSHSFZZDW-UHFFFAOYSA-N,CCC1=NN(C(=O)N1CC=O)CCCN2CCN(CC2)C3=C(C(=CC=C3)Cl)O,,,C19H26ClN5O3,407.172417372,3.3368,0,0,0,BTM00075,BTM00075,Hydroxylation of aromatic carbon ortho to halide group,BTMR1040,"CYP1A2
CYP2A6
CYP2B6
CYP2C8
CYP2C9
CYP2C19
CYP2D6
CYP2E1
CYP3A4",HUMAN,BTM00002,CCC1=NN(C(=O)N1CC=O)CCCN2CCN(CC2)C3=CC(=CC=C3)Cl,"InChI=1S/C19H26ClN5O2/c1-2-18-21-25(19(27)24(18)13-14-26)8-4-7-22-9-11-23(12-10-22)17-6-3-5-16(20)15-17/h3,5-6,14-15H,2,4,7-13H2,1H3",WADRDCLMHCTIDY-UHFFFAOYSA-N,3.6041999999999996,391.177502752
"InChI=1S/C19H26ClN5O3/c1-2-18-21-25(19(28)24(18)12-13-26)7-3-6-22-8-10-23(11-9-22)15-4-5-17(27)16(20)14-15/h4-5,13-14,27H,2-3,6-12H2,1H3",WSUMFIKGGHVIBV-UHFFFAOYSA-N,CCC1=NN(C(=O)N1CC=O)CCCN2CCN(CC2)C3=CC(=C(C=C3)O)Cl,,,C19H26ClN5O3,407.172417372,3.3368,0,0,0,BTM00076,BTM00076,Hydroxylation of aromatic carbon ortho to halide group,BTMR1040,"CYP1A2
CYP2A6
CYP2B6
CYP2C8
CYP2C9
CYP2C19
CYP2D6
CYP2E1
CYP3A4",HUMAN,BTM00002,CCC1=NN(C(=O)N1CC=O)CCCN2CCN(CC2)C3=CC(=CC=C3)Cl,"InChI=1S/C19H26ClN5O2/c1-2-18-21-25(19(27)24(18)13-14-26)8-4-7-22-9-11-23(12-10-22)17-6-3-5-16(20)15-17/h3,5-6,14-15H,2,4,7-13H2,1H3",WADRDCLMHCTIDY-UHFFFAOYSA-N,3.6041999999999996,391.177502752
"InChI=1S/C19H26ClN5O3/c1-2-18-21-25(19(28)24(18)10-11-26)5-3-4-22-6-8-23(9-7-22)16-12-15(20)13-17(27)14-16/h11-14,27H,2-10H2,1H3",OEQHEKOMFRGWKW-UHFFFAOYSA-N,CCC1=NN(C(=O)N1CC=O)CCCN2CCN(CC2)C3=CC(=CC(=C3)O)Cl,,,C19H26ClN5O3,407.172417372,3.3368,0,0,0,BTM00077,BTM00077,Hydroxylation of aromatic carbon meta to halide group,BTMR1039,"CYP2A6
CYP2B6
CYP2C9
CYP2C19
CYP2E1
CYP3A4",HUMAN,BTM00002,CCC1=NN(C(=O)N1CC=O)CCCN2CCN(CC2)C3=CC(=CC=C3)Cl,"InChI=1S/C19H26ClN5O2/c1-2-18-21-25(19(27)24(18)13-14-26)8-4-7-22-9-11-23(12-10-22)17-6-3-5-16(20)15-17/h3,5-6,14-15H,2,4,7-13H2,1H3",WADRDCLMHCTIDY-UHFFFAOYSA-N,3.6041999999999996,391.177502752
"InChI=1S/C19H26ClN5O3/c1-2-17-21-25(19(28)24(17)12-13-26)7-6-18(27)23-10-8-22(9-11-23)16-5-3-4-15(20)14-16/h3-5,13-14,18,27H,2,6-12H2,1H3",MSRDPNSLOWYETP-UHFFFAOYSA-N,CCC1=NN(C(=O)N1CC=O)CCC(N2CCN(CC2)C3=CC(=CC=C3)Cl)O,,,C19H26ClN5O3,407.172417372,3.4577,0,0,0,BTM00078,BTM00078,Aliphatic hydroxylation of carbon alpha to secondary or tertiary alkyl-N,BTMR1081,"CYP2B6
CYP2C19
CYP2D6",HUMAN,BTM00002,CCC1=NN(C(=O)N1CC=O)CCCN2CCN(CC2)C3=CC(=CC=C3)Cl,"InChI=1S/C19H26ClN5O2/c1-2-18-21-25(19(27)24(18)13-14-26)8-4-7-22-9-11-23(12-10-22)17-6-3-5-16(20)15-17/h3,5-6,14-15H,2,4,7-13H2,1H3",WADRDCLMHCTIDY-UHFFFAOYSA-N,3.6041999999999996,391.177502752
"InChI=1S/C19H26ClN5O3/c1-2-17-21-25(19(28)24(17)11-12-26)8-4-7-22-9-10-23(14-18(22)27)16-6-3-5-15(20)13-16/h3,5-6,12-13,18,27H,2,4,7-11,14H2,1H3",MFQOWYBALVEAMB-UHFFFAOYSA-N,CCC1=NN(C(=O)N1CC=O)CCCN2C(CN(CC2)C3=CC(=CC=C3)Cl)O,,,C19H26ClN5O3,407.172417372,3.2645,0,0,0,BTM00071,BTM00071,Aliphatic hydroxylation of carbon alpha to secondary or tertiary alkyl-N,BTMR1081,"CYP2B6
CYP2C19
CYP2D6",HUMAN,BTM00002,CCC1=NN(C(=O)N1CC=O)CCCN2CCN(CC2)C3=CC(=CC=C3)Cl,"InChI=1S/C19H26ClN5O2/c1-2-18-21-25(19(27)24(18)13-14-26)8-4-7-22-9-11-23(12-10-22)17-6-3-5-16(20)15-17/h3,5-6,14-15H,2,4,7-13H2,1H3",WADRDCLMHCTIDY-UHFFFAOYSA-N,3.6041999999999996,391.177502752
"InChI=1S/C19H26ClN5O3/c1-2-17-21-25(19(28)24(17)11-12-26)8-4-7-22-9-10-23(18(27)14-22)16-6-3-5-15(20)13-16/h3,5-6,12-13,18,27H,2,4,7-11,14H2,1H3",QJKOSRIMRBRSRB-UHFFFAOYSA-N,CCC1=NN(C(=O)N1CC=O)CCCN2CC(N(CC2)C3=CC(=CC=C3)Cl)O,,,C19H26ClN5O3,407.172417372,3.2645,0,0,0,BTM00072,BTM00072,Aliphatic hydroxylation of carbon alpha to secondary or tertiary alkyl-N,BTMR1081,"CYP2B6
CYP2C19
CYP2D6",HUMAN,BTM00002,CCC1=NN(C(=O)N1CC=O)CCCN2CCN(CC2)C3=CC(=CC=C3)Cl,"InChI=1S/C19H26ClN5O2/c1-2-18-21-25(19(27)24(18)13-14-26)8-4-7-22-9-11-23(12-10-22)17-6-3-5-16(20)15-17/h3,5-6,14-15H,2,4,7-13H2,1H3",WADRDCLMHCTIDY-UHFFFAOYSA-N,3.6041999999999996,391.177502752
"InChI=1S/C6H6O2/c7-5-1-2-6(8)4-3-5/h1-4,7-8H",QIGBRXMKCJKVMJ-UHFFFAOYSA-N,OC1=CC=C(C=C1)O,,,C6H6O2,110.036779432,1.2952,0,0,0,BTM00079,BTM00079,p-Hydroxylation of phenol,BTMR1038,"CYP1A2
CYP2A6
CYP2B6
CYP2C8
CYP2C9
CYP2C19
CYP2D6
CYP2E1
CYP3A4",HUMAN,BTM00003,OC1=CC=CC=C1,"InChI=1S/C6H6O/c7-6-4-2-1-3-5-6/h1-5,7H",ISWSIDIOOBJBQZ-UHFFFAOYSA-N,1.5626000000000002,94.041864812
"InChI=1S/C6H6O2/c7-5-3-1-2-4-6(5)8/h1-4,7-8H",YCIMNLLNPGFGHC-UHFFFAOYSA-N,OC1=CC=CC=C1O,,,C6H6O2,110.036779432,1.2952,0,0,0,BTM00080,BTM00080,O-Hydroxylation of phenol,BTMR1037,"CYP1A2
CYP2A6
CYP2B6
CYP2C8
CYP2C9
CYP2C19
CYP2D6
CYP2E1
CYP3A4",HUMAN,BTM00003,OC1=CC=CC=C1,"InChI=1S/C6H6O/c7-6-4-2-1-3-5-6/h1-5,7H",ISWSIDIOOBJBQZ-UHFFFAOYSA-N,1.5626000000000002,94.041864812
"InChI=1S/C19H26ClN5O3/c1-2-18-21-24(19(27)23(18)11-14-26)8-4-7-22-9-12-25(28,13-10-22)17-6-3-5-16(20)15-17/h3,5-6,14-15H,2,4,7-13H2,1H3",FCHFSUUVZIUSGV-UHFFFAOYSA-N,CCC1=NN(C(=O)N1CC=O)CCCN2CC[N+](CC2)(C3=CC(=CC=C3)Cl)[O-],,,C19H26ClN5O3,407.172417372,3.1035999999999992,0,0,0,BTM00066,BTM00066,O-Dealkylation,BTMR0052,"CYP1A2
CYP2A6
CYP2C9
CYP2C19
CYP2D6
CYP2E1
CYP3A4",HUMAN,BTM00004,CCC1=NN(C(=O)N1CCOC2=CC=CC=C2)CCCN3CC[N+](CC3)(C4=CC(=CC=C4)Cl)[O-],"InChI=1S/C25H32ClN5O3/c1-2-24-27-30(25(32)29(24)16-19-34-23-10-4-3-5-11-23)13-7-12-28-14-17-31(33,18-15-28)22-9-6-8-21(26)20-22/h3-6,8-11,20H,2,7,12-19H2,1H3",DEBZKKKWTSDARO-UHFFFAOYSA-N,5.018900000000003,485.219367564
"InChI=1S/C6H6O/c7-6-4-2-1-3-5-6/h1-5,7H",ISWSIDIOOBJBQZ-UHFFFAOYSA-N,OC1=CC=CC=C1,,,C6H6O,94.041864812,1.5626000000000002,0,0,0,BTM00003,BTM00003,O-Dealkylation,BTMR0052,"CYP1A2
CYP2A6
CYP2C9
CYP2C19
CYP2D6
CYP2E1
CYP3A4",HUMAN,BTM00004,CCC1=NN(C(=O)N1CCOC2=CC=CC=C2)CCCN3CC[N+](CC3)(C4=CC(=CC=C4)Cl)[O-],"InChI=1S/C25H32ClN5O3/c1-2-24-27-30(25(32)29(24)16-19-34-23-10-4-3-5-11-23)13-7-12-28-14-17-31(33,18-15-28)22-9-6-8-21(26)20-22/h3-6,8-11,20H,2,7,12-19H2,1H3",DEBZKKKWTSDARO-UHFFFAOYSA-N,5.018900000000003,485.219367564
"InChI=1S/C25H32ClN5O4/c1-2-24-27-29(25(32)28(24)13-19-35-23-10-4-3-5-11-23)12-7-14-30(33)15-17-31(34,18-16-30)22-9-6-8-21(26)20-22/h3-6,8-11,20H,2,7,12-19H2,1H3",INWSEJSCZFEYRV-UHFFFAOYSA-N,CCC1=NN(C(=O)N1CCOC2=CC=CC=C2)CCC[N+]3(CC[N+](CC3)(C4=CC(=CC=C4)Cl)[O-])[O-],,,C25H32ClN5O4,501.214282184,4.613800000000003,1,0,0,BTM00081,BTM00081,N-Oxidation of alicyclic tertiary amine,BTMR1099,"CYP1A2
CYP2C8
CYP2C19
CYP2D6
CYP3A4",HUMAN,BTM00004,CCC1=NN(C(=O)N1CCOC2=CC=CC=C2)CCCN3CC[N+](CC3)(C4=CC(=CC=C4)Cl)[O-],"InChI=1S/C25H32ClN5O3/c1-2-24-27-30(25(32)29(24)16-19-34-23-10-4-3-5-11-23)13-7-12-28-14-17-31(33,18-15-28)22-9-6-8-21(26)20-22/h3-6,8-11,20H,2,7,12-19H2,1H3",DEBZKKKWTSDARO-UHFFFAOYSA-N,5.018900000000003,485.219367564
"InChI=1S/C15H19N3O3/c1-2-14-16-18(9-6-11-19)15(20)17(14)10-12-21-13-7-4-3-5-8-13/h3-5,7-8,11H,2,6,9-10,12H2,1H3",DTNMGOVUYBUCIW-UHFFFAOYSA-N,CCC1=NN(C(=O)N1CCOC2=CC=CC=C2)CCC=O,,,C15H19N3O3,289.14264146799997,2.776300000000001,0,0,0,BTM00006,BTM00006,N-Dealkylation of alicyclic tertiary amine,BTMR1144,"CYP1A2
CYP2A6
CYP2B6
CYP2C8
CYP2C9
CYP2C19
CYP2D6
CYP3A4",HUMAN,BTM00004,CCC1=NN(C(=O)N1CCOC2=CC=CC=C2)CCCN3CC[N+](CC3)(C4=CC(=CC=C4)Cl)[O-],"InChI=1S/C25H32ClN5O3/c1-2-24-27-30(25(32)29(24)16-19-34-23-10-4-3-5-11-23)13-7-12-28-14-17-31(33,18-15-28)22-9-6-8-21(26)20-22/h3-6,8-11,20H,2,7,12-19H2,1H3",DEBZKKKWTSDARO-UHFFFAOYSA-N,5.018900000000003,485.219367564
"InChI=1S/C10H13ClN2O/c11-9-2-1-3-10(8-9)13(14)6-4-12-5-7-13/h1-3,8,12H,4-7H2",SABMZPCFFZOXNL-UHFFFAOYSA-N,N1CC[N+](CC1)(C2=CC(=CC=C2)Cl)[O-],,,C10H13ClN2O,212.071640716,1.5774000000000004,0,0,0,BTM00082,BTM00082,N-Dealkylation of alicyclic tertiary amine,BTMR1144,"CYP1A2
CYP2A6
CYP2B6
CYP2C8
CYP2C9
CYP2C19
CYP2D6
CYP3A4",HUMAN,BTM00004,CCC1=NN(C(=O)N1CCOC2=CC=CC=C2)CCCN3CC[N+](CC3)(C4=CC(=CC=C4)Cl)[O-],"InChI=1S/C25H32ClN5O3/c1-2-24-27-30(25(32)29(24)16-19-34-23-10-4-3-5-11-23)13-7-12-28-14-17-31(33,18-15-28)22-9-6-8-21(26)20-22/h3-6,8-11,20H,2,7,12-19H2,1H3",DEBZKKKWTSDARO-UHFFFAOYSA-N,5.018900000000003,485.219367564
"InChI=1S/C25H32ClN5O4/c1-2-24-27-30(25(33)29(24)15-18-35-21-7-4-3-5-8-21)12-6-11-28-13-16-31(34,17-14-28)22-19-20(26)9-10-23(22)32/h3-5,7-10,19,32H,2,6,11-18H2,1H3",SXQYLGUIBOISOZ-UHFFFAOYSA-N,CCC1=NN(C(=O)N1CCOC2=CC=CC=C2)CCCN3CC[N+](CC3)(C4=CC(=CC=C4O)Cl)[O-],,,C25H32ClN5O4,501.214282184,4.751500000000003,1,0,0,BTM00083,BTM00083,Hydroxylation of aromatic carbon para to halide group,BTMR1041,"CYP1A2
CYP2E1
CYP3A4",HUMAN,BTM00004,CCC1=NN(C(=O)N1CCOC2=CC=CC=C2)CCCN3CC[N+](CC3)(C4=CC(=CC=C4)Cl)[O-],"InChI=1S/C25H32ClN5O3/c1-2-24-27-30(25(32)29(24)16-19-34-23-10-4-3-5-11-23)13-7-12-28-14-17-31(33,18-15-28)22-9-6-8-21(26)20-22/h3-6,8-11,20H,2,7,12-19H2,1H3",DEBZKKKWTSDARO-UHFFFAOYSA-N,5.018900000000003,485.219367564
"InChI=1S/C25H32ClN5O4/c1-20(32)24-27-30(25(33)29(24)15-18-35-23-9-3-2-4-10-23)12-6-11-28-13-16-31(34,17-14-28)22-8-5-7-21(26)19-22/h2-5,7-10,19-20,32H,6,11-18H2,1H3",GJBRQUUPZAPCHF-UHFFFAOYSA-N,CC(C1=NN(C(=O)N1CCOC2=CC=CC=C2)CCCN3CC[N+](CC3)(C4=CC(=CC=C4)Cl)[O-])O,,,C25H32ClN5O4,501.214282184,4.243300000000002,1,0,0,BTM00084,BTM00084,Hydroxylation of penultimate aliphatic secondary carbon,BTMR1074,"CYP1A2
CYP2A6
CYP2B6
CYP2C8
CYP2C9
CYP2C19
CYP2D6
CYP2E1
CYP3A4",HUMAN,BTM00004,CCC1=NN(C(=O)N1CCOC2=CC=CC=C2)CCCN3CC[N+](CC3)(C4=CC(=CC=C4)Cl)[O-],"InChI=1S/C25H32ClN5O3/c1-2-24-27-30(25(32)29(24)16-19-34-23-10-4-3-5-11-23)13-7-12-28-14-17-31(33,18-15-28)22-9-6-8-21(26)20-22/h3-6,8-11,20H,2,7,12-19H2,1H3",DEBZKKKWTSDARO-UHFFFAOYSA-N,5.018900000000003,485.219367564
"InChI=1S/C25H32ClN5O4/c1-2-23-27-30(25(33)29(23)15-17-35-22-10-4-3-5-11-22)13-7-12-28-14-16-31(34,19-24(28)32)21-9-6-8-20(26)18-21/h3-6,8-11,18,24,32H,2,7,12-17,19H2,1H3",HFXVWLDVHHQVFW-UHFFFAOYSA-N,CCC1=NN(C(=O)N1CCOC2=CC=CC=C2)CCCN3C(C[N+](CC3)(C4=CC(=CC=C4)Cl)[O-])O,,,C25H32ClN5O4,501.214282184,4.679200000000001,1,0,0,BTM00085,BTM00085,Hydroxylation of heteroalicyclic secondary carbon,BTMR1070,"CYP1A2
CYP2A6
CYP2C9
CYP2D6
CYP3A4",HUMAN,BTM00004,CCC1=NN(C(=O)N1CCOC2=CC=CC=C2)CCCN3CC[N+](CC3)(C4=CC(=CC=C4)Cl)[O-],"InChI=1S/C25H32ClN5O3/c1-2-24-27-30(25(32)29(24)16-19-34-23-10-4-3-5-11-23)13-7-12-28-14-17-31(33,18-15-28)22-9-6-8-21(26)20-22/h3-6,8-11,20H,2,7,12-19H2,1H3",DEBZKKKWTSDARO-UHFFFAOYSA-N,5.018900000000003,485.219367564
"InChI=1S/C25H32ClN5O4/c1-2-23-27-30(25(33)29(23)15-17-35-22-10-4-3-5-11-22)13-7-12-28-14-16-31(34,24(32)19-28)21-9-6-8-20(26)18-21/h3-6,8-11,18,24,32H,2,7,12-17,19H2,1H3",HADLTSVGMLPSCO-UHFFFAOYSA-N,CCC1=NN(C(=O)N1CCOC2=CC=CC=C2)CCCN3CC([N+](CC3)(C4=CC(=CC=C4)Cl)[O-])O,,,C25H32ClN5O4,501.214282184,4.679200000000001,1,0,0,BTM00086,BTM00086,Hydroxylation of heteroalicyclic secondary carbon,BTMR1070,"CYP1A2
CYP2A6
CYP2C9
CYP2D6
CYP3A4",HUMAN,BTM00004,CCC1=NN(C(=O)N1CCOC2=CC=CC=C2)CCCN3CC[N+](CC3)(C4=CC(=CC=C4)Cl)[O-],"InChI=1S/C25H32ClN5O3/c1-2-24-27-30(25(32)29(24)16-19-34-23-10-4-3-5-11-23)13-7-12-28-14-17-31(33,18-15-28)22-9-6-8-21(26)20-22/h3-6,8-11,20H,2,7,12-19H2,1H3",DEBZKKKWTSDARO-UHFFFAOYSA-N,5.018900000000003,485.219367564
"InChI=1S/C25H32ClN5O4/c26-21-6-4-7-22(20-21)31(34)16-13-28(14-17-31)11-5-12-30-25(33)29(24(27-30)10-18-32)15-19-35-23-8-2-1-3-9-23/h1-4,6-9,20,32H,5,10-19H2",DOHSWCQRUQOHQL-UHFFFAOYSA-N,C(CC1=NN(C(=O)N1CCOC2=CC=CC=C2)CCCN3CC[N+](CC3)(C4=CC(=CC=C4)Cl)[O-])O,,,C25H32ClN5O4,501.214282184,4.121400000000004,1,0,0,BTM00087,BTM00087,Hydroxylation of terminal methyl,BTMR1061,"CYP1A2
CYP2A6
CYP2B6
CYP2C8
CYP2C9
CYP2C19
CYP2D6
CYP2E1
CYP3A4",HUMAN,BTM00004,CCC1=NN(C(=O)N1CCOC2=CC=CC=C2)CCCN3CC[N+](CC3)(C4=CC(=CC=C4)Cl)[O-],"InChI=1S/C25H32ClN5O3/c1-2-24-27-30(25(32)29(24)16-19-34-23-10-4-3-5-11-23)13-7-12-28-14-17-31(33,18-15-28)22-9-6-8-21(26)20-22/h3-6,8-11,20H,2,7,12-19H2,1H3",DEBZKKKWTSDARO-UHFFFAOYSA-N,5.018900000000003,485.219367564
"InChI=1S/C25H30ClN5O3/c1-2-24-27-30(25(32)29(24)16-19-34-23-10-4-3-5-11-23)13-7-12-28-14-17-31(33,18-15-28)22-9-6-8-21(26)20-22/h2-6,8-11,20H,1,7,12-19H2",OQUCWYYDJIDOHV-UHFFFAOYSA-N,C=CC1=NN(C(=O)N1CCOC2=CC=CC=C2)CCCN3CC[N+](CC3)(C4=CC(=CC=C4)Cl)[O-],,,C25H30ClN5O3,483.2037175,5.022000000000003,0,0,0,BTM00088,BTM00088,Terminal desaturation,BTMR1190,"CYP1A2
CYP2A6
CYP2C9
CYP2D6
CYP3A4",HUMAN,BTM00004,CCC1=NN(C(=O)N1CCOC2=CC=CC=C2)CCCN3CC[N+](CC3)(C4=CC(=CC=C4)Cl)[O-],"InChI=1S/C25H32ClN5O3/c1-2-24-27-30(25(32)29(24)16-19-34-23-10-4-3-5-11-23)13-7-12-28-14-17-31(33,18-15-28)22-9-6-8-21(26)20-22/h3-6,8-11,20H,2,7,12-19H2,1H3",DEBZKKKWTSDARO-UHFFFAOYSA-N,5.018900000000003,485.219367564
"InChI=1S/C25H32ClN5O4/c1-2-23-27-30(25(33)29(23)16-19-35-20-8-4-3-5-9-20)13-7-12-28-14-17-31(34,18-15-28)22-11-6-10-21(26)24(22)32/h3-6,8-11,32H,2,7,12-19H2,1H3",KZKNDPDKKYNSTG-UHFFFAOYSA-N,CCC1=NN(C(=O)N1CCOC2=CC=CC=C2)CCCN3CC[N+](CC3)(C4=C(C(=CC=C4)Cl)O)[O-],,,C25H32ClN5O4,501.21428218399996,4.751500000000003,1,0,0,BTM00089,BTM00089,Hydroxylation of aromatic carbon ortho to halide group,BTMR1040,"CYP1A2
CYP2A6
CYP2B6
CYP2C8
CYP2C9
CYP2C19
CYP2D6
CYP2E1
CYP3A4",HUMAN,BTM00004,CCC1=NN(C(=O)N1CCOC2=CC=CC=C2)CCCN3CC[N+](CC3)(C4=CC(=CC=C4)Cl)[O-],"InChI=1S/C25H32ClN5O3/c1-2-24-27-30(25(32)29(24)16-19-34-23-10-4-3-5-11-23)13-7-12-28-14-17-31(33,18-15-28)22-9-6-8-21(26)20-22/h3-6,8-11,20H,2,7,12-19H2,1H3",DEBZKKKWTSDARO-UHFFFAOYSA-N,5.018900000000003,485.219367564
"InChI=1S/C25H32ClN5O4/c1-2-24-27-30(25(33)29(24)15-18-35-21-7-4-3-5-8-21)12-6-11-28-13-16-31(34,17-14-28)20-9-10-23(32)22(26)19-20/h3-5,7-10,19,32H,2,6,11-18H2,1H3",KYBXHGQMNJYBPE-UHFFFAOYSA-N,CCC1=NN(C(=O)N1CCOC2=CC=CC=C2)CCCN3CC[N+](CC3)(C4=CC(=C(C=C4)O)Cl)[O-],,,C25H32ClN5O4,501.214282184,4.751500000000003,1,0,0,BTM00090,BTM00090,Hydroxylation of aromatic carbon ortho to halide group,BTMR1040,"CYP1A2
CYP2A6
CYP2B6
CYP2C8
CYP2C9
CYP2C19
CYP2D6
CYP2E1
CYP3A4",HUMAN,BTM00004,CCC1=NN(C(=O)N1CCOC2=CC=CC=C2)CCCN3CC[N+](CC3)(C4=CC(=CC=C4)Cl)[O-],"InChI=1S/C25H32ClN5O3/c1-2-24-27-30(25(32)29(24)16-19-34-23-10-4-3-5-11-23)13-7-12-28-14-17-31(33,18-15-28)22-9-6-8-21(26)20-22/h3-6,8-11,20H,2,7,12-19H2,1H3",DEBZKKKWTSDARO-UHFFFAOYSA-N,5.018900000000003,485.219367564
"InChI=1S/C25H32ClN5O4/c1-2-24-27-30(25(33)29(24)13-16-35-23-7-4-3-5-8-23)10-6-9-28-11-14-31(34,15-12-28)21-17-20(26)18-22(32)19-21/h3-5,7-8,17-19,32H,2,6,9-16H2,1H3",PYYJUPJVTTXIEA-UHFFFAOYSA-N,CCC1=NN(C(=O)N1CCOC2=CC=CC=C2)CCCN3CC[N+](CC3)(C4=CC(=CC(=C4)O)Cl)[O-],,,C25H32ClN5O4,501.214282184,4.751500000000003,1,0,0,BTM00091,BTM00091,Hydroxylation of aromatic carbon meta to halide group,BTMR1039,"CYP2A6
CYP2B6
CYP2C9
CYP2C19
CYP2E1
CYP3A4",HUMAN,BTM00004,CCC1=NN(C(=O)N1CCOC2=CC=CC=C2)CCCN3CC[N+](CC3)(C4=CC(=CC=C4)Cl)[O-],"InChI=1S/C25H32ClN5O3/c1-2-24-27-30(25(32)29(24)16-19-34-23-10-4-3-5-11-23)13-7-12-28-14-17-31(33,18-15-28)22-9-6-8-21(26)20-22/h3-6,8-11,20H,2,7,12-19H2,1H3",DEBZKKKWTSDARO-UHFFFAOYSA-N,5.018900000000003,485.219367564
"InChI=1S/C25H32ClN5O4/c1-2-23-27-30(25(33)29(23)15-18-35-22-9-4-3-5-10-22)12-11-24(32)28-13-16-31(34,17-14-28)21-8-6-7-20(26)19-21/h3-10,19,24,32H,2,11-18H2,1H3",QIQHJQPLMRHMSF-UHFFFAOYSA-N,CCC1=NN(C(=O)N1CCOC2=CC=CC=C2)CCC(N3CC[N+](CC3)(C4=CC(=CC=C4)Cl)[O-])O,,,C25H32ClN5O4,501.214282184,4.8724,1,0,0,BTM00092,BTM00092,Aliphatic hydroxylation of carbon alpha to secondary or tertiary alkyl-N,BTMR1081,"CYP2B6
CYP2C19
CYP2D6",HUMAN,BTM00004,CCC1=NN(C(=O)N1CCOC2=CC=CC=C2)CCCN3CC[N+](CC3)(C4=CC(=CC=C4)Cl)[O-],"InChI=1S/C25H32ClN5O3/c1-2-24-27-30(25(32)29(24)16-19-34-23-10-4-3-5-11-23)13-7-12-28-14-17-31(33,18-15-28)22-9-6-8-21(26)20-22/h3-6,8-11,20H,2,7,12-19H2,1H3",DEBZKKKWTSDARO-UHFFFAOYSA-N,5.018900000000003,485.219367564
"InChI=1S/C25H32ClN5O4/c1-2-23-27-30(25(33)29(23)15-17-35-22-10-4-3-5-11-22)13-7-12-28-14-16-31(34,19-24(28)32)21-9-6-8-20(26)18-21/h3-6,8-11,18,24,32H,2,7,12-17,19H2,1H3",HFXVWLDVHHQVFW-UHFFFAOYSA-N,CCC1=NN(C(=O)N1CCOC2=CC=CC=C2)CCCN3C(C[N+](CC3)(C4=CC(=CC=C4)Cl)[O-])O,,,C25H32ClN5O4,501.214282184,4.679200000000001,1,0,0,BTM00085,BTM00085,Aliphatic hydroxylation of carbon alpha to secondary or tertiary alkyl-N,BTMR1081,"CYP2B6
CYP2C19
CYP2D6",HUMAN,BTM00004,CCC1=NN(C(=O)N1CCOC2=CC=CC=C2)CCCN3CC[N+](CC3)(C4=CC(=CC=C4)Cl)[O-],"InChI=1S/C25H32ClN5O3/c1-2-24-27-30(25(32)29(24)16-19-34-23-10-4-3-5-11-23)13-7-12-28-14-17-31(33,18-15-28)22-9-6-8-21(26)20-22/h3-6,8-11,20H,2,7,12-19H2,1H3",DEBZKKKWTSDARO-UHFFFAOYSA-N,5.018900000000003,485.219367564
"InChI=1S/C25H32ClN5O4/c1-2-24-28-30(25(33)29(24)14-19-35-23-10-4-3-5-11-23)13-7-15-31(34,17-18-32)16-12-27-22-9-6-8-21(26)20-22/h3-6,8-11,18,20,27H,2,7,12-17,19H2,1H3",ZSWQZZHVDDIVGH-UHFFFAOYSA-N,CCC1=NN(C(=O)N1CCOC2=CC=CC=C2)CCC[N+](CC=O)(CCNC3=CC(=CC=C3)Cl)[O-],,,C25H32ClN5O4,501.214282184,4.659200000000002,1,1,1,BTM00048,BTM00048,N-Dealkylation of mixed tertiary amine,BTMR1145,"CYP1A2
CYP2A6
CYP2B6
CYP2C8
CYP2C9
CYP2C19
CYP2D6
CYP3A4",HUMAN,BTM00005,CCC1=NN(C(=O)N1CCOC2=CC=CC=C2)CCC[N+]3(CCN(CC3)C4=CC(=CC=C4)Cl)[O-],"InChI=1S/C25H32ClN5O3/c1-2-24-27-30(25(32)29(24)15-19-34-23-10-4-3-5-11-23)12-7-16-31(33)17-13-28(14-18-31)22-9-6-8-21(26)20-22/h3-6,8-11,20H,2,7,12-19H2,1H3",BSOZQFAZIRKKPN-UHFFFAOYSA-N,5.1144000000000025,485.219367564
"InChI=1S/C19H26ClN5O3/c1-2-18-21-24(19(27)23(18)10-14-26)7-4-11-25(28)12-8-22(9-13-25)17-6-3-5-16(20)15-17/h3,5-6,14-15H,2,4,7-13H2,1H3",QKNNZFATWALEQS-UHFFFAOYSA-N,CCC1=NN(C(=O)N1CC=O)CCC[N+]2(CCN(CC2)C3=CC(=CC=C3)Cl)[O-],,,C19H26ClN5O3,407.172417372,3.1990999999999996,0,0,0,BTM00067,BTM00067,O-Dealkylation,BTMR0052,"CYP1A2
CYP2A6
CYP2C9
CYP2C19
CYP2D6
CYP2E1
CYP3A4",HUMAN,BTM00005,CCC1=NN(C(=O)N1CCOC2=CC=CC=C2)CCC[N+]3(CCN(CC3)C4=CC(=CC=C4)Cl)[O-],"InChI=1S/C25H32ClN5O3/c1-2-24-27-30(25(32)29(24)15-19-34-23-10-4-3-5-11-23)12-7-16-31(33)17-13-28(14-18-31)22-9-6-8-21(26)20-22/h3-6,8-11,20H,2,7,12-19H2,1H3",BSOZQFAZIRKKPN-UHFFFAOYSA-N,5.1144000000000025,485.219367564
"InChI=1S/C6H6O/c7-6-4-2-1-3-5-6/h1-5,7H",ISWSIDIOOBJBQZ-UHFFFAOYSA-N,OC1=CC=CC=C1,,,C6H6O,94.041864812,1.5626000000000002,0,0,0,BTM00003,BTM00003,O-Dealkylation,BTMR0052,"CYP1A2
CYP2A6
CYP2C9
CYP2C19
CYP2D6
CYP2E1
CYP3A4",HUMAN,BTM00005,CCC1=NN(C(=O)N1CCOC2=CC=CC=C2)CCC[N+]3(CCN(CC3)C4=CC(=CC=C4)Cl)[O-],"InChI=1S/C25H32ClN5O3/c1-2-24-27-30(25(32)29(24)15-19-34-23-10-4-3-5-11-23)12-7-16-31(33)17-13-28(14-18-31)22-9-6-8-21(26)20-22/h3-6,8-11,20H,2,7,12-19H2,1H3",BSOZQFAZIRKKPN-UHFFFAOYSA-N,5.1144000000000025,485.219367564
"InChI=1S/C25H32ClN5O4/c1-2-24-27-29(25(32)28(24)13-19-35-23-10-4-3-5-11-23)12-7-14-30(33)15-17-31(34,18-16-30)22-9-6-8-21(26)20-22/h3-6,8-11,20H,2,7,12-19H2,1H3",INWSEJSCZFEYRV-UHFFFAOYSA-N,CCC1=NN(C(=O)N1CCOC2=CC=CC=C2)CCC[N+]3(CC[N+](CC3)(C4=CC(=CC=C4)Cl)[O-])[O-],,,C25H32ClN5O4,501.214282184,4.613800000000003,1,0,0,BTM00081,BTM00081,N-Oxidation of alicyclic tertiary amine,BTMR1099,"CYP1A2
CYP2C8
CYP2C19
CYP2D6
CYP3A4",HUMAN,BTM00005,CCC1=NN(C(=O)N1CCOC2=CC=CC=C2)CCC[N+]3(CCN(CC3)C4=CC(=CC=C4)Cl)[O-],"InChI=1S/C25H32ClN5O3/c1-2-24-27-30(25(32)29(24)15-19-34-23-10-4-3-5-11-23)12-7-16-31(33)17-13-28(14-18-31)22-9-6-8-21(26)20-22/h3-6,8-11,20H,2,7,12-19H2,1H3",BSOZQFAZIRKKPN-UHFFFAOYSA-N,5.1144000000000025,485.219367564
"InChI=1S/C25H32ClN5O4/c1-2-24-27-30(25(33)29(24)14-18-35-21-7-4-3-5-8-21)11-6-15-31(34)16-12-28(13-17-31)22-19-20(26)9-10-23(22)32/h3-5,7-10,19,32H,2,6,11-18H2,1H3",HFBWXNXEHLJKJK-UHFFFAOYSA-N,CCC1=NN(C(=O)N1CCOC2=CC=CC=C2)CCC[N+]3(CCN(CC3)C4=CC(=CC=C4O)Cl)[O-],,,C25H32ClN5O4,501.214282184,4.847000000000002,1,0,0,BTM00093,BTM00093,Hydroxylation of aromatic carbon para to halide group,BTMR1041,"CYP1A2
CYP2E1
CYP3A4",HUMAN,BTM00005,CCC1=NN(C(=O)N1CCOC2=CC=CC=C2)CCC[N+]3(CCN(CC3)C4=CC(=CC=C4)Cl)[O-],"InChI=1S/C25H32ClN5O3/c1-2-24-27-30(25(32)29(24)15-19-34-23-10-4-3-5-11-23)12-7-16-31(33)17-13-28(14-18-31)22-9-6-8-21(26)20-22/h3-6,8-11,20H,2,7,12-19H2,1H3",BSOZQFAZIRKKPN-UHFFFAOYSA-N,5.1144000000000025,485.219367564
"InChI=1S/C25H32ClN5O4/c1-20(32)24-27-30(25(33)29(24)14-18-35-23-9-3-2-4-10-23)11-6-15-31(34)16-12-28(13-17-31)22-8-5-7-21(26)19-22/h2-5,7-10,19-20,32H,6,11-18H2,1H3",WITJYVKQHHJWOL-UHFFFAOYSA-N,CC(C1=NN(C(=O)N1CCOC2=CC=CC=C2)CCC[N+]3(CCN(CC3)C4=CC(=CC=C4)Cl)[O-])O,,,C25H32ClN5O4,501.214282184,4.338800000000002,1,0,0,BTM00094,BTM00094,Hydroxylation of penultimate aliphatic secondary carbon,BTMR1074,"CYP1A2
CYP2A6
CYP2B6
CYP2C8
CYP2C9
CYP2C19
CYP2D6
CYP2E1
CYP3A4",HUMAN,BTM00005,CCC1=NN(C(=O)N1CCOC2=CC=CC=C2)CCC[N+]3(CCN(CC3)C4=CC(=CC=C4)Cl)[O-],"InChI=1S/C25H32ClN5O3/c1-2-24-27-30(25(32)29(24)15-19-34-23-10-4-3-5-11-23)12-7-16-31(33)17-13-28(14-18-31)22-9-6-8-21(26)20-22/h3-6,8-11,20H,2,7,12-19H2,1H3",BSOZQFAZIRKKPN-UHFFFAOYSA-N,5.1144000000000025,485.219367564
"InChI=1S/C25H32ClN5O4/c1-2-23-27-30(25(33)29(23)14-17-35-22-10-4-3-5-11-22)12-7-15-31(34)16-13-28(19-24(31)32)21-9-6-8-20(26)18-21/h3-6,8-11,18,24,32H,2,7,12-17,19H2,1H3",PDENVXIODMTRNG-UHFFFAOYSA-N,CCC1=NN(C(=O)N1CCOC2=CC=CC=C2)CCC[N+]3(C(CN(CC3)C4=CC(=CC=C4)Cl)O)[O-],,,C25H32ClN5O4,501.214282184,4.7747,1,0,0,BTM00095,BTM00095,Hydroxylation of heteroalicyclic secondary carbon,BTMR1070,"CYP1A2
CYP2A6
CYP2C9
CYP2D6
CYP3A4",HUMAN,BTM00005,CCC1=NN(C(=O)N1CCOC2=CC=CC=C2)CCC[N+]3(CCN(CC3)C4=CC(=CC=C4)Cl)[O-],"InChI=1S/C25H32ClN5O3/c1-2-24-27-30(25(32)29(24)15-19-34-23-10-4-3-5-11-23)12-7-16-31(33)17-13-28(14-18-31)22-9-6-8-21(26)20-22/h3-6,8-11,20H,2,7,12-19H2,1H3",BSOZQFAZIRKKPN-UHFFFAOYSA-N,5.1144000000000025,485.219367564
"InChI=1S/C25H32ClN5O4/c1-2-23-27-30(25(33)29(23)14-17-35-22-10-4-3-5-11-22)12-7-15-31(34)16-13-28(24(32)19-31)21-9-6-8-20(26)18-21/h3-6,8-11,18,24,32H,2,7,12-17,19H2,1H3",JSYSWUJOLSURHI-UHFFFAOYSA-N,CCC1=NN(C(=O)N1CCOC2=CC=CC=C2)CCC[N+]3(CC(N(CC3)C4=CC(=CC=C4)Cl)O)[O-],,,C25H32ClN5O4,501.214282184,4.7747,1,0,0,BTM00096,BTM00096,Hydroxylation of heteroalicyclic secondary carbon,BTMR1070,"CYP1A2
CYP2A6
CYP2C9
CYP2D6
CYP3A4",HUMAN,BTM00005,CCC1=NN(C(=O)N1CCOC2=CC=CC=C2)CCC[N+]3(CCN(CC3)C4=CC(=CC=C4)Cl)[O-],"InChI=1S/C25H32ClN5O3/c1-2-24-27-30(25(32)29(24)15-19-34-23-10-4-3-5-11-23)12-7-16-31(33)17-13-28(14-18-31)22-9-6-8-21(26)20-22/h3-6,8-11,20H,2,7,12-19H2,1H3",BSOZQFAZIRKKPN-UHFFFAOYSA-N,5.1144000000000025,485.219367564
"InChI=1S/C25H32ClN5O4/c26-21-6-4-7-22(20-21)28-12-16-31(34,17-13-28)15-5-11-30-25(33)29(24(27-30)10-18-32)14-19-35-23-8-2-1-3-9-23/h1-4,6-9,20,32H,5,10-19H2",JLQYFWWYQLEBFL-UHFFFAOYSA-N,C(CC1=NN(C(=O)N1CCOC2=CC=CC=C2)CCC[N+]3(CCN(CC3)C4=CC(=CC=C4)Cl)[O-])O,,,C25H32ClN5O4,501.214282184,4.216900000000003,1,0,0,BTM00097,BTM00097,Hydroxylation of terminal methyl,BTMR1061,"CYP1A2
CYP2A6
CYP2B6
CYP2C8
CYP2C9
CYP2C19
CYP2D6
CYP2E1
CYP3A4",HUMAN,BTM00005,CCC1=NN(C(=O)N1CCOC2=CC=CC=C2)CCC[N+]3(CCN(CC3)C4=CC(=CC=C4)Cl)[O-],"InChI=1S/C25H32ClN5O3/c1-2-24-27-30(25(32)29(24)15-19-34-23-10-4-3-5-11-23)12-7-16-31(33)17-13-28(14-18-31)22-9-6-8-21(26)20-22/h3-6,8-11,20H,2,7,12-19H2,1H3",BSOZQFAZIRKKPN-UHFFFAOYSA-N,5.1144000000000025,485.219367564
"InChI=1S/C25H30ClN5O3/c1-2-24-27-30(25(32)29(24)15-19-34-23-10-4-3-5-11-23)12-7-16-31(33)17-13-28(14-18-31)22-9-6-8-21(26)20-22/h2-6,8-11,20H,1,7,12-19H2",OGZYHWKBLKTSEF-UHFFFAOYSA-N,C=CC1=NN(C(=O)N1CCOC2=CC=CC=C2)CCC[N+]3(CCN(CC3)C4=CC(=CC=C4)Cl)[O-],,,C25H30ClN5O3,483.2037175,5.117500000000002,0,0,0,BTM00098,BTM00098,Terminal desaturation,BTMR1190,"CYP1A2
CYP2A6
CYP2C9
CYP2D6
CYP3A4",HUMAN,BTM00005,CCC1=NN(C(=O)N1CCOC2=CC=CC=C2)CCC[N+]3(CCN(CC3)C4=CC(=CC=C4)Cl)[O-],"InChI=1S/C25H32ClN5O3/c1-2-24-27-30(25(32)29(24)15-19-34-23-10-4-3-5-11-23)12-7-16-31(33)17-13-28(14-18-31)22-9-6-8-21(26)20-22/h3-6,8-11,20H,2,7,12-19H2,1H3",BSOZQFAZIRKKPN-UHFFFAOYSA-N,5.1144000000000025,485.219367564
"InChI=1S/C25H32ClN5O4/c1-2-23-27-30(25(33)29(23)15-19-35-20-8-4-3-5-9-20)12-7-16-31(34)17-13-28(14-18-31)22-11-6-10-21(26)24(22)32/h3-6,8-11,32H,2,7,12-19H2,1H3",QYKXQGCEAKNBCL-UHFFFAOYSA-N,CCC1=NN(C(=O)N1CCOC2=CC=CC=C2)CCC[N+]3(CCN(CC3)C4=C(C(=CC=C4)Cl)O)[O-],,,C25H32ClN5O4,501.214282184,4.847000000000002,1,0,0,BTM00099,BTM00099,Hydroxylation of aromatic carbon ortho to halide group,BTMR1040,"CYP1A2
CYP2A6
CYP2B6
CYP2C8
CYP2C9
CYP2C19
CYP2D6
CYP2E1
CYP3A4",HUMAN,BTM00005,CCC1=NN(C(=O)N1CCOC2=CC=CC=C2)CCC[N+]3(CCN(CC3)C4=CC(=CC=C4)Cl)[O-],"InChI=1S/C25H32ClN5O3/c1-2-24-27-30(25(32)29(24)15-19-34-23-10-4-3-5-11-23)12-7-16-31(33)17-13-28(14-18-31)22-9-6-8-21(26)20-22/h3-6,8-11,20H,2,7,12-19H2,1H3",BSOZQFAZIRKKPN-UHFFFAOYSA-N,5.1144000000000025,485.219367564
"InChI=1S/C25H32ClN5O4/c1-2-24-27-30(25(33)29(24)14-18-35-21-7-4-3-5-8-21)11-6-15-31(34)16-12-28(13-17-31)20-9-10-23(32)22(26)19-20/h3-5,7-10,19,32H,2,6,11-18H2,1H3",MQYWSPWCUKXNNX-UHFFFAOYSA-N,CCC1=NN(C(=O)N1CCOC2=CC=CC=C2)CCC[N+]3(CCN(CC3)C4=CC(=C(C=C4)O)Cl)[O-],,,C25H32ClN5O4,501.214282184,4.847000000000002,1,0,0,BTM00100,BTM00100,Hydroxylation of aromatic carbon ortho to halide group,BTMR1040,"CYP1A2
CYP2A6
CYP2B6
CYP2C8
CYP2C9
CYP2C19
CYP2D6
CYP2E1
CYP3A4",HUMAN,BTM00005,CCC1=NN(C(=O)N1CCOC2=CC=CC=C2)CCC[N+]3(CCN(CC3)C4=CC(=CC=C4)Cl)[O-],"InChI=1S/C25H32ClN5O3/c1-2-24-27-30(25(32)29(24)15-19-34-23-10-4-3-5-11-23)12-7-16-31(33)17-13-28(14-18-31)22-9-6-8-21(26)20-22/h3-6,8-11,20H,2,7,12-19H2,1H3",BSOZQFAZIRKKPN-UHFFFAOYSA-N,5.1144000000000025,485.219367564
"InChI=1S/C25H32ClN5O4/c1-2-24-27-30(25(33)29(24)12-16-35-23-7-4-3-5-8-23)9-6-13-31(34)14-10-28(11-15-31)21-17-20(26)18-22(32)19-21/h3-5,7-8,17-19,32H,2,6,9-16H2,1H3",ALELTZJQEYLDCM-UHFFFAOYSA-N,CCC1=NN(C(=O)N1CCOC2=CC=CC=C2)CCC[N+]3(CCN(CC3)C4=CC(=CC(=C4)O)Cl)[O-],,,C25H32ClN5O4,501.214282184,4.847000000000002,1,0,0,BTM00101,BTM00101,Hydroxylation of aromatic carbon meta to halide group,BTMR1039,"CYP2A6
CYP2B6
CYP2C9
CYP2C19
CYP2E1
CYP3A4",HUMAN,BTM00005,CCC1=NN(C(=O)N1CCOC2=CC=CC=C2)CCC[N+]3(CCN(CC3)C4=CC(=CC=C4)Cl)[O-],"InChI=1S/C25H32ClN5O3/c1-2-24-27-30(25(32)29(24)15-19-34-23-10-4-3-5-11-23)12-7-16-31(33)17-13-28(14-18-31)22-9-6-8-21(26)20-22/h3-6,8-11,20H,2,7,12-19H2,1H3",BSOZQFAZIRKKPN-UHFFFAOYSA-N,5.1144000000000025,485.219367564
"InChI=1S/C9H13N3O3/c1-2-8-10-12(4-3-6-13)9(15)11(8)5-7-14/h6-7H,2-5H2,1H3",RKUAINLEINEGPF-UHFFFAOYSA-N,CCC1=NN(C(=O)N1CC=O)CCC=O,,,C9H13N3O3,211.095691276,0.8609999999999997,0,0,0,BTM00068,BTM00068,O-Dealkylation,BTMR0052,"CYP1A2
CYP2A6
CYP2C9
CYP2C19
CYP2D6
CYP2E1
CYP3A4",HUMAN,BTM00006,CCC1=NN(C(=O)N1CCOC2=CC=CC=C2)CCC=O,"InChI=1S/C15H19N3O3/c1-2-14-16-18(9-6-11-19)15(20)17(14)10-12-21-13-7-4-3-5-8-13/h3-5,7-8,11H,2,6,9-10,12H2,1H3",DTNMGOVUYBUCIW-UHFFFAOYSA-N,2.776300000000001,289.14264146799997
"InChI=1S/C6H6O/c7-6-4-2-1-3-5-6/h1-5,7H",ISWSIDIOOBJBQZ-UHFFFAOYSA-N,OC1=CC=CC=C1,,,C6H6O,94.041864812,1.5626000000000002,0,0,0,BTM00003,BTM00003,O-Dealkylation,BTMR0052,"CYP1A2
CYP2A6
CYP2C9
CYP2C19
CYP2D6
CYP2E1
CYP3A4",HUMAN,BTM00006,CCC1=NN(C(=O)N1CCOC2=CC=CC=C2)CCC=O,"InChI=1S/C15H19N3O3/c1-2-14-16-18(9-6-11-19)15(20)17(14)10-12-21-13-7-4-3-5-8-13/h3-5,7-8,11H,2,6,9-10,12H2,1H3",DTNMGOVUYBUCIW-UHFFFAOYSA-N,2.776300000000001,289.14264146799997
"InChI=1S/C15H19N3O4/c1-12(20)14-16-18(8-5-10-19)15(21)17(14)9-11-22-13-6-3-2-4-7-13/h2-4,6-7,10,12,20H,5,8-9,11H2,1H3",DTNJOUSJNUKREW-UHFFFAOYSA-N,CC(C1=NN(C(=O)N1CCOC2=CC=CC=C2)CCC=O)O,,,C15H19N3O4,305.137556088,2.0007000000000006,0,0,0,BTM00102,BTM00102,Hydroxylation of penultimate aliphatic secondary carbon,BTMR1074,"CYP1A2
CYP2A6
CYP2B6
CYP2C8
CYP2C9
CYP2C19
CYP2D6
CYP2E1
CYP3A4",HUMAN,BTM00006,CCC1=NN(C(=O)N1CCOC2=CC=CC=C2)CCC=O,"InChI=1S/C15H19N3O3/c1-2-14-16-18(9-6-11-19)15(20)17(14)10-12-21-13-7-4-3-5-8-13/h3-5,7-8,11H,2,6,9-10,12H2,1H3",DTNMGOVUYBUCIW-UHFFFAOYSA-N,2.776300000000001,289.14264146799997
"InChI=1S/C15H19N3O4/c19-10-4-8-18-15(21)17(14(16-18)7-11-20)9-12-22-13-5-2-1-3-6-13/h1-3,5-6,10,20H,4,7-9,11-12H2",QAVCLFQVKWTMPF-UHFFFAOYSA-N,C(CC1=NN(C(=O)N1CCOC2=CC=CC=C2)CCC=O)O,,,C15H19N3O4,305.13755608800005,1.8788000000000014,0,0,0,BTM00103,BTM00103,Hydroxylation of terminal methyl,BTMR1061,"CYP1A2
CYP2A6
CYP2B6
CYP2C8
CYP2C9
CYP2C19
CYP2D6
CYP2E1
CYP3A4",HUMAN,BTM00006,CCC1=NN(C(=O)N1CCOC2=CC=CC=C2)CCC=O,"InChI=1S/C15H19N3O3/c1-2-14-16-18(9-6-11-19)15(20)17(14)10-12-21-13-7-4-3-5-8-13/h3-5,7-8,11H,2,6,9-10,12H2,1H3",DTNMGOVUYBUCIW-UHFFFAOYSA-N,2.776300000000001,289.14264146799997
"InChI=1S/C15H17N3O3/c1-2-14-16-18(9-6-11-19)15(20)17(14)10-12-21-13-7-4-3-5-8-13/h2-5,7-8,11H,1,6,9-10,12H2",NYGVFPHKZKAFRF-UHFFFAOYSA-N,C=CC1=NN(C(=O)N1CCOC2=CC=CC=C2)CCC=O,,,C15H17N3O3,287.126991404,2.7794000000000016,0,0,0,BTM00104,BTM00104,Terminal desaturation,BTMR1190,"CYP1A2
CYP2A6
CYP2C9
CYP2D6
CYP3A4",HUMAN,BTM00006,CCC1=NN(C(=O)N1CCOC2=CC=CC=C2)CCC=O,"InChI=1S/C15H19N3O3/c1-2-14-16-18(9-6-11-19)15(20)17(14)10-12-21-13-7-4-3-5-8-13/h3-5,7-8,11H,2,6,9-10,12H2,1H3",DTNMGOVUYBUCIW-UHFFFAOYSA-N,2.776300000000001,289.14264146799997
"InChI=1S/C15H19N3O4/c1-2-14-16-18(10-12(20)11-19)15(21)17(14)8-9-22-13-6-4-3-5-7-13/h3-7,11-12,20H,2,8-10H2,1H3",NXPKEYGOQFCLRU-UHFFFAOYSA-N,CCC1=NN(C(=O)N1CCOC2=CC=CC=C2)CC(C=O)O,,,C15H19N3O4,305.13755608800005,2.2308000000000003,0,0,0,BTM00105,BTM00105,alpha-Hydroxylation of carbonyl group,BTMR1054,"CYP1A2
CYP2A6
CYP2B6
CYP2C8
CYP2C9
CYP2C19
CYP2D6
CYP3A4",HUMAN,BTM00006,CCC1=NN(C(=O)N1CCOC2=CC=CC=C2)CCC=O,"InChI=1S/C15H19N3O3/c1-2-14-16-18(9-6-11-19)15(20)17(14)10-12-21-13-7-4-3-5-8-13/h3-5,7-8,11H,2,6,9-10,12H2,1H3",DTNMGOVUYBUCIW-UHFFFAOYSA-N,2.776300000000001,289.14264146799997
"InChI=1S/C10H13ClN2O/c11-9-2-1-3-10(8-9)13-5-4-12-6-7-14/h1-3,7-8,12-13H,4-6H2",URBYDLVFDIXMLR-UHFFFAOYSA-N,N(CC=O)CCNC1=CC(=CC=C1)Cl,,,C10H13ClN2O,212.071640716,1.622800000000001,0,0,0,BTM00057,BTM00057,N-Dealkylation of mixed tertiary amine,BTMR1145,"CYP1A2
CYP2A6
CYP2B6
CYP2C8
CYP2C9
CYP2C19
CYP2D6
CYP3A4",HUMAN,BTM00007,N1CCN(CC1)C2=CC(=CC=C2)Cl,"InChI=1S/C10H13ClN2/c11-9-2-1-3-10(8-9)13-6-4-12-5-7-13/h1-3,8,12H,4-7H2",VHFVKMTVMIZMIK-UHFFFAOYSA-N,2.0780000000000003,196.076726096
"InChI=1S/C10H13ClN2O/c11-9-2-1-3-10(8-9)13(14)6-4-12-5-7-13/h1-3,8,12H,4-7H2",SABMZPCFFZOXNL-UHFFFAOYSA-N,N1CC[N+](CC1)(C2=CC(=CC=C2)Cl)[O-],,,C10H13ClN2O,212.071640716,1.5774000000000004,0,0,0,BTM00082,BTM00082,N-Oxidation of alicyclic tertiary amine,BTMR1099,"CYP1A2
CYP2C8
CYP2C19
CYP2D6
CYP3A4",HUMAN,BTM00007,N1CCN(CC1)C2=CC(=CC=C2)Cl,"InChI=1S/C10H13ClN2/c11-9-2-1-3-10(8-9)13-6-4-12-5-7-13/h1-3,8,12H,4-7H2",VHFVKMTVMIZMIK-UHFFFAOYSA-N,2.0780000000000003,196.076726096
"InChI=1S/C10H13ClN2O/c11-8-1-2-10(14)9(7-8)13-5-3-12-4-6-13/h1-2,7,12,14H,3-6H2",GHDUVGOEHGCXAM-UHFFFAOYSA-N,N1CCN(CC1)C2=CC(=CC=C2O)Cl,,,C10H13ClN2O,212.071640716,1.8106000000000009,0,0,0,BTM00106,BTM00106,Hydroxylation of aromatic carbon para to halide group,BTMR1041,"CYP1A2
CYP2E1
CYP3A4",HUMAN,BTM00007,N1CCN(CC1)C2=CC(=CC=C2)Cl,"InChI=1S/C10H13ClN2/c11-9-2-1-3-10(8-9)13-6-4-12-5-7-13/h1-3,8,12H,4-7H2",VHFVKMTVMIZMIK-UHFFFAOYSA-N,2.0780000000000003,196.076726096
"InChI=1S/C10H13ClN2O/c11-8-2-1-3-9(6-8)13-5-4-12-10(14)7-13/h1-3,6,10,12,14H,4-5,7H2",XEZJNCJDHXMUNO-UHFFFAOYSA-N,N1C(CN(CC1)C2=CC(=CC=C2)Cl)O,,,C10H13ClN2O,212.071640716,1.738300000000001,0,0,0,BTM00107,BTM00107,Hydroxylation of heteroalicyclic secondary carbon,BTMR1070,"CYP1A2
CYP2A6
CYP2C9
CYP2D6
CYP3A4",HUMAN,BTM00007,N1CCN(CC1)C2=CC(=CC=C2)Cl,"InChI=1S/C10H13ClN2/c11-9-2-1-3-10(8-9)13-6-4-12-5-7-13/h1-3,8,12H,4-7H2",VHFVKMTVMIZMIK-UHFFFAOYSA-N,2.0780000000000003,196.076726096
"InChI=1S/C10H13ClN2O/c11-8-2-1-3-9(6-8)13-5-4-12-7-10(13)14/h1-3,6,10,12,14H,4-5,7H2",PVXJRPCVZRRMOH-UHFFFAOYSA-N,N1CC(N(CC1)C2=CC(=CC=C2)Cl)O,,,C10H13ClN2O,212.071640716,1.738300000000001,0,0,0,BTM00108,BTM00108,Hydroxylation of heteroalicyclic secondary carbon,BTMR1070,"CYP1A2
CYP2A6
CYP2C9
CYP2D6
CYP3A4",HUMAN,BTM00007,N1CCN(CC1)C2=CC(=CC=C2)Cl,"InChI=1S/C10H13ClN2/c11-9-2-1-3-10(8-9)13-6-4-12-5-7-13/h1-3,8,12H,4-7H2",VHFVKMTVMIZMIK-UHFFFAOYSA-N,2.0780000000000003,196.076726096
"InChI=1S/C10H13ClN2O/c11-8-2-1-3-9(10(8)14)13-6-4-12-5-7-13/h1-3,12,14H,4-7H2",QHGNMMHYMJOXQC-UHFFFAOYSA-N,N1CCN(CC1)C2=C(C(=CC=C2)Cl)O,,,C10H13ClN2O,212.071640716,1.8106000000000009,0,0,0,BTM00109,BTM00109,Hydroxylation of aromatic carbon ortho to halide group,BTMR1040,"CYP1A2
CYP2A6
CYP2B6
CYP2C8
CYP2C9
CYP2C19
CYP2D6
CYP2E1
CYP3A4",HUMAN,BTM00007,N1CCN(CC1)C2=CC(=CC=C2)Cl,"InChI=1S/C10H13ClN2/c11-9-2-1-3-10(8-9)13-6-4-12-5-7-13/h1-3,8,12H,4-7H2",VHFVKMTVMIZMIK-UHFFFAOYSA-N,2.0780000000000003,196.076726096
"InChI=1S/C10H13ClN2O/c11-9-7-8(1-2-10(9)14)13-5-3-12-4-6-13/h1-2,7,12,14H,3-6H2",FXECOYYRPDGOQB-UHFFFAOYSA-N,N1CCN(CC1)C2=CC(=C(C=C2)O)Cl,,,C10H13ClN2O,212.071640716,1.8106000000000009,0,0,0,BTM00110,BTM00110,Hydroxylation of aromatic carbon ortho to halide group,BTMR1040,"CYP1A2
CYP2A6
CYP2B6
CYP2C8
CYP2C9
CYP2C19
CYP2D6
CYP2E1
CYP3A4",HUMAN,BTM00007,N1CCN(CC1)C2=CC(=CC=C2)Cl,"InChI=1S/C10H13ClN2/c11-9-2-1-3-10(8-9)13-6-4-12-5-7-13/h1-3,8,12H,4-7H2",VHFVKMTVMIZMIK-UHFFFAOYSA-N,2.0780000000000003,196.076726096
"InChI=1S/C10H13ClN2O/c11-8-5-9(7-10(14)6-8)13-3-1-12-2-4-13/h5-7,12,14H,1-4H2",PTKLDNPKLLKELG-UHFFFAOYSA-N,N1CCN(CC1)C2=CC(=CC(=C2)O)Cl,,,C10H13ClN2O,212.071640716,1.8106000000000009,0,0,0,BTM00111,BTM00111,Hydroxylation of aromatic carbon meta to halide group,BTMR1039,"CYP2A6
CYP2B6
CYP2C9
CYP2C19
CYP2E1
CYP3A4",HUMAN,BTM00007,N1CCN(CC1)C2=CC(=CC=C2)Cl,"InChI=1S/C10H13ClN2/c11-9-2-1-3-10(8-9)13-6-4-12-5-7-13/h1-3,8,12H,4-7H2",VHFVKMTVMIZMIK-UHFFFAOYSA-N,2.0780000000000003,196.076726096
"InChI=1S/C25H32ClN5O4/c1-2-24-28-31(25(34)30(24)16-18-35-21-7-4-3-5-8-21)13-6-12-29(15-17-32)14-11-27-22-19-20(26)9-10-23(22)33/h3-5,7-10,17,19,27,33H,2,6,11-16,18H2,1H3",FLTBECQTPPJENI-UHFFFAOYSA-N,CCC1=NN(C(=O)N1CCOC2=CC=CC=C2)CCCN(CC=O)CCNC3=CC(=CC=C3O)Cl,,,C25H32ClN5O4,501.214282184,4.7969,1,1,1,BTM00049,BTM00049,N-Dealkylation of mixed tertiary amine,BTMR1145,"CYP1A2
CYP2A6
CYP2B6
CYP2C8
CYP2C9
CYP2C19
CYP2D6
CYP3A4",HUMAN,BTM00008,CCC1=NN(C(=O)N1CCOC2=CC=CC=C2)CCCN3CCN(CC3)C4=CC(=CC=C4O)Cl,"InChI=1S/C25H32ClN5O3/c1-2-24-27-31(25(33)30(24)17-18-34-21-7-4-3-5-8-21)12-6-11-28-13-15-29(16-14-28)22-19-20(26)9-10-23(22)32/h3-5,7-10,19,32H,2,6,11-18H2,1H3",IPXQHPQCCLVXDD-UHFFFAOYSA-N,5.252100000000002,485.219367564
"InChI=1S/C19H26ClN5O3/c1-2-18-21-25(19(28)24(18)12-13-26)7-3-6-22-8-10-23(11-9-22)16-14-15(20)4-5-17(16)27/h4-5,13-14,27H,2-3,6-12H2,1H3",YWXLATAFEHBXMH-UHFFFAOYSA-N,CCC1=NN(C(=O)N1CC=O)CCCN2CCN(CC2)C3=CC(=CC=C3O)Cl,,,C19H26ClN5O3,407.172417372,3.3368,0,0,0,BTM00069,BTM00069,O-Dealkylation,BTMR0052,"CYP1A2
CYP2A6
CYP2C9
CYP2C19
CYP2D6
CYP2E1
CYP3A4",HUMAN,BTM00008,CCC1=NN(C(=O)N1CCOC2=CC=CC=C2)CCCN3CCN(CC3)C4=CC(=CC=C4O)Cl,"InChI=1S/C25H32ClN5O3/c1-2-24-27-31(25(33)30(24)17-18-34-21-7-4-3-5-8-21)12-6-11-28-13-15-29(16-14-28)22-19-20(26)9-10-23(22)32/h3-5,7-10,19,32H,2,6,11-18H2,1H3",IPXQHPQCCLVXDD-UHFFFAOYSA-N,5.252100000000002,485.219367564
"InChI=1S/C6H6O/c7-6-4-2-1-3-5-6/h1-5,7H",ISWSIDIOOBJBQZ-UHFFFAOYSA-N,OC1=CC=CC=C1,,,C6H6O,94.041864812,1.5626000000000002,0,0,0,BTM00003,BTM00003,O-Dealkylation,BTMR0052,"CYP1A2
CYP2A6
CYP2C9
CYP2C19
CYP2D6
CYP2E1
CYP3A4",HUMAN,BTM00008,CCC1=NN(C(=O)N1CCOC2=CC=CC=C2)CCCN3CCN(CC3)C4=CC(=CC=C4O)Cl,"InChI=1S/C25H32ClN5O3/c1-2-24-27-31(25(33)30(24)17-18-34-21-7-4-3-5-8-21)12-6-11-28-13-15-29(16-14-28)22-19-20(26)9-10-23(22)32/h3-5,7-10,19,32H,2,6,11-18H2,1H3",IPXQHPQCCLVXDD-UHFFFAOYSA-N,5.252100000000002,485.219367564
"InChI=1S/C25H32ClN5O4/c1-2-24-27-30(25(33)29(24)15-18-35-21-7-4-3-5-8-21)12-6-11-28-13-16-31(34,17-14-28)22-19-20(26)9-10-23(22)32/h3-5,7-10,19,32H,2,6,11-18H2,1H3",SXQYLGUIBOISOZ-UHFFFAOYSA-N,CCC1=NN(C(=O)N1CCOC2=CC=CC=C2)CCCN3CC[N+](CC3)(C4=CC(=CC=C4O)Cl)[O-],,,C25H32ClN5O4,501.214282184,4.751500000000003,1,0,0,BTM00083,BTM00083,N-Oxidation of alicyclic tertiary amine,BTMR1099,"CYP1A2
CYP2C8
CYP2C19
CYP2D6
CYP3A4",HUMAN,BTM00008,CCC1=NN(C(=O)N1CCOC2=CC=CC=C2)CCCN3CCN(CC3)C4=CC(=CC=C4O)Cl,"InChI=1S/C25H32ClN5O3/c1-2-24-27-31(25(33)30(24)17-18-34-21-7-4-3-5-8-21)12-6-11-28-13-15-29(16-14-28)22-19-20(26)9-10-23(22)32/h3-5,7-10,19,32H,2,6,11-18H2,1H3",IPXQHPQCCLVXDD-UHFFFAOYSA-N,5.252100000000002,485.219367564
"InChI=1S/C25H32ClN5O4/c1-2-24-27-30(25(33)29(24)14-18-35-21-7-4-3-5-8-21)11-6-15-31(34)16-12-28(13-17-31)22-19-20(26)9-10-23(22)32/h3-5,7-10,19,32H,2,6,11-18H2,1H3",HFBWXNXEHLJKJK-UHFFFAOYSA-N,CCC1=NN(C(=O)N1CCOC2=CC=CC=C2)CCC[N+]3(CCN(CC3)C4=CC(=CC=C4O)Cl)[O-],,,C25H32ClN5O4,501.214282184,4.847000000000002,1,0,0,BTM00093,BTM00093,N-Oxidation of alicyclic tertiary amine,BTMR1099,"CYP1A2
CYP2C8
CYP2C19
CYP2D6
CYP3A4",HUMAN,BTM00008,CCC1=NN(C(=O)N1CCOC2=CC=CC=C2)CCCN3CCN(CC3)C4=CC(=CC=C4O)Cl,"InChI=1S/C25H32ClN5O3/c1-2-24-27-31(25(33)30(24)17-18-34-21-7-4-3-5-8-21)12-6-11-28-13-15-29(16-14-28)22-19-20(26)9-10-23(22)32/h3-5,7-10,19,32H,2,6,11-18H2,1H3",IPXQHPQCCLVXDD-UHFFFAOYSA-N,5.252100000000002,485.219367564
"InChI=1S/C15H19N3O3/c1-2-14-16-18(9-6-11-19)15(20)17(14)10-12-21-13-7-4-3-5-8-13/h3-5,7-8,11H,2,6,9-10,12H2,1H3",DTNMGOVUYBUCIW-UHFFFAOYSA-N,CCC1=NN(C(=O)N1CCOC2=CC=CC=C2)CCC=O,,,C15H19N3O3,289.14264146799997,2.776300000000001,0,0,0,BTM00006,BTM00006,N-Dealkylation of alicyclic tertiary amine,BTMR1144,"CYP1A2
CYP2A6
CYP2B6
CYP2C8
CYP2C9
CYP2C19
CYP2D6
CYP3A4",HUMAN,BTM00008,CCC1=NN(C(=O)N1CCOC2=CC=CC=C2)CCCN3CCN(CC3)C4=CC(=CC=C4O)Cl,"InChI=1S/C25H32ClN5O3/c1-2-24-27-31(25(33)30(24)17-18-34-21-7-4-3-5-8-21)12-6-11-28-13-15-29(16-14-28)22-19-20(26)9-10-23(22)32/h3-5,7-10,19,32H,2,6,11-18H2,1H3",IPXQHPQCCLVXDD-UHFFFAOYSA-N,5.252100000000002,485.219367564
"InChI=1S/C10H13ClN2O/c11-8-1-2-10(14)9(7-8)13-5-3-12-4-6-13/h1-2,7,12,14H,3-6H2",GHDUVGOEHGCXAM-UHFFFAOYSA-N,N1CCN(CC1)C2=CC(=CC=C2O)Cl,,,C10H13ClN2O,212.071640716,1.8106000000000009,0,0,0,BTM00106,BTM00106,N-Dealkylation of alicyclic tertiary amine,BTMR1144,"CYP1A2
CYP2A6
CYP2B6
CYP2C8
CYP2C9
CYP2C19
CYP2D6
CYP3A4",HUMAN,BTM00008,CCC1=NN(C(=O)N1CCOC2=CC=CC=C2)CCCN3CCN(CC3)C4=CC(=CC=C4O)Cl,"InChI=1S/C25H32ClN5O3/c1-2-24-27-31(25(33)30(24)17-18-34-21-7-4-3-5-8-21)12-6-11-28-13-15-29(16-14-28)22-19-20(26)9-10-23(22)32/h3-5,7-10,19,32H,2,6,11-18H2,1H3",IPXQHPQCCLVXDD-UHFFFAOYSA-N,5.252100000000002,485.219367564
"InChI=1S/C25H32ClN5O4/c1-19(32)24-27-31(25(34)30(24)16-17-35-21-6-3-2-4-7-21)11-5-10-28-12-14-29(15-13-28)22-18-20(26)8-9-23(22)33/h2-4,6-9,18-19,32-33H,5,10-17H2,1H3",DSPKNRWVWJWSOQ-UHFFFAOYSA-N,CC(C1=NN(C(=O)N1CCOC2=CC=CC=C2)CCCN3CCN(CC3)C4=CC(=CC=C4O)Cl)O,,,C25H32ClN5O4,501.214282184,4.4765000000000015,1,0,0,BTM00112,BTM00112,Hydroxylation of penultimate aliphatic secondary carbon,BTMR1074,"CYP1A2
CYP2A6
CYP2B6
CYP2C8
CYP2C9
CYP2C19
CYP2D6
CYP2E1
CYP3A4",HUMAN,BTM00008,CCC1=NN(C(=O)N1CCOC2=CC=CC=C2)CCCN3CCN(CC3)C4=CC(=CC=C4O)Cl,"InChI=1S/C25H32ClN5O3/c1-2-24-27-31(25(33)30(24)17-18-34-21-7-4-3-5-8-21)12-6-11-28-13-15-29(16-14-28)22-19-20(26)9-10-23(22)32/h3-5,7-10,19,32H,2,6,11-18H2,1H3",IPXQHPQCCLVXDD-UHFFFAOYSA-N,5.252100000000002,485.219367564
"InChI=1S/C25H32ClN5O4/c1-2-23-27-31(25(34)30(23)15-16-35-20-7-4-3-5-8-20)12-6-11-28-13-14-29(18-24(28)33)21-17-19(26)9-10-22(21)32/h3-5,7-10,17,24,32-33H,2,6,11-16,18H2,1H3",VEQLCRRKSQHESS-UHFFFAOYSA-N,CCC1=NN(C(=O)N1CCOC2=CC=CC=C2)CCCN3C(CN(CC3)C4=CC(=CC=C4O)Cl)O,,,C25H32ClN5O4,501.214282184,4.9124000000000025,1,0,0,BTM00113,BTM00113,Hydroxylation of heteroalicyclic secondary carbon,BTMR1070,"CYP1A2
CYP2A6
CYP2C9
CYP2D6
CYP3A4",HUMAN,BTM00008,CCC1=NN(C(=O)N1CCOC2=CC=CC=C2)CCCN3CCN(CC3)C4=CC(=CC=C4O)Cl,"InChI=1S/C25H32ClN5O3/c1-2-24-27-31(25(33)30(24)17-18-34-21-7-4-3-5-8-21)12-6-11-28-13-15-29(16-14-28)22-19-20(26)9-10-23(22)32/h3-5,7-10,19,32H,2,6,11-18H2,1H3",IPXQHPQCCLVXDD-UHFFFAOYSA-N,5.252100000000002,485.219367564
"InChI=1S/C25H32ClN5O4/c1-2-23-27-31(25(34)30(23)15-16-35-20-7-4-3-5-8-20)12-6-11-28-13-14-29(24(33)18-28)21-17-19(26)9-10-22(21)32/h3-5,7-10,17,24,32-33H,2,6,11-16,18H2,1H3",NMIKKWSVVGENNZ-UHFFFAOYSA-N,CCC1=NN(C(=O)N1CCOC2=CC=CC=C2)CCCN3CC(N(CC3)C4=CC(=CC=C4O)Cl)O,,,C25H32ClN5O4,501.214282184,4.9124000000000025,1,0,0,BTM00114,BTM00114,Hydroxylation of heteroalicyclic secondary carbon,BTMR1070,"CYP1A2
CYP2A6
CYP2C9
CYP2D6
CYP3A4",HUMAN,BTM00008,CCC1=NN(C(=O)N1CCOC2=CC=CC=C2)CCCN3CCN(CC3)C4=CC(=CC=C4O)Cl,"InChI=1S/C25H32ClN5O3/c1-2-24-27-31(25(33)30(24)17-18-34-21-7-4-3-5-8-21)12-6-11-28-13-15-29(16-14-28)22-19-20(26)9-10-23(22)32/h3-5,7-10,19,32H,2,6,11-18H2,1H3",IPXQHPQCCLVXDD-UHFFFAOYSA-N,5.252100000000002,485.219367564
"InChI=1S/C25H32ClN5O4/c26-20-7-8-23(33)22(19-20)29-14-12-28(13-15-29)10-4-11-31-25(34)30(24(27-31)9-17-32)16-18-35-21-5-2-1-3-6-21/h1-3,5-8,19,32-33H,4,9-18H2",PSOSWFLENFFNMT-UHFFFAOYSA-N,C(CC1=NN(C(=O)N1CCOC2=CC=CC=C2)CCCN3CCN(CC3)C4=CC(=CC=C4O)Cl)O,,,C25H32ClN5O4,501.214282184,4.354600000000004,1,0,0,BTM00115,BTM00115,Hydroxylation of terminal methyl,BTMR1061,"CYP1A2
CYP2A6
CYP2B6
CYP2C8
CYP2C9
CYP2C19
CYP2D6
CYP2E1
CYP3A4",HUMAN,BTM00008,CCC1=NN(C(=O)N1CCOC2=CC=CC=C2)CCCN3CCN(CC3)C4=CC(=CC=C4O)Cl,"InChI=1S/C25H32ClN5O3/c1-2-24-27-31(25(33)30(24)17-18-34-21-7-4-3-5-8-21)12-6-11-28-13-15-29(16-14-28)22-19-20(26)9-10-23(22)32/h3-5,7-10,19,32H,2,6,11-18H2,1H3",IPXQHPQCCLVXDD-UHFFFAOYSA-N,5.252100000000002,485.219367564
"InChI=1S/C25H30ClN5O3/c1-2-24-27-31(25(33)30(24)17-18-34-21-7-4-3-5-8-21)12-6-11-28-13-15-29(16-14-28)22-19-20(26)9-10-23(22)32/h2-5,7-10,19,32H,1,6,11-18H2",HUGWVRUQIUBGKM-UHFFFAOYSA-N,C=CC1=NN(C(=O)N1CCOC2=CC=CC=C2)CCCN3CCN(CC3)C4=CC(=CC=C4O)Cl,,,C25H30ClN5O3,483.2037175,5.255200000000001,0,0,0,BTM00116,BTM00116,Terminal desaturation,BTMR1190,"CYP1A2
CYP2A6
CYP2C9
CYP2D6
CYP3A4",HUMAN,BTM00008,CCC1=NN(C(=O)N1CCOC2=CC=CC=C2)CCCN3CCN(CC3)C4=CC(=CC=C4O)Cl,"InChI=1S/C25H32ClN5O3/c1-2-24-27-31(25(33)30(24)17-18-34-21-7-4-3-5-8-21)12-6-11-28-13-15-29(16-14-28)22-19-20(26)9-10-23(22)32/h3-5,7-10,19,32H,2,6,11-18H2,1H3",IPXQHPQCCLVXDD-UHFFFAOYSA-N,5.252100000000002,485.219367564
"InChI=1S/C25H32ClN5O4/c1-2-23-27-31(25(34)30(23)15-16-35-20-7-4-3-5-8-20)10-6-9-28-11-13-29(14-12-28)21-17-19(26)18-22(32)24(21)33/h3-5,7-8,17-18,32-33H,2,6,9-16H2,1H3",QMYZKOARYQHBQG-UHFFFAOYSA-N,CCC1=NN(C(=O)N1CCOC2=CC=CC=C2)CCCN3CCN(CC3)C4=CC(=CC(=C4O)O)Cl,,,C25H32ClN5O4,501.214282184,4.984700000000003,1,0,0,BTM00117,BTM00117,O-Hydroxylation of phenol,BTMR1037,"CYP1A2
CYP2A6
CYP2B6
CYP2C8
CYP2C9
CYP2C19
CYP2D6
CYP2E1
CYP3A4",HUMAN,BTM00008,CCC1=NN(C(=O)N1CCOC2=CC=CC=C2)CCCN3CCN(CC3)C4=CC(=CC=C4O)Cl,"InChI=1S/C25H32ClN5O3/c1-2-24-27-31(25(33)30(24)17-18-34-21-7-4-3-5-8-21)12-6-11-28-13-15-29(16-14-28)22-19-20(26)9-10-23(22)32/h3-5,7-10,19,32H,2,6,11-18H2,1H3",IPXQHPQCCLVXDD-UHFFFAOYSA-N,5.252100000000002,485.219367564
"InChI=1S/C25H32ClN5O4/c1-2-22-27-31(25(34)30(22)17-18-35-19-7-4-3-5-8-19)12-6-11-28-13-15-29(16-14-28)23-21(32)10-9-20(26)24(23)33/h3-5,7-10,32-33H,2,6,11-18H2,1H3",RIDCHQNCIYHZQE-UHFFFAOYSA-N,CCC1=NN(C(=O)N1CCOC2=CC=CC=C2)CCCN3CCN(CC3)C4=C(C(=CC=C4O)Cl)O,,,C25H32ClN5O4,501.214282184,4.984700000000003,1,0,0,BTM00118,BTM00118,Hydroxylation of aromatic carbon ortho to halide group,BTMR1040,"CYP1A2
CYP2A6
CYP2B6
CYP2C8
CYP2C9
CYP2C19
CYP2D6
CYP2E1
CYP3A4",HUMAN,BTM00008,CCC1=NN(C(=O)N1CCOC2=CC=CC=C2)CCCN3CCN(CC3)C4=CC(=CC=C4O)Cl,"InChI=1S/C25H32ClN5O3/c1-2-24-27-31(25(33)30(24)17-18-34-21-7-4-3-5-8-21)12-6-11-28-13-15-29(16-14-28)22-19-20(26)9-10-23(22)32/h3-5,7-10,19,32H,2,6,11-18H2,1H3",IPXQHPQCCLVXDD-UHFFFAOYSA-N,5.252100000000002,485.219367564
"InChI=1S/C25H32ClN5O4/c1-2-24-27-31(25(34)30(24)15-16-35-19-7-4-3-5-8-19)10-6-9-28-11-13-29(14-12-28)21-17-20(26)22(32)18-23(21)33/h3-5,7-8,17-18,32-33H,2,6,9-16H2,1H3",KQCKMIWMOALRCO-UHFFFAOYSA-N,CCC1=NN(C(=O)N1CCOC2=CC=CC=C2)CCCN3CCN(CC3)C4=CC(=C(C=C4O)O)Cl,,,C25H32ClN5O4,501.214282184,4.984700000000003,1,0,0,BTM00119,BTM00119,Hydroxylation of aromatic carbon ortho to halide group,BTMR1040,"CYP1A2
CYP2A6
CYP2B6
CYP2C8
CYP2C9
CYP2C19
CYP2D6
CYP2E1
CYP3A4",HUMAN,BTM00008,CCC1=NN(C(=O)N1CCOC2=CC=CC=C2)CCCN3CCN(CC3)C4=CC(=CC=C4O)Cl,"InChI=1S/C25H32ClN5O3/c1-2-24-27-31(25(33)30(24)17-18-34-21-7-4-3-5-8-21)12-6-11-28-13-15-29(16-14-28)22-19-20(26)9-10-23(22)32/h3-5,7-10,19,32H,2,6,11-18H2,1H3",IPXQHPQCCLVXDD-UHFFFAOYSA-N,5.252100000000002,485.219367564
"InChI=1S/C25H32ClN5O4/c1-2-23-27-31(25(34)30(23)16-17-35-20-6-4-3-5-7-20)11-10-24(33)29-14-12-28(13-15-29)21-18-19(26)8-9-22(21)32/h3-9,18,24,32-33H,2,10-17H2,1H3",XIOPAKPGLQNBCS-UHFFFAOYSA-N,CCC1=NN(C(=O)N1CCOC2=CC=CC=C2)CCC(N3CCN(CC3)C4=CC(=CC=C4O)Cl)O,,,C25H32ClN5O4,501.214282184,5.1056000000000035,1,0,0,BTM00120,BTM00120,Aliphatic hydroxylation of carbon alpha to secondary or tertiary alkyl-N,BTMR1081,"CYP2B6
CYP2C19
CYP2D6",HUMAN,BTM00008,CCC1=NN(C(=O)N1CCOC2=CC=CC=C2)CCCN3CCN(CC3)C4=CC(=CC=C4O)Cl,"InChI=1S/C25H32ClN5O3/c1-2-24-27-31(25(33)30(24)17-18-34-21-7-4-3-5-8-21)12-6-11-28-13-15-29(16-14-28)22-19-20(26)9-10-23(22)32/h3-5,7-10,19,32H,2,6,11-18H2,1H3",IPXQHPQCCLVXDD-UHFFFAOYSA-N,5.252100000000002,485.219367564
"InChI=1S/C25H32ClN5O4/c1-2-23-27-31(25(34)30(23)15-16-35-20-7-4-3-5-8-20)12-6-11-28-13-14-29(18-24(28)33)21-17-19(26)9-10-22(21)32/h3-5,7-10,17,24,32-33H,2,6,11-16,18H2,1H3",VEQLCRRKSQHESS-UHFFFAOYSA-N,CCC1=NN(C(=O)N1CCOC2=CC=CC=C2)CCCN3C(CN(CC3)C4=CC(=CC=C4O)Cl)O,,,C25H32ClN5O4,501.214282184,4.9124000000000025,1,0,0,BTM00113,BTM00113,Aliphatic hydroxylation of carbon alpha to secondary or tertiary alkyl-N,BTMR1081,"CYP2B6
CYP2C19
CYP2D6",HUMAN,BTM00008,CCC1=NN(C(=O)N1CCOC2=CC=CC=C2)CCCN3CCN(CC3)C4=CC(=CC=C4O)Cl,"InChI=1S/C25H32ClN5O3/c1-2-24-27-31(25(33)30(24)17-18-34-21-7-4-3-5-8-21)12-6-11-28-13-15-29(16-14-28)22-19-20(26)9-10-23(22)32/h3-5,7-10,19,32H,2,6,11-18H2,1H3",IPXQHPQCCLVXDD-UHFFFAOYSA-N,5.252100000000002,485.219367564
"InChI=1S/C25H32ClN5O4/c1-2-23-27-31(25(34)30(23)15-16-35-20-7-4-3-5-8-20)12-6-11-28-13-14-29(24(33)18-28)21-17-19(26)9-10-22(21)32/h3-5,7-10,17,24,32-33H,2,6,11-16,18H2,1H3",NMIKKWSVVGENNZ-UHFFFAOYSA-N,CCC1=NN(C(=O)N1CCOC2=CC=CC=C2)CCCN3CC(N(CC3)C4=CC(=CC=C4O)Cl)O,,,C25H32ClN5O4,501.214282184,4.9124000000000025,1,0,0,BTM00114,BTM00114,Aliphatic hydroxylation of carbon alpha to secondary or tertiary alkyl-N,BTMR1081,"CYP2B6
CYP2C19
CYP2D6",HUMAN,BTM00008,CCC1=NN(C(=O)N1CCOC2=CC=CC=C2)CCCN3CCN(CC3)C4=CC(=CC=C4O)Cl,"InChI=1S/C25H32ClN5O3/c1-2-24-27-31(25(33)30(24)17-18-34-21-7-4-3-5-8-21)12-6-11-28-13-15-29(16-14-28)22-19-20(26)9-10-23(22)32/h3-5,7-10,19,32H,2,6,11-18H2,1H3",IPXQHPQCCLVXDD-UHFFFAOYSA-N,5.252100000000002,485.219367564
"InChI=1S/C25H32ClN5O4/c1-20(33)24-28-31(25(34)30(24)16-18-35-23-9-3-2-4-10-23)13-6-12-29(15-17-32)14-11-27-22-8-5-7-21(26)19-22/h2-5,7-10,17,19-20,27,33H,6,11-16,18H2,1H3",UUHUOMNQXDLRHG-UHFFFAOYSA-N,CC(C1=NN(C(=O)N1CCOC2=CC=CC=C2)CCCN(CC=O)CCNC3=CC(=CC=C3)Cl)O,,,C25H32ClN5O4,501.214282184,4.2887,1,1,1,BTM00050,BTM00050,N-Dealkylation of mixed tertiary amine,BTMR1145,"CYP1A2
CYP2A6
CYP2B6
CYP2C8
CYP2C9
CYP2C19
CYP2D6
CYP3A4",HUMAN,BTM00009,CC(C1=NN(C(=O)N1CCOC2=CC=CC=C2)CCCN3CCN(CC3)C4=CC(=CC=C4)Cl)O,"InChI=1S/C25H32ClN5O3/c1-20(32)24-27-31(25(33)30(24)17-18-34-23-9-3-2-4-10-23)12-6-11-28-13-15-29(16-14-28)22-8-5-7-21(26)19-22/h2-5,7-10,19-20,32H,6,11-18H2,1H3",VKGQYGXMUUBRBD-UHFFFAOYSA-N,4.743900000000001,485.219367564
"InChI=1S/C25H30ClN5O3/c1-20(32)24-27-31(25(33)30(24)17-18-34-23-9-3-2-4-10-23)12-6-11-28-13-15-29(16-14-28)22-8-5-7-21(26)19-22/h2-5,7-10,19H,6,11-18H2,1H3",IDHDMJQJJSFKPB-UHFFFAOYSA-N,CC(C1=NN(C(=O)N1CCOC2=CC=CC=C2)CCCN3CCN(CC3)C4=CC(=CC=C4)Cl)=O,,,C25H30ClN5O3,483.2037175,4.710800000000001,0,0,0,BTM00121,BTM00121,Oxidation of secondary alcohol to ketone,BTMR0079,"CYP1A2
CYP2C9
CYP2C19",HUMAN,BTM00009,CC(C1=NN(C(=O)N1CCOC2=CC=CC=C2)CCCN3CCN(CC3)C4=CC(=CC=C4)Cl)O,"InChI=1S/C25H32ClN5O3/c1-20(32)24-27-31(25(33)30(24)17-18-34-23-9-3-2-4-10-23)12-6-11-28-13-15-29(16-14-28)22-8-5-7-21(26)19-22/h2-5,7-10,19-20,32H,6,11-18H2,1H3",VKGQYGXMUUBRBD-UHFFFAOYSA-N,4.743900000000001,485.219367564
"InChI=1S/C19H26ClN5O3/c1-15(27)18-21-25(19(28)24(18)12-13-26)7-3-6-22-8-10-23(11-9-22)17-5-2-4-16(20)14-17/h2,4-5,13-15,27H,3,6-12H2,1H3",NBEQOBQATDJFTR-UHFFFAOYSA-N,CC(C1=NN(C(=O)N1CC=O)CCCN2CCN(CC2)C3=CC(=CC=C3)Cl)O,,,C19H26ClN5O3,407.172417372,2.8286000000000016,0,0,0,BTM00070,BTM00070,O-Dealkylation,BTMR0052,"CYP1A2
CYP2A6
CYP2C9
CYP2C19
CYP2D6
CYP2E1
CYP3A4",HUMAN,BTM00009,CC(C1=NN(C(=O)N1CCOC2=CC=CC=C2)CCCN3CCN(CC3)C4=CC(=CC=C4)Cl)O,"InChI=1S/C25H32ClN5O3/c1-20(32)24-27-31(25(33)30(24)17-18-34-23-9-3-2-4-10-23)12-6-11-28-13-15-29(16-14-28)22-8-5-7-21(26)19-22/h2-5,7-10,19-20,32H,6,11-18H2,1H3",VKGQYGXMUUBRBD-UHFFFAOYSA-N,4.743900000000001,485.219367564
"InChI=1S/C6H6O/c7-6-4-2-1-3-5-6/h1-5,7H",ISWSIDIOOBJBQZ-UHFFFAOYSA-N,OC1=CC=CC=C1,,,C6H6O,94.041864812,1.5626000000000002,0,0,0,BTM00003,BTM00003,O-Dealkylation,BTMR0052,"CYP1A2
CYP2A6
CYP2C9
CYP2C19
CYP2D6
CYP2E1
CYP3A4",HUMAN,BTM00009,CC(C1=NN(C(=O)N1CCOC2=CC=CC=C2)CCCN3CCN(CC3)C4=CC(=CC=C4)Cl)O,"InChI=1S/C25H32ClN5O3/c1-20(32)24-27-31(25(33)30(24)17-18-34-23-9-3-2-4-10-23)12-6-11-28-13-15-29(16-14-28)22-8-5-7-21(26)19-22/h2-5,7-10,19-20,32H,6,11-18H2,1H3",VKGQYGXMUUBRBD-UHFFFAOYSA-N,4.743900000000001,485.219367564
"InChI=1S/C25H32ClN5O4/c1-20(32)24-27-30(25(33)29(24)15-18-35-23-9-3-2-4-10-23)12-6-11-28-13-16-31(34,17-14-28)22-8-5-7-21(26)19-22/h2-5,7-10,19-20,32H,6,11-18H2,1H3",GJBRQUUPZAPCHF-UHFFFAOYSA-N,CC(C1=NN(C(=O)N1CCOC2=CC=CC=C2)CCCN3CC[N+](CC3)(C4=CC(=CC=C4)Cl)[O-])O,,,C25H32ClN5O4,501.214282184,4.243300000000002,1,0,0,BTM00084,BTM00084,N-Oxidation of alicyclic tertiary amine,BTMR1099,"CYP1A2
CYP2C8
CYP2C19
CYP2D6
CYP3A4",HUMAN,BTM00009,CC(C1=NN(C(=O)N1CCOC2=CC=CC=C2)CCCN3CCN(CC3)C4=CC(=CC=C4)Cl)O,"InChI=1S/C25H32ClN5O3/c1-20(32)24-27-31(25(33)30(24)17-18-34-23-9-3-2-4-10-23)12-6-11-28-13-15-29(16-14-28)22-8-5-7-21(26)19-22/h2-5,7-10,19-20,32H,6,11-18H2,1H3",VKGQYGXMUUBRBD-UHFFFAOYSA-N,4.743900000000001,485.219367564
"InChI=1S/C25H32ClN5O4/c1-20(32)24-27-30(25(33)29(24)14-18-35-23-9-3-2-4-10-23)11-6-15-31(34)16-12-28(13-17-31)22-8-5-7-21(26)19-22/h2-5,7-10,19-20,32H,6,11-18H2,1H3",WITJYVKQHHJWOL-UHFFFAOYSA-N,CC(C1=NN(C(=O)N1CCOC2=CC=CC=C2)CCC[N+]3(CCN(CC3)C4=CC(=CC=C4)Cl)[O-])O,,,C25H32ClN5O4,501.214282184,4.338800000000002,1,0,0,BTM00094,BTM00094,N-Oxidation of alicyclic tertiary amine,BTMR1099,"CYP1A2
CYP2C8
CYP2C19
CYP2D6
CYP3A4",HUMAN,BTM00009,CC(C1=NN(C(=O)N1CCOC2=CC=CC=C2)CCCN3CCN(CC3)C4=CC(=CC=C4)Cl)O,"InChI=1S/C25H32ClN5O3/c1-20(32)24-27-31(25(33)30(24)17-18-34-23-9-3-2-4-10-23)12-6-11-28-13-15-29(16-14-28)22-8-5-7-21(26)19-22/h2-5,7-10,19-20,32H,6,11-18H2,1H3",VKGQYGXMUUBRBD-UHFFFAOYSA-N,4.743900000000001,485.219367564
"InChI=1S/C15H19N3O4/c1-12(20)14-16-18(8-5-10-19)15(21)17(14)9-11-22-13-6-3-2-4-7-13/h2-4,6-7,10,12,20H,5,8-9,11H2,1H3",DTNJOUSJNUKREW-UHFFFAOYSA-N,CC(C1=NN(C(=O)N1CCOC2=CC=CC=C2)CCC=O)O,,,C15H19N3O4,305.137556088,2.0007000000000006,0,0,0,BTM00102,BTM00102,N-Dealkylation of alicyclic tertiary amine,BTMR1144,"CYP1A2
CYP2A6
CYP2B6
CYP2C8
CYP2C9
CYP2C19
CYP2D6
CYP3A4",HUMAN,BTM00009,CC(C1=NN(C(=O)N1CCOC2=CC=CC=C2)CCCN3CCN(CC3)C4=CC(=CC=C4)Cl)O,"InChI=1S/C25H32ClN5O3/c1-20(32)24-27-31(25(33)30(24)17-18-34-23-9-3-2-4-10-23)12-6-11-28-13-15-29(16-14-28)22-8-5-7-21(26)19-22/h2-5,7-10,19-20,32H,6,11-18H2,1H3",VKGQYGXMUUBRBD-UHFFFAOYSA-N,4.743900000000001,485.219367564
"InChI=1S/C10H13ClN2/c11-9-2-1-3-10(8-9)13-6-4-12-5-7-13/h1-3,8,12H,4-7H2",VHFVKMTVMIZMIK-UHFFFAOYSA-N,N1CCN(CC1)C2=CC(=CC=C2)Cl,,,C10H13ClN2,196.076726096,2.0780000000000003,0,0,0,BTM00007,BTM00007,N-Dealkylation of alicyclic tertiary amine,BTMR1144,"CYP1A2
CYP2A6
CYP2B6
CYP2C8
CYP2C9
CYP2C19
CYP2D6
CYP3A4",HUMAN,BTM00009,CC(C1=NN(C(=O)N1CCOC2=CC=CC=C2)CCCN3CCN(CC3)C4=CC(=CC=C4)Cl)O,"InChI=1S/C25H32ClN5O3/c1-20(32)24-27-31(25(33)30(24)17-18-34-23-9-3-2-4-10-23)12-6-11-28-13-15-29(16-14-28)22-8-5-7-21(26)19-22/h2-5,7-10,19-20,32H,6,11-18H2,1H3",VKGQYGXMUUBRBD-UHFFFAOYSA-N,4.743900000000001,485.219367564
"InChI=1S/C25H32ClN5O4/c1-19(32)24-27-31(25(34)30(24)16-17-35-21-6-3-2-4-7-21)11-5-10-28-12-14-29(15-13-28)22-18-20(26)8-9-23(22)33/h2-4,6-9,18-19,32-33H,5,10-17H2,1H3",DSPKNRWVWJWSOQ-UHFFFAOYSA-N,CC(C1=NN(C(=O)N1CCOC2=CC=CC=C2)CCCN3CCN(CC3)C4=CC(=CC=C4O)Cl)O,,,C25H32ClN5O4,501.214282184,4.4765000000000015,1,0,0,BTM00112,BTM00112,Hydroxylation of aromatic carbon para to halide group,BTMR1041,"CYP1A2
CYP2E1
CYP3A4",HUMAN,BTM00009,CC(C1=NN(C(=O)N1CCOC2=CC=CC=C2)CCCN3CCN(CC3)C4=CC(=CC=C4)Cl)O,"InChI=1S/C25H32ClN5O3/c1-20(32)24-27-31(25(33)30(24)17-18-34-23-9-3-2-4-10-23)12-6-11-28-13-15-29(16-14-28)22-8-5-7-21(26)19-22/h2-5,7-10,19-20,32H,6,11-18H2,1H3",VKGQYGXMUUBRBD-UHFFFAOYSA-N,4.743900000000001,485.219367564
"InChI=1S/C25H32ClN5O4/c1-19(32)24-27-31(25(34)30(24)15-16-35-22-9-3-2-4-10-22)12-6-11-28-13-14-29(18-23(28)33)21-8-5-7-20(26)17-21/h2-5,7-10,17,19,23,32-33H,6,11-16,18H2,1H3",NVQXKNKJJSAVRA-UHFFFAOYSA-N,CC(C1=NN(C(=O)N1CCOC2=CC=CC=C2)CCCN3C(CN(CC3)C4=CC(=CC=C4)Cl)O)O,,,C25H32ClN5O4,501.214282184,4.4041999999999994,1,0,0,BTM00122,BTM00122,Hydroxylation of heteroalicyclic secondary carbon,BTMR1070,"CYP1A2
CYP2A6
CYP2C9
CYP2D6
CYP3A4",HUMAN,BTM00009,CC(C1=NN(C(=O)N1CCOC2=CC=CC=C2)CCCN3CCN(CC3)C4=CC(=CC=C4)Cl)O,"InChI=1S/C25H32ClN5O3/c1-20(32)24-27-31(25(33)30(24)17-18-34-23-9-3-2-4-10-23)12-6-11-28-13-15-29(16-14-28)22-8-5-7-21(26)19-22/h2-5,7-10,19-20,32H,6,11-18H2,1H3",VKGQYGXMUUBRBD-UHFFFAOYSA-N,4.743900000000001,485.219367564
"InChI=1S/C25H32ClN5O4/c1-19(32)24-27-31(25(34)30(24)15-16-35-22-9-3-2-4-10-22)12-6-11-28-13-14-29(23(33)18-28)21-8-5-7-20(26)17-21/h2-5,7-10,17,19,23,32-33H,6,11-16,18H2,1H3",GJPLNURAWMOIML-UHFFFAOYSA-N,CC(C1=NN(C(=O)N1CCOC2=CC=CC=C2)CCCN3CC(N(CC3)C4=CC(=CC=C4)Cl)O)O,,,C25H32ClN5O4,501.214282184,4.4041999999999994,1,0,0,BTM00123,BTM00123,Hydroxylation of heteroalicyclic secondary carbon,BTMR1070,"CYP1A2
CYP2A6
CYP2C9
CYP2D6
CYP3A4",HUMAN,BTM00009,CC(C1=NN(C(=O)N1CCOC2=CC=CC=C2)CCCN3CCN(CC3)C4=CC(=CC=C4)Cl)O,"InChI=1S/C25H32ClN5O3/c1-20(32)24-27-31(25(33)30(24)17-18-34-23-9-3-2-4-10-23)12-6-11-28-13-15-29(16-14-28)22-8-5-7-21(26)19-22/h2-5,7-10,19-20,32H,6,11-18H2,1H3",VKGQYGXMUUBRBD-UHFFFAOYSA-N,4.743900000000001,485.219367564
"InChI=1S/C25H32ClN5O4/c26-20-6-4-7-21(18-20)29-14-12-28(13-15-29)10-5-11-31-25(34)30(24(27-31)23(33)19-32)16-17-35-22-8-2-1-3-9-22/h1-4,6-9,18,23,32-33H,5,10-17,19H2",YDXVOFLPYQHVIO-UHFFFAOYSA-N,C(C(C1=NN(C(=O)N1CCOC2=CC=CC=C2)CCCN3CCN(CC3)C4=CC(=CC=C4)Cl)O)O,,,C25H32ClN5O4,501.214282184,3.8557000000000023,1,0,0,BTM00124,BTM00124,Hydroxylation of terminal methyl,BTMR1061,"CYP1A2
CYP2A6
CYP2B6
CYP2C8
CYP2C9
CYP2C19
CYP2D6
CYP2E1
CYP3A4",HUMAN,BTM00009,CC(C1=NN(C(=O)N1CCOC2=CC=CC=C2)CCCN3CCN(CC3)C4=CC(=CC=C4)Cl)O,"InChI=1S/C25H32ClN5O3/c1-20(32)24-27-31(25(33)30(24)17-18-34-23-9-3-2-4-10-23)12-6-11-28-13-15-29(16-14-28)22-8-5-7-21(26)19-22/h2-5,7-10,19-20,32H,6,11-18H2,1H3",VKGQYGXMUUBRBD-UHFFFAOYSA-N,4.743900000000001,485.219367564
"InChI=1S/C25H30ClN5O3/c1-20(32)24-27-31(25(33)30(24)17-18-34-23-9-3-2-4-10-23)12-6-11-28-13-15-29(16-14-28)22-8-5-7-21(26)19-22/h2-5,7-10,19,32H,1,6,11-18H2",IIJDLGOLZYDEIW-UHFFFAOYSA-N,C=C(C1=NN(C(=O)N1CCOC2=CC=CC=C2)CCCN3CCN(CC3)C4=CC(=CC=C4)Cl)O,,,C25H30ClN5O3,483.2037175,4.9595,0,0,0,BTM00125,BTM00125,Terminal desaturation,BTMR1190,"CYP1A2
CYP2A6
CYP2C9
CYP2D6
CYP3A4",HUMAN,BTM00009,CC(C1=NN(C(=O)N1CCOC2=CC=CC=C2)CCCN3CCN(CC3)C4=CC(=CC=C4)Cl)O,"InChI=1S/C25H32ClN5O3/c1-20(32)24-27-31(25(33)30(24)17-18-34-23-9-3-2-4-10-23)12-6-11-28-13-15-29(16-14-28)22-8-5-7-21(26)19-22/h2-5,7-10,19-20,32H,6,11-18H2,1H3",VKGQYGXMUUBRBD-UHFFFAOYSA-N,4.743900000000001,485.219367564
"InChI=1S/C25H32ClN5O4/c1-19(32)24-27-31(25(34)30(24)17-18-35-20-7-3-2-4-8-20)12-6-11-28-13-15-29(16-14-28)22-10-5-9-21(26)23(22)33/h2-5,7-10,19,32-33H,6,11-18H2,1H3",FCHKFJXUYHHKBP-UHFFFAOYSA-N,CC(C1=NN(C(=O)N1CCOC2=CC=CC=C2)CCCN3CCN(CC3)C4=C(C(=CC=C4)Cl)O)O,,,C25H32ClN5O4,501.214282184,4.4765000000000015,1,0,0,BTM00126,BTM00126,Hydroxylation of aromatic carbon ortho to halide group,BTMR1040,"CYP1A2
CYP2A6
CYP2B6
CYP2C8
CYP2C9
CYP2C19
CYP2D6
CYP2E1
CYP3A4",HUMAN,BTM00009,CC(C1=NN(C(=O)N1CCOC2=CC=CC=C2)CCCN3CCN(CC3)C4=CC(=CC=C4)Cl)O,"InChI=1S/C25H32ClN5O3/c1-20(32)24-27-31(25(33)30(24)17-18-34-23-9-3-2-4-10-23)12-6-11-28-13-15-29(16-14-28)22-8-5-7-21(26)19-22/h2-5,7-10,19-20,32H,6,11-18H2,1H3",VKGQYGXMUUBRBD-UHFFFAOYSA-N,4.743900000000001,485.219367564
"InChI=1S/C25H32ClN5O4/c1-19(32)24-27-31(25(34)30(24)16-17-35-21-6-3-2-4-7-21)11-5-10-28-12-14-29(15-13-28)20-8-9-23(33)22(26)18-20/h2-4,6-9,18-19,32-33H,5,10-17H2,1H3",KOPIRXYOCHWNGS-UHFFFAOYSA-N,CC(C1=NN(C(=O)N1CCOC2=CC=CC=C2)CCCN3CCN(CC3)C4=CC(=C(C=C4)O)Cl)O,,,C25H32ClN5O4,501.214282184,4.4765000000000015,1,0,0,BTM00127,BTM00127,Hydroxylation of aromatic carbon ortho to halide group,BTMR1040,"CYP1A2
CYP2A6
CYP2B6
CYP2C8
CYP2C9
CYP2C19
CYP2D6
CYP2E1
CYP3A4",HUMAN,BTM00009,CC(C1=NN(C(=O)N1CCOC2=CC=CC=C2)CCCN3CCN(CC3)C4=CC(=CC=C4)Cl)O,"InChI=1S/C25H32ClN5O3/c1-20(32)24-27-31(25(33)30(24)17-18-34-23-9-3-2-4-10-23)12-6-11-28-13-15-29(16-14-28)22-8-5-7-21(26)19-22/h2-5,7-10,19-20,32H,6,11-18H2,1H3",VKGQYGXMUUBRBD-UHFFFAOYSA-N,4.743900000000001,485.219367564
"InChI=1S/C25H32ClN5O4/c1-19(32)24-27-31(25(34)30(24)14-15-35-23-6-3-2-4-7-23)9-5-8-28-10-12-29(13-11-28)21-16-20(26)17-22(33)18-21/h2-4,6-7,16-19,32-33H,5,8-15H2,1H3",OSZPWDCDYTWGGJ-UHFFFAOYSA-N,CC(C1=NN(C(=O)N1CCOC2=CC=CC=C2)CCCN3CCN(CC3)C4=CC(=CC(=C4)O)Cl)O,,,C25H32ClN5O4,501.214282184,4.4765000000000015,1,0,0,BTM00128,BTM00128,Hydroxylation of aromatic carbon meta to halide group,BTMR1039,"CYP2A6
CYP2B6
CYP2C9
CYP2C19
CYP2E1
CYP3A4",HUMAN,BTM00009,CC(C1=NN(C(=O)N1CCOC2=CC=CC=C2)CCCN3CCN(CC3)C4=CC(=CC=C4)Cl)O,"InChI=1S/C25H32ClN5O3/c1-20(32)24-27-31(25(33)30(24)17-18-34-23-9-3-2-4-10-23)12-6-11-28-13-15-29(16-14-28)22-8-5-7-21(26)19-22/h2-5,7-10,19-20,32H,6,11-18H2,1H3",VKGQYGXMUUBRBD-UHFFFAOYSA-N,4.743900000000001,485.219367564
"InChI=1S/C25H32ClN5O4/c1-19(32)24-27-31(25(34)30(24)16-17-35-22-8-3-2-4-9-22)11-10-23(33)29-14-12-28(13-15-29)21-7-5-6-20(26)18-21/h2-9,18-19,23,32-33H,10-17H2,1H3",JXLWNIZDLBZMGD-UHFFFAOYSA-N,CC(C1=NN(C(=O)N1CCOC2=CC=CC=C2)CCC(N3CCN(CC3)C4=CC(=CC=C4)Cl)O)O,,,C25H32ClN5O4,501.214282184,4.5973999999999995,1,0,0,BTM00129,BTM00129,Aliphatic hydroxylation of carbon alpha to secondary or tertiary alkyl-N,BTMR1081,"CYP2B6
CYP2C19
CYP2D6",HUMAN,BTM00009,CC(C1=NN(C(=O)N1CCOC2=CC=CC=C2)CCCN3CCN(CC3)C4=CC(=CC=C4)Cl)O,"InChI=1S/C25H32ClN5O3/c1-20(32)24-27-31(25(33)30(24)17-18-34-23-9-3-2-4-10-23)12-6-11-28-13-15-29(16-14-28)22-8-5-7-21(26)19-22/h2-5,7-10,19-20,32H,6,11-18H2,1H3",VKGQYGXMUUBRBD-UHFFFAOYSA-N,4.743900000000001,485.219367564
"InChI=1S/C25H32ClN5O4/c1-19(32)24-27-31(25(34)30(24)15-16-35-22-9-3-2-4-10-22)12-6-11-28-13-14-29(18-23(28)33)21-8-5-7-20(26)17-21/h2-5,7-10,17,19,23,32-33H,6,11-16,18H2,1H3",NVQXKNKJJSAVRA-UHFFFAOYSA-N,CC(C1=NN(C(=O)N1CCOC2=CC=CC=C2)CCCN3C(CN(CC3)C4=CC(=CC=C4)Cl)O)O,,,C25H32ClN5O4,501.214282184,4.4041999999999994,1,0,0,BTM00122,BTM00122,Aliphatic hydroxylation of carbon alpha to secondary or tertiary alkyl-N,BTMR1081,"CYP2B6
CYP2C19
CYP2D6",HUMAN,BTM00009,CC(C1=NN(C(=O)N1CCOC2=CC=CC=C2)CCCN3CCN(CC3)C4=CC(=CC=C4)Cl)O,"InChI=1S/C25H32ClN5O3/c1-20(32)24-27-31(25(33)30(24)17-18-34-23-9-3-2-4-10-23)12-6-11-28-13-15-29(16-14-28)22-8-5-7-21(26)19-22/h2-5,7-10,19-20,32H,6,11-18H2,1H3",VKGQYGXMUUBRBD-UHFFFAOYSA-N,4.743900000000001,485.219367564
"InChI=1S/C25H32ClN5O4/c1-19(32)24-27-31(25(34)30(24)15-16-35-22-9-3-2-4-10-22)12-6-11-28-13-14-29(23(33)18-28)21-8-5-7-20(26)17-21/h2-5,7-10,17,19,23,32-33H,6,11-16,18H2,1H3",GJPLNURAWMOIML-UHFFFAOYSA-N,CC(C1=NN(C(=O)N1CCOC2=CC=CC=C2)CCCN3CC(N(CC3)C4=CC(=CC=C4)Cl)O)O,,,C25H32ClN5O4,501.214282184,4.4041999999999994,1,0,0,BTM00123,BTM00123,Aliphatic hydroxylation of carbon alpha to secondary or tertiary alkyl-N,BTMR1081,"CYP2B6
CYP2C19
CYP2D6",HUMAN,BTM00009,CC(C1=NN(C(=O)N1CCOC2=CC=CC=C2)CCCN3CCN(CC3)C4=CC(=CC=C4)Cl)O,"InChI=1S/C25H32ClN5O3/c1-20(32)24-27-31(25(33)30(24)17-18-34-23-9-3-2-4-10-23)12-6-11-28-13-15-29(16-14-28)22-8-5-7-21(26)19-22/h2-5,7-10,19-20,32H,6,11-18H2,1H3",VKGQYGXMUUBRBD-UHFFFAOYSA-N,4.743900000000001,485.219367564
"InChI=1S/C25H32ClN5O4/c1-2-23-28-31(25(34)30(23)16-17-35-22-10-4-3-5-11-22)14-7-13-29(24(33)19-32)15-12-27-21-9-6-8-20(26)18-21/h3-6,8-11,18-19,24,27,33H,2,7,12-17H2,1H3",IMGORKHEMZNAME-UHFFFAOYSA-N,CCC1=NN(C(=O)N1CCOC2=CC=CC=C2)CCCN(C(C=O)O)CCNC3=CC(=CC=C3)Cl,,,C25H32ClN5O4,501.214282184,4.724600000000001,1,1,1,BTM00065,BTM00065,N-Dealkylation of mixed tertiary amine,BTMR1145,"CYP1A2
CYP2A6
CYP2B6
CYP2C8
CYP2C9
CYP2C19
CYP2D6
CYP3A4",HUMAN,BTM00010,CCC1=NN(C(=O)N1CCOC2=CC=CC=C2)CCCN3C(CN(CC3)C4=CC(=CC=C4)Cl)O,"InChI=1S/C25H32ClN5O3/c1-2-23-27-31(25(33)30(23)16-17-34-22-10-4-3-5-11-22)13-7-12-28-14-15-29(19-24(28)32)21-9-6-8-20(26)18-21/h3-6,8-11,18,24,32H,2,7,12-17,19H2,1H3",ZJJZAKVASOBWGL-UHFFFAOYSA-N,5.179800000000001,485.21936756400004
"InChI=1S/C25H32ClN5O4/c1-2-23-28-31(25(34)30(23)15-17-35-22-10-4-3-5-11-22)13-7-12-29(14-16-32)24(33)19-27-21-9-6-8-20(26)18-21/h3-6,8-11,16,18,24,27,33H,2,7,12-15,17,19H2,1H3",ONQYYFHTFNLANC-UHFFFAOYSA-N,CCC1=NN(C(=O)N1CCOC2=CC=CC=C2)CCCN(CC=O)C(CNC3=CC(=CC=C3)Cl)O,,,C25H32ClN5O4,501.214282184,4.724600000000001,1,1,1,BTM00064,BTM00064,N-Dealkylation of mixed tertiary amine,BTMR1145,"CYP1A2
CYP2A6
CYP2B6
CYP2C8
CYP2C9
CYP2C19
CYP2D6
CYP3A4",HUMAN,BTM00010,CCC1=NN(C(=O)N1CCOC2=CC=CC=C2)CCCN3C(CN(CC3)C4=CC(=CC=C4)Cl)O,"InChI=1S/C25H32ClN5O3/c1-2-23-27-31(25(33)30(23)16-17-34-22-10-4-3-5-11-22)13-7-12-28-14-15-29(19-24(28)32)21-9-6-8-20(26)18-21/h3-6,8-11,18,24,32H,2,7,12-17,19H2,1H3",ZJJZAKVASOBWGL-UHFFFAOYSA-N,5.179800000000001,485.21936756400004
"InChI=1S/C19H26ClN5O3/c1-2-17-21-25(19(28)24(17)11-12-26)8-4-7-22-9-10-23(14-18(22)27)16-6-3-5-15(20)13-16/h3,5-6,12-13,18,27H,2,4,7-11,14H2,1H3",MFQOWYBALVEAMB-UHFFFAOYSA-N,CCC1=NN(C(=O)N1CC=O)CCCN2C(CN(CC2)C3=CC(=CC=C3)Cl)O,,,C19H26ClN5O3,407.172417372,3.2645,0,0,0,BTM00071,BTM00071,O-Dealkylation,BTMR0052,"CYP1A2
CYP2A6
CYP2C9
CYP2C19
CYP2D6
CYP2E1
CYP3A4",HUMAN,BTM00010,CCC1=NN(C(=O)N1CCOC2=CC=CC=C2)CCCN3C(CN(CC3)C4=CC(=CC=C4)Cl)O,"InChI=1S/C25H32ClN5O3/c1-2-23-27-31(25(33)30(23)16-17-34-22-10-4-3-5-11-22)13-7-12-28-14-15-29(19-24(28)32)21-9-6-8-20(26)18-21/h3-6,8-11,18,24,32H,2,7,12-17,19H2,1H3",ZJJZAKVASOBWGL-UHFFFAOYSA-N,5.179800000000001,485.21936756400004
"InChI=1S/C6H6O/c7-6-4-2-1-3-5-6/h1-5,7H",ISWSIDIOOBJBQZ-UHFFFAOYSA-N,OC1=CC=CC=C1,,,C6H6O,94.041864812,1.5626000000000002,0,0,0,BTM00003,BTM00003,O-Dealkylation,BTMR0052,"CYP1A2
CYP2A6
CYP2C9
CYP2C19
CYP2D6
CYP2E1
CYP3A4",HUMAN,BTM00010,CCC1=NN(C(=O)N1CCOC2=CC=CC=C2)CCCN3C(CN(CC3)C4=CC(=CC=C4)Cl)O,"InChI=1S/C25H32ClN5O3/c1-2-23-27-31(25(33)30(23)16-17-34-22-10-4-3-5-11-22)13-7-12-28-14-15-29(19-24(28)32)21-9-6-8-20(26)18-21/h3-6,8-11,18,24,32H,2,7,12-17,19H2,1H3",ZJJZAKVASOBWGL-UHFFFAOYSA-N,5.179800000000001,485.21936756400004
"InChI=1S/C25H32ClN5O4/c1-2-23-27-30(25(33)29(23)15-17-35-22-10-4-3-5-11-22)13-7-12-28-14-16-31(34,19-24(28)32)21-9-6-8-20(26)18-21/h3-6,8-11,18,24,32H,2,7,12-17,19H2,1H3",HFXVWLDVHHQVFW-UHFFFAOYSA-N,CCC1=NN(C(=O)N1CCOC2=CC=CC=C2)CCCN3C(C[N+](CC3)(C4=CC(=CC=C4)Cl)[O-])O,,,C25H32ClN5O4,501.214282184,4.679200000000001,1,0,0,BTM00085,BTM00085,N-Oxidation of alicyclic tertiary amine,BTMR1099,"CYP1A2
CYP2C8
CYP2C19
CYP2D6
CYP3A4",HUMAN,BTM00010,CCC1=NN(C(=O)N1CCOC2=CC=CC=C2)CCCN3C(CN(CC3)C4=CC(=CC=C4)Cl)O,"InChI=1S/C25H32ClN5O3/c1-2-23-27-31(25(33)30(23)16-17-34-22-10-4-3-5-11-22)13-7-12-28-14-15-29(19-24(28)32)21-9-6-8-20(26)18-21/h3-6,8-11,18,24,32H,2,7,12-17,19H2,1H3",ZJJZAKVASOBWGL-UHFFFAOYSA-N,5.179800000000001,485.21936756400004
"InChI=1S/C15H19N3O3/c1-2-14-16-18(9-6-11-19)15(20)17(14)10-12-21-13-7-4-3-5-8-13/h3-5,7-8,11H,2,6,9-10,12H2,1H3",DTNMGOVUYBUCIW-UHFFFAOYSA-N,CCC1=NN(C(=O)N1CCOC2=CC=CC=C2)CCC=O,,,C15H19N3O3,289.14264146799997,2.776300000000001,0,0,0,BTM00006,BTM00006,N-Dealkylation of alicyclic tertiary amine,BTMR1144,"CYP1A2
CYP2A6
CYP2B6
CYP2C8
CYP2C9
CYP2C19
CYP2D6
CYP3A4",HUMAN,BTM00010,CCC1=NN(C(=O)N1CCOC2=CC=CC=C2)CCCN3C(CN(CC3)C4=CC(=CC=C4)Cl)O,"InChI=1S/C25H32ClN5O3/c1-2-23-27-31(25(33)30(23)16-17-34-22-10-4-3-5-11-22)13-7-12-28-14-15-29(19-24(28)32)21-9-6-8-20(26)18-21/h3-6,8-11,18,24,32H,2,7,12-17,19H2,1H3",ZJJZAKVASOBWGL-UHFFFAOYSA-N,5.179800000000001,485.21936756400004
"InChI=1S/C10H13ClN2O/c11-8-2-1-3-9(6-8)13-5-4-12-10(14)7-13/h1-3,6,10,12,14H,4-5,7H2",XEZJNCJDHXMUNO-UHFFFAOYSA-N,N1C(CN(CC1)C2=CC(=CC=C2)Cl)O,,,C10H13ClN2O,212.071640716,1.738300000000001,0,0,0,BTM00107,BTM00107,N-Dealkylation of alicyclic tertiary amine,BTMR1144,"CYP1A2
CYP2A6
CYP2B6
CYP2C8
CYP2C9
CYP2C19
CYP2D6
CYP3A4",HUMAN,BTM00010,CCC1=NN(C(=O)N1CCOC2=CC=CC=C2)CCCN3C(CN(CC3)C4=CC(=CC=C4)Cl)O,"InChI=1S/C25H32ClN5O3/c1-2-23-27-31(25(33)30(23)16-17-34-22-10-4-3-5-11-22)13-7-12-28-14-15-29(19-24(28)32)21-9-6-8-20(26)18-21/h3-6,8-11,18,24,32H,2,7,12-17,19H2,1H3",ZJJZAKVASOBWGL-UHFFFAOYSA-N,5.179800000000001,485.21936756400004
"InChI=1S/C25H32ClN5O4/c1-2-23-27-30(25(33)29(23)14-17-35-22-10-4-3-5-11-22)12-7-15-31(34)16-13-28(19-24(31)32)21-9-6-8-20(26)18-21/h3-6,8-11,18,24,32H,2,7,12-17,19H2,1H3",PDENVXIODMTRNG-UHFFFAOYSA-N,CCC1=NN(C(=O)N1CCOC2=CC=CC=C2)CCC[N+]3(C(CN(CC3)C4=CC(=CC=C4)Cl)O)[O-],,,C25H32ClN5O4,501.214282184,4.7747,1,0,0,BTM00095,BTM00095,N-Oxidation of aliphatic tertiary amine,BTMR1100,"CYP1A2
CYP2D6
CYP3A4",HUMAN,BTM00010,CCC1=NN(C(=O)N1CCOC2=CC=CC=C2)CCCN3C(CN(CC3)C4=CC(=CC=C4)Cl)O,"InChI=1S/C25H32ClN5O3/c1-2-23-27-31(25(33)30(23)16-17-34-22-10-4-3-5-11-22)13-7-12-28-14-15-29(19-24(28)32)21-9-6-8-20(26)18-21/h3-6,8-11,18,24,32H,2,7,12-17,19H2,1H3",ZJJZAKVASOBWGL-UHFFFAOYSA-N,5.179800000000001,485.21936756400004
"InChI=1S/C25H32ClN5O4/c1-2-23-27-31(25(34)30(23)15-16-35-20-7-4-3-5-8-20)12-6-11-28-13-14-29(18-24(28)33)21-17-19(26)9-10-22(21)32/h3-5,7-10,17,24,32-33H,2,6,11-16,18H2,1H3",VEQLCRRKSQHESS-UHFFFAOYSA-N,CCC1=NN(C(=O)N1CCOC2=CC=CC=C2)CCCN3C(CN(CC3)C4=CC(=CC=C4O)Cl)O,,,C25H32ClN5O4,501.214282184,4.9124000000000025,1,0,0,BTM00113,BTM00113,Hydroxylation of aromatic carbon para to halide group,BTMR1041,"CYP1A2
CYP2E1
CYP3A4",HUMAN,BTM00010,CCC1=NN(C(=O)N1CCOC2=CC=CC=C2)CCCN3C(CN(CC3)C4=CC(=CC=C4)Cl)O,"InChI=1S/C25H32ClN5O3/c1-2-23-27-31(25(33)30(23)16-17-34-22-10-4-3-5-11-22)13-7-12-28-14-15-29(19-24(28)32)21-9-6-8-20(26)18-21/h3-6,8-11,18,24,32H,2,7,12-17,19H2,1H3",ZJJZAKVASOBWGL-UHFFFAOYSA-N,5.179800000000001,485.21936756400004
"InChI=1S/C25H32ClN5O4/c1-19(32)24-27-31(25(34)30(24)15-16-35-22-9-3-2-4-10-22)12-6-11-28-13-14-29(18-23(28)33)21-8-5-7-20(26)17-21/h2-5,7-10,17,19,23,32-33H,6,11-16,18H2,1H3",NVQXKNKJJSAVRA-UHFFFAOYSA-N,CC(C1=NN(C(=O)N1CCOC2=CC=CC=C2)CCCN3C(CN(CC3)C4=CC(=CC=C4)Cl)O)O,,,C25H32ClN5O4,501.214282184,4.4041999999999994,1,0,0,BTM00122,BTM00122,Hydroxylation of penultimate aliphatic secondary carbon,BTMR1074,"CYP1A2
CYP2A6
CYP2B6
CYP2C8
CYP2C9
CYP2C19
CYP2D6
CYP2E1
CYP3A4",HUMAN,BTM00010,CCC1=NN(C(=O)N1CCOC2=CC=CC=C2)CCCN3C(CN(CC3)C4=CC(=CC=C4)Cl)O,"InChI=1S/C25H32ClN5O3/c1-2-23-27-31(25(33)30(23)16-17-34-22-10-4-3-5-11-22)13-7-12-28-14-15-29(19-24(28)32)21-9-6-8-20(26)18-21/h3-6,8-11,18,24,32H,2,7,12-17,19H2,1H3",ZJJZAKVASOBWGL-UHFFFAOYSA-N,5.179800000000001,485.21936756400004
"InChI=1S/C25H32ClN5O4/c1-2-22-27-31(25(34)30(22)16-17-35-21-10-4-3-5-11-21)13-7-12-28-14-15-29(24(33)23(28)32)20-9-6-8-19(26)18-20/h3-6,8-11,18,23-24,32-33H,2,7,12-17H2,1H3",HLKLORICVIJAOU-UHFFFAOYSA-N,CCC1=NN(C(=O)N1CCOC2=CC=CC=C2)CCCN3C(C(N(CC3)C4=CC(=CC=C4)Cl)O)O,,,C25H32ClN5O4,501.214282184,4.8401,1,0,0,BTM00130,BTM00130,Hydroxylation of heteroalicyclic secondary carbon,BTMR1070,"CYP1A2
CYP2A6
CYP2C9
CYP2D6
CYP3A4",HUMAN,BTM00010,CCC1=NN(C(=O)N1CCOC2=CC=CC=C2)CCCN3C(CN(CC3)C4=CC(=CC=C4)Cl)O,"InChI=1S/C25H32ClN5O3/c1-2-23-27-31(25(33)30(23)16-17-34-22-10-4-3-5-11-22)13-7-12-28-14-15-29(19-24(28)32)21-9-6-8-20(26)18-21/h3-6,8-11,18,24,32H,2,7,12-17,19H2,1H3",ZJJZAKVASOBWGL-UHFFFAOYSA-N,5.179800000000001,485.21936756400004
"InChI=1S/C25H32ClN5O4/c1-2-22-27-31(25(34)29(22)14-15-35-21-10-4-3-5-11-21)13-7-12-28-17-24(33)30(18-23(28)32)20-9-6-8-19(26)16-20/h3-6,8-11,16,23-24,32-33H,2,7,12-15,17-18H2,1H3",PFCNFZVKZHCORB-UHFFFAOYSA-N,CCC1=NN(C(=O)N1CCOC2=CC=CC=C2)CCCN3C(CN(C(C3)O)C4=CC(=CC=C4)Cl)O,,,C25H32ClN5O4,501.214282184,4.8401,1,0,0,BTM00131,BTM00131,Hydroxylation of heteroalicyclic secondary carbon,BTMR1070,"CYP1A2
CYP2A6
CYP2C9
CYP2D6
CYP3A4",HUMAN,BTM00010,CCC1=NN(C(=O)N1CCOC2=CC=CC=C2)CCCN3C(CN(CC3)C4=CC(=CC=C4)Cl)O,"InChI=1S/C25H32ClN5O3/c1-2-23-27-31(25(33)30(23)16-17-34-22-10-4-3-5-11-22)13-7-12-28-14-15-29(19-24(28)32)21-9-6-8-20(26)18-21/h3-6,8-11,18,24,32H,2,7,12-17,19H2,1H3",ZJJZAKVASOBWGL-UHFFFAOYSA-N,5.179800000000001,485.21936756400004
"InChI=1S/C25H32ClN5O4/c1-2-22-27-31(25(34)29(22)14-15-35-21-10-4-3-5-11-21)13-7-12-30-23(32)17-28(18-24(30)33)20-9-6-8-19(26)16-20/h3-6,8-11,16,23-24,32-33H,2,7,12-15,17-18H2,1H3",UKBMZMRYOSWJKG-UHFFFAOYSA-N,CCC1=NN(C(=O)N1CCOC2=CC=CC=C2)CCCN3C(CN(CC3O)C4=CC(=CC=C4)Cl)O,,,C25H32ClN5O4,501.214282184,4.8401,1,0,0,BTM00132,BTM00132,Hydroxylation of heteroalicyclic secondary carbon,BTMR1070,"CYP1A2
CYP2A6
CYP2C9
CYP2D6
CYP3A4",HUMAN,BTM00010,CCC1=NN(C(=O)N1CCOC2=CC=CC=C2)CCCN3C(CN(CC3)C4=CC(=CC=C4)Cl)O,"InChI=1S/C25H32ClN5O3/c1-2-23-27-31(25(33)30(23)16-17-34-22-10-4-3-5-11-22)13-7-12-28-14-15-29(19-24(28)32)21-9-6-8-20(26)18-21/h3-6,8-11,18,24,32H,2,7,12-17,19H2,1H3",ZJJZAKVASOBWGL-UHFFFAOYSA-N,5.179800000000001,485.21936756400004
"InChI=1S/C25H32ClN5O4/c26-20-6-4-7-21(18-20)29-14-13-28(24(33)19-29)11-5-12-31-25(34)30(23(27-31)10-16-32)15-17-35-22-8-2-1-3-9-22/h1-4,6-9,18,24,32-33H,5,10-17,19H2",CKPARWWMTCYTIZ-UHFFFAOYSA-N,C(CC1=NN(C(=O)N1CCOC2=CC=CC=C2)CCCN3C(CN(CC3)C4=CC(=CC=C4)Cl)O)O,,,C25H32ClN5O4,501.214282184,4.282300000000002,1,0,0,BTM00133,BTM00133,Hydroxylation of terminal methyl,BTMR1061,"CYP1A2
CYP2A6
CYP2B6
CYP2C8
CYP2C9
CYP2C19
CYP2D6
CYP2E1
CYP3A4",HUMAN,BTM00010,CCC1=NN(C(=O)N1CCOC2=CC=CC=C2)CCCN3C(CN(CC3)C4=CC(=CC=C4)Cl)O,"InChI=1S/C25H32ClN5O3/c1-2-23-27-31(25(33)30(23)16-17-34-22-10-4-3-5-11-22)13-7-12-28-14-15-29(19-24(28)32)21-9-6-8-20(26)18-21/h3-6,8-11,18,24,32H,2,7,12-17,19H2,1H3",ZJJZAKVASOBWGL-UHFFFAOYSA-N,5.179800000000001,485.21936756400004
"InChI=1S/C25H30ClN5O3/c1-2-23-27-31(25(33)30(23)16-17-34-22-10-4-3-5-11-22)13-7-12-28-14-15-29(19-24(28)32)21-9-6-8-20(26)18-21/h2-6,8-11,18,24,32H,1,7,12-17,19H2",OIVJRBBESMJMPV-UHFFFAOYSA-N,C=CC1=NN(C(=O)N1CCOC2=CC=CC=C2)CCCN3C(CN(CC3)C4=CC(=CC=C4)Cl)O,,,C25H30ClN5O3,483.2037175,5.182900000000001,0,0,0,BTM00134,BTM00134,Terminal desaturation,BTMR1190,"CYP1A2
CYP2A6
CYP2C9
CYP2D6
CYP3A4",HUMAN,BTM00010,CCC1=NN(C(=O)N1CCOC2=CC=CC=C2)CCCN3C(CN(CC3)C4=CC(=CC=C4)Cl)O,"InChI=1S/C25H32ClN5O3/c1-2-23-27-31(25(33)30(23)16-17-34-22-10-4-3-5-11-22)13-7-12-28-14-15-29(19-24(28)32)21-9-6-8-20(26)18-21/h3-6,8-11,18,24,32H,2,7,12-17,19H2,1H3",ZJJZAKVASOBWGL-UHFFFAOYSA-N,5.179800000000001,485.21936756400004
"InChI=1S/C25H32ClN5O4/c1-2-22-27-31(25(34)30(22)16-17-35-19-8-4-3-5-9-19)13-7-12-28-14-15-29(18-23(28)32)21-11-6-10-20(26)24(21)33/h3-6,8-11,23,32-33H,2,7,12-18H2,1H3",VYPUTFLQMKUVER-UHFFFAOYSA-N,CCC1=NN(C(=O)N1CCOC2=CC=CC=C2)CCCN3C(CN(CC3)C4=C(C(=CC=C4)Cl)O)O,,,C25H32ClN5O4,501.214282184,4.9124000000000025,1,0,0,BTM00135,BTM00135,Hydroxylation of aromatic carbon ortho to halide group,BTMR1040,"CYP1A2
CYP2A6
CYP2B6
CYP2C8
CYP2C9
CYP2C19
CYP2D6
CYP2E1
CYP3A4",HUMAN,BTM00010,CCC1=NN(C(=O)N1CCOC2=CC=CC=C2)CCCN3C(CN(CC3)C4=CC(=CC=C4)Cl)O,"InChI=1S/C25H32ClN5O3/c1-2-23-27-31(25(33)30(23)16-17-34-22-10-4-3-5-11-22)13-7-12-28-14-15-29(19-24(28)32)21-9-6-8-20(26)18-21/h3-6,8-11,18,24,32H,2,7,12-17,19H2,1H3",ZJJZAKVASOBWGL-UHFFFAOYSA-N,5.179800000000001,485.21936756400004
"InChI=1S/C25H32ClN5O4/c1-2-23-27-31(25(34)30(23)15-16-35-20-7-4-3-5-8-20)12-6-11-28-13-14-29(18-24(28)33)19-9-10-22(32)21(26)17-19/h3-5,7-10,17,24,32-33H,2,6,11-16,18H2,1H3",YPHYEJYPDKBLQF-UHFFFAOYSA-N,CCC1=NN(C(=O)N1CCOC2=CC=CC=C2)CCCN3C(CN(CC3)C4=CC(=C(C=C4)O)Cl)O,,,C25H32ClN5O4,501.214282184,4.9124000000000025,1,0,0,BTM00136,BTM00136,Hydroxylation of aromatic carbon ortho to halide group,BTMR1040,"CYP1A2
CYP2A6
CYP2B6
CYP2C8
CYP2C9
CYP2C19
CYP2D6
CYP2E1
CYP3A4",HUMAN,BTM00010,CCC1=NN(C(=O)N1CCOC2=CC=CC=C2)CCCN3C(CN(CC3)C4=CC(=CC=C4)Cl)O,"InChI=1S/C25H32ClN5O3/c1-2-23-27-31(25(33)30(23)16-17-34-22-10-4-3-5-11-22)13-7-12-28-14-15-29(19-24(28)32)21-9-6-8-20(26)18-21/h3-6,8-11,18,24,32H,2,7,12-17,19H2,1H3",ZJJZAKVASOBWGL-UHFFFAOYSA-N,5.179800000000001,485.21936756400004
"InChI=1S/C25H32ClN5O4/c1-2-23-27-31(25(34)30(23)13-14-35-22-7-4-3-5-8-22)10-6-9-28-11-12-29(18-24(28)33)20-15-19(26)16-21(32)17-20/h3-5,7-8,15-17,24,32-33H,2,6,9-14,18H2,1H3",MGNHEFGNUFJECZ-UHFFFAOYSA-N,CCC1=NN(C(=O)N1CCOC2=CC=CC=C2)CCCN3C(CN(CC3)C4=CC(=CC(=C4)O)Cl)O,,,C25H32ClN5O4,501.214282184,4.9124000000000025,1,0,0,BTM00137,BTM00137,Hydroxylation of aromatic carbon meta to halide group,BTMR1039,"CYP2A6
CYP2B6
CYP2C9
CYP2C19
CYP2E1
CYP3A4",HUMAN,BTM00010,CCC1=NN(C(=O)N1CCOC2=CC=CC=C2)CCCN3C(CN(CC3)C4=CC(=CC=C4)Cl)O,"InChI=1S/C25H32ClN5O3/c1-2-23-27-31(25(33)30(23)16-17-34-22-10-4-3-5-11-22)13-7-12-28-14-15-29(19-24(28)32)21-9-6-8-20(26)18-21/h3-6,8-11,18,24,32H,2,7,12-17,19H2,1H3",ZJJZAKVASOBWGL-UHFFFAOYSA-N,5.179800000000001,485.21936756400004
"InChI=1S/C25H32ClN5O4/c1-2-23-28-31(25(34)30(23)16-17-35-22-10-4-3-5-11-22)14-7-13-29(19-24(32)33)15-12-27-21-9-6-8-20(26)18-21/h3-6,8-11,18,27H,2,7,12-17,19H2,1H3,(H,32,33)",CLLTVABHYBQADJ-UHFFFAOYSA-N,CCC1=NN(C(=O)N1CCOC2=CC=CC=C2)CCCN(CC(=O)O)CCNC3=CC(=CC=C3)Cl,,,C25H32ClN5O4,501.214282184,5.016900000000004,1,1,1,BTM00019,BTM00019,N-Dealkylation of mixed tertiary amine,BTMR1145,"CYP1A2
CYP2A6
CYP2B6
CYP2C8
CYP2C9
CYP2C19
CYP2D6
CYP3A4",HUMAN,BTM00011,CCC1=NN(C(=O)N1CCOC2=CC=CC=C2)CCCN3CC(N(CC3)C4=CC(=CC=C4)Cl)O,"InChI=1S/C25H32ClN5O3/c1-2-23-27-31(25(33)30(23)16-17-34-22-10-4-3-5-11-22)13-7-12-28-14-15-29(24(32)19-28)21-9-6-8-20(26)18-21/h3-6,8-11,18,24,32H,2,7,12-17,19H2,1H3",RYSLKACEGJWEDS-UHFFFAOYSA-N,5.179800000000001,485.219367564
"InChI=1S/C25H32ClN5O4/c1-2-23-28-31(25(34)30(23)15-17-35-22-10-4-3-5-11-22)13-7-12-29(14-16-32)19-24(33)27-21-9-6-8-20(26)18-21/h3-6,8-11,16,18,24,27,33H,2,7,12-15,17,19H2,1H3",RMLLHIWHUUSMAV-UHFFFAOYSA-N,CCC1=NN(C(=O)N1CCOC2=CC=CC=C2)CCCN(CC(NC3=CC(=CC=C3)Cl)O)CC=O,,,C25H32ClN5O4,501.214282184,4.724600000000001,1,1,1,BTM00138,BTM00138,N-Dealkylation of mixed tertiary amine,BTMR1145,"CYP1A2
CYP2A6
CYP2B6
CYP2C8
CYP2C9
CYP2C19
CYP2D6
CYP3A4",HUMAN,BTM00011,CCC1=NN(C(=O)N1CCOC2=CC=CC=C2)CCCN3CC(N(CC3)C4=CC(=CC=C4)Cl)O,"InChI=1S/C25H32ClN5O3/c1-2-23-27-31(25(33)30(23)16-17-34-22-10-4-3-5-11-22)13-7-12-28-14-15-29(24(32)19-28)21-9-6-8-20(26)18-21/h3-6,8-11,18,24,32H,2,7,12-17,19H2,1H3",RYSLKACEGJWEDS-UHFFFAOYSA-N,5.179800000000001,485.219367564
"InChI=1S/C19H26ClN5O3/c1-2-17-21-25(19(28)24(17)11-12-26)8-4-7-22-9-10-23(18(27)14-22)16-6-3-5-15(20)13-16/h3,5-6,12-13,18,27H,2,4,7-11,14H2,1H3",QJKOSRIMRBRSRB-UHFFFAOYSA-N,CCC1=NN(C(=O)N1CC=O)CCCN2CC(N(CC2)C3=CC(=CC=C3)Cl)O,,,C19H26ClN5O3,407.172417372,3.2645,0,0,0,BTM00072,BTM00072,O-Dealkylation,BTMR0052,"CYP1A2
CYP2A6
CYP2C9
CYP2C19
CYP2D6
CYP2E1
CYP3A4",HUMAN,BTM00011,CCC1=NN(C(=O)N1CCOC2=CC=CC=C2)CCCN3CC(N(CC3)C4=CC(=CC=C4)Cl)O,"InChI=1S/C25H32ClN5O3/c1-2-23-27-31(25(33)30(23)16-17-34-22-10-4-3-5-11-22)13-7-12-28-14-15-29(24(32)19-28)21-9-6-8-20(26)18-21/h3-6,8-11,18,24,32H,2,7,12-17,19H2,1H3",RYSLKACEGJWEDS-UHFFFAOYSA-N,5.179800000000001,485.219367564
"InChI=1S/C6H6O/c7-6-4-2-1-3-5-6/h1-5,7H",ISWSIDIOOBJBQZ-UHFFFAOYSA-N,OC1=CC=CC=C1,,,C6H6O,94.041864812,1.5626000000000002,0,0,0,BTM00003,BTM00003,O-Dealkylation,BTMR0052,"CYP1A2
CYP2A6
CYP2C9
CYP2C19
CYP2D6
CYP2E1
CYP3A4",HUMAN,BTM00011,CCC1=NN(C(=O)N1CCOC2=CC=CC=C2)CCCN3CC(N(CC3)C4=CC(=CC=C4)Cl)O,"InChI=1S/C25H32ClN5O3/c1-2-23-27-31(25(33)30(23)16-17-34-22-10-4-3-5-11-22)13-7-12-28-14-15-29(24(32)19-28)21-9-6-8-20(26)18-21/h3-6,8-11,18,24,32H,2,7,12-17,19H2,1H3",RYSLKACEGJWEDS-UHFFFAOYSA-N,5.179800000000001,485.219367564
"InChI=1S/C25H32ClN5O4/c1-2-23-27-30(25(33)29(23)14-17-35-22-10-4-3-5-11-22)12-7-15-31(34)16-13-28(24(32)19-31)21-9-6-8-20(26)18-21/h3-6,8-11,18,24,32H,2,7,12-17,19H2,1H3",JSYSWUJOLSURHI-UHFFFAOYSA-N,CCC1=NN(C(=O)N1CCOC2=CC=CC=C2)CCC[N+]3(CC(N(CC3)C4=CC(=CC=C4)Cl)O)[O-],,,C25H32ClN5O4,501.214282184,4.7747,1,0,0,BTM00096,BTM00096,N-Oxidation of alicyclic tertiary amine,BTMR1099,"CYP1A2
CYP2C8
CYP2C19
CYP2D6
CYP3A4",HUMAN,BTM00011,CCC1=NN(C(=O)N1CCOC2=CC=CC=C2)CCCN3CC(N(CC3)C4=CC(=CC=C4)Cl)O,"InChI=1S/C25H32ClN5O3/c1-2-23-27-31(25(33)30(23)16-17-34-22-10-4-3-5-11-22)13-7-12-28-14-15-29(24(32)19-28)21-9-6-8-20(26)18-21/h3-6,8-11,18,24,32H,2,7,12-17,19H2,1H3",RYSLKACEGJWEDS-UHFFFAOYSA-N,5.179800000000001,485.219367564
"InChI=1S/C15H19N3O3/c1-2-14-16-18(9-6-11-19)15(20)17(14)10-12-21-13-7-4-3-5-8-13/h3-5,7-8,11H,2,6,9-10,12H2,1H3",DTNMGOVUYBUCIW-UHFFFAOYSA-N,CCC1=NN(C(=O)N1CCOC2=CC=CC=C2)CCC=O,,,C15H19N3O3,289.14264146799997,2.776300000000001,0,0,0,BTM00006,BTM00006,N-Dealkylation of alicyclic tertiary amine,BTMR1144,"CYP1A2
CYP2A6
CYP2B6
CYP2C8
CYP2C9
CYP2C19
CYP2D6
CYP3A4",HUMAN,BTM00011,CCC1=NN(C(=O)N1CCOC2=CC=CC=C2)CCCN3CC(N(CC3)C4=CC(=CC=C4)Cl)O,"InChI=1S/C25H32ClN5O3/c1-2-23-27-31(25(33)30(23)16-17-34-22-10-4-3-5-11-22)13-7-12-28-14-15-29(24(32)19-28)21-9-6-8-20(26)18-21/h3-6,8-11,18,24,32H,2,7,12-17,19H2,1H3",RYSLKACEGJWEDS-UHFFFAOYSA-N,5.179800000000001,485.219367564
"InChI=1S/C10H13ClN2O/c11-8-2-1-3-9(6-8)13-5-4-12-7-10(13)14/h1-3,6,10,12,14H,4-5,7H2",PVXJRPCVZRRMOH-UHFFFAOYSA-N,N1CC(N(CC1)C2=CC(=CC=C2)Cl)O,,,C10H13ClN2O,212.071640716,1.738300000000001,0,0,0,BTM00108,BTM00108,N-Dealkylation of alicyclic tertiary amine,BTMR1144,"CYP1A2
CYP2A6
CYP2B6
CYP2C8
CYP2C9
CYP2C19
CYP2D6
CYP3A4",HUMAN,BTM00011,CCC1=NN(C(=O)N1CCOC2=CC=CC=C2)CCCN3CC(N(CC3)C4=CC(=CC=C4)Cl)O,"InChI=1S/C25H32ClN5O3/c1-2-23-27-31(25(33)30(23)16-17-34-22-10-4-3-5-11-22)13-7-12-28-14-15-29(24(32)19-28)21-9-6-8-20(26)18-21/h3-6,8-11,18,24,32H,2,7,12-17,19H2,1H3",RYSLKACEGJWEDS-UHFFFAOYSA-N,5.179800000000001,485.219367564
"InChI=1S/C25H32ClN5O4/c1-2-23-27-31(25(34)30(23)15-16-35-20-7-4-3-5-8-20)12-6-11-28-13-14-29(24(33)18-28)21-17-19(26)9-10-22(21)32/h3-5,7-10,17,24,32-33H,2,6,11-16,18H2,1H3",NMIKKWSVVGENNZ-UHFFFAOYSA-N,CCC1=NN(C(=O)N1CCOC2=CC=CC=C2)CCCN3CC(N(CC3)C4=CC(=CC=C4O)Cl)O,,,C25H32ClN5O4,501.214282184,4.9124000000000025,1,0,0,BTM00114,BTM00114,Hydroxylation of aromatic carbon para to halide group,BTMR1041,"CYP1A2
CYP2E1
CYP3A4",HUMAN,BTM00011,CCC1=NN(C(=O)N1CCOC2=CC=CC=C2)CCCN3CC(N(CC3)C4=CC(=CC=C4)Cl)O,"InChI=1S/C25H32ClN5O3/c1-2-23-27-31(25(33)30(23)16-17-34-22-10-4-3-5-11-22)13-7-12-28-14-15-29(24(32)19-28)21-9-6-8-20(26)18-21/h3-6,8-11,18,24,32H,2,7,12-17,19H2,1H3",RYSLKACEGJWEDS-UHFFFAOYSA-N,5.179800000000001,485.219367564
"InChI=1S/C25H32ClN5O4/c1-19(32)24-27-31(25(34)30(24)15-16-35-22-9-3-2-4-10-22)12-6-11-28-13-14-29(23(33)18-28)21-8-5-7-20(26)17-21/h2-5,7-10,17,19,23,32-33H,6,11-16,18H2,1H3",GJPLNURAWMOIML-UHFFFAOYSA-N,CC(C1=NN(C(=O)N1CCOC2=CC=CC=C2)CCCN3CC(N(CC3)C4=CC(=CC=C4)Cl)O)O,,,C25H32ClN5O4,501.214282184,4.4041999999999994,1,0,0,BTM00123,BTM00123,Hydroxylation of penultimate aliphatic secondary carbon,BTMR1074,"CYP1A2
CYP2A6
CYP2B6
CYP2C8
CYP2C9
CYP2C19
CYP2D6
CYP2E1
CYP3A4",HUMAN,BTM00011,CCC1=NN(C(=O)N1CCOC2=CC=CC=C2)CCCN3CC(N(CC3)C4=CC(=CC=C4)Cl)O,"InChI=1S/C25H32ClN5O3/c1-2-23-27-31(25(33)30(23)16-17-34-22-10-4-3-5-11-22)13-7-12-28-14-15-29(24(32)19-28)21-9-6-8-20(26)18-21/h3-6,8-11,18,24,32H,2,7,12-17,19H2,1H3",RYSLKACEGJWEDS-UHFFFAOYSA-N,5.179800000000001,485.219367564
"InChI=1S/C25H32ClN5O4/c1-2-22-27-31(25(34)30(22)16-17-35-21-10-4-3-5-11-21)13-7-12-28-14-15-29(24(33)23(28)32)20-9-6-8-19(26)18-20/h3-6,8-11,18,23-24,32-33H,2,7,12-17H2,1H3",HLKLORICVIJAOU-UHFFFAOYSA-N,CCC1=NN(C(=O)N1CCOC2=CC=CC=C2)CCCN3C(C(N(CC3)C4=CC(=CC=C4)Cl)O)O,,,C25H32ClN5O4,501.214282184,4.8401,1,0,0,BTM00130,BTM00130,Hydroxylation of heteroalicyclic secondary carbon,BTMR1070,"CYP1A2
CYP2A6
CYP2C9
CYP2D6
CYP3A4",HUMAN,BTM00011,CCC1=NN(C(=O)N1CCOC2=CC=CC=C2)CCCN3CC(N(CC3)C4=CC(=CC=C4)Cl)O,"InChI=1S/C25H32ClN5O3/c1-2-23-27-31(25(33)30(23)16-17-34-22-10-4-3-5-11-22)13-7-12-28-14-15-29(24(32)19-28)21-9-6-8-20(26)18-21/h3-6,8-11,18,24,32H,2,7,12-17,19H2,1H3",RYSLKACEGJWEDS-UHFFFAOYSA-N,5.179800000000001,485.219367564
"InChI=1S/C25H32ClN5O4/c1-2-22-27-30(25(34)29(22)14-15-35-21-10-4-3-5-11-21)13-7-12-28-17-23(32)31(24(33)18-28)20-9-6-8-19(26)16-20/h3-6,8-11,16,23-24,32-33H,2,7,12-15,17-18H2,1H3",ACVMXGCSCJWKBF-UHFFFAOYSA-N,CCC1=NN(C(=O)N1CCOC2=CC=CC=C2)CCCN3CC(N(C(C3)O)C4=CC(=CC=C4)Cl)O,,,C25H32ClN5O4,501.214282184,4.8401,1,0,0,BTM00139,BTM00139,Hydroxylation of heteroalicyclic secondary carbon,BTMR1070,"CYP1A2
CYP2A6
CYP2C9
CYP2D6
CYP3A4",HUMAN,BTM00011,CCC1=NN(C(=O)N1CCOC2=CC=CC=C2)CCCN3CC(N(CC3)C4=CC(=CC=C4)Cl)O,"InChI=1S/C25H32ClN5O3/c1-2-23-27-31(25(33)30(23)16-17-34-22-10-4-3-5-11-22)13-7-12-28-14-15-29(24(32)19-28)21-9-6-8-20(26)18-21/h3-6,8-11,18,24,32H,2,7,12-17,19H2,1H3",RYSLKACEGJWEDS-UHFFFAOYSA-N,5.179800000000001,485.219367564
"InChI=1S/C25H32ClN5O4/c1-2-22-27-31(25(34)29(22)14-15-35-21-10-4-3-5-11-21)13-7-12-28-17-24(33)30(18-23(28)32)20-9-6-8-19(26)16-20/h3-6,8-11,16,23-24,32-33H,2,7,12-15,17-18H2,1H3",PFCNFZVKZHCORB-UHFFFAOYSA-N,CCC1=NN(C(=O)N1CCOC2=CC=CC=C2)CCCN3C(CN(C(C3)O)C4=CC(=CC=C4)Cl)O,,,C25H32ClN5O4,501.214282184,4.8401,1,0,0,BTM00131,BTM00131,Hydroxylation of heteroalicyclic secondary carbon,BTMR1070,"CYP1A2
CYP2A6
CYP2C9
CYP2D6
CYP3A4",HUMAN,BTM00011,CCC1=NN(C(=O)N1CCOC2=CC=CC=C2)CCCN3CC(N(CC3)C4=CC(=CC=C4)Cl)O,"InChI=1S/C25H32ClN5O3/c1-2-23-27-31(25(33)30(23)16-17-34-22-10-4-3-5-11-22)13-7-12-28-14-15-29(24(32)19-28)21-9-6-8-20(26)18-21/h3-6,8-11,18,24,32H,2,7,12-17,19H2,1H3",RYSLKACEGJWEDS-UHFFFAOYSA-N,5.179800000000001,485.219367564
"InChI=1S/C25H32ClN5O4/c26-20-6-4-7-21(18-20)29-14-13-28(19-24(29)33)11-5-12-31-25(34)30(23(27-31)10-16-32)15-17-35-22-8-2-1-3-9-22/h1-4,6-9,18,24,32-33H,5,10-17,19H2",LIMHBBLXKXMINZ-UHFFFAOYSA-N,C(CC1=NN(C(=O)N1CCOC2=CC=CC=C2)CCCN3CC(N(CC3)C4=CC(=CC=C4)Cl)O)O,,,C25H32ClN5O4,501.214282184,4.282300000000002,1,0,0,BTM00140,BTM00140,Hydroxylation of terminal methyl,BTMR1061,"CYP1A2
CYP2A6
CYP2B6
CYP2C8
CYP2C9
CYP2C19
CYP2D6
CYP2E1
CYP3A4",HUMAN,BTM00011,CCC1=NN(C(=O)N1CCOC2=CC=CC=C2)CCCN3CC(N(CC3)C4=CC(=CC=C4)Cl)O,"InChI=1S/C25H32ClN5O3/c1-2-23-27-31(25(33)30(23)16-17-34-22-10-4-3-5-11-22)13-7-12-28-14-15-29(24(32)19-28)21-9-6-8-20(26)18-21/h3-6,8-11,18,24,32H,2,7,12-17,19H2,1H3",RYSLKACEGJWEDS-UHFFFAOYSA-N,5.179800000000001,485.219367564
"InChI=1S/C25H30ClN5O3/c1-2-23-27-31(25(33)30(23)16-17-34-22-10-4-3-5-11-22)13-7-12-28-14-15-29(24(32)19-28)21-9-6-8-20(26)18-21/h2-6,8-11,18,24,32H,1,7,12-17,19H2",URJGCQWTZPQGLJ-UHFFFAOYSA-N,C=CC1=NN(C(=O)N1CCOC2=CC=CC=C2)CCCN3CC(N(CC3)C4=CC(=CC=C4)Cl)O,,,C25H30ClN5O3,483.2037175,5.182900000000001,0,0,0,BTM00141,BTM00141,Terminal desaturation,BTMR1190,"CYP1A2
CYP2A6
CYP2C9
CYP2D6
CYP3A4",HUMAN,BTM00011,CCC1=NN(C(=O)N1CCOC2=CC=CC=C2)CCCN3CC(N(CC3)C4=CC(=CC=C4)Cl)O,"InChI=1S/C25H32ClN5O3/c1-2-23-27-31(25(33)30(23)16-17-34-22-10-4-3-5-11-22)13-7-12-28-14-15-29(24(32)19-28)21-9-6-8-20(26)18-21/h3-6,8-11,18,24,32H,2,7,12-17,19H2,1H3",RYSLKACEGJWEDS-UHFFFAOYSA-N,5.179800000000001,485.219367564
"InChI=1S/C25H32ClN5O4/c1-2-22-27-31(25(34)30(22)16-17-35-19-8-4-3-5-9-19)13-7-12-28-14-15-29(23(32)18-28)21-11-6-10-20(26)24(21)33/h3-6,8-11,23,32-33H,2,7,12-18H2,1H3",ZWMXXUMGURDSRA-UHFFFAOYSA-N,CCC1=NN(C(=O)N1CCOC2=CC=CC=C2)CCCN3CC(N(CC3)C4=C(C(=CC=C4)Cl)O)O,,,C25H32ClN5O4,501.214282184,4.9124000000000025,1,0,0,BTM00142,BTM00142,Hydroxylation of aromatic carbon ortho to halide group,BTMR1040,"CYP1A2
CYP2A6
CYP2B6
CYP2C8
CYP2C9
CYP2C19
CYP2D6
CYP2E1
CYP3A4",HUMAN,BTM00011,CCC1=NN(C(=O)N1CCOC2=CC=CC=C2)CCCN3CC(N(CC3)C4=CC(=CC=C4)Cl)O,"InChI=1S/C25H32ClN5O3/c1-2-23-27-31(25(33)30(23)16-17-34-22-10-4-3-5-11-22)13-7-12-28-14-15-29(24(32)19-28)21-9-6-8-20(26)18-21/h3-6,8-11,18,24,32H,2,7,12-17,19H2,1H3",RYSLKACEGJWEDS-UHFFFAOYSA-N,5.179800000000001,485.219367564
"InChI=1S/C25H32ClN5O4/c1-2-23-27-31(25(34)30(23)15-16-35-20-7-4-3-5-8-20)12-6-11-28-13-14-29(24(33)18-28)19-9-10-22(32)21(26)17-19/h3-5,7-10,17,24,32-33H,2,6,11-16,18H2,1H3",WTOFSRJNCWVAJZ-UHFFFAOYSA-N,CCC1=NN(C(=O)N1CCOC2=CC=CC=C2)CCCN3CC(N(CC3)C4=CC(=C(C=C4)O)Cl)O,,,C25H32ClN5O4,501.214282184,4.9124000000000025,1,0,0,BTM00143,BTM00143,Hydroxylation of aromatic carbon ortho to halide group,BTMR1040,"CYP1A2
CYP2A6
CYP2B6
CYP2C8
CYP2C9
CYP2C19
CYP2D6
CYP2E1
CYP3A4",HUMAN,BTM00011,CCC1=NN(C(=O)N1CCOC2=CC=CC=C2)CCCN3CC(N(CC3)C4=CC(=CC=C4)Cl)O,"InChI=1S/C25H32ClN5O3/c1-2-23-27-31(25(33)30(23)16-17-34-22-10-4-3-5-11-22)13-7-12-28-14-15-29(24(32)19-28)21-9-6-8-20(26)18-21/h3-6,8-11,18,24,32H,2,7,12-17,19H2,1H3",RYSLKACEGJWEDS-UHFFFAOYSA-N,5.179800000000001,485.219367564
"InChI=1S/C25H32ClN5O4/c1-2-23-27-31(25(34)30(23)13-14-35-22-7-4-3-5-8-22)10-6-9-28-11-12-29(24(33)18-28)20-15-19(26)16-21(32)17-20/h3-5,7-8,15-17,24,32-33H,2,6,9-14,18H2,1H3",LXYHMUBYYMTAJC-UHFFFAOYSA-N,CCC1=NN(C(=O)N1CCOC2=CC=CC=C2)CCCN3CC(N(CC3)C4=CC(=CC(=C4)O)Cl)O,,,C25H32ClN5O4,501.214282184,4.9124000000000025,1,0,0,BTM00144,BTM00144,Hydroxylation of aromatic carbon meta to halide group,BTMR1039,"CYP2A6
CYP2B6
CYP2C9
CYP2C19
CYP2E1
CYP3A4",HUMAN,BTM00011,CCC1=NN(C(=O)N1CCOC2=CC=CC=C2)CCCN3CC(N(CC3)C4=CC(=CC=C4)Cl)O,"InChI=1S/C25H32ClN5O3/c1-2-23-27-31(25(33)30(23)16-17-34-22-10-4-3-5-11-22)13-7-12-28-14-15-29(24(32)19-28)21-9-6-8-20(26)18-21/h3-6,8-11,18,24,32H,2,7,12-17,19H2,1H3",RYSLKACEGJWEDS-UHFFFAOYSA-N,5.179800000000001,485.219367564
"InChI=1S/C25H32ClN5O4/c1-2-22-27-31(25(34)30(22)15-16-35-21-9-4-3-5-10-21)12-11-23(32)28-13-14-29(24(33)18-28)20-8-6-7-19(26)17-20/h3-10,17,23-24,32-33H,2,11-16,18H2,1H3",DIPIPIZVFGKQTB-UHFFFAOYSA-N,CCC1=NN(C(=O)N1CCOC2=CC=CC=C2)CCC(N3CC(N(CC3)C4=CC(=CC=C4)Cl)O)O,,,C25H32ClN5O4,501.214282184,5.0333,1,0,0,BTM00145,BTM00145,Aliphatic hydroxylation of carbon alpha to secondary or tertiary alkyl-N,BTMR1081,"CYP2B6
CYP2C19
CYP2D6",HUMAN,BTM00011,CCC1=NN(C(=O)N1CCOC2=CC=CC=C2)CCCN3CC(N(CC3)C4=CC(=CC=C4)Cl)O,"InChI=1S/C25H32ClN5O3/c1-2-23-27-31(25(33)30(23)16-17-34-22-10-4-3-5-11-22)13-7-12-28-14-15-29(24(32)19-28)21-9-6-8-20(26)18-21/h3-6,8-11,18,24,32H,2,7,12-17,19H2,1H3",RYSLKACEGJWEDS-UHFFFAOYSA-N,5.179800000000001,485.219367564
"InChI=1S/C25H32ClN5O4/c1-2-22-27-31(25(34)30(22)16-17-35-21-10-4-3-5-11-21)13-7-12-28-14-15-29(24(33)23(28)32)20-9-6-8-19(26)18-20/h3-6,8-11,18,23-24,32-33H,2,7,12-17H2,1H3",HLKLORICVIJAOU-UHFFFAOYSA-N,CCC1=NN(C(=O)N1CCOC2=CC=CC=C2)CCCN3C(C(N(CC3)C4=CC(=CC=C4)Cl)O)O,,,C25H32ClN5O4,501.214282184,4.8401,1,0,0,BTM00130,BTM00130,Aliphatic hydroxylation of carbon alpha to secondary or tertiary alkyl-N,BTMR1081,"CYP2B6
CYP2C19
CYP2D6",HUMAN,BTM00011,CCC1=NN(C(=O)N1CCOC2=CC=CC=C2)CCCN3CC(N(CC3)C4=CC(=CC=C4)Cl)O,"InChI=1S/C25H32ClN5O3/c1-2-23-27-31(25(33)30(23)16-17-34-22-10-4-3-5-11-22)13-7-12-28-14-15-29(24(32)19-28)21-9-6-8-20(26)18-21/h3-6,8-11,18,24,32H,2,7,12-17,19H2,1H3",RYSLKACEGJWEDS-UHFFFAOYSA-N,5.179800000000001,485.219367564
"InChI=1S/C25H32ClN5O4/c1-2-22-27-31(25(34)29(22)14-15-35-21-10-4-3-5-11-21)13-7-12-28-17-24(33)30(18-23(28)32)20-9-6-8-19(26)16-20/h3-6,8-11,16,23-24,32-33H,2,7,12-15,17-18H2,1H3",PFCNFZVKZHCORB-UHFFFAOYSA-N,CCC1=NN(C(=O)N1CCOC2=CC=CC=C2)CCCN3C(CN(C(C3)O)C4=CC(=CC=C4)Cl)O,,,C25H32ClN5O4,501.214282184,4.8401,1,0,0,BTM00131,BTM00131,Aliphatic hydroxylation of carbon alpha to secondary or tertiary alkyl-N,BTMR1081,"CYP2B6
CYP2C19
CYP2D6",HUMAN,BTM00011,CCC1=NN(C(=O)N1CCOC2=CC=CC=C2)CCCN3CC(N(CC3)C4=CC(=CC=C4)Cl)O,"InChI=1S/C25H32ClN5O3/c1-2-23-27-31(25(33)30(23)16-17-34-22-10-4-3-5-11-22)13-7-12-28-14-15-29(24(32)19-28)21-9-6-8-20(26)18-21/h3-6,8-11,18,24,32H,2,7,12-17,19H2,1H3",RYSLKACEGJWEDS-UHFFFAOYSA-N,5.179800000000001,485.219367564
"InChI=1S/C25H32ClN5O4/c26-21-6-4-7-22(20-21)27-11-14-29(15-18-33)12-5-13-31-25(34)30(24(28-31)10-17-32)16-19-35-23-8-2-1-3-9-23/h1-4,6-9,18,20,27,32H,5,10-17,19H2",REZZSUOOKUSCCI-UHFFFAOYSA-N,C(CC1=NN(C(=O)N1CCOC2=CC=CC=C2)CCCN(CC=O)CCNC3=CC(=CC=C3)Cl)O,,,C25H32ClN5O4,501.214282184,4.166800000000002,1,1,1,BTM00051,BTM00051,N-Dealkylation of mixed tertiary amine,BTMR1145,"CYP1A2
CYP2A6
CYP2B6
CYP2C8
CYP2C9
CYP2C19
CYP2D6
CYP3A4",HUMAN,BTM00012,C(CC1=NN(C(=O)N1CCOC2=CC=CC=C2)CCCN3CCN(CC3)C4=CC(=CC=C4)Cl)O,"InChI=1S/C25H32ClN5O3/c26-21-6-4-7-22(20-21)29-15-13-28(14-16-29)11-5-12-31-25(33)30(24(27-31)10-18-32)17-19-34-23-8-2-1-3-9-23/h1-4,6-9,20,32H,5,10-19H2",DTXXDGKWIVIXNE-UHFFFAOYSA-N,4.622000000000003,485.219367564
"InChI=1S/C25H32ClN5O4/c26-20-5-4-6-21(17-20)29-12-10-28(11-13-29)18-22(33)19-31-25(34)30(24(27-31)9-15-32)14-16-35-23-7-2-1-3-8-23/h1-8,17,22,32-33H,9-16,18-19H2",KLWYOGKDKDCANE-UHFFFAOYSA-N,C(CC1=NN(C(=O)N1CCOC2=CC=CC=C2)CC(CN3CCN(CC3)C4=CC(=CC=C4)Cl)O)O,,,C25H32ClN5O4,501.214282184,4.048900000000002,1,0,0,BTM00146,BTM00146,Hydroxylation of acyclic aliphatic secondary carbon,BTMR1063,"CYP1A2
CYP2A6
CYP2B6
CYP2C9
CYP2E1
CYP3A4",HUMAN,BTM00012,C(CC1=NN(C(=O)N1CCOC2=CC=CC=C2)CCCN3CCN(CC3)C4=CC(=CC=C4)Cl)O,"InChI=1S/C25H32ClN5O3/c26-21-6-4-7-22(20-21)29-15-13-28(14-16-29)11-5-12-31-25(33)30(24(27-31)10-18-32)17-19-34-23-8-2-1-3-9-23/h1-4,6-9,20,32H,5,10-19H2",DTXXDGKWIVIXNE-UHFFFAOYSA-N,4.622000000000003,485.219367564
"InChI=1S/C19H26ClN5O3/c20-16-3-1-4-17(15-16)23-10-8-22(9-11-23)6-2-7-25-19(28)24(12-14-27)18(21-25)5-13-26/h1,3-4,14-15,26H,2,5-13H2",UPAVRROHSGBZLM-UHFFFAOYSA-N,C(CC1=NN(C(=O)N1CC=O)CCCN2CCN(CC2)C3=CC(=CC=C3)Cl)O,,,C19H26ClN5O3,407.172417372,2.7067000000000037,0,0,0,BTM00073,BTM00073,O-Dealkylation,BTMR0052,"CYP1A2
CYP2A6
CYP2C9
CYP2C19
CYP2D6
CYP2E1
CYP3A4",HUMAN,BTM00012,C(CC1=NN(C(=O)N1CCOC2=CC=CC=C2)CCCN3CCN(CC3)C4=CC(=CC=C4)Cl)O,"InChI=1S/C25H32ClN5O3/c26-21-6-4-7-22(20-21)29-15-13-28(14-16-29)11-5-12-31-25(33)30(24(27-31)10-18-32)17-19-34-23-8-2-1-3-9-23/h1-4,6-9,20,32H,5,10-19H2",DTXXDGKWIVIXNE-UHFFFAOYSA-N,4.622000000000003,485.219367564
"InChI=1S/C6H6O/c7-6-4-2-1-3-5-6/h1-5,7H",ISWSIDIOOBJBQZ-UHFFFAOYSA-N,OC1=CC=CC=C1,,,C6H6O,94.041864812,1.5626000000000002,0,0,0,BTM00003,BTM00003,O-Dealkylation,BTMR0052,"CYP1A2
CYP2A6
CYP2C9
CYP2C19
CYP2D6
CYP2E1
CYP3A4",HUMAN,BTM00012,C(CC1=NN(C(=O)N1CCOC2=CC=CC=C2)CCCN3CCN(CC3)C4=CC(=CC=C4)Cl)O,"InChI=1S/C25H32ClN5O3/c26-21-6-4-7-22(20-21)29-15-13-28(14-16-29)11-5-12-31-25(33)30(24(27-31)10-18-32)17-19-34-23-8-2-1-3-9-23/h1-4,6-9,20,32H,5,10-19H2",DTXXDGKWIVIXNE-UHFFFAOYSA-N,4.622000000000003,485.219367564
"InChI=1S/C25H32ClN5O4/c26-21-6-4-7-22(20-21)31(34)16-13-28(14-17-31)11-5-12-30-25(33)29(24(27-30)10-18-32)15-19-35-23-8-2-1-3-9-23/h1-4,6-9,20,32H,5,10-19H2",DOHSWCQRUQOHQL-UHFFFAOYSA-N,C(CC1=NN(C(=O)N1CCOC2=CC=CC=C2)CCCN3CC[N+](CC3)(C4=CC(=CC=C4)Cl)[O-])O,,,C25H32ClN5O4,501.214282184,4.121400000000004,1,0,0,BTM00087,BTM00087,N-Oxidation of alicyclic tertiary amine,BTMR1099,"CYP1A2
CYP2C8
CYP2C19
CYP2D6
CYP3A4",HUMAN,BTM00012,C(CC1=NN(C(=O)N1CCOC2=CC=CC=C2)CCCN3CCN(CC3)C4=CC(=CC=C4)Cl)O,"InChI=1S/C25H32ClN5O3/c26-21-6-4-7-22(20-21)29-15-13-28(14-16-29)11-5-12-31-25(33)30(24(27-31)10-18-32)17-19-34-23-8-2-1-3-9-23/h1-4,6-9,20,32H,5,10-19H2",DTXXDGKWIVIXNE-UHFFFAOYSA-N,4.622000000000003,485.219367564
"InChI=1S/C25H32ClN5O4/c26-21-6-4-7-22(20-21)28-12-16-31(34,17-13-28)15-5-11-30-25(33)29(24(27-30)10-18-32)14-19-35-23-8-2-1-3-9-23/h1-4,6-9,20,32H,5,10-19H2",JLQYFWWYQLEBFL-UHFFFAOYSA-N,C(CC1=NN(C(=O)N1CCOC2=CC=CC=C2)CCC[N+]3(CCN(CC3)C4=CC(=CC=C4)Cl)[O-])O,,,C25H32ClN5O4,501.214282184,4.216900000000003,1,0,0,BTM00097,BTM00097,N-Oxidation of alicyclic tertiary amine,BTMR1099,"CYP1A2
CYP2C8
CYP2C19
CYP2D6
CYP3A4",HUMAN,BTM00012,C(CC1=NN(C(=O)N1CCOC2=CC=CC=C2)CCCN3CCN(CC3)C4=CC(=CC=C4)Cl)O,"InChI=1S/C25H32ClN5O3/c26-21-6-4-7-22(20-21)29-15-13-28(14-16-29)11-5-12-31-25(33)30(24(27-31)10-18-32)17-19-34-23-8-2-1-3-9-23/h1-4,6-9,20,32H,5,10-19H2",DTXXDGKWIVIXNE-UHFFFAOYSA-N,4.622000000000003,485.219367564
"InChI=1S/C15H19N3O4/c19-10-4-8-18-15(21)17(14(16-18)7-11-20)9-12-22-13-5-2-1-3-6-13/h1-3,5-6,10,20H,4,7-9,11-12H2",QAVCLFQVKWTMPF-UHFFFAOYSA-N,C(CC1=NN(C(=O)N1CCOC2=CC=CC=C2)CCC=O)O,,,C15H19N3O4,305.13755608800005,1.8788000000000014,0,0,0,BTM00103,BTM00103,N-Dealkylation of alicyclic tertiary amine,BTMR1144,"CYP1A2
CYP2A6
CYP2B6
CYP2C8
CYP2C9
CYP2C19
CYP2D6
CYP3A4",HUMAN,BTM00012,C(CC1=NN(C(=O)N1CCOC2=CC=CC=C2)CCCN3CCN(CC3)C4=CC(=CC=C4)Cl)O,"InChI=1S/C25H32ClN5O3/c26-21-6-4-7-22(20-21)29-15-13-28(14-16-29)11-5-12-31-25(33)30(24(27-31)10-18-32)17-19-34-23-8-2-1-3-9-23/h1-4,6-9,20,32H,5,10-19H2",DTXXDGKWIVIXNE-UHFFFAOYSA-N,4.622000000000003,485.219367564
"InChI=1S/C10H13ClN2/c11-9-2-1-3-10(8-9)13-6-4-12-5-7-13/h1-3,8,12H,4-7H2",VHFVKMTVMIZMIK-UHFFFAOYSA-N,N1CCN(CC1)C2=CC(=CC=C2)Cl,,,C10H13ClN2,196.076726096,2.0780000000000003,0,0,0,BTM00007,BTM00007,N-Dealkylation of alicyclic tertiary amine,BTMR1144,"CYP1A2
CYP2A6
CYP2B6
CYP2C8
CYP2C9
CYP2C19
CYP2D6
CYP3A4",HUMAN,BTM00012,C(CC1=NN(C(=O)N1CCOC2=CC=CC=C2)CCCN3CCN(CC3)C4=CC(=CC=C4)Cl)O,"InChI=1S/C25H32ClN5O3/c26-21-6-4-7-22(20-21)29-15-13-28(14-16-29)11-5-12-31-25(33)30(24(27-31)10-18-32)17-19-34-23-8-2-1-3-9-23/h1-4,6-9,20,32H,5,10-19H2",DTXXDGKWIVIXNE-UHFFFAOYSA-N,4.622000000000003,485.219367564
"InChI=1S/C25H32ClN5O4/c26-20-7-8-23(33)22(19-20)29-14-12-28(13-15-29)10-4-11-31-25(34)30(24(27-31)9-17-32)16-18-35-21-5-2-1-3-6-21/h1-3,5-8,19,32-33H,4,9-18H2",PSOSWFLENFFNMT-UHFFFAOYSA-N,C(CC1=NN(C(=O)N1CCOC2=CC=CC=C2)CCCN3CCN(CC3)C4=CC(=CC=C4O)Cl)O,,,C25H32ClN5O4,501.214282184,4.354600000000004,1,0,0,BTM00115,BTM00115,Hydroxylation of aromatic carbon para to halide group,BTMR1041,"CYP1A2
CYP2E1
CYP3A4",HUMAN,BTM00012,C(CC1=NN(C(=O)N1CCOC2=CC=CC=C2)CCCN3CCN(CC3)C4=CC(=CC=C4)Cl)O,"InChI=1S/C25H32ClN5O3/c26-21-6-4-7-22(20-21)29-15-13-28(14-16-29)11-5-12-31-25(33)30(24(27-31)10-18-32)17-19-34-23-8-2-1-3-9-23/h1-4,6-9,20,32H,5,10-19H2",DTXXDGKWIVIXNE-UHFFFAOYSA-N,4.622000000000003,485.219367564
"InChI=1S/C25H32ClN5O4/c26-20-6-4-7-21(18-20)29-14-13-28(24(33)19-29)11-5-12-31-25(34)30(23(27-31)10-16-32)15-17-35-22-8-2-1-3-9-22/h1-4,6-9,18,24,32-33H,5,10-17,19H2",CKPARWWMTCYTIZ-UHFFFAOYSA-N,C(CC1=NN(C(=O)N1CCOC2=CC=CC=C2)CCCN3C(CN(CC3)C4=CC(=CC=C4)Cl)O)O,,,C25H32ClN5O4,501.214282184,4.282300000000002,1,0,0,BTM00133,BTM00133,Hydroxylation of heteroalicyclic secondary carbon,BTMR1070,"CYP1A2
CYP2A6
CYP2C9
CYP2D6
CYP3A4",HUMAN,BTM00012,C(CC1=NN(C(=O)N1CCOC2=CC=CC=C2)CCCN3CCN(CC3)C4=CC(=CC=C4)Cl)O,"InChI=1S/C25H32ClN5O3/c26-21-6-4-7-22(20-21)29-15-13-28(14-16-29)11-5-12-31-25(33)30(24(27-31)10-18-32)17-19-34-23-8-2-1-3-9-23/h1-4,6-9,20,32H,5,10-19H2",DTXXDGKWIVIXNE-UHFFFAOYSA-N,4.622000000000003,485.219367564
"InChI=1S/C25H32ClN5O4/c26-20-6-4-7-21(18-20)29-14-13-28(19-24(29)33)11-5-12-31-25(34)30(23(27-31)10-16-32)15-17-35-22-8-2-1-3-9-22/h1-4,6-9,18,24,32-33H,5,10-17,19H2",LIMHBBLXKXMINZ-UHFFFAOYSA-N,C(CC1=NN(C(=O)N1CCOC2=CC=CC=C2)CCCN3CC(N(CC3)C4=CC(=CC=C4)Cl)O)O,,,C25H32ClN5O4,501.214282184,4.282300000000002,1,0,0,BTM00140,BTM00140,Hydroxylation of heteroalicyclic secondary carbon,BTMR1070,"CYP1A2
CYP2A6
CYP2C9
CYP2D6
CYP3A4",HUMAN,BTM00012,C(CC1=NN(C(=O)N1CCOC2=CC=CC=C2)CCCN3CCN(CC3)C4=CC(=CC=C4)Cl)O,"InChI=1S/C25H32ClN5O3/c26-21-6-4-7-22(20-21)29-15-13-28(14-16-29)11-5-12-31-25(33)30(24(27-31)10-18-32)17-19-34-23-8-2-1-3-9-23/h1-4,6-9,20,32H,5,10-19H2",DTXXDGKWIVIXNE-UHFFFAOYSA-N,4.622000000000003,485.219367564
"InChI=1S/C25H32ClN5O4/c26-21-8-4-9-22(24(21)33)29-15-13-28(14-16-29)11-5-12-31-25(34)30(23(27-31)10-18-32)17-19-35-20-6-2-1-3-7-20/h1-4,6-9,32-33H,5,10-19H2",UUMTZUFERJSVGE-UHFFFAOYSA-N,C(CC1=NN(C(=O)N1CCOC2=CC=CC=C2)CCCN3CCN(CC3)C4=C(C(=CC=C4)Cl)O)O,,,C25H32ClN5O4,501.214282184,4.354600000000004,1,0,0,BTM00147,BTM00147,Hydroxylation of aromatic carbon ortho to halide group,BTMR1040,"CYP1A2
CYP2A6
CYP2B6
CYP2C8
CYP2C9
CYP2C19
CYP2D6
CYP2E1
CYP3A4",HUMAN,BTM00012,C(CC1=NN(C(=O)N1CCOC2=CC=CC=C2)CCCN3CCN(CC3)C4=CC(=CC=C4)Cl)O,"InChI=1S/C25H32ClN5O3/c26-21-6-4-7-22(20-21)29-15-13-28(14-16-29)11-5-12-31-25(33)30(24(27-31)10-18-32)17-19-34-23-8-2-1-3-9-23/h1-4,6-9,20,32H,5,10-19H2",DTXXDGKWIVIXNE-UHFFFAOYSA-N,4.622000000000003,485.219367564
"InChI=1S/C25H32ClN5O4/c26-22-19-20(7-8-23(22)33)29-14-12-28(13-15-29)10-4-11-31-25(34)30(24(27-31)9-17-32)16-18-35-21-5-2-1-3-6-21/h1-3,5-8,19,32-33H,4,9-18H2",NXUCAINPPJAXOI-UHFFFAOYSA-N,C(CC1=NN(C(=O)N1CCOC2=CC=CC=C2)CCCN3CCN(CC3)C4=CC(=C(C=C4)O)Cl)O,,,C25H32ClN5O4,501.214282184,4.354600000000004,1,0,0,BTM00148,BTM00148,Hydroxylation of aromatic carbon ortho to halide group,BTMR1040,"CYP1A2
CYP2A6
CYP2B6
CYP2C8
CYP2C9
CYP2C19
CYP2D6
CYP2E1
CYP3A4",HUMAN,BTM00012,C(CC1=NN(C(=O)N1CCOC2=CC=CC=C2)CCCN3CCN(CC3)C4=CC(=CC=C4)Cl)O,"InChI=1S/C25H32ClN5O3/c26-21-6-4-7-22(20-21)29-15-13-28(14-16-29)11-5-12-31-25(33)30(24(27-31)10-18-32)17-19-34-23-8-2-1-3-9-23/h1-4,6-9,20,32H,5,10-19H2",DTXXDGKWIVIXNE-UHFFFAOYSA-N,4.622000000000003,485.219367564
"InChI=1S/C25H32ClN5O4/c26-20-17-21(19-22(33)18-20)29-12-10-28(11-13-29)8-4-9-31-25(34)30(24(27-31)7-15-32)14-16-35-23-5-2-1-3-6-23/h1-3,5-6,17-19,32-33H,4,7-16H2",ZLLKYNARLVHELI-UHFFFAOYSA-N,C(CC1=NN(C(=O)N1CCOC2=CC=CC=C2)CCCN3CCN(CC3)C4=CC(=CC(=C4)O)Cl)O,,,C25H32ClN5O4,501.214282184,4.354600000000004,1,0,0,BTM00149,BTM00149,Hydroxylation of aromatic carbon meta to halide group,BTMR1039,"CYP2A6
CYP2B6
CYP2C9
CYP2C19
CYP2E1
CYP3A4",HUMAN,BTM00012,C(CC1=NN(C(=O)N1CCOC2=CC=CC=C2)CCCN3CCN(CC3)C4=CC(=CC=C4)Cl)O,"InChI=1S/C25H32ClN5O3/c26-21-6-4-7-22(20-21)29-15-13-28(14-16-29)11-5-12-31-25(33)30(24(27-31)10-18-32)17-19-34-23-8-2-1-3-9-23/h1-4,6-9,20,32H,5,10-19H2",DTXXDGKWIVIXNE-UHFFFAOYSA-N,4.622000000000003,485.219367564
"InChI=1S/C25H32ClN5O4/c26-20-5-4-6-21(19-20)28-12-14-29(15-13-28)24(33)9-11-31-25(34)30(23(27-31)10-17-32)16-18-35-22-7-2-1-3-8-22/h1-8,19,24,32-33H,9-18H2",YVPPGFCPQKPMCW-UHFFFAOYSA-N,C(CC1=NN(C(=O)N1CCOC2=CC=CC=C2)CCC(N3CCN(CC3)C4=CC(=CC=C4)Cl)O)O,,,C25H32ClN5O4,501.214282184,4.475500000000002,1,0,0,BTM00150,BTM00150,Aliphatic hydroxylation of carbon alpha to secondary or tertiary alkyl-N,BTMR1081,"CYP2B6
CYP2C19
CYP2D6",HUMAN,BTM00012,C(CC1=NN(C(=O)N1CCOC2=CC=CC=C2)CCCN3CCN(CC3)C4=CC(=CC=C4)Cl)O,"InChI=1S/C25H32ClN5O3/c26-21-6-4-7-22(20-21)29-15-13-28(14-16-29)11-5-12-31-25(33)30(24(27-31)10-18-32)17-19-34-23-8-2-1-3-9-23/h1-4,6-9,20,32H,5,10-19H2",DTXXDGKWIVIXNE-UHFFFAOYSA-N,4.622000000000003,485.219367564
"InChI=1S/C25H32ClN5O4/c26-20-6-4-7-21(18-20)29-14-13-28(24(33)19-29)11-5-12-31-25(34)30(23(27-31)10-16-32)15-17-35-22-8-2-1-3-9-22/h1-4,6-9,18,24,32-33H,5,10-17,19H2",CKPARWWMTCYTIZ-UHFFFAOYSA-N,C(CC1=NN(C(=O)N1CCOC2=CC=CC=C2)CCCN3C(CN(CC3)C4=CC(=CC=C4)Cl)O)O,,,C25H32ClN5O4,501.214282184,4.282300000000002,1,0,0,BTM00133,BTM00133,Aliphatic hydroxylation of carbon alpha to secondary or tertiary alkyl-N,BTMR1081,"CYP2B6
CYP2C19
CYP2D6",HUMAN,BTM00012,C(CC1=NN(C(=O)N1CCOC2=CC=CC=C2)CCCN3CCN(CC3)C4=CC(=CC=C4)Cl)O,"InChI=1S/C25H32ClN5O3/c26-21-6-4-7-22(20-21)29-15-13-28(14-16-29)11-5-12-31-25(33)30(24(27-31)10-18-32)17-19-34-23-8-2-1-3-9-23/h1-4,6-9,20,32H,5,10-19H2",DTXXDGKWIVIXNE-UHFFFAOYSA-N,4.622000000000003,485.219367564
"InChI=1S/C25H32ClN5O4/c26-20-6-4-7-21(18-20)29-14-13-28(19-24(29)33)11-5-12-31-25(34)30(23(27-31)10-16-32)15-17-35-22-8-2-1-3-9-22/h1-4,6-9,18,24,32-33H,5,10-17,19H2",LIMHBBLXKXMINZ-UHFFFAOYSA-N,C(CC1=NN(C(=O)N1CCOC2=CC=CC=C2)CCCN3CC(N(CC3)C4=CC(=CC=C4)Cl)O)O,,,C25H32ClN5O4,501.214282184,4.282300000000002,1,0,0,BTM00140,BTM00140,Aliphatic hydroxylation of carbon alpha to secondary or tertiary alkyl-N,BTMR1081,"CYP2B6
CYP2C19
CYP2D6",HUMAN,BTM00012,C(CC1=NN(C(=O)N1CCOC2=CC=CC=C2)CCCN3CCN(CC3)C4=CC(=CC=C4)Cl)O,"InChI=1S/C25H32ClN5O3/c26-21-6-4-7-22(20-21)29-15-13-28(14-16-29)11-5-12-31-25(33)30(24(27-31)10-18-32)17-19-34-23-8-2-1-3-9-23/h1-4,6-9,20,32H,5,10-19H2",DTXXDGKWIVIXNE-UHFFFAOYSA-N,4.622000000000003,485.219367564
"InChI=1S/C25H30ClN5O3/c1-2-24-28-31(25(33)30(24)17-19-34-23-10-4-3-5-11-23)14-7-13-29(16-18-32)15-12-27-22-9-6-8-21(26)20-22/h2-6,8-11,18,20,27H,1,7,12-17,19H2",NQTJZWKPGWBQSZ-UHFFFAOYSA-N,C=CC1=NN(C(=O)N1CCOC2=CC=CC=C2)CCCN(CC=O)CCNC3=CC(=CC=C3)Cl,,,C25H30ClN5O3,483.2037175,5.067400000000002,0,1,1,BTM00052,BTM00052,N-Dealkylation of mixed tertiary amine,BTMR1145,"CYP1A2
CYP2A6
CYP2B6
CYP2C8
CYP2C9
CYP2C19
CYP2D6
CYP3A4",HUMAN,BTM00013,C=CC1=NN(C(=O)N1CCOC2=CC=CC=C2)CCCN3CCN(CC3)C4=CC(=CC=C4)Cl,"InChI=1S/C25H30ClN5O2/c1-2-24-27-31(25(32)30(24)18-19-33-23-10-4-3-5-11-23)13-7-12-28-14-16-29(17-15-28)22-9-6-8-21(26)20-22/h2-6,8-11,20H,1,7,12-19H2",VVCUNSTUQLMSIO-UHFFFAOYSA-N,5.522600000000002,467.20880288
"InChI=1S/C25H30ClN5O3/c1-2-24-27-31(25(33)30(24)15-16-34-23-9-4-3-5-10-23)19-22(32)18-28-11-13-29(14-12-28)21-8-6-7-20(26)17-21/h2-10,17,22,32H,1,11-16,18-19H2",AJRBXIPZTKABTK-UHFFFAOYSA-N,C=CC1=NN(C(=O)N1CCOC2=CC=CC=C2)CC(CN3CCN(CC3)C4=CC(=CC=C4)Cl)O,,,C25H30ClN5O3,483.2037175,4.949500000000001,0,0,0,BTM00151,BTM00151,Hydroxylation of acyclic aliphatic secondary carbon,BTMR1063,"CYP1A2
CYP2A6
CYP2B6
CYP2C9
CYP2E1
CYP3A4",HUMAN,BTM00013,C=CC1=NN(C(=O)N1CCOC2=CC=CC=C2)CCCN3CCN(CC3)C4=CC(=CC=C4)Cl,"InChI=1S/C25H30ClN5O2/c1-2-24-27-31(25(32)30(24)18-19-33-23-10-4-3-5-11-23)13-7-12-28-14-16-29(17-15-28)22-9-6-8-21(26)20-22/h2-6,8-11,20H,1,7,12-19H2",VVCUNSTUQLMSIO-UHFFFAOYSA-N,5.522600000000002,467.20880288
"InChI=1S/C19H24ClN5O2/c1-2-18-21-25(19(27)24(18)13-14-26)8-4-7-22-9-11-23(12-10-22)17-6-3-5-16(20)15-17/h2-3,5-6,14-15H,1,4,7-13H2",WQEURLNDXHTTTJ-UHFFFAOYSA-N,C=CC1=NN(C(=O)N1CC=O)CCCN2CCN(CC2)C3=CC(=CC=C3)Cl,,,C19H24ClN5O2,389.161852688,3.6073000000000004,0,0,0,BTM00074,BTM00074,O-Dealkylation,BTMR0052,"CYP1A2
CYP2A6
CYP2C9
CYP2C19
CYP2D6
CYP2E1
CYP3A4",HUMAN,BTM00013,C=CC1=NN(C(=O)N1CCOC2=CC=CC=C2)CCCN3CCN(CC3)C4=CC(=CC=C4)Cl,"InChI=1S/C25H30ClN5O2/c1-2-24-27-31(25(32)30(24)18-19-33-23-10-4-3-5-11-23)13-7-12-28-14-16-29(17-15-28)22-9-6-8-21(26)20-22/h2-6,8-11,20H,1,7,12-19H2",VVCUNSTUQLMSIO-UHFFFAOYSA-N,5.522600000000002,467.20880288
"InChI=1S/C6H6O/c7-6-4-2-1-3-5-6/h1-5,7H",ISWSIDIOOBJBQZ-UHFFFAOYSA-N,OC1=CC=CC=C1,,,C6H6O,94.041864812,1.5626000000000002,0,0,0,BTM00003,BTM00003,O-Dealkylation,BTMR0052,"CYP1A2
CYP2A6
CYP2C9
CYP2C19
CYP2D6
CYP2E1
CYP3A4",HUMAN,BTM00013,C=CC1=NN(C(=O)N1CCOC2=CC=CC=C2)CCCN3CCN(CC3)C4=CC(=CC=C4)Cl,"InChI=1S/C25H30ClN5O2/c1-2-24-27-31(25(32)30(24)18-19-33-23-10-4-3-5-11-23)13-7-12-28-14-16-29(17-15-28)22-9-6-8-21(26)20-22/h2-6,8-11,20H,1,7,12-19H2",VVCUNSTUQLMSIO-UHFFFAOYSA-N,5.522600000000002,467.20880288
"InChI=1S/C25H30ClN5O3/c1-2-24-27-30(25(32)29(24)16-19-34-23-10-4-3-5-11-23)13-7-12-28-14-17-31(33,18-15-28)22-9-6-8-21(26)20-22/h2-6,8-11,20H,1,7,12-19H2",OQUCWYYDJIDOHV-UHFFFAOYSA-N,C=CC1=NN(C(=O)N1CCOC2=CC=CC=C2)CCCN3CC[N+](CC3)(C4=CC(=CC=C4)Cl)[O-],,,C25H30ClN5O3,483.2037175,5.022000000000003,0,0,0,BTM00088,BTM00088,N-Oxidation of alicyclic tertiary amine,BTMR1099,"CYP1A2
CYP2C8
CYP2C19
CYP2D6
CYP3A4",HUMAN,BTM00013,C=CC1=NN(C(=O)N1CCOC2=CC=CC=C2)CCCN3CCN(CC3)C4=CC(=CC=C4)Cl,"InChI=1S/C25H30ClN5O2/c1-2-24-27-31(25(32)30(24)18-19-33-23-10-4-3-5-11-23)13-7-12-28-14-16-29(17-15-28)22-9-6-8-21(26)20-22/h2-6,8-11,20H,1,7,12-19H2",VVCUNSTUQLMSIO-UHFFFAOYSA-N,5.522600000000002,467.20880288
"InChI=1S/C25H30ClN5O3/c1-2-24-27-30(25(32)29(24)15-19-34-23-10-4-3-5-11-23)12-7-16-31(33)17-13-28(14-18-31)22-9-6-8-21(26)20-22/h2-6,8-11,20H,1,7,12-19H2",OGZYHWKBLKTSEF-UHFFFAOYSA-N,C=CC1=NN(C(=O)N1CCOC2=CC=CC=C2)CCC[N+]3(CCN(CC3)C4=CC(=CC=C4)Cl)[O-],,,C25H30ClN5O3,483.2037175,5.117500000000002,0,0,0,BTM00098,BTM00098,N-Oxidation of alicyclic tertiary amine,BTMR1099,"CYP1A2
CYP2C8
CYP2C19
CYP2D6
CYP3A4",HUMAN,BTM00013,C=CC1=NN(C(=O)N1CCOC2=CC=CC=C2)CCCN3CCN(CC3)C4=CC(=CC=C4)Cl,"InChI=1S/C25H30ClN5O2/c1-2-24-27-31(25(32)30(24)18-19-33-23-10-4-3-5-11-23)13-7-12-28-14-16-29(17-15-28)22-9-6-8-21(26)20-22/h2-6,8-11,20H,1,7,12-19H2",VVCUNSTUQLMSIO-UHFFFAOYSA-N,5.522600000000002,467.20880288
"InChI=1S/C15H17N3O3/c1-2-14-16-18(9-6-11-19)15(20)17(14)10-12-21-13-7-4-3-5-8-13/h2-5,7-8,11H,1,6,9-10,12H2",NYGVFPHKZKAFRF-UHFFFAOYSA-N,C=CC1=NN(C(=O)N1CCOC2=CC=CC=C2)CCC=O,,,C15H17N3O3,287.126991404,2.7794000000000016,0,0,0,BTM00104,BTM00104,N-Dealkylation of alicyclic tertiary amine,BTMR1144,"CYP1A2
CYP2A6
CYP2B6
CYP2C8
CYP2C9
CYP2C19
CYP2D6
CYP3A4",HUMAN,BTM00013,C=CC1=NN(C(=O)N1CCOC2=CC=CC=C2)CCCN3CCN(CC3)C4=CC(=CC=C4)Cl,"InChI=1S/C25H30ClN5O2/c1-2-24-27-31(25(32)30(24)18-19-33-23-10-4-3-5-11-23)13-7-12-28-14-16-29(17-15-28)22-9-6-8-21(26)20-22/h2-6,8-11,20H,1,7,12-19H2",VVCUNSTUQLMSIO-UHFFFAOYSA-N,5.522600000000002,467.20880288
"InChI=1S/C10H13ClN2/c11-9-2-1-3-10(8-9)13-6-4-12-5-7-13/h1-3,8,12H,4-7H2",VHFVKMTVMIZMIK-UHFFFAOYSA-N,N1CCN(CC1)C2=CC(=CC=C2)Cl,,,C10H13ClN2,196.076726096,2.0780000000000003,0,0,0,BTM00007,BTM00007,N-Dealkylation of alicyclic tertiary amine,BTMR1144,"CYP1A2
CYP2A6
CYP2B6
CYP2C8
CYP2C9
CYP2C19
CYP2D6
CYP3A4",HUMAN,BTM00013,C=CC1=NN(C(=O)N1CCOC2=CC=CC=C2)CCCN3CCN(CC3)C4=CC(=CC=C4)Cl,"InChI=1S/C25H30ClN5O2/c1-2-24-27-31(25(32)30(24)18-19-33-23-10-4-3-5-11-23)13-7-12-28-14-16-29(17-15-28)22-9-6-8-21(26)20-22/h2-6,8-11,20H,1,7,12-19H2",VVCUNSTUQLMSIO-UHFFFAOYSA-N,5.522600000000002,467.20880288
"InChI=1S/C25H30ClN5O3/c1-2-24-27-31(25(33)30(24)17-18-34-21-7-4-3-5-8-21)12-6-11-28-13-15-29(16-14-28)22-19-20(26)9-10-23(22)32/h2-5,7-10,19,32H,1,6,11-18H2",HUGWVRUQIUBGKM-UHFFFAOYSA-N,C=CC1=NN(C(=O)N1CCOC2=CC=CC=C2)CCCN3CCN(CC3)C4=CC(=CC=C4O)Cl,,,C25H30ClN5O3,483.2037175,5.255200000000001,0,0,0,BTM00116,BTM00116,Hydroxylation of aromatic carbon para to halide group,BTMR1041,"CYP1A2
CYP2E1
CYP3A4",HUMAN,BTM00013,C=CC1=NN(C(=O)N1CCOC2=CC=CC=C2)CCCN3CCN(CC3)C4=CC(=CC=C4)Cl,"InChI=1S/C25H30ClN5O2/c1-2-24-27-31(25(32)30(24)18-19-33-23-10-4-3-5-11-23)13-7-12-28-14-16-29(17-15-28)22-9-6-8-21(26)20-22/h2-6,8-11,20H,1,7,12-19H2",VVCUNSTUQLMSIO-UHFFFAOYSA-N,5.522600000000002,467.20880288
"InChI=1S/C25H30ClN5O3/c1-2-23-27-31(25(33)30(23)16-17-34-22-10-4-3-5-11-22)13-7-12-28-14-15-29(19-24(28)32)21-9-6-8-20(26)18-21/h2-6,8-11,18,24,32H,1,7,12-17,19H2",OIVJRBBESMJMPV-UHFFFAOYSA-N,C=CC1=NN(C(=O)N1CCOC2=CC=CC=C2)CCCN3C(CN(CC3)C4=CC(=CC=C4)Cl)O,,,C25H30ClN5O3,483.2037175,5.182900000000001,0,0,0,BTM00134,BTM00134,Hydroxylation of heteroalicyclic secondary carbon,BTMR1070,"CYP1A2
CYP2A6
CYP2C9
CYP2D6
CYP3A4",HUMAN,BTM00013,C=CC1=NN(C(=O)N1CCOC2=CC=CC=C2)CCCN3CCN(CC3)C4=CC(=CC=C4)Cl,"InChI=1S/C25H30ClN5O2/c1-2-24-27-31(25(32)30(24)18-19-33-23-10-4-3-5-11-23)13-7-12-28-14-16-29(17-15-28)22-9-6-8-21(26)20-22/h2-6,8-11,20H,1,7,12-19H2",VVCUNSTUQLMSIO-UHFFFAOYSA-N,5.522600000000002,467.20880288
"InChI=1S/C25H30ClN5O3/c1-2-23-27-31(25(33)30(23)16-17-34-22-10-4-3-5-11-22)13-7-12-28-14-15-29(24(32)19-28)21-9-6-8-20(26)18-21/h2-6,8-11,18,24,32H,1,7,12-17,19H2",URJGCQWTZPQGLJ-UHFFFAOYSA-N,C=CC1=NN(C(=O)N1CCOC2=CC=CC=C2)CCCN3CC(N(CC3)C4=CC(=CC=C4)Cl)O,,,C25H30ClN5O3,483.2037175,5.182900000000001,0,0,0,BTM00141,BTM00141,Hydroxylation of heteroalicyclic secondary carbon,BTMR1070,"CYP1A2
CYP2A6
CYP2C9
CYP2D6
CYP3A4",HUMAN,BTM00013,C=CC1=NN(C(=O)N1CCOC2=CC=CC=C2)CCCN3CCN(CC3)C4=CC(=CC=C4)Cl,"InChI=1S/C25H30ClN5O2/c1-2-24-27-31(25(32)30(24)18-19-33-23-10-4-3-5-11-23)13-7-12-28-14-16-29(17-15-28)22-9-6-8-21(26)20-22/h2-6,8-11,20H,1,7,12-19H2",VVCUNSTUQLMSIO-UHFFFAOYSA-N,5.522600000000002,467.20880288
"InChI=1S/C25H30ClN5O3/c26-20-6-4-7-21(18-20)29-14-12-28(13-15-29)10-5-11-31-25(32)30(24(27-31)23-19-34-23)16-17-33-22-8-2-1-3-9-22/h1-4,6-9,18,23H,5,10-17,19H2",USNXAQNVYNYGGS-UHFFFAOYSA-N,C1C(C2=NN(C(=O)N2CCOC3=CC=CC=C3)CCCN4CCN(CC4)C5=CC(=CC=C5)Cl)O1,,,C25H30ClN5O3,483.2037175,4.622200000000002,0,0,0,BTM00152,BTM00152,Epoxidation of alkene,BTMR0109,"CYP1A2
CYP2B6
CYP2B6
CYP2C8
CYP2C9
CYP2C19
CYP2D6
CYP2E1
CYP3A4",HUMAN,BTM00013,C=CC1=NN(C(=O)N1CCOC2=CC=CC=C2)CCCN3CCN(CC3)C4=CC(=CC=C4)Cl,"InChI=1S/C25H30ClN5O2/c1-2-24-27-31(25(32)30(24)18-19-33-23-10-4-3-5-11-23)13-7-12-28-14-16-29(17-15-28)22-9-6-8-21(26)20-22/h2-6,8-11,20H,1,7,12-19H2",VVCUNSTUQLMSIO-UHFFFAOYSA-N,5.522600000000002,467.20880288
"InChI=1S/C25H30ClN5O3/c1-2-23-27-31(25(33)30(23)18-19-34-20-8-4-3-5-9-20)13-7-12-28-14-16-29(17-15-28)22-11-6-10-21(26)24(22)32/h2-6,8-11,32H,1,7,12-19H2",XMYGQVBMQGGXDX-UHFFFAOYSA-N,C=CC1=NN(C(=O)N1CCOC2=CC=CC=C2)CCCN3CCN(CC3)C4=C(C(=CC=C4)Cl)O,,,C25H30ClN5O3,483.2037175,5.255200000000001,0,0,0,BTM00153,BTM00153,Hydroxylation of aromatic carbon ortho to halide group,BTMR1040,"CYP1A2
CYP2A6
CYP2B6
CYP2C8
CYP2C9
CYP2C19
CYP2D6
CYP2E1
CYP3A4",HUMAN,BTM00013,C=CC1=NN(C(=O)N1CCOC2=CC=CC=C2)CCCN3CCN(CC3)C4=CC(=CC=C4)Cl,"InChI=1S/C25H30ClN5O2/c1-2-24-27-31(25(32)30(24)18-19-33-23-10-4-3-5-11-23)13-7-12-28-14-16-29(17-15-28)22-9-6-8-21(26)20-22/h2-6,8-11,20H,1,7,12-19H2",VVCUNSTUQLMSIO-UHFFFAOYSA-N,5.522600000000002,467.20880288
"InChI=1S/C25H30ClN5O3/c1-2-24-27-31(25(33)30(24)17-18-34-21-7-4-3-5-8-21)12-6-11-28-13-15-29(16-14-28)20-9-10-23(32)22(26)19-20/h2-5,7-10,19,32H,1,6,11-18H2",DVUJWEMYMSHWAS-UHFFFAOYSA-N,C=CC1=NN(C(=O)N1CCOC2=CC=CC=C2)CCCN3CCN(CC3)C4=CC(=C(C=C4)O)Cl,,,C25H30ClN5O3,483.2037175,5.255200000000001,0,0,0,BTM00154,BTM00154,Hydroxylation of aromatic carbon ortho to halide group,BTMR1040,"CYP1A2
CYP2A6
CYP2B6
CYP2C8
CYP2C9
CYP2C19
CYP2D6
CYP2E1
CYP3A4",HUMAN,BTM00013,C=CC1=NN(C(=O)N1CCOC2=CC=CC=C2)CCCN3CCN(CC3)C4=CC(=CC=C4)Cl,"InChI=1S/C25H30ClN5O2/c1-2-24-27-31(25(32)30(24)18-19-33-23-10-4-3-5-11-23)13-7-12-28-14-16-29(17-15-28)22-9-6-8-21(26)20-22/h2-6,8-11,20H,1,7,12-19H2",VVCUNSTUQLMSIO-UHFFFAOYSA-N,5.522600000000002,467.20880288
"InChI=1S/C25H30ClN5O3/c1-2-24-27-31(25(33)30(24)15-16-34-23-7-4-3-5-8-23)10-6-9-28-11-13-29(14-12-28)21-17-20(26)18-22(32)19-21/h2-5,7-8,17-19,32H,1,6,9-16H2",BXMKHHROSARBBD-UHFFFAOYSA-N,C=CC1=NN(C(=O)N1CCOC2=CC=CC=C2)CCCN3CCN(CC3)C4=CC(=CC(=C4)O)Cl,,,C25H30ClN5O3,483.2037175,5.255200000000001,0,0,0,BTM00155,BTM00155,Hydroxylation of aromatic carbon meta to halide group,BTMR1039,"CYP2A6
CYP2B6
CYP2C9
CYP2C19
CYP2E1
CYP3A4",HUMAN,BTM00013,C=CC1=NN(C(=O)N1CCOC2=CC=CC=C2)CCCN3CCN(CC3)C4=CC(=CC=C4)Cl,"InChI=1S/C25H30ClN5O2/c1-2-24-27-31(25(32)30(24)18-19-33-23-10-4-3-5-11-23)13-7-12-28-14-16-29(17-15-28)22-9-6-8-21(26)20-22/h2-6,8-11,20H,1,7,12-19H2",VVCUNSTUQLMSIO-UHFFFAOYSA-N,5.522600000000002,467.20880288
"InChI=1S/C25H30ClN5O3/c1-2-23-27-31(25(33)30(23)17-18-34-22-9-4-3-5-10-22)12-11-24(32)29-15-13-28(14-16-29)21-8-6-7-20(26)19-21/h2-10,19,24,32H,1,11-18H2",DSRWPEIKWUDDGQ-UHFFFAOYSA-N,C=CC1=NN(C(=O)N1CCOC2=CC=CC=C2)CCC(N3CCN(CC3)C4=CC(=CC=C4)Cl)O,,,C25H30ClN5O3,483.2037175,5.376100000000001,0,0,0,BTM00156,BTM00156,Aliphatic hydroxylation of carbon alpha to secondary or tertiary alkyl-N,BTMR1081,"CYP2B6
CYP2C19
CYP2D6",HUMAN,BTM00013,C=CC1=NN(C(=O)N1CCOC2=CC=CC=C2)CCCN3CCN(CC3)C4=CC(=CC=C4)Cl,"InChI=1S/C25H30ClN5O2/c1-2-24-27-31(25(32)30(24)18-19-33-23-10-4-3-5-11-23)13-7-12-28-14-16-29(17-15-28)22-9-6-8-21(26)20-22/h2-6,8-11,20H,1,7,12-19H2",VVCUNSTUQLMSIO-UHFFFAOYSA-N,5.522600000000002,467.20880288
"InChI=1S/C25H30ClN5O3/c1-2-23-27-31(25(33)30(23)16-17-34-22-10-4-3-5-11-22)13-7-12-28-14-15-29(19-24(28)32)21-9-6-8-20(26)18-21/h2-6,8-11,18,24,32H,1,7,12-17,19H2",OIVJRBBESMJMPV-UHFFFAOYSA-N,C=CC1=NN(C(=O)N1CCOC2=CC=CC=C2)CCCN3C(CN(CC3)C4=CC(=CC=C4)Cl)O,,,C25H30ClN5O3,483.2037175,5.182900000000001,0,0,0,BTM00134,BTM00134,Aliphatic hydroxylation of carbon alpha to secondary or tertiary alkyl-N,BTMR1081,"CYP2B6
CYP2C19
CYP2D6",HUMAN,BTM00013,C=CC1=NN(C(=O)N1CCOC2=CC=CC=C2)CCCN3CCN(CC3)C4=CC(=CC=C4)Cl,"InChI=1S/C25H30ClN5O2/c1-2-24-27-31(25(32)30(24)18-19-33-23-10-4-3-5-11-23)13-7-12-28-14-16-29(17-15-28)22-9-6-8-21(26)20-22/h2-6,8-11,20H,1,7,12-19H2",VVCUNSTUQLMSIO-UHFFFAOYSA-N,5.522600000000002,467.20880288
"InChI=1S/C25H30ClN5O3/c1-2-23-27-31(25(33)30(23)16-17-34-22-10-4-3-5-11-22)13-7-12-28-14-15-29(24(32)19-28)21-9-6-8-20(26)18-21/h2-6,8-11,18,24,32H,1,7,12-17,19H2",URJGCQWTZPQGLJ-UHFFFAOYSA-N,C=CC1=NN(C(=O)N1CCOC2=CC=CC=C2)CCCN3CC(N(CC3)C4=CC(=CC=C4)Cl)O,,,C25H30ClN5O3,483.2037175,5.182900000000001,0,0,0,BTM00141,BTM00141,Aliphatic hydroxylation of carbon alpha to secondary or tertiary alkyl-N,BTMR1081,"CYP2B6
CYP2C19
CYP2D6",HUMAN,BTM00013,C=CC1=NN(C(=O)N1CCOC2=CC=CC=C2)CCCN3CCN(CC3)C4=CC(=CC=C4)Cl,"InChI=1S/C25H30ClN5O2/c1-2-24-27-31(25(32)30(24)18-19-33-23-10-4-3-5-11-23)13-7-12-28-14-16-29(17-15-28)22-9-6-8-21(26)20-22/h2-6,8-11,20H,1,7,12-19H2",VVCUNSTUQLMSIO-UHFFFAOYSA-N,5.522600000000002,467.20880288
"InChI=1S/C25H32ClN5O4/c1-2-23-28-31(25(34)30(23)17-19-35-20-8-4-3-5-9-20)14-7-13-29(16-18-32)15-12-27-22-11-6-10-21(26)24(22)33/h3-6,8-11,18,27,33H,2,7,12-17,19H2,1H3",CPDMRWIDLPWRAK-UHFFFAOYSA-N,CCC1=NN(C(=O)N1CCOC2=CC=CC=C2)CCCN(CC=O)CCNC3=C(C(=CC=C3)Cl)O,,,C25H32ClN5O4,501.214282184,4.7969,1,1,1,BTM00053,BTM00053,N-Dealkylation of mixed tertiary amine,BTMR1145,"CYP1A2
CYP2A6
CYP2B6
CYP2C8
CYP2C9
CYP2C19
CYP2D6
CYP3A4",HUMAN,BTM00014,CCC1=NN(C(=O)N1CCOC2=CC=CC=C2)CCCN3CCN(CC3)C4=C(C(=CC=C4)Cl)O,"InChI=1S/C25H32ClN5O3/c1-2-23-27-31(25(33)30(23)18-19-34-20-8-4-3-5-9-20)13-7-12-28-14-16-29(17-15-28)22-11-6-10-21(26)24(22)32/h3-6,8-11,32H,2,7,12-19H2,1H3",GNTRDEDJGRXSAH-UHFFFAOYSA-N,5.252100000000002,485.219367564
"InChI=1S/C25H32ClN5O4/c1-2-23-27-31(25(34)30(23)15-16-35-20-7-4-3-5-8-20)10-6-9-28-11-13-29(14-12-28)22-18-19(32)17-21(26)24(22)33/h3-5,7-8,17-18,32-33H,2,6,9-16H2,1H3",FUCXUESNZIWUIH-UHFFFAOYSA-N,CCC1=NN(C(=O)N1CCOC2=CC=CC=C2)CCCN3CCN(CC3)C4=C(C(=CC(=C4)O)Cl)O,,,C25H32ClN5O4,501.214282184,4.984700000000003,1,0,0,BTM00157,BTM00157,p-Hydroxylation of phenol,BTMR1038,"CYP1A2
CYP2A6
CYP2B6
CYP2C8
CYP2C9
CYP2C19
CYP2D6
CYP2E1
CYP3A4",HUMAN,BTM00014,CCC1=NN(C(=O)N1CCOC2=CC=CC=C2)CCCN3CCN(CC3)C4=C(C(=CC=C4)Cl)O,"InChI=1S/C25H32ClN5O3/c1-2-23-27-31(25(33)30(23)18-19-34-20-8-4-3-5-9-20)13-7-12-28-14-16-29(17-15-28)22-11-6-10-21(26)24(22)32/h3-6,8-11,32H,2,7,12-19H2,1H3",GNTRDEDJGRXSAH-UHFFFAOYSA-N,5.252100000000002,485.219367564
"InChI=1S/C19H26ClN5O3/c1-2-17-21-25(19(28)24(17)13-14-26)8-4-7-22-9-11-23(12-10-22)16-6-3-5-15(20)18(16)27/h3,5-6,14,27H,2,4,7-13H2,1H3",SVHMXMSHSFZZDW-UHFFFAOYSA-N,CCC1=NN(C(=O)N1CC=O)CCCN2CCN(CC2)C3=C(C(=CC=C3)Cl)O,,,C19H26ClN5O3,407.172417372,3.3368,0,0,0,BTM00075,BTM00075,O-Dealkylation,BTMR0052,"CYP1A2
CYP2A6
CYP2C9
CYP2C19
CYP2D6
CYP2E1
CYP3A4",HUMAN,BTM00014,CCC1=NN(C(=O)N1CCOC2=CC=CC=C2)CCCN3CCN(CC3)C4=C(C(=CC=C4)Cl)O,"InChI=1S/C25H32ClN5O3/c1-2-23-27-31(25(33)30(23)18-19-34-20-8-4-3-5-9-20)13-7-12-28-14-16-29(17-15-28)22-11-6-10-21(26)24(22)32/h3-6,8-11,32H,2,7,12-19H2,1H3",GNTRDEDJGRXSAH-UHFFFAOYSA-N,5.252100000000002,485.219367564
"InChI=1S/C6H6O/c7-6-4-2-1-3-5-6/h1-5,7H",ISWSIDIOOBJBQZ-UHFFFAOYSA-N,OC1=CC=CC=C1,,,C6H6O,94.041864812,1.5626000000000002,0,0,0,BTM00003,BTM00003,O-Dealkylation,BTMR0052,"CYP1A2
CYP2A6
CYP2C9
CYP2C19
CYP2D6
CYP2E1
CYP3A4",HUMAN,BTM00014,CCC1=NN(C(=O)N1CCOC2=CC=CC=C2)CCCN3CCN(CC3)C4=C(C(=CC=C4)Cl)O,"InChI=1S/C25H32ClN5O3/c1-2-23-27-31(25(33)30(23)18-19-34-20-8-4-3-5-9-20)13-7-12-28-14-16-29(17-15-28)22-11-6-10-21(26)24(22)32/h3-6,8-11,32H,2,7,12-19H2,1H3",GNTRDEDJGRXSAH-UHFFFAOYSA-N,5.252100000000002,485.219367564
"InChI=1S/C25H32ClN5O4/c1-2-23-27-30(25(33)29(23)16-19-35-20-8-4-3-5-9-20)13-7-12-28-14-17-31(34,18-15-28)22-11-6-10-21(26)24(22)32/h3-6,8-11,32H,2,7,12-19H2,1H3",KZKNDPDKKYNSTG-UHFFFAOYSA-N,CCC1=NN(C(=O)N1CCOC2=CC=CC=C2)CCCN3CC[N+](CC3)(C4=C(C(=CC=C4)Cl)O)[O-],,,C25H32ClN5O4,501.21428218399996,4.751500000000003,1,0,0,BTM00089,BTM00089,N-Oxidation of alicyclic tertiary amine,BTMR1099,"CYP1A2
CYP2C8
CYP2C19
CYP2D6
CYP3A4",HUMAN,BTM00014,CCC1=NN(C(=O)N1CCOC2=CC=CC=C2)CCCN3CCN(CC3)C4=C(C(=CC=C4)Cl)O,"InChI=1S/C25H32ClN5O3/c1-2-23-27-31(25(33)30(23)18-19-34-20-8-4-3-5-9-20)13-7-12-28-14-16-29(17-15-28)22-11-6-10-21(26)24(22)32/h3-6,8-11,32H,2,7,12-19H2,1H3",GNTRDEDJGRXSAH-UHFFFAOYSA-N,5.252100000000002,485.219367564
"InChI=1S/C25H32ClN5O4/c1-2-23-27-30(25(33)29(23)15-19-35-20-8-4-3-5-9-20)12-7-16-31(34)17-13-28(14-18-31)22-11-6-10-21(26)24(22)32/h3-6,8-11,32H,2,7,12-19H2,1H3",QYKXQGCEAKNBCL-UHFFFAOYSA-N,CCC1=NN(C(=O)N1CCOC2=CC=CC=C2)CCC[N+]3(CCN(CC3)C4=C(C(=CC=C4)Cl)O)[O-],,,C25H32ClN5O4,501.214282184,4.847000000000002,1,0,0,BTM00099,BTM00099,N-Oxidation of alicyclic tertiary amine,BTMR1099,"CYP1A2
CYP2C8
CYP2C19
CYP2D6
CYP3A4",HUMAN,BTM00014,CCC1=NN(C(=O)N1CCOC2=CC=CC=C2)CCCN3CCN(CC3)C4=C(C(=CC=C4)Cl)O,"InChI=1S/C25H32ClN5O3/c1-2-23-27-31(25(33)30(23)18-19-34-20-8-4-3-5-9-20)13-7-12-28-14-16-29(17-15-28)22-11-6-10-21(26)24(22)32/h3-6,8-11,32H,2,7,12-19H2,1H3",GNTRDEDJGRXSAH-UHFFFAOYSA-N,5.252100000000002,485.219367564
"InChI=1S/C15H19N3O3/c1-2-14-16-18(9-6-11-19)15(20)17(14)10-12-21-13-7-4-3-5-8-13/h3-5,7-8,11H,2,6,9-10,12H2,1H3",DTNMGOVUYBUCIW-UHFFFAOYSA-N,CCC1=NN(C(=O)N1CCOC2=CC=CC=C2)CCC=O,,,C15H19N3O3,289.14264146799997,2.776300000000001,0,0,0,BTM00006,BTM00006,N-Dealkylation of alicyclic tertiary amine,BTMR1144,"CYP1A2
CYP2A6
CYP2B6
CYP2C8
CYP2C9
CYP2C19
CYP2D6
CYP3A4",HUMAN,BTM00014,CCC1=NN(C(=O)N1CCOC2=CC=CC=C2)CCCN3CCN(CC3)C4=C(C(=CC=C4)Cl)O,"InChI=1S/C25H32ClN5O3/c1-2-23-27-31(25(33)30(23)18-19-34-20-8-4-3-5-9-20)13-7-12-28-14-16-29(17-15-28)22-11-6-10-21(26)24(22)32/h3-6,8-11,32H,2,7,12-19H2,1H3",GNTRDEDJGRXSAH-UHFFFAOYSA-N,5.252100000000002,485.219367564
"InChI=1S/C10H13ClN2O/c11-8-2-1-3-9(10(8)14)13-6-4-12-5-7-13/h1-3,12,14H,4-7H2",QHGNMMHYMJOXQC-UHFFFAOYSA-N,N1CCN(CC1)C2=C(C(=CC=C2)Cl)O,,,C10H13ClN2O,212.071640716,1.8106000000000009,0,0,0,BTM00109,BTM00109,N-Dealkylation of alicyclic tertiary amine,BTMR1144,"CYP1A2
CYP2A6
CYP2B6
CYP2C8
CYP2C9
CYP2C19
CYP2D6
CYP3A4",HUMAN,BTM00014,CCC1=NN(C(=O)N1CCOC2=CC=CC=C2)CCCN3CCN(CC3)C4=C(C(=CC=C4)Cl)O,"InChI=1S/C25H32ClN5O3/c1-2-23-27-31(25(33)30(23)18-19-34-20-8-4-3-5-9-20)13-7-12-28-14-16-29(17-15-28)22-11-6-10-21(26)24(22)32/h3-6,8-11,32H,2,7,12-19H2,1H3",GNTRDEDJGRXSAH-UHFFFAOYSA-N,5.252100000000002,485.219367564
"InChI=1S/C25H32ClN5O4/c1-2-22-27-31(25(34)30(22)17-18-35-19-7-4-3-5-8-19)12-6-11-28-13-15-29(16-14-28)23-21(32)10-9-20(26)24(23)33/h3-5,7-10,32-33H,2,6,11-18H2,1H3",RIDCHQNCIYHZQE-UHFFFAOYSA-N,CCC1=NN(C(=O)N1CCOC2=CC=CC=C2)CCCN3CCN(CC3)C4=C(C(=CC=C4O)Cl)O,,,C25H32ClN5O4,501.214282184,4.984700000000003,1,0,0,BTM00118,BTM00118,Hydroxylation of aromatic carbon para to halide group,BTMR1041,"CYP1A2
CYP2E1
CYP3A4",HUMAN,BTM00014,CCC1=NN(C(=O)N1CCOC2=CC=CC=C2)CCCN3CCN(CC3)C4=C(C(=CC=C4)Cl)O,"InChI=1S/C25H32ClN5O3/c1-2-23-27-31(25(33)30(23)18-19-34-20-8-4-3-5-9-20)13-7-12-28-14-16-29(17-15-28)22-11-6-10-21(26)24(22)32/h3-6,8-11,32H,2,7,12-19H2,1H3",GNTRDEDJGRXSAH-UHFFFAOYSA-N,5.252100000000002,485.219367564
"InChI=1S/C25H32ClN5O4/c1-19(32)24-27-31(25(34)30(24)17-18-35-20-7-3-2-4-8-20)12-6-11-28-13-15-29(16-14-28)22-10-5-9-21(26)23(22)33/h2-5,7-10,19,32-33H,6,11-18H2,1H3",FCHKFJXUYHHKBP-UHFFFAOYSA-N,CC(C1=NN(C(=O)N1CCOC2=CC=CC=C2)CCCN3CCN(CC3)C4=C(C(=CC=C4)Cl)O)O,,,C25H32ClN5O4,501.214282184,4.4765000000000015,1,0,0,BTM00126,BTM00126,Hydroxylation of penultimate aliphatic secondary carbon,BTMR1074,"CYP1A2
CYP2A6
CYP2B6
CYP2C8
CYP2C9
CYP2C19
CYP2D6
CYP2E1
CYP3A4",HUMAN,BTM00014,CCC1=NN(C(=O)N1CCOC2=CC=CC=C2)CCCN3CCN(CC3)C4=C(C(=CC=C4)Cl)O,"InChI=1S/C25H32ClN5O3/c1-2-23-27-31(25(33)30(23)18-19-34-20-8-4-3-5-9-20)13-7-12-28-14-16-29(17-15-28)22-11-6-10-21(26)24(22)32/h3-6,8-11,32H,2,7,12-19H2,1H3",GNTRDEDJGRXSAH-UHFFFAOYSA-N,5.252100000000002,485.219367564
"InChI=1S/C25H32ClN5O4/c1-2-22-27-31(25(34)30(22)16-17-35-19-8-4-3-5-9-19)13-7-12-28-14-15-29(18-23(28)32)21-11-6-10-20(26)24(21)33/h3-6,8-11,23,32-33H,2,7,12-18H2,1H3",VYPUTFLQMKUVER-UHFFFAOYSA-N,CCC1=NN(C(=O)N1CCOC2=CC=CC=C2)CCCN3C(CN(CC3)C4=C(C(=CC=C4)Cl)O)O,,,C25H32ClN5O4,501.214282184,4.9124000000000025,1,0,0,BTM00135,BTM00135,Hydroxylation of heteroalicyclic secondary carbon,BTMR1070,"CYP1A2
CYP2A6
CYP2C9
CYP2D6
CYP3A4",HUMAN,BTM00014,CCC1=NN(C(=O)N1CCOC2=CC=CC=C2)CCCN3CCN(CC3)C4=C(C(=CC=C4)Cl)O,"InChI=1S/C25H32ClN5O3/c1-2-23-27-31(25(33)30(23)18-19-34-20-8-4-3-5-9-20)13-7-12-28-14-16-29(17-15-28)22-11-6-10-21(26)24(22)32/h3-6,8-11,32H,2,7,12-19H2,1H3",GNTRDEDJGRXSAH-UHFFFAOYSA-N,5.252100000000002,485.219367564
"InChI=1S/C25H32ClN5O4/c1-2-22-27-31(25(34)30(22)16-17-35-19-8-4-3-5-9-19)13-7-12-28-14-15-29(23(32)18-28)21-11-6-10-20(26)24(21)33/h3-6,8-11,23,32-33H,2,7,12-18H2,1H3",ZWMXXUMGURDSRA-UHFFFAOYSA-N,CCC1=NN(C(=O)N1CCOC2=CC=CC=C2)CCCN3CC(N(CC3)C4=C(C(=CC=C4)Cl)O)O,,,C25H32ClN5O4,501.214282184,4.9124000000000025,1,0,0,BTM00142,BTM00142,Hydroxylation of heteroalicyclic secondary carbon,BTMR1070,"CYP1A2
CYP2A6
CYP2C9
CYP2D6
CYP3A4",HUMAN,BTM00014,CCC1=NN(C(=O)N1CCOC2=CC=CC=C2)CCCN3CCN(CC3)C4=C(C(=CC=C4)Cl)O,"InChI=1S/C25H32ClN5O3/c1-2-23-27-31(25(33)30(23)18-19-34-20-8-4-3-5-9-20)13-7-12-28-14-16-29(17-15-28)22-11-6-10-21(26)24(22)32/h3-6,8-11,32H,2,7,12-19H2,1H3",GNTRDEDJGRXSAH-UHFFFAOYSA-N,5.252100000000002,485.219367564
"InChI=1S/C25H32ClN5O4/c26-21-8-4-9-22(24(21)33)29-15-13-28(14-16-29)11-5-12-31-25(34)30(23(27-31)10-18-32)17-19-35-20-6-2-1-3-7-20/h1-4,6-9,32-33H,5,10-19H2",UUMTZUFERJSVGE-UHFFFAOYSA-N,C(CC1=NN(C(=O)N1CCOC2=CC=CC=C2)CCCN3CCN(CC3)C4=C(C(=CC=C4)Cl)O)O,,,C25H32ClN5O4,501.214282184,4.354600000000004,1,0,0,BTM00147,BTM00147,Hydroxylation of terminal methyl,BTMR1061,"CYP1A2
CYP2A6
CYP2B6
CYP2C8
CYP2C9
CYP2C19
CYP2D6
CYP2E1
CYP3A4",HUMAN,BTM00014,CCC1=NN(C(=O)N1CCOC2=CC=CC=C2)CCCN3CCN(CC3)C4=C(C(=CC=C4)Cl)O,"InChI=1S/C25H32ClN5O3/c1-2-23-27-31(25(33)30(23)18-19-34-20-8-4-3-5-9-20)13-7-12-28-14-16-29(17-15-28)22-11-6-10-21(26)24(22)32/h3-6,8-11,32H,2,7,12-19H2,1H3",GNTRDEDJGRXSAH-UHFFFAOYSA-N,5.252100000000002,485.219367564
"InChI=1S/C25H30ClN5O3/c1-2-23-27-31(25(33)30(23)18-19-34-20-8-4-3-5-9-20)13-7-12-28-14-16-29(17-15-28)22-11-6-10-21(26)24(22)32/h2-6,8-11,32H,1,7,12-19H2",XMYGQVBMQGGXDX-UHFFFAOYSA-N,C=CC1=NN(C(=O)N1CCOC2=CC=CC=C2)CCCN3CCN(CC3)C4=C(C(=CC=C4)Cl)O,,,C25H30ClN5O3,483.2037175,5.255200000000001,0,0,0,BTM00153,BTM00153,Terminal desaturation,BTMR1190,"CYP1A2
CYP2A6
CYP2C9
CYP2D6
CYP3A4",HUMAN,BTM00014,CCC1=NN(C(=O)N1CCOC2=CC=CC=C2)CCCN3CCN(CC3)C4=C(C(=CC=C4)Cl)O,"InChI=1S/C25H32ClN5O3/c1-2-23-27-31(25(33)30(23)18-19-34-20-8-4-3-5-9-20)13-7-12-28-14-16-29(17-15-28)22-11-6-10-21(26)24(22)32/h3-6,8-11,32H,2,7,12-19H2,1H3",GNTRDEDJGRXSAH-UHFFFAOYSA-N,5.252100000000002,485.219367564
"InChI=1S/C25H32ClN5O4/c1-2-22-27-31(25(34)30(22)17-18-35-19-7-4-3-5-8-19)12-6-11-28-13-15-29(16-14-28)20-9-10-21(32)23(26)24(20)33/h3-5,7-10,32-33H,2,6,11-18H2,1H3",FSTKKGFQOINDTA-UHFFFAOYSA-N,CCC1=NN(C(=O)N1CCOC2=CC=CC=C2)CCCN3CCN(CC3)C4=C(C(=C(C=C4)O)Cl)O,,,C25H32ClN5O4,501.214282184,4.984700000000003,1,0,0,BTM00158,BTM00158,Hydroxylation of aromatic carbon ortho to halide group,BTMR1040,"CYP1A2
CYP2A6
CYP2B6
CYP2C8
CYP2C9
CYP2C19
CYP2D6
CYP2E1
CYP3A4",HUMAN,BTM00014,CCC1=NN(C(=O)N1CCOC2=CC=CC=C2)CCCN3CCN(CC3)C4=C(C(=CC=C4)Cl)O,"InChI=1S/C25H32ClN5O3/c1-2-23-27-31(25(33)30(23)18-19-34-20-8-4-3-5-9-20)13-7-12-28-14-16-29(17-15-28)22-11-6-10-21(26)24(22)32/h3-6,8-11,32H,2,7,12-19H2,1H3",GNTRDEDJGRXSAH-UHFFFAOYSA-N,5.252100000000002,485.219367564
"InChI=1S/C25H32ClN5O4/c1-2-22-27-31(25(34)30(22)17-18-35-19-7-4-3-5-8-19)12-11-23(32)29-15-13-28(14-16-29)21-10-6-9-20(26)24(21)33/h3-10,23,32-33H,2,11-18H2,1H3",HKTXVZDJJLWOJV-UHFFFAOYSA-N,CCC1=NN(C(=O)N1CCOC2=CC=CC=C2)CCC(N3CCN(CC3)C4=C(C(=CC=C4)Cl)O)O,,,C25H32ClN5O4,501.214282184,5.1056000000000035,1,0,0,BTM00159,BTM00159,Aliphatic hydroxylation of carbon alpha to secondary or tertiary alkyl-N,BTMR1081,"CYP2B6
CYP2C19
CYP2D6",HUMAN,BTM00014,CCC1=NN(C(=O)N1CCOC2=CC=CC=C2)CCCN3CCN(CC3)C4=C(C(=CC=C4)Cl)O,"InChI=1S/C25H32ClN5O3/c1-2-23-27-31(25(33)30(23)18-19-34-20-8-4-3-5-9-20)13-7-12-28-14-16-29(17-15-28)22-11-6-10-21(26)24(22)32/h3-6,8-11,32H,2,7,12-19H2,1H3",GNTRDEDJGRXSAH-UHFFFAOYSA-N,5.252100000000002,485.219367564
"InChI=1S/C25H32ClN5O4/c1-2-22-27-31(25(34)30(22)16-17-35-19-8-4-3-5-9-19)13-7-12-28-14-15-29(18-23(28)32)21-11-6-10-20(26)24(21)33/h3-6,8-11,23,32-33H,2,7,12-18H2,1H3",VYPUTFLQMKUVER-UHFFFAOYSA-N,CCC1=NN(C(=O)N1CCOC2=CC=CC=C2)CCCN3C(CN(CC3)C4=C(C(=CC=C4)Cl)O)O,,,C25H32ClN5O4,501.214282184,4.9124000000000025,1,0,0,BTM00135,BTM00135,Aliphatic hydroxylation of carbon alpha to secondary or tertiary alkyl-N,BTMR1081,"CYP2B6
CYP2C19
CYP2D6",HUMAN,BTM00014,CCC1=NN(C(=O)N1CCOC2=CC=CC=C2)CCCN3CCN(CC3)C4=C(C(=CC=C4)Cl)O,"InChI=1S/C25H32ClN5O3/c1-2-23-27-31(25(33)30(23)18-19-34-20-8-4-3-5-9-20)13-7-12-28-14-16-29(17-15-28)22-11-6-10-21(26)24(22)32/h3-6,8-11,32H,2,7,12-19H2,1H3",GNTRDEDJGRXSAH-UHFFFAOYSA-N,5.252100000000002,485.219367564
"InChI=1S/C25H32ClN5O4/c1-2-22-27-31(25(34)30(22)16-17-35-19-8-4-3-5-9-19)13-7-12-28-14-15-29(23(32)18-28)21-11-6-10-20(26)24(21)33/h3-6,8-11,23,32-33H,2,7,12-18H2,1H3",ZWMXXUMGURDSRA-UHFFFAOYSA-N,CCC1=NN(C(=O)N1CCOC2=CC=CC=C2)CCCN3CC(N(CC3)C4=C(C(=CC=C4)Cl)O)O,,,C25H32ClN5O4,501.214282184,4.9124000000000025,1,0,0,BTM00142,BTM00142,Aliphatic hydroxylation of carbon alpha to secondary or tertiary alkyl-N,BTMR1081,"CYP2B6
CYP2C19
CYP2D6",HUMAN,BTM00014,CCC1=NN(C(=O)N1CCOC2=CC=CC=C2)CCCN3CCN(CC3)C4=C(C(=CC=C4)Cl)O,"InChI=1S/C25H32ClN5O3/c1-2-23-27-31(25(33)30(23)18-19-34-20-8-4-3-5-9-20)13-7-12-28-14-16-29(17-15-28)22-11-6-10-21(26)24(22)32/h3-6,8-11,32H,2,7,12-19H2,1H3",GNTRDEDJGRXSAH-UHFFFAOYSA-N,5.252100000000002,485.219367564
"InChI=1S/C25H32ClN5O4/c1-2-24-28-31(25(34)30(24)16-18-35-21-7-4-3-5-8-21)13-6-12-29(15-17-32)14-11-27-20-9-10-23(33)22(26)19-20/h3-5,7-10,17,19,27,33H,2,6,11-16,18H2,1H3",DUBJWWGXQWSMPV-UHFFFAOYSA-N,CCC1=NN(C(=O)N1CCOC2=CC=CC=C2)CCCN(CC=O)CCNC3=CC(=C(C=C3)O)Cl,,,C25H32ClN5O4,501.214282184,4.7969,1,1,1,BTM00054,BTM00054,N-Dealkylation of mixed tertiary amine,BTMR1145,"CYP1A2
CYP2A6
CYP2B6
CYP2C8
CYP2C9
CYP2C19
CYP2D6
CYP3A4",HUMAN,BTM00015,CCC1=NN(C(=O)N1CCOC2=CC=CC=C2)CCCN3CCN(CC3)C4=CC(=C(C=C4)O)Cl,"InChI=1S/C25H32ClN5O3/c1-2-24-27-31(25(33)30(24)17-18-34-21-7-4-3-5-8-21)12-6-11-28-13-15-29(16-14-28)20-9-10-23(32)22(26)19-20/h3-5,7-10,19,32H,2,6,11-18H2,1H3",XGIODORTBODPTQ-UHFFFAOYSA-N,5.252100000000002,485.219367564
"InChI=1S/C19H26ClN5O3/c1-2-18-21-25(19(28)24(18)12-13-26)7-3-6-22-8-10-23(11-9-22)15-4-5-17(27)16(20)14-15/h4-5,13-14,27H,2-3,6-12H2,1H3",WSUMFIKGGHVIBV-UHFFFAOYSA-N,CCC1=NN(C(=O)N1CC=O)CCCN2CCN(CC2)C3=CC(=C(C=C3)O)Cl,,,C19H26ClN5O3,407.172417372,3.3368,0,0,0,BTM00076,BTM00076,O-Dealkylation,BTMR0052,"CYP1A2
CYP2A6
CYP2C9
CYP2C19
CYP2D6
CYP2E1
CYP3A4",HUMAN,BTM00015,CCC1=NN(C(=O)N1CCOC2=CC=CC=C2)CCCN3CCN(CC3)C4=CC(=C(C=C4)O)Cl,"InChI=1S/C25H32ClN5O3/c1-2-24-27-31(25(33)30(24)17-18-34-21-7-4-3-5-8-21)12-6-11-28-13-15-29(16-14-28)20-9-10-23(32)22(26)19-20/h3-5,7-10,19,32H,2,6,11-18H2,1H3",XGIODORTBODPTQ-UHFFFAOYSA-N,5.252100000000002,485.219367564
"InChI=1S/C6H6O/c7-6-4-2-1-3-5-6/h1-5,7H",ISWSIDIOOBJBQZ-UHFFFAOYSA-N,OC1=CC=CC=C1,,,C6H6O,94.041864812,1.5626000000000002,0,0,0,BTM00003,BTM00003,O-Dealkylation,BTMR0052,"CYP1A2
CYP2A6
CYP2C9
CYP2C19
CYP2D6
CYP2E1
CYP3A4",HUMAN,BTM00015,CCC1=NN(C(=O)N1CCOC2=CC=CC=C2)CCCN3CCN(CC3)C4=CC(=C(C=C4)O)Cl,"InChI=1S/C25H32ClN5O3/c1-2-24-27-31(25(33)30(24)17-18-34-21-7-4-3-5-8-21)12-6-11-28-13-15-29(16-14-28)20-9-10-23(32)22(26)19-20/h3-5,7-10,19,32H,2,6,11-18H2,1H3",XGIODORTBODPTQ-UHFFFAOYSA-N,5.252100000000002,485.219367564
"InChI=1S/C25H32ClN5O4/c1-2-24-27-30(25(33)29(24)15-18-35-21-7-4-3-5-8-21)12-6-11-28-13-16-31(34,17-14-28)20-9-10-23(32)22(26)19-20/h3-5,7-10,19,32H,2,6,11-18H2,1H3",KYBXHGQMNJYBPE-UHFFFAOYSA-N,CCC1=NN(C(=O)N1CCOC2=CC=CC=C2)CCCN3CC[N+](CC3)(C4=CC(=C(C=C4)O)Cl)[O-],,,C25H32ClN5O4,501.214282184,4.751500000000003,1,0,0,BTM00090,BTM00090,N-Oxidation of alicyclic tertiary amine,BTMR1099,"CYP1A2
CYP2C8
CYP2C19
CYP2D6
CYP3A4",HUMAN,BTM00015,CCC1=NN(C(=O)N1CCOC2=CC=CC=C2)CCCN3CCN(CC3)C4=CC(=C(C=C4)O)Cl,"InChI=1S/C25H32ClN5O3/c1-2-24-27-31(25(33)30(24)17-18-34-21-7-4-3-5-8-21)12-6-11-28-13-15-29(16-14-28)20-9-10-23(32)22(26)19-20/h3-5,7-10,19,32H,2,6,11-18H2,1H3",XGIODORTBODPTQ-UHFFFAOYSA-N,5.252100000000002,485.219367564
"InChI=1S/C25H32ClN5O4/c1-2-24-27-30(25(33)29(24)14-18-35-21-7-4-3-5-8-21)11-6-15-31(34)16-12-28(13-17-31)20-9-10-23(32)22(26)19-20/h3-5,7-10,19,32H,2,6,11-18H2,1H3",MQYWSPWCUKXNNX-UHFFFAOYSA-N,CCC1=NN(C(=O)N1CCOC2=CC=CC=C2)CCC[N+]3(CCN(CC3)C4=CC(=C(C=C4)O)Cl)[O-],,,C25H32ClN5O4,501.214282184,4.847000000000002,1,0,0,BTM00100,BTM00100,N-Oxidation of alicyclic tertiary amine,BTMR1099,"CYP1A2
CYP2C8
CYP2C19
CYP2D6
CYP3A4",HUMAN,BTM00015,CCC1=NN(C(=O)N1CCOC2=CC=CC=C2)CCCN3CCN(CC3)C4=CC(=C(C=C4)O)Cl,"InChI=1S/C25H32ClN5O3/c1-2-24-27-31(25(33)30(24)17-18-34-21-7-4-3-5-8-21)12-6-11-28-13-15-29(16-14-28)20-9-10-23(32)22(26)19-20/h3-5,7-10,19,32H,2,6,11-18H2,1H3",XGIODORTBODPTQ-UHFFFAOYSA-N,5.252100000000002,485.219367564
"InChI=1S/C15H19N3O3/c1-2-14-16-18(9-6-11-19)15(20)17(14)10-12-21-13-7-4-3-5-8-13/h3-5,7-8,11H,2,6,9-10,12H2,1H3",DTNMGOVUYBUCIW-UHFFFAOYSA-N,CCC1=NN(C(=O)N1CCOC2=CC=CC=C2)CCC=O,,,C15H19N3O3,289.14264146799997,2.776300000000001,0,0,0,BTM00006,BTM00006,N-Dealkylation of alicyclic tertiary amine,BTMR1144,"CYP1A2
CYP2A6
CYP2B6
CYP2C8
CYP2C9
CYP2C19
CYP2D6
CYP3A4",HUMAN,BTM00015,CCC1=NN(C(=O)N1CCOC2=CC=CC=C2)CCCN3CCN(CC3)C4=CC(=C(C=C4)O)Cl,"InChI=1S/C25H32ClN5O3/c1-2-24-27-31(25(33)30(24)17-18-34-21-7-4-3-5-8-21)12-6-11-28-13-15-29(16-14-28)20-9-10-23(32)22(26)19-20/h3-5,7-10,19,32H,2,6,11-18H2,1H3",XGIODORTBODPTQ-UHFFFAOYSA-N,5.252100000000002,485.219367564
"InChI=1S/C10H13ClN2O/c11-9-7-8(1-2-10(9)14)13-5-3-12-4-6-13/h1-2,7,12,14H,3-6H2",FXECOYYRPDGOQB-UHFFFAOYSA-N,N1CCN(CC1)C2=CC(=C(C=C2)O)Cl,,,C10H13ClN2O,212.071640716,1.8106000000000009,0,0,0,BTM00110,BTM00110,N-Dealkylation of alicyclic tertiary amine,BTMR1144,"CYP1A2
CYP2A6
CYP2B6
CYP2C8
CYP2C9
CYP2C19
CYP2D6
CYP3A4",HUMAN,BTM00015,CCC1=NN(C(=O)N1CCOC2=CC=CC=C2)CCCN3CCN(CC3)C4=CC(=C(C=C4)O)Cl,"InChI=1S/C25H32ClN5O3/c1-2-24-27-31(25(33)30(24)17-18-34-21-7-4-3-5-8-21)12-6-11-28-13-15-29(16-14-28)20-9-10-23(32)22(26)19-20/h3-5,7-10,19,32H,2,6,11-18H2,1H3",XGIODORTBODPTQ-UHFFFAOYSA-N,5.252100000000002,485.219367564
"InChI=1S/C25H32ClN5O4/c1-2-24-27-31(25(34)30(24)15-16-35-19-7-4-3-5-8-19)10-6-9-28-11-13-29(14-12-28)21-17-20(26)22(32)18-23(21)33/h3-5,7-8,17-18,32-33H,2,6,9-16H2,1H3",KQCKMIWMOALRCO-UHFFFAOYSA-N,CCC1=NN(C(=O)N1CCOC2=CC=CC=C2)CCCN3CCN(CC3)C4=CC(=C(C=C4O)O)Cl,,,C25H32ClN5O4,501.214282184,4.984700000000003,1,0,0,BTM00119,BTM00119,Hydroxylation of aromatic carbon para to halide group,BTMR1041,"CYP1A2
CYP2E1
CYP3A4",HUMAN,BTM00015,CCC1=NN(C(=O)N1CCOC2=CC=CC=C2)CCCN3CCN(CC3)C4=CC(=C(C=C4)O)Cl,"InChI=1S/C25H32ClN5O3/c1-2-24-27-31(25(33)30(24)17-18-34-21-7-4-3-5-8-21)12-6-11-28-13-15-29(16-14-28)20-9-10-23(32)22(26)19-20/h3-5,7-10,19,32H,2,6,11-18H2,1H3",XGIODORTBODPTQ-UHFFFAOYSA-N,5.252100000000002,485.219367564
"InChI=1S/C25H32ClN5O4/c1-19(32)24-27-31(25(34)30(24)16-17-35-21-6-3-2-4-7-21)11-5-10-28-12-14-29(15-13-28)20-8-9-23(33)22(26)18-20/h2-4,6-9,18-19,32-33H,5,10-17H2,1H3",KOPIRXYOCHWNGS-UHFFFAOYSA-N,CC(C1=NN(C(=O)N1CCOC2=CC=CC=C2)CCCN3CCN(CC3)C4=CC(=C(C=C4)O)Cl)O,,,C25H32ClN5O4,501.214282184,4.4765000000000015,1,0,0,BTM00127,BTM00127,Hydroxylation of penultimate aliphatic secondary carbon,BTMR1074,"CYP1A2
CYP2A6
CYP2B6
CYP2C8
CYP2C9
CYP2C19
CYP2D6
CYP2E1
CYP3A4",HUMAN,BTM00015,CCC1=NN(C(=O)N1CCOC2=CC=CC=C2)CCCN3CCN(CC3)C4=CC(=C(C=C4)O)Cl,"InChI=1S/C25H32ClN5O3/c1-2-24-27-31(25(33)30(24)17-18-34-21-7-4-3-5-8-21)12-6-11-28-13-15-29(16-14-28)20-9-10-23(32)22(26)19-20/h3-5,7-10,19,32H,2,6,11-18H2,1H3",XGIODORTBODPTQ-UHFFFAOYSA-N,5.252100000000002,485.219367564
"InChI=1S/C25H32ClN5O4/c1-2-23-27-31(25(34)30(23)15-16-35-20-7-4-3-5-8-20)12-6-11-28-13-14-29(18-24(28)33)19-9-10-22(32)21(26)17-19/h3-5,7-10,17,24,32-33H,2,6,11-16,18H2,1H3",YPHYEJYPDKBLQF-UHFFFAOYSA-N,CCC1=NN(C(=O)N1CCOC2=CC=CC=C2)CCCN3C(CN(CC3)C4=CC(=C(C=C4)O)Cl)O,,,C25H32ClN5O4,501.214282184,4.9124000000000025,1,0,0,BTM00136,BTM00136,Hydroxylation of heteroalicyclic secondary carbon,BTMR1070,"CYP1A2
CYP2A6
CYP2C9
CYP2D6
CYP3A4",HUMAN,BTM00015,CCC1=NN(C(=O)N1CCOC2=CC=CC=C2)CCCN3CCN(CC3)C4=CC(=C(C=C4)O)Cl,"InChI=1S/C25H32ClN5O3/c1-2-24-27-31(25(33)30(24)17-18-34-21-7-4-3-5-8-21)12-6-11-28-13-15-29(16-14-28)20-9-10-23(32)22(26)19-20/h3-5,7-10,19,32H,2,6,11-18H2,1H3",XGIODORTBODPTQ-UHFFFAOYSA-N,5.252100000000002,485.219367564
"InChI=1S/C25H32ClN5O4/c1-2-23-27-31(25(34)30(23)15-16-35-20-7-4-3-5-8-20)12-6-11-28-13-14-29(24(33)18-28)19-9-10-22(32)21(26)17-19/h3-5,7-10,17,24,32-33H,2,6,11-16,18H2,1H3",WTOFSRJNCWVAJZ-UHFFFAOYSA-N,CCC1=NN(C(=O)N1CCOC2=CC=CC=C2)CCCN3CC(N(CC3)C4=CC(=C(C=C4)O)Cl)O,,,C25H32ClN5O4,501.214282184,4.9124000000000025,1,0,0,BTM00143,BTM00143,Hydroxylation of heteroalicyclic secondary carbon,BTMR1070,"CYP1A2
CYP2A6
CYP2C9
CYP2D6
CYP3A4",HUMAN,BTM00015,CCC1=NN(C(=O)N1CCOC2=CC=CC=C2)CCCN3CCN(CC3)C4=CC(=C(C=C4)O)Cl,"InChI=1S/C25H32ClN5O3/c1-2-24-27-31(25(33)30(24)17-18-34-21-7-4-3-5-8-21)12-6-11-28-13-15-29(16-14-28)20-9-10-23(32)22(26)19-20/h3-5,7-10,19,32H,2,6,11-18H2,1H3",XGIODORTBODPTQ-UHFFFAOYSA-N,5.252100000000002,485.219367564
"InChI=1S/C25H32ClN5O4/c26-22-19-20(7-8-23(22)33)29-14-12-28(13-15-29)10-4-11-31-25(34)30(24(27-31)9-17-32)16-18-35-21-5-2-1-3-6-21/h1-3,5-8,19,32-33H,4,9-18H2",NXUCAINPPJAXOI-UHFFFAOYSA-N,C(CC1=NN(C(=O)N1CCOC2=CC=CC=C2)CCCN3CCN(CC3)C4=CC(=C(C=C4)O)Cl)O,,,C25H32ClN5O4,501.214282184,4.354600000000004,1,0,0,BTM00148,BTM00148,Hydroxylation of terminal methyl,BTMR1061,"CYP1A2
CYP2A6
CYP2B6
CYP2C8
CYP2C9
CYP2C19
CYP2D6
CYP2E1
CYP3A4",HUMAN,BTM00015,CCC1=NN(C(=O)N1CCOC2=CC=CC=C2)CCCN3CCN(CC3)C4=CC(=C(C=C4)O)Cl,"InChI=1S/C25H32ClN5O3/c1-2-24-27-31(25(33)30(24)17-18-34-21-7-4-3-5-8-21)12-6-11-28-13-15-29(16-14-28)20-9-10-23(32)22(26)19-20/h3-5,7-10,19,32H,2,6,11-18H2,1H3",XGIODORTBODPTQ-UHFFFAOYSA-N,5.252100000000002,485.219367564
"InChI=1S/C25H30ClN5O3/c1-2-24-27-31(25(33)30(24)17-18-34-21-7-4-3-5-8-21)12-6-11-28-13-15-29(16-14-28)20-9-10-23(32)22(26)19-20/h2-5,7-10,19,32H,1,6,11-18H2",DVUJWEMYMSHWAS-UHFFFAOYSA-N,C=CC1=NN(C(=O)N1CCOC2=CC=CC=C2)CCCN3CCN(CC3)C4=CC(=C(C=C4)O)Cl,,,C25H30ClN5O3,483.2037175,5.255200000000001,0,0,0,BTM00154,BTM00154,Terminal desaturation,BTMR1190,"CYP1A2
CYP2A6
CYP2C9
CYP2D6
CYP3A4",HUMAN,BTM00015,CCC1=NN(C(=O)N1CCOC2=CC=CC=C2)CCCN3CCN(CC3)C4=CC(=C(C=C4)O)Cl,"InChI=1S/C25H32ClN5O3/c1-2-24-27-31(25(33)30(24)17-18-34-21-7-4-3-5-8-21)12-6-11-28-13-15-29(16-14-28)20-9-10-23(32)22(26)19-20/h3-5,7-10,19,32H,2,6,11-18H2,1H3",XGIODORTBODPTQ-UHFFFAOYSA-N,5.252100000000002,485.219367564
"InChI=1S/C25H32ClN5O4/c1-2-23-27-31(25(34)30(23)15-16-35-20-7-4-3-5-8-20)10-6-9-28-11-13-29(14-12-28)19-17-21(26)24(33)22(32)18-19/h3-5,7-8,17-18,32-33H,2,6,9-16H2,1H3",WDVQAYMAILKGJL-UHFFFAOYSA-N,CCC1=NN(C(=O)N1CCOC2=CC=CC=C2)CCCN3CCN(CC3)C4=CC(=C(C(=C4)O)O)Cl,,,C25H32ClN5O4,501.214282184,4.984700000000003,1,0,0,BTM00160,BTM00160,O-Hydroxylation of phenol,BTMR1037,"CYP1A2
CYP2A6
CYP2B6
CYP2C8
CYP2C9
CYP2C19
CYP2D6
CYP2E1
CYP3A4",HUMAN,BTM00015,CCC1=NN(C(=O)N1CCOC2=CC=CC=C2)CCCN3CCN(CC3)C4=CC(=C(C=C4)O)Cl,"InChI=1S/C25H32ClN5O3/c1-2-24-27-31(25(33)30(24)17-18-34-21-7-4-3-5-8-21)12-6-11-28-13-15-29(16-14-28)20-9-10-23(32)22(26)19-20/h3-5,7-10,19,32H,2,6,11-18H2,1H3",XGIODORTBODPTQ-UHFFFAOYSA-N,5.252100000000002,485.219367564
"InChI=1S/C25H32ClN5O4/c1-2-22-27-31(25(34)30(22)17-18-35-19-7-4-3-5-8-19)12-6-11-28-13-15-29(16-14-28)20-9-10-21(32)23(26)24(20)33/h3-5,7-10,32-33H,2,6,11-18H2,1H3",FSTKKGFQOINDTA-UHFFFAOYSA-N,CCC1=NN(C(=O)N1CCOC2=CC=CC=C2)CCCN3CCN(CC3)C4=C(C(=C(C=C4)O)Cl)O,,,C25H32ClN5O4,501.214282184,4.984700000000003,1,0,0,BTM00158,BTM00158,Hydroxylation of aromatic carbon ortho to halide group,BTMR1040,"CYP1A2
CYP2A6
CYP2B6
CYP2C8
CYP2C9
CYP2C19
CYP2D6
CYP2E1
CYP3A4",HUMAN,BTM00015,CCC1=NN(C(=O)N1CCOC2=CC=CC=C2)CCCN3CCN(CC3)C4=CC(=C(C=C4)O)Cl,"InChI=1S/C25H32ClN5O3/c1-2-24-27-31(25(33)30(24)17-18-34-21-7-4-3-5-8-21)12-6-11-28-13-15-29(16-14-28)20-9-10-23(32)22(26)19-20/h3-5,7-10,19,32H,2,6,11-18H2,1H3",XGIODORTBODPTQ-UHFFFAOYSA-N,5.252100000000002,485.219367564
"InChI=1S/C25H32ClN5O4/c1-2-23-27-31(25(34)30(23)16-17-35-20-6-4-3-5-7-20)11-10-24(33)29-14-12-28(13-15-29)19-8-9-22(32)21(26)18-19/h3-9,18,24,32-33H,2,10-17H2,1H3",MMVOCXMNIWXNET-UHFFFAOYSA-N,CCC1=NN(C(=O)N1CCOC2=CC=CC=C2)CCC(N3CCN(CC3)C4=CC(=C(C=C4)O)Cl)O,,,C25H32ClN5O4,501.214282184,5.1056000000000035,1,0,0,BTM00161,BTM00161,Aliphatic hydroxylation of carbon alpha to secondary or tertiary alkyl-N,BTMR1081,"CYP2B6
CYP2C19
CYP2D6",HUMAN,BTM00015,CCC1=NN(C(=O)N1CCOC2=CC=CC=C2)CCCN3CCN(CC3)C4=CC(=C(C=C4)O)Cl,"InChI=1S/C25H32ClN5O3/c1-2-24-27-31(25(33)30(24)17-18-34-21-7-4-3-5-8-21)12-6-11-28-13-15-29(16-14-28)20-9-10-23(32)22(26)19-20/h3-5,7-10,19,32H,2,6,11-18H2,1H3",XGIODORTBODPTQ-UHFFFAOYSA-N,5.252100000000002,485.219367564
"InChI=1S/C25H32ClN5O4/c1-2-23-27-31(25(34)30(23)15-16-35-20-7-4-3-5-8-20)12-6-11-28-13-14-29(18-24(28)33)19-9-10-22(32)21(26)17-19/h3-5,7-10,17,24,32-33H,2,6,11-16,18H2,1H3",YPHYEJYPDKBLQF-UHFFFAOYSA-N,CCC1=NN(C(=O)N1CCOC2=CC=CC=C2)CCCN3C(CN(CC3)C4=CC(=C(C=C4)O)Cl)O,,,C25H32ClN5O4,501.214282184,4.9124000000000025,1,0,0,BTM00136,BTM00136,Aliphatic hydroxylation of carbon alpha to secondary or tertiary alkyl-N,BTMR1081,"CYP2B6
CYP2C19
CYP2D6",HUMAN,BTM00015,CCC1=NN(C(=O)N1CCOC2=CC=CC=C2)CCCN3CCN(CC3)C4=CC(=C(C=C4)O)Cl,"InChI=1S/C25H32ClN5O3/c1-2-24-27-31(25(33)30(24)17-18-34-21-7-4-3-5-8-21)12-6-11-28-13-15-29(16-14-28)20-9-10-23(32)22(26)19-20/h3-5,7-10,19,32H,2,6,11-18H2,1H3",XGIODORTBODPTQ-UHFFFAOYSA-N,5.252100000000002,485.219367564
"InChI=1S/C25H32ClN5O4/c1-2-23-27-31(25(34)30(23)15-16-35-20-7-4-3-5-8-20)12-6-11-28-13-14-29(24(33)18-28)19-9-10-22(32)21(26)17-19/h3-5,7-10,17,24,32-33H,2,6,11-16,18H2,1H3",WTOFSRJNCWVAJZ-UHFFFAOYSA-N,CCC1=NN(C(=O)N1CCOC2=CC=CC=C2)CCCN3CC(N(CC3)C4=CC(=C(C=C4)O)Cl)O,,,C25H32ClN5O4,501.214282184,4.9124000000000025,1,0,0,BTM00143,BTM00143,Aliphatic hydroxylation of carbon alpha to secondary or tertiary alkyl-N,BTMR1081,"CYP2B6
CYP2C19
CYP2D6",HUMAN,BTM00015,CCC1=NN(C(=O)N1CCOC2=CC=CC=C2)CCCN3CCN(CC3)C4=CC(=C(C=C4)O)Cl,"InChI=1S/C25H32ClN5O3/c1-2-24-27-31(25(33)30(24)17-18-34-21-7-4-3-5-8-21)12-6-11-28-13-15-29(16-14-28)20-9-10-23(32)22(26)19-20/h3-5,7-10,19,32H,2,6,11-18H2,1H3",XGIODORTBODPTQ-UHFFFAOYSA-N,5.252100000000002,485.219367564
"InChI=1S/C25H32ClN5O4/c1-2-24-28-31(25(34)30(24)14-16-35-23-7-4-3-5-8-23)11-6-10-29(13-15-32)12-9-27-21-17-20(26)18-22(33)19-21/h3-5,7-8,15,17-19,27,33H,2,6,9-14,16H2,1H3",QLHQZXYRLPQOOF-UHFFFAOYSA-N,CCC1=NN(C(=O)N1CCOC2=CC=CC=C2)CCCN(CC=O)CCNC3=CC(=CC(=C3)O)Cl,,,C25H32ClN5O4,501.214282184,4.7969,1,1,1,BTM00062,BTM00062,N-Dealkylation of mixed tertiary amine,BTMR1145,"CYP1A2
CYP2A6
CYP2B6
CYP2C8
CYP2C9
CYP2C19
CYP2D6
CYP3A4",HUMAN,BTM00016,CCC1=NN(C(=O)N1CCOC2=CC=CC=C2)CCCN3CCN(CC3)C4=CC(=CC(=C4)O)Cl,"InChI=1S/C25H32ClN5O3/c1-2-24-27-31(25(33)30(24)15-16-34-23-7-4-3-5-8-23)10-6-9-28-11-13-29(14-12-28)21-17-20(26)18-22(32)19-21/h3-5,7-8,17-19,32H,2,6,9-16H2,1H3",WANYBAAHYITYGG-UHFFFAOYSA-N,5.252100000000002,485.219367564
"InChI=1S/C25H32ClN5O4/c1-2-23-27-31(25(34)30(23)15-16-35-20-7-4-3-5-8-20)10-6-9-28-11-13-29(14-12-28)22-18-19(32)17-21(26)24(22)33/h3-5,7-8,17-18,32-33H,2,6,9-16H2,1H3",FUCXUESNZIWUIH-UHFFFAOYSA-N,CCC1=NN(C(=O)N1CCOC2=CC=CC=C2)CCCN3CCN(CC3)C4=C(C(=CC(=C4)O)Cl)O,,,C25H32ClN5O4,501.214282184,4.984700000000003,1,0,0,BTM00157,BTM00157,p-Hydroxylation of phenol,BTMR1038,"CYP1A2
CYP2A6
CYP2B6
CYP2C8
CYP2C9
CYP2C19
CYP2D6
CYP2E1
CYP3A4",HUMAN,BTM00016,CCC1=NN(C(=O)N1CCOC2=CC=CC=C2)CCCN3CCN(CC3)C4=CC(=CC(=C4)O)Cl,"InChI=1S/C25H32ClN5O3/c1-2-24-27-31(25(33)30(24)15-16-34-23-7-4-3-5-8-23)10-6-9-28-11-13-29(14-12-28)21-17-20(26)18-22(32)19-21/h3-5,7-8,17-19,32H,2,6,9-16H2,1H3",WANYBAAHYITYGG-UHFFFAOYSA-N,5.252100000000002,485.219367564
"InChI=1S/C19H26ClN5O3/c1-2-18-21-25(19(28)24(18)10-11-26)5-3-4-22-6-8-23(9-7-22)16-12-15(20)13-17(27)14-16/h11-14,27H,2-10H2,1H3",OEQHEKOMFRGWKW-UHFFFAOYSA-N,CCC1=NN(C(=O)N1CC=O)CCCN2CCN(CC2)C3=CC(=CC(=C3)O)Cl,,,C19H26ClN5O3,407.172417372,3.3368,0,0,0,BTM00077,BTM00077,O-Dealkylation,BTMR0052,"CYP1A2
CYP2A6
CYP2C9
CYP2C19
CYP2D6
CYP2E1
CYP3A4",HUMAN,BTM00016,CCC1=NN(C(=O)N1CCOC2=CC=CC=C2)CCCN3CCN(CC3)C4=CC(=CC(=C4)O)Cl,"InChI=1S/C25H32ClN5O3/c1-2-24-27-31(25(33)30(24)15-16-34-23-7-4-3-5-8-23)10-6-9-28-11-13-29(14-12-28)21-17-20(26)18-22(32)19-21/h3-5,7-8,17-19,32H,2,6,9-16H2,1H3",WANYBAAHYITYGG-UHFFFAOYSA-N,5.252100000000002,485.219367564
"InChI=1S/C6H6O/c7-6-4-2-1-3-5-6/h1-5,7H",ISWSIDIOOBJBQZ-UHFFFAOYSA-N,OC1=CC=CC=C1,,,C6H6O,94.041864812,1.5626000000000002,0,0,0,BTM00003,BTM00003,O-Dealkylation,BTMR0052,"CYP1A2
CYP2A6
CYP2C9
CYP2C19
CYP2D6
CYP2E1
CYP3A4",HUMAN,BTM00016,CCC1=NN(C(=O)N1CCOC2=CC=CC=C2)CCCN3CCN(CC3)C4=CC(=CC(=C4)O)Cl,"InChI=1S/C25H32ClN5O3/c1-2-24-27-31(25(33)30(24)15-16-34-23-7-4-3-5-8-23)10-6-9-28-11-13-29(14-12-28)21-17-20(26)18-22(32)19-21/h3-5,7-8,17-19,32H,2,6,9-16H2,1H3",WANYBAAHYITYGG-UHFFFAOYSA-N,5.252100000000002,485.219367564
"InChI=1S/C25H32ClN5O4/c1-2-24-27-30(25(33)29(24)13-16-35-23-7-4-3-5-8-23)10-6-9-28-11-14-31(34,15-12-28)21-17-20(26)18-22(32)19-21/h3-5,7-8,17-19,32H,2,6,9-16H2,1H3",PYYJUPJVTTXIEA-UHFFFAOYSA-N,CCC1=NN(C(=O)N1CCOC2=CC=CC=C2)CCCN3CC[N+](CC3)(C4=CC(=CC(=C4)O)Cl)[O-],,,C25H32ClN5O4,501.214282184,4.751500000000003,1,0,0,BTM00091,BTM00091,N-Oxidation of alicyclic tertiary amine,BTMR1099,"CYP1A2
CYP2C8
CYP2C19
CYP2D6
CYP3A4",HUMAN,BTM00016,CCC1=NN(C(=O)N1CCOC2=CC=CC=C2)CCCN3CCN(CC3)C4=CC(=CC(=C4)O)Cl,"InChI=1S/C25H32ClN5O3/c1-2-24-27-31(25(33)30(24)15-16-34-23-7-4-3-5-8-23)10-6-9-28-11-13-29(14-12-28)21-17-20(26)18-22(32)19-21/h3-5,7-8,17-19,32H,2,6,9-16H2,1H3",WANYBAAHYITYGG-UHFFFAOYSA-N,5.252100000000002,485.219367564
"InChI=1S/C25H32ClN5O4/c1-2-24-27-30(25(33)29(24)12-16-35-23-7-4-3-5-8-23)9-6-13-31(34)14-10-28(11-15-31)21-17-20(26)18-22(32)19-21/h3-5,7-8,17-19,32H,2,6,9-16H2,1H3",ALELTZJQEYLDCM-UHFFFAOYSA-N,CCC1=NN(C(=O)N1CCOC2=CC=CC=C2)CCC[N+]3(CCN(CC3)C4=CC(=CC(=C4)O)Cl)[O-],,,C25H32ClN5O4,501.214282184,4.847000000000002,1,0,0,BTM00101,BTM00101,N-Oxidation of alicyclic tertiary amine,BTMR1099,"CYP1A2
CYP2C8
CYP2C19
CYP2D6
CYP3A4",HUMAN,BTM00016,CCC1=NN(C(=O)N1CCOC2=CC=CC=C2)CCCN3CCN(CC3)C4=CC(=CC(=C4)O)Cl,"InChI=1S/C25H32ClN5O3/c1-2-24-27-31(25(33)30(24)15-16-34-23-7-4-3-5-8-23)10-6-9-28-11-13-29(14-12-28)21-17-20(26)18-22(32)19-21/h3-5,7-8,17-19,32H,2,6,9-16H2,1H3",WANYBAAHYITYGG-UHFFFAOYSA-N,5.252100000000002,485.219367564
"InChI=1S/C15H19N3O3/c1-2-14-16-18(9-6-11-19)15(20)17(14)10-12-21-13-7-4-3-5-8-13/h3-5,7-8,11H,2,6,9-10,12H2,1H3",DTNMGOVUYBUCIW-UHFFFAOYSA-N,CCC1=NN(C(=O)N1CCOC2=CC=CC=C2)CCC=O,,,C15H19N3O3,289.14264146799997,2.776300000000001,0,0,0,BTM00006,BTM00006,N-Dealkylation of alicyclic tertiary amine,BTMR1144,"CYP1A2
CYP2A6
CYP2B6
CYP2C8
CYP2C9
CYP2C19
CYP2D6
CYP3A4",HUMAN,BTM00016,CCC1=NN(C(=O)N1CCOC2=CC=CC=C2)CCCN3CCN(CC3)C4=CC(=CC(=C4)O)Cl,"InChI=1S/C25H32ClN5O3/c1-2-24-27-31(25(33)30(24)15-16-34-23-7-4-3-5-8-23)10-6-9-28-11-13-29(14-12-28)21-17-20(26)18-22(32)19-21/h3-5,7-8,17-19,32H,2,6,9-16H2,1H3",WANYBAAHYITYGG-UHFFFAOYSA-N,5.252100000000002,485.219367564
"InChI=1S/C10H13ClN2O/c11-8-5-9(7-10(14)6-8)13-3-1-12-2-4-13/h5-7,12,14H,1-4H2",PTKLDNPKLLKELG-UHFFFAOYSA-N,N1CCN(CC1)C2=CC(=CC(=C2)O)Cl,,,C10H13ClN2O,212.071640716,1.8106000000000009,0,0,0,BTM00111,BTM00111,N-Dealkylation of alicyclic tertiary amine,BTMR1144,"CYP1A2
CYP2A6
CYP2B6
CYP2C8
CYP2C9
CYP2C19
CYP2D6
CYP3A4",HUMAN,BTM00016,CCC1=NN(C(=O)N1CCOC2=CC=CC=C2)CCCN3CCN(CC3)C4=CC(=CC(=C4)O)Cl,"InChI=1S/C25H32ClN5O3/c1-2-24-27-31(25(33)30(24)15-16-34-23-7-4-3-5-8-23)10-6-9-28-11-13-29(14-12-28)21-17-20(26)18-22(32)19-21/h3-5,7-8,17-19,32H,2,6,9-16H2,1H3",WANYBAAHYITYGG-UHFFFAOYSA-N,5.252100000000002,485.219367564
"InChI=1S/C25H32ClN5O4/c1-2-23-27-31(25(34)30(23)15-16-35-20-7-4-3-5-8-20)10-6-9-28-11-13-29(14-12-28)21-17-19(26)18-22(32)24(21)33/h3-5,7-8,17-18,32-33H,2,6,9-16H2,1H3",QMYZKOARYQHBQG-UHFFFAOYSA-N,CCC1=NN(C(=O)N1CCOC2=CC=CC=C2)CCCN3CCN(CC3)C4=CC(=CC(=C4O)O)Cl,,,C25H32ClN5O4,501.214282184,4.984700000000003,1,0,0,BTM00117,BTM00117,Hydroxylation of aromatic carbon para to halide group,BTMR1041,"CYP1A2
CYP2E1
CYP3A4",HUMAN,BTM00016,CCC1=NN(C(=O)N1CCOC2=CC=CC=C2)CCCN3CCN(CC3)C4=CC(=CC(=C4)O)Cl,"InChI=1S/C25H32ClN5O3/c1-2-24-27-31(25(33)30(24)15-16-34-23-7-4-3-5-8-23)10-6-9-28-11-13-29(14-12-28)21-17-20(26)18-22(32)19-21/h3-5,7-8,17-19,32H,2,6,9-16H2,1H3",WANYBAAHYITYGG-UHFFFAOYSA-N,5.252100000000002,485.219367564
"InChI=1S/C25H32ClN5O4/c1-19(32)24-27-31(25(34)30(24)14-15-35-23-6-3-2-4-7-23)9-5-8-28-10-12-29(13-11-28)21-16-20(26)17-22(33)18-21/h2-4,6-7,16-19,32-33H,5,8-15H2,1H3",OSZPWDCDYTWGGJ-UHFFFAOYSA-N,CC(C1=NN(C(=O)N1CCOC2=CC=CC=C2)CCCN3CCN(CC3)C4=CC(=CC(=C4)O)Cl)O,,,C25H32ClN5O4,501.214282184,4.4765000000000015,1,0,0,BTM00128,BTM00128,Hydroxylation of penultimate aliphatic secondary carbon,BTMR1074,"CYP1A2
CYP2A6
CYP2B6
CYP2C8
CYP2C9
CYP2C19
CYP2D6
CYP2E1
CYP3A4",HUMAN,BTM00016,CCC1=NN(C(=O)N1CCOC2=CC=CC=C2)CCCN3CCN(CC3)C4=CC(=CC(=C4)O)Cl,"InChI=1S/C25H32ClN5O3/c1-2-24-27-31(25(33)30(24)15-16-34-23-7-4-3-5-8-23)10-6-9-28-11-13-29(14-12-28)21-17-20(26)18-22(32)19-21/h3-5,7-8,17-19,32H,2,6,9-16H2,1H3",WANYBAAHYITYGG-UHFFFAOYSA-N,5.252100000000002,485.219367564
"InChI=1S/C25H32ClN5O4/c1-2-23-27-31(25(34)30(23)13-14-35-22-7-4-3-5-8-22)10-6-9-28-11-12-29(18-24(28)33)20-15-19(26)16-21(32)17-20/h3-5,7-8,15-17,24,32-33H,2,6,9-14,18H2,1H3",MGNHEFGNUFJECZ-UHFFFAOYSA-N,CCC1=NN(C(=O)N1CCOC2=CC=CC=C2)CCCN3C(CN(CC3)C4=CC(=CC(=C4)O)Cl)O,,,C25H32ClN5O4,501.214282184,4.9124000000000025,1,0,0,BTM00137,BTM00137,Hydroxylation of heteroalicyclic secondary carbon,BTMR1070,"CYP1A2
CYP2A6
CYP2C9
CYP2D6
CYP3A4",HUMAN,BTM00016,CCC1=NN(C(=O)N1CCOC2=CC=CC=C2)CCCN3CCN(CC3)C4=CC(=CC(=C4)O)Cl,"InChI=1S/C25H32ClN5O3/c1-2-24-27-31(25(33)30(24)15-16-34-23-7-4-3-5-8-23)10-6-9-28-11-13-29(14-12-28)21-17-20(26)18-22(32)19-21/h3-5,7-8,17-19,32H,2,6,9-16H2,1H3",WANYBAAHYITYGG-UHFFFAOYSA-N,5.252100000000002,485.219367564
"InChI=1S/C25H32ClN5O4/c1-2-23-27-31(25(34)30(23)13-14-35-22-7-4-3-5-8-22)10-6-9-28-11-12-29(24(33)18-28)20-15-19(26)16-21(32)17-20/h3-5,7-8,15-17,24,32-33H,2,6,9-14,18H2,1H3",LXYHMUBYYMTAJC-UHFFFAOYSA-N,CCC1=NN(C(=O)N1CCOC2=CC=CC=C2)CCCN3CC(N(CC3)C4=CC(=CC(=C4)O)Cl)O,,,C25H32ClN5O4,501.214282184,4.9124000000000025,1,0,0,BTM00144,BTM00144,Hydroxylation of heteroalicyclic secondary carbon,BTMR1070,"CYP1A2
CYP2A6
CYP2C9
CYP2D6
CYP3A4",HUMAN,BTM00016,CCC1=NN(C(=O)N1CCOC2=CC=CC=C2)CCCN3CCN(CC3)C4=CC(=CC(=C4)O)Cl,"InChI=1S/C25H32ClN5O3/c1-2-24-27-31(25(33)30(24)15-16-34-23-7-4-3-5-8-23)10-6-9-28-11-13-29(14-12-28)21-17-20(26)18-22(32)19-21/h3-5,7-8,17-19,32H,2,6,9-16H2,1H3",WANYBAAHYITYGG-UHFFFAOYSA-N,5.252100000000002,485.219367564
"InChI=1S/C25H32ClN5O4/c26-20-17-21(19-22(33)18-20)29-12-10-28(11-13-29)8-4-9-31-25(34)30(24(27-31)7-15-32)14-16-35-23-5-2-1-3-6-23/h1-3,5-6,17-19,32-33H,4,7-16H2",ZLLKYNARLVHELI-UHFFFAOYSA-N,C(CC1=NN(C(=O)N1CCOC2=CC=CC=C2)CCCN3CCN(CC3)C4=CC(=CC(=C4)O)Cl)O,,,C25H32ClN5O4,501.214282184,4.354600000000004,1,0,0,BTM00149,BTM00149,Hydroxylation of terminal methyl,BTMR1061,"CYP1A2
CYP2A6
CYP2B6
CYP2C8
CYP2C9
CYP2C19
CYP2D6
CYP2E1
CYP3A4",HUMAN,BTM00016,CCC1=NN(C(=O)N1CCOC2=CC=CC=C2)CCCN3CCN(CC3)C4=CC(=CC(=C4)O)Cl,"InChI=1S/C25H32ClN5O3/c1-2-24-27-31(25(33)30(24)15-16-34-23-7-4-3-5-8-23)10-6-9-28-11-13-29(14-12-28)21-17-20(26)18-22(32)19-21/h3-5,7-8,17-19,32H,2,6,9-16H2,1H3",WANYBAAHYITYGG-UHFFFAOYSA-N,5.252100000000002,485.219367564
"InChI=1S/C25H30ClN5O3/c1-2-24-27-31(25(33)30(24)15-16-34-23-7-4-3-5-8-23)10-6-9-28-11-13-29(14-12-28)21-17-20(26)18-22(32)19-21/h2-5,7-8,17-19,32H,1,6,9-16H2",BXMKHHROSARBBD-UHFFFAOYSA-N,C=CC1=NN(C(=O)N1CCOC2=CC=CC=C2)CCCN3CCN(CC3)C4=CC(=CC(=C4)O)Cl,,,C25H30ClN5O3,483.2037175,5.255200000000001,0,0,0,BTM00155,BTM00155,Terminal desaturation,BTMR1190,"CYP1A2
CYP2A6
CYP2C9
CYP2D6
CYP3A4",HUMAN,BTM00016,CCC1=NN(C(=O)N1CCOC2=CC=CC=C2)CCCN3CCN(CC3)C4=CC(=CC(=C4)O)Cl,"InChI=1S/C25H32ClN5O3/c1-2-24-27-31(25(33)30(24)15-16-34-23-7-4-3-5-8-23)10-6-9-28-11-13-29(14-12-28)21-17-20(26)18-22(32)19-21/h3-5,7-8,17-19,32H,2,6,9-16H2,1H3",WANYBAAHYITYGG-UHFFFAOYSA-N,5.252100000000002,485.219367564
"InChI=1S/C25H32ClN5O4/c1-2-23-27-31(25(34)30(23)15-16-35-20-7-4-3-5-8-20)10-6-9-28-11-13-29(14-12-28)22-18-19(32)17-21(26)24(22)33/h3-5,7-8,17-18,32-33H,2,6,9-16H2,1H3",FUCXUESNZIWUIH-UHFFFAOYSA-N,CCC1=NN(C(=O)N1CCOC2=CC=CC=C2)CCCN3CCN(CC3)C4=C(C(=CC(=C4)O)Cl)O,,,C25H32ClN5O4,501.214282184,4.984700000000003,1,0,0,BTM00157,BTM00157,Hydroxylation of aromatic carbon ortho to halide group,BTMR1040,"CYP1A2
CYP2A6
CYP2B6
CYP2C8
CYP2C9
CYP2C19
CYP2D6
CYP2E1
CYP3A4",HUMAN,BTM00016,CCC1=NN(C(=O)N1CCOC2=CC=CC=C2)CCCN3CCN(CC3)C4=CC(=CC(=C4)O)Cl,"InChI=1S/C25H32ClN5O3/c1-2-24-27-31(25(33)30(24)15-16-34-23-7-4-3-5-8-23)10-6-9-28-11-13-29(14-12-28)21-17-20(26)18-22(32)19-21/h3-5,7-8,17-19,32H,2,6,9-16H2,1H3",WANYBAAHYITYGG-UHFFFAOYSA-N,5.252100000000002,485.219367564
"InChI=1S/C25H32ClN5O4/c1-2-23-27-31(25(34)30(23)15-16-35-20-7-4-3-5-8-20)10-6-9-28-11-13-29(14-12-28)19-17-21(26)24(33)22(32)18-19/h3-5,7-8,17-18,32-33H,2,6,9-16H2,1H3",WDVQAYMAILKGJL-UHFFFAOYSA-N,CCC1=NN(C(=O)N1CCOC2=CC=CC=C2)CCCN3CCN(CC3)C4=CC(=C(C(=C4)O)O)Cl,,,C25H32ClN5O4,501.214282184,4.984700000000003,1,0,0,BTM00160,BTM00160,Hydroxylation of aromatic carbon ortho to halide group,BTMR1040,"CYP1A2
CYP2A6
CYP2B6
CYP2C8
CYP2C9
CYP2C19
CYP2D6
CYP2E1
CYP3A4",HUMAN,BTM00016,CCC1=NN(C(=O)N1CCOC2=CC=CC=C2)CCCN3CCN(CC3)C4=CC(=CC(=C4)O)Cl,"InChI=1S/C25H32ClN5O3/c1-2-24-27-31(25(33)30(24)15-16-34-23-7-4-3-5-8-23)10-6-9-28-11-13-29(14-12-28)21-17-20(26)18-22(32)19-21/h3-5,7-8,17-19,32H,2,6,9-16H2,1H3",WANYBAAHYITYGG-UHFFFAOYSA-N,5.252100000000002,485.219367564
"InChI=1S/C25H32ClN5O4/c1-2-23-27-31(25(34)30(23)14-15-35-22-6-4-3-5-7-22)9-8-24(33)29-12-10-28(11-13-29)20-16-19(26)17-21(32)18-20/h3-7,16-18,24,32-33H,2,8-15H2,1H3",AWTVNMKJTCIWOT-UHFFFAOYSA-N,CCC1=NN(C(=O)N1CCOC2=CC=CC=C2)CCC(N3CCN(CC3)C4=CC(=CC(=C4)O)Cl)O,,,C25H32ClN5O4,501.214282184,5.1056000000000035,1,0,0,BTM00162,BTM00162,Aliphatic hydroxylation of carbon alpha to secondary or tertiary alkyl-N,BTMR1081,"CYP2B6
CYP2C19
CYP2D6",HUMAN,BTM00016,CCC1=NN(C(=O)N1CCOC2=CC=CC=C2)CCCN3CCN(CC3)C4=CC(=CC(=C4)O)Cl,"InChI=1S/C25H32ClN5O3/c1-2-24-27-31(25(33)30(24)15-16-34-23-7-4-3-5-8-23)10-6-9-28-11-13-29(14-12-28)21-17-20(26)18-22(32)19-21/h3-5,7-8,17-19,32H,2,6,9-16H2,1H3",WANYBAAHYITYGG-UHFFFAOYSA-N,5.252100000000002,485.219367564
"InChI=1S/C25H32ClN5O4/c1-2-23-27-31(25(34)30(23)13-14-35-22-7-4-3-5-8-22)10-6-9-28-11-12-29(18-24(28)33)20-15-19(26)16-21(32)17-20/h3-5,7-8,15-17,24,32-33H,2,6,9-14,18H2,1H3",MGNHEFGNUFJECZ-UHFFFAOYSA-N,CCC1=NN(C(=O)N1CCOC2=CC=CC=C2)CCCN3C(CN(CC3)C4=CC(=CC(=C4)O)Cl)O,,,C25H32ClN5O4,501.214282184,4.9124000000000025,1,0,0,BTM00137,BTM00137,Aliphatic hydroxylation of carbon alpha to secondary or tertiary alkyl-N,BTMR1081,"CYP2B6
CYP2C19
CYP2D6",HUMAN,BTM00016,CCC1=NN(C(=O)N1CCOC2=CC=CC=C2)CCCN3CCN(CC3)C4=CC(=CC(=C4)O)Cl,"InChI=1S/C25H32ClN5O3/c1-2-24-27-31(25(33)30(24)15-16-34-23-7-4-3-5-8-23)10-6-9-28-11-13-29(14-12-28)21-17-20(26)18-22(32)19-21/h3-5,7-8,17-19,32H,2,6,9-16H2,1H3",WANYBAAHYITYGG-UHFFFAOYSA-N,5.252100000000002,485.219367564
"InChI=1S/C25H32ClN5O4/c1-2-23-27-31(25(34)30(23)13-14-35-22-7-4-3-5-8-22)10-6-9-28-11-12-29(24(33)18-28)20-15-19(26)16-21(32)17-20/h3-5,7-8,15-17,24,32-33H,2,6,9-14,18H2,1H3",LXYHMUBYYMTAJC-UHFFFAOYSA-N,CCC1=NN(C(=O)N1CCOC2=CC=CC=C2)CCCN3CC(N(CC3)C4=CC(=CC(=C4)O)Cl)O,,,C25H32ClN5O4,501.214282184,4.9124000000000025,1,0,0,BTM00144,BTM00144,Aliphatic hydroxylation of carbon alpha to secondary or tertiary alkyl-N,BTMR1081,"CYP2B6
CYP2C19
CYP2D6",HUMAN,BTM00016,CCC1=NN(C(=O)N1CCOC2=CC=CC=C2)CCCN3CCN(CC3)C4=CC(=CC(=C4)O)Cl,"InChI=1S/C25H32ClN5O3/c1-2-24-27-31(25(33)30(24)15-16-34-23-7-4-3-5-8-23)10-6-9-28-11-13-29(14-12-28)21-17-20(26)18-22(32)19-21/h3-5,7-8,17-19,32H,2,6,9-16H2,1H3",WANYBAAHYITYGG-UHFFFAOYSA-N,5.252100000000002,485.219367564
"InChI=1S/C25H32ClN5O4/c1-2-23-28-31(25(34)30(23)16-18-35-22-9-4-3-5-10-22)13-11-24(33)29(15-17-32)14-12-27-21-8-6-7-20(26)19-21/h3-10,17,19,24,27,33H,2,11-16,18H2,1H3",DOGWTWQWTBTQPB-UHFFFAOYSA-N,CCC1=NN(C(=O)N1CCOC2=CC=CC=C2)CCC(N(CC=O)CCNC3=CC(=CC=C3)Cl)O,,,C25H32ClN5O4,501.214282184,4.9178000000000015,1,1,1,BTM00063,BTM00063,N-Dealkylation of mixed tertiary amine,BTMR1145,"CYP1A2
CYP2A6
CYP2B6
CYP2C8
CYP2C9
CYP2C19
CYP2D6
CYP3A4",HUMAN,BTM00017,CCC1=NN(C(=O)N1CCOC2=CC=CC=C2)CCC(N3CCN(CC3)C4=CC(=CC=C4)Cl)O,"InChI=1S/C25H32ClN5O3/c1-2-23-27-31(25(33)30(23)17-18-34-22-9-4-3-5-10-22)12-11-24(32)29-15-13-28(14-16-29)21-8-6-7-20(26)19-21/h3-10,19,24,32H,2,11-18H2,1H3",BNZWNFIMHWSLHR-UHFFFAOYSA-N,5.373,485.219367564
"InChI=1S/C19H26ClN5O3/c1-2-17-21-25(19(28)24(17)12-13-26)7-6-18(27)23-10-8-22(9-11-23)16-5-3-4-15(20)14-16/h3-5,13-14,18,27H,2,6-12H2,1H3",MSRDPNSLOWYETP-UHFFFAOYSA-N,CCC1=NN(C(=O)N1CC=O)CCC(N2CCN(CC2)C3=CC(=CC=C3)Cl)O,,,C19H26ClN5O3,407.172417372,3.4577,0,0,0,BTM00078,BTM00078,O-Dealkylation,BTMR0052,"CYP1A2
CYP2A6
CYP2C9
CYP2C19
CYP2D6
CYP2E1
CYP3A4",HUMAN,BTM00017,CCC1=NN(C(=O)N1CCOC2=CC=CC=C2)CCC(N3CCN(CC3)C4=CC(=CC=C4)Cl)O,"InChI=1S/C25H32ClN5O3/c1-2-23-27-31(25(33)30(23)17-18-34-22-9-4-3-5-10-22)12-11-24(32)29-15-13-28(14-16-29)21-8-6-7-20(26)19-21/h3-10,19,24,32H,2,11-18H2,1H3",BNZWNFIMHWSLHR-UHFFFAOYSA-N,5.373,485.219367564
"InChI=1S/C6H6O/c7-6-4-2-1-3-5-6/h1-5,7H",ISWSIDIOOBJBQZ-UHFFFAOYSA-N,OC1=CC=CC=C1,,,C6H6O,94.041864812,1.5626000000000002,0,0,0,BTM00003,BTM00003,O-Dealkylation,BTMR0052,"CYP1A2
CYP2A6
CYP2C9
CYP2C19
CYP2D6
CYP2E1
CYP3A4",HUMAN,BTM00017,CCC1=NN(C(=O)N1CCOC2=CC=CC=C2)CCC(N3CCN(CC3)C4=CC(=CC=C4)Cl)O,"InChI=1S/C25H32ClN5O3/c1-2-23-27-31(25(33)30(23)17-18-34-22-9-4-3-5-10-22)12-11-24(32)29-15-13-28(14-16-29)21-8-6-7-20(26)19-21/h3-10,19,24,32H,2,11-18H2,1H3",BNZWNFIMHWSLHR-UHFFFAOYSA-N,5.373,485.219367564
"InChI=1S/C25H32ClN5O4/c1-2-23-27-30(25(33)29(23)15-18-35-22-9-4-3-5-10-22)12-11-24(32)28-13-16-31(34,17-14-28)21-8-6-7-20(26)19-21/h3-10,19,24,32H,2,11-18H2,1H3",QIQHJQPLMRHMSF-UHFFFAOYSA-N,CCC1=NN(C(=O)N1CCOC2=CC=CC=C2)CCC(N3CC[N+](CC3)(C4=CC(=CC=C4)Cl)[O-])O,,,C25H32ClN5O4,501.214282184,4.8724,1,0,0,BTM00092,BTM00092,N-Oxidation of alicyclic tertiary amine,BTMR1099,"CYP1A2
CYP2C8
CYP2C19
CYP2D6
CYP3A4",HUMAN,BTM00017,CCC1=NN(C(=O)N1CCOC2=CC=CC=C2)CCC(N3CCN(CC3)C4=CC(=CC=C4)Cl)O,"InChI=1S/C25H32ClN5O3/c1-2-23-27-31(25(33)30(23)17-18-34-22-9-4-3-5-10-22)12-11-24(32)29-15-13-28(14-16-29)21-8-6-7-20(26)19-21/h3-10,19,24,32H,2,11-18H2,1H3",BNZWNFIMHWSLHR-UHFFFAOYSA-N,5.373,485.219367564
"InChI=1S/C15H19N3O4/c1-2-13-16-18(9-8-14(19)20)15(21)17(13)10-11-22-12-6-4-3-5-7-12/h3-7H,2,8-11H2,1H3,(H,19,20)",KXHGNCHQKIBXJO-UHFFFAOYSA-N,CCC1=NN(C(=O)N1CCOC2=CC=CC=C2)CCC(=O)O,,,C15H19N3O4,305.137556088,2.728900000000001,0,0,0,BTM00029,BTM00029,N-Dealkylation of alicyclic tertiary amine,BTMR1144,"CYP1A2
CYP2A6
CYP2B6
CYP2C8
CYP2C9
CYP2C19
CYP2D6
CYP3A4",HUMAN,BTM00017,CCC1=NN(C(=O)N1CCOC2=CC=CC=C2)CCC(N3CCN(CC3)C4=CC(=CC=C4)Cl)O,"InChI=1S/C25H32ClN5O3/c1-2-23-27-31(25(33)30(23)17-18-34-22-9-4-3-5-10-22)12-11-24(32)29-15-13-28(14-16-29)21-8-6-7-20(26)19-21/h3-10,19,24,32H,2,11-18H2,1H3",BNZWNFIMHWSLHR-UHFFFAOYSA-N,5.373,485.219367564
"InChI=1S/C10H13ClN2/c11-9-2-1-3-10(8-9)13-6-4-12-5-7-13/h1-3,8,12H,4-7H2",VHFVKMTVMIZMIK-UHFFFAOYSA-N,N1CCN(CC1)C2=CC(=CC=C2)Cl,,,C10H13ClN2,196.076726096,2.0780000000000003,0,0,0,BTM00007,BTM00007,N-Dealkylation of alicyclic tertiary amine,BTMR1144,"CYP1A2
CYP2A6
CYP2B6
CYP2C8
CYP2C9
CYP2C19
CYP2D6
CYP3A4",HUMAN,BTM00017,CCC1=NN(C(=O)N1CCOC2=CC=CC=C2)CCC(N3CCN(CC3)C4=CC(=CC=C4)Cl)O,"InChI=1S/C25H32ClN5O3/c1-2-23-27-31(25(33)30(23)17-18-34-22-9-4-3-5-10-22)12-11-24(32)29-15-13-28(14-16-29)21-8-6-7-20(26)19-21/h3-10,19,24,32H,2,11-18H2,1H3",BNZWNFIMHWSLHR-UHFFFAOYSA-N,5.373,485.219367564
"InChI=1S/C25H32ClN5O4/c1-2-23-27-30(25(33)29(23)15-18-35-22-9-4-3-5-10-22)12-11-24(32)31(34)16-13-28(14-17-31)21-8-6-7-20(26)19-21/h3-10,19,24,32H,2,11-18H2,1H3",HFYZVLRPEJNSHS-UHFFFAOYSA-N,CCC1=NN(C(=O)N1CCOC2=CC=CC=C2)CCC([N+]3(CCN(CC3)C4=CC(=CC=C4)Cl)[O-])O,,,C25H32ClN5O4,501.214282184,4.967899999999999,1,0,0,BTM00163,BTM00163,N-Oxidation of aliphatic tertiary amine,BTMR1100,"CYP1A2
CYP2D6
CYP3A4",HUMAN,BTM00017,CCC1=NN(C(=O)N1CCOC2=CC=CC=C2)CCC(N3CCN(CC3)C4=CC(=CC=C4)Cl)O,"InChI=1S/C25H32ClN5O3/c1-2-23-27-31(25(33)30(23)17-18-34-22-9-4-3-5-10-22)12-11-24(32)29-15-13-28(14-16-29)21-8-6-7-20(26)19-21/h3-10,19,24,32H,2,11-18H2,1H3",BNZWNFIMHWSLHR-UHFFFAOYSA-N,5.373,485.219367564
"InChI=1S/C25H32ClN5O4/c1-2-23-27-31(25(34)30(23)16-17-35-20-6-4-3-5-7-20)11-10-24(33)29-14-12-28(13-15-29)21-18-19(26)8-9-22(21)32/h3-9,18,24,32-33H,2,10-17H2,1H3",XIOPAKPGLQNBCS-UHFFFAOYSA-N,CCC1=NN(C(=O)N1CCOC2=CC=CC=C2)CCC(N3CCN(CC3)C4=CC(=CC=C4O)Cl)O,,,C25H32ClN5O4,501.214282184,5.1056000000000035,1,0,0,BTM00120,BTM00120,Hydroxylation of aromatic carbon para to halide group,BTMR1041,"CYP1A2
CYP2E1
CYP3A4",HUMAN,BTM00017,CCC1=NN(C(=O)N1CCOC2=CC=CC=C2)CCC(N3CCN(CC3)C4=CC(=CC=C4)Cl)O,"InChI=1S/C25H32ClN5O3/c1-2-23-27-31(25(33)30(23)17-18-34-22-9-4-3-5-10-22)12-11-24(32)29-15-13-28(14-16-29)21-8-6-7-20(26)19-21/h3-10,19,24,32H,2,11-18H2,1H3",BNZWNFIMHWSLHR-UHFFFAOYSA-N,5.373,485.219367564
"InChI=1S/C25H32ClN5O4/c1-19(32)24-27-31(25(34)30(24)16-17-35-22-8-3-2-4-9-22)11-10-23(33)29-14-12-28(13-15-29)21-7-5-6-20(26)18-21/h2-9,18-19,23,32-33H,10-17H2,1H3",JXLWNIZDLBZMGD-UHFFFAOYSA-N,CC(C1=NN(C(=O)N1CCOC2=CC=CC=C2)CCC(N3CCN(CC3)C4=CC(=CC=C4)Cl)O)O,,,C25H32ClN5O4,501.214282184,4.5973999999999995,1,0,0,BTM00129,BTM00129,Hydroxylation of penultimate aliphatic secondary carbon,BTMR1074,"CYP1A2
CYP2A6
CYP2B6
CYP2C8
CYP2C9
CYP2C19
CYP2D6
CYP2E1
CYP3A4",HUMAN,BTM00017,CCC1=NN(C(=O)N1CCOC2=CC=CC=C2)CCC(N3CCN(CC3)C4=CC(=CC=C4)Cl)O,"InChI=1S/C25H32ClN5O3/c1-2-23-27-31(25(33)30(23)17-18-34-22-9-4-3-5-10-22)12-11-24(32)29-15-13-28(14-16-29)21-8-6-7-20(26)19-21/h3-10,19,24,32H,2,11-18H2,1H3",BNZWNFIMHWSLHR-UHFFFAOYSA-N,5.373,485.219367564
"InChI=1S/C25H32ClN5O4/c1-2-22-27-31(25(34)29(22)15-16-35-21-9-4-3-5-10-21)12-11-23(32)30-14-13-28(18-24(30)33)20-8-6-7-19(26)17-20/h3-10,17,23-24,32-33H,2,11-16,18H2,1H3",FLQGAVYEHHXTSR-UHFFFAOYSA-N,CCC1=NN(C(=O)N1CCOC2=CC=CC=C2)CCC(N3C(CN(CC3)C4=CC(=CC=C4)Cl)O)O,,,C25H32ClN5O4,501.214282184,5.0333,1,0,0,BTM00164,BTM00164,Hydroxylation of heteroalicyclic secondary carbon,BTMR1070,"CYP1A2
CYP2A6
CYP2C9
CYP2D6
CYP3A4",HUMAN,BTM00017,CCC1=NN(C(=O)N1CCOC2=CC=CC=C2)CCC(N3CCN(CC3)C4=CC(=CC=C4)Cl)O,"InChI=1S/C25H32ClN5O3/c1-2-23-27-31(25(33)30(23)17-18-34-22-9-4-3-5-10-22)12-11-24(32)29-15-13-28(14-16-29)21-8-6-7-20(26)19-21/h3-10,19,24,32H,2,11-18H2,1H3",BNZWNFIMHWSLHR-UHFFFAOYSA-N,5.373,485.219367564
"InChI=1S/C25H32ClN5O4/c1-2-22-27-31(25(34)30(22)15-16-35-21-9-4-3-5-10-21)12-11-23(32)28-13-14-29(24(33)18-28)20-8-6-7-19(26)17-20/h3-10,17,23-24,32-33H,2,11-16,18H2,1H3",DIPIPIZVFGKQTB-UHFFFAOYSA-N,CCC1=NN(C(=O)N1CCOC2=CC=CC=C2)CCC(N3CC(N(CC3)C4=CC(=CC=C4)Cl)O)O,,,C25H32ClN5O4,501.214282184,5.0333,1,0,0,BTM00145,BTM00145,Hydroxylation of heteroalicyclic secondary carbon,BTMR1070,"CYP1A2
CYP2A6
CYP2C9
CYP2D6
CYP3A4",HUMAN,BTM00017,CCC1=NN(C(=O)N1CCOC2=CC=CC=C2)CCC(N3CCN(CC3)C4=CC(=CC=C4)Cl)O,"InChI=1S/C25H32ClN5O3/c1-2-23-27-31(25(33)30(23)17-18-34-22-9-4-3-5-10-22)12-11-24(32)29-15-13-28(14-16-29)21-8-6-7-20(26)19-21/h3-10,19,24,32H,2,11-18H2,1H3",BNZWNFIMHWSLHR-UHFFFAOYSA-N,5.373,485.219367564
"InChI=1S/C25H32ClN5O4/c26-20-5-4-6-21(19-20)28-12-14-29(15-13-28)24(33)9-11-31-25(34)30(23(27-31)10-17-32)16-18-35-22-7-2-1-3-8-22/h1-8,19,24,32-33H,9-18H2",YVPPGFCPQKPMCW-UHFFFAOYSA-N,C(CC1=NN(C(=O)N1CCOC2=CC=CC=C2)CCC(N3CCN(CC3)C4=CC(=CC=C4)Cl)O)O,,,C25H32ClN5O4,501.214282184,4.475500000000002,1,0,0,BTM00150,BTM00150,Hydroxylation of terminal methyl,BTMR1061,"CYP1A2
CYP2A6
CYP2B6
CYP2C8
CYP2C9
CYP2C19
CYP2D6
CYP2E1
CYP3A4",HUMAN,BTM00017,CCC1=NN(C(=O)N1CCOC2=CC=CC=C2)CCC(N3CCN(CC3)C4=CC(=CC=C4)Cl)O,"InChI=1S/C25H32ClN5O3/c1-2-23-27-31(25(33)30(23)17-18-34-22-9-4-3-5-10-22)12-11-24(32)29-15-13-28(14-16-29)21-8-6-7-20(26)19-21/h3-10,19,24,32H,2,11-18H2,1H3",BNZWNFIMHWSLHR-UHFFFAOYSA-N,5.373,485.219367564
"InChI=1S/C25H30ClN5O3/c1-2-23-27-31(25(33)30(23)17-18-34-22-9-4-3-5-10-22)12-11-24(32)29-15-13-28(14-16-29)21-8-6-7-20(26)19-21/h2-10,19,24,32H,1,11-18H2",DSRWPEIKWUDDGQ-UHFFFAOYSA-N,C=CC1=NN(C(=O)N1CCOC2=CC=CC=C2)CCC(N3CCN(CC3)C4=CC(=CC=C4)Cl)O,,,C25H30ClN5O3,483.2037175,5.376100000000001,0,0,0,BTM00156,BTM00156,Terminal desaturation,BTMR1190,"CYP1A2
CYP2A6
CYP2C9
CYP2D6
CYP3A4",HUMAN,BTM00017,CCC1=NN(C(=O)N1CCOC2=CC=CC=C2)CCC(N3CCN(CC3)C4=CC(=CC=C4)Cl)O,"InChI=1S/C25H32ClN5O3/c1-2-23-27-31(25(33)30(23)17-18-34-22-9-4-3-5-10-22)12-11-24(32)29-15-13-28(14-16-29)21-8-6-7-20(26)19-21/h3-10,19,24,32H,2,11-18H2,1H3",BNZWNFIMHWSLHR-UHFFFAOYSA-N,5.373,485.219367564
"InChI=1S/C25H32ClN5O4/c1-2-22-27-31(25(34)30(22)17-18-35-19-7-4-3-5-8-19)12-11-23(32)29-15-13-28(14-16-29)21-10-6-9-20(26)24(21)33/h3-10,23,32-33H,2,11-18H2,1H3",HKTXVZDJJLWOJV-UHFFFAOYSA-N,CCC1=NN(C(=O)N1CCOC2=CC=CC=C2)CCC(N3CCN(CC3)C4=C(C(=CC=C4)Cl)O)O,,,C25H32ClN5O4,501.214282184,5.1056000000000035,1,0,0,BTM00159,BTM00159,Hydroxylation of aromatic carbon ortho to halide group,BTMR1040,"CYP1A2
CYP2A6
CYP2B6
CYP2C8
CYP2C9
CYP2C19
CYP2D6
CYP2E1
CYP3A4",HUMAN,BTM00017,CCC1=NN(C(=O)N1CCOC2=CC=CC=C2)CCC(N3CCN(CC3)C4=CC(=CC=C4)Cl)O,"InChI=1S/C25H32ClN5O3/c1-2-23-27-31(25(33)30(23)17-18-34-22-9-4-3-5-10-22)12-11-24(32)29-15-13-28(14-16-29)21-8-6-7-20(26)19-21/h3-10,19,24,32H,2,11-18H2,1H3",BNZWNFIMHWSLHR-UHFFFAOYSA-N,5.373,485.219367564
"InChI=1S/C25H32ClN5O4/c1-2-23-27-31(25(34)30(23)16-17-35-20-6-4-3-5-7-20)11-10-24(33)29-14-12-28(13-15-29)19-8-9-22(32)21(26)18-19/h3-9,18,24,32-33H,2,10-17H2,1H3",MMVOCXMNIWXNET-UHFFFAOYSA-N,CCC1=NN(C(=O)N1CCOC2=CC=CC=C2)CCC(N3CCN(CC3)C4=CC(=C(C=C4)O)Cl)O,,,C25H32ClN5O4,501.214282184,5.1056000000000035,1,0,0,BTM00161,BTM00161,Hydroxylation of aromatic carbon ortho to halide group,BTMR1040,"CYP1A2
CYP2A6
CYP2B6
CYP2C8
CYP2C9
CYP2C19
CYP2D6
CYP2E1
CYP3A4",HUMAN,BTM00017,CCC1=NN(C(=O)N1CCOC2=CC=CC=C2)CCC(N3CCN(CC3)C4=CC(=CC=C4)Cl)O,"InChI=1S/C25H32ClN5O3/c1-2-23-27-31(25(33)30(23)17-18-34-22-9-4-3-5-10-22)12-11-24(32)29-15-13-28(14-16-29)21-8-6-7-20(26)19-21/h3-10,19,24,32H,2,11-18H2,1H3",BNZWNFIMHWSLHR-UHFFFAOYSA-N,5.373,485.219367564
"InChI=1S/C25H32ClN5O4/c1-2-23-27-31(25(34)30(23)14-15-35-22-6-4-3-5-7-22)9-8-24(33)29-12-10-28(11-13-29)20-16-19(26)17-21(32)18-20/h3-7,16-18,24,32-33H,2,8-15H2,1H3",AWTVNMKJTCIWOT-UHFFFAOYSA-N,CCC1=NN(C(=O)N1CCOC2=CC=CC=C2)CCC(N3CCN(CC3)C4=CC(=CC(=C4)O)Cl)O,,,C25H32ClN5O4,501.214282184,5.1056000000000035,1,0,0,BTM00162,BTM00162,Hydroxylation of aromatic carbon meta to halide group,BTMR1039,"CYP2A6
CYP2B6
CYP2C9
CYP2C19
CYP2E1
CYP3A4",HUMAN,BTM00017,CCC1=NN(C(=O)N1CCOC2=CC=CC=C2)CCC(N3CCN(CC3)C4=CC(=CC=C4)Cl)O,"InChI=1S/C25H32ClN5O3/c1-2-23-27-31(25(33)30(23)17-18-34-22-9-4-3-5-10-22)12-11-24(32)29-15-13-28(14-16-29)21-8-6-7-20(26)19-21/h3-10,19,24,32H,2,11-18H2,1H3",BNZWNFIMHWSLHR-UHFFFAOYSA-N,5.373,485.219367564
