InChI,InChIKey,SMILES,Synonyms,PUBCHEM_CID,Molecular formula,Major Isotope Mass,ALogP,Lipinski_Violations,Insecticide_Likeness_Violations,Post_Em_Herbicide_Likeness_Violations,Metabolite ID,cdk:Title,Reaction,Reaction ID,Enzyme(s),Biosystem,Precursor ID,Precursor SMILES,Precursor InChI,Precursor InChIKey,Precursor ALogP,Precursor Major Isotope Mass
"InChI=1S/C26H39NO7/c28-20-21(29)23(24(31)32)33-25(22(20)30)34-26(18-10-4-1-5-11-18,19-12-6-2-7-13-19)14-17-27-15-8-3-9-16-27/h1,4-5,10-11,19-23,25,28-30H,2-3,6-9,12-17H2,(H,31,32)",YZTSMMCZYXWCFF-UHFFFAOYSA-N,C1CCC(CC1)C(CCN2CCCCC2)(C3=CC=CC=C3)OC4OC(C(O)=O)C(C(C4O)O)O,,,C26H39NO7,477.272652588,2.879499999999997,0,1,1,BTM00001,BTM00001,Alkyl-OH-glucuronidation,BTMR0165,EC 2.4.1.17,HUMAN,,C1CCC(CC1)C(CCN2CCCCC2)(C3=CC=CC=C3)O,"InChI=1S/C20H31NO/c22-20(18-10-4-1-5-11-18,19-12-6-2-7-13-19)14-17-21-15-8-3-9-16-21/h1,4-5,10-11,19,22H,2-3,6-9,12-17H2",HWHLPVGTWGOCJO-UHFFFAOYSA-N,,301.2405
"InChI=1S/C20H31NO2/c22-19-12-6-5-11-18(19)20(23,17-9-3-1-4-10-17)13-16-21-14-7-2-8-15-21/h5-6,11-12,17,22-23H,1-4,7-10,13-16H2",VVDYBLYADQQSHJ-UHFFFAOYSA-N,C1CCC(CC1)C(CCN2CCCCC2)(C3=C(C=CC=C3)O)O,,,C20H31NO2,317.235479232,4.150099999999999,0,0,0,BTM00002,BTM00002,O-Hydroxylation of monosubstituted benzene,BTMR1034,"CYP1A2
CYP2C8
CYP2C9
CYP2C19
CYP3A4",HUMAN,,C1CCC(CC1)C(CCN2CCCCC2)(C3=CC=CC=C3)O,"InChI=1S/C20H31NO/c22-20(18-10-4-1-5-11-18,19-12-6-2-7-13-19)14-17-21-15-8-3-9-16-21/h1,4-5,10-11,19,22H,2-3,6-9,12-17H2",HWHLPVGTWGOCJO-UHFFFAOYSA-N,,301.2405
"InChI=1S/C20H31NO2/c22-19-11-9-18(10-12-19)20(23,17-7-3-1-4-8-17)13-16-21-14-5-2-6-15-21/h1,3-4,7-8,18-19,22-23H,2,5-6,9-16H2",IZHVXQHDIKFPNU-UHFFFAOYSA-N,C1(CCC(CC1)C(CCN2CCCCC2)(C3=CC=CC=C3)O)O,,,C20H31NO2,317.235479232,3.180599999999997,0,0,0,BTM00003,BTM00003,Hydroxylation of alicyclic secondary carbon,BTMR1068,"CYP1A2
CYP2C8
CYP2C9
CYP2C19
CYP2D6
CYP3A4",HUMAN,,C1CCC(CC1)C(CCN2CCCCC2)(C3=CC=CC=C3)O,"InChI=1S/C20H31NO/c22-20(18-10-4-1-5-11-18,19-12-6-2-7-13-19)14-17-21-15-8-3-9-16-21/h1,4-5,10-11,19,22H,2-3,6-9,12-17H2",HWHLPVGTWGOCJO-UHFFFAOYSA-N,,301.2405
"InChI=1S/C20H31NO2/c22-19-11-7-10-18(16-19)20(23,17-8-3-1-4-9-17)12-15-21-13-5-2-6-14-21/h1,3-4,8-9,18-19,22-23H,2,5-7,10-16H2",NADKOXAXSRMLEH-UHFFFAOYSA-N,C1C(CC(CC1)C(CCN2CCCCC2)(C3=CC=CC=C3)O)O,,,C20H31NO2,317.235479232,3.180599999999997,0,0,0,BTM00004,BTM00004,Hydroxylation of alicyclic secondary carbon,BTMR1068,"CYP1A2
CYP2C8
CYP2C9
CYP2C19
CYP2D6
CYP3A4",HUMAN,,C1CCC(CC1)C(CCN2CCCCC2)(C3=CC=CC=C3)O,"InChI=1S/C20H31NO/c22-20(18-10-4-1-5-11-18,19-12-6-2-7-13-19)14-17-21-15-8-3-9-16-21/h1,4-5,10-11,19,22H,2-3,6-9,12-17H2",HWHLPVGTWGOCJO-UHFFFAOYSA-N,,301.2405
"InChI=1S/C20H31NO2/c22-19-12-6-5-11-18(19)20(23,17-9-3-1-4-10-17)13-16-21-14-7-2-8-15-21/h1,3-4,9-10,18-19,22-23H,2,5-8,11-16H2",YIDUPFKMRLSZPY-UHFFFAOYSA-N,C1CC(C(CC1)C(CCN2CCCCC2)(C3=CC=CC=C3)O)O,,,C20H31NO2,317.235479232,3.1861999999999964,0,0,0,BTM00005,BTM00005,Hydroxylation of alicyclic secondary carbon,BTMR1068,"CYP1A2
CYP2C8
CYP2C9
CYP2C19
CYP2D6
CYP3A4",HUMAN,,C1CCC(CC1)C(CCN2CCCCC2)(C3=CC=CC=C3)O,"InChI=1S/C20H31NO/c22-20(18-10-4-1-5-11-18,19-12-6-2-7-13-19)14-17-21-15-8-3-9-16-21/h1,4-5,10-11,19,22H,2-3,6-9,12-17H2",HWHLPVGTWGOCJO-UHFFFAOYSA-N,,301.2405
"InChI=1S/C20H31NO2/c22-20(18-10-4-1-5-11-18,19-12-6-2-7-13-19)14-17-21(23)15-8-3-9-16-21/h1,4-5,10-11,19,22H,2-3,6-9,12-17H2",KXFSYXHEVRSHAS-UHFFFAOYSA-N,C1CCC(CC1)C(CC[N+]2(CCCCC2)[O-])(C3=CC=CC=C3)O,,,C20H31NO2,317.23547923200005,4.012399999999997,0,0,0,BTM00006,BTM00006,N-Oxidation of alicyclic tertiary amine,BTMR1099,"CYP1A2
CYP2C8
CYP2C19
CYP2D6
CYP3A4",HUMAN,,C1CCC(CC1)C(CCN2CCCCC2)(C3=CC=CC=C3)O,"InChI=1S/C20H31NO/c22-20(18-10-4-1-5-11-18,19-12-6-2-7-13-19)14-17-21-15-8-3-9-16-21/h1,4-5,10-11,19,22H,2-3,6-9,12-17H2",HWHLPVGTWGOCJO-UHFFFAOYSA-N,,301.2405
"InChI=1S/C15H20O2/c16-12-11-15(17,13-7-3-1-4-8-13)14-9-5-2-6-10-14/h1,3-4,7-8,12,14,17H,2,5-6,9-11H2",NVDRYJFEOYDRHA-UHFFFAOYSA-N,C1CCC(CC1)C(CC=O)(C2=CC=CC=C2)O,,,C15H20O2,232.14632988,3.0508999999999995,0,0,0,BTM00007,BTM00007,N-Dealkylation of alicyclic tertiary amine,BTMR1144,"CYP1A2
CYP2A6
CYP2B6
CYP2C8
CYP2C9
CYP2C19
CYP2D6
CYP3A4",HUMAN,,C1CCC(CC1)C(CCN2CCCCC2)(C3=CC=CC=C3)O,"InChI=1S/C20H31NO/c22-20(18-10-4-1-5-11-18,19-12-6-2-7-13-19)14-17-21-15-8-3-9-16-21/h1,4-5,10-11,19,22H,2-3,6-9,12-17H2",HWHLPVGTWGOCJO-UHFFFAOYSA-N,,301.2405
"InChI=1S/C5H11N/c1-2-4-6-5-3-1/h6H,1-5H2",NQRYJNQNLNOLGT-UHFFFAOYSA-N,N1CCCCC1,,,C5H11N,85.08914935199999,0.7014000000000005,0,0,0,BTM00008,BTM00008,N-Dealkylation of alicyclic tertiary amine,BTMR1144,"CYP1A2
CYP2A6
CYP2B6
CYP2C8
CYP2C9
CYP2C19
CYP2D6
CYP3A4",HUMAN,,C1CCC(CC1)C(CCN2CCCCC2)(C3=CC=CC=C3)O,"InChI=1S/C20H31NO/c22-20(18-10-4-1-5-11-18,19-12-6-2-7-13-19)14-17-21-15-8-3-9-16-21/h1,4-5,10-11,19,22H,2-3,6-9,12-17H2",HWHLPVGTWGOCJO-UHFFFAOYSA-N,,301.2405
"InChI=1S/C20H31NO2/c22-19-11-9-18(10-12-19)20(23,17-7-3-1-4-8-17)13-16-21-14-5-2-6-15-21/h9-12,17,22-23H,1-8,13-16H2",BUTWYTDVSDQBQS-UHFFFAOYSA-N,C1CCC(CC1)C(CCN2CCCCC2)(C3=CC=C(C=C3)O)O,,,C20H31NO2,317.23547923200005,4.150099999999999,0,0,0,BTM00009,BTM00009,Hydroxylation of benzene on carbon para to electron donating group,BTMR1047,"CYP1A2
CYP2C8
CYP2C9
CYP2D6
CYP3A4",HUMAN,,C1CCC(CC1)C(CCN2CCCCC2)(C3=CC=CC=C3)O,"InChI=1S/C20H31NO/c22-20(18-10-4-1-5-11-18,19-12-6-2-7-13-19)14-17-21-15-8-3-9-16-21/h1,4-5,10-11,19,22H,2-3,6-9,12-17H2",HWHLPVGTWGOCJO-UHFFFAOYSA-N,,301.2405
"InChI=1S/C20H31NO2/c22-19-13-7-8-15-21(19)16-14-20(23,17-9-3-1-4-10-17)18-11-5-2-6-12-18/h1,3-4,9-10,18-19,22-23H,2,5-8,11-16H2",RGEWLFCDFCFDNN-UHFFFAOYSA-N,C1CCC(CC1)C(CCN2C(CCCC2)O)(C3=CC=CC=C3)O,,,C20H31NO2,317.23547923200005,3.8189999999999995,0,0,0,BTM00010,BTM00010,Hydroxylation of heteroalicyclic secondary carbon,BTMR1070,"CYP1A2
CYP2A6
CYP2C9
CYP2D6
CYP3A4",HUMAN,,C1CCC(CC1)C(CCN2CCCCC2)(C3=CC=CC=C3)O,"InChI=1S/C20H31NO/c22-20(18-10-4-1-5-11-18,19-12-6-2-7-13-19)14-17-21-15-8-3-9-16-21/h1,4-5,10-11,19,22H,2-3,6-9,12-17H2",HWHLPVGTWGOCJO-UHFFFAOYSA-N,,301.2405
"InChI=1S/C20H31NO2/c22-19-12-7-14-21(16-19)15-13-20(23,17-8-3-1-4-9-17)18-10-5-2-6-11-18/h1,3-4,8-9,18-19,22-23H,2,5-7,10-16H2",PDCKNECXIOAQLY-UHFFFAOYSA-N,C1CCC(CC1)C(CCN2CC(CCC2)O)(C3=CC=CC=C3)O,,,C20H31NO2,317.23547923200005,3.4505999999999957,0,0,0,BTM00011,BTM00011,Hydroxylation of heteroalicyclic secondary carbon,BTMR1071,CYP1A2,HUMAN,,C1CCC(CC1)C(CCN2CCCCC2)(C3=CC=CC=C3)O,"InChI=1S/C20H31NO/c22-20(18-10-4-1-5-11-18,19-12-6-2-7-13-19)14-17-21-15-8-3-9-16-21/h1,4-5,10-11,19,22H,2-3,6-9,12-17H2",HWHLPVGTWGOCJO-UHFFFAOYSA-N,,301.2405
"InChI=1S/C20H31NO2/c22-19(21-14-8-3-9-15-21)16-20(23,17-10-4-1-5-11-17)18-12-6-2-7-13-18/h1,4-5,10-11,18-19,22-23H,2-3,6-9,12-16H2",DSMFUOGEYYTIKE-UHFFFAOYSA-N,C1CCC(CC1)C(CC(N2CCCCC2)O)(C3=CC=CC=C3)O,,,C20H31NO2,317.235479232,4.270999999999999,0,0,0,BTM00012,BTM00012,Aliphatic hydroxylation of carbon alpha to secondary or tertiary alkyl-N,BTMR1081,"CYP2B6
CYP2C19
CYP2D6",HUMAN,,C1CCC(CC1)C(CCN2CCCCC2)(C3=CC=CC=C3)O,"InChI=1S/C20H31NO/c22-20(18-10-4-1-5-11-18,19-12-6-2-7-13-19)14-17-21-15-8-3-9-16-21/h1,4-5,10-11,19,22H,2-3,6-9,12-17H2",HWHLPVGTWGOCJO-UHFFFAOYSA-N,,301.2405
"InChI=1S/C20H31NO2/c22-19-13-7-8-15-21(19)16-14-20(23,17-9-3-1-4-10-17)18-11-5-2-6-12-18/h1,3-4,9-10,18-19,22-23H,2,5-8,11-16H2",RGEWLFCDFCFDNN-UHFFFAOYSA-N,C1CCC(CC1)C(CCN2C(CCCC2)O)(C3=CC=CC=C3)O,,,C20H31NO2,317.23547923200005,3.8189999999999995,0,0,0,BTM00010,BTM00010,Aliphatic hydroxylation of carbon alpha to secondary or tertiary alkyl-N,BTMR1081,"CYP2B6
CYP2C19
CYP2D6",HUMAN,,C1CCC(CC1)C(CCN2CCCCC2)(C3=CC=CC=C3)O,"InChI=1S/C20H31NO/c22-20(18-10-4-1-5-11-18,19-12-6-2-7-13-19)14-17-21-15-8-3-9-16-21/h1,4-5,10-11,19,22H,2-3,6-9,12-17H2",HWHLPVGTWGOCJO-UHFFFAOYSA-N,,301.2405
"InChI=1S/C20H30NO/c22-20(18-10-4-1-5-11-18,19-12-6-2-7-13-19)14-17-21-15-8-3-9-16-21/h1,4-5,10-11,15,19,22H,2-3,6-9,12-14,16-17H2/q+1",GOARRRVFYVHGQG-UHFFFAOYSA-N,C1CCC(CC1)C(CC[N+]2=CCCCC2)(C3=CC=CC=C3)O,,,[C20H30NO]+,300.23273958,2.4932999999999987,0,0,0,BTM00013,BTM00013,Formation of imminium ion from N-substituted piperidine,BTMR1187,"CYP2C19
CYP3A4",HUMAN,,C1CCC(CC1)C(CCN2CCCCC2)(C3=CC=CC=C3)O,"InChI=1S/C20H31NO/c22-20(18-10-4-1-5-11-18,19-12-6-2-7-13-19)14-17-21-15-8-3-9-16-21/h1,4-5,10-11,19,22H,2-3,6-9,12-17H2",HWHLPVGTWGOCJO-UHFFFAOYSA-N,,301.2405
"InChI=1S/C20H31NO3/c22-19(23)13-7-8-15-21-16-14-20(24,17-9-3-1-4-10-17)18-11-5-2-6-12-18/h1,3-4,9-10,18,21,24H,2,5-8,11-16H2,(H,22,23)",WPLHVUZZAZJHEX-UHFFFAOYSA-N,C1CCC(CC1)C(CCNCCCCC(O)=O)(C2=CC=CC=C2)O,,,C20H31NO3,333.230393852,3.4460999999999995,0,1,1,BTM00014,BTM00014,Ring opening of N-substituted piperidine,BTMR1188,CYP3A4,HUMAN,,C1CCC(CC1)C(CCN2CCCCC2)(C3=CC=CC=C3)O,"InChI=1S/C20H31NO/c22-20(18-10-4-1-5-11-18,19-12-6-2-7-13-19)14-17-21-15-8-3-9-16-21/h1,4-5,10-11,19,22H,2-3,6-9,12-17H2",HWHLPVGTWGOCJO-UHFFFAOYSA-N,,301.2405
"InChI=1S/C26H39NO8/c28-20-21(29)23(24(31)32)35-25(22(20)30)34-19-12-6-5-11-18(19)26(33,17-9-3-1-4-10-17)13-16-27-14-7-2-8-15-27/h5-6,11-12,17,20-23,25,28-30,33H,1-4,7-10,13-16H2,(H,31,32)",SPFVNHJSVBUOEX-UHFFFAOYSA-N,C1CCC(CC1)C(CCN2CCCCC2)(C3=C(C=CC=C3)OC4OC(C(O)=O)C(C(C4O)O)O)O,,,C26H39NO8,493.267567208,2.454599999999997,0,1,1,BTM00015,BTM00015,Aromatic OH-glucuronidation,BTMR0166,EC 2.4.1.17,HUMAN,BTM00002,C1CCC(CC1)C(CCN2CCCCC2)(C3=C(C=CC=C3)O)O,"InChI=1S/C20H31NO2/c22-19-12-6-5-11-18(19)20(23,17-9-3-1-4-10-17)13-16-21-14-7-2-8-15-21/h5-6,11-12,17,22-23H,1-4,7-10,13-16H2",VVDYBLYADQQSHJ-UHFFFAOYSA-N,4.150099999999999,317.235479232
"InChI=1S/C20H31NO5S/c22-20(17-9-3-1-4-10-17,13-16-21-14-7-2-8-15-21)18-11-5-6-12-19(18)26-27(23,24)25/h5-6,11-12,17,22H,1-4,7-10,13-16H2,(H,23,24,25)",YGRJEPVWBVFDLK-UHFFFAOYSA-N,C1CCC(CC1)C(CCN2CCCCC2)(C3=C(C=CC=C3)OS(O)(=O)=O)O,,,C20H31NO5S,397.192294092,3.4132999999999982,0,0,0,BTM00016,BTM00016,Sulfonation of phenolic compound,BTMR1376,EC 2.8.2.1,HUMAN,BTM00002,C1CCC(CC1)C(CCN2CCCCC2)(C3=C(C=CC=C3)O)O,"InChI=1S/C20H31NO2/c22-19-12-6-5-11-18(19)20(23,17-9-3-1-4-10-17)13-16-21-14-7-2-8-15-21/h5-6,11-12,17,22-23H,1-4,7-10,13-16H2",VVDYBLYADQQSHJ-UHFFFAOYSA-N,4.150099999999999,317.235479232
"InChI=1S/C21H33NO2/c1-24-20-13-7-6-12-19(20)21(23,18-10-4-2-5-11-18)14-17-22-15-8-3-9-16-22/h6-7,12-13,18,23H,2-5,8-11,14-17H2,1H3",SVBADBAYNZYFTB-UHFFFAOYSA-N,C1CCC(CC1)C(CCN2CCCCC2)(C3=C(C=CC=C3)OC)O,,,C21H33NO2,331.251129296,4.401099999999999,0,0,0,BTM00017,BTM00017,Methylation of phenolic compound,BTMR1377,EC 2.1.1.25,HUMAN,BTM00002,C1CCC(CC1)C(CCN2CCCCC2)(C3=C(C=CC=C3)O)O,"InChI=1S/C20H31NO2/c22-19-12-6-5-11-18(19)20(23,17-9-3-1-4-10-17)13-16-21-14-7-2-8-15-21/h5-6,11-12,17,22-23H,1-4,7-10,13-16H2",VVDYBLYADQQSHJ-UHFFFAOYSA-N,4.150099999999999,317.235479232
"InChI=1S/C20H29NO2/c22-19-11-9-18(10-12-19)20(23,17-7-3-1-4-8-17)13-16-21-14-5-2-6-15-21/h1,3-4,7-8,18,23H,2,5-6,9-16H2",LMQXMRYBSBEDSH-UHFFFAOYSA-N,C1(CCC(CC1)C(CCN2CCCCC2)(C3=CC=CC=C3)O)=O,,,C20H29NO2,315.219829168,2.8546999999999962,0,0,0,BTM00018,BTM00018,Dehydrogenation of secondary alcohol,BTMR0030,EC 1.1.1.1,HUMAN,BTM00003,C1(CCC(CC1)C(CCN2CCCCC2)(C3=CC=CC=C3)O)O,"InChI=1S/C20H31NO2/c22-19-11-9-18(10-12-19)20(23,17-7-3-1-4-8-17)13-16-21-14-5-2-6-15-21/h1,3-4,7-8,18-19,22-23H,2,5-6,9-16H2",IZHVXQHDIKFPNU-UHFFFAOYSA-N,3.180599999999997,317.235479232
"InChI=1S/C26H39NO8/c28-20-21(29)23(24(31)32)35-25(22(20)30)34-19-11-9-18(10-12-19)26(33,17-7-3-1-4-8-17)13-16-27-14-5-2-6-15-27/h1,3-4,7-8,18-23,25,28-30,33H,2,5-6,9-16H2,(H,31,32)",YWNKHZDGFLJGQR-UHFFFAOYSA-N,C1(CCC(CC1)C(CCN2CCCCC2)(C3=CC=CC=C3)O)OC4OC(C(O)=O)C(C(C4O)O)O,,,C26H39NO8,493.267567208,1.6425999999999985,0,1,1,BTM00019,BTM00019,Alkyl-OH-glucuronidation,BTMR0165,EC 2.4.1.17,HUMAN,BTM00003,C1(CCC(CC1)C(CCN2CCCCC2)(C3=CC=CC=C3)O)O,"InChI=1S/C20H31NO2/c22-19-11-9-18(10-12-19)20(23,17-7-3-1-4-8-17)13-16-21-14-5-2-6-15-21/h1,3-4,7-8,18-19,22-23H,2,5-6,9-16H2",IZHVXQHDIKFPNU-UHFFFAOYSA-N,3.180599999999997,317.235479232
"InChI=1S/C26H39NO8/c28-19-11-9-18(10-12-19)26(17-7-3-1-4-8-17,13-16-27-14-5-2-6-15-27)35-25-22(31)20(29)21(30)23(34-25)24(32)33/h1,3-4,7-8,18-23,25,28-31H,2,5-6,9-16H2,(H,32,33)",CDIZYBRPXNFWPX-UHFFFAOYSA-N,C1(CCC(CC1)C(CCN2CCCCC2)(C3=CC=CC=C3)OC4OC(C(O)=O)C(C(C4O)O)O)O,,,C26H39NO8,493.26756720800006,1.6425999999999985,0,1,1,BTM00020,BTM00020,Alkyl-OH-glucuronidation,BTMR0165,EC 2.4.1.17,HUMAN,BTM00003,C1(CCC(CC1)C(CCN2CCCCC2)(C3=CC=CC=C3)O)O,"InChI=1S/C20H31NO2/c22-19-11-9-18(10-12-19)20(23,17-7-3-1-4-8-17)13-16-21-14-5-2-6-15-21/h1,3-4,7-8,18-19,22-23H,2,5-6,9-16H2",IZHVXQHDIKFPNU-UHFFFAOYSA-N,3.180599999999997,317.235479232
"InChI=1S/C20H31NO5S/c22-20(17-7-3-1-4-8-17,13-16-21-14-5-2-6-15-21)18-9-11-19(12-10-18)26-27(23,24)25/h1,3-4,7-8,18-19,22H,2,5-6,9-16H2,(H,23,24,25)",IYPPNGBWJCLISP-UHFFFAOYSA-N,C1(CCC(CC1)C(CCN2CCCCC2)(C3=CC=CC=C3)O)OS(O)(=O)=O,,,C20H31NO5S,397.19229409200005,2.6012999999999966,0,0,0,BTM00021,BTM00021,Sulfation of secondary alcohol,BTMR0502,EC 2.8.2.2,HUMAN,BTM00003,C1(CCC(CC1)C(CCN2CCCCC2)(C3=CC=CC=C3)O)O,"InChI=1S/C20H31NO2/c22-19-11-9-18(10-12-19)20(23,17-7-3-1-4-8-17)13-16-21-14-5-2-6-15-21/h1,3-4,7-8,18-19,22-23H,2,5-6,9-16H2",IZHVXQHDIKFPNU-UHFFFAOYSA-N,3.180599999999997,317.235479232
"InChI=1S/C20H29NO2/c22-19-11-7-10-18(16-19)20(23,17-8-3-1-4-9-17)12-15-21-13-5-2-6-14-21/h1,3-4,8-9,18,23H,2,5-7,10-16H2",SGCDDHANMYARMJ-UHFFFAOYSA-N,C1C(CC(CC1)C(CCN2CCCCC2)(C3=CC=CC=C3)O)=O,,,C20H29NO2,315.21982916800005,2.8546999999999962,0,0,0,BTM00022,BTM00022,Dehydrogenation of secondary alcohol,BTMR0030,EC 1.1.1.1,HUMAN,BTM00004,C1C(CC(CC1)C(CCN2CCCCC2)(C3=CC=CC=C3)O)O,"InChI=1S/C20H31NO2/c22-19-11-7-10-18(16-19)20(23,17-8-3-1-4-9-17)12-15-21-13-5-2-6-14-21/h1,3-4,8-9,18-19,22-23H,2,5-7,10-16H2",NADKOXAXSRMLEH-UHFFFAOYSA-N,3.180599999999997,317.235479232
"InChI=1S/C26H39NO8/c28-20-21(29)23(24(31)32)35-25(22(20)30)34-19-11-7-10-18(16-19)26(33,17-8-3-1-4-9-17)12-15-27-13-5-2-6-14-27/h1,3-4,8-9,18-23,25,28-30,33H,2,5-7,10-16H2,(H,31,32)",AOEUBBQSFJNJIH-UHFFFAOYSA-N,C1C(CC(CC1)C(CCN2CCCCC2)(C3=CC=CC=C3)O)OC4OC(C(O)=O)C(C(C4O)O)O,,,C26H39NO8,493.26756720800006,1.6425999999999985,0,1,1,BTM00023,BTM00023,Alkyl-OH-glucuronidation,BTMR0165,EC 2.4.1.17,HUMAN,BTM00004,C1C(CC(CC1)C(CCN2CCCCC2)(C3=CC=CC=C3)O)O,"InChI=1S/C20H31NO2/c22-19-11-7-10-18(16-19)20(23,17-8-3-1-4-9-17)12-15-21-13-5-2-6-14-21/h1,3-4,8-9,18-19,22-23H,2,5-7,10-16H2",NADKOXAXSRMLEH-UHFFFAOYSA-N,3.180599999999997,317.235479232
"InChI=1S/C26H39NO8/c28-19-11-7-10-18(16-19)26(17-8-3-1-4-9-17,12-15-27-13-5-2-6-14-27)35-25-22(31)20(29)21(30)23(34-25)24(32)33/h1,3-4,8-9,18-23,25,28-31H,2,5-7,10-16H2,(H,32,33)",PKQDQLRMTKQHQC-UHFFFAOYSA-N,C1C(CC(CC1)C(CCN2CCCCC2)(C3=CC=CC=C3)OC4OC(C(O)=O)C(C(C4O)O)O)O,,,C26H39NO8,493.26756720799995,1.6425999999999985,0,1,1,BTM00024,BTM00024,Alkyl-OH-glucuronidation,BTMR0165,EC 2.4.1.17,HUMAN,BTM00004,C1C(CC(CC1)C(CCN2CCCCC2)(C3=CC=CC=C3)O)O,"InChI=1S/C20H31NO2/c22-19-11-7-10-18(16-19)20(23,17-8-3-1-4-9-17)12-15-21-13-5-2-6-14-21/h1,3-4,8-9,18-19,22-23H,2,5-7,10-16H2",NADKOXAXSRMLEH-UHFFFAOYSA-N,3.180599999999997,317.235479232
"InChI=1S/C20H31NO5S/c22-20(17-8-3-1-4-9-17,12-15-21-13-5-2-6-14-21)18-10-7-11-19(16-18)26-27(23,24)25/h1,3-4,8-9,18-19,22H,2,5-7,10-16H2,(H,23,24,25)",HYCOSKACVKWHCK-UHFFFAOYSA-N,C1C(CC(CC1)C(CCN2CCCCC2)(C3=CC=CC=C3)O)OS(O)(=O)=O,,,C20H31NO5S,397.192294092,2.6012999999999966,0,0,0,BTM00025,BTM00025,Sulfation of secondary alcohol,BTMR0502,EC 2.8.2.2,HUMAN,BTM00004,C1C(CC(CC1)C(CCN2CCCCC2)(C3=CC=CC=C3)O)O,"InChI=1S/C20H31NO2/c22-19-11-7-10-18(16-19)20(23,17-8-3-1-4-9-17)12-15-21-13-5-2-6-14-21/h1,3-4,8-9,18-19,22-23H,2,5-7,10-16H2",NADKOXAXSRMLEH-UHFFFAOYSA-N,3.180599999999997,317.235479232
"InChI=1S/C20H29NO2/c22-19-12-6-5-11-18(19)20(23,17-9-3-1-4-10-17)13-16-21-14-7-2-8-15-21/h1,3-4,9-10,18,23H,2,5-8,11-16H2",WOGUMYJYHLZVOG-UHFFFAOYSA-N,C1CC(C(CC1)C(CCN2CCCCC2)(C3=CC=CC=C3)O)=O,,,C20H29NO2,315.219829168,3.1328999999999962,0,0,0,BTM00026,BTM00026,Dehydrogenation of secondary alcohol,BTMR0030,EC 1.1.1.1,HUMAN,BTM00005,C1CC(C(CC1)C(CCN2CCCCC2)(C3=CC=CC=C3)O)O,"InChI=1S/C20H31NO2/c22-19-12-6-5-11-18(19)20(23,17-9-3-1-4-10-17)13-16-21-14-7-2-8-15-21/h1,3-4,9-10,18-19,22-23H,2,5-8,11-16H2",YIDUPFKMRLSZPY-UHFFFAOYSA-N,3.1861999999999964,317.235479232
"InChI=1S/C26H39NO8/c28-20-21(29)23(24(31)32)35-25(22(20)30)34-19-12-6-5-11-18(19)26(33,17-9-3-1-4-10-17)13-16-27-14-7-2-8-15-27/h1,3-4,9-10,18-23,25,28-30,33H,2,5-8,11-16H2,(H,31,32)",AIGJZIUOVBZECB-UHFFFAOYSA-N,C1CC(C(CC1)C(CCN2CCCCC2)(C3=CC=CC=C3)O)OC4OC(C(O)=O)C(C(C4O)O)O,,,C26H39NO8,493.267567208,1.6481999999999988,0,1,1,BTM00027,BTM00027,Alkyl-OH-glucuronidation,BTMR0165,EC 2.4.1.17,HUMAN,BTM00005,C1CC(C(CC1)C(CCN2CCCCC2)(C3=CC=CC=C3)O)O,"InChI=1S/C20H31NO2/c22-19-12-6-5-11-18(19)20(23,17-9-3-1-4-10-17)13-16-21-14-7-2-8-15-21/h1,3-4,9-10,18-19,22-23H,2,5-8,11-16H2",YIDUPFKMRLSZPY-UHFFFAOYSA-N,3.1861999999999964,317.235479232
"InChI=1S/C26H39NO8/c28-19-12-6-5-11-18(19)26(17-9-3-1-4-10-17,13-16-27-14-7-2-8-15-27)35-25-22(31)20(29)21(30)23(34-25)24(32)33/h1,3-4,9-10,18-23,25,28-31H,2,5-8,11-16H2,(H,32,33)",WTRQMMGJKSMYQE-UHFFFAOYSA-N,C1CC(C(CC1)C(CCN2CCCCC2)(C3=CC=CC=C3)OC4OC(C(O)=O)C(C(C4O)O)O)O,,,C26H39NO8,493.26756720800006,1.6481999999999988,0,1,1,BTM00028,BTM00028,Alkyl-OH-glucuronidation,BTMR0165,EC 2.4.1.17,HUMAN,BTM00005,C1CC(C(CC1)C(CCN2CCCCC2)(C3=CC=CC=C3)O)O,"InChI=1S/C20H31NO2/c22-19-12-6-5-11-18(19)20(23,17-9-3-1-4-10-17)13-16-21-14-7-2-8-15-21/h1,3-4,9-10,18-19,22-23H,2,5-8,11-16H2",YIDUPFKMRLSZPY-UHFFFAOYSA-N,3.1861999999999964,317.235479232
"InChI=1S/C20H31NO5S/c22-20(17-9-3-1-4-10-17,13-16-21-14-7-2-8-15-21)18-11-5-6-12-19(18)26-27(23,24)25/h1,3-4,9-10,18-19,22H,2,5-8,11-16H2,(H,23,24,25)",HKURZIINFLANJK-UHFFFAOYSA-N,C1CC(C(CC1)C(CCN2CCCCC2)(C3=CC=CC=C3)O)OS(O)(=O)=O,,,C20H31NO5S,397.192294092,2.606899999999996,0,0,0,BTM00029,BTM00029,Sulfation of secondary alcohol,BTMR0502,EC 2.8.2.2,HUMAN,BTM00005,C1CC(C(CC1)C(CCN2CCCCC2)(C3=CC=CC=C3)O)O,"InChI=1S/C20H31NO2/c22-19-12-6-5-11-18(19)20(23,17-9-3-1-4-10-17)13-16-21-14-7-2-8-15-21/h1,3-4,9-10,18-19,22-23H,2,5-8,11-16H2",YIDUPFKMRLSZPY-UHFFFAOYSA-N,3.1861999999999964,317.235479232
"InChI=1S/C26H39NO8/c28-20-21(29)23(24(31)32)34-25(22(20)30)35-26(18-10-4-1-5-11-18,19-12-6-2-7-13-19)14-17-27(33)15-8-3-9-16-27/h1,4-5,10-11,19-23,25,28-30H,2-3,6-9,12-17H2,(H,31,32)",BIOJCOCMRIOFFK-UHFFFAOYSA-N,C1CCC(CC1)C(CC[N+]2(CCCCC2)[O-])(C3=CC=CC=C3)OC4OC(C(O)=O)C(C(C4O)O)O,,,C26H39NO8,493.267567208,2.4743999999999975,0,1,1,BTM00030,BTM00030,Alkyl-OH-glucuronidation,BTMR0165,EC 2.4.1.17,HUMAN,BTM00006,C1CCC(CC1)C(CC[N+]2(CCCCC2)[O-])(C3=CC=CC=C3)O,"InChI=1S/C20H31NO2/c22-20(18-10-4-1-5-11-18,19-12-6-2-7-13-19)14-17-21(23)15-8-3-9-16-21/h1,4-5,10-11,19,22H,2-3,6-9,12-17H2",KXFSYXHEVRSHAS-UHFFFAOYSA-N,4.012399999999997,317.23547923200005
"InChI=1S/C26H39NO8/c28-20-21(29)23(24(31)32)34-25(22(20)30)35-27(15-8-3-9-16-27)17-14-26(33,18-10-4-1-5-11-18)19-12-6-2-7-13-19/h1,4-5,10-11,19-23,25,28-30,33H,2-3,6-9,12-17H2/p+1",IEIRCHWTTIPTCM-UHFFFAOYSA-O,C1CCC(CC1)C(CC[N+]2(CCCCC2)OC3OC(C(O)C(O)C3O)C(O)=O)(C4=CC=CC=C4)O,,,[C26H40NO8]+,494.27539224000003,0.9620999999999971,0,1,1,BTM00031,BTM00031,O-Glucuronidation of N-oxide,BTMR0184,EC 2.4.1.17,HUMAN,BTM00006,C1CCC(CC1)C(CC[N+]2(CCCCC2)[O-])(C3=CC=CC=C3)O,"InChI=1S/C20H31NO2/c22-20(18-10-4-1-5-11-18,19-12-6-2-7-13-19)14-17-21(23)15-8-3-9-16-21/h1,4-5,10-11,19,22H,2-3,6-9,12-17H2",KXFSYXHEVRSHAS-UHFFFAOYSA-N,4.012399999999997,317.23547923200005
"InChI=1S/C15H22O2/c16-12-11-15(17,13-7-3-1-4-8-13)14-9-5-2-6-10-14/h1,3-4,7-8,14,16-17H,2,5-6,9-12H2",RNQWYWHVRAZFQB-UHFFFAOYSA-N,C1CCC(CC1)C(CCO)(C2=CC=CC=C2)O,,,C15H22O2,234.161979944,2.8221999999999996,0,0,0,BTM00032,BTM00032,Reduction of aldehyde,BTMR0367,EC 1.1.1.184,HUMAN,BTM00007,C1CCC(CC1)C(CC=O)(C2=CC=CC=C2)O,"InChI=1S/C15H20O2/c16-12-11-15(17,13-7-3-1-4-8-13)14-9-5-2-6-10-14/h1,3-4,7-8,12,14,17H,2,5-6,9-11H2",NVDRYJFEOYDRHA-UHFFFAOYSA-N,3.0508999999999995,232.14632988
"InChI=1S/C15H20O3/c16-14(17)11-15(18,12-7-3-1-4-8-12)13-9-5-2-6-10-13/h1,3-4,7-8,13,18H,2,5-6,9-11H2,(H,16,17)",XWFDNJOSAQOKSJ-UHFFFAOYSA-N,C1CCC(CC1)C(CC(=O)O)(C2=CC=CC=C2)O,,,C15H20O3,248.14124449999997,3.0034999999999994,0,0,0,BTM00033,BTM00033,Aldehyde oxidation,BTMR0050,EC 1.2.3.1,HUMAN,BTM00007,C1CCC(CC1)C(CC=O)(C2=CC=CC=C2)O,"InChI=1S/C15H20O2/c16-12-11-15(17,13-7-3-1-4-8-13)14-9-5-2-6-10-14/h1,3-4,7-8,12,14,17H,2,5-6,9-11H2",NVDRYJFEOYDRHA-UHFFFAOYSA-N,3.0508999999999995,232.14632988
"InChI=1S/C21H28O8/c22-12-11-21(13-7-3-1-4-8-13,14-9-5-2-6-10-14)29-20-17(25)15(23)16(24)18(28-20)19(26)27/h1,3-4,7-8,12,14-18,20,23-25H,2,5-6,9-11H2,(H,26,27)",DNUPGBZHKCHINM-UHFFFAOYSA-N,C1CCC(CC1)C(CC=O)(C2=CC=CC=C2)OC3OC(C(O)=O)C(C(C3O)O)O,,,C21H28O8,408.178417856,1.5129,0,1,1,BTM00034,BTM00034,Alkyl-OH-glucuronidation,BTMR0165,EC 2.4.1.17,HUMAN,BTM00007,C1CCC(CC1)C(CC=O)(C2=CC=CC=C2)O,"InChI=1S/C15H20O2/c16-12-11-15(17,13-7-3-1-4-8-13)14-9-5-2-6-10-14/h1,3-4,7-8,12,14,17H,2,5-6,9-11H2",NVDRYJFEOYDRHA-UHFFFAOYSA-N,3.0508999999999995,232.14632988
"InChI=1S/C26H39NO8/c28-20-21(29)23(24(31)32)35-25(22(20)30)34-19-11-9-18(10-12-19)26(33,17-7-3-1-4-8-17)13-16-27-14-5-2-6-15-27/h9-12,17,20-23,25,28-30,33H,1-8,13-16H2,(H,31,32)",XGOYPYFFZXOWPO-UHFFFAOYSA-N,C1CCC(CC1)C(CCN2CCCCC2)(C3=CC=C(C=C3)OC4OC(C(O)=O)C(C(C4O)O)O)O,,,C26H39NO8,493.26756720799995,2.454599999999997,0,1,1,BTM00035,BTM00035,Aromatic OH-glucuronidation,BTMR0166,EC 2.4.1.17,HUMAN,BTM00009,C1CCC(CC1)C(CCN2CCCCC2)(C3=CC=C(C=C3)O)O,"InChI=1S/C20H31NO2/c22-19-11-9-18(10-12-19)20(23,17-7-3-1-4-8-17)13-16-21-14-5-2-6-15-21/h9-12,17,22-23H,1-8,13-16H2",BUTWYTDVSDQBQS-UHFFFAOYSA-N,4.150099999999999,317.23547923200005
"InChI=1S/C20H31NO5S/c22-20(17-7-3-1-4-8-17,13-16-21-14-5-2-6-15-21)18-9-11-19(12-10-18)26-27(23,24)25/h9-12,17,22H,1-8,13-16H2,(H,23,24,25)",LNNRISLIUWTAFM-UHFFFAOYSA-N,C1CCC(CC1)C(CCN2CCCCC2)(C3=CC=C(C=C3)OS(O)(=O)=O)O,,,C20H31NO5S,397.192294092,3.4132999999999982,0,0,0,BTM00036,BTM00036,Sulfonation of phenolic compound,BTMR1376,EC 2.8.2.1,HUMAN,BTM00009,C1CCC(CC1)C(CCN2CCCCC2)(C3=CC=C(C=C3)O)O,"InChI=1S/C20H31NO2/c22-19-11-9-18(10-12-19)20(23,17-7-3-1-4-8-17)13-16-21-14-5-2-6-15-21/h9-12,17,22-23H,1-8,13-16H2",BUTWYTDVSDQBQS-UHFFFAOYSA-N,4.150099999999999,317.23547923200005
"InChI=1S/C21H33NO2/c1-24-20-12-10-19(11-13-20)21(23,18-8-4-2-5-9-18)14-17-22-15-6-3-7-16-22/h10-13,18,23H,2-9,14-17H2,1H3",FLQKREVCPVXWBI-UHFFFAOYSA-N,C1CCC(CC1)C(CCN2CCCCC2)(C3=CC=C(C=C3)OC)O,,,C21H33NO2,331.25112929600004,4.401099999999999,0,0,0,BTM00037,BTM00037,Methylation of phenolic compound,BTMR1377,EC 2.1.1.25,HUMAN,BTM00009,C1CCC(CC1)C(CCN2CCCCC2)(C3=CC=C(C=C3)O)O,"InChI=1S/C20H31NO2/c22-19-11-9-18(10-12-19)20(23,17-7-3-1-4-8-17)13-16-21-14-5-2-6-15-21/h9-12,17,22-23H,1-8,13-16H2",BUTWYTDVSDQBQS-UHFFFAOYSA-N,4.150099999999999,317.23547923200005
"InChI=1S/C20H29NO2/c22-19-13-7-8-15-21(19)16-14-20(23,17-9-3-1-4-10-17)18-11-5-2-6-12-18/h1,3-4,9-10,18,23H,2,5-8,11-16H2",HFHFWLUQSZJBDZ-UHFFFAOYSA-N,C1CCC(CC1)C(CCN2C(CCCC2)=O)(C3=CC=CC=C3)O,,,C20H29NO2,315.21982916800005,3.4715000000000003,0,0,0,BTM00038,BTM00038,Dehydrogenation of secondary alcohol,BTMR0030,EC 1.1.1.1,HUMAN,BTM00010,C1CCC(CC1)C(CCN2C(CCCC2)O)(C3=CC=CC=C3)O,"InChI=1S/C20H31NO2/c22-19-13-7-8-15-21(19)16-14-20(23,17-9-3-1-4-10-17)18-11-5-2-6-12-18/h1,3-4,9-10,18-19,22-23H,2,5-8,11-16H2",RGEWLFCDFCFDNN-UHFFFAOYSA-N,3.8189999999999995,317.23547923200005
"InChI=1S/C26H39NO8/c28-19-13-7-8-15-27(19)16-14-26(17-9-3-1-4-10-17,18-11-5-2-6-12-18)35-25-22(31)20(29)21(30)23(34-25)24(32)33/h1,3-4,9-10,18-23,25,28-31H,2,5-8,11-16H2,(H,32,33)",LDLULOUOKTYVOB-UHFFFAOYSA-N,C1CCC(CC1)C(CCN2C(CCCC2)O)(C3=CC=CC=C3)OC4OC(C(O)=O)C(C(C4O)O)O,,,C26H39NO8,493.26756720799995,2.281000000000001,0,1,1,BTM00039,BTM00039,Alkyl-OH-glucuronidation,BTMR0165,EC 2.4.1.17,HUMAN,BTM00010,C1CCC(CC1)C(CCN2C(CCCC2)O)(C3=CC=CC=C3)O,"InChI=1S/C20H31NO2/c22-19-13-7-8-15-21(19)16-14-20(23,17-9-3-1-4-10-17)18-11-5-2-6-12-18/h1,3-4,9-10,18-19,22-23H,2,5-8,11-16H2",RGEWLFCDFCFDNN-UHFFFAOYSA-N,3.8189999999999995,317.23547923200005
"InChI=1S/C26H39NO8/c28-19-12-7-14-27(16-19)15-13-26(17-8-3-1-4-9-17,18-10-5-2-6-11-18)35-25-22(31)20(29)21(30)23(34-25)24(32)33/h1,3-4,8-9,18-23,25,28-31H,2,5-7,10-16H2,(H,32,33)",NGACAOAJUGMUIC-UHFFFAOYSA-N,C1CCC(CC1)C(CCN2CC(CCC2)O)(C3=CC=CC=C3)OC4OC(C(O)=O)C(C(C4O)O)O,,,C26H39NO8,493.267567208,1.912599999999998,0,1,1,BTM00040,BTM00040,Alkyl-OH-glucuronidation,BTMR0165,EC 2.4.1.17,HUMAN,BTM00011,C1CCC(CC1)C(CCN2CC(CCC2)O)(C3=CC=CC=C3)O,"InChI=1S/C20H31NO2/c22-19-12-7-14-21(16-19)15-13-20(23,17-8-3-1-4-9-17)18-10-5-2-6-11-18/h1,3-4,8-9,18-19,22-23H,2,5-7,10-16H2",PDCKNECXIOAQLY-UHFFFAOYSA-N,3.4505999999999957,317.23547923200005
"InChI=1S/C26H39NO8/c28-20-21(29)23(24(31)32)35-25(22(20)30)34-19-12-7-14-27(16-19)15-13-26(33,17-8-3-1-4-9-17)18-10-5-2-6-11-18/h1,3-4,8-9,18-23,25,28-30,33H,2,5-7,10-16H2,(H,31,32)",CYTCFOPLCOLULF-UHFFFAOYSA-N,C1CCC(CC1)C(CCN2CC(CCC2)OC3OC(C(O)=O)C(C(C3O)O)O)(C4=CC=CC=C4)O,,,C26H39NO8,493.26756720800006,1.912599999999998,0,1,1,BTM00041,BTM00041,Alkyl-OH-glucuronidation,BTMR0165,EC 2.4.1.17,HUMAN,BTM00011,C1CCC(CC1)C(CCN2CC(CCC2)O)(C3=CC=CC=C3)O,"InChI=1S/C20H31NO2/c22-19-12-7-14-21(16-19)15-13-20(23,17-8-3-1-4-9-17)18-10-5-2-6-11-18/h1,3-4,8-9,18-19,22-23H,2,5-7,10-16H2",PDCKNECXIOAQLY-UHFFFAOYSA-N,3.4505999999999957,317.23547923200005
"InChI=1S/C20H31NO5S/c22-20(17-8-3-1-4-9-17,18-10-5-2-6-11-18)13-15-21-14-7-12-19(16-21)26-27(23,24)25/h1,3-4,8-9,18-19,22H,2,5-7,10-16H2,(H,23,24,25)",HCNWQMGMCRCAFY-UHFFFAOYSA-N,C1CCC(CC1)C(CCN2CC(CCC2)OS(O)(=O)=O)(C3=CC=CC=C3)O,,,C20H31NO5S,397.192294092,2.8712999999999953,0,0,0,BTM00042,BTM00042,Sulfation of secondary alcohol,BTMR0502,EC 2.8.2.2,HUMAN,BTM00011,C1CCC(CC1)C(CCN2CC(CCC2)O)(C3=CC=CC=C3)O,"InChI=1S/C20H31NO2/c22-19-12-7-14-21(16-19)15-13-20(23,17-8-3-1-4-9-17)18-10-5-2-6-11-18/h1,3-4,8-9,18-19,22-23H,2,5-7,10-16H2",PDCKNECXIOAQLY-UHFFFAOYSA-N,3.4505999999999957,317.23547923200005
"InChI=1S/C26H39NO8/c28-19(27-14-8-3-9-15-27)16-26(17-10-4-1-5-11-17,18-12-6-2-7-13-18)35-25-22(31)20(29)21(30)23(34-25)24(32)33/h1,4-5,10-11,18-23,25,28-31H,2-3,6-9,12-16H2,(H,32,33)",BPXWODHEDPBKFR-UHFFFAOYSA-N,C1CCC(CC1)C(CC(N2CCCCC2)O)(C3=CC=CC=C3)OC4OC(C(O)=O)C(C(C4O)O)O,,,C26H39NO8,493.26756720799995,2.733000000000001,0,1,1,BTM00043,BTM00043,Alkyl-OH-glucuronidation,BTMR0165,EC 2.4.1.17,HUMAN,BTM00012,C1CCC(CC1)C(CC(N2CCCCC2)O)(C3=CC=CC=C3)O,"InChI=1S/C20H31NO2/c22-19(21-14-8-3-9-15-21)16-20(23,17-10-4-1-5-11-17)18-12-6-2-7-13-18/h1,4-5,10-11,18-19,22-23H,2-3,6-9,12-16H2",DSMFUOGEYYTIKE-UHFFFAOYSA-N,4.270999999999999,317.235479232
"InChI=1S/C20H29NO2/c22-19-13-7-8-15-21(19)16-14-20(23,17-9-3-1-4-10-17)18-11-5-2-6-12-18/h1,3-4,9-10,18,23H,2,5-8,11-16H2",HFHFWLUQSZJBDZ-UHFFFAOYSA-N,C1CCC(CC1)C(CCN2C(CCCC2)=O)(C3=CC=CC=C3)O,,,C20H29NO2,315.21982916800005,3.4715000000000003,0,0,0,BTM00038,BTM00038,Oxidation of piperidine or pyrrolidine iminium ion intermediate,BTMR1212,EC 1.2.3.1,HUMAN,BTM00013,C1CCC(CC1)C(CC[N+]2=CCCCC2)(C3=CC=CC=C3)O,"InChI=1S/C20H30NO/c22-20(18-10-4-1-5-11-18,19-12-6-2-7-13-19)14-17-21-15-8-3-9-16-21/h1,4-5,10-11,15,19,22H,2-3,6-9,12-14,16-17H2/q+1",GOARRRVFYVHGQG-UHFFFAOYSA-N,2.4932999999999987,300.23273958
"InChI=1S/C26H37NO7/c28-20-21(29)23(24(31)32)33-25(22(20)30)34-26(18-10-4-1-5-11-18,19-12-6-2-7-13-19)14-17-27-15-8-3-9-16-27/h1,4-5,10-11,15,19-23,25,28-30H,2-3,6-9,12-14,16-17H2/p+1",IKBKKUQLUCYKQB-UHFFFAOYSA-O,C1CCC(CC1)C(CC[N+]2=CCCCC2)(C3=CC=CC=C3)OC4OC(C(O)=O)C(C(C4O)O)O,,,[C26H38NO7]+,476.26482755599994,0.9552999999999996,0,1,1,BTM00044,BTM00044,Alkyl-OH-glucuronidation,BTMR0165,EC 2.4.1.17,HUMAN,BTM00013,C1CCC(CC1)C(CC[N+]2=CCCCC2)(C3=CC=CC=C3)O,"InChI=1S/C20H30NO/c22-20(18-10-4-1-5-11-18,19-12-6-2-7-13-19)14-17-21-15-8-3-9-16-21/h1,4-5,10-11,15,19,22H,2-3,6-9,12-14,16-17H2/q+1",GOARRRVFYVHGQG-UHFFFAOYSA-N,2.4932999999999987,300.23273958
"InChI=1S/C22H34N2O4/c25-20(24-17-21(26)27)13-7-8-15-23-16-14-22(28,18-9-3-1-4-10-18)19-11-5-2-6-12-19/h1,3-4,9-10,19,23,28H,2,5-8,11-17H2,(H,24,25)(H,26,27)",GLESXNVDCWTDGR-UHFFFAOYSA-N,C1CCC(CC1)C(CCNCCCCC(=O)NCC(O)=O)(C2=CC=CC=C2)O,,,C22H34N2O4,390.251857568,2.719299999999997,0,2,2,BTM00045,BTM00045,Glycine conjugation,BTMR1325,EC 2.3.1.13,HUMAN,BTM00014,C1CCC(CC1)C(CCNCCCCC(O)=O)(C2=CC=CC=C2)O,"InChI=1S/C20H31NO3/c22-19(23)13-7-8-15-21-16-14-20(24,17-9-3-1-4-10-17)18-11-5-2-6-12-18/h1,3-4,9-10,18,21,24H,2,5-8,11-16H2,(H,22,23)",WPLHVUZZAZJHEX-UHFFFAOYSA-N,3.4460999999999995,333.230393852
"InChI=1S/C26H39NO9/c28-19(29)13-7-8-15-27-16-14-26(17-9-3-1-4-10-17,18-11-5-2-6-12-18)36-25-22(32)20(30)21(31)23(35-25)24(33)34/h1,3-4,9-10,18,20-23,25,27,30-32H,2,5-8,11-16H2,(H,28,29)(H,33,34)",ADEQWKMJOCZMNF-UHFFFAOYSA-N,C1CCC(CC1)C(CCNCCCCC(O)=O)(C2=CC=CC=C2)OC3OC(C(O)=O)C(C(C3O)O)O,,,C26H39NO9,509.26248182800003,1.908100000000004,2,2,2,BTM00046,BTM00046,Alkyl-OH-glucuronidation,BTMR0165,EC 2.4.1.17,HUMAN,BTM00014,C1CCC(CC1)C(CCNCCCCC(O)=O)(C2=CC=CC=C2)O,"InChI=1S/C20H31NO3/c22-19(23)13-7-8-15-21-16-14-20(24,17-9-3-1-4-10-17)18-11-5-2-6-12-18/h1,3-4,9-10,18,21,24H,2,5-8,11-16H2,(H,22,23)",WPLHVUZZAZJHEX-UHFFFAOYSA-N,3.4460999999999995,333.230393852
"InChI=1S/C26H39NO9/c28-19(35-25-22(31)20(29)21(30)23(36-25)24(32)33)13-7-8-15-27-16-14-26(34,17-9-3-1-4-10-17)18-11-5-2-6-12-18/h1,3-4,9-10,18,20-23,25,27,29-31,34H,2,5-8,11-16H2,(H,32,33)",LKSQMCFLAZWRAA-UHFFFAOYSA-N,C1CCC(CC1)C(CCNCCCCC(OC2OC(C(O)C(O)C2O)C(O)=O)=O)(C3=CC=CC=C3)O,,,C26H39NO9,509.26248182800003,1.7506000000000033,2,2,2,BTM00047,BTM00047,O-Glucuronidation of aliphatic acid,BTMR0167,EC 2.4.1.17,HUMAN,BTM00014,C1CCC(CC1)C(CCNCCCCC(O)=O)(C2=CC=CC=C2)O,"InChI=1S/C20H31NO3/c22-19(23)13-7-8-15-21-16-14-20(24,17-9-3-1-4-10-17)18-11-5-2-6-12-18/h1,3-4,9-10,18,21,24H,2,5-8,11-16H2,(H,22,23)",WPLHVUZZAZJHEX-UHFFFAOYSA-N,3.4460999999999995,333.230393852
"InChI=1S/C27H44N2O5/c1-29(2,3)21-24(20-25(30)31)34-26(32)16-10-11-18-28-19-17-27(33,22-12-6-4-7-13-22)23-14-8-5-9-15-23/h4,6-7,12-13,23-24,28,33H,5,8-11,14-21H2,1-3H3",OIIYUWDPJKFLSF-UHFFFAOYSA-N,C1CCC(CC1)C(CCNCCCCC(=O)OC(C[N+](C)(C)C)CC([O-])=O)(C2=CC=CC=C2)O,,,C27H44N2O5,476.32502250799996,1.5362000000000033,0,1,1,BTM00048,BTM00048,Carnitine conjugation,BTMR1324,EC 2.3.1.7,HUMAN,BTM00014,C1CCC(CC1)C(CCNCCCCC(O)=O)(C2=CC=CC=C2)O,"InChI=1S/C20H31NO3/c22-19(23)13-7-8-15-21-16-14-20(24,17-9-3-1-4-10-17)18-11-5-2-6-12-18/h1,3-4,9-10,18,21,24H,2,5-8,11-16H2,(H,22,23)",WPLHVUZZAZJHEX-UHFFFAOYSA-N,3.4460999999999995,333.230393852
"InChI=1S/C20H31NO3/c22-17-9-10-19(23)18(15-17)20(24,16-7-3-1-4-8-16)11-14-21-12-5-2-6-13-21/h9-10,15-16,22-24H,1-8,11-14H2",UVDNLSXDNTZPPF-UHFFFAOYSA-N,C1CCC(CC1)C(CCN2CCCCC2)(C3=C(C=CC(=C3)O)O)O,,,C20H31NO3,333.230393852,3.882699999999997,0,1,1,BTM00049,BTM00049,p-Hydroxylation of phenol,BTMR1038,"CYP1A2
CYP2A6
CYP2B6
CYP2C8
CYP2C9
CYP2C19
CYP2D6
CYP2E1
CYP3A4",HUMAN,BTM00002,C1CCC(CC1)C(CCN2CCCCC2)(C3=C(C=CC=C3)O)O,"InChI=1S/C20H31NO2/c22-19-12-6-5-11-18(19)20(23,17-9-3-1-4-10-17)13-16-21-14-7-2-8-15-21/h5-6,11-12,17,22-23H,1-4,7-10,13-16H2",VVDYBLYADQQSHJ-UHFFFAOYSA-N,4.150099999999999,317.235479232
"InChI=1S/C20H31NO3/c22-17-10-8-16(9-11-17)20(24,18-6-2-3-7-19(18)23)12-15-21-13-4-1-5-14-21/h2-3,6-7,16-17,22-24H,1,4-5,8-15H2",RDKBVRMVZOBUOU-UHFFFAOYSA-N,C1(CCC(CC1)C(CCN2CCCCC2)(C3=C(C=CC=C3)O)O)O,,,C20H31NO3,333.230393852,2.913199999999998,0,1,1,BTM00050,BTM00050,Hydroxylation of alicyclic secondary carbon,BTMR1068,"CYP1A2
CYP2C8
CYP2C9
CYP2C19
CYP2D6
CYP3A4",HUMAN,BTM00002,C1CCC(CC1)C(CCN2CCCCC2)(C3=C(C=CC=C3)O)O,"InChI=1S/C20H31NO2/c22-19-12-6-5-11-18(19)20(23,17-9-3-1-4-10-17)13-16-21-14-7-2-8-15-21/h5-6,11-12,17,22-23H,1-4,7-10,13-16H2",VVDYBLYADQQSHJ-UHFFFAOYSA-N,4.150099999999999,317.235479232
"InChI=1S/C20H31NO3/c22-17-8-6-7-16(15-17)20(24,18-9-2-3-10-19(18)23)11-14-21-12-4-1-5-13-21/h2-3,9-10,16-17,22-24H,1,4-8,11-15H2",HAXUUFKLTCSVIX-UHFFFAOYSA-N,C1C(CC(CC1)C(CCN2CCCCC2)(C3=C(C=CC=C3)O)O)O,,,C20H31NO3,333.230393852,2.913199999999998,0,1,1,BTM00051,BTM00051,Hydroxylation of alicyclic secondary carbon,BTMR1068,"CYP1A2
CYP2C8
CYP2C9
CYP2C19
CYP2D6
CYP3A4",HUMAN,BTM00002,C1CCC(CC1)C(CCN2CCCCC2)(C3=C(C=CC=C3)O)O,"InChI=1S/C20H31NO2/c22-19-12-6-5-11-18(19)20(23,17-9-3-1-4-10-17)13-16-21-14-7-2-8-15-21/h5-6,11-12,17,22-23H,1-4,7-10,13-16H2",VVDYBLYADQQSHJ-UHFFFAOYSA-N,4.150099999999999,317.235479232
"InChI=1S/C20H31NO3/c22-18-10-4-2-8-16(18)20(24,17-9-3-5-11-19(17)23)12-15-21-13-6-1-7-14-21/h2,4,8,10,17,19,22-24H,1,3,5-7,9,11-15H2",CESXMSNEJYIIGZ-UHFFFAOYSA-N,C1CC(C(CC1)C(CCN2CCCCC2)(C3=C(C=CC=C3)O)O)O,,,C20H31NO3,333.230393852,2.918799999999998,0,1,1,BTM00052,BTM00052,Hydroxylation of alicyclic secondary carbon,BTMR1068,"CYP1A2
CYP2C8
CYP2C9
CYP2C19
CYP2D6
CYP3A4",HUMAN,BTM00002,C1CCC(CC1)C(CCN2CCCCC2)(C3=C(C=CC=C3)O)O,"InChI=1S/C20H31NO2/c22-19-12-6-5-11-18(19)20(23,17-9-3-1-4-10-17)13-16-21-14-7-2-8-15-21/h5-6,11-12,17,22-23H,1-4,7-10,13-16H2",VVDYBLYADQQSHJ-UHFFFAOYSA-N,4.150099999999999,317.235479232
"InChI=1S/C20H31NO3/c22-19-12-6-5-11-18(19)20(23,17-9-3-1-4-10-17)13-16-21(24)14-7-2-8-15-21/h5-6,11-12,17,22-23H,1-4,7-10,13-16H2",QDXOEVBCOISMBI-UHFFFAOYSA-N,C1CCC(CC1)C(CC[N+]2(CCCCC2)[O-])(C3=C(C=CC=C3)O)O,,,C20H31NO3,333.230393852,3.7449999999999983,0,0,0,BTM00053,BTM00053,N-Oxidation of alicyclic tertiary amine,BTMR1099,"CYP1A2
CYP2C8
CYP2C19
CYP2D6
CYP3A4",HUMAN,BTM00002,C1CCC(CC1)C(CCN2CCCCC2)(C3=C(C=CC=C3)O)O,"InChI=1S/C20H31NO2/c22-19-12-6-5-11-18(19)20(23,17-9-3-1-4-10-17)13-16-21-14-7-2-8-15-21/h5-6,11-12,17,22-23H,1-4,7-10,13-16H2",VVDYBLYADQQSHJ-UHFFFAOYSA-N,4.150099999999999,317.235479232
"InChI=1S/C15H20O3/c16-11-10-15(18,12-6-2-1-3-7-12)13-8-4-5-9-14(13)17/h4-5,8-9,11-12,17-18H,1-3,6-7,10H2",CQDCCPBZTCKGRI-UHFFFAOYSA-N,C1CCC(CC1)C(CC=O)(C2=C(C=CC=C2)O)O,,,C15H20O3,248.14124449999997,2.7834999999999996,0,0,0,BTM00054,BTM00054,N-Dealkylation of alicyclic tertiary amine,BTMR1144,"CYP1A2
CYP2A6
CYP2B6
CYP2C8
CYP2C9
CYP2C19
CYP2D6
CYP3A4",HUMAN,BTM00002,C1CCC(CC1)C(CCN2CCCCC2)(C3=C(C=CC=C3)O)O,"InChI=1S/C20H31NO2/c22-19-12-6-5-11-18(19)20(23,17-9-3-1-4-10-17)13-16-21-14-7-2-8-15-21/h5-6,11-12,17,22-23H,1-4,7-10,13-16H2",VVDYBLYADQQSHJ-UHFFFAOYSA-N,4.150099999999999,317.235479232
"InChI=1S/C5H11N/c1-2-4-6-5-3-1/h6H,1-5H2",NQRYJNQNLNOLGT-UHFFFAOYSA-N,N1CCCCC1,,,C5H11N,85.08914935199999,0.7014000000000005,0,0,0,BTM00008,BTM00008,N-Dealkylation of alicyclic tertiary amine,BTMR1144,"CYP1A2
CYP2A6
CYP2B6
CYP2C8
CYP2C9
CYP2C19
CYP2D6
CYP3A4",HUMAN,BTM00002,C1CCC(CC1)C(CCN2CCCCC2)(C3=C(C=CC=C3)O)O,"InChI=1S/C20H31NO2/c22-19-12-6-5-11-18(19)20(23,17-9-3-1-4-10-17)13-16-21-14-7-2-8-15-21/h5-6,11-12,17,22-23H,1-4,7-10,13-16H2",VVDYBLYADQQSHJ-UHFFFAOYSA-N,4.150099999999999,317.235479232
"InChI=1S/C20H31NO3/c22-17-10-7-11-18(23)19(17)20(24,16-8-3-1-4-9-16)12-15-21-13-5-2-6-14-21/h7,10-11,16,22-24H,1-6,8-9,12-15H2",RAFWGJYCAIOICZ-UHFFFAOYSA-N,C1CCC(CC1)C(CCN2CCCCC2)(C3=C(C=CC=C3O)O)O,,,C20H31NO3,333.230393852,3.882699999999997,0,1,1,BTM00055,BTM00055,Hydroxylation of benzene on carbon ortho to electron donating group,BTMR1045,"CYP1A2
CYP2C8
CYP2C9
CYP2C19
CYP2D6
CYP3A4",HUMAN,BTM00002,C1CCC(CC1)C(CCN2CCCCC2)(C3=C(C=CC=C3)O)O,"InChI=1S/C20H31NO2/c22-19-12-6-5-11-18(19)20(23,17-9-3-1-4-10-17)13-16-21-14-7-2-8-15-21/h5-6,11-12,17,22-23H,1-4,7-10,13-16H2",VVDYBLYADQQSHJ-UHFFFAOYSA-N,4.150099999999999,317.235479232
"InChI=1S/C20H31NO3/c22-17-9-10-18(19(23)15-17)20(24,16-7-3-1-4-8-16)11-14-21-12-5-2-6-13-21/h9-10,15-16,22-24H,1-8,11-14H2",YPFWTUCWLCLMGO-UHFFFAOYSA-N,C1CCC(CC1)C(CCN2CCCCC2)(C3=C(C=C(C=C3)O)O)O,,,C20H31NO3,333.230393852,3.882699999999997,0,1,1,BTM00056,BTM00056,Hydroxylation of benzene on carbon para to electron donating group,BTMR1047,"CYP1A2
CYP2C8
CYP2C9
CYP2D6
CYP3A4",HUMAN,BTM00002,C1CCC(CC1)C(CCN2CCCCC2)(C3=C(C=CC=C3)O)O,"InChI=1S/C20H31NO2/c22-19-12-6-5-11-18(19)20(23,17-9-3-1-4-10-17)13-16-21-14-7-2-8-15-21/h5-6,11-12,17,22-23H,1-4,7-10,13-16H2",VVDYBLYADQQSHJ-UHFFFAOYSA-N,4.150099999999999,317.235479232
"InChI=1S/C20H31NO3/c22-18-11-5-4-10-17(18)20(24,16-8-2-1-3-9-16)13-15-21-14-7-6-12-19(21)23/h4-5,10-11,16,19,22-24H,1-3,6-9,12-15H2",GOXSKOQTNQAVBB-UHFFFAOYSA-N,C1CCC(CC1)C(CCN2C(CCCC2)O)(C3=C(C=CC=C3)O)O,,,C20H31NO3,333.230393852,3.5515999999999996,0,1,1,BTM00057,BTM00057,Hydroxylation of heteroalicyclic secondary carbon,BTMR1070,"CYP1A2
CYP2A6
CYP2C9
CYP2D6
CYP3A4",HUMAN,BTM00002,C1CCC(CC1)C(CCN2CCCCC2)(C3=C(C=CC=C3)O)O,"InChI=1S/C20H31NO2/c22-19-12-6-5-11-18(19)20(23,17-9-3-1-4-10-17)13-16-21-14-7-2-8-15-21/h5-6,11-12,17,22-23H,1-4,7-10,13-16H2",VVDYBLYADQQSHJ-UHFFFAOYSA-N,4.150099999999999,317.235479232
"InChI=1S/C20H31NO3/c22-17-9-6-13-21(15-17)14-12-20(24,16-7-2-1-3-8-16)18-10-4-5-11-19(18)23/h4-5,10-11,16-17,22-24H,1-3,6-9,12-15H2",COGMUZSLFZDOAB-UHFFFAOYSA-N,C1CCC(CC1)C(CCN2CC(CCC2)O)(C3=C(C=CC=C3)O)O,,,C20H31NO3,333.230393852,3.1831999999999967,0,1,1,BTM00058,BTM00058,Hydroxylation of heteroalicyclic secondary carbon,BTMR1071,CYP1A2,HUMAN,BTM00002,C1CCC(CC1)C(CCN2CCCCC2)(C3=C(C=CC=C3)O)O,"InChI=1S/C20H31NO2/c22-19-12-6-5-11-18(19)20(23,17-9-3-1-4-10-17)13-16-21-14-7-2-8-15-21/h5-6,11-12,17,22-23H,1-4,7-10,13-16H2",VVDYBLYADQQSHJ-UHFFFAOYSA-N,4.150099999999999,317.235479232
"InChI=1S/C20H31NO3/c22-18-11-7-10-17(19(18)23)20(24,16-8-3-1-4-9-16)12-15-21-13-5-2-6-14-21/h7,10-11,16,22-24H,1-6,8-9,12-15H2",YFJKXJHIDVERMU-UHFFFAOYSA-N,C1CCC(CC1)C(CCN2CCCCC2)(C3=C(C(=CC=C3)O)O)O,,,C20H31NO3,333.230393852,3.882699999999997,0,1,1,BTM00059,BTM00059,O-Hydroxylation of phenol,BTMR1037,"CYP1A2
CYP2A6
CYP2B6
CYP2C8
CYP2C9
CYP2C19
CYP2D6
CYP2E1
CYP3A4",HUMAN,BTM00002,C1CCC(CC1)C(CCN2CCCCC2)(C3=C(C=CC=C3)O)O,"InChI=1S/C20H31NO2/c22-19-12-6-5-11-18(19)20(23,17-9-3-1-4-10-17)13-16-21-14-7-2-8-15-21/h5-6,11-12,17,22-23H,1-4,7-10,13-16H2",VVDYBLYADQQSHJ-UHFFFAOYSA-N,4.150099999999999,317.235479232
"InChI=1S/C20H31NO3/c22-18-12-6-5-11-17(18)20(24,16-9-3-1-4-10-16)15-19(23)21-13-7-2-8-14-21/h5-6,11-12,16,19,22-24H,1-4,7-10,13-15H2",GQKWOYAFRMHBMG-UHFFFAOYSA-N,C1CCC(CC1)C(CC(N2CCCCC2)O)(C3=C(C=CC=C3)O)O,,,C20H31NO3,333.230393852,4.0036,0,1,1,BTM00060,BTM00060,Aliphatic hydroxylation of carbon alpha to secondary or tertiary alkyl-N,BTMR1081,"CYP2B6
CYP2C19
CYP2D6",HUMAN,BTM00002,C1CCC(CC1)C(CCN2CCCCC2)(C3=C(C=CC=C3)O)O,"InChI=1S/C20H31NO2/c22-19-12-6-5-11-18(19)20(23,17-9-3-1-4-10-17)13-16-21-14-7-2-8-15-21/h5-6,11-12,17,22-23H,1-4,7-10,13-16H2",VVDYBLYADQQSHJ-UHFFFAOYSA-N,4.150099999999999,317.235479232
"InChI=1S/C20H31NO3/c22-18-11-5-4-10-17(18)20(24,16-8-2-1-3-9-16)13-15-21-14-7-6-12-19(21)23/h4-5,10-11,16,19,22-24H,1-3,6-9,12-15H2",GOXSKOQTNQAVBB-UHFFFAOYSA-N,C1CCC(CC1)C(CCN2C(CCCC2)O)(C3=C(C=CC=C3)O)O,,,C20H31NO3,333.230393852,3.5515999999999996,0,1,1,BTM00057,BTM00057,Aliphatic hydroxylation of carbon alpha to secondary or tertiary alkyl-N,BTMR1081,"CYP2B6
CYP2C19
CYP2D6",HUMAN,BTM00002,C1CCC(CC1)C(CCN2CCCCC2)(C3=C(C=CC=C3)O)O,"InChI=1S/C20H31NO2/c22-19-12-6-5-11-18(19)20(23,17-9-3-1-4-10-17)13-16-21-14-7-2-8-15-21/h5-6,11-12,17,22-23H,1-4,7-10,13-16H2",VVDYBLYADQQSHJ-UHFFFAOYSA-N,4.150099999999999,317.235479232
"InChI=1S/C20H29NO2/c22-19-12-6-5-11-18(19)20(23,17-9-3-1-4-10-17)13-16-21-14-7-2-8-15-21/h5-6,11-12,14,17,23H,1-4,7-10,13,15-16H2/p+1",OHUWTOOPUDNMAK-UHFFFAOYSA-O,C1CCC(CC1)C(CC[N+]2=CCCCC2)(C3=C(C=CC=C3)O)O,,,[C20H30NO2]+,316.2276542,2.2259,0,0,0,BTM00061,BTM00061,Formation of imminium ion from N-substituted piperidine,BTMR1187,"CYP2C19
CYP3A4",HUMAN,BTM00002,C1CCC(CC1)C(CCN2CCCCC2)(C3=C(C=CC=C3)O)O,"InChI=1S/C20H31NO2/c22-19-12-6-5-11-18(19)20(23,17-9-3-1-4-10-17)13-16-21-14-7-2-8-15-21/h5-6,11-12,17,22-23H,1-4,7-10,13-16H2",VVDYBLYADQQSHJ-UHFFFAOYSA-N,4.150099999999999,317.235479232
"InChI=1S/C20H31NO4/c22-18-11-5-4-10-17(18)20(25,16-8-2-1-3-9-16)13-15-21-14-7-6-12-19(23)24/h4-5,10-11,16,21-22,25H,1-3,6-9,12-15H2,(H,23,24)",GAYAIMIQCRCPKP-UHFFFAOYSA-N,C1CCC(CC1)C(CCNCCCCC(O)=O)(C2=C(C=CC=C2)O)O,,,C20H31NO4,349.225308472,3.178700000000001,0,1,1,BTM00062,BTM00062,Ring opening of N-substituted piperidine,BTMR1188,CYP3A4,HUMAN,BTM00002,C1CCC(CC1)C(CCN2CCCCC2)(C3=C(C=CC=C3)O)O,"InChI=1S/C20H31NO2/c22-19-12-6-5-11-18(19)20(23,17-9-3-1-4-10-17)13-16-21-14-7-2-8-15-21/h5-6,11-12,17,22-23H,1-4,7-10,13-16H2",VVDYBLYADQQSHJ-UHFFFAOYSA-N,4.150099999999999,317.235479232
"InChI=1S/C20H31NO3/c22-17-10-8-16(9-11-17)20(24,18-6-2-3-7-19(18)23)12-15-21-13-4-1-5-14-21/h2-3,6-7,16-17,22-24H,1,4-5,8-15H2",RDKBVRMVZOBUOU-UHFFFAOYSA-N,C1(CCC(CC1)C(CCN2CCCCC2)(C3=C(C=CC=C3)O)O)O,,,C20H31NO3,333.230393852,2.913199999999998,0,1,1,BTM00050,BTM00050,O-Hydroxylation of monosubstituted benzene,BTMR1034,"CYP1A2
CYP2C8
CYP2C9
CYP2C19
CYP3A4",HUMAN,BTM00003,C1(CCC(CC1)C(CCN2CCCCC2)(C3=CC=CC=C3)O)O,"InChI=1S/C20H31NO2/c22-19-11-9-18(10-12-19)20(23,17-7-3-1-4-8-17)13-16-21-14-5-2-6-15-21/h1,3-4,7-8,18-19,22-23H,2,5-6,9-16H2",IZHVXQHDIKFPNU-UHFFFAOYSA-N,3.180599999999997,317.235479232
"InChI=1S/C20H31NO3/c22-18-10-9-17(15-19(18)23)20(24,16-7-3-1-4-8-16)11-14-21-12-5-2-6-13-21/h1,3-4,7-8,17-19,22-24H,2,5-6,9-15H2",BKYGGWVKWCLEBA-UHFFFAOYSA-N,C1(C(CC(CC1)C(CCN2CCCCC2)(C3=CC=CC=C3)O)O)O,,,C20H31NO3,333.230393852,2.213699999999998,0,1,1,BTM00063,BTM00063,Hydroxylation of alicyclic secondary carbon,BTMR1068,"CYP1A2
CYP2C8
CYP2C9
CYP2C19
CYP2D6
CYP3A4",HUMAN,BTM00003,C1(CCC(CC1)C(CCN2CCCCC2)(C3=CC=CC=C3)O)O,"InChI=1S/C20H31NO2/c22-19-11-9-18(10-12-19)20(23,17-7-3-1-4-8-17)13-16-21-14-5-2-6-15-21/h1,3-4,7-8,18-19,22-23H,2,5-6,9-16H2",IZHVXQHDIKFPNU-UHFFFAOYSA-N,3.180599999999997,317.235479232
"InChI=1S/C20H31NO3/c22-17-9-10-18(19(23)15-17)20(24,16-7-3-1-4-8-16)11-14-21-12-5-2-6-13-21/h1,3-4,7-8,17-19,22-24H,2,5-6,9-15H2",VNITWYMCGAIHHX-UHFFFAOYSA-N,C1(CC(C(CC1)C(CCN2CCCCC2)(C3=CC=CC=C3)O)O)O,,,C20H31NO3,333.230393852,1.8254999999999983,0,1,1,BTM00064,BTM00064,Hydroxylation of alicyclic secondary carbon,BTMR1068,"CYP1A2
CYP2C8
CYP2C9
CYP2C19
CYP2D6
CYP3A4",HUMAN,BTM00003,C1(CCC(CC1)C(CCN2CCCCC2)(C3=CC=CC=C3)O)O,"InChI=1S/C20H31NO2/c22-19-11-9-18(10-12-19)20(23,17-7-3-1-4-8-17)13-16-21-14-5-2-6-15-21/h1,3-4,7-8,18-19,22-23H,2,5-6,9-16H2",IZHVXQHDIKFPNU-UHFFFAOYSA-N,3.180599999999997,317.235479232
"InChI=1S/C20H31NO3/c22-19-11-9-18(10-12-19)20(23,17-7-3-1-4-8-17)13-16-21(24)14-5-2-6-15-21/h1,3-4,7-8,18-19,22-23H,2,5-6,9-16H2",PTUKHKSJOPBDIO-UHFFFAOYSA-N,C1(CCC(CC1)C(CC[N+]2(CCCCC2)[O-])(C3=CC=CC=C3)O)O,,,C20H31NO3,333.230393852,2.7754999999999965,0,0,0,BTM00065,BTM00065,N-Oxidation of alicyclic tertiary amine,BTMR1099,"CYP1A2
CYP2C8
CYP2C19
CYP2D6
CYP3A4",HUMAN,BTM00003,C1(CCC(CC1)C(CCN2CCCCC2)(C3=CC=CC=C3)O)O,"InChI=1S/C20H31NO2/c22-19-11-9-18(10-12-19)20(23,17-7-3-1-4-8-17)13-16-21-14-5-2-6-15-21/h1,3-4,7-8,18-19,22-23H,2,5-6,9-16H2",IZHVXQHDIKFPNU-UHFFFAOYSA-N,3.180599999999997,317.235479232
"InChI=1S/C15H20O3/c16-11-10-15(18,12-4-2-1-3-5-12)13-6-8-14(17)9-7-13/h1-5,11,13-14,17-18H,6-10H2",SIXAVBVRXIJTNF-UHFFFAOYSA-N,C1(CCC(CC1)C(CC=O)(C2=CC=CC=C2)O)O,,,C15H20O3,248.1412445,1.813999999999999,0,0,0,BTM00066,BTM00066,N-Dealkylation of alicyclic tertiary amine,BTMR1144,"CYP1A2
CYP2A6
CYP2B6
CYP2C8
CYP2C9
CYP2C19
CYP2D6
CYP3A4",HUMAN,BTM00003,C1(CCC(CC1)C(CCN2CCCCC2)(C3=CC=CC=C3)O)O,"InChI=1S/C20H31NO2/c22-19-11-9-18(10-12-19)20(23,17-7-3-1-4-8-17)13-16-21-14-5-2-6-15-21/h1,3-4,7-8,18-19,22-23H,2,5-6,9-16H2",IZHVXQHDIKFPNU-UHFFFAOYSA-N,3.180599999999997,317.235479232
"InChI=1S/C5H11N/c1-2-4-6-5-3-1/h6H,1-5H2",NQRYJNQNLNOLGT-UHFFFAOYSA-N,N1CCCCC1,,,C5H11N,85.08914935199999,0.7014000000000005,0,0,0,BTM00008,BTM00008,N-Dealkylation of alicyclic tertiary amine,BTMR1144,"CYP1A2
CYP2A6
CYP2B6
CYP2C8
CYP2C9
CYP2C19
CYP2D6
CYP3A4",HUMAN,BTM00003,C1(CCC(CC1)C(CCN2CCCCC2)(C3=CC=CC=C3)O)O,"InChI=1S/C20H31NO2/c22-19-11-9-18(10-12-19)20(23,17-7-3-1-4-8-17)13-16-21-14-5-2-6-15-21/h1,3-4,7-8,18-19,22-23H,2,5-6,9-16H2",IZHVXQHDIKFPNU-UHFFFAOYSA-N,3.180599999999997,317.235479232
"InChI=1S/C20H31NO3/c22-18-8-4-16(5-9-18)20(24,17-6-10-19(23)11-7-17)12-15-21-13-2-1-3-14-21/h4-5,8-9,17,19,22-24H,1-3,6-7,10-15H2",AIWBLIRKAMFJNB-UHFFFAOYSA-N,C1(CCC(CC1)C(CCN2CCCCC2)(C3=CC=C(C=C3)O)O)O,,,C20H31NO3,333.230393852,2.913199999999998,0,1,1,BTM00067,BTM00067,Hydroxylation of benzene on carbon para to electron donating group,BTMR1047,"CYP1A2
CYP2C8
CYP2C9
CYP2D6
CYP3A4",HUMAN,BTM00003,C1(CCC(CC1)C(CCN2CCCCC2)(C3=CC=CC=C3)O)O,"InChI=1S/C20H31NO2/c22-19-11-9-18(10-12-19)20(23,17-7-3-1-4-8-17)13-16-21-14-5-2-6-15-21/h1,3-4,7-8,18-19,22-23H,2,5-6,9-16H2",IZHVXQHDIKFPNU-UHFFFAOYSA-N,3.180599999999997,317.235479232
"InChI=1S/C20H31NO3/c22-18-11-9-17(10-12-18)20(24,16-6-2-1-3-7-16)13-15-21-14-5-4-8-19(21)23/h1-3,6-7,17-19,22-24H,4-5,8-15H2",PDTKPIKPIQANDD-UHFFFAOYSA-N,C1(CCC(CC1)C(CCN2C(CCCC2)O)(C3=CC=CC=C3)O)O,,,C20H31NO3,333.230393852,2.582099999999999,0,1,1,BTM00068,BTM00068,Hydroxylation of heteroalicyclic secondary carbon,BTMR1070,"CYP1A2
CYP2A6
CYP2C9
CYP2D6
CYP3A4",HUMAN,BTM00003,C1(CCC(CC1)C(CCN2CCCCC2)(C3=CC=CC=C3)O)O,"InChI=1S/C20H31NO2/c22-19-11-9-18(10-12-19)20(23,17-7-3-1-4-8-17)13-16-21-14-5-2-6-15-21/h1,3-4,7-8,18-19,22-23H,2,5-6,9-16H2",IZHVXQHDIKFPNU-UHFFFAOYSA-N,3.180599999999997,317.235479232
"InChI=1S/C20H31NO3/c22-18-10-8-17(9-11-18)20(24,16-5-2-1-3-6-16)12-14-21-13-4-7-19(23)15-21/h1-3,5-6,17-19,22-24H,4,7-15H2",GUPUBBINGHIFBQ-UHFFFAOYSA-N,C1(CCC(CC1)C(CCN2CC(CCC2)O)(C3=CC=CC=C3)O)O,,,C20H31NO3,333.230393852,2.213699999999998,0,1,1,BTM00069,BTM00069,Hydroxylation of heteroalicyclic secondary carbon,BTMR1071,CYP1A2,HUMAN,BTM00003,C1(CCC(CC1)C(CCN2CCCCC2)(C3=CC=CC=C3)O)O,"InChI=1S/C20H31NO2/c22-19-11-9-18(10-12-19)20(23,17-7-3-1-4-8-17)13-16-21-14-5-2-6-15-21/h1,3-4,7-8,18-19,22-23H,2,5-6,9-16H2",IZHVXQHDIKFPNU-UHFFFAOYSA-N,3.180599999999997,317.235479232
"InChI=1S/C20H31NO3/c22-18-11-9-17(10-12-18)20(24,16-7-3-1-4-8-16)15-19(23)21-13-5-2-6-14-21/h1,3-4,7-8,17-19,22-24H,2,5-6,9-15H2",SRUBXOSLMALBQP-UHFFFAOYSA-N,C1(CCC(CC1)C(CC(N2CCCCC2)O)(C3=CC=CC=C3)O)O,,,C20H31NO3,333.23039385199996,3.034099999999999,0,1,1,BTM00070,BTM00070,Aliphatic hydroxylation of carbon alpha to secondary or tertiary alkyl-N,BTMR1081,"CYP2B6
CYP2C19
CYP2D6",HUMAN,BTM00003,C1(CCC(CC1)C(CCN2CCCCC2)(C3=CC=CC=C3)O)O,"InChI=1S/C20H31NO2/c22-19-11-9-18(10-12-19)20(23,17-7-3-1-4-8-17)13-16-21-14-5-2-6-15-21/h1,3-4,7-8,18-19,22-23H,2,5-6,9-16H2",IZHVXQHDIKFPNU-UHFFFAOYSA-N,3.180599999999997,317.235479232
"InChI=1S/C20H31NO3/c22-18-11-9-17(10-12-18)20(24,16-6-2-1-3-7-16)13-15-21-14-5-4-8-19(21)23/h1-3,6-7,17-19,22-24H,4-5,8-15H2",PDTKPIKPIQANDD-UHFFFAOYSA-N,C1(CCC(CC1)C(CCN2C(CCCC2)O)(C3=CC=CC=C3)O)O,,,C20H31NO3,333.230393852,2.582099999999999,0,1,1,BTM00068,BTM00068,Aliphatic hydroxylation of carbon alpha to secondary or tertiary alkyl-N,BTMR1081,"CYP2B6
CYP2C19
CYP2D6",HUMAN,BTM00003,C1(CCC(CC1)C(CCN2CCCCC2)(C3=CC=CC=C3)O)O,"InChI=1S/C20H31NO2/c22-19-11-9-18(10-12-19)20(23,17-7-3-1-4-8-17)13-16-21-14-5-2-6-15-21/h1,3-4,7-8,18-19,22-23H,2,5-6,9-16H2",IZHVXQHDIKFPNU-UHFFFAOYSA-N,3.180599999999997,317.235479232
"InChI=1S/C20H30NO2/c22-19-11-9-18(10-12-19)20(23,17-7-3-1-4-8-17)13-16-21-14-5-2-6-15-21/h1,3-4,7-8,14,18-19,22-23H,2,5-6,9-13,15-16H2/q+1",QUGDZUUOCWHOHH-UHFFFAOYSA-N,C1(CCC(CC1)C(CC[N+]2=CCCCC2)(C3=CC=CC=C3)O)O,,,[C20H30NO2]+,316.2276542,1.2563999999999995,0,0,0,BTM00071,BTM00071,Formation of imminium ion from N-substituted piperidine,BTMR1187,"CYP2C19
CYP3A4",HUMAN,BTM00003,C1(CCC(CC1)C(CCN2CCCCC2)(C3=CC=CC=C3)O)O,"InChI=1S/C20H31NO2/c22-19-11-9-18(10-12-19)20(23,17-7-3-1-4-8-17)13-16-21-14-5-2-6-15-21/h1,3-4,7-8,18-19,22-23H,2,5-6,9-16H2",IZHVXQHDIKFPNU-UHFFFAOYSA-N,3.180599999999997,317.235479232
"InChI=1S/C20H31NO4/c22-18-11-9-17(10-12-18)20(25,16-6-2-1-3-7-16)13-15-21-14-5-4-8-19(23)24/h1-3,6-7,17-18,21-22,25H,4-5,8-15H2,(H,23,24)",LPRUXSPKZJSWSO-UHFFFAOYSA-N,C1(CCC(CC1)C(CCNCCCCC(O)=O)(C2=CC=CC=C2)O)O,,,C20H31NO4,349.22530847200005,2.209199999999999,0,1,1,BTM00072,BTM00072,Ring opening of N-substituted piperidine,BTMR1188,CYP3A4,HUMAN,BTM00003,C1(CCC(CC1)C(CCN2CCCCC2)(C3=CC=CC=C3)O)O,"InChI=1S/C20H31NO2/c22-19-11-9-18(10-12-19)20(23,17-7-3-1-4-8-17)13-16-21-14-5-2-6-15-21/h1,3-4,7-8,18-19,22-23H,2,5-6,9-16H2",IZHVXQHDIKFPNU-UHFFFAOYSA-N,3.180599999999997,317.235479232
"InChI=1S/C20H31NO3/c22-17-8-6-7-16(15-17)20(24,18-9-2-3-10-19(18)23)11-14-21-12-4-1-5-13-21/h2-3,9-10,16-17,22-24H,1,4-8,11-15H2",HAXUUFKLTCSVIX-UHFFFAOYSA-N,C1C(CC(CC1)C(CCN2CCCCC2)(C3=C(C=CC=C3)O)O)O,,,C20H31NO3,333.230393852,2.913199999999998,0,1,1,BTM00051,BTM00051,O-Hydroxylation of monosubstituted benzene,BTMR1034,"CYP1A2
CYP2C8
CYP2C9
CYP2C19
CYP3A4",HUMAN,BTM00004,C1C(CC(CC1)C(CCN2CCCCC2)(C3=CC=CC=C3)O)O,"InChI=1S/C20H31NO2/c22-19-11-7-10-18(16-19)20(23,17-8-3-1-4-9-17)12-15-21-13-5-2-6-14-21/h1,3-4,8-9,18-19,22-23H,2,5-7,10-16H2",NADKOXAXSRMLEH-UHFFFAOYSA-N,3.180599999999997,317.235479232
"InChI=1S/C20H31NO3/c22-18-10-9-17(15-19(18)23)20(24,16-7-3-1-4-8-16)11-14-21-12-5-2-6-13-21/h1,3-4,7-8,17-19,22-24H,2,5-6,9-15H2",BKYGGWVKWCLEBA-UHFFFAOYSA-N,C1(C(CC(CC1)C(CCN2CCCCC2)(C3=CC=CC=C3)O)O)O,,,C20H31NO3,333.230393852,2.213699999999998,0,1,1,BTM00063,BTM00063,Hydroxylation of alicyclic secondary carbon,BTMR1068,"CYP1A2
CYP2C8
CYP2C9
CYP2C19
CYP2D6
CYP3A4",HUMAN,BTM00004,C1C(CC(CC1)C(CCN2CCCCC2)(C3=CC=CC=C3)O)O,"InChI=1S/C20H31NO2/c22-19-11-7-10-18(16-19)20(23,17-8-3-1-4-9-17)12-15-21-13-5-2-6-14-21/h1,3-4,8-9,18-19,22-23H,2,5-7,10-16H2",NADKOXAXSRMLEH-UHFFFAOYSA-N,3.180599999999997,317.235479232
"InChI=1S/C20H31NO3/c22-18-11-7-10-17(19(18)23)20(24,16-8-3-1-4-9-16)12-15-21-13-5-2-6-14-21/h1,3-4,8-9,17-19,22-24H,2,5-7,10-15H2",NZPMREXXBJACCR-UHFFFAOYSA-N,C1C(C(C(CC1)C(CCN2CCCCC2)(C3=CC=CC=C3)O)O)O,,,C20H31NO3,333.230393852,2.2192999999999996,0,1,1,BTM00073,BTM00073,Hydroxylation of alicyclic secondary carbon,BTMR1068,"CYP1A2
CYP2C8
CYP2C9
CYP2C19
CYP2D6
CYP3A4",HUMAN,BTM00004,C1C(CC(CC1)C(CCN2CCCCC2)(C3=CC=CC=C3)O)O,"InChI=1S/C20H31NO2/c22-19-11-7-10-18(16-19)20(23,17-8-3-1-4-9-17)12-15-21-13-5-2-6-14-21/h1,3-4,8-9,18-19,22-23H,2,5-7,10-16H2",NADKOXAXSRMLEH-UHFFFAOYSA-N,3.180599999999997,317.235479232
"InChI=1S/C20H31NO3/c22-17-9-10-19(23)18(15-17)20(24,16-7-3-1-4-8-16)11-14-21-12-5-2-6-13-21/h1,3-4,7-8,17-19,22-24H,2,5-6,9-15H2",OIOPNERULOGYGX-UHFFFAOYSA-N,C1C(CC(C(C1)O)C(CCN2CCCCC2)(C3=CC=CC=C3)O)O,,,C20H31NO3,333.230393852,1.949299999999998,0,1,1,BTM00074,BTM00074,Hydroxylation of alicyclic secondary carbon,BTMR1068,"CYP1A2
CYP2C8
CYP2C9
CYP2C19
CYP2D6
CYP3A4",HUMAN,BTM00004,C1C(CC(CC1)C(CCN2CCCCC2)(C3=CC=CC=C3)O)O,"InChI=1S/C20H31NO2/c22-19-11-7-10-18(16-19)20(23,17-8-3-1-4-9-17)12-15-21-13-5-2-6-14-21/h1,3-4,8-9,18-19,22-23H,2,5-7,10-16H2",NADKOXAXSRMLEH-UHFFFAOYSA-N,3.180599999999997,317.235479232
"InChI=1S/C20H31NO3/c22-18-13-17(14-19(23)15-18)20(24,16-7-3-1-4-8-16)9-12-21-10-5-2-6-11-21/h1,3-4,7-8,17-19,22-24H,2,5-6,9-15H2",YHVFRWGYTDKFDB-UHFFFAOYSA-N,C1C(CC(CC1O)C(CCN2CCCCC2)(C3=CC=CC=C3)O)O,,,C20H31NO3,333.230393852,1.819899999999998,0,1,1,BTM00075,BTM00075,Hydroxylation of alicyclic secondary carbon,BTMR1068,"CYP1A2
CYP2C8
CYP2C9
CYP2C19
CYP2D6
CYP3A4",HUMAN,BTM00004,C1C(CC(CC1)C(CCN2CCCCC2)(C3=CC=CC=C3)O)O,"InChI=1S/C20H31NO2/c22-19-11-7-10-18(16-19)20(23,17-8-3-1-4-9-17)12-15-21-13-5-2-6-14-21/h1,3-4,8-9,18-19,22-23H,2,5-7,10-16H2",NADKOXAXSRMLEH-UHFFFAOYSA-N,3.180599999999997,317.235479232
"InChI=1S/C20H31NO3/c22-19-11-7-10-18(16-19)20(23,17-8-3-1-4-9-17)12-15-21(24)13-5-2-6-14-21/h1,3-4,8-9,18-19,22-23H,2,5-7,10-16H2",WULSKAJYNRJVFT-UHFFFAOYSA-N,C1C(CC(CC1)C(CC[N+]2(CCCCC2)[O-])(C3=CC=CC=C3)O)O,,,C20H31NO3,333.230393852,2.7754999999999965,0,0,0,BTM00076,BTM00076,N-Oxidation of alicyclic tertiary amine,BTMR1099,"CYP1A2
CYP2C8
CYP2C19
CYP2D6
CYP3A4",HUMAN,BTM00004,C1C(CC(CC1)C(CCN2CCCCC2)(C3=CC=CC=C3)O)O,"InChI=1S/C20H31NO2/c22-19-11-7-10-18(16-19)20(23,17-8-3-1-4-9-17)12-15-21-13-5-2-6-14-21/h1,3-4,8-9,18-19,22-23H,2,5-7,10-16H2",NADKOXAXSRMLEH-UHFFFAOYSA-N,3.180599999999997,317.235479232
"InChI=1S/C15H20O3/c16-10-9-15(18,12-5-2-1-3-6-12)13-7-4-8-14(17)11-13/h1-3,5-6,10,13-14,17-18H,4,7-9,11H2",AAYSHJGKXUQVMJ-UHFFFAOYSA-N,C1C(CC(CC1)C(CC=O)(C2=CC=CC=C2)O)O,,,C15H20O3,248.1412445,1.813999999999999,0,0,0,BTM00077,BTM00077,N-Dealkylation of alicyclic tertiary amine,BTMR1144,"CYP1A2
CYP2A6
CYP2B6
CYP2C8
CYP2C9
CYP2C19
CYP2D6
CYP3A4",HUMAN,BTM00004,C1C(CC(CC1)C(CCN2CCCCC2)(C3=CC=CC=C3)O)O,"InChI=1S/C20H31NO2/c22-19-11-7-10-18(16-19)20(23,17-8-3-1-4-9-17)12-15-21-13-5-2-6-14-21/h1,3-4,8-9,18-19,22-23H,2,5-7,10-16H2",NADKOXAXSRMLEH-UHFFFAOYSA-N,3.180599999999997,317.235479232
"InChI=1S/C5H11N/c1-2-4-6-5-3-1/h6H,1-5H2",NQRYJNQNLNOLGT-UHFFFAOYSA-N,N1CCCCC1,,,C5H11N,85.08914935199999,0.7014000000000005,0,0,0,BTM00008,BTM00008,N-Dealkylation of alicyclic tertiary amine,BTMR1144,"CYP1A2
CYP2A6
CYP2B6
CYP2C8
CYP2C9
CYP2C19
CYP2D6
CYP3A4",HUMAN,BTM00004,C1C(CC(CC1)C(CCN2CCCCC2)(C3=CC=CC=C3)O)O,"InChI=1S/C20H31NO2/c22-19-11-7-10-18(16-19)20(23,17-8-3-1-4-9-17)12-15-21-13-5-2-6-14-21/h1,3-4,8-9,18-19,22-23H,2,5-7,10-16H2",NADKOXAXSRMLEH-UHFFFAOYSA-N,3.180599999999997,317.235479232
"InChI=1S/C20H31NO3/c22-18-9-7-16(8-10-18)20(24,17-5-4-6-19(23)15-17)11-14-21-12-2-1-3-13-21/h7-10,17,19,22-24H,1-6,11-15H2",WPCBELGUOOMSAY-UHFFFAOYSA-N,C1C(CC(CC1)C(CCN2CCCCC2)(C3=CC=C(C=C3)O)O)O,,,C20H31NO3,333.230393852,2.913199999999998,0,1,1,BTM00078,BTM00078,Hydroxylation of benzene on carbon para to electron donating group,BTMR1047,"CYP1A2
CYP2C8
CYP2C9
CYP2D6
CYP3A4",HUMAN,BTM00004,C1C(CC(CC1)C(CCN2CCCCC2)(C3=CC=CC=C3)O)O,"InChI=1S/C20H31NO2/c22-19-11-7-10-18(16-19)20(23,17-8-3-1-4-9-17)12-15-21-13-5-2-6-14-21/h1,3-4,8-9,18-19,22-23H,2,5-7,10-16H2",NADKOXAXSRMLEH-UHFFFAOYSA-N,3.180599999999997,317.235479232
"InChI=1S/C20H31NO3/c22-18-10-6-9-17(15-18)20(24,16-7-2-1-3-8-16)12-14-21-13-5-4-11-19(21)23/h1-3,7-8,17-19,22-24H,4-6,9-15H2",DYPVKRSQUXTGEF-UHFFFAOYSA-N,C1C(CC(CC1)C(CCN2C(CCCC2)O)(C3=CC=CC=C3)O)O,,,C20H31NO3,333.23039385199996,2.582099999999999,0,1,1,BTM00079,BTM00079,Hydroxylation of heteroalicyclic secondary carbon,BTMR1070,"CYP1A2
CYP2A6
CYP2C9
CYP2D6
CYP3A4",HUMAN,BTM00004,C1C(CC(CC1)C(CCN2CCCCC2)(C3=CC=CC=C3)O)O,"InChI=1S/C20H31NO2/c22-19-11-7-10-18(16-19)20(23,17-8-3-1-4-9-17)12-15-21-13-5-2-6-14-21/h1,3-4,8-9,18-19,22-23H,2,5-7,10-16H2",NADKOXAXSRMLEH-UHFFFAOYSA-N,3.180599999999997,317.235479232
"InChI=1S/C20H31NO3/c22-18-9-4-8-17(14-18)20(24,16-6-2-1-3-7-16)11-13-21-12-5-10-19(23)15-21/h1-3,6-7,17-19,22-24H,4-5,8-15H2",AGCLVESTISJXLD-UHFFFAOYSA-N,C1C(CC(CC1)C(CCN2CC(CCC2)O)(C3=CC=CC=C3)O)O,,,C20H31NO3,333.230393852,2.213699999999998,0,1,1,BTM00080,BTM00080,Hydroxylation of heteroalicyclic secondary carbon,BTMR1071,CYP1A2,HUMAN,BTM00004,C1C(CC(CC1)C(CCN2CCCCC2)(C3=CC=CC=C3)O)O,"InChI=1S/C20H31NO2/c22-19-11-7-10-18(16-19)20(23,17-8-3-1-4-9-17)12-15-21-13-5-2-6-14-21/h1,3-4,8-9,18-19,22-23H,2,5-7,10-16H2",NADKOXAXSRMLEH-UHFFFAOYSA-N,3.180599999999997,317.235479232
"InChI=1S/C20H31NO3/c22-18-11-7-10-17(14-18)20(24,16-8-3-1-4-9-16)15-19(23)21-12-5-2-6-13-21/h1,3-4,8-9,17-19,22-24H,2,5-7,10-15H2",RXOVSJJDBJJSID-UHFFFAOYSA-N,C1C(CC(CC1)C(CC(N2CCCCC2)O)(C3=CC=CC=C3)O)O,,,C20H31NO3,333.230393852,3.034099999999999,0,1,1,BTM00081,BTM00081,Aliphatic hydroxylation of carbon alpha to secondary or tertiary alkyl-N,BTMR1081,"CYP2B6
CYP2C19
CYP2D6",HUMAN,BTM00004,C1C(CC(CC1)C(CCN2CCCCC2)(C3=CC=CC=C3)O)O,"InChI=1S/C20H31NO2/c22-19-11-7-10-18(16-19)20(23,17-8-3-1-4-9-17)12-15-21-13-5-2-6-14-21/h1,3-4,8-9,18-19,22-23H,2,5-7,10-16H2",NADKOXAXSRMLEH-UHFFFAOYSA-N,3.180599999999997,317.235479232
"InChI=1S/C20H31NO3/c22-18-10-6-9-17(15-18)20(24,16-7-2-1-3-8-16)12-14-21-13-5-4-11-19(21)23/h1-3,7-8,17-19,22-24H,4-6,9-15H2",DYPVKRSQUXTGEF-UHFFFAOYSA-N,C1C(CC(CC1)C(CCN2C(CCCC2)O)(C3=CC=CC=C3)O)O,,,C20H31NO3,333.23039385199996,2.582099999999999,0,1,1,BTM00079,BTM00079,Aliphatic hydroxylation of carbon alpha to secondary or tertiary alkyl-N,BTMR1081,"CYP2B6
CYP2C19
CYP2D6",HUMAN,BTM00004,C1C(CC(CC1)C(CCN2CCCCC2)(C3=CC=CC=C3)O)O,"InChI=1S/C20H31NO2/c22-19-11-7-10-18(16-19)20(23,17-8-3-1-4-9-17)12-15-21-13-5-2-6-14-21/h1,3-4,8-9,18-19,22-23H,2,5-7,10-16H2",NADKOXAXSRMLEH-UHFFFAOYSA-N,3.180599999999997,317.235479232
"InChI=1S/C20H30NO2/c22-19-11-7-10-18(16-19)20(23,17-8-3-1-4-9-17)12-15-21-13-5-2-6-14-21/h1,3-4,8-9,13,18-19,22-23H,2,5-7,10-12,14-16H2/q+1",MNTAUBWWSNXBST-UHFFFAOYSA-N,C1C(CC(CC1)C(CC[N+]2=CCCCC2)(C3=CC=CC=C3)O)O,,,[C20H30NO2]+,316.22765419999996,1.2563999999999995,0,0,0,BTM00082,BTM00082,Formation of imminium ion from N-substituted piperidine,BTMR1187,"CYP2C19
CYP3A4",HUMAN,BTM00004,C1C(CC(CC1)C(CCN2CCCCC2)(C3=CC=CC=C3)O)O,"InChI=1S/C20H31NO2/c22-19-11-7-10-18(16-19)20(23,17-8-3-1-4-9-17)12-15-21-13-5-2-6-14-21/h1,3-4,8-9,18-19,22-23H,2,5-7,10-16H2",NADKOXAXSRMLEH-UHFFFAOYSA-N,3.180599999999997,317.235479232
"InChI=1S/C20H31NO4/c22-18-10-6-9-17(15-18)20(25,16-7-2-1-3-8-16)12-14-21-13-5-4-11-19(23)24/h1-3,7-8,17-18,21-22,25H,4-6,9-15H2,(H,23,24)",XFMHVKCLKAJSQK-UHFFFAOYSA-N,C1C(CC(CC1)C(CCNCCCCC(O)=O)(C2=CC=CC=C2)O)O,,,C20H31NO4,349.225308472,2.209199999999999,0,1,1,BTM00083,BTM00083,Ring opening of N-substituted piperidine,BTMR1188,CYP3A4,HUMAN,BTM00004,C1C(CC(CC1)C(CCN2CCCCC2)(C3=CC=CC=C3)O)O,"InChI=1S/C20H31NO2/c22-19-11-7-10-18(16-19)20(23,17-8-3-1-4-9-17)12-15-21-13-5-2-6-14-21/h1,3-4,8-9,18-19,22-23H,2,5-7,10-16H2",NADKOXAXSRMLEH-UHFFFAOYSA-N,3.180599999999997,317.235479232
"InChI=1S/C20H31NO3/c22-18-10-4-2-8-16(18)20(24,17-9-3-5-11-19(17)23)12-15-21-13-6-1-7-14-21/h2,4,8,10,17,19,22-24H,1,3,5-7,9,11-15H2",CESXMSNEJYIIGZ-UHFFFAOYSA-N,C1CC(C(CC1)C(CCN2CCCCC2)(C3=C(C=CC=C3)O)O)O,,,C20H31NO3,333.230393852,2.918799999999998,0,1,1,BTM00052,BTM00052,O-Hydroxylation of monosubstituted benzene,BTMR1034,"CYP1A2
CYP2C8
CYP2C9
CYP2C19
CYP3A4",HUMAN,BTM00005,C1CC(C(CC1)C(CCN2CCCCC2)(C3=CC=CC=C3)O)O,"InChI=1S/C20H31NO2/c22-19-12-6-5-11-18(19)20(23,17-9-3-1-4-10-17)13-16-21-14-7-2-8-15-21/h1,3-4,9-10,18-19,22-23H,2,5-8,11-16H2",YIDUPFKMRLSZPY-UHFFFAOYSA-N,3.1861999999999964,317.235479232
"InChI=1S/C20H31NO3/c22-17-9-10-18(19(23)15-17)20(24,16-7-3-1-4-8-16)11-14-21-12-5-2-6-13-21/h1,3-4,7-8,17-19,22-24H,2,5-6,9-15H2",VNITWYMCGAIHHX-UHFFFAOYSA-N,C1(CC(C(CC1)C(CCN2CCCCC2)(C3=CC=CC=C3)O)O)O,,,C20H31NO3,333.230393852,1.8254999999999983,0,1,1,BTM00064,BTM00064,Hydroxylation of alicyclic secondary carbon,BTMR1068,"CYP1A2
CYP2C8
CYP2C9
CYP2C19
CYP2D6
CYP3A4",HUMAN,BTM00005,C1CC(C(CC1)C(CCN2CCCCC2)(C3=CC=CC=C3)O)O,"InChI=1S/C20H31NO2/c22-19-12-6-5-11-18(19)20(23,17-9-3-1-4-10-17)13-16-21-14-7-2-8-15-21/h1,3-4,9-10,18-19,22-23H,2,5-8,11-16H2",YIDUPFKMRLSZPY-UHFFFAOYSA-N,3.1861999999999964,317.235479232
"InChI=1S/C20H31NO3/c22-18-11-7-10-17(19(18)23)20(24,16-8-3-1-4-9-16)12-15-21-13-5-2-6-14-21/h1,3-4,8-9,17-19,22-24H,2,5-7,10-15H2",NZPMREXXBJACCR-UHFFFAOYSA-N,C1C(C(C(CC1)C(CCN2CCCCC2)(C3=CC=CC=C3)O)O)O,,,C20H31NO3,333.230393852,2.2192999999999996,0,1,1,BTM00073,BTM00073,Hydroxylation of alicyclic secondary carbon,BTMR1068,"CYP1A2
CYP2C8
CYP2C9
CYP2C19
CYP2D6
CYP3A4",HUMAN,BTM00005,C1CC(C(CC1)C(CCN2CCCCC2)(C3=CC=CC=C3)O)O,"InChI=1S/C20H31NO2/c22-19-12-6-5-11-18(19)20(23,17-9-3-1-4-10-17)13-16-21-14-7-2-8-15-21/h1,3-4,9-10,18-19,22-23H,2,5-8,11-16H2",YIDUPFKMRLSZPY-UHFFFAOYSA-N,3.1861999999999964,317.235479232
"InChI=1S/C20H31NO3/c22-17-10-7-11-18(23)19(17)20(24,16-8-3-1-4-9-16)12-15-21-13-5-2-6-14-21/h1,3-4,8-9,17-19,22-24H,2,5-7,10-15H2",HJHJFBMFUSTCGR-UHFFFAOYSA-N,C1CC(C(C(C1)O)C(CCN2CCCCC2)(C3=CC=CC=C3)O)O,,,C20H31NO3,333.230393852,2.180899999999998,0,1,1,BTM00084,BTM00084,Hydroxylation of alicyclic secondary carbon,BTMR1068,"CYP1A2
CYP2C8
CYP2C9
CYP2C19
CYP2D6
CYP3A4",HUMAN,BTM00005,C1CC(C(CC1)C(CCN2CCCCC2)(C3=CC=CC=C3)O)O,"InChI=1S/C20H31NO2/c22-19-12-6-5-11-18(19)20(23,17-9-3-1-4-10-17)13-16-21-14-7-2-8-15-21/h1,3-4,9-10,18-19,22-23H,2,5-8,11-16H2",YIDUPFKMRLSZPY-UHFFFAOYSA-N,3.1861999999999964,317.235479232
"InChI=1S/C20H31NO3/c22-17-9-10-19(23)18(15-17)20(24,16-7-3-1-4-8-16)11-14-21-12-5-2-6-13-21/h1,3-4,7-8,17-19,22-24H,2,5-6,9-15H2",OIOPNERULOGYGX-UHFFFAOYSA-N,C1C(CC(C(C1)O)C(CCN2CCCCC2)(C3=CC=CC=C3)O)O,,,C20H31NO3,333.230393852,1.949299999999998,0,1,1,BTM00074,BTM00074,Hydroxylation of alicyclic secondary carbon,BTMR1068,"CYP1A2
CYP2C8
CYP2C9
CYP2C19
CYP2D6
CYP3A4",HUMAN,BTM00005,C1CC(C(CC1)C(CCN2CCCCC2)(C3=CC=CC=C3)O)O,"InChI=1S/C20H31NO2/c22-19-12-6-5-11-18(19)20(23,17-9-3-1-4-10-17)13-16-21-14-7-2-8-15-21/h1,3-4,9-10,18-19,22-23H,2,5-8,11-16H2",YIDUPFKMRLSZPY-UHFFFAOYSA-N,3.1861999999999964,317.235479232
"InChI=1S/C20H31NO3/c22-19-12-6-5-11-18(19)20(23,17-9-3-1-4-10-17)13-16-21(24)14-7-2-8-15-21/h1,3-4,9-10,18-19,22-23H,2,5-8,11-16H2",RBUFLDYOXQXQID-UHFFFAOYSA-N,C1CC(C(CC1)C(CC[N+]2(CCCCC2)[O-])(C3=CC=CC=C3)O)O,,,C20H31NO3,333.230393852,2.781099999999996,0,0,0,BTM00085,BTM00085,N-Oxidation of alicyclic tertiary amine,BTMR1099,"CYP1A2
CYP2C8
CYP2C19
CYP2D6
CYP3A4",HUMAN,BTM00005,C1CC(C(CC1)C(CCN2CCCCC2)(C3=CC=CC=C3)O)O,"InChI=1S/C20H31NO2/c22-19-12-6-5-11-18(19)20(23,17-9-3-1-4-10-17)13-16-21-14-7-2-8-15-21/h1,3-4,9-10,18-19,22-23H,2,5-8,11-16H2",YIDUPFKMRLSZPY-UHFFFAOYSA-N,3.1861999999999964,317.235479232
"InChI=1S/C15H20O3/c16-11-10-15(18,12-6-2-1-3-7-12)13-8-4-5-9-14(13)17/h1-3,6-7,11,13-14,17-18H,4-5,8-10H2",PKDZRUOAXHPXDU-UHFFFAOYSA-N,C1CC(C(CC1)C(CC=O)(C2=CC=CC=C2)O)O,,,C15H20O3,248.14124449999997,1.8195999999999997,0,0,0,BTM00086,BTM00086,N-Dealkylation of alicyclic tertiary amine,BTMR1144,"CYP1A2
CYP2A6
CYP2B6
CYP2C8
CYP2C9
CYP2C19
CYP2D6
CYP3A4",HUMAN,BTM00005,C1CC(C(CC1)C(CCN2CCCCC2)(C3=CC=CC=C3)O)O,"InChI=1S/C20H31NO2/c22-19-12-6-5-11-18(19)20(23,17-9-3-1-4-10-17)13-16-21-14-7-2-8-15-21/h1,3-4,9-10,18-19,22-23H,2,5-8,11-16H2",YIDUPFKMRLSZPY-UHFFFAOYSA-N,3.1861999999999964,317.235479232
"InChI=1S/C5H11N/c1-2-4-6-5-3-1/h6H,1-5H2",NQRYJNQNLNOLGT-UHFFFAOYSA-N,N1CCCCC1,,,C5H11N,85.08914935199999,0.7014000000000005,0,0,0,BTM00008,BTM00008,N-Dealkylation of alicyclic tertiary amine,BTMR1144,"CYP1A2
CYP2A6
CYP2B6
CYP2C8
CYP2C9
CYP2C19
CYP2D6
CYP3A4",HUMAN,BTM00005,C1CC(C(CC1)C(CCN2CCCCC2)(C3=CC=CC=C3)O)O,"InChI=1S/C20H31NO2/c22-19-12-6-5-11-18(19)20(23,17-9-3-1-4-10-17)13-16-21-14-7-2-8-15-21/h1,3-4,9-10,18-19,22-23H,2,5-8,11-16H2",YIDUPFKMRLSZPY-UHFFFAOYSA-N,3.1861999999999964,317.235479232
"InChI=1S/C20H31NO3/c22-17-10-8-16(9-11-17)20(24,18-6-2-3-7-19(18)23)12-15-21-13-4-1-5-14-21/h8-11,18-19,22-24H,1-7,12-15H2",NEJJUPKVRJYATR-UHFFFAOYSA-N,C1CC(C(CC1)C(CCN2CCCCC2)(C3=CC=C(C=C3)O)O)O,,,C20H31NO3,333.230393852,2.918799999999998,0,1,1,BTM00087,BTM00087,Hydroxylation of benzene on carbon para to electron donating group,BTMR1047,"CYP1A2
CYP2C8
CYP2C9
CYP2D6
CYP3A4",HUMAN,BTM00005,C1CC(C(CC1)C(CCN2CCCCC2)(C3=CC=CC=C3)O)O,"InChI=1S/C20H31NO2/c22-19-12-6-5-11-18(19)20(23,17-9-3-1-4-10-17)13-16-21-14-7-2-8-15-21/h1,3-4,9-10,18-19,22-23H,2,5-8,11-16H2",YIDUPFKMRLSZPY-UHFFFAOYSA-N,3.1861999999999964,317.235479232
"InChI=1S/C20H31NO3/c22-18-11-5-4-10-17(18)20(24,16-8-2-1-3-9-16)13-15-21-14-7-6-12-19(21)23/h1-3,8-9,17-19,22-24H,4-7,10-15H2",BPIANRWCYSGHOG-UHFFFAOYSA-N,C1CC(C(CC1)C(CCN2C(CCCC2)O)(C3=CC=CC=C3)O)O,,,C20H31NO3,333.230393852,2.5876999999999986,0,1,1,BTM00088,BTM00088,Hydroxylation of heteroalicyclic secondary carbon,BTMR1070,"CYP1A2
CYP2A6
CYP2C9
CYP2D6
CYP3A4",HUMAN,BTM00005,C1CC(C(CC1)C(CCN2CCCCC2)(C3=CC=CC=C3)O)O,"InChI=1S/C20H31NO2/c22-19-12-6-5-11-18(19)20(23,17-9-3-1-4-10-17)13-16-21-14-7-2-8-15-21/h1,3-4,9-10,18-19,22-23H,2,5-8,11-16H2",YIDUPFKMRLSZPY-UHFFFAOYSA-N,3.1861999999999964,317.235479232
"InChI=1S/C20H31NO3/c22-17-9-6-13-21(15-17)14-12-20(24,16-7-2-1-3-8-16)18-10-4-5-11-19(18)23/h1-3,7-8,17-19,22-24H,4-6,9-15H2",HISPUUGTSPTIGB-UHFFFAOYSA-N,C1CC(C(CC1)C(CCN2CC(CCC2)O)(C3=CC=CC=C3)O)O,,,C20H31NO3,333.230393852,2.2192999999999996,0,1,1,BTM00089,BTM00089,Hydroxylation of heteroalicyclic secondary carbon,BTMR1071,CYP1A2,HUMAN,BTM00005,C1CC(C(CC1)C(CCN2CCCCC2)(C3=CC=CC=C3)O)O,"InChI=1S/C20H31NO2/c22-19-12-6-5-11-18(19)20(23,17-9-3-1-4-10-17)13-16-21-14-7-2-8-15-21/h1,3-4,9-10,18-19,22-23H,2,5-8,11-16H2",YIDUPFKMRLSZPY-UHFFFAOYSA-N,3.1861999999999964,317.235479232
"InChI=1S/C20H31NO3/c22-18-12-6-5-11-17(18)20(24,16-9-3-1-4-10-16)15-19(23)21-13-7-2-8-14-21/h1,3-4,9-10,17-19,22-24H,2,5-8,11-15H2",KTNUQOPIZHJIME-UHFFFAOYSA-N,C1CC(C(CC1)C(CC(N2CCCCC2)O)(C3=CC=CC=C3)O)O,,,C20H31NO3,333.230393852,3.0396999999999994,0,1,1,BTM00090,BTM00090,Aliphatic hydroxylation of carbon alpha to secondary or tertiary alkyl-N,BTMR1081,"CYP2B6
CYP2C19
CYP2D6",HUMAN,BTM00005,C1CC(C(CC1)C(CCN2CCCCC2)(C3=CC=CC=C3)O)O,"InChI=1S/C20H31NO2/c22-19-12-6-5-11-18(19)20(23,17-9-3-1-4-10-17)13-16-21-14-7-2-8-15-21/h1,3-4,9-10,18-19,22-23H,2,5-8,11-16H2",YIDUPFKMRLSZPY-UHFFFAOYSA-N,3.1861999999999964,317.235479232
"InChI=1S/C20H31NO3/c22-18-11-5-4-10-17(18)20(24,16-8-2-1-3-9-16)13-15-21-14-7-6-12-19(21)23/h1-3,8-9,17-19,22-24H,4-7,10-15H2",BPIANRWCYSGHOG-UHFFFAOYSA-N,C1CC(C(CC1)C(CCN2C(CCCC2)O)(C3=CC=CC=C3)O)O,,,C20H31NO3,333.230393852,2.5876999999999986,0,1,1,BTM00088,BTM00088,Aliphatic hydroxylation of carbon alpha to secondary or tertiary alkyl-N,BTMR1081,"CYP2B6
CYP2C19
CYP2D6",HUMAN,BTM00005,C1CC(C(CC1)C(CCN2CCCCC2)(C3=CC=CC=C3)O)O,"InChI=1S/C20H31NO2/c22-19-12-6-5-11-18(19)20(23,17-9-3-1-4-10-17)13-16-21-14-7-2-8-15-21/h1,3-4,9-10,18-19,22-23H,2,5-8,11-16H2",YIDUPFKMRLSZPY-UHFFFAOYSA-N,3.1861999999999964,317.235479232
"InChI=1S/C20H30NO2/c22-19-12-6-5-11-18(19)20(23,17-9-3-1-4-10-17)13-16-21-14-7-2-8-15-21/h1,3-4,9-10,14,18-19,22-23H,2,5-8,11-13,15-16H2/q+1",FQFHXAOUCWPRDF-UHFFFAOYSA-N,C1CC(C(CC1)C(CC[N+]2=CCCCC2)(C3=CC=CC=C3)O)O,,,[C20H30NO2]+,316.22765419999996,1.261999999999999,0,0,0,BTM00091,BTM00091,Formation of imminium ion from N-substituted piperidine,BTMR1187,"CYP2C19
CYP3A4",HUMAN,BTM00005,C1CC(C(CC1)C(CCN2CCCCC2)(C3=CC=CC=C3)O)O,"InChI=1S/C20H31NO2/c22-19-12-6-5-11-18(19)20(23,17-9-3-1-4-10-17)13-16-21-14-7-2-8-15-21/h1,3-4,9-10,18-19,22-23H,2,5-8,11-16H2",YIDUPFKMRLSZPY-UHFFFAOYSA-N,3.1861999999999964,317.235479232
"InChI=1S/C20H31NO4/c22-18-11-5-4-10-17(18)20(25,16-8-2-1-3-9-16)13-15-21-14-7-6-12-19(23)24/h1-3,8-9,17-18,21-22,25H,4-7,10-15H2,(H,23,24)",KQDQYXLAAYDOQC-UHFFFAOYSA-N,C1CC(C(CC1)C(CCNCCCCC(O)=O)(C2=CC=CC=C2)O)O,,,C20H31NO4,349.22530847200005,2.2147999999999994,0,1,1,BTM00092,BTM00092,Ring opening of N-substituted piperidine,BTMR1188,CYP3A4,HUMAN,BTM00005,C1CC(C(CC1)C(CCN2CCCCC2)(C3=CC=CC=C3)O)O,"InChI=1S/C20H31NO2/c22-19-12-6-5-11-18(19)20(23,17-9-3-1-4-10-17)13-16-21-14-7-2-8-15-21/h1,3-4,9-10,18-19,22-23H,2,5-8,11-16H2",YIDUPFKMRLSZPY-UHFFFAOYSA-N,3.1861999999999964,317.235479232
"InChI=1S/C20H31NO3/c22-19-12-6-5-11-18(19)20(23,17-9-3-1-4-10-17)13-16-21(24)14-7-2-8-15-21/h5-6,11-12,17,22-23H,1-4,7-10,13-16H2",QDXOEVBCOISMBI-UHFFFAOYSA-N,C1CCC(CC1)C(CC[N+]2(CCCCC2)[O-])(C3=C(C=CC=C3)O)O,,,C20H31NO3,333.230393852,3.7449999999999983,0,0,0,BTM00053,BTM00053,O-Hydroxylation of monosubstituted benzene,BTMR1034,"CYP1A2
CYP2C8
CYP2C9
CYP2C19
CYP3A4",HUMAN,BTM00006,C1CCC(CC1)C(CC[N+]2(CCCCC2)[O-])(C3=CC=CC=C3)O,"InChI=1S/C20H31NO2/c22-20(18-10-4-1-5-11-18,19-12-6-2-7-13-19)14-17-21(23)15-8-3-9-16-21/h1,4-5,10-11,19,22H,2-3,6-9,12-17H2",KXFSYXHEVRSHAS-UHFFFAOYSA-N,4.012399999999997,317.23547923200005
"InChI=1S/C20H31NO3/c22-19-11-9-18(10-12-19)20(23,17-7-3-1-4-8-17)13-16-21(24)14-5-2-6-15-21/h1,3-4,7-8,18-19,22-23H,2,5-6,9-16H2",PTUKHKSJOPBDIO-UHFFFAOYSA-N,C1(CCC(CC1)C(CC[N+]2(CCCCC2)[O-])(C3=CC=CC=C3)O)O,,,C20H31NO3,333.230393852,2.7754999999999965,0,0,0,BTM00065,BTM00065,Hydroxylation of alicyclic secondary carbon,BTMR1068,"CYP1A2
CYP2C8
CYP2C9
CYP2C19
CYP2D6
CYP3A4",HUMAN,BTM00006,C1CCC(CC1)C(CC[N+]2(CCCCC2)[O-])(C3=CC=CC=C3)O,"InChI=1S/C20H31NO2/c22-20(18-10-4-1-5-11-18,19-12-6-2-7-13-19)14-17-21(23)15-8-3-9-16-21/h1,4-5,10-11,19,22H,2-3,6-9,12-17H2",KXFSYXHEVRSHAS-UHFFFAOYSA-N,4.012399999999997,317.23547923200005
"InChI=1S/C20H31NO3/c22-19-11-7-10-18(16-19)20(23,17-8-3-1-4-9-17)12-15-21(24)13-5-2-6-14-21/h1,3-4,8-9,18-19,22-23H,2,5-7,10-16H2",WULSKAJYNRJVFT-UHFFFAOYSA-N,C1C(CC(CC1)C(CC[N+]2(CCCCC2)[O-])(C3=CC=CC=C3)O)O,,,C20H31NO3,333.230393852,2.7754999999999965,0,0,0,BTM00076,BTM00076,Hydroxylation of alicyclic secondary carbon,BTMR1068,"CYP1A2
CYP2C8
CYP2C9
CYP2C19
CYP2D6
CYP3A4",HUMAN,BTM00006,C1CCC(CC1)C(CC[N+]2(CCCCC2)[O-])(C3=CC=CC=C3)O,"InChI=1S/C20H31NO2/c22-20(18-10-4-1-5-11-18,19-12-6-2-7-13-19)14-17-21(23)15-8-3-9-16-21/h1,4-5,10-11,19,22H,2-3,6-9,12-17H2",KXFSYXHEVRSHAS-UHFFFAOYSA-N,4.012399999999997,317.23547923200005
"InChI=1S/C20H31NO3/c22-19-12-6-5-11-18(19)20(23,17-9-3-1-4-10-17)13-16-21(24)14-7-2-8-15-21/h1,3-4,9-10,18-19,22-23H,2,5-8,11-16H2",RBUFLDYOXQXQID-UHFFFAOYSA-N,C1CC(C(CC1)C(CC[N+]2(CCCCC2)[O-])(C3=CC=CC=C3)O)O,,,C20H31NO3,333.230393852,2.781099999999996,0,0,0,BTM00085,BTM00085,Hydroxylation of alicyclic secondary carbon,BTMR1068,"CYP1A2
CYP2C8
CYP2C9
CYP2C19
CYP2D6
CYP3A4",HUMAN,BTM00006,C1CCC(CC1)C(CC[N+]2(CCCCC2)[O-])(C3=CC=CC=C3)O,"InChI=1S/C20H31NO2/c22-20(18-10-4-1-5-11-18,19-12-6-2-7-13-19)14-17-21(23)15-8-3-9-16-21/h1,4-5,10-11,19,22H,2-3,6-9,12-17H2",KXFSYXHEVRSHAS-UHFFFAOYSA-N,4.012399999999997,317.23547923200005
"InChI=1S/C20H31NO3/c22-19-11-9-18(10-12-19)20(23,17-7-3-1-4-8-17)13-16-21(24)14-5-2-6-15-21/h9-12,17,22-23H,1-8,13-16H2",DAXAZGGCDACIMM-UHFFFAOYSA-N,C1CCC(CC1)C(CC[N+]2(CCCCC2)[O-])(C3=CC=C(C=C3)O)O,,,C20H31NO3,333.23039385199996,3.7449999999999983,0,0,0,BTM00093,BTM00093,Hydroxylation of benzene on carbon para to electron donating group,BTMR1047,"CYP1A2
CYP2C8
CYP2C9
CYP2D6
CYP3A4",HUMAN,BTM00006,C1CCC(CC1)C(CC[N+]2(CCCCC2)[O-])(C3=CC=CC=C3)O,"InChI=1S/C20H31NO2/c22-20(18-10-4-1-5-11-18,19-12-6-2-7-13-19)14-17-21(23)15-8-3-9-16-21/h1,4-5,10-11,19,22H,2-3,6-9,12-17H2",KXFSYXHEVRSHAS-UHFFFAOYSA-N,4.012399999999997,317.23547923200005
"InChI=1S/C20H31NO3/c22-19-13-7-8-15-21(19,24)16-14-20(23,17-9-3-1-4-10-17)18-11-5-2-6-12-18/h1,3-4,9-10,18-19,22-23H,2,5-8,11-16H2",OMFSNWOTRVNPSR-UHFFFAOYSA-N,C1CCC(CC1)C(CC[N+]2(C(CCCC2)O)[O-])(C3=CC=CC=C3)O,,,C20H31NO3,333.230393852,3.413899999999999,0,0,0,BTM00094,BTM00094,Hydroxylation of heteroalicyclic secondary carbon,BTMR1070,"CYP1A2
CYP2A6
CYP2C9
CYP2D6
CYP3A4",HUMAN,BTM00006,C1CCC(CC1)C(CC[N+]2(CCCCC2)[O-])(C3=CC=CC=C3)O,"InChI=1S/C20H31NO2/c22-20(18-10-4-1-5-11-18,19-12-6-2-7-13-19)14-17-21(23)15-8-3-9-16-21/h1,4-5,10-11,19,22H,2-3,6-9,12-17H2",KXFSYXHEVRSHAS-UHFFFAOYSA-N,4.012399999999997,317.23547923200005
"InChI=1S/C20H31NO3/c22-19-12-7-14-21(24,16-19)15-13-20(23,17-8-3-1-4-9-17)18-10-5-2-6-11-18/h1,3-4,8-9,18-19,22-23H,2,5-7,10-16H2",NYDXXJBJSRAWGG-UHFFFAOYSA-N,C1CCC(CC1)C(CC[N+]2(CC(CCC2)O)[O-])(C3=CC=CC=C3)O,,,C20H31NO3,333.230393852,3.045499999999996,0,0,0,BTM00095,BTM00095,Hydroxylation of heteroalicyclic secondary carbon,BTMR1071,CYP1A2,HUMAN,BTM00006,C1CCC(CC1)C(CC[N+]2(CCCCC2)[O-])(C3=CC=CC=C3)O,"InChI=1S/C20H31NO2/c22-20(18-10-4-1-5-11-18,19-12-6-2-7-13-19)14-17-21(23)15-8-3-9-16-21/h1,4-5,10-11,19,22H,2-3,6-9,12-17H2",KXFSYXHEVRSHAS-UHFFFAOYSA-N,4.012399999999997,317.23547923200005
"InChI=1S/C15H20O3/c16-11-10-15(18,12-6-2-1-3-7-12)13-8-4-5-9-14(13)17/h4-5,8-9,11-12,17-18H,1-3,6-7,10H2",CQDCCPBZTCKGRI-UHFFFAOYSA-N,C1CCC(CC1)C(CC=O)(C2=C(C=CC=C2)O)O,,,C15H20O3,248.14124449999997,2.7834999999999996,0,0,0,BTM00054,BTM00054,O-Hydroxylation of monosubstituted benzene,BTMR1034,"CYP1A2
CYP2C8
CYP2C9
CYP2C19
CYP3A4",HUMAN,BTM00007,C1CCC(CC1)C(CC=O)(C2=CC=CC=C2)O,"InChI=1S/C15H20O2/c16-12-11-15(17,13-7-3-1-4-8-13)14-9-5-2-6-10-14/h1,3-4,7-8,12,14,17H,2,5-6,9-11H2",NVDRYJFEOYDRHA-UHFFFAOYSA-N,3.0508999999999995,232.14632988
"InChI=1S/C15H20O3/c16-11-10-15(18,12-4-2-1-3-5-12)13-6-8-14(17)9-7-13/h1-5,11,13-14,17-18H,6-10H2",SIXAVBVRXIJTNF-UHFFFAOYSA-N,C1(CCC(CC1)C(CC=O)(C2=CC=CC=C2)O)O,,,C15H20O3,248.1412445,1.813999999999999,0,0,0,BTM00066,BTM00066,Hydroxylation of alicyclic secondary carbon,BTMR1068,"CYP1A2
CYP2C8
CYP2C9
CYP2C19
CYP2D6
CYP3A4",HUMAN,BTM00007,C1CCC(CC1)C(CC=O)(C2=CC=CC=C2)O,"InChI=1S/C15H20O2/c16-12-11-15(17,13-7-3-1-4-8-13)14-9-5-2-6-10-14/h1,3-4,7-8,12,14,17H,2,5-6,9-11H2",NVDRYJFEOYDRHA-UHFFFAOYSA-N,3.0508999999999995,232.14632988
"InChI=1S/C15H20O3/c16-10-9-15(18,12-5-2-1-3-6-12)13-7-4-8-14(17)11-13/h1-3,5-6,10,13-14,17-18H,4,7-9,11H2",AAYSHJGKXUQVMJ-UHFFFAOYSA-N,C1C(CC(CC1)C(CC=O)(C2=CC=CC=C2)O)O,,,C15H20O3,248.1412445,1.813999999999999,0,0,0,BTM00077,BTM00077,Hydroxylation of alicyclic secondary carbon,BTMR1068,"CYP1A2
CYP2C8
CYP2C9
CYP2C19
CYP2D6
CYP3A4",HUMAN,BTM00007,C1CCC(CC1)C(CC=O)(C2=CC=CC=C2)O,"InChI=1S/C15H20O2/c16-12-11-15(17,13-7-3-1-4-8-13)14-9-5-2-6-10-14/h1,3-4,7-8,12,14,17H,2,5-6,9-11H2",NVDRYJFEOYDRHA-UHFFFAOYSA-N,3.0508999999999995,232.14632988
"InChI=1S/C15H20O3/c16-11-10-15(18,12-6-2-1-3-7-12)13-8-4-5-9-14(13)17/h1-3,6-7,11,13-14,17-18H,4-5,8-10H2",PKDZRUOAXHPXDU-UHFFFAOYSA-N,C1CC(C(CC1)C(CC=O)(C2=CC=CC=C2)O)O,,,C15H20O3,248.14124449999997,1.8195999999999997,0,0,0,BTM00086,BTM00086,Hydroxylation of alicyclic secondary carbon,BTMR1068,"CYP1A2
CYP2C8
CYP2C9
CYP2C19
CYP2D6
CYP3A4",HUMAN,BTM00007,C1CCC(CC1)C(CC=O)(C2=CC=CC=C2)O,"InChI=1S/C15H20O2/c16-12-11-15(17,13-7-3-1-4-8-13)14-9-5-2-6-10-14/h1,3-4,7-8,12,14,17H,2,5-6,9-11H2",NVDRYJFEOYDRHA-UHFFFAOYSA-N,3.0508999999999995,232.14632988
"InChI=1S/C15H20O3/c16-11-10-15(18,12-4-2-1-3-5-12)13-6-8-14(17)9-7-13/h6-9,11-12,17-18H,1-5,10H2",KTEUPSNIAPTCTK-UHFFFAOYSA-N,C1CCC(CC1)C(CC=O)(C2=CC=C(C=C2)O)O,,,C15H20O3,248.14124449999997,2.7834999999999996,0,0,0,BTM00096,BTM00096,Hydroxylation of benzene on carbon para to electron donating group,BTMR1047,"CYP1A2
CYP2C8
CYP2C9
CYP2D6
CYP3A4",HUMAN,BTM00007,C1CCC(CC1)C(CC=O)(C2=CC=CC=C2)O,"InChI=1S/C15H20O2/c16-12-11-15(17,13-7-3-1-4-8-13)14-9-5-2-6-10-14/h1,3-4,7-8,12,14,17H,2,5-6,9-11H2",NVDRYJFEOYDRHA-UHFFFAOYSA-N,3.0508999999999995,232.14632988
"InChI=1S/C15H20O3/c16-11-14(17)15(18,12-7-3-1-4-8-12)13-9-5-2-6-10-13/h1,3-4,7-8,11,13-14,17-18H,2,5-6,9-10H2",JILXNHADAATWCU-UHFFFAOYSA-N,C1CCC(CC1)C(C(C=O)O)(C2=CC=CC=C2)O,,,C15H20O3,248.14124449999997,2.505399999999999,0,0,0,BTM00097,BTM00097,alpha-Hydroxylation of carbonyl group,BTMR1054,"CYP1A2
CYP2A6
CYP2B6
CYP2C8
CYP2C9
CYP2C19
CYP2D6
CYP3A4",HUMAN,BTM00007,C1CCC(CC1)C(CC=O)(C2=CC=CC=C2)O,"InChI=1S/C15H20O2/c16-12-11-15(17,13-7-3-1-4-8-13)14-9-5-2-6-10-14/h1,3-4,7-8,12,14,17H,2,5-6,9-11H2",NVDRYJFEOYDRHA-UHFFFAOYSA-N,3.0508999999999995,232.14632988
"InChI=1S/C5H11NO/c7-5-3-1-2-4-6-5/h5-7H,1-4H2",LEGMHPGYPXPXKB-UHFFFAOYSA-N,N1C(CCCC1)O,,,C5H11NO,101.084063972,0.10289999999999994,0,0,0,BTM00098,BTM00098,Hydroxylation of heteroalicyclic secondary carbon,BTMR1070,"CYP1A2
CYP2A6
CYP2C9
CYP2D6
CYP3A4",HUMAN,BTM00008,N1CCCCC1,"InChI=1S/C5H11N/c1-2-4-6-5-3-1/h6H,1-5H2",NQRYJNQNLNOLGT-UHFFFAOYSA-N,0.7014000000000005,85.08914935199999
"InChI=1S/C5H11NO/c7-5-2-1-3-6-4-5/h5-7H,1-4H2",BIWOSRSKDCZIFM-UHFFFAOYSA-N,N1CC(CCC1)O,,,C5H11NO,101.084063972,-0.26550000000000057,0,0,0,BTM00099,BTM00099,Hydroxylation of heteroalicyclic secondary carbon,BTMR1071,CYP1A2,HUMAN,BTM00008,N1CCCCC1,"InChI=1S/C5H11N/c1-2-4-6-5-3-1/h6H,1-5H2",NQRYJNQNLNOLGT-UHFFFAOYSA-N,0.7014000000000005,85.08914935199999
"InChI=1S/C5H11NO2/c6-4-2-1-3-5(7)8/h1-4,6H2,(H,7,8)",JJMDCOVWQOJGCB-UHFFFAOYSA-N,NCCCCC(O)=O,,,C5H11NO2,117.078978592,-0.16590000000000032,0,0,0,BTM00100,BTM00100,Ring opening of N-substituted piperidine,BTMR1188,CYP3A4,HUMAN,BTM00008,N1CCCCC1,"InChI=1S/C5H11N/c1-2-4-6-5-3-1/h6H,1-5H2",NQRYJNQNLNOLGT-UHFFFAOYSA-N,0.7014000000000005,85.08914935199999
"InChI=1S/C20H31NO3/c22-18-8-4-16(5-9-18)20(24,17-6-10-19(23)11-7-17)12-15-21-13-2-1-3-14-21/h4-5,8-9,17,19,22-24H,1-3,6-7,10-15H2",AIWBLIRKAMFJNB-UHFFFAOYSA-N,C1(CCC(CC1)C(CCN2CCCCC2)(C3=CC=C(C=C3)O)O)O,,,C20H31NO3,333.230393852,2.913199999999998,0,1,1,BTM00067,BTM00067,Hydroxylation of alicyclic secondary carbon,BTMR1068,"CYP1A2
CYP2C8
CYP2C9
CYP2C19
CYP2D6
CYP3A4",HUMAN,BTM00009,C1CCC(CC1)C(CCN2CCCCC2)(C3=CC=C(C=C3)O)O,"InChI=1S/C20H31NO2/c22-19-11-9-18(10-12-19)20(23,17-7-3-1-4-8-17)13-16-21-14-5-2-6-15-21/h9-12,17,22-23H,1-8,13-16H2",BUTWYTDVSDQBQS-UHFFFAOYSA-N,4.150099999999999,317.23547923200005
"InChI=1S/C20H31NO3/c22-18-9-7-16(8-10-18)20(24,17-5-4-6-19(23)15-17)11-14-21-12-2-1-3-13-21/h7-10,17,19,22-24H,1-6,11-15H2",WPCBELGUOOMSAY-UHFFFAOYSA-N,C1C(CC(CC1)C(CCN2CCCCC2)(C3=CC=C(C=C3)O)O)O,,,C20H31NO3,333.230393852,2.913199999999998,0,1,1,BTM00078,BTM00078,Hydroxylation of alicyclic secondary carbon,BTMR1068,"CYP1A2
CYP2C8
CYP2C9
CYP2C19
CYP2D6
CYP3A4",HUMAN,BTM00009,C1CCC(CC1)C(CCN2CCCCC2)(C3=CC=C(C=C3)O)O,"InChI=1S/C20H31NO2/c22-19-11-9-18(10-12-19)20(23,17-7-3-1-4-8-17)13-16-21-14-5-2-6-15-21/h9-12,17,22-23H,1-8,13-16H2",BUTWYTDVSDQBQS-UHFFFAOYSA-N,4.150099999999999,317.23547923200005
"InChI=1S/C20H31NO3/c22-17-10-8-16(9-11-17)20(24,18-6-2-3-7-19(18)23)12-15-21-13-4-1-5-14-21/h8-11,18-19,22-24H,1-7,12-15H2",NEJJUPKVRJYATR-UHFFFAOYSA-N,C1CC(C(CC1)C(CCN2CCCCC2)(C3=CC=C(C=C3)O)O)O,,,C20H31NO3,333.230393852,2.918799999999998,0,1,1,BTM00087,BTM00087,Hydroxylation of alicyclic secondary carbon,BTMR1068,"CYP1A2
CYP2C8
CYP2C9
CYP2C19
CYP2D6
CYP3A4",HUMAN,BTM00009,C1CCC(CC1)C(CCN2CCCCC2)(C3=CC=C(C=C3)O)O,"InChI=1S/C20H31NO2/c22-19-11-9-18(10-12-19)20(23,17-7-3-1-4-8-17)13-16-21-14-5-2-6-15-21/h9-12,17,22-23H,1-8,13-16H2",BUTWYTDVSDQBQS-UHFFFAOYSA-N,4.150099999999999,317.23547923200005
"InChI=1S/C20H31NO3/c22-19-11-9-18(10-12-19)20(23,17-7-3-1-4-8-17)13-16-21(24)14-5-2-6-15-21/h9-12,17,22-23H,1-8,13-16H2",DAXAZGGCDACIMM-UHFFFAOYSA-N,C1CCC(CC1)C(CC[N+]2(CCCCC2)[O-])(C3=CC=C(C=C3)O)O,,,C20H31NO3,333.23039385199996,3.7449999999999983,0,0,0,BTM00093,BTM00093,N-Oxidation of alicyclic tertiary amine,BTMR1099,"CYP1A2
CYP2C8
CYP2C19
CYP2D6
CYP3A4",HUMAN,BTM00009,C1CCC(CC1)C(CCN2CCCCC2)(C3=CC=C(C=C3)O)O,"InChI=1S/C20H31NO2/c22-19-11-9-18(10-12-19)20(23,17-7-3-1-4-8-17)13-16-21-14-5-2-6-15-21/h9-12,17,22-23H,1-8,13-16H2",BUTWYTDVSDQBQS-UHFFFAOYSA-N,4.150099999999999,317.23547923200005
"InChI=1S/C15H20O3/c16-11-10-15(18,12-4-2-1-3-5-12)13-6-8-14(17)9-7-13/h6-9,11-12,17-18H,1-5,10H2",KTEUPSNIAPTCTK-UHFFFAOYSA-N,C1CCC(CC1)C(CC=O)(C2=CC=C(C=C2)O)O,,,C15H20O3,248.14124449999997,2.7834999999999996,0,0,0,BTM00096,BTM00096,N-Dealkylation of alicyclic tertiary amine,BTMR1144,"CYP1A2
CYP2A6
CYP2B6
CYP2C8
CYP2C9
CYP2C19
CYP2D6
CYP3A4",HUMAN,BTM00009,C1CCC(CC1)C(CCN2CCCCC2)(C3=CC=C(C=C3)O)O,"InChI=1S/C20H31NO2/c22-19-11-9-18(10-12-19)20(23,17-7-3-1-4-8-17)13-16-21-14-5-2-6-15-21/h9-12,17,22-23H,1-8,13-16H2",BUTWYTDVSDQBQS-UHFFFAOYSA-N,4.150099999999999,317.23547923200005
"InChI=1S/C5H11N/c1-2-4-6-5-3-1/h6H,1-5H2",NQRYJNQNLNOLGT-UHFFFAOYSA-N,N1CCCCC1,,,C5H11N,85.08914935199999,0.7014000000000005,0,0,0,BTM00008,BTM00008,N-Dealkylation of alicyclic tertiary amine,BTMR1144,"CYP1A2
CYP2A6
CYP2B6
CYP2C8
CYP2C9
CYP2C19
CYP2D6
CYP3A4",HUMAN,BTM00009,C1CCC(CC1)C(CCN2CCCCC2)(C3=CC=C(C=C3)O)O,"InChI=1S/C20H31NO2/c22-19-11-9-18(10-12-19)20(23,17-7-3-1-4-8-17)13-16-21-14-5-2-6-15-21/h9-12,17,22-23H,1-8,13-16H2",BUTWYTDVSDQBQS-UHFFFAOYSA-N,4.150099999999999,317.23547923200005
"InChI=1S/C20H31NO3/c22-18-10-9-17(15-19(18)23)20(24,16-7-3-1-4-8-16)11-14-21-12-5-2-6-13-21/h9-10,15-16,22-24H,1-8,11-14H2",QHECYNMGVOKEFJ-UHFFFAOYSA-N,C1CCC(CC1)C(CCN2CCCCC2)(C3=CC=C(C(=C3)O)O)O,,,C20H31NO3,333.230393852,3.882699999999997,0,1,1,BTM00101,BTM00101,"2-Hydroxylation of 1,4-disubstituted benzene",BTMR0037,CYP1A2,HUMAN,BTM00009,C1CCC(CC1)C(CCN2CCCCC2)(C3=CC=C(C=C3)O)O,"InChI=1S/C20H31NO2/c22-19-11-9-18(10-12-19)20(23,17-7-3-1-4-8-17)13-16-21-14-5-2-6-15-21/h9-12,17,22-23H,1-8,13-16H2",BUTWYTDVSDQBQS-UHFFFAOYSA-N,4.150099999999999,317.23547923200005
"InChI=1S/C20H31NO3/c22-18-11-9-17(10-12-18)20(24,16-6-2-1-3-7-16)13-15-21-14-5-4-8-19(21)23/h9-12,16,19,22-24H,1-8,13-15H2",LADFDZUYLMTBRY-UHFFFAOYSA-N,C1CCC(CC1)C(CCN2C(CCCC2)O)(C3=CC=C(C=C3)O)O,,,C20H31NO3,333.230393852,3.5515999999999996,0,1,1,BTM00102,BTM00102,Hydroxylation of heteroalicyclic secondary carbon,BTMR1070,"CYP1A2
CYP2A6
CYP2C9
CYP2D6
CYP3A4",HUMAN,BTM00009,C1CCC(CC1)C(CCN2CCCCC2)(C3=CC=C(C=C3)O)O,"InChI=1S/C20H31NO2/c22-19-11-9-18(10-12-19)20(23,17-7-3-1-4-8-17)13-16-21-14-5-2-6-15-21/h9-12,17,22-23H,1-8,13-16H2",BUTWYTDVSDQBQS-UHFFFAOYSA-N,4.150099999999999,317.23547923200005
"InChI=1S/C20H31NO3/c22-18-10-8-17(9-11-18)20(24,16-5-2-1-3-6-16)12-14-21-13-4-7-19(23)15-21/h8-11,16,19,22-24H,1-7,12-15H2",PDIKHMXTYKMUOY-UHFFFAOYSA-N,C1CCC(CC1)C(CCN2CC(CCC2)O)(C3=CC=C(C=C3)O)O,,,C20H31NO3,333.230393852,3.1831999999999967,0,1,1,BTM00103,BTM00103,Hydroxylation of heteroalicyclic secondary carbon,BTMR1071,CYP1A2,HUMAN,BTM00009,C1CCC(CC1)C(CCN2CCCCC2)(C3=CC=C(C=C3)O)O,"InChI=1S/C20H31NO2/c22-19-11-9-18(10-12-19)20(23,17-7-3-1-4-8-17)13-16-21-14-5-2-6-15-21/h9-12,17,22-23H,1-8,13-16H2",BUTWYTDVSDQBQS-UHFFFAOYSA-N,4.150099999999999,317.23547923200005
"InChI=1S/C20H31NO3/c22-18-11-9-17(10-12-18)20(24,16-7-3-1-4-8-16)15-19(23)21-13-5-2-6-14-21/h9-12,16,19,22-24H,1-8,13-15H2",WNXAYQMNRTZTCQ-UHFFFAOYSA-N,C1CCC(CC1)C(CC(N2CCCCC2)O)(C3=CC=C(C=C3)O)O,,,C20H31NO3,333.230393852,4.0036,0,1,1,BTM00104,BTM00104,Aliphatic hydroxylation of carbon alpha to secondary or tertiary alkyl-N,BTMR1081,"CYP2B6
CYP2C19
CYP2D6",HUMAN,BTM00009,C1CCC(CC1)C(CCN2CCCCC2)(C3=CC=C(C=C3)O)O,"InChI=1S/C20H31NO2/c22-19-11-9-18(10-12-19)20(23,17-7-3-1-4-8-17)13-16-21-14-5-2-6-15-21/h9-12,17,22-23H,1-8,13-16H2",BUTWYTDVSDQBQS-UHFFFAOYSA-N,4.150099999999999,317.23547923200005
"InChI=1S/C20H31NO3/c22-18-11-9-17(10-12-18)20(24,16-6-2-1-3-7-16)13-15-21-14-5-4-8-19(21)23/h9-12,16,19,22-24H,1-8,13-15H2",LADFDZUYLMTBRY-UHFFFAOYSA-N,C1CCC(CC1)C(CCN2C(CCCC2)O)(C3=CC=C(C=C3)O)O,,,C20H31NO3,333.230393852,3.5515999999999996,0,1,1,BTM00102,BTM00102,Aliphatic hydroxylation of carbon alpha to secondary or tertiary alkyl-N,BTMR1081,"CYP2B6
CYP2C19
CYP2D6",HUMAN,BTM00009,C1CCC(CC1)C(CCN2CCCCC2)(C3=CC=C(C=C3)O)O,"InChI=1S/C20H31NO2/c22-19-11-9-18(10-12-19)20(23,17-7-3-1-4-8-17)13-16-21-14-5-2-6-15-21/h9-12,17,22-23H,1-8,13-16H2",BUTWYTDVSDQBQS-UHFFFAOYSA-N,4.150099999999999,317.23547923200005
"InChI=1S/C20H29NO2/c22-19-11-9-18(10-12-19)20(23,17-7-3-1-4-8-17)13-16-21-14-5-2-6-15-21/h9-12,14,17,23H,1-8,13,15-16H2/p+1",KUBXXCFMMZNUHZ-UHFFFAOYSA-O,C1CCC(CC1)C(CC[N+]2=CCCCC2)(C3=CC=C(C=C3)O)O,,,[C20H30NO2]+,316.2276542,2.2259,0,0,0,BTM00105,BTM00105,Formation of imminium ion from N-substituted piperidine,BTMR1187,"CYP2C19
CYP3A4",HUMAN,BTM00009,C1CCC(CC1)C(CCN2CCCCC2)(C3=CC=C(C=C3)O)O,"InChI=1S/C20H31NO2/c22-19-11-9-18(10-12-19)20(23,17-7-3-1-4-8-17)13-16-21-14-5-2-6-15-21/h9-12,17,22-23H,1-8,13-16H2",BUTWYTDVSDQBQS-UHFFFAOYSA-N,4.150099999999999,317.23547923200005
"InChI=1S/C20H31NO4/c22-18-11-9-17(10-12-18)20(25,16-6-2-1-3-7-16)13-15-21-14-5-4-8-19(23)24/h9-12,16,21-22,25H,1-8,13-15H2,(H,23,24)",MDDMQALYHSISGC-UHFFFAOYSA-N,C1CCC(CC1)C(CCNCCCCC(O)=O)(C2=CC=C(C=C2)O)O,,,C20H31NO4,349.225308472,3.178700000000001,0,1,1,BTM00106,BTM00106,Ring opening of N-substituted piperidine,BTMR1188,CYP3A4,HUMAN,BTM00009,C1CCC(CC1)C(CCN2CCCCC2)(C3=CC=C(C=C3)O)O,"InChI=1S/C20H31NO2/c22-19-11-9-18(10-12-19)20(23,17-7-3-1-4-8-17)13-16-21-14-5-2-6-15-21/h9-12,17,22-23H,1-8,13-16H2",BUTWYTDVSDQBQS-UHFFFAOYSA-N,4.150099999999999,317.23547923200005
"InChI=1S/C20H31NO3/c22-18-11-5-4-10-17(18)20(24,16-8-2-1-3-9-16)13-15-21-14-7-6-12-19(21)23/h4-5,10-11,16,19,22-24H,1-3,6-9,12-15H2",GOXSKOQTNQAVBB-UHFFFAOYSA-N,C1CCC(CC1)C(CCN2C(CCCC2)O)(C3=C(C=CC=C3)O)O,,,C20H31NO3,333.230393852,3.5515999999999996,0,1,1,BTM00057,BTM00057,O-Hydroxylation of monosubstituted benzene,BTMR1034,"CYP1A2
CYP2C8
CYP2C9
CYP2C19
CYP3A4",HUMAN,BTM00010,C1CCC(CC1)C(CCN2C(CCCC2)O)(C3=CC=CC=C3)O,"InChI=1S/C20H31NO2/c22-19-13-7-8-15-21(19)16-14-20(23,17-9-3-1-4-10-17)18-11-5-2-6-12-18/h1,3-4,9-10,18-19,22-23H,2,5-8,11-16H2",RGEWLFCDFCFDNN-UHFFFAOYSA-N,3.8189999999999995,317.23547923200005
"InChI=1S/C20H31NO3/c22-18-11-9-17(10-12-18)20(24,16-6-2-1-3-7-16)13-15-21-14-5-4-8-19(21)23/h1-3,6-7,17-19,22-24H,4-5,8-15H2",PDTKPIKPIQANDD-UHFFFAOYSA-N,C1(CCC(CC1)C(CCN2C(CCCC2)O)(C3=CC=CC=C3)O)O,,,C20H31NO3,333.230393852,2.582099999999999,0,1,1,BTM00068,BTM00068,Hydroxylation of alicyclic secondary carbon,BTMR1068,"CYP1A2
CYP2C8
CYP2C9
CYP2C19
CYP2D6
CYP3A4",HUMAN,BTM00010,C1CCC(CC1)C(CCN2C(CCCC2)O)(C3=CC=CC=C3)O,"InChI=1S/C20H31NO2/c22-19-13-7-8-15-21(19)16-14-20(23,17-9-3-1-4-10-17)18-11-5-2-6-12-18/h1,3-4,9-10,18-19,22-23H,2,5-8,11-16H2",RGEWLFCDFCFDNN-UHFFFAOYSA-N,3.8189999999999995,317.23547923200005
"InChI=1S/C20H31NO3/c22-18-10-6-9-17(15-18)20(24,16-7-2-1-3-8-16)12-14-21-13-5-4-11-19(21)23/h1-3,7-8,17-19,22-24H,4-6,9-15H2",DYPVKRSQUXTGEF-UHFFFAOYSA-N,C1C(CC(CC1)C(CCN2C(CCCC2)O)(C3=CC=CC=C3)O)O,,,C20H31NO3,333.23039385199996,2.582099999999999,0,1,1,BTM00079,BTM00079,Hydroxylation of alicyclic secondary carbon,BTMR1068,"CYP1A2
CYP2C8
CYP2C9
CYP2C19
CYP2D6
CYP3A4",HUMAN,BTM00010,C1CCC(CC1)C(CCN2C(CCCC2)O)(C3=CC=CC=C3)O,"InChI=1S/C20H31NO2/c22-19-13-7-8-15-21(19)16-14-20(23,17-9-3-1-4-10-17)18-11-5-2-6-12-18/h1,3-4,9-10,18-19,22-23H,2,5-8,11-16H2",RGEWLFCDFCFDNN-UHFFFAOYSA-N,3.8189999999999995,317.23547923200005
"InChI=1S/C20H31NO3/c22-18-11-5-4-10-17(18)20(24,16-8-2-1-3-9-16)13-15-21-14-7-6-12-19(21)23/h1-3,8-9,17-19,22-24H,4-7,10-15H2",BPIANRWCYSGHOG-UHFFFAOYSA-N,C1CC(C(CC1)C(CCN2C(CCCC2)O)(C3=CC=CC=C3)O)O,,,C20H31NO3,333.230393852,2.5876999999999986,0,1,1,BTM00088,BTM00088,Hydroxylation of alicyclic secondary carbon,BTMR1068,"CYP1A2
CYP2C8
CYP2C9
CYP2C19
CYP2D6
CYP3A4",HUMAN,BTM00010,C1CCC(CC1)C(CCN2C(CCCC2)O)(C3=CC=CC=C3)O,"InChI=1S/C20H31NO2/c22-19-13-7-8-15-21(19)16-14-20(23,17-9-3-1-4-10-17)18-11-5-2-6-12-18/h1,3-4,9-10,18-19,22-23H,2,5-8,11-16H2",RGEWLFCDFCFDNN-UHFFFAOYSA-N,3.8189999999999995,317.23547923200005
"InChI=1S/C15H20O2/c16-12-11-15(17,13-7-3-1-4-8-13)14-9-5-2-6-10-14/h1,3-4,7-8,12,14,17H,2,5-6,9-11H2",NVDRYJFEOYDRHA-UHFFFAOYSA-N,C1CCC(CC1)C(CC=O)(C2=CC=CC=C2)O,,,C15H20O2,232.14632988,3.0508999999999995,0,0,0,BTM00007,BTM00007,N-Dealkylation of alicyclic tertiary amine,BTMR1144,"CYP1A2
CYP2A6
CYP2B6
CYP2C8
CYP2C9
CYP2C19
CYP2D6
CYP3A4",HUMAN,BTM00010,C1CCC(CC1)C(CCN2C(CCCC2)O)(C3=CC=CC=C3)O,"InChI=1S/C20H31NO2/c22-19-13-7-8-15-21(19)16-14-20(23,17-9-3-1-4-10-17)18-11-5-2-6-12-18/h1,3-4,9-10,18-19,22-23H,2,5-8,11-16H2",RGEWLFCDFCFDNN-UHFFFAOYSA-N,3.8189999999999995,317.23547923200005
"InChI=1S/C5H11NO/c7-5-3-1-2-4-6-5/h5-7H,1-4H2",LEGMHPGYPXPXKB-UHFFFAOYSA-N,N1C(CCCC1)O,,,C5H11NO,101.084063972,0.10289999999999994,0,0,0,BTM00098,BTM00098,N-Dealkylation of alicyclic tertiary amine,BTMR1144,"CYP1A2
CYP2A6
CYP2B6
CYP2C8
CYP2C9
CYP2C19
CYP2D6
CYP3A4",HUMAN,BTM00010,C1CCC(CC1)C(CCN2C(CCCC2)O)(C3=CC=CC=C3)O,"InChI=1S/C20H31NO2/c22-19-13-7-8-15-21(19)16-14-20(23,17-9-3-1-4-10-17)18-11-5-2-6-12-18/h1,3-4,9-10,18-19,22-23H,2,5-8,11-16H2",RGEWLFCDFCFDNN-UHFFFAOYSA-N,3.8189999999999995,317.23547923200005
"InChI=1S/C20H31NO3/c22-19-13-7-8-15-21(19,24)16-14-20(23,17-9-3-1-4-10-17)18-11-5-2-6-12-18/h1,3-4,9-10,18-19,22-23H,2,5-8,11-16H2",OMFSNWOTRVNPSR-UHFFFAOYSA-N,C1CCC(CC1)C(CC[N+]2(C(CCCC2)O)[O-])(C3=CC=CC=C3)O,,,C20H31NO3,333.230393852,3.413899999999999,0,0,0,BTM00094,BTM00094,N-Oxidation of aliphatic tertiary amine,BTMR1100,"CYP1A2
CYP2D6
CYP3A4",HUMAN,BTM00010,C1CCC(CC1)C(CCN2C(CCCC2)O)(C3=CC=CC=C3)O,"InChI=1S/C20H31NO2/c22-19-13-7-8-15-21(19)16-14-20(23,17-9-3-1-4-10-17)18-11-5-2-6-12-18/h1,3-4,9-10,18-19,22-23H,2,5-8,11-16H2",RGEWLFCDFCFDNN-UHFFFAOYSA-N,3.8189999999999995,317.23547923200005
"InChI=1S/C20H31NO3/c22-18-11-9-17(10-12-18)20(24,16-6-2-1-3-7-16)13-15-21-14-5-4-8-19(21)23/h9-12,16,19,22-24H,1-8,13-15H2",LADFDZUYLMTBRY-UHFFFAOYSA-N,C1CCC(CC1)C(CCN2C(CCCC2)O)(C3=CC=C(C=C3)O)O,,,C20H31NO3,333.230393852,3.5515999999999996,0,1,1,BTM00102,BTM00102,Hydroxylation of benzene on carbon para to electron donating group,BTMR1047,"CYP1A2
CYP2C8
CYP2C9
CYP2D6
CYP3A4",HUMAN,BTM00010,C1CCC(CC1)C(CCN2C(CCCC2)O)(C3=CC=CC=C3)O,"InChI=1S/C20H31NO2/c22-19-13-7-8-15-21(19)16-14-20(23,17-9-3-1-4-10-17)18-11-5-2-6-12-18/h1,3-4,9-10,18-19,22-23H,2,5-8,11-16H2",RGEWLFCDFCFDNN-UHFFFAOYSA-N,3.8189999999999995,317.23547923200005
"InChI=1S/C20H31NO3/c22-18-12-7-13-19(23)21(18)15-14-20(24,16-8-3-1-4-9-16)17-10-5-2-6-11-17/h1,3-4,8-9,17-19,22-24H,2,5-7,10-15H2",GKTGWVBAASDZSL-UHFFFAOYSA-N,C1CCC(CC1)C(CCN2C(CCCC2O)O)(C3=CC=CC=C3)O,,,C20H31NO3,333.230393852,3.2205,0,1,1,BTM00107,BTM00107,Hydroxylation of heteroalicyclic secondary carbon,BTMR1070,"CYP1A2
CYP2A6
CYP2C9
CYP2D6
CYP3A4",HUMAN,BTM00010,C1CCC(CC1)C(CCN2C(CCCC2)O)(C3=CC=CC=C3)O,"InChI=1S/C20H31NO2/c22-19-13-7-8-15-21(19)16-14-20(23,17-9-3-1-4-10-17)18-11-5-2-6-12-18/h1,3-4,9-10,18-19,22-23H,2,5-8,11-16H2",RGEWLFCDFCFDNN-UHFFFAOYSA-N,3.8189999999999995,317.23547923200005
"InChI=1S/C20H31NO3/c22-18-12-7-14-21(19(18)23)15-13-20(24,16-8-3-1-4-9-16)17-10-5-2-6-11-17/h1,3-4,8-9,17-19,22-24H,2,5-7,10-15H2",BMQSRVBSGXMNFZ-UHFFFAOYSA-N,C1CCC(CC1)C(CCN2C(C(CCC2)O)O)(C3=CC=CC=C3)O,,,C20H31NO3,333.230393852,3.110899999999998,0,1,1,BTM00108,BTM00108,Hydroxylation of heteroalicyclic secondary carbon,BTMR1071,CYP1A2,HUMAN,BTM00010,C1CCC(CC1)C(CCN2C(CCCC2)O)(C3=CC=CC=C3)O,"InChI=1S/C20H31NO2/c22-19-13-7-8-15-21(19)16-14-20(23,17-9-3-1-4-10-17)18-11-5-2-6-12-18/h1,3-4,9-10,18-19,22-23H,2,5-8,11-16H2",RGEWLFCDFCFDNN-UHFFFAOYSA-N,3.8189999999999995,317.23547923200005
"InChI=1S/C20H31NO3/c22-18-11-12-19(23)21(15-18)14-13-20(24,16-7-3-1-4-8-16)17-9-5-2-6-10-17/h1,3-4,7-8,17-19,22-24H,2,5-6,9-15H2",XNAPWMNTWSHMHS-UHFFFAOYSA-N,C1CCC(CC1)C(CCN2C(CCC(C2)O)O)(C3=CC=CC=C3)O,,,C20H31NO3,333.230393852,2.8520999999999987,0,1,1,BTM00109,BTM00109,Hydroxylation of heteroalicyclic secondary carbon,BTMR1071,CYP1A2,HUMAN,BTM00010,C1CCC(CC1)C(CCN2C(CCCC2)O)(C3=CC=CC=C3)O,"InChI=1S/C20H31NO2/c22-19-13-7-8-15-21(19)16-14-20(23,17-9-3-1-4-10-17)18-11-5-2-6-12-18/h1,3-4,9-10,18-19,22-23H,2,5-8,11-16H2",RGEWLFCDFCFDNN-UHFFFAOYSA-N,3.8189999999999995,317.23547923200005
"InChI=1S/C20H29NO2/c22-19-13-7-8-15-21(19)16-14-20(23,17-9-3-1-4-10-17)18-11-5-2-6-12-18/h1,3-4,9-10,18,23H,2,5-8,11-16H2/p+1",HFHFWLUQSZJBDZ-UHFFFAOYSA-O,C1CCC(CC1)C(CC[N+]2=C(CCCC2)O)(C3=CC=CC=C3)O,,,[C20H30NO2]+,316.2276542,2.1018999999999997,0,0,0,BTM00110,BTM00110,Formation of imminium ion from N-substituted piperidine,BTMR1187,"CYP2C19
CYP3A4",HUMAN,BTM00010,C1CCC(CC1)C(CCN2C(CCCC2)O)(C3=CC=CC=C3)O,"InChI=1S/C20H31NO2/c22-19-13-7-8-15-21(19)16-14-20(23,17-9-3-1-4-10-17)18-11-5-2-6-12-18/h1,3-4,9-10,18-19,22-23H,2,5-8,11-16H2",RGEWLFCDFCFDNN-UHFFFAOYSA-N,3.8189999999999995,317.23547923200005
"InChI=1S/C20H30NO2/c22-19-13-7-8-15-21(19)16-14-20(23,17-9-3-1-4-10-17)18-11-5-2-6-12-18/h1,3-4,9-10,15,18-19,22-23H,2,5-8,11-14,16H2/q+1",CWWFEBRHRAQMCI-UHFFFAOYSA-N,C1CCC(CC1)C(CC[N+]=2C(CCCC2)O)(C3=CC=CC=C3)O,,,[C20H30NO2]+,316.22765419999996,1.8947999999999994,0,0,0,BTM00111,BTM00111,Formation of imminium ion from N-substituted piperidine,BTMR1187,"CYP2C19
CYP3A4",HUMAN,BTM00010,C1CCC(CC1)C(CCN2C(CCCC2)O)(C3=CC=CC=C3)O,"InChI=1S/C20H31NO2/c22-19-13-7-8-15-21(19)16-14-20(23,17-9-3-1-4-10-17)18-11-5-2-6-12-18/h1,3-4,9-10,18-19,22-23H,2,5-8,11-16H2",RGEWLFCDFCFDNN-UHFFFAOYSA-N,3.8189999999999995,317.23547923200005
"InChI=1S/C20H31NO3/c22-17-9-6-13-21(15-17)14-12-20(24,16-7-2-1-3-8-16)18-10-4-5-11-19(18)23/h4-5,10-11,16-17,22-24H,1-3,6-9,12-15H2",COGMUZSLFZDOAB-UHFFFAOYSA-N,C1CCC(CC1)C(CCN2CC(CCC2)O)(C3=C(C=CC=C3)O)O,,,C20H31NO3,333.230393852,3.1831999999999967,0,1,1,BTM00058,BTM00058,O-Hydroxylation of monosubstituted benzene,BTMR1034,"CYP1A2
CYP2C8
CYP2C9
CYP2C19
CYP3A4",HUMAN,BTM00011,C1CCC(CC1)C(CCN2CC(CCC2)O)(C3=CC=CC=C3)O,"InChI=1S/C20H31NO2/c22-19-12-7-14-21(16-19)15-13-20(23,17-8-3-1-4-9-17)18-10-5-2-6-11-18/h1,3-4,8-9,18-19,22-23H,2,5-7,10-16H2",PDCKNECXIOAQLY-UHFFFAOYSA-N,3.4505999999999957,317.23547923200005
"InChI=1S/C20H29NO2/c22-19-12-7-14-21(16-19)15-13-20(23,17-8-3-1-4-9-17)18-10-5-2-6-11-18/h1,3-4,8-9,18,23H,2,5-7,10-16H2",JECAGLXSICVWSD-UHFFFAOYSA-N,C1CCC(CC1)C(CCN2CC(CCC2)=O)(C3=CC=CC=C3)O,,,C20H29NO2,315.219829168,3.4110999999999962,0,0,0,BTM00112,BTM00112,Oxidation of secondary alcohol to ketone,BTMR0079,"CYP1A2
CYP2C9
CYP2C19",HUMAN,BTM00011,C1CCC(CC1)C(CCN2CC(CCC2)O)(C3=CC=CC=C3)O,"InChI=1S/C20H31NO2/c22-19-12-7-14-21(16-19)15-13-20(23,17-8-3-1-4-9-17)18-10-5-2-6-11-18/h1,3-4,8-9,18-19,22-23H,2,5-7,10-16H2",PDCKNECXIOAQLY-UHFFFAOYSA-N,3.4505999999999957,317.23547923200005
"InChI=1S/C20H31NO3/c22-18-10-8-17(9-11-18)20(24,16-5-2-1-3-6-16)12-14-21-13-4-7-19(23)15-21/h1-3,5-6,17-19,22-24H,4,7-15H2",GUPUBBINGHIFBQ-UHFFFAOYSA-N,C1(CCC(CC1)C(CCN2CC(CCC2)O)(C3=CC=CC=C3)O)O,,,C20H31NO3,333.230393852,2.213699999999998,0,1,1,BTM00069,BTM00069,Hydroxylation of alicyclic secondary carbon,BTMR1068,"CYP1A2
CYP2C8
CYP2C9
CYP2C19
CYP2D6
CYP3A4",HUMAN,BTM00011,C1CCC(CC1)C(CCN2CC(CCC2)O)(C3=CC=CC=C3)O,"InChI=1S/C20H31NO2/c22-19-12-7-14-21(16-19)15-13-20(23,17-8-3-1-4-9-17)18-10-5-2-6-11-18/h1,3-4,8-9,18-19,22-23H,2,5-7,10-16H2",PDCKNECXIOAQLY-UHFFFAOYSA-N,3.4505999999999957,317.23547923200005
"InChI=1S/C20H31NO3/c22-18-9-4-8-17(14-18)20(24,16-6-2-1-3-7-16)11-13-21-12-5-10-19(23)15-21/h1-3,6-7,17-19,22-24H,4-5,8-15H2",AGCLVESTISJXLD-UHFFFAOYSA-N,C1C(CC(CC1)C(CCN2CC(CCC2)O)(C3=CC=CC=C3)O)O,,,C20H31NO3,333.230393852,2.213699999999998,0,1,1,BTM00080,BTM00080,Hydroxylation of alicyclic secondary carbon,BTMR1068,"CYP1A2
CYP2C8
CYP2C9
CYP2C19
CYP2D6
CYP3A4",HUMAN,BTM00011,C1CCC(CC1)C(CCN2CC(CCC2)O)(C3=CC=CC=C3)O,"InChI=1S/C20H31NO2/c22-19-12-7-14-21(16-19)15-13-20(23,17-8-3-1-4-9-17)18-10-5-2-6-11-18/h1,3-4,8-9,18-19,22-23H,2,5-7,10-16H2",PDCKNECXIOAQLY-UHFFFAOYSA-N,3.4505999999999957,317.23547923200005
"InChI=1S/C20H31NO3/c22-17-9-6-13-21(15-17)14-12-20(24,16-7-2-1-3-8-16)18-10-4-5-11-19(18)23/h1-3,7-8,17-19,22-24H,4-6,9-15H2",HISPUUGTSPTIGB-UHFFFAOYSA-N,C1CC(C(CC1)C(CCN2CC(CCC2)O)(C3=CC=CC=C3)O)O,,,C20H31NO3,333.230393852,2.2192999999999996,0,1,1,BTM00089,BTM00089,Hydroxylation of alicyclic secondary carbon,BTMR1068,"CYP1A2
CYP2C8
CYP2C9
CYP2C19
CYP2D6
CYP3A4",HUMAN,BTM00011,C1CCC(CC1)C(CCN2CC(CCC2)O)(C3=CC=CC=C3)O,"InChI=1S/C20H31NO2/c22-19-12-7-14-21(16-19)15-13-20(23,17-8-3-1-4-9-17)18-10-5-2-6-11-18/h1,3-4,8-9,18-19,22-23H,2,5-7,10-16H2",PDCKNECXIOAQLY-UHFFFAOYSA-N,3.4505999999999957,317.23547923200005
"InChI=1S/C20H31NO3/c22-19-12-7-14-21(24,16-19)15-13-20(23,17-8-3-1-4-9-17)18-10-5-2-6-11-18/h1,3-4,8-9,18-19,22-23H,2,5-7,10-16H2",NYDXXJBJSRAWGG-UHFFFAOYSA-N,C1CCC(CC1)C(CC[N+]2(CC(CCC2)O)[O-])(C3=CC=CC=C3)O,,,C20H31NO3,333.230393852,3.045499999999996,0,0,0,BTM00095,BTM00095,N-Oxidation of alicyclic tertiary amine,BTMR1099,"CYP1A2
CYP2C8
CYP2C19
CYP2D6
CYP3A4",HUMAN,BTM00011,C1CCC(CC1)C(CCN2CC(CCC2)O)(C3=CC=CC=C3)O,"InChI=1S/C20H31NO2/c22-19-12-7-14-21(16-19)15-13-20(23,17-8-3-1-4-9-17)18-10-5-2-6-11-18/h1,3-4,8-9,18-19,22-23H,2,5-7,10-16H2",PDCKNECXIOAQLY-UHFFFAOYSA-N,3.4505999999999957,317.23547923200005
"InChI=1S/C15H20O2/c16-12-11-15(17,13-7-3-1-4-8-13)14-9-5-2-6-10-14/h1,3-4,7-8,12,14,17H,2,5-6,9-11H2",NVDRYJFEOYDRHA-UHFFFAOYSA-N,C1CCC(CC1)C(CC=O)(C2=CC=CC=C2)O,,,C15H20O2,232.14632988,3.0508999999999995,0,0,0,BTM00007,BTM00007,N-Dealkylation of alicyclic tertiary amine,BTMR1144,"CYP1A2
CYP2A6
CYP2B6
CYP2C8
CYP2C9
CYP2C19
CYP2D6
CYP3A4",HUMAN,BTM00011,C1CCC(CC1)C(CCN2CC(CCC2)O)(C3=CC=CC=C3)O,"InChI=1S/C20H31NO2/c22-19-12-7-14-21(16-19)15-13-20(23,17-8-3-1-4-9-17)18-10-5-2-6-11-18/h1,3-4,8-9,18-19,22-23H,2,5-7,10-16H2",PDCKNECXIOAQLY-UHFFFAOYSA-N,3.4505999999999957,317.23547923200005
"InChI=1S/C5H11NO/c7-5-2-1-3-6-4-5/h5-7H,1-4H2",BIWOSRSKDCZIFM-UHFFFAOYSA-N,N1CC(CCC1)O,,,C5H11NO,101.084063972,-0.26550000000000057,0,0,0,BTM00099,BTM00099,N-Dealkylation of alicyclic tertiary amine,BTMR1144,"CYP1A2
CYP2A6
CYP2B6
CYP2C8
CYP2C9
CYP2C19
CYP2D6
CYP3A4",HUMAN,BTM00011,C1CCC(CC1)C(CCN2CC(CCC2)O)(C3=CC=CC=C3)O,"InChI=1S/C20H31NO2/c22-19-12-7-14-21(16-19)15-13-20(23,17-8-3-1-4-9-17)18-10-5-2-6-11-18/h1,3-4,8-9,18-19,22-23H,2,5-7,10-16H2",PDCKNECXIOAQLY-UHFFFAOYSA-N,3.4505999999999957,317.23547923200005
"InChI=1S/C20H31NO3/c22-18-10-8-17(9-11-18)20(24,16-5-2-1-3-6-16)12-14-21-13-4-7-19(23)15-21/h8-11,16,19,22-24H,1-7,12-15H2",PDIKHMXTYKMUOY-UHFFFAOYSA-N,C1CCC(CC1)C(CCN2CC(CCC2)O)(C3=CC=C(C=C3)O)O,,,C20H31NO3,333.230393852,3.1831999999999967,0,1,1,BTM00103,BTM00103,Hydroxylation of benzene on carbon para to electron donating group,BTMR1047,"CYP1A2
CYP2C8
CYP2C9
CYP2D6
CYP3A4",HUMAN,BTM00011,C1CCC(CC1)C(CCN2CC(CCC2)O)(C3=CC=CC=C3)O,"InChI=1S/C20H31NO2/c22-19-12-7-14-21(16-19)15-13-20(23,17-8-3-1-4-9-17)18-10-5-2-6-11-18/h1,3-4,8-9,18-19,22-23H,2,5-7,10-16H2",PDCKNECXIOAQLY-UHFFFAOYSA-N,3.4505999999999957,317.23547923200005
"InChI=1S/C20H31NO3/c22-18-12-7-14-21(19(18)23)15-13-20(24,16-8-3-1-4-9-16)17-10-5-2-6-11-17/h1,3-4,8-9,17-19,22-24H,2,5-7,10-15H2",BMQSRVBSGXMNFZ-UHFFFAOYSA-N,C1CCC(CC1)C(CCN2C(C(CCC2)O)O)(C3=CC=CC=C3)O,,,C20H31NO3,333.230393852,3.110899999999998,0,1,1,BTM00108,BTM00108,Hydroxylation of heteroalicyclic secondary carbon,BTMR1070,"CYP1A2
CYP2A6
CYP2C9
CYP2D6
CYP3A4",HUMAN,BTM00011,C1CCC(CC1)C(CCN2CC(CCC2)O)(C3=CC=CC=C3)O,"InChI=1S/C20H31NO2/c22-19-12-7-14-21(16-19)15-13-20(23,17-8-3-1-4-9-17)18-10-5-2-6-11-18/h1,3-4,8-9,18-19,22-23H,2,5-7,10-16H2",PDCKNECXIOAQLY-UHFFFAOYSA-N,3.4505999999999957,317.23547923200005
"InChI=1S/C20H31NO3/c22-18-11-12-19(23)21(15-18)14-13-20(24,16-7-3-1-4-8-16)17-9-5-2-6-10-17/h1,3-4,7-8,17-19,22-24H,2,5-6,9-15H2",XNAPWMNTWSHMHS-UHFFFAOYSA-N,C1CCC(CC1)C(CCN2C(CCC(C2)O)O)(C3=CC=CC=C3)O,,,C20H31NO3,333.230393852,2.8520999999999987,0,1,1,BTM00109,BTM00109,Hydroxylation of heteroalicyclic secondary carbon,BTMR1070,"CYP1A2
CYP2A6
CYP2C9
CYP2D6
CYP3A4",HUMAN,BTM00011,C1CCC(CC1)C(CCN2CC(CCC2)O)(C3=CC=CC=C3)O,"InChI=1S/C20H31NO2/c22-19-12-7-14-21(16-19)15-13-20(23,17-8-3-1-4-9-17)18-10-5-2-6-11-18/h1,3-4,8-9,18-19,22-23H,2,5-7,10-16H2",PDCKNECXIOAQLY-UHFFFAOYSA-N,3.4505999999999957,317.23547923200005
"InChI=1S/C20H31NO3/c22-18-13-19(23)15-21(14-18)12-11-20(24,16-7-3-1-4-8-16)17-9-5-2-6-10-17/h1,3-4,7-8,17-19,22-24H,2,5-6,9-15H2",MQMPJGOINSFXON-UHFFFAOYSA-N,C1CCC(CC1)C(CCN2CC(CC(C2)O)O)(C3=CC=CC=C3)O,,,C20H31NO3,333.230393852,2.3598999999999983,0,1,1,BTM00113,BTM00113,Hydroxylation of heteroalicyclic secondary carbon,BTMR1071,CYP1A2,HUMAN,BTM00011,C1CCC(CC1)C(CCN2CC(CCC2)O)(C3=CC=CC=C3)O,"InChI=1S/C20H31NO2/c22-19-12-7-14-21(16-19)15-13-20(23,17-8-3-1-4-9-17)18-10-5-2-6-11-18/h1,3-4,8-9,18-19,22-23H,2,5-7,10-16H2",PDCKNECXIOAQLY-UHFFFAOYSA-N,3.4505999999999957,317.23547923200005
"InChI=1S/C20H31NO3/c22-18-12-7-13-21(15-18)19(23)14-20(24,16-8-3-1-4-9-16)17-10-5-2-6-11-17/h1,3-4,8-9,17-19,22-24H,2,5-7,10-15H2",FVKCNXSJRRAAIA-UHFFFAOYSA-N,C1CCC(CC1)C(CC(N2CC(CCC2)O)O)(C3=CC=CC=C3)O,,,C20H31NO3,333.230393852,3.304099999999998,0,1,1,BTM00114,BTM00114,Aliphatic hydroxylation of carbon alpha to secondary or tertiary alkyl-N,BTMR1081,"CYP2B6
CYP2C19
CYP2D6",HUMAN,BTM00011,C1CCC(CC1)C(CCN2CC(CCC2)O)(C3=CC=CC=C3)O,"InChI=1S/C20H31NO2/c22-19-12-7-14-21(16-19)15-13-20(23,17-8-3-1-4-9-17)18-10-5-2-6-11-18/h1,3-4,8-9,18-19,22-23H,2,5-7,10-16H2",PDCKNECXIOAQLY-UHFFFAOYSA-N,3.4505999999999957,317.23547923200005
"InChI=1S/C20H31NO3/c22-18-12-7-14-21(19(18)23)15-13-20(24,16-8-3-1-4-9-16)17-10-5-2-6-11-17/h1,3-4,8-9,17-19,22-24H,2,5-7,10-15H2",BMQSRVBSGXMNFZ-UHFFFAOYSA-N,C1CCC(CC1)C(CCN2C(C(CCC2)O)O)(C3=CC=CC=C3)O,,,C20H31NO3,333.230393852,3.110899999999998,0,1,1,BTM00108,BTM00108,Aliphatic hydroxylation of carbon alpha to secondary or tertiary alkyl-N,BTMR1081,"CYP2B6
CYP2C19
CYP2D6",HUMAN,BTM00011,C1CCC(CC1)C(CCN2CC(CCC2)O)(C3=CC=CC=C3)O,"InChI=1S/C20H31NO2/c22-19-12-7-14-21(16-19)15-13-20(23,17-8-3-1-4-9-17)18-10-5-2-6-11-18/h1,3-4,8-9,18-19,22-23H,2,5-7,10-16H2",PDCKNECXIOAQLY-UHFFFAOYSA-N,3.4505999999999957,317.23547923200005
"InChI=1S/C20H31NO3/c22-18-11-12-19(23)21(15-18)14-13-20(24,16-7-3-1-4-8-16)17-9-5-2-6-10-17/h1,3-4,7-8,17-19,22-24H,2,5-6,9-15H2",XNAPWMNTWSHMHS-UHFFFAOYSA-N,C1CCC(CC1)C(CCN2C(CCC(C2)O)O)(C3=CC=CC=C3)O,,,C20H31NO3,333.230393852,2.8520999999999987,0,1,1,BTM00109,BTM00109,Aliphatic hydroxylation of carbon alpha to secondary or tertiary alkyl-N,BTMR1081,"CYP2B6
CYP2C19
CYP2D6",HUMAN,BTM00011,C1CCC(CC1)C(CCN2CC(CCC2)O)(C3=CC=CC=C3)O,"InChI=1S/C20H31NO2/c22-19-12-7-14-21(16-19)15-13-20(23,17-8-3-1-4-9-17)18-10-5-2-6-11-18/h1,3-4,8-9,18-19,22-23H,2,5-7,10-16H2",PDCKNECXIOAQLY-UHFFFAOYSA-N,3.4505999999999957,317.23547923200005
"InChI=1S/C20H30NO2/c22-19-12-7-14-21(16-19)15-13-20(23,17-8-3-1-4-9-17)18-10-5-2-6-11-18/h1,3-4,8-9,16,18-19,22-23H,2,5-7,10-15H2/q+1",SPGPXZPMJAGDBK-UHFFFAOYSA-N,C1CCC(CC1)C(CC[N+]2=CC(CCC2)O)(C3=CC=CC=C3)O,,,[C20H30NO2]+,316.2276542,1.8127999999999986,0,0,0,BTM00115,BTM00115,Formation of imminium ion from N-substituted piperidine,BTMR1187,"CYP2C19
CYP3A4",HUMAN,BTM00011,C1CCC(CC1)C(CCN2CC(CCC2)O)(C3=CC=CC=C3)O,"InChI=1S/C20H31NO2/c22-19-12-7-14-21(16-19)15-13-20(23,17-8-3-1-4-9-17)18-10-5-2-6-11-18/h1,3-4,8-9,18-19,22-23H,2,5-7,10-16H2",PDCKNECXIOAQLY-UHFFFAOYSA-N,3.4505999999999957,317.23547923200005
"InChI=1S/C20H30NO2/c22-19-12-7-14-21(16-19)15-13-20(23,17-8-3-1-4-9-17)18-10-5-2-6-11-18/h1,3-4,8-9,14,18-19,22-23H,2,5-7,10-13,15-16H2/q+1",OCINCWQSXUKIFN-UHFFFAOYSA-N,C1CCC(CC1)C(CC[N+]=2CC(CCC2)O)(C3=CC=CC=C3)O,,,[C20H30NO2]+,316.2276542,1.5263999999999982,0,0,0,BTM00116,BTM00116,Formation of imminium ion from N-substituted piperidine,BTMR1187,"CYP2C19
CYP3A4",HUMAN,BTM00011,C1CCC(CC1)C(CCN2CC(CCC2)O)(C3=CC=CC=C3)O,"InChI=1S/C20H31NO2/c22-19-12-7-14-21(16-19)15-13-20(23,17-8-3-1-4-9-17)18-10-5-2-6-11-18/h1,3-4,8-9,18-19,22-23H,2,5-7,10-16H2",PDCKNECXIOAQLY-UHFFFAOYSA-N,3.4505999999999957,317.23547923200005
"InChI=1S/C20H31NO3/c22-18-12-6-5-11-17(18)20(24,16-9-3-1-4-10-16)15-19(23)21-13-7-2-8-14-21/h5-6,11-12,16,19,22-24H,1-4,7-10,13-15H2",GQKWOYAFRMHBMG-UHFFFAOYSA-N,C1CCC(CC1)C(CC(N2CCCCC2)O)(C3=C(C=CC=C3)O)O,,,C20H31NO3,333.230393852,4.0036,0,1,1,BTM00060,BTM00060,O-Hydroxylation of monosubstituted benzene,BTMR1034,"CYP1A2
CYP2C8
CYP2C9
CYP2C19
CYP3A4",HUMAN,BTM00012,C1CCC(CC1)C(CC(N2CCCCC2)O)(C3=CC=CC=C3)O,"InChI=1S/C20H31NO2/c22-19(21-14-8-3-9-15-21)16-20(23,17-10-4-1-5-11-17)18-12-6-2-7-13-18/h1,4-5,10-11,18-19,22-23H,2-3,6-9,12-16H2",DSMFUOGEYYTIKE-UHFFFAOYSA-N,4.270999999999999,317.235479232
"InChI=1S/C20H31NO3/c22-18-11-9-17(10-12-18)20(24,16-7-3-1-4-8-16)15-19(23)21-13-5-2-6-14-21/h1,3-4,7-8,17-19,22-24H,2,5-6,9-15H2",SRUBXOSLMALBQP-UHFFFAOYSA-N,C1(CCC(CC1)C(CC(N2CCCCC2)O)(C3=CC=CC=C3)O)O,,,C20H31NO3,333.23039385199996,3.034099999999999,0,1,1,BTM00070,BTM00070,Hydroxylation of alicyclic secondary carbon,BTMR1068,"CYP1A2
CYP2C8
CYP2C9
CYP2C19
CYP2D6
CYP3A4",HUMAN,BTM00012,C1CCC(CC1)C(CC(N2CCCCC2)O)(C3=CC=CC=C3)O,"InChI=1S/C20H31NO2/c22-19(21-14-8-3-9-15-21)16-20(23,17-10-4-1-5-11-17)18-12-6-2-7-13-18/h1,4-5,10-11,18-19,22-23H,2-3,6-9,12-16H2",DSMFUOGEYYTIKE-UHFFFAOYSA-N,4.270999999999999,317.235479232
"InChI=1S/C20H31NO3/c22-18-11-7-10-17(14-18)20(24,16-8-3-1-4-9-16)15-19(23)21-12-5-2-6-13-21/h1,3-4,8-9,17-19,22-24H,2,5-7,10-15H2",RXOVSJJDBJJSID-UHFFFAOYSA-N,C1C(CC(CC1)C(CC(N2CCCCC2)O)(C3=CC=CC=C3)O)O,,,C20H31NO3,333.230393852,3.034099999999999,0,1,1,BTM00081,BTM00081,Hydroxylation of alicyclic secondary carbon,BTMR1068,"CYP1A2
CYP2C8
CYP2C9
CYP2C19
CYP2D6
CYP3A4",HUMAN,BTM00012,C1CCC(CC1)C(CC(N2CCCCC2)O)(C3=CC=CC=C3)O,"InChI=1S/C20H31NO2/c22-19(21-14-8-3-9-15-21)16-20(23,17-10-4-1-5-11-17)18-12-6-2-7-13-18/h1,4-5,10-11,18-19,22-23H,2-3,6-9,12-16H2",DSMFUOGEYYTIKE-UHFFFAOYSA-N,4.270999999999999,317.235479232
"InChI=1S/C20H31NO3/c22-18-12-6-5-11-17(18)20(24,16-9-3-1-4-10-16)15-19(23)21-13-7-2-8-14-21/h1,3-4,9-10,17-19,22-24H,2,5-8,11-15H2",KTNUQOPIZHJIME-UHFFFAOYSA-N,C1CC(C(CC1)C(CC(N2CCCCC2)O)(C3=CC=CC=C3)O)O,,,C20H31NO3,333.230393852,3.0396999999999994,0,1,1,BTM00090,BTM00090,Hydroxylation of alicyclic secondary carbon,BTMR1068,"CYP1A2
CYP2C8
CYP2C9
CYP2C19
CYP2D6
CYP3A4",HUMAN,BTM00012,C1CCC(CC1)C(CC(N2CCCCC2)O)(C3=CC=CC=C3)O,"InChI=1S/C20H31NO2/c22-19(21-14-8-3-9-15-21)16-20(23,17-10-4-1-5-11-17)18-12-6-2-7-13-18/h1,4-5,10-11,18-19,22-23H,2-3,6-9,12-16H2",DSMFUOGEYYTIKE-UHFFFAOYSA-N,4.270999999999999,317.235479232
"InChI=1S/C15H20O3/c16-14(17)11-15(18,12-7-3-1-4-8-12)13-9-5-2-6-10-13/h1,3-4,7-8,13,18H,2,5-6,9-11H2,(H,16,17)",XWFDNJOSAQOKSJ-UHFFFAOYSA-N,C1CCC(CC1)C(CC(=O)O)(C2=CC=CC=C2)O,,,C15H20O3,248.14124449999997,3.0034999999999994,0,0,0,BTM00033,BTM00033,N-Dealkylation of alicyclic tertiary amine,BTMR1144,"CYP1A2
CYP2A6
CYP2B6
CYP2C8
CYP2C9
CYP2C19
CYP2D6
CYP3A4",HUMAN,BTM00012,C1CCC(CC1)C(CC(N2CCCCC2)O)(C3=CC=CC=C3)O,"InChI=1S/C20H31NO2/c22-19(21-14-8-3-9-15-21)16-20(23,17-10-4-1-5-11-17)18-12-6-2-7-13-18/h1,4-5,10-11,18-19,22-23H,2-3,6-9,12-16H2",DSMFUOGEYYTIKE-UHFFFAOYSA-N,4.270999999999999,317.235479232
"InChI=1S/C5H11N/c1-2-4-6-5-3-1/h6H,1-5H2",NQRYJNQNLNOLGT-UHFFFAOYSA-N,N1CCCCC1,,,C5H11N,85.08914935199999,0.7014000000000005,0,0,0,BTM00008,BTM00008,N-Dealkylation of alicyclic tertiary amine,BTMR1144,"CYP1A2
CYP2A6
CYP2B6
CYP2C8
CYP2C9
CYP2C19
CYP2D6
CYP3A4",HUMAN,BTM00012,C1CCC(CC1)C(CC(N2CCCCC2)O)(C3=CC=CC=C3)O,"InChI=1S/C20H31NO2/c22-19(21-14-8-3-9-15-21)16-20(23,17-10-4-1-5-11-17)18-12-6-2-7-13-18/h1,4-5,10-11,18-19,22-23H,2-3,6-9,12-16H2",DSMFUOGEYYTIKE-UHFFFAOYSA-N,4.270999999999999,317.235479232
"InChI=1S/C20H31NO3/c22-19(21(24)14-8-3-9-15-21)16-20(23,17-10-4-1-5-11-17)18-12-6-2-7-13-18/h1,4-5,10-11,18-19,22-23H,2-3,6-9,12-16H2",DWNIIZBDUJPMLC-UHFFFAOYSA-N,C1CCC(CC1)C(CC([N+]2(CCCCC2)[O-])O)(C3=CC=CC=C3)O,,,C20H31NO3,333.230393852,3.865899999999999,0,0,0,BTM00117,BTM00117,N-Oxidation of aliphatic tertiary amine,BTMR1100,"CYP1A2
CYP2D6
CYP3A4",HUMAN,BTM00012,C1CCC(CC1)C(CC(N2CCCCC2)O)(C3=CC=CC=C3)O,"InChI=1S/C20H31NO2/c22-19(21-14-8-3-9-15-21)16-20(23,17-10-4-1-5-11-17)18-12-6-2-7-13-18/h1,4-5,10-11,18-19,22-23H,2-3,6-9,12-16H2",DSMFUOGEYYTIKE-UHFFFAOYSA-N,4.270999999999999,317.235479232
"InChI=1S/C20H31NO3/c22-18-11-9-17(10-12-18)20(24,16-7-3-1-4-8-16)15-19(23)21-13-5-2-6-14-21/h9-12,16,19,22-24H,1-8,13-15H2",WNXAYQMNRTZTCQ-UHFFFAOYSA-N,C1CCC(CC1)C(CC(N2CCCCC2)O)(C3=CC=C(C=C3)O)O,,,C20H31NO3,333.230393852,4.0036,0,1,1,BTM00104,BTM00104,Hydroxylation of benzene on carbon para to electron donating group,BTMR1047,"CYP1A2
CYP2C8
CYP2C9
CYP2D6
CYP3A4",HUMAN,BTM00012,C1CCC(CC1)C(CC(N2CCCCC2)O)(C3=CC=CC=C3)O,"InChI=1S/C20H31NO2/c22-19(21-14-8-3-9-15-21)16-20(23,17-10-4-1-5-11-17)18-12-6-2-7-13-18/h1,4-5,10-11,18-19,22-23H,2-3,6-9,12-16H2",DSMFUOGEYYTIKE-UHFFFAOYSA-N,4.270999999999999,317.235479232
"InChI=1S/C20H31NO3/c22-18-13-7-8-14-21(18)19(23)15-20(24,16-9-3-1-4-10-16)17-11-5-2-6-12-17/h1,3-4,9-10,17-19,22-24H,2,5-8,11-15H2",OUQMVZQSWRTRJC-UHFFFAOYSA-N,C1CCC(CC1)C(CC(N2C(CCCC2)O)O)(C3=CC=CC=C3)O,,,C20H31NO3,333.230393852,3.6725,0,1,1,BTM00118,BTM00118,Hydroxylation of heteroalicyclic secondary carbon,BTMR1070,"CYP1A2
CYP2A6
CYP2C9
CYP2D6
CYP3A4",HUMAN,BTM00012,C1CCC(CC1)C(CC(N2CCCCC2)O)(C3=CC=CC=C3)O,"InChI=1S/C20H31NO2/c22-19(21-14-8-3-9-15-21)16-20(23,17-10-4-1-5-11-17)18-12-6-2-7-13-18/h1,4-5,10-11,18-19,22-23H,2-3,6-9,12-16H2",DSMFUOGEYYTIKE-UHFFFAOYSA-N,4.270999999999999,317.235479232
"InChI=1S/C20H31NO3/c22-18-12-7-13-21(15-18)19(23)14-20(24,16-8-3-1-4-9-16)17-10-5-2-6-11-17/h1,3-4,8-9,17-19,22-24H,2,5-7,10-15H2",FVKCNXSJRRAAIA-UHFFFAOYSA-N,C1CCC(CC1)C(CC(N2CC(CCC2)O)O)(C3=CC=CC=C3)O,,,C20H31NO3,333.230393852,3.304099999999998,0,1,1,BTM00114,BTM00114,Hydroxylation of heteroalicyclic secondary carbon,BTMR1071,CYP1A2,HUMAN,BTM00012,C1CCC(CC1)C(CC(N2CCCCC2)O)(C3=CC=CC=C3)O,"InChI=1S/C20H31NO2/c22-19(21-14-8-3-9-15-21)16-20(23,17-10-4-1-5-11-17)18-12-6-2-7-13-18/h1,4-5,10-11,18-19,22-23H,2-3,6-9,12-16H2",DSMFUOGEYYTIKE-UHFFFAOYSA-N,4.270999999999999,317.235479232
"InChI=1S/C20H30NO2/c22-19(21-14-8-3-9-15-21)16-20(23,17-10-4-1-5-11-17)18-12-6-2-7-13-18/h1,4-5,10-11,14,18-19,22-23H,2-3,6-9,12-13,15-16H2/q+1",CUAHPOAHIAKPKI-UHFFFAOYSA-N,C1CCC(CC1)C(CC([N+]2=CCCCC2)O)(C3=CC=CC=C3)O,,,[C20H30NO2]+,316.22765419999996,2.3468,0,0,0,BTM00119,BTM00119,Formation of imminium ion from N-substituted piperidine,BTMR1187,"CYP2C19
CYP3A4",HUMAN,BTM00012,C1CCC(CC1)C(CC(N2CCCCC2)O)(C3=CC=CC=C3)O,"InChI=1S/C20H31NO2/c22-19(21-14-8-3-9-15-21)16-20(23,17-10-4-1-5-11-17)18-12-6-2-7-13-18/h1,4-5,10-11,18-19,22-23H,2-3,6-9,12-16H2",DSMFUOGEYYTIKE-UHFFFAOYSA-N,4.270999999999999,317.235479232
"InChI=1S/C20H31NO4/c22-18(21-14-8-7-13-19(23)24)15-20(25,16-9-3-1-4-10-16)17-11-5-2-6-12-17/h1,3-4,9-10,17-18,21-22,25H,2,5-8,11-15H2,(H,23,24)",AFAPNOZXVOWUAN-UHFFFAOYSA-N,C1CCC(CC1)C(CC(NCCCCC(O)=O)O)(C2=CC=CC=C2)O,,,C20H31NO4,349.22530847200005,3.2996,0,1,1,BTM00120,BTM00120,Ring opening of N-substituted piperidine,BTMR1188,CYP3A4,HUMAN,BTM00012,C1CCC(CC1)C(CC(N2CCCCC2)O)(C3=CC=CC=C3)O,"InChI=1S/C20H31NO2/c22-19(21-14-8-3-9-15-21)16-20(23,17-10-4-1-5-11-17)18-12-6-2-7-13-18/h1,4-5,10-11,18-19,22-23H,2-3,6-9,12-16H2",DSMFUOGEYYTIKE-UHFFFAOYSA-N,4.270999999999999,317.235479232
"InChI=1S/C20H29NO2/c22-19-12-6-5-11-18(19)20(23,17-9-3-1-4-10-17)13-16-21-14-7-2-8-15-21/h5-6,11-12,14,17,23H,1-4,7-10,13,15-16H2/p+1",OHUWTOOPUDNMAK-UHFFFAOYSA-O,C1CCC(CC1)C(CC[N+]2=CCCCC2)(C3=C(C=CC=C3)O)O,,,[C20H30NO2]+,316.2276542,2.2259,0,0,0,BTM00061,BTM00061,O-Hydroxylation of monosubstituted benzene,BTMR1034,"CYP1A2
CYP2C8
CYP2C9
CYP2C19
CYP3A4",HUMAN,BTM00013,C1CCC(CC1)C(CC[N+]2=CCCCC2)(C3=CC=CC=C3)O,"InChI=1S/C20H30NO/c22-20(18-10-4-1-5-11-18,19-12-6-2-7-13-19)14-17-21-15-8-3-9-16-21/h1,4-5,10-11,15,19,22H,2-3,6-9,12-14,16-17H2/q+1",GOARRRVFYVHGQG-UHFFFAOYSA-N,2.4932999999999987,300.23273958
"InChI=1S/C20H30NO2/c22-19-11-9-18(10-12-19)20(23,17-7-3-1-4-8-17)13-16-21-14-5-2-6-15-21/h1,3-4,7-8,14,18-19,22-23H,2,5-6,9-13,15-16H2/q+1",QUGDZUUOCWHOHH-UHFFFAOYSA-N,C1(CCC(CC1)C(CC[N+]2=CCCCC2)(C3=CC=CC=C3)O)O,,,[C20H30NO2]+,316.2276542,1.2563999999999995,0,0,0,BTM00071,BTM00071,Hydroxylation of alicyclic secondary carbon,BTMR1068,"CYP1A2
CYP2C8
CYP2C9
CYP2C19
CYP2D6
CYP3A4",HUMAN,BTM00013,C1CCC(CC1)C(CC[N+]2=CCCCC2)(C3=CC=CC=C3)O,"InChI=1S/C20H30NO/c22-20(18-10-4-1-5-11-18,19-12-6-2-7-13-19)14-17-21-15-8-3-9-16-21/h1,4-5,10-11,15,19,22H,2-3,6-9,12-14,16-17H2/q+1",GOARRRVFYVHGQG-UHFFFAOYSA-N,2.4932999999999987,300.23273958
"InChI=1S/C20H30NO2/c22-19-11-7-10-18(16-19)20(23,17-8-3-1-4-9-17)12-15-21-13-5-2-6-14-21/h1,3-4,8-9,13,18-19,22-23H,2,5-7,10-12,14-16H2/q+1",MNTAUBWWSNXBST-UHFFFAOYSA-N,C1C(CC(CC1)C(CC[N+]2=CCCCC2)(C3=CC=CC=C3)O)O,,,[C20H30NO2]+,316.22765419999996,1.2563999999999995,0,0,0,BTM00082,BTM00082,Hydroxylation of alicyclic secondary carbon,BTMR1068,"CYP1A2
CYP2C8
CYP2C9
CYP2C19
CYP2D6
CYP3A4",HUMAN,BTM00013,C1CCC(CC1)C(CC[N+]2=CCCCC2)(C3=CC=CC=C3)O,"InChI=1S/C20H30NO/c22-20(18-10-4-1-5-11-18,19-12-6-2-7-13-19)14-17-21-15-8-3-9-16-21/h1,4-5,10-11,15,19,22H,2-3,6-9,12-14,16-17H2/q+1",GOARRRVFYVHGQG-UHFFFAOYSA-N,2.4932999999999987,300.23273958
"InChI=1S/C20H30NO2/c22-19-12-6-5-11-18(19)20(23,17-9-3-1-4-10-17)13-16-21-14-7-2-8-15-21/h1,3-4,9-10,14,18-19,22-23H,2,5-8,11-13,15-16H2/q+1",FQFHXAOUCWPRDF-UHFFFAOYSA-N,C1CC(C(CC1)C(CC[N+]2=CCCCC2)(C3=CC=CC=C3)O)O,,,[C20H30NO2]+,316.22765419999996,1.261999999999999,0,0,0,BTM00091,BTM00091,Hydroxylation of alicyclic secondary carbon,BTMR1068,"CYP1A2
CYP2C8
CYP2C9
CYP2C19
CYP2D6
CYP3A4",HUMAN,BTM00013,C1CCC(CC1)C(CC[N+]2=CCCCC2)(C3=CC=CC=C3)O,"InChI=1S/C20H30NO/c22-20(18-10-4-1-5-11-18,19-12-6-2-7-13-19)14-17-21-15-8-3-9-16-21/h1,4-5,10-11,15,19,22H,2-3,6-9,12-14,16-17H2/q+1",GOARRRVFYVHGQG-UHFFFAOYSA-N,2.4932999999999987,300.23273958
"InChI=1S/C20H29NO2/c22-19-11-9-18(10-12-19)20(23,17-7-3-1-4-8-17)13-16-21-14-5-2-6-15-21/h9-12,14,17,23H,1-8,13,15-16H2/p+1",KUBXXCFMMZNUHZ-UHFFFAOYSA-O,C1CCC(CC1)C(CC[N+]2=CCCCC2)(C3=CC=C(C=C3)O)O,,,[C20H30NO2]+,316.2276542,2.2259,0,0,0,BTM00105,BTM00105,Hydroxylation of benzene on carbon para to electron donating group,BTMR1047,"CYP1A2
CYP2C8
CYP2C9
CYP2D6
CYP3A4",HUMAN,BTM00013,C1CCC(CC1)C(CC[N+]2=CCCCC2)(C3=CC=CC=C3)O,"InChI=1S/C20H30NO/c22-20(18-10-4-1-5-11-18,19-12-6-2-7-13-19)14-17-21-15-8-3-9-16-21/h1,4-5,10-11,15,19,22H,2-3,6-9,12-14,16-17H2/q+1",GOARRRVFYVHGQG-UHFFFAOYSA-N,2.4932999999999987,300.23273958
"InChI=1S/C20H30NO2/c22-19-13-7-8-15-21(19)16-14-20(23,17-9-3-1-4-10-17)18-11-5-2-6-12-18/h1,3-4,9-10,15,18-19,22-23H,2,5-8,11-14,16H2/q+1",CWWFEBRHRAQMCI-UHFFFAOYSA-N,C1CCC(CC1)C(CC[N+]=2C(CCCC2)O)(C3=CC=CC=C3)O,,,[C20H30NO2]+,316.22765419999996,1.8947999999999994,0,0,0,BTM00111,BTM00111,Hydroxylation of heteroalicyclic secondary carbon,BTMR1070,"CYP1A2
CYP2A6
CYP2C9
CYP2D6
CYP3A4",HUMAN,BTM00013,C1CCC(CC1)C(CC[N+]2=CCCCC2)(C3=CC=CC=C3)O,"InChI=1S/C20H30NO/c22-20(18-10-4-1-5-11-18,19-12-6-2-7-13-19)14-17-21-15-8-3-9-16-21/h1,4-5,10-11,15,19,22H,2-3,6-9,12-14,16-17H2/q+1",GOARRRVFYVHGQG-UHFFFAOYSA-N,2.4932999999999987,300.23273958
"InChI=1S/C20H30NO2/c22-19-12-7-14-21(16-19)15-13-20(23,17-8-3-1-4-9-17)18-10-5-2-6-11-18/h1,3-4,8-9,14,18-19,22-23H,2,5-7,10-13,15-16H2/q+1",OCINCWQSXUKIFN-UHFFFAOYSA-N,C1CCC(CC1)C(CC[N+]=2CC(CCC2)O)(C3=CC=CC=C3)O,,,[C20H30NO2]+,316.2276542,1.5263999999999982,0,0,0,BTM00116,BTM00116,Hydroxylation of heteroalicyclic secondary carbon,BTMR1071,CYP1A2,HUMAN,BTM00013,C1CCC(CC1)C(CC[N+]2=CCCCC2)(C3=CC=CC=C3)O,"InChI=1S/C20H30NO/c22-20(18-10-4-1-5-11-18,19-12-6-2-7-13-19)14-17-21-15-8-3-9-16-21/h1,4-5,10-11,15,19,22H,2-3,6-9,12-14,16-17H2/q+1",GOARRRVFYVHGQG-UHFFFAOYSA-N,2.4932999999999987,300.23273958
"InChI=1S/C20H31NO4/c22-18(15-21-14-8-7-13-19(23)24)20(25,16-9-3-1-4-10-16)17-11-5-2-6-12-17/h1,3-4,9-10,17-18,21-22,25H,2,5-8,11-15H2,(H,23,24)",KVNCPQNDFFPXDV-UHFFFAOYSA-N,C1CCC(CC1)C(C(CNCCCCC(O)=O)O)(C2=CC=CC=C2)O,,,C20H31NO4,349.22530847200005,2.873,0,1,1,BTM00121,BTM00121,Hydroxylation of acyclic aliphatic secondary carbon,BTMR1063,"CYP1A2
CYP2A6
CYP2B6
CYP2C9
CYP2E1
CYP3A4",HUMAN,BTM00014,C1CCC(CC1)C(CCNCCCCC(O)=O)(C2=CC=CC=C2)O,"InChI=1S/C20H31NO3/c22-19(23)13-7-8-15-21-16-14-20(24,17-9-3-1-4-10-17)18-11-5-2-6-12-18/h1,3-4,9-10,18,21,24H,2,5-8,11-16H2,(H,22,23)",WPLHVUZZAZJHEX-UHFFFAOYSA-N,3.4460999999999995,333.230393852
"InChI=1S/C20H31NO4/c22-18(11-12-19(23)24)15-21-14-13-20(25,16-7-3-1-4-8-16)17-9-5-2-6-10-17/h1,3-4,7-8,17-18,21-22,25H,2,5-6,9-15H2,(H,23,24)",UVIJMYSBXJKQHY-UHFFFAOYSA-N,C1CCC(CC1)C(CCNCC(CCC(O)=O)O)(C2=CC=CC=C2)O,,,C20H31NO4,349.225308472,2.4791999999999987,0,1,1,BTM00122,BTM00122,Hydroxylation of acyclic aliphatic secondary carbon,BTMR1063,"CYP1A2
CYP2A6
CYP2B6
CYP2C9
CYP2E1
CYP3A4",HUMAN,BTM00014,C1CCC(CC1)C(CCNCCCCC(O)=O)(C2=CC=CC=C2)O,"InChI=1S/C20H31NO3/c22-19(23)13-7-8-15-21-16-14-20(24,17-9-3-1-4-10-17)18-11-5-2-6-12-18/h1,3-4,9-10,18,21,24H,2,5-8,11-16H2,(H,22,23)",WPLHVUZZAZJHEX-UHFFFAOYSA-N,3.4460999999999995,333.230393852
"InChI=1S/C20H31NO4/c22-18(15-19(23)24)11-13-21-14-12-20(25,16-7-3-1-4-8-16)17-9-5-2-6-10-17/h1,3-4,7-8,17-18,21-22,25H,2,5-6,9-15H2,(H,23,24)",RHQLYJARCMFUEQ-UHFFFAOYSA-N,C1CCC(CC1)C(CCNCCC(CC(O)=O)O)(C2=CC=CC=C2)O,,,C20H31NO4,349.225308472,2.220399999999999,0,1,1,BTM00123,BTM00123,Hydroxylation of acyclic aliphatic secondary carbon,BTMR1063,"CYP1A2
CYP2A6
CYP2B6
CYP2C9
CYP2E1
CYP3A4",HUMAN,BTM00014,C1CCC(CC1)C(CCNCCCCC(O)=O)(C2=CC=CC=C2)O,"InChI=1S/C20H31NO3/c22-19(23)13-7-8-15-21-16-14-20(24,17-9-3-1-4-10-17)18-11-5-2-6-12-18/h1,3-4,9-10,18,21,24H,2,5-8,11-16H2,(H,22,23)",WPLHVUZZAZJHEX-UHFFFAOYSA-N,3.4460999999999995,333.230393852
"InChI=1S/C20H31NO4/c22-18-11-5-4-10-17(18)20(25,16-8-2-1-3-9-16)13-15-21-14-7-6-12-19(23)24/h4-5,10-11,16,21-22,25H,1-3,6-9,12-15H2,(H,23,24)",GAYAIMIQCRCPKP-UHFFFAOYSA-N,C1CCC(CC1)C(CCNCCCCC(O)=O)(C2=C(C=CC=C2)O)O,,,C20H31NO4,349.225308472,3.178700000000001,0,1,1,BTM00062,BTM00062,O-Hydroxylation of monosubstituted benzene,BTMR1034,"CYP1A2
CYP2C8
CYP2C9
CYP2C19
CYP3A4",HUMAN,BTM00014,C1CCC(CC1)C(CCNCCCCC(O)=O)(C2=CC=CC=C2)O,"InChI=1S/C20H31NO3/c22-19(23)13-7-8-15-21-16-14-20(24,17-9-3-1-4-10-17)18-11-5-2-6-12-18/h1,3-4,9-10,18,21,24H,2,5-8,11-16H2,(H,22,23)",WPLHVUZZAZJHEX-UHFFFAOYSA-N,3.4460999999999995,333.230393852
"InChI=1S/C20H31NO4/c22-18-11-9-17(10-12-18)20(25,16-6-2-1-3-7-16)13-15-21-14-5-4-8-19(23)24/h1-3,6-7,17-18,21-22,25H,4-5,8-15H2,(H,23,24)",LPRUXSPKZJSWSO-UHFFFAOYSA-N,C1(CCC(CC1)C(CCNCCCCC(O)=O)(C2=CC=CC=C2)O)O,,,C20H31NO4,349.22530847200005,2.209199999999999,0,1,1,BTM00072,BTM00072,Hydroxylation of alicyclic secondary carbon,BTMR1068,"CYP1A2
CYP2C8
CYP2C9
CYP2C19
CYP2D6
CYP3A4",HUMAN,BTM00014,C1CCC(CC1)C(CCNCCCCC(O)=O)(C2=CC=CC=C2)O,"InChI=1S/C20H31NO3/c22-19(23)13-7-8-15-21-16-14-20(24,17-9-3-1-4-10-17)18-11-5-2-6-12-18/h1,3-4,9-10,18,21,24H,2,5-8,11-16H2,(H,22,23)",WPLHVUZZAZJHEX-UHFFFAOYSA-N,3.4460999999999995,333.230393852
"InChI=1S/C20H31NO4/c22-18-10-6-9-17(15-18)20(25,16-7-2-1-3-8-16)12-14-21-13-5-4-11-19(23)24/h1-3,7-8,17-18,21-22,25H,4-6,9-15H2,(H,23,24)",XFMHVKCLKAJSQK-UHFFFAOYSA-N,C1C(CC(CC1)C(CCNCCCCC(O)=O)(C2=CC=CC=C2)O)O,,,C20H31NO4,349.225308472,2.209199999999999,0,1,1,BTM00083,BTM00083,Hydroxylation of alicyclic secondary carbon,BTMR1068,"CYP1A2
CYP2C8
CYP2C9
CYP2C19
CYP2D6
CYP3A4",HUMAN,BTM00014,C1CCC(CC1)C(CCNCCCCC(O)=O)(C2=CC=CC=C2)O,"InChI=1S/C20H31NO3/c22-19(23)13-7-8-15-21-16-14-20(24,17-9-3-1-4-10-17)18-11-5-2-6-12-18/h1,3-4,9-10,18,21,24H,2,5-8,11-16H2,(H,22,23)",WPLHVUZZAZJHEX-UHFFFAOYSA-N,3.4460999999999995,333.230393852
"InChI=1S/C20H31NO4/c22-18-11-5-4-10-17(18)20(25,16-8-2-1-3-9-16)13-15-21-14-7-6-12-19(23)24/h1-3,8-9,17-18,21-22,25H,4-7,10-15H2,(H,23,24)",KQDQYXLAAYDOQC-UHFFFAOYSA-N,C1CC(C(CC1)C(CCNCCCCC(O)=O)(C2=CC=CC=C2)O)O,,,C20H31NO4,349.22530847200005,2.2147999999999994,0,1,1,BTM00092,BTM00092,Hydroxylation of alicyclic secondary carbon,BTMR1068,"CYP1A2
CYP2C8
CYP2C9
CYP2C19
CYP2D6
CYP3A4",HUMAN,BTM00014,C1CCC(CC1)C(CCNCCCCC(O)=O)(C2=CC=CC=C2)O,"InChI=1S/C20H31NO3/c22-19(23)13-7-8-15-21-16-14-20(24,17-9-3-1-4-10-17)18-11-5-2-6-12-18/h1,3-4,9-10,18,21,24H,2,5-8,11-16H2,(H,22,23)",WPLHVUZZAZJHEX-UHFFFAOYSA-N,3.4460999999999995,333.230393852
"InChI=1S/C20H31NO4/c22-18-11-9-17(10-12-18)20(25,16-6-2-1-3-7-16)13-15-21-14-5-4-8-19(23)24/h9-12,16,21-22,25H,1-8,13-15H2,(H,23,24)",MDDMQALYHSISGC-UHFFFAOYSA-N,C1CCC(CC1)C(CCNCCCCC(O)=O)(C2=CC=C(C=C2)O)O,,,C20H31NO4,349.225308472,3.178700000000001,0,1,1,BTM00106,BTM00106,Hydroxylation of benzene on carbon para to electron donating group,BTMR1047,"CYP1A2
CYP2C8
CYP2C9
CYP2D6
CYP3A4",HUMAN,BTM00014,C1CCC(CC1)C(CCNCCCCC(O)=O)(C2=CC=CC=C2)O,"InChI=1S/C20H31NO3/c22-19(23)13-7-8-15-21-16-14-20(24,17-9-3-1-4-10-17)18-11-5-2-6-12-18/h1,3-4,9-10,18,21,24H,2,5-8,11-16H2,(H,22,23)",WPLHVUZZAZJHEX-UHFFFAOYSA-N,3.4460999999999995,333.230393852
"InChI=1S/C20H31NO4/c22-18(19(23)24)12-7-14-21-15-13-20(25,16-8-3-1-4-9-16)17-10-5-2-6-11-17/h1,3-4,8-9,17-18,21-22,25H,2,5-7,10-15H2,(H,23,24)",PTGZPAFIYMPZDH-UHFFFAOYSA-N,C1CCC(CC1)C(CCNCCCC(C(O)=O)O)(C2=CC=CC=C2)O,,,C20H31NO4,349.22530847200005,2.7655999999999983,0,1,1,BTM00124,BTM00124,alpha-Hydroxylation of carbonyl group,BTMR1054,"CYP1A2
CYP2A6
CYP2B6
CYP2C8
CYP2C9
CYP2C19
CYP2D6
CYP3A4",HUMAN,BTM00014,C1CCC(CC1)C(CCNCCCCC(O)=O)(C2=CC=CC=C2)O,"InChI=1S/C20H31NO3/c22-19(23)13-7-8-15-21-16-14-20(24,17-9-3-1-4-10-17)18-11-5-2-6-12-18/h1,3-4,9-10,18,21,24H,2,5-8,11-16H2,(H,22,23)",WPLHVUZZAZJHEX-UHFFFAOYSA-N,3.4460999999999995,333.230393852
"InChI=1S/C15H20O2/c16-12-11-15(17,13-7-3-1-4-8-13)14-9-5-2-6-10-14/h1,3-4,7-8,12,14,17H,2,5-6,9-11H2",NVDRYJFEOYDRHA-UHFFFAOYSA-N,C1CCC(CC1)C(CC=O)(C2=CC=CC=C2)O,,,C15H20O2,232.14632988,3.0508999999999995,0,0,0,BTM00007,BTM00007,N-Dealkylation of acyclic secondary amine,BTMR1140,"CYP1A2
CYP2B6
CYP2C8
CYP2C9
CYP2C19
CYP2D6
CYP3A4",HUMAN,BTM00014,C1CCC(CC1)C(CCNCCCCC(O)=O)(C2=CC=CC=C2)O,"InChI=1S/C20H31NO3/c22-19(23)13-7-8-15-21-16-14-20(24,17-9-3-1-4-10-17)18-11-5-2-6-12-18/h1,3-4,9-10,18,21,24H,2,5-8,11-16H2,(H,22,23)",WPLHVUZZAZJHEX-UHFFFAOYSA-N,3.4460999999999995,333.230393852
"InChI=1S/C5H11NO2/c6-4-2-1-3-5(7)8/h1-4,6H2,(H,7,8)",JJMDCOVWQOJGCB-UHFFFAOYSA-N,NCCCCC(O)=O,,,C5H11NO2,117.078978592,-0.16590000000000032,0,0,0,BTM00100,BTM00100,N-Dealkylation of acyclic secondary amine,BTMR1140,"CYP1A2
CYP2B6
CYP2C8
CYP2C9
CYP2C19
CYP2D6
CYP3A4",HUMAN,BTM00014,C1CCC(CC1)C(CCNCCCCC(O)=O)(C2=CC=CC=C2)O,"InChI=1S/C20H31NO3/c22-19(23)13-7-8-15-21-16-14-20(24,17-9-3-1-4-10-17)18-11-5-2-6-12-18/h1,3-4,9-10,18,21,24H,2,5-8,11-16H2,(H,22,23)",WPLHVUZZAZJHEX-UHFFFAOYSA-N,3.4460999999999995,333.230393852
"InChI=1S/C15H23NO/c16-12-11-15(17,13-7-3-1-4-8-13)14-9-5-2-6-10-14/h1,3-4,7-8,14,17H,2,5-6,9-12,16H2",AIGPYLMSTKCARC-UHFFFAOYSA-N,C1CCC(CC1)C(CCN)(C2=CC=CC=C2)O,,,C15H23NO,233.177964356,2.5325999999999995,0,0,0,BTM00125,BTM00125,N-Dealkylation of acyclic secondary amine,BTMR1140,"CYP1A2
CYP2B6
CYP2C8
CYP2C9
CYP2C19
CYP2D6
CYP3A4",HUMAN,BTM00014,C1CCC(CC1)C(CCNCCCCC(O)=O)(C2=CC=CC=C2)O,"InChI=1S/C20H31NO3/c22-19(23)13-7-8-15-21-16-14-20(24,17-9-3-1-4-10-17)18-11-5-2-6-12-18/h1,3-4,9-10,18,21,24H,2,5-8,11-16H2,(H,22,23)",WPLHVUZZAZJHEX-UHFFFAOYSA-N,3.4460999999999995,333.230393852
"InChI=1S/C5H8O3/c6-4-2-1-3-5(7)8/h4H,1-3H2,(H,7,8)",VBKPPDYGFUZOAJ-UHFFFAOYSA-N,C(CCCC(O)=O)=O,,,C5H8O3,116.04734411599999,0.09359999999999982,0,0,0,BTM00126,BTM00126,N-Dealkylation of acyclic secondary amine,BTMR1140,"CYP1A2
CYP2B6
CYP2C8
CYP2C9
CYP2C19
CYP2D6
CYP3A4",HUMAN,BTM00014,C1CCC(CC1)C(CCNCCCCC(O)=O)(C2=CC=CC=C2)O,"InChI=1S/C20H31NO3/c22-19(23)13-7-8-15-21-16-14-20(24,17-9-3-1-4-10-17)18-11-5-2-6-12-18/h1,3-4,9-10,18,21,24H,2,5-8,11-16H2,(H,22,23)",WPLHVUZZAZJHEX-UHFFFAOYSA-N,3.4460999999999995,333.230393852
"InChI=1S/C20H31NO/c22-20(18-10-4-1-5-11-18,19-12-6-2-7-13-19)14-17-21-15-8-3-9-16-21/h1,4-5,10-11,19,22H,2-3,6-9,12-17H2",HWHLPVGTWGOCJO-UHFFFAOYSA-N,C1CCC(CC1)C(CCN2CCCCC2)(C3=CC=CC=C3)O,,,C20H31NO,301.2405,,0,0,0,,,4'-Dehydroxylation of substituted benzene,BTMR1012,Unspecified bacterial dehydroxylase,GUTMICRO,BTM00009,C1CCC(CC1)C(CCN2CCCCC2)(C3=CC=C(C=C3)O)O,"InChI=1S/C20H31NO2/c22-19-11-9-18(10-12-19)20(23,17-7-3-1-4-8-17)13-16-21-14-5-2-6-15-21/h9-12,17,22-23H,1-8,13-16H2",BUTWYTDVSDQBQS-UHFFFAOYSA-N,4.150099999999999,317.23547923200005
"InChI=1S/C18H27NO3/c20-17(21)11-13-19-14-12-18(22,15-7-3-1-4-8-15)16-9-5-2-6-10-16/h1,3-4,7-8,16,19,22H,2,5-6,9-14H2,(H,20,21)",TVTVFXXEEYKKCK-UHFFFAOYSA-N,C1CCC(CC1)C(CCNCCC(O)=O)(C2=CC=CC=C2)O,,,C18H27NO3,305.19909372399997,2.6686999999999994,0,1,1,BTM00127,BTM00127,beta-Oxidation of carboxylic acid,BTMR0275,Unspecified gut bacterial enzyme,GUTMICRO,BTM00014,C1CCC(CC1)C(CCNCCCCC(O)=O)(C2=CC=CC=C2)O,"InChI=1S/C20H31NO3/c22-19(23)13-7-8-15-21-16-14-20(24,17-9-3-1-4-10-17)18-11-5-2-6-12-18/h1,3-4,9-10,18,21,24H,2,5-8,11-16H2,(H,22,23)",WPLHVUZZAZJHEX-UHFFFAOYSA-N,3.4460999999999995,333.230393852
