InChI,InChIKey,SMILES,Synonyms,PUBCHEM_CID,Molecular formula,Major Isotope Mass,ALogP,Lipinski_Violations,Insecticide_Likeness_Violations,Post_Em_Herbicide_Likeness_Violations,Metabolite ID,cdk:Title,Reaction,Reaction ID,Enzyme(s),Biosystem,Precursor ID,Precursor SMILES,Precursor InChI,Precursor InChIKey,Precursor ALogP,Precursor Major Isotope Mass
"InChI=1S/C33H47N3O4S/c1-22-26(16-11-17-29(22)37)31(39)34-27(21-41(5)25-14-7-6-8-15-25)30(38)20-36-19-24-13-10-9-12-23(24)18-28(36)32(40)35-33(2,3)4/h6-8,11,14-17,23-24,27-28,30,38H,9-10,12-13,18-21H2,1-5H3,(H2-,34,35,37,39,40)/p+1",UXMYEKAWICIXPG-UHFFFAOYSA-O,CC1=C(C=CC=C1O)C(=O)NC(C[S+](C2=CC=CC=C2)C)C(CN3CC4CCCCC4CC3C(=O)NC(C)(C)C)O,,,[C33H48N3O4S]+,582.336553016,4.878000000000003,2,1,1,BTM00001,BTM00001,Thioether S-methylation,BTMR0214,EC 2.1.1.96,HUMAN,,CC1=C(C=CC=C1O)C(=O)NC(CSC2=CC=CC=C2)C(CN3CC4CCCCC4CC3C(=O)NC(C)(C)C)O,"InChI=1S/C32H45N3O4S/c1-21-25(15-10-16-28(21)36)30(38)33-26(20-40-24-13-6-5-7-14-24)29(37)19-35-18-23-12-9-8-11-22(23)17-27(35)31(39)34-32(2,3)4/h5-7,10,13-16,22-23,26-27,29,36-37H,8-9,11-12,17-20H2,1-4H3,(H,33,38)(H,34,39)",QAGYKUNXZHXKMR-UHFFFAOYSA-N,,567.3130
"InChI=1S/C38H53N3O10S/c1-21-25(15-10-16-29(21)50-37-32(45)30(43)31(44)33(51-37)36(48)49)34(46)39-26(20-52-24-13-6-5-7-14-24)28(42)19-41-18-23-12-9-8-11-22(23)17-27(41)35(47)40-38(2,3)4/h5-7,10,13-16,22-23,26-28,30-33,37,42-45H,8-9,11-12,17-20H2,1-4H3,(H,39,46)(H,40,47)(H,48,49)",TVDUMPFSSVBAGD-UHFFFAOYSA-N,CC1=C(C=CC=C1OC2OC(C(O)=O)C(C(C2O)O)O)C(=O)NC(CSC3=CC=CC=C3)C(CN4CC5CCCCC5CC4C(=O)NC(C)(C)C)O,,,C38H53N3O10S,743.345165896,3.6708000000000007,3,2,2,BTM00002,BTM00002,Aromatic OH-glucuronidation,BTMR0166,EC 2.4.1.17,HUMAN,,CC1=C(C=CC=C1O)C(=O)NC(CSC2=CC=CC=C2)C(CN3CC4CCCCC4CC3C(=O)NC(C)(C)C)O,"InChI=1S/C32H45N3O4S/c1-21-25(15-10-16-28(21)36)30(38)33-26(20-40-24-13-6-5-7-14-24)29(37)19-35-18-23-12-9-8-11-22(23)17-27(35)31(39)34-32(2,3)4/h5-7,10,13-16,22-23,26-27,29,36-37H,8-9,11-12,17-20H2,1-4H3,(H,33,38)(H,34,39)",QAGYKUNXZHXKMR-UHFFFAOYSA-N,,567.3130
"InChI=1S/C32H45N3O7S2/c1-21-25(15-10-16-29(21)42-44(39,40)41)30(37)33-26(20-43-24-13-6-5-7-14-24)28(36)19-35-18-23-12-9-8-11-22(23)17-27(35)31(38)34-32(2,3)4/h5-7,10,13-16,22-23,26-28,36H,8-9,11-12,17-20H2,1-4H3,(H,33,37)(H,34,38)(H,39,40,41)",OCOJAKCVZPZGFD-UHFFFAOYSA-N,CC1=C(C=CC=C1OS(O)(=O)=O)C(=O)NC(CSC2=CC=CC=C2)C(CN3CC4CCCCC4CC3C(=O)NC(C)(C)C)O,,,C32H45N3O7S2,647.2698927800001,4.629500000000003,1,2,2,BTM00003,BTM00003,Sulfonation of phenolic compound,BTMR1376,EC 2.8.2.1,HUMAN,,CC1=C(C=CC=C1O)C(=O)NC(CSC2=CC=CC=C2)C(CN3CC4CCCCC4CC3C(=O)NC(C)(C)C)O,"InChI=1S/C32H45N3O4S/c1-21-25(15-10-16-28(21)36)30(38)33-26(20-40-24-13-6-5-7-14-24)29(37)19-35-18-23-12-9-8-11-22(23)17-27(35)31(39)34-32(2,3)4/h5-7,10,13-16,22-23,26-27,29,36-37H,8-9,11-12,17-20H2,1-4H3,(H,33,38)(H,34,39)",QAGYKUNXZHXKMR-UHFFFAOYSA-N,,567.3130
"InChI=1S/C32H45N3O7S2/c1-21-25(15-10-16-28(21)36)30(37)33-26(20-43-24-13-6-5-7-14-24)29(42-44(39,40)41)19-35-18-23-12-9-8-11-22(23)17-27(35)31(38)34-32(2,3)4/h5-7,10,13-16,22-23,26-27,29,36H,8-9,11-12,17-20H2,1-4H3,(H,33,37)(H,34,38)(H,39,40,41)",HZNBEAXNNRNCAY-UHFFFAOYSA-N,CC1=C(C=CC=C1O)C(=O)NC(CSC2=CC=CC=C2)C(CN3CC4CCCCC4CC3C(=O)NC(C)(C)C)OS(O)(=O)=O,,,C32H45N3O7S2,647.26989278,4.7870000000000035,1,2,2,BTM00004,BTM00004,Sulfation of secondary alcohol,BTMR0502,EC 2.8.2.2,HUMAN,,CC1=C(C=CC=C1O)C(=O)NC(CSC2=CC=CC=C2)C(CN3CC4CCCCC4CC3C(=O)NC(C)(C)C)O,"InChI=1S/C32H45N3O4S/c1-21-25(15-10-16-28(21)36)30(38)33-26(20-40-24-13-6-5-7-14-24)29(37)19-35-18-23-12-9-8-11-22(23)17-27(35)31(39)34-32(2,3)4/h5-7,10,13-16,22-23,26-27,29,36-37H,8-9,11-12,17-20H2,1-4H3,(H,33,38)(H,34,39)",QAGYKUNXZHXKMR-UHFFFAOYSA-N,,567.3130
"InChI=1S/C33H47N3O4S/c1-22-26(16-11-17-30(22)40-5)31(38)34-27(21-41-25-14-7-6-8-15-25)29(37)20-36-19-24-13-10-9-12-23(24)18-28(36)32(39)35-33(2,3)4/h6-8,11,14-17,23-24,27-29,37H,9-10,12-13,18-21H2,1-5H3,(H,34,38)(H,35,39)",JSUUPWPDOBWVCZ-UHFFFAOYSA-N,CC1=C(C=CC=C1OC)C(=O)NC(CSC2=CC=CC=C2)C(CN3CC4CCCCC4CC3C(=O)NC(C)(C)C)O,,,C33H47N3O4S,581.328727984,5.617300000000003,2,2,2,BTM00005,BTM00005,Methylation of phenolic compound,BTMR1377,EC 2.1.1.25,HUMAN,,CC1=C(C=CC=C1O)C(=O)NC(CSC2=CC=CC=C2)C(CN3CC4CCCCC4CC3C(=O)NC(C)(C)C)O,"InChI=1S/C32H45N3O4S/c1-21-25(15-10-16-28(21)36)30(38)33-26(20-40-24-13-6-5-7-14-24)29(37)19-35-18-23-12-9-8-11-22(23)17-27(35)31(39)34-32(2,3)4/h5-7,10,13-16,22-23,26-27,29,36-37H,8-9,11-12,17-20H2,1-4H3,(H,33,38)(H,34,39)",QAGYKUNXZHXKMR-UHFFFAOYSA-N,,567.3130
"InChI=1S/C32H43N3O4S/c1-21-25(15-10-16-28(21)36)30(38)33-26(20-40-24-13-6-5-7-14-24)29(37)19-35-18-23-12-9-8-11-22(23)17-27(35)31(39)34-32(2,3)4/h5-7,10,13-16,22-23,26-27,36H,8-9,11-12,17-20H2,1-4H3,(H,33,38)(H,34,39)",KQLPJFJGDGNDFA-UHFFFAOYSA-N,CC1=C(C=CC=C1O)C(=O)NC(CSC2=CC=CC=C2)C(CN3CC4CCCCC4CC3C(=O)NC(C)(C)C)=O,,,C32H43N3O4S,565.297427856,5.613200000000001,2,1,1,BTM00006,BTM00006,Oxidation of secondary alcohol to ketone,BTMR0079,"CYP1A2
CYP2C9
CYP2C19",HUMAN,,CC1=C(C=CC=C1O)C(=O)NC(CSC2=CC=CC=C2)C(CN3CC4CCCCC4CC3C(=O)NC(C)(C)C)O,"InChI=1S/C32H45N3O4S/c1-21-25(15-10-16-28(21)36)30(38)33-26(20-40-24-13-6-5-7-14-24)29(37)19-35-18-23-12-9-8-11-22(23)17-27(35)31(39)34-32(2,3)4/h5-7,10,13-16,22-23,26-27,29,36-37H,8-9,11-12,17-20H2,1-4H3,(H,33,38)(H,34,39)",QAGYKUNXZHXKMR-UHFFFAOYSA-N,,567.3130
"InChI=1S/C32H45N3O5S/c1-20-26(36)14-15-27(37)29(20)31(40)33-24(19-41-23-12-6-5-7-13-23)28(38)18-35-17-22-11-9-8-10-21(22)16-25(35)30(39)34-32(2,3)4/h5-7,12-15,21-22,24-25,28,36-38H,8-11,16-19H2,1-4H3,(H,33,40)(H,34,39)",WCWYSPCYCBIXCS-UHFFFAOYSA-N,CC1=C(C(=CC=C1O)O)C(=O)NC(CSC2=CC=CC=C2)C(CN3CC4CCCCC4CC3C(=O)NC(C)(C)C)O,,,C32H45N3O5S,583.3079925400001,5.098900000000002,2,1,1,BTM00007,BTM00007,p-Hydroxylation of phenol,BTMR1038,"CYP1A2
CYP2A6
CYP2B6
CYP2C8
CYP2C9
CYP2C19
CYP2D6
CYP2E1
CYP3A4",HUMAN,,CC1=C(C=CC=C1O)C(=O)NC(CSC2=CC=CC=C2)C(CN3CC4CCCCC4CC3C(=O)NC(C)(C)C)O,"InChI=1S/C32H45N3O4S/c1-21-25(15-10-16-28(21)36)30(38)33-26(20-40-24-13-6-5-7-14-24)29(37)19-35-18-23-12-9-8-11-22(23)17-27(35)31(39)34-32(2,3)4/h5-7,10,13-16,22-23,26-27,29,36-37H,8-9,11-12,17-20H2,1-4H3,(H,33,38)(H,34,39)",QAGYKUNXZHXKMR-UHFFFAOYSA-N,,567.3130
"InChI=1S/C32H45N3O5S/c1-32(2,3)34-31(40)27-16-21-10-7-8-11-22(21)17-35(27)18-29(38)26(20-41-23-12-5-4-6-13-23)33-30(39)24-14-9-15-28(37)25(24)19-36/h4-6,9,12-15,21-22,26-27,29,36-38H,7-8,10-11,16-20H2,1-3H3,(H,33,39)(H,34,40)",DVIBIYCEIJDYDM-UHFFFAOYSA-N,C(C1=C(C=CC=C1O)C(=O)NC(CSC2=CC=CC=C2)C(CN3CC4CCCCC4CC3C(=O)NC(C)(C)C)O)O,,,C32H45N3O5S,583.3079925400001,4.275600000000004,2,2,2,BTM00008,BTM00008,Aliphatic hydroxylation of methyl carbon adjacent to aromatic ring,BTMR1058,"CYP1A2
CYP2A6
CYP2B6
CYP2C8
CYP2C9
CYP2C19
CYP2D6
CYP2E1
CYP3A4",HUMAN,,CC1=C(C=CC=C1O)C(=O)NC(CSC2=CC=CC=C2)C(CN3CC4CCCCC4CC3C(=O)NC(C)(C)C)O,"InChI=1S/C32H45N3O4S/c1-21-25(15-10-16-28(21)36)30(38)33-26(20-40-24-13-6-5-7-14-24)29(37)19-35-18-23-12-9-8-11-22(23)17-27(35)31(39)34-32(2,3)4/h5-7,10,13-16,22-23,26-27,29,36-37H,8-9,11-12,17-20H2,1-4H3,(H,33,38)(H,34,39)",QAGYKUNXZHXKMR-UHFFFAOYSA-N,,567.3130
"InChI=1S/C32H45N3O5S/c1-20-23(13-9-14-27(20)36)30(39)33-25(19-41-22-11-6-5-7-12-22)29(38)18-35-17-24-21(10-8-15-28(24)37)16-26(35)31(40)34-32(2,3)4/h5-7,9,11-14,21,24-26,28-29,36-38H,8,10,15-19H2,1-4H3,(H,33,39)(H,34,40)",CTTGTQDDMQLQTA-UHFFFAOYSA-N,CC1=C(C=CC=C1O)C(=O)NC(CSC2=CC=CC=C2)C(CN3CC4C(CCCC4CC3C(=O)NC(C)(C)C)O)O,,,C32H45N3O5S,583.3079925400001,4.135,1,1,1,BTM00009,BTM00009,Hydroxylation of alicyclic secondary carbon,BTMR1068,"CYP1A2
CYP2C8
CYP2C9
CYP2C19
CYP2D6
CYP3A4",HUMAN,,CC1=C(C=CC=C1O)C(=O)NC(CSC2=CC=CC=C2)C(CN3CC4CCCCC4CC3C(=O)NC(C)(C)C)O,"InChI=1S/C32H45N3O4S/c1-21-25(15-10-16-28(21)36)30(38)33-26(20-40-24-13-6-5-7-14-24)29(37)19-35-18-23-12-9-8-11-22(23)17-27(35)31(39)34-32(2,3)4/h5-7,10,13-16,22-23,26-27,29,36-37H,8-9,11-12,17-20H2,1-4H3,(H,33,38)(H,34,39)",QAGYKUNXZHXKMR-UHFFFAOYSA-N,,567.3130
"InChI=1S/C32H45N3O5S/c1-20-25(11-8-12-28(20)37)30(39)33-26(19-41-24-9-6-5-7-10-24)29(38)18-35-17-22-15-23(36)14-13-21(22)16-27(35)31(40)34-32(2,3)4/h5-12,21-23,26-27,29,36-38H,13-19H2,1-4H3,(H,33,39)(H,34,40)",SFDZKODSHGPPFQ-UHFFFAOYSA-N,CC1=C(C=CC=C1O)C(=O)NC(CSC2=CC=CC=C2)C(CN3CC4CC(CCC4CC3C(=O)NC(C)(C)C)O)O,,,C32H45N3O5S,583.3079925400001,4.129399999999999,1,1,1,BTM00010,BTM00010,Hydroxylation of alicyclic secondary carbon,BTMR1068,"CYP1A2
CYP2C8
CYP2C9
CYP2C19
CYP2D6
CYP3A4",HUMAN,,CC1=C(C=CC=C1O)C(=O)NC(CSC2=CC=CC=C2)C(CN3CC4CCCCC4CC3C(=O)NC(C)(C)C)O,"InChI=1S/C32H45N3O4S/c1-21-25(15-10-16-28(21)36)30(38)33-26(20-40-24-13-6-5-7-14-24)29(37)19-35-18-23-12-9-8-11-22(23)17-27(35)31(39)34-32(2,3)4/h5-7,10,13-16,22-23,26-27,29,36-37H,8-9,11-12,17-20H2,1-4H3,(H,33,38)(H,34,39)",QAGYKUNXZHXKMR-UHFFFAOYSA-N,,567.3130
"InChI=1S/C32H45N3O5S/c1-20-25(11-8-12-28(20)37)30(39)33-26(19-41-24-9-6-5-7-10-24)29(38)18-35-17-21-13-14-23(36)15-22(21)16-27(35)31(40)34-32(2,3)4/h5-12,21-23,26-27,29,36-38H,13-19H2,1-4H3,(H,33,39)(H,34,40)",CATXIYJJEYJOKZ-UHFFFAOYSA-N,CC1=C(C=CC=C1O)C(=O)NC(CSC2=CC=CC=C2)C(CN3CC4CCC(CC4CC3C(=O)NC(C)(C)C)O)O,,,C32H45N3O5S,583.3079925400001,4.129399999999999,1,1,1,BTM00011,BTM00011,Hydroxylation of alicyclic secondary carbon,BTMR1068,"CYP1A2
CYP2C8
CYP2C9
CYP2C19
CYP2D6
CYP3A4",HUMAN,,CC1=C(C=CC=C1O)C(=O)NC(CSC2=CC=CC=C2)C(CN3CC4CCCCC4CC3C(=O)NC(C)(C)C)O,"InChI=1S/C32H45N3O4S/c1-21-25(15-10-16-28(21)36)30(38)33-26(20-40-24-13-6-5-7-14-24)29(37)19-35-18-23-12-9-8-11-22(23)17-27(35)31(39)34-32(2,3)4/h5-7,10,13-16,22-23,26-27,29,36-37H,8-9,11-12,17-20H2,1-4H3,(H,33,38)(H,34,39)",QAGYKUNXZHXKMR-UHFFFAOYSA-N,,567.3130
"InChI=1S/C32H45N3O5S/c1-20-23(13-9-14-27(20)36)30(39)33-25(19-41-22-11-6-5-7-12-22)29(38)18-35-17-21-10-8-15-28(37)24(21)16-26(35)31(40)34-32(2,3)4/h5-7,9,11-14,21,24-26,28-29,36-38H,8,10,15-19H2,1-4H3,(H,33,39)(H,34,40)",FDMBATCUZSHYIW-UHFFFAOYSA-N,CC1=C(C=CC=C1O)C(=O)NC(CSC2=CC=CC=C2)C(CN3CC4CCCC(C4CC3C(=O)NC(C)(C)C)O)O,,,C32H45N3O5S,583.30799254,4.196899999999999,1,1,1,BTM00012,BTM00012,Hydroxylation of alicyclic secondary carbon,BTMR1068,"CYP1A2
CYP2C8
CYP2C9
CYP2C19
CYP2D6
CYP3A4",HUMAN,,CC1=C(C=CC=C1O)C(=O)NC(CSC2=CC=CC=C2)C(CN3CC4CCCCC4CC3C(=O)NC(C)(C)C)O,"InChI=1S/C32H45N3O4S/c1-21-25(15-10-16-28(21)36)30(38)33-26(20-40-24-13-6-5-7-14-24)29(37)19-35-18-23-12-9-8-11-22(23)17-27(35)31(39)34-32(2,3)4/h5-7,10,13-16,22-23,26-27,29,36-37H,8-9,11-12,17-20H2,1-4H3,(H,33,38)(H,34,39)",QAGYKUNXZHXKMR-UHFFFAOYSA-N,,567.3130
"InChI=1S/C32H45N3O5S/c1-21-25(15-10-16-28(21)36)30(38)33-26(20-41-24-13-6-5-7-14-24)29(37)19-35(40)18-23-12-9-8-11-22(23)17-27(35)31(39)34-32(2,3)4/h5-7,10,13-16,22-23,26-27,29,36-37H,8-9,11-12,17-20H2,1-4H3,(H,33,38)(H,34,39)",CXWBOSJVIZIXJB-UHFFFAOYSA-N,CC1=C(C=CC=C1O)C(=O)NC(CSC2=CC=CC=C2)C(C[N+]3(CC4CCCCC4CC3C(=O)NC(C)(C)C)[O-])O,,,C32H45N3O5S,583.30799254,4.961200000000003,2,1,1,BTM00013,BTM00013,N-Oxidation of alicyclic tertiary amine,BTMR1099,"CYP1A2
CYP2C8
CYP2C19
CYP2D6
CYP3A4",HUMAN,,CC1=C(C=CC=C1O)C(=O)NC(CSC2=CC=CC=C2)C(CN3CC4CCCCC4CC3C(=O)NC(C)(C)C)O,"InChI=1S/C32H45N3O4S/c1-21-25(15-10-16-28(21)36)30(38)33-26(20-40-24-13-6-5-7-14-24)29(37)19-35-18-23-12-9-8-11-22(23)17-27(35)31(39)34-32(2,3)4/h5-7,10,13-16,22-23,26-27,29,36-37H,8-9,11-12,17-20H2,1-4H3,(H,33,38)(H,34,39)",QAGYKUNXZHXKMR-UHFFFAOYSA-N,,567.3130
"InChI=1S/C18H19NO4S/c1-12-14(8-5-9-16(12)21)18(23)19-15(17(22)10-20)11-24-13-6-3-2-4-7-13/h2-10,15,17,21-22H,11H2,1H3,(H,19,23)",FQXWQOQASHJKCY-UHFFFAOYSA-N,CC1=C(C=CC=C1O)C(=O)NC(CSC2=CC=CC=C2)C(C=O)O,,,C18H19NO4S,345.10347908800003,2.6822,0,1,1,BTM00014,BTM00014,N-Dealkylation of alicyclic tertiary amine,BTMR1144,"CYP1A2
CYP2A6
CYP2B6
CYP2C8
CYP2C9
CYP2C19
CYP2D6
CYP3A4",HUMAN,,CC1=C(C=CC=C1O)C(=O)NC(CSC2=CC=CC=C2)C(CN3CC4CCCCC4CC3C(=O)NC(C)(C)C)O,"InChI=1S/C32H45N3O4S/c1-21-25(15-10-16-28(21)36)30(38)33-26(20-40-24-13-6-5-7-14-24)29(37)19-35-18-23-12-9-8-11-22(23)17-27(35)31(39)34-32(2,3)4/h5-7,10,13-16,22-23,26-27,29,36-37H,8-9,11-12,17-20H2,1-4H3,(H,33,38)(H,34,39)",QAGYKUNXZHXKMR-UHFFFAOYSA-N,,567.3130
"InChI=1S/C14H26N2O/c1-14(2,3)16-13(17)12-8-10-6-4-5-7-11(10)9-15-12/h10-12,15H,4-9H2,1-3H3,(H,16,17)",UPZBXVBPICTBDP-UHFFFAOYSA-N,N1CC2CCCCC2CC1C(=O)NC(C)(C)C,,,C14H26N2O,238.204513452,2.0465,0,0,0,BTM00015,BTM00015,N-Dealkylation of alicyclic tertiary amine,BTMR1144,"CYP1A2
CYP2A6
CYP2B6
CYP2C8
CYP2C9
CYP2C19
CYP2D6
CYP3A4",HUMAN,,CC1=C(C=CC=C1O)C(=O)NC(CSC2=CC=CC=C2)C(CN3CC4CCCCC4CC3C(=O)NC(C)(C)C)O,"InChI=1S/C32H45N3O4S/c1-21-25(15-10-16-28(21)36)30(38)33-26(20-40-24-13-6-5-7-14-24)29(37)19-35-18-23-12-9-8-11-22(23)17-27(35)31(39)34-32(2,3)4/h5-7,10,13-16,22-23,26-27,29,36-37H,8-9,11-12,17-20H2,1-4H3,(H,33,38)(H,34,39)",QAGYKUNXZHXKMR-UHFFFAOYSA-N,,567.3130
"InChI=1S/C32H45N3O5S/c1-20-25(15-23(36)16-28(20)37)30(39)33-26(19-41-24-12-6-5-7-13-24)29(38)18-35-17-22-11-9-8-10-21(22)14-27(35)31(40)34-32(2,3)4/h5-7,12-13,15-16,21-22,26-27,29,36-38H,8-11,14,17-19H2,1-4H3,(H,33,39)(H,34,40)",DJMJDJQFZAFYKM-UHFFFAOYSA-N,CC1=C(C=C(C=C1O)O)C(=O)NC(CSC2=CC=CC=C2)C(CN3CC4CCCCC4CC3C(=O)NC(C)(C)C)O,,,C32H45N3O5S,583.30799254,5.098900000000002,2,1,1,BTM00016,BTM00016,Hydroxylation of benzene on carbon para to electron donating group,BTMR1047,"CYP1A2
CYP2C8
CYP2C9
CYP2D6
CYP3A4",HUMAN,,CC1=C(C=CC=C1O)C(=O)NC(CSC2=CC=CC=C2)C(CN3CC4CCCCC4CC3C(=O)NC(C)(C)C)O,"InChI=1S/C32H45N3O4S/c1-21-25(15-10-16-28(21)36)30(38)33-26(20-40-24-13-6-5-7-14-24)29(37)19-35-18-23-12-9-8-11-22(23)17-27(35)31(39)34-32(2,3)4/h5-7,10,13-16,22-23,26-27,29,36-37H,8-9,11-12,17-20H2,1-4H3,(H,33,38)(H,34,39)",QAGYKUNXZHXKMR-UHFFFAOYSA-N,,567.3130
"InChI=1S/C32H45N3O5S/c1-20-24(14-15-27(36)29(20)38)30(39)33-25(19-41-23-12-6-5-7-13-23)28(37)18-35-17-22-11-9-8-10-21(22)16-26(35)31(40)34-32(2,3)4/h5-7,12-15,21-22,25-26,28,36-38H,8-11,16-19H2,1-4H3,(H,33,39)(H,34,40)",QTSSATVFYFFGRH-UHFFFAOYSA-N,CC1=C(C=CC(=C1O)O)C(=O)NC(CSC2=CC=CC=C2)C(CN3CC4CCCCC4CC3C(=O)NC(C)(C)C)O,,,C32H45N3O5S,583.30799254,5.098900000000002,2,1,1,BTM00017,BTM00017,Hydroxylation of benzene on carbon para to electron donating group,BTMR1047,"CYP1A2
CYP2C8
CYP2C9
CYP2D6
CYP3A4",HUMAN,,CC1=C(C=CC=C1O)C(=O)NC(CSC2=CC=CC=C2)C(CN3CC4CCCCC4CC3C(=O)NC(C)(C)C)O,"InChI=1S/C32H45N3O4S/c1-21-25(15-10-16-28(21)36)30(38)33-26(20-40-24-13-6-5-7-14-24)29(37)19-35-18-23-12-9-8-11-22(23)17-27(35)31(39)34-32(2,3)4/h5-7,10,13-16,22-23,26-27,29,36-37H,8-9,11-12,17-20H2,1-4H3,(H,33,38)(H,34,39)",QAGYKUNXZHXKMR-UHFFFAOYSA-N,,567.3130
"InChI=1S/C32H45N3O5S/c1-20-23(15-10-16-27(20)36)29(38)33-25(19-41-22-12-6-5-7-13-22)28(37)18-35-26(30(39)34-32(2,3)4)17-21-11-8-9-14-24(21)31(35)40/h5-7,10,12-13,15-16,21,24-26,28,31,36-37,40H,8-9,11,14,17-19H2,1-4H3,(H,33,38)(H,34,39)",NUENBYPUJODJAT-UHFFFAOYSA-N,CC1=C(C=CC=C1O)C(=O)NC(CSC2=CC=CC=C2)C(CN3C(C4CCCCC4CC3C(=O)NC(C)(C)C)O)O,,,C32H45N3O5S,583.3079925400001,4.897200000000002,2,1,1,BTM00018,BTM00018,Hydroxylation of heteroalicyclic secondary carbon,BTMR1070,"CYP1A2
CYP2A6
CYP2C9
CYP2D6
CYP3A4",HUMAN,,CC1=C(C=CC=C1O)C(=O)NC(CSC2=CC=CC=C2)C(CN3CC4CCCCC4CC3C(=O)NC(C)(C)C)O,"InChI=1S/C32H45N3O4S/c1-21-25(15-10-16-28(21)36)30(38)33-26(20-40-24-13-6-5-7-14-24)29(37)19-35-18-23-12-9-8-11-22(23)17-27(35)31(39)34-32(2,3)4/h5-7,10,13-16,22-23,26-27,29,36-37H,8-9,11-12,17-20H2,1-4H3,(H,33,38)(H,34,39)",QAGYKUNXZHXKMR-UHFFFAOYSA-N,,567.3130
"InChI=1S/C32H45N3O5S/c1-20-23(15-10-16-26(20)36)30(39)33-25(19-41-22-12-6-5-7-13-22)27(37)18-35-17-21-11-8-9-14-24(21)29(38)28(35)31(40)34-32(2,3)4/h5-7,10,12-13,15-16,21,24-25,27-29,36-38H,8-9,11,14,17-19H2,1-4H3,(H,33,39)(H,34,40)",BDLJZLBTKBAPRU-UHFFFAOYSA-N,CC1=C(C=CC=C1O)C(=O)NC(CSC2=CC=CC=C2)C(CN3CC4CCCCC4C(C3C(=O)NC(C)(C)C)O)O,,,C32H45N3O5S,583.3079925400001,4.466899999999999,2,1,1,BTM00019,BTM00019,Hydroxylation of heteroalicyclic secondary carbon,BTMR1071,CYP1A2,HUMAN,,CC1=C(C=CC=C1O)C(=O)NC(CSC2=CC=CC=C2)C(CN3CC4CCCCC4CC3C(=O)NC(C)(C)C)O,"InChI=1S/C32H45N3O4S/c1-21-25(15-10-16-28(21)36)30(38)33-26(20-40-24-13-6-5-7-14-24)29(37)19-35-18-23-12-9-8-11-22(23)17-27(35)31(39)34-32(2,3)4/h5-7,10,13-16,22-23,26-27,29,36-37H,8-9,11-12,17-20H2,1-4H3,(H,33,38)(H,34,39)",QAGYKUNXZHXKMR-UHFFFAOYSA-N,,567.3130
"InChI=1S/C32H45N3O5S/c1-21-25(15-10-16-28(21)36)30(38)33-26(20-41(40)24-13-6-5-7-14-24)29(37)19-35-18-23-12-9-8-11-22(23)17-27(35)31(39)34-32(2,3)4/h5-7,10,13-16,22-23,26-27,29,36-37H,8-9,11-12,17-20H2,1-4H3,(H,33,38)(H,34,39)",RSOLVRGGAAUFHC-UHFFFAOYSA-N,CC1=C(C=CC=C1O)C(=O)NC(CS(C2=CC=CC=C2)=O)C(CN3CC4CCCCC4CC3C(=O)NC(C)(C)C)O,,,C32H45N3O5S,583.30799254,4.254500000000004,1,1,1,BTM00020,BTM00020,S-Oxidation of alkylarylthioether to sulfoxide,BTMR0058,"CYP1A2
CYP2A6
CYP2B6
CYP2C9
CYP2D6
CYP2E1
CYP3A4",HUMAN,,CC1=C(C=CC=C1O)C(=O)NC(CSC2=CC=CC=C2)C(CN3CC4CCCCC4CC3C(=O)NC(C)(C)C)O,"InChI=1S/C32H45N3O4S/c1-21-25(15-10-16-28(21)36)30(38)33-26(20-40-24-13-6-5-7-14-24)29(37)19-35-18-23-12-9-8-11-22(23)17-27(35)31(39)34-32(2,3)4/h5-7,10,13-16,22-23,26-27,29,36-37H,8-9,11-12,17-20H2,1-4H3,(H,33,38)(H,34,39)",QAGYKUNXZHXKMR-UHFFFAOYSA-N,,567.3130
"InChI=1S/C32H45N3O5S/c1-21-25(14-9-15-28(21)37)30(39)33-26(19-41-24-12-5-4-6-13-24)29(38)18-35-17-23-11-8-7-10-22(23)16-27(35)31(40)34-32(2,3)20-36/h4-6,9,12-15,22-23,26-27,29,36-38H,7-8,10-11,16-20H2,1-3H3,(H,33,39)(H,34,40)",SLEPDNKZXLVSOH-UHFFFAOYSA-N,CC1=C(C=CC=C1O)C(=O)NC(CSC2=CC=CC=C2)C(CN3CC4CCCCC4CC3C(=O)NC(C)(C)CO)O,,,C32H45N3O5S,583.30799254,4.478100000000005,1,2,2,BTM00021,BTM00021,Hydroxylation of terminal methyl,BTMR1061,"CYP1A2
CYP2A6
CYP2B6
CYP2C8
CYP2C9
CYP2C19
CYP2D6
CYP2E1
CYP3A4",HUMAN,,CC1=C(C=CC=C1O)C(=O)NC(CSC2=CC=CC=C2)C(CN3CC4CCCCC4CC3C(=O)NC(C)(C)C)O,"InChI=1S/C32H45N3O4S/c1-21-25(15-10-16-28(21)36)30(38)33-26(20-40-24-13-6-5-7-14-24)29(37)19-35-18-23-12-9-8-11-22(23)17-27(35)31(39)34-32(2,3)4/h5-7,10,13-16,22-23,26-27,29,36-37H,8-9,11-12,17-20H2,1-4H3,(H,33,38)(H,34,39)",QAGYKUNXZHXKMR-UHFFFAOYSA-N,,567.3130
"InChI=1S/C32H45N3O5S/c1-21-24(14-10-15-27(21)36)29(38)33-25(19-41-23-12-6-5-7-13-23)28(37)18-35-20-32(40)16-9-8-11-22(32)17-26(35)30(39)34-31(2,3)4/h5-7,10,12-15,22,25-26,28,36-37,40H,8-9,11,16-20H2,1-4H3,(H,33,38)(H,34,39)",PPDMKWQJMXIQAV-UHFFFAOYSA-N,CC1=C(C=CC=C1O)C(=O)NC(CSC2=CC=CC=C2)C(CN3CC4(CCCCC4CC3C(=O)NC(C)(C)C)O)O,,,C32H45N3O5S,583.30799254,4.4201000000000015,1,1,1,BTM00022,BTM00022,Hydroxylation of alicyclic tertiary carbon,BTMR1243,CYP1A2,HUMAN,,CC1=C(C=CC=C1O)C(=O)NC(CSC2=CC=CC=C2)C(CN3CC4CCCCC4CC3C(=O)NC(C)(C)C)O,"InChI=1S/C32H45N3O4S/c1-21-25(15-10-16-28(21)36)30(38)33-26(20-40-24-13-6-5-7-14-24)29(37)19-35-18-23-12-9-8-11-22(23)17-27(35)31(39)34-32(2,3)4/h5-7,10,13-16,22-23,26-27,29,36-37H,8-9,11-12,17-20H2,1-4H3,(H,33,38)(H,34,39)",QAGYKUNXZHXKMR-UHFFFAOYSA-N,,567.3130
"InChI=1S/C32H45N3O5S/c1-21-24(14-10-15-27(21)36)29(38)33-25(20-41-23-12-6-5-7-13-23)28(37)19-35-18-22-11-8-9-16-32(22,40)17-26(35)30(39)34-31(2,3)4/h5-7,10,12-15,22,25-26,28,36-37,40H,8-9,11,16-20H2,1-4H3,(H,33,38)(H,34,39)",LOAJQUQBUCQLKT-UHFFFAOYSA-N,CC1=C(C=CC=C1O)C(=O)NC(CSC2=CC=CC=C2)C(CN3CC4CCCCC4(CC3C(=O)NC(C)(C)C)O)O,,,C32H45N3O5S,583.30799254,4.031900000000001,1,1,1,BTM00023,BTM00023,Hydroxylation of alicyclic tertiary carbon,BTMR1243,CYP1A2,HUMAN,,CC1=C(C=CC=C1O)C(=O)NC(CSC2=CC=CC=C2)C(CN3CC4CCCCC4CC3C(=O)NC(C)(C)C)O,"InChI=1S/C32H45N3O4S/c1-21-25(15-10-16-28(21)36)30(38)33-26(20-40-24-13-6-5-7-14-24)29(37)19-35-18-23-12-9-8-11-22(23)17-27(35)31(39)34-32(2,3)4/h5-7,10,13-16,22-23,26-27,29,36-37H,8-9,11-12,17-20H2,1-4H3,(H,33,38)(H,34,39)",QAGYKUNXZHXKMR-UHFFFAOYSA-N,,567.3130
"InChI=1S/C32H45N3O5S/c1-20-24(15-10-16-27(20)36)29(38)33-25(19-41-23-13-6-5-7-14-23)28(37)31(40)35-18-22-12-9-8-11-21(22)17-26(35)30(39)34-32(2,3)4/h5-7,10,13-16,21-22,25-26,28,31,36-37,40H,8-9,11-12,17-19H2,1-4H3,(H,33,38)(H,34,39)",GHXVYHAPTMDQHD-UHFFFAOYSA-N,CC1=C(C=CC=C1O)C(=O)NC(CSC2=CC=CC=C2)C(C(N3CC4CCCCC4CC3C(=O)NC(C)(C)C)O)O,,,C32H45N3O5S,583.30799254,5.026600000000003,2,1,1,BTM00024,BTM00024,Aliphatic hydroxylation of carbon alpha to secondary or tertiary alkyl-N,BTMR1081,"CYP2B6
CYP2C19
CYP2D6",HUMAN,,CC1=C(C=CC=C1O)C(=O)NC(CSC2=CC=CC=C2)C(CN3CC4CCCCC4CC3C(=O)NC(C)(C)C)O,"InChI=1S/C32H45N3O4S/c1-21-25(15-10-16-28(21)36)30(38)33-26(20-40-24-13-6-5-7-14-24)29(37)19-35-18-23-12-9-8-11-22(23)17-27(35)31(39)34-32(2,3)4/h5-7,10,13-16,22-23,26-27,29,36-37H,8-9,11-12,17-20H2,1-4H3,(H,33,38)(H,34,39)",QAGYKUNXZHXKMR-UHFFFAOYSA-N,,567.3130
"InChI=1S/C32H45N3O5S/c1-20-23(15-10-16-27(20)36)29(38)33-25(19-41-22-12-6-5-7-13-22)28(37)18-35-26(30(39)34-32(2,3)4)17-21-11-8-9-14-24(21)31(35)40/h5-7,10,12-13,15-16,21,24-26,28,31,36-37,40H,8-9,11,14,17-19H2,1-4H3,(H,33,38)(H,34,39)",NUENBYPUJODJAT-UHFFFAOYSA-N,CC1=C(C=CC=C1O)C(=O)NC(CSC2=CC=CC=C2)C(CN3C(C4CCCCC4CC3C(=O)NC(C)(C)C)O)O,,,C32H45N3O5S,583.3079925400001,4.897200000000002,2,1,1,BTM00018,BTM00018,Aliphatic hydroxylation of carbon alpha to secondary or tertiary alkyl-N,BTMR1081,"CYP2B6
CYP2C19
CYP2D6",HUMAN,,CC1=C(C=CC=C1O)C(=O)NC(CSC2=CC=CC=C2)C(CN3CC4CCCCC4CC3C(=O)NC(C)(C)C)O,"InChI=1S/C32H45N3O4S/c1-21-25(15-10-16-28(21)36)30(38)33-26(20-40-24-13-6-5-7-14-24)29(37)19-35-18-23-12-9-8-11-22(23)17-27(35)31(39)34-32(2,3)4/h5-7,10,13-16,22-23,26-27,29,36-37H,8-9,11-12,17-20H2,1-4H3,(H,33,38)(H,34,39)",QAGYKUNXZHXKMR-UHFFFAOYSA-N,,567.3130
"InChI=1S/C32H45N3O5S/c1-21-25(15-10-16-27(21)36)29(38)33-26(20-41-24-13-6-5-7-14-24)28(37)19-35-18-23-12-9-8-11-22(23)17-32(35,40)30(39)34-31(2,3)4/h5-7,10,13-16,22-23,26,28,36-37,40H,8-9,11-12,17-20H2,1-4H3,(H,33,38)(H,34,39)",CKMLMDWFDUVOMT-UHFFFAOYSA-N,CC1=C(C=CC=C1O)C(=O)NC(CSC2=CC=CC=C2)C(CN3CC4CCCCC4CC3(C(=O)NC(C)(C)C)O)O,,,C32H45N3O5S,583.30799254,4.717600000000001,2,1,1,BTM00025,BTM00025,Aliphatic hydroxylation of carbon alpha to secondary or tertiary alkyl-N,BTMR1081,"CYP2B6
CYP2C19
CYP2D6",HUMAN,,CC1=C(C=CC=C1O)C(=O)NC(CSC2=CC=CC=C2)C(CN3CC4CCCCC4CC3C(=O)NC(C)(C)C)O,"InChI=1S/C32H45N3O4S/c1-21-25(15-10-16-28(21)36)30(38)33-26(20-40-24-13-6-5-7-14-24)29(37)19-35-18-23-12-9-8-11-22(23)17-27(35)31(39)34-32(2,3)4/h5-7,10,13-16,22-23,26-27,29,36-37H,8-9,11-12,17-20H2,1-4H3,(H,33,38)(H,34,39)",QAGYKUNXZHXKMR-UHFFFAOYSA-N,,567.3130
"InChI=1S/C39H55N3O10S/c1-22-26(16-11-17-30(22)51-38-33(46)31(44)32(45)34(52-38)37(49)50)35(47)40-27(21-53(5)25-14-7-6-8-15-25)29(43)20-42-19-24-13-10-9-12-23(24)18-28(42)36(48)41-39(2,3)4/h6-8,11,14-17,23-24,27-29,31-34,38,43-46H,9-10,12-13,18-21H2,1-5H3,(H2-,40,41,47,48,49,50)/p+1",DOFOYCSPZBXFNU-UHFFFAOYSA-O,CC1=C(C=CC=C1OC2OC(C(O)=O)C(C(C2O)O)O)C(=O)NC(C[S+](C3=CC=CC=C3)C)C(CN4CC5CCCCC5CC4C(=O)NC(C)(C)C)O,,,[C39H56N3O10S]+,758.368640992,3.1825,4,2,2,BTM00026,BTM00026,Aromatic OH-glucuronidation,BTMR0166,EC 2.4.1.17,HUMAN,BTM00001,CC1=C(C=CC=C1O)C(=O)NC(C[S+](C2=CC=CC=C2)C)C(CN3CC4CCCCC4CC3C(=O)NC(C)(C)C)O,"InChI=1S/C33H47N3O4S/c1-22-26(16-11-17-29(22)37)31(39)34-27(21-41(5)25-14-7-6-8-15-25)30(38)20-36-19-24-13-10-9-12-23(24)18-28(36)32(40)35-33(2,3)4/h6-8,11,14-17,23-24,27-28,30,38H,9-10,12-13,18-21H2,1-5H3,(H2-,34,35,37,39,40)/p+1",UXMYEKAWICIXPG-UHFFFAOYSA-O,4.878000000000003,582.336553016
"InChI=1S/C33H47N3O7S2/c1-22-26(16-11-17-30(22)43-45(40,41)42)31(38)34-27(21-44(5)25-14-7-6-8-15-25)29(37)20-36-19-24-13-10-9-12-23(24)18-28(36)32(39)35-33(2,3)4/h6-8,11,14-17,23-24,27-29,37H,9-10,12-13,18-21H2,1-5H3,(H2-,34,35,38,39,40,41,42)/p+1",LJRPZUNWWKQLGQ-UHFFFAOYSA-O,CC1=C(C=CC=C1OS(O)(=O)=O)C(=O)NC(C[S+](C2=CC=CC=C2)C)C(CN3CC4CCCCC4CC3C(=O)NC(C)(C)C)O,,,[C33H48N3O7S2]+,662.2933678759999,4.141200000000002,1,2,2,BTM00027,BTM00027,Sulfonation of phenolic compound,BTMR1376,EC 2.8.2.1,HUMAN,BTM00001,CC1=C(C=CC=C1O)C(=O)NC(C[S+](C2=CC=CC=C2)C)C(CN3CC4CCCCC4CC3C(=O)NC(C)(C)C)O,"InChI=1S/C33H47N3O4S/c1-22-26(16-11-17-29(22)37)31(39)34-27(21-41(5)25-14-7-6-8-15-25)30(38)20-36-19-24-13-10-9-12-23(24)18-28(36)32(40)35-33(2,3)4/h6-8,11,14-17,23-24,27-28,30,38H,9-10,12-13,18-21H2,1-5H3,(H2-,34,35,37,39,40)/p+1",UXMYEKAWICIXPG-UHFFFAOYSA-O,4.878000000000003,582.336553016
"InChI=1S/C33H47N3O7S2/c1-22-26(16-11-17-29(22)37)31(38)34-27(21-44(5)25-14-7-6-8-15-25)30(43-45(40,41)42)20-36-19-24-13-10-9-12-23(24)18-28(36)32(39)35-33(2,3)4/h6-8,11,14-17,23-24,27-28,30H,9-10,12-13,18-21H2,1-5H3,(H3-,34,35,37,38,39,40,41,42)/p+1",BQDILGFEFKVZEO-UHFFFAOYSA-O,CC1=C(C=CC=C1O)C(=O)NC(C[S+](C2=CC=CC=C2)C)C(CN3CC4CCCCC4CC3C(=O)NC(C)(C)C)OS(O)(=O)=O,,,[C33H48N3O7S2]+,662.2933678759999,4.298700000000003,1,2,2,BTM00028,BTM00028,Sulfation of secondary alcohol,BTMR0502,EC 2.8.2.2,HUMAN,BTM00001,CC1=C(C=CC=C1O)C(=O)NC(C[S+](C2=CC=CC=C2)C)C(CN3CC4CCCCC4CC3C(=O)NC(C)(C)C)O,"InChI=1S/C33H47N3O4S/c1-22-26(16-11-17-29(22)37)31(39)34-27(21-41(5)25-14-7-6-8-15-25)30(38)20-36-19-24-13-10-9-12-23(24)18-28(36)32(40)35-33(2,3)4/h6-8,11,14-17,23-24,27-28,30,38H,9-10,12-13,18-21H2,1-5H3,(H2-,34,35,37,39,40)/p+1",UXMYEKAWICIXPG-UHFFFAOYSA-O,4.878000000000003,582.336553016
"InChI=1S/C34H49N3O4S/c1-23-27(17-12-18-31(23)41-5)32(39)35-28(22-42(6)26-15-8-7-9-16-26)30(38)21-37-20-25-14-11-10-13-24(25)19-29(37)33(40)36-34(2,3)4/h7-9,12,15-18,24-25,28-30,38H,10-11,13-14,19-22H2,1-6H3,(H-,35,36,39,40)/p+1",WZDYHWBRTPUSMK-UHFFFAOYSA-O,CC1=C(C=CC=C1OC)C(=O)NC(C[S+](C2=CC=CC=C2)C)C(CN3CC4CCCCC4CC3C(=O)NC(C)(C)C)O,,,[C34H50N3O4S]+,596.35220308,5.129000000000006,2,2,2,BTM00029,BTM00029,Methylation of phenolic compound,BTMR1377,EC 2.1.1.25,HUMAN,BTM00001,CC1=C(C=CC=C1O)C(=O)NC(C[S+](C2=CC=CC=C2)C)C(CN3CC4CCCCC4CC3C(=O)NC(C)(C)C)O,"InChI=1S/C33H47N3O4S/c1-22-26(16-11-17-29(22)37)31(39)34-27(21-41(5)25-14-7-6-8-15-25)30(38)20-36-19-24-13-10-9-12-23(24)18-28(36)32(40)35-33(2,3)4/h6-8,11,14-17,23-24,27-28,30,38H,9-10,12-13,18-21H2,1-5H3,(H2-,34,35,37,39,40)/p+1",UXMYEKAWICIXPG-UHFFFAOYSA-O,4.878000000000003,582.336553016
"InChI=1S/C34H49N3O4S/c1-23-27(17-12-18-31(23)41-5)32(39)35-28(22-42(6)26-15-8-7-9-16-26)30(38)21-37-20-25-14-11-10-13-24(25)19-29(37)33(40)36-34(2,3)4/h7-9,12,15-18,24-25,28-30,38H,10-11,13-14,19-22H2,1-6H3,(H-,35,36,39,40)/p+1",WZDYHWBRTPUSMK-UHFFFAOYSA-O,CC1=C(C=CC=C1OC)C(=O)NC(C[S+](C2=CC=CC=C2)C)C(CN3CC4CCCCC4CC3C(=O)NC(C)(C)C)O,,,[C34H50N3O4S]+,596.35220308,5.129000000000006,2,2,2,BTM00029,BTM00029,Thioether S-methylation,BTMR0214,EC 2.1.1.96,HUMAN,BTM00005,CC1=C(C=CC=C1OC)C(=O)NC(CSC2=CC=CC=C2)C(CN3CC4CCCCC4CC3C(=O)NC(C)(C)C)O,"InChI=1S/C33H47N3O4S/c1-22-26(16-11-17-30(22)40-5)31(38)34-27(21-41-25-14-7-6-8-15-25)29(37)20-36-19-24-13-10-9-12-23(24)18-28(36)32(39)35-33(2,3)4/h6-8,11,14-17,23-24,27-29,37H,9-10,12-13,18-21H2,1-5H3,(H,34,38)(H,35,39)",JSUUPWPDOBWVCZ-UHFFFAOYSA-N,5.617300000000003,581.328727984
"InChI=1S/C39H55N3O10S/c1-22-26(16-11-17-29(22)50-5)35(46)40-27(21-53-25-14-7-6-8-15-25)30(51-38-33(45)31(43)32(44)34(52-38)37(48)49)20-42-19-24-13-10-9-12-23(24)18-28(42)36(47)41-39(2,3)4/h6-8,11,14-17,23-24,27-28,30-34,38,43-45H,9-10,12-13,18-21H2,1-5H3,(H,40,46)(H,41,47)(H,48,49)",HXANSRIAJAWPIM-UHFFFAOYSA-N,CC1=C(C=CC=C1OC)C(=O)NC(CSC2=CC=CC=C2)C(CN3CC4CCCCC4CC3C(=O)NC(C)(C)C)OC5OC(C(O)=O)C(C(C5O)O)O,,,C39H55N3O10S,757.36081596,4.0793,4,2,2,BTM00030,BTM00030,Alkyl-OH-glucuronidation,BTMR0165,EC 2.4.1.17,HUMAN,BTM00005,CC1=C(C=CC=C1OC)C(=O)NC(CSC2=CC=CC=C2)C(CN3CC4CCCCC4CC3C(=O)NC(C)(C)C)O,"InChI=1S/C33H47N3O4S/c1-22-26(16-11-17-30(22)40-5)31(38)34-27(21-41-25-14-7-6-8-15-25)29(37)20-36-19-24-13-10-9-12-23(24)18-28(36)32(39)35-33(2,3)4/h6-8,11,14-17,23-24,27-29,37H,9-10,12-13,18-21H2,1-5H3,(H,34,38)(H,35,39)",JSUUPWPDOBWVCZ-UHFFFAOYSA-N,5.617300000000003,581.328727984
"InChI=1S/C33H47N3O7S2/c1-22-26(16-11-17-29(22)42-5)31(37)34-27(21-44-25-14-7-6-8-15-25)30(43-45(39,40)41)20-36-19-24-13-10-9-12-23(24)18-28(36)32(38)35-33(2,3)4/h6-8,11,14-17,23-24,27-28,30H,9-10,12-13,18-21H2,1-5H3,(H,34,37)(H,35,38)(H,39,40,41)",GXISNANWFHBYGO-UHFFFAOYSA-N,CC1=C(C=CC=C1OC)C(=O)NC(CSC2=CC=CC=C2)C(CN3CC4CCCCC4CC3C(=O)NC(C)(C)C)OS(O)(=O)=O,,,C33H47N3O7S2,661.285542844,5.038000000000003,2,2,2,BTM00031,BTM00031,Sulfation of secondary alcohol,BTMR0502,EC 2.8.2.2,HUMAN,BTM00005,CC1=C(C=CC=C1OC)C(=O)NC(CSC2=CC=CC=C2)C(CN3CC4CCCCC4CC3C(=O)NC(C)(C)C)O,"InChI=1S/C33H47N3O4S/c1-22-26(16-11-17-30(22)40-5)31(38)34-27(21-41-25-14-7-6-8-15-25)29(37)20-36-19-24-13-10-9-12-23(24)18-28(36)32(39)35-33(2,3)4/h6-8,11,14-17,23-24,27-29,37H,9-10,12-13,18-21H2,1-5H3,(H,34,38)(H,35,39)",JSUUPWPDOBWVCZ-UHFFFAOYSA-N,5.617300000000003,581.328727984
"InChI=1S/C33H45N3O4S/c1-22-26(16-11-17-29(22)37)31(39)34-27(21-41(5)25-14-7-6-8-15-25)30(38)20-36-19-24-13-10-9-12-23(24)18-28(36)32(40)35-33(2,3)4/h6-8,11,14-17,23-24,27-28H,9-10,12-13,18-21H2,1-5H3,(H2-,34,35,37,39,40)/p+1",RFCOIONNGLZIHY-UHFFFAOYSA-O,CC1=C(C=CC=C1O)C(=O)NC(C[S+](C2=CC=CC=C2)C)C(CN3CC4CCCCC4CC3C(=O)NC(C)(C)C)=O,,,[C33H46N3O4S]+,580.320902952,5.1249,2,1,1,BTM00032,BTM00032,Thioether S-methylation,BTMR0214,EC 2.1.1.96,HUMAN,BTM00006,CC1=C(C=CC=C1O)C(=O)NC(CSC2=CC=CC=C2)C(CN3CC4CCCCC4CC3C(=O)NC(C)(C)C)=O,"InChI=1S/C32H43N3O4S/c1-21-25(15-10-16-28(21)36)30(38)33-26(20-40-24-13-6-5-7-14-24)29(37)19-35-18-23-12-9-8-11-22(23)17-27(35)31(39)34-32(2,3)4/h5-7,10,13-16,22-23,26-27,36H,8-9,11-12,17-20H2,1-4H3,(H,33,38)(H,34,39)",KQLPJFJGDGNDFA-UHFFFAOYSA-N,5.613200000000001,565.297427856
"InChI=1S/C38H51N3O10S/c1-21-25(15-10-16-29(21)50-37-32(45)30(43)31(44)33(51-37)36(48)49)34(46)39-26(20-52-24-13-6-5-7-14-24)28(42)19-41-18-23-12-9-8-11-22(23)17-27(41)35(47)40-38(2,3)4/h5-7,10,13-16,22-23,26-27,30-33,37,43-45H,8-9,11-12,17-20H2,1-4H3,(H,39,46)(H,40,47)(H,48,49)",CHMGUSRZMHAUPG-UHFFFAOYSA-N,CC1=C(C=CC=C1OC2OC(C(O)=O)C(C(C2O)O)O)C(=O)NC(CSC3=CC=CC=C3)C(CN4CC5CCCCC5CC4C(=O)NC(C)(C)C)=O,,,C38H51N3O10S,741.329515832,3.9177000000000026,3,2,2,BTM00033,BTM00033,Aromatic OH-glucuronidation,BTMR0166,EC 2.4.1.17,HUMAN,BTM00006,CC1=C(C=CC=C1O)C(=O)NC(CSC2=CC=CC=C2)C(CN3CC4CCCCC4CC3C(=O)NC(C)(C)C)=O,"InChI=1S/C32H43N3O4S/c1-21-25(15-10-16-28(21)36)30(38)33-26(20-40-24-13-6-5-7-14-24)29(37)19-35-18-23-12-9-8-11-22(23)17-27(35)31(39)34-32(2,3)4/h5-7,10,13-16,22-23,26-27,36H,8-9,11-12,17-20H2,1-4H3,(H,33,38)(H,34,39)",KQLPJFJGDGNDFA-UHFFFAOYSA-N,5.613200000000001,565.297427856
"InChI=1S/C32H43N3O7S2/c1-21-25(15-10-16-29(21)42-44(39,40)41)30(37)33-26(20-43-24-13-6-5-7-14-24)28(36)19-35-18-23-12-9-8-11-22(23)17-27(35)31(38)34-32(2,3)4/h5-7,10,13-16,22-23,26-27H,8-9,11-12,17-20H2,1-4H3,(H,33,37)(H,34,38)(H,39,40,41)",JGNZSODSKNZCQN-UHFFFAOYSA-N,CC1=C(C=CC=C1OS(O)(=O)=O)C(=O)NC(CSC2=CC=CC=C2)C(CN3CC4CCCCC4CC3C(=O)NC(C)(C)C)=O,,,C32H43N3O7S2,645.254242716,4.8764,1,2,2,BTM00034,BTM00034,Sulfonation of phenolic compound,BTMR1376,EC 2.8.2.1,HUMAN,BTM00006,CC1=C(C=CC=C1O)C(=O)NC(CSC2=CC=CC=C2)C(CN3CC4CCCCC4CC3C(=O)NC(C)(C)C)=O,"InChI=1S/C32H43N3O4S/c1-21-25(15-10-16-28(21)36)30(38)33-26(20-40-24-13-6-5-7-14-24)29(37)19-35-18-23-12-9-8-11-22(23)17-27(35)31(39)34-32(2,3)4/h5-7,10,13-16,22-23,26-27,36H,8-9,11-12,17-20H2,1-4H3,(H,33,38)(H,34,39)",KQLPJFJGDGNDFA-UHFFFAOYSA-N,5.613200000000001,565.297427856
"InChI=1S/C33H45N3O4S/c1-22-26(16-11-17-30(22)40-5)31(38)34-27(21-41-25-14-7-6-8-15-25)29(37)20-36-19-24-13-10-9-12-23(24)18-28(36)32(39)35-33(2,3)4/h6-8,11,14-17,23-24,27-28H,9-10,12-13,18-21H2,1-5H3,(H,34,38)(H,35,39)",IAMKJBIKYRMAAQ-UHFFFAOYSA-N,CC1=C(C=CC=C1OC)C(=O)NC(CSC2=CC=CC=C2)C(CN3CC4CCCCC4CC3C(=O)NC(C)(C)C)=O,,,C33H45N3O4S,579.3130779200001,5.8642,2,1,1,BTM00035,BTM00035,Methylation of phenolic compound,BTMR1377,EC 2.1.1.25,HUMAN,BTM00006,CC1=C(C=CC=C1O)C(=O)NC(CSC2=CC=CC=C2)C(CN3CC4CCCCC4CC3C(=O)NC(C)(C)C)=O,"InChI=1S/C32H43N3O4S/c1-21-25(15-10-16-28(21)36)30(38)33-26(20-40-24-13-6-5-7-14-24)29(37)19-35-18-23-12-9-8-11-22(23)17-27(35)31(39)34-32(2,3)4/h5-7,10,13-16,22-23,26-27,36H,8-9,11-12,17-20H2,1-4H3,(H,33,38)(H,34,39)",KQLPJFJGDGNDFA-UHFFFAOYSA-N,5.613200000000001,565.297427856
"InChI=1S/C33H47N3O5S/c1-21-27(37)15-16-28(38)30(21)32(41)34-25(20-42(5)24-13-7-6-8-14-24)29(39)19-36-18-23-12-10-9-11-22(23)17-26(36)31(40)35-33(2,3)4/h6-8,13-16,22-23,25-26,29,39H,9-12,17-20H2,1-5H3,(H3-,34,35,37,38,40,41)/p+1",JQALIRYOOMOCBT-UHFFFAOYSA-O,CC1=C(C(=CC=C1O)O)C(=O)NC(C[S+](C2=CC=CC=C2)C)C(CN3CC4CCCCC4CC3C(=O)NC(C)(C)C)O,,,[C33H48N3O5S]+,598.3314676360001,4.610600000000002,2,1,1,BTM00036,BTM00036,Thioether S-methylation,BTMR0214,EC 2.1.1.96,HUMAN,BTM00007,CC1=C(C(=CC=C1O)O)C(=O)NC(CSC2=CC=CC=C2)C(CN3CC4CCCCC4CC3C(=O)NC(C)(C)C)O,"InChI=1S/C32H45N3O5S/c1-20-26(36)14-15-27(37)29(20)31(40)33-24(19-41-23-12-6-5-7-13-23)28(38)18-35-17-22-11-9-8-10-21(22)16-25(35)30(39)34-32(2,3)4/h5-7,12-15,21-22,24-25,28,36-38H,8-11,16-19H2,1-4H3,(H,33,40)(H,34,39)",WCWYSPCYCBIXCS-UHFFFAOYSA-N,5.098900000000002,583.3079925400001
"InChI=1S/C38H53N3O11S/c1-20-26(42)14-15-28(51-37-32(46)30(44)31(45)33(52-37)36(49)50)29(20)35(48)39-24(19-53-23-12-6-5-7-13-23)27(43)18-41-17-22-11-9-8-10-21(22)16-25(41)34(47)40-38(2,3)4/h5-7,12-15,21-22,24-25,27,30-33,37,42-46H,8-11,16-19H2,1-4H3,(H,39,48)(H,40,47)(H,49,50)",MVQIKNHTTCYWHN-UHFFFAOYSA-N,CC1=C(C(=CC=C1O)OC2OC(C(O)=O)C(C(C2O)O)O)C(=O)NC(CSC3=CC=CC=C3)C(CN4CC5CCCCC5CC4C(=O)NC(C)(C)C)O,,,C38H53N3O11S,759.3400805160001,3.4033999999999986,3,2,2,BTM00037,BTM00037,Aromatic OH-glucuronidation,BTMR0166,EC 2.4.1.17,HUMAN,BTM00007,CC1=C(C(=CC=C1O)O)C(=O)NC(CSC2=CC=CC=C2)C(CN3CC4CCCCC4CC3C(=O)NC(C)(C)C)O,"InChI=1S/C32H45N3O5S/c1-20-26(36)14-15-27(37)29(20)31(40)33-24(19-41-23-12-6-5-7-13-23)28(38)18-35-17-22-11-9-8-10-21(22)16-25(35)30(39)34-32(2,3)4/h5-7,12-15,21-22,24-25,28,36-38H,8-11,16-19H2,1-4H3,(H,33,40)(H,34,39)",WCWYSPCYCBIXCS-UHFFFAOYSA-N,5.098900000000002,583.3079925400001
"InChI=1S/C38H53N3O11S/c1-20-28(51-37-32(46)30(44)31(45)33(52-37)36(49)50)15-14-26(42)29(20)35(48)39-24(19-53-23-12-6-5-7-13-23)27(43)18-41-17-22-11-9-8-10-21(22)16-25(41)34(47)40-38(2,3)4/h5-7,12-15,21-22,24-25,27,30-33,37,42-46H,8-11,16-19H2,1-4H3,(H,39,48)(H,40,47)(H,49,50)",QLBRSBJLJPYOKS-UHFFFAOYSA-N,CC1=C(C(=CC=C1OC2OC(C(O)=O)C(C(C2O)O)O)O)C(=O)NC(CSC3=CC=CC=C3)C(CN4CC5CCCCC5CC4C(=O)NC(C)(C)C)O,,,C38H53N3O11S,759.3400805160001,3.4033999999999986,4,2,2,BTM00038,BTM00038,Aromatic OH-glucuronidation,BTMR0166,EC 2.4.1.17,HUMAN,BTM00007,CC1=C(C(=CC=C1O)O)C(=O)NC(CSC2=CC=CC=C2)C(CN3CC4CCCCC4CC3C(=O)NC(C)(C)C)O,"InChI=1S/C32H45N3O5S/c1-20-26(36)14-15-27(37)29(20)31(40)33-24(19-41-23-12-6-5-7-13-23)28(38)18-35-17-22-11-9-8-10-21(22)16-25(35)30(39)34-32(2,3)4/h5-7,12-15,21-22,24-25,28,36-38H,8-11,16-19H2,1-4H3,(H,33,40)(H,34,39)",WCWYSPCYCBIXCS-UHFFFAOYSA-N,5.098900000000002,583.3079925400001
"InChI=1S/C32H45N3O8S2/c1-20-26(36)14-15-28(43-45(40,41)42)29(20)31(39)33-24(19-44-23-12-6-5-7-13-23)27(37)18-35-17-22-11-9-8-10-21(22)16-25(35)30(38)34-32(2,3)4/h5-7,12-15,21-22,24-25,27,36-37H,8-11,16-19H2,1-4H3,(H,33,39)(H,34,38)(H,40,41,42)",PITGEVRQMRVTQK-UHFFFAOYSA-N,CC1=C(C(=CC=C1O)OS(O)(=O)=O)C(=O)NC(CSC2=CC=CC=C2)C(CN3CC4CCCCC4CC3C(=O)NC(C)(C)C)O,,,C32H45N3O8S2,663.2648074000001,4.3621000000000025,1,2,2,BTM00039,BTM00039,Sulfonation of phenolic compound,BTMR1376,EC 2.8.2.1,HUMAN,BTM00007,CC1=C(C(=CC=C1O)O)C(=O)NC(CSC2=CC=CC=C2)C(CN3CC4CCCCC4CC3C(=O)NC(C)(C)C)O,"InChI=1S/C32H45N3O5S/c1-20-26(36)14-15-27(37)29(20)31(40)33-24(19-41-23-12-6-5-7-13-23)28(38)18-35-17-22-11-9-8-10-21(22)16-25(35)30(39)34-32(2,3)4/h5-7,12-15,21-22,24-25,28,36-38H,8-11,16-19H2,1-4H3,(H,33,40)(H,34,39)",WCWYSPCYCBIXCS-UHFFFAOYSA-N,5.098900000000002,583.3079925400001
"InChI=1S/C32H45N3O8S2/c1-20-28(43-45(40,41)42)15-14-26(36)29(20)31(39)33-24(19-44-23-12-6-5-7-13-23)27(37)18-35-17-22-11-9-8-10-21(22)16-25(35)30(38)34-32(2,3)4/h5-7,12-15,21-22,24-25,27,36-37H,8-11,16-19H2,1-4H3,(H,33,39)(H,34,38)(H,40,41,42)",ZUBBYLRYIVCOHO-UHFFFAOYSA-N,CC1=C(C(=CC=C1OS(O)(=O)=O)O)C(=O)NC(CSC2=CC=CC=C2)C(CN3CC4CCCCC4CC3C(=O)NC(C)(C)C)O,,,C32H45N3O8S2,663.2648074,4.3621000000000025,1,2,2,BTM00040,BTM00040,Sulfonation of phenolic compound,BTMR1376,EC 2.8.2.1,HUMAN,BTM00007,CC1=C(C(=CC=C1O)O)C(=O)NC(CSC2=CC=CC=C2)C(CN3CC4CCCCC4CC3C(=O)NC(C)(C)C)O,"InChI=1S/C32H45N3O5S/c1-20-26(36)14-15-27(37)29(20)31(40)33-24(19-41-23-12-6-5-7-13-23)28(38)18-35-17-22-11-9-8-10-21(22)16-25(35)30(39)34-32(2,3)4/h5-7,12-15,21-22,24-25,28,36-38H,8-11,16-19H2,1-4H3,(H,33,40)(H,34,39)",WCWYSPCYCBIXCS-UHFFFAOYSA-N,5.098900000000002,583.3079925400001
"InChI=1S/C32H45N3O8S2/c1-20-26(36)14-15-27(37)29(20)31(39)33-24(19-44-23-12-6-5-7-13-23)28(43-45(40,41)42)18-35-17-22-11-9-8-10-21(22)16-25(35)30(38)34-32(2,3)4/h5-7,12-15,21-22,24-25,28,36-37H,8-11,16-19H2,1-4H3,(H,33,39)(H,34,38)(H,40,41,42)",XMTGLWRDPDEFEV-UHFFFAOYSA-N,CC1=C(C(=CC=C1O)O)C(=O)NC(CSC2=CC=CC=C2)C(CN3CC4CCCCC4CC3C(=O)NC(C)(C)C)OS(O)(=O)=O,,,C32H45N3O8S2,663.2648074,4.519600000000002,3,2,2,BTM00041,BTM00041,Sulfation of secondary alcohol,BTMR0502,EC 2.8.2.2,HUMAN,BTM00007,CC1=C(C(=CC=C1O)O)C(=O)NC(CSC2=CC=CC=C2)C(CN3CC4CCCCC4CC3C(=O)NC(C)(C)C)O,"InChI=1S/C32H45N3O5S/c1-20-26(36)14-15-27(37)29(20)31(40)33-24(19-41-23-12-6-5-7-13-23)28(38)18-35-17-22-11-9-8-10-21(22)16-25(35)30(39)34-32(2,3)4/h5-7,12-15,21-22,24-25,28,36-38H,8-11,16-19H2,1-4H3,(H,33,40)(H,34,39)",WCWYSPCYCBIXCS-UHFFFAOYSA-N,5.098900000000002,583.3079925400001
"InChI=1S/C33H47N3O5S/c1-21-27(37)15-16-29(41-5)30(21)32(40)34-25(20-42-24-13-7-6-8-14-24)28(38)19-36-18-23-12-10-9-11-22(23)17-26(36)31(39)35-33(2,3)4/h6-8,13-16,22-23,25-26,28,37-38H,9-12,17-20H2,1-5H3,(H,34,40)(H,35,39)",GCXJWCFJJZCQQY-UHFFFAOYSA-N,CC1=C(C(=CC=C1O)OC)C(=O)NC(CSC2=CC=CC=C2)C(CN3CC4CCCCC4CC3C(=O)NC(C)(C)C)O,,,C33H47N3O5S,597.323642604,5.349900000000002,2,2,2,BTM00042,BTM00042,Methylation of phenolic compound,BTMR1377,EC 2.1.1.25,HUMAN,BTM00007,CC1=C(C(=CC=C1O)O)C(=O)NC(CSC2=CC=CC=C2)C(CN3CC4CCCCC4CC3C(=O)NC(C)(C)C)O,"InChI=1S/C32H45N3O5S/c1-20-26(36)14-15-27(37)29(20)31(40)33-24(19-41-23-12-6-5-7-13-23)28(38)18-35-17-22-11-9-8-10-21(22)16-25(35)30(39)34-32(2,3)4/h5-7,12-15,21-22,24-25,28,36-38H,8-11,16-19H2,1-4H3,(H,33,40)(H,34,39)",WCWYSPCYCBIXCS-UHFFFAOYSA-N,5.098900000000002,583.3079925400001
"InChI=1S/C33H47N3O5S/c1-21-29(41-5)16-15-27(37)30(21)32(40)34-25(20-42-24-13-7-6-8-14-24)28(38)19-36-18-23-12-10-9-11-22(23)17-26(36)31(39)35-33(2,3)4/h6-8,13-16,22-23,25-26,28,37-38H,9-12,17-20H2,1-5H3,(H,34,40)(H,35,39)",XPMPJNPCCWCPLO-UHFFFAOYSA-N,CC1=C(C(=CC=C1OC)O)C(=O)NC(CSC2=CC=CC=C2)C(CN3CC4CCCCC4CC3C(=O)NC(C)(C)C)O,,,C33H47N3O5S,597.3236426039999,5.349900000000002,2,2,2,BTM00043,BTM00043,Methylation of phenolic compound,BTMR1377,EC 2.1.1.25,HUMAN,BTM00007,CC1=C(C(=CC=C1O)O)C(=O)NC(CSC2=CC=CC=C2)C(CN3CC4CCCCC4CC3C(=O)NC(C)(C)C)O,"InChI=1S/C32H45N3O5S/c1-20-26(36)14-15-27(37)29(20)31(40)33-24(19-41-23-12-6-5-7-13-23)28(38)18-35-17-22-11-9-8-10-21(22)16-25(35)30(39)34-32(2,3)4/h5-7,12-15,21-22,24-25,28,36-38H,8-11,16-19H2,1-4H3,(H,33,40)(H,34,39)",WCWYSPCYCBIXCS-UHFFFAOYSA-N,5.098900000000002,583.3079925400001
"InChI=1S/C32H43N3O5S/c1-32(2,3)34-31(40)27-16-21-10-7-8-11-22(21)17-35(27)18-29(38)26(20-41-23-12-5-4-6-13-23)33-30(39)24-14-9-15-28(37)25(24)19-36/h4-6,9,12-15,19,21-22,26-27,29,37-38H,7-8,10-11,16-18,20H2,1-3H3,(H,33,39)(H,34,40)",YWAXLXBHTLOWJQ-UHFFFAOYSA-N,C(C1=C(C=CC=C1O)C(=O)NC(CSC2=CC=CC=C2)C(CN3CC4CCCCC4CC3C(=O)NC(C)(C)C)O)=O,,,C32H43N3O5S,581.292342476,4.639500000000004,2,2,2,BTM00044,BTM00044,Dehydrogenation of primary alcohol,BTMR0029,EC 1.1.1.1,HUMAN,BTM00008,C(C1=C(C=CC=C1O)C(=O)NC(CSC2=CC=CC=C2)C(CN3CC4CCCCC4CC3C(=O)NC(C)(C)C)O)O,"InChI=1S/C32H45N3O5S/c1-32(2,3)34-31(40)27-16-21-10-7-8-11-22(21)17-35(27)18-29(38)26(20-41-23-12-5-4-6-13-23)33-30(39)24-14-9-15-28(37)25(24)19-36/h4-6,9,12-15,21-22,26-27,29,36-38H,7-8,10-11,16-20H2,1-3H3,(H,33,39)(H,34,40)",DVIBIYCEIJDYDM-UHFFFAOYSA-N,4.275600000000004,583.3079925400001
"InChI=1S/C33H47N3O5S/c1-33(2,3)35-32(41)28-17-22-11-8-9-12-23(22)18-36(28)19-30(39)27(21-42(4)24-13-6-5-7-14-24)34-31(40)25-15-10-16-29(38)26(25)20-37/h5-7,10,13-16,22-23,27-28,30,37,39H,8-9,11-12,17-21H2,1-4H3,(H2-,34,35,38,40,41)/p+1",KFUIJCOFOFTXQY-UHFFFAOYSA-O,C(C1=C(C=CC=C1O)C(=O)NC(C[S+](C2=CC=CC=C2)C)C(CN3CC4CCCCC4CC3C(=O)NC(C)(C)C)O)O,,,[C33H48N3O5S]+,598.3314676360001,3.7873000000000037,2,2,2,BTM00045,BTM00045,Thioether S-methylation,BTMR0214,EC 2.1.1.96,HUMAN,BTM00008,C(C1=C(C=CC=C1O)C(=O)NC(CSC2=CC=CC=C2)C(CN3CC4CCCCC4CC3C(=O)NC(C)(C)C)O)O,"InChI=1S/C32H45N3O5S/c1-32(2,3)34-31(40)27-16-21-10-7-8-11-22(21)17-35(27)18-29(38)26(20-41-23-12-5-4-6-13-23)33-30(39)24-14-9-15-28(37)25(24)19-36/h4-6,9,12-15,21-22,26-27,29,36-38H,7-8,10-11,16-20H2,1-3H3,(H,33,39)(H,34,40)",DVIBIYCEIJDYDM-UHFFFAOYSA-N,4.275600000000004,583.3079925400001
"InChI=1S/C38H53N3O11S/c1-38(2,3)40-35(48)27-16-21-10-7-8-11-22(21)17-41(27)18-28(43)26(20-53-23-12-5-4-6-13-23)39-34(47)24-14-9-15-29(25(24)19-42)51-37-32(46)30(44)31(45)33(52-37)36(49)50/h4-6,9,12-15,21-22,26-28,30-33,37,42-46H,7-8,10-11,16-20H2,1-3H3,(H,39,47)(H,40,48)(H,49,50)",MZEGQVDDCNSJJE-UHFFFAOYSA-N,C(C1=C(C=CC=C1OC2OC(C(O)=O)C(C(C2O)O)O)C(=O)NC(CSC3=CC=CC=C3)C(CN4CC5CCCCC5CC4C(=O)NC(C)(C)C)O)O,,,C38H53N3O11S,759.3400805160001,2.5801000000000003,3,2,2,BTM00046,BTM00046,Aromatic OH-glucuronidation,BTMR0166,EC 2.4.1.17,HUMAN,BTM00008,C(C1=C(C=CC=C1O)C(=O)NC(CSC2=CC=CC=C2)C(CN3CC4CCCCC4CC3C(=O)NC(C)(C)C)O)O,"InChI=1S/C32H45N3O5S/c1-32(2,3)34-31(40)27-16-21-10-7-8-11-22(21)17-35(27)18-29(38)26(20-41-23-12-5-4-6-13-23)33-30(39)24-14-9-15-28(37)25(24)19-36/h4-6,9,12-15,21-22,26-27,29,36-38H,7-8,10-11,16-20H2,1-3H3,(H,33,39)(H,34,40)",DVIBIYCEIJDYDM-UHFFFAOYSA-N,4.275600000000004,583.3079925400001
"InChI=1S/C32H45N3O8S2/c1-32(2,3)34-31(39)27-16-21-10-7-8-11-22(21)17-35(27)18-28(37)26(20-44-23-12-5-4-6-13-23)33-30(38)24-14-9-15-29(25(24)19-36)43-45(40,41)42/h4-6,9,12-15,21-22,26-28,36-37H,7-8,10-11,16-20H2,1-3H3,(H,33,38)(H,34,39)(H,40,41,42)",BRZAHKKWDAXNBC-UHFFFAOYSA-N,C(C1=C(C=CC=C1OS(O)(=O)=O)C(=O)NC(CSC2=CC=CC=C2)C(CN3CC4CCCCC4CC3C(=O)NC(C)(C)C)O)O,,,C32H45N3O8S2,663.2648074000001,3.5388000000000033,1,2,2,BTM00047,BTM00047,Sulfonation of phenolic compound,BTMR1376,EC 2.8.2.1,HUMAN,BTM00008,C(C1=C(C=CC=C1O)C(=O)NC(CSC2=CC=CC=C2)C(CN3CC4CCCCC4CC3C(=O)NC(C)(C)C)O)O,"InChI=1S/C32H45N3O5S/c1-32(2,3)34-31(40)27-16-21-10-7-8-11-22(21)17-35(27)18-29(38)26(20-41-23-12-5-4-6-13-23)33-30(39)24-14-9-15-28(37)25(24)19-36/h4-6,9,12-15,21-22,26-27,29,36-38H,7-8,10-11,16-20H2,1-3H3,(H,33,39)(H,34,40)",DVIBIYCEIJDYDM-UHFFFAOYSA-N,4.275600000000004,583.3079925400001
"InChI=1S/C32H45N3O8S2/c1-32(2,3)34-31(39)27-16-21-10-7-8-11-22(21)17-35(27)18-29(37)26(20-44-23-12-5-4-6-13-23)33-30(38)24-14-9-15-28(36)25(24)19-43-45(40,41)42/h4-6,9,12-15,21-22,26-27,29,36-37H,7-8,10-11,16-20H2,1-3H3,(H,33,38)(H,34,39)(H,40,41,42)",DFWQUMYIHIFAFN-UHFFFAOYSA-N,C(C1=C(C=CC=C1O)C(=O)NC(CSC2=CC=CC=C2)C(CN3CC4CCCCC4CC3C(=O)NC(C)(C)C)O)OS(O)(=O)=O,,,C32H45N3O8S2,663.2648074,3.696300000000004,2,2,2,BTM00048,BTM00048,Sulfation of primary alcohol,BTMR0501,EC 2.8.2.2,HUMAN,BTM00008,C(C1=C(C=CC=C1O)C(=O)NC(CSC2=CC=CC=C2)C(CN3CC4CCCCC4CC3C(=O)NC(C)(C)C)O)O,"InChI=1S/C32H45N3O5S/c1-32(2,3)34-31(40)27-16-21-10-7-8-11-22(21)17-35(27)18-29(38)26(20-41-23-12-5-4-6-13-23)33-30(39)24-14-9-15-28(37)25(24)19-36/h4-6,9,12-15,21-22,26-27,29,36-38H,7-8,10-11,16-20H2,1-3H3,(H,33,39)(H,34,40)",DVIBIYCEIJDYDM-UHFFFAOYSA-N,4.275600000000004,583.3079925400001
"InChI=1S/C32H45N3O8S2/c1-32(2,3)34-31(39)27-16-21-10-7-8-11-22(21)17-35(27)18-29(43-45(40,41)42)26(20-44-23-12-5-4-6-13-23)33-30(38)24-14-9-15-28(37)25(24)19-36/h4-6,9,12-15,21-22,26-27,29,36-37H,7-8,10-11,16-20H2,1-3H3,(H,33,38)(H,34,39)(H,40,41,42)",FZHVGFRVCVFVCJ-UHFFFAOYSA-N,C(C1=C(C=CC=C1O)C(=O)NC(CSC2=CC=CC=C2)C(CN3CC4CCCCC4CC3C(=O)NC(C)(C)C)OS(O)(=O)=O)O,,,C32H45N3O8S2,663.2648074,3.696300000000004,2,2,2,BTM00049,BTM00049,Sulfation of secondary alcohol,BTMR0502,EC 2.8.2.2,HUMAN,BTM00008,C(C1=C(C=CC=C1O)C(=O)NC(CSC2=CC=CC=C2)C(CN3CC4CCCCC4CC3C(=O)NC(C)(C)C)O)O,"InChI=1S/C32H45N3O5S/c1-32(2,3)34-31(40)27-16-21-10-7-8-11-22(21)17-35(27)18-29(38)26(20-41-23-12-5-4-6-13-23)33-30(39)24-14-9-15-28(37)25(24)19-36/h4-6,9,12-15,21-22,26-27,29,36-38H,7-8,10-11,16-20H2,1-3H3,(H,33,39)(H,34,40)",DVIBIYCEIJDYDM-UHFFFAOYSA-N,4.275600000000004,583.3079925400001
"InChI=1S/C33H47N3O5S/c1-33(2,3)35-32(40)28-17-22-11-8-9-12-23(22)18-36(28)19-29(38)27(21-42-24-13-6-5-7-14-24)34-31(39)25-15-10-16-30(41-4)26(25)20-37/h5-7,10,13-16,22-23,27-29,37-38H,8-9,11-12,17-21H2,1-4H3,(H,34,39)(H,35,40)",LWULVPGHXHNOAZ-UHFFFAOYSA-N,C(C1=C(C=CC=C1OC)C(=O)NC(CSC2=CC=CC=C2)C(CN3CC4CCCCC4CC3C(=O)NC(C)(C)C)O)O,,,C33H47N3O5S,597.3236426039999,4.526600000000003,2,2,2,BTM00050,BTM00050,Methylation of phenolic compound,BTMR1377,EC 2.1.1.25,HUMAN,BTM00008,C(C1=C(C=CC=C1O)C(=O)NC(CSC2=CC=CC=C2)C(CN3CC4CCCCC4CC3C(=O)NC(C)(C)C)O)O,"InChI=1S/C32H45N3O5S/c1-32(2,3)34-31(40)27-16-21-10-7-8-11-22(21)17-35(27)18-29(38)26(20-41-23-12-5-4-6-13-23)33-30(39)24-14-9-15-28(37)25(24)19-36/h4-6,9,12-15,21-22,26-27,29,36-38H,7-8,10-11,16-20H2,1-3H3,(H,33,39)(H,34,40)",DVIBIYCEIJDYDM-UHFFFAOYSA-N,4.275600000000004,583.3079925400001
"InChI=1S/C32H43N3O5S/c1-20-23(13-9-14-27(20)36)30(39)33-25(19-41-22-11-6-5-7-12-22)29(38)18-35-17-24-21(10-8-15-28(24)37)16-26(35)31(40)34-32(2,3)4/h5-7,9,11-14,21,24-26,29,36,38H,8,10,15-19H2,1-4H3,(H,33,39)(H,34,40)",SBDRKUUMIVPHTA-UHFFFAOYSA-N,CC1=C(C=CC=C1O)C(=O)NC(CSC2=CC=CC=C2)C(CN3CC4C(CCCC4CC3C(=O)NC(C)(C)C)=O)O,,,C32H43N3O5S,581.292342476,4.081700000000001,1,1,1,BTM00051,BTM00051,Dehydrogenation of secondary alcohol,BTMR0030,EC 1.1.1.1,HUMAN,BTM00009,CC1=C(C=CC=C1O)C(=O)NC(CSC2=CC=CC=C2)C(CN3CC4C(CCCC4CC3C(=O)NC(C)(C)C)O)O,"InChI=1S/C32H45N3O5S/c1-20-23(13-9-14-27(20)36)30(39)33-25(19-41-22-11-6-5-7-12-22)29(38)18-35-17-24-21(10-8-15-28(24)37)16-26(35)31(40)34-32(2,3)4/h5-7,9,11-14,21,24-26,28-29,36-38H,8,10,15-19H2,1-4H3,(H,33,39)(H,34,40)",CTTGTQDDMQLQTA-UHFFFAOYSA-N,4.135,583.3079925400001
"InChI=1S/C33H47N3O5S/c1-21-24(14-10-15-28(21)37)31(40)34-26(20-42(5)23-12-7-6-8-13-23)30(39)19-36-18-25-22(11-9-16-29(25)38)17-27(36)32(41)35-33(2,3)4/h6-8,10,12-15,22,25-27,29-30,38-39H,9,11,16-20H2,1-5H3,(H2-,34,35,37,40,41)/p+1",UWSPRLCCYGZYNZ-UHFFFAOYSA-O,CC1=C(C=CC=C1O)C(=O)NC(C[S+](C2=CC=CC=C2)C)C(CN3CC4C(CCCC4CC3C(=O)NC(C)(C)C)O)O,,,[C33H48N3O5S]+,598.3314676360001,3.6466999999999974,1,1,1,BTM00052,BTM00052,Thioether S-methylation,BTMR0214,EC 2.1.1.96,HUMAN,BTM00009,CC1=C(C=CC=C1O)C(=O)NC(CSC2=CC=CC=C2)C(CN3CC4C(CCCC4CC3C(=O)NC(C)(C)C)O)O,"InChI=1S/C32H45N3O5S/c1-20-23(13-9-14-27(20)36)30(39)33-25(19-41-22-11-6-5-7-12-22)29(38)18-35-17-24-21(10-8-15-28(24)37)16-26(35)31(40)34-32(2,3)4/h5-7,9,11-14,21,24-26,28-29,36-38H,8,10,15-19H2,1-4H3,(H,33,39)(H,34,40)",CTTGTQDDMQLQTA-UHFFFAOYSA-N,4.135,583.3079925400001
"InChI=1S/C38H53N3O11S/c1-20-23(13-9-15-29(20)51-37-32(46)30(44)31(45)33(52-37)36(49)50)34(47)39-25(19-53-22-11-6-5-7-12-22)28(43)18-41-17-24-21(10-8-14-27(24)42)16-26(41)35(48)40-38(2,3)4/h5-7,9,11-13,15,21,24-28,30-33,37,42-46H,8,10,14,16-19H2,1-4H3,(H,39,47)(H,40,48)(H,49,50)",LOWPLGCAOJWHKT-UHFFFAOYSA-N,CC1=C(C=CC=C1OC2OC(C(O)=O)C(C(C2O)O)O)C(=O)NC(CSC3=CC=CC=C3)C(CN4CC5C(CCCC5CC4C(=O)NC(C)(C)C)O)O,,,C38H53N3O11S,759.3400805160001,2.439500000000001,3,2,2,BTM00053,BTM00053,Aromatic OH-glucuronidation,BTMR0166,EC 2.4.1.17,HUMAN,BTM00009,CC1=C(C=CC=C1O)C(=O)NC(CSC2=CC=CC=C2)C(CN3CC4C(CCCC4CC3C(=O)NC(C)(C)C)O)O,"InChI=1S/C32H45N3O5S/c1-20-23(13-9-14-27(20)36)30(39)33-25(19-41-22-11-6-5-7-12-22)29(38)18-35-17-24-21(10-8-15-28(24)37)16-26(35)31(40)34-32(2,3)4/h5-7,9,11-14,21,24-26,28-29,36-38H,8,10,15-19H2,1-4H3,(H,33,39)(H,34,40)",CTTGTQDDMQLQTA-UHFFFAOYSA-N,4.135,583.3079925400001
"InChI=1S/C32H45N3O8S2/c1-20-23(13-9-15-29(20)43-45(40,41)42)30(38)33-25(19-44-22-11-6-5-7-12-22)28(37)18-35-17-24-21(10-8-14-27(24)36)16-26(35)31(39)34-32(2,3)4/h5-7,9,11-13,15,21,24-28,36-37H,8,10,14,16-19H2,1-4H3,(H,33,38)(H,34,39)(H,40,41,42)",DZABKMREFLPNMW-UHFFFAOYSA-N,CC1=C(C=CC=C1OS(O)(=O)=O)C(=O)NC(CSC2=CC=CC=C2)C(CN3CC4C(CCCC4CC3C(=O)NC(C)(C)C)O)O,,,C32H45N3O8S2,663.2648074,3.3981999999999988,1,2,2,BTM00054,BTM00054,Sulfonation of phenolic compound,BTMR1376,EC 2.8.2.1,HUMAN,BTM00009,CC1=C(C=CC=C1O)C(=O)NC(CSC2=CC=CC=C2)C(CN3CC4C(CCCC4CC3C(=O)NC(C)(C)C)O)O,"InChI=1S/C32H45N3O5S/c1-20-23(13-9-14-27(20)36)30(39)33-25(19-41-22-11-6-5-7-12-22)29(38)18-35-17-24-21(10-8-15-28(24)37)16-26(35)31(40)34-32(2,3)4/h5-7,9,11-14,21,24-26,28-29,36-38H,8,10,15-19H2,1-4H3,(H,33,39)(H,34,40)",CTTGTQDDMQLQTA-UHFFFAOYSA-N,4.135,583.3079925400001
"InChI=1S/C32H45N3O8S2/c1-20-23(13-9-14-27(20)36)30(38)33-25(19-44-22-11-6-5-7-12-22)29(43-45(40,41)42)18-35-17-24-21(10-8-15-28(24)37)16-26(35)31(39)34-32(2,3)4/h5-7,9,11-14,21,24-26,28-29,36-37H,8,10,15-19H2,1-4H3,(H,33,38)(H,34,39)(H,40,41,42)",VIQWCFWUIHWLSV-UHFFFAOYSA-N,CC1=C(C=CC=C1O)C(=O)NC(CSC2=CC=CC=C2)C(CN3CC4C(CCCC4CC3C(=O)NC(C)(C)C)O)OS(O)(=O)=O,,,C32H45N3O8S2,663.2648074,3.5556999999999994,2,2,2,BTM00055,BTM00055,Sulfation of secondary alcohol,BTMR0502,EC 2.8.2.2,HUMAN,BTM00009,CC1=C(C=CC=C1O)C(=O)NC(CSC2=CC=CC=C2)C(CN3CC4C(CCCC4CC3C(=O)NC(C)(C)C)O)O,"InChI=1S/C32H45N3O5S/c1-20-23(13-9-14-27(20)36)30(39)33-25(19-41-22-11-6-5-7-12-22)29(38)18-35-17-24-21(10-8-15-28(24)37)16-26(35)31(40)34-32(2,3)4/h5-7,9,11-14,21,24-26,28-29,36-38H,8,10,15-19H2,1-4H3,(H,33,39)(H,34,40)",CTTGTQDDMQLQTA-UHFFFAOYSA-N,4.135,583.3079925400001
"InChI=1S/C32H45N3O8S2/c1-20-23(13-9-14-27(20)36)30(38)33-25(19-44-22-11-6-5-7-12-22)28(37)18-35-17-24-21(10-8-15-29(24)43-45(40,41)42)16-26(35)31(39)34-32(2,3)4/h5-7,9,11-14,21,24-26,28-29,36-37H,8,10,15-19H2,1-4H3,(H,33,38)(H,34,39)(H,40,41,42)",RYSLCTMRLNCGNC-UHFFFAOYSA-N,CC1=C(C=CC=C1O)C(=O)NC(CSC2=CC=CC=C2)C(CN3CC4C(CCCC4CC3C(=O)NC(C)(C)C)OS(O)(=O)=O)O,,,C32H45N3O8S2,663.2648074,3.5556999999999994,2,2,2,BTM00056,BTM00056,Sulfation of secondary alcohol,BTMR0502,EC 2.8.2.2,HUMAN,BTM00009,CC1=C(C=CC=C1O)C(=O)NC(CSC2=CC=CC=C2)C(CN3CC4C(CCCC4CC3C(=O)NC(C)(C)C)O)O,"InChI=1S/C32H45N3O5S/c1-20-23(13-9-14-27(20)36)30(39)33-25(19-41-22-11-6-5-7-12-22)29(38)18-35-17-24-21(10-8-15-28(24)37)16-26(35)31(40)34-32(2,3)4/h5-7,9,11-14,21,24-26,28-29,36-38H,8,10,15-19H2,1-4H3,(H,33,39)(H,34,40)",CTTGTQDDMQLQTA-UHFFFAOYSA-N,4.135,583.3079925400001
"InChI=1S/C33H47N3O5S/c1-21-24(14-10-16-30(21)41-5)31(39)34-26(20-42-23-12-7-6-8-13-23)29(38)19-36-18-25-22(11-9-15-28(25)37)17-27(36)32(40)35-33(2,3)4/h6-8,10,12-14,16,22,25-29,37-38H,9,11,15,17-20H2,1-5H3,(H,34,39)(H,35,40)",IGVXBEIXJGKIFT-UHFFFAOYSA-N,CC1=C(C=CC=C1OC)C(=O)NC(CSC2=CC=CC=C2)C(CN3CC4C(CCCC4CC3C(=O)NC(C)(C)C)O)O,,,C33H47N3O5S,597.323642604,4.385999999999997,1,2,2,BTM00057,BTM00057,Methylation of phenolic compound,BTMR1377,EC 2.1.1.25,HUMAN,BTM00009,CC1=C(C=CC=C1O)C(=O)NC(CSC2=CC=CC=C2)C(CN3CC4C(CCCC4CC3C(=O)NC(C)(C)C)O)O,"InChI=1S/C32H45N3O5S/c1-20-23(13-9-14-27(20)36)30(39)33-25(19-41-22-11-6-5-7-12-22)29(38)18-35-17-24-21(10-8-15-28(24)37)16-26(35)31(40)34-32(2,3)4/h5-7,9,11-14,21,24-26,28-29,36-38H,8,10,15-19H2,1-4H3,(H,33,39)(H,34,40)",CTTGTQDDMQLQTA-UHFFFAOYSA-N,4.135,583.3079925400001
"InChI=1S/C32H43N3O5S/c1-20-25(11-8-12-28(20)37)30(39)33-26(19-41-24-9-6-5-7-10-24)29(38)18-35-17-22-15-23(36)14-13-21(22)16-27(35)31(40)34-32(2,3)4/h5-12,21-22,26-27,29,37-38H,13-19H2,1-4H3,(H,33,39)(H,34,40)",VGLBBMCJCMUOQL-UHFFFAOYSA-N,CC1=C(C=CC=C1O)C(=O)NC(CSC2=CC=CC=C2)C(CN3CC4CC(CCC4CC3C(=O)NC(C)(C)C)=O)O,,,C32H43N3O5S,581.292342476,3.803500000000003,1,1,1,BTM00058,BTM00058,Dehydrogenation of secondary alcohol,BTMR0030,EC 1.1.1.1,HUMAN,BTM00010,CC1=C(C=CC=C1O)C(=O)NC(CSC2=CC=CC=C2)C(CN3CC4CC(CCC4CC3C(=O)NC(C)(C)C)O)O,"InChI=1S/C32H45N3O5S/c1-20-25(11-8-12-28(20)37)30(39)33-26(19-41-24-9-6-5-7-10-24)29(38)18-35-17-22-15-23(36)14-13-21(22)16-27(35)31(40)34-32(2,3)4/h5-12,21-23,26-27,29,36-38H,13-19H2,1-4H3,(H,33,39)(H,34,40)",SFDZKODSHGPPFQ-UHFFFAOYSA-N,4.129399999999999,583.3079925400001
"InChI=1S/C33H47N3O5S/c1-21-26(12-9-13-29(21)38)31(40)34-27(20-42(5)25-10-7-6-8-11-25)30(39)19-36-18-23-16-24(37)15-14-22(23)17-28(36)32(41)35-33(2,3)4/h6-13,22-24,27-28,30,37,39H,14-20H2,1-5H3,(H2-,34,35,38,40,41)/p+1",FBOGADWQBICUSF-UHFFFAOYSA-O,CC1=C(C=CC=C1O)C(=O)NC(C[S+](C2=CC=CC=C2)C)C(CN3CC4CC(CCC4CC3C(=O)NC(C)(C)C)O)O,,,[C33H48N3O5S]+,598.3314676360001,3.6411000000000016,1,1,1,BTM00059,BTM00059,Thioether S-methylation,BTMR0214,EC 2.1.1.96,HUMAN,BTM00010,CC1=C(C=CC=C1O)C(=O)NC(CSC2=CC=CC=C2)C(CN3CC4CC(CCC4CC3C(=O)NC(C)(C)C)O)O,"InChI=1S/C32H45N3O5S/c1-20-25(11-8-12-28(20)37)30(39)33-26(19-41-24-9-6-5-7-10-24)29(38)18-35-17-22-15-23(36)14-13-21(22)16-27(35)31(40)34-32(2,3)4/h5-12,21-23,26-27,29,36-38H,13-19H2,1-4H3,(H,33,39)(H,34,40)",SFDZKODSHGPPFQ-UHFFFAOYSA-N,4.129399999999999,583.3079925400001
"InChI=1S/C38H53N3O11S/c1-20-25(11-8-12-29(20)51-37-32(46)30(44)31(45)33(52-37)36(49)50)34(47)39-26(19-53-24-9-6-5-7-10-24)28(43)18-41-17-22-15-23(42)14-13-21(22)16-27(41)35(48)40-38(2,3)4/h5-12,21-23,26-28,30-33,37,42-46H,13-19H2,1-4H3,(H,39,47)(H,40,48)(H,49,50)",QCRFMIXLIUUJMM-UHFFFAOYSA-N,CC1=C(C=CC=C1OC2OC(C(O)=O)C(C(C2O)O)O)C(=O)NC(CSC3=CC=CC=C3)C(CN4CC5CC(CCC5CC4C(=O)NC(C)(C)C)O)O,,,C38H53N3O11S,759.3400805160001,2.433899999999998,3,2,2,BTM00060,BTM00060,Aromatic OH-glucuronidation,BTMR0166,EC 2.4.1.17,HUMAN,BTM00010,CC1=C(C=CC=C1O)C(=O)NC(CSC2=CC=CC=C2)C(CN3CC4CC(CCC4CC3C(=O)NC(C)(C)C)O)O,"InChI=1S/C32H45N3O5S/c1-20-25(11-8-12-28(20)37)30(39)33-26(19-41-24-9-6-5-7-10-24)29(38)18-35-17-22-15-23(36)14-13-21(22)16-27(35)31(40)34-32(2,3)4/h5-12,21-23,26-27,29,36-38H,13-19H2,1-4H3,(H,33,39)(H,34,40)",SFDZKODSHGPPFQ-UHFFFAOYSA-N,4.129399999999999,583.3079925400001
"InChI=1S/C32H45N3O8S2/c1-20-25(11-8-12-29(20)43-45(40,41)42)30(38)33-26(19-44-24-9-6-5-7-10-24)28(37)18-35-17-22-15-23(36)14-13-21(22)16-27(35)31(39)34-32(2,3)4/h5-12,21-23,26-28,36-37H,13-19H2,1-4H3,(H,33,38)(H,34,39)(H,40,41,42)",GXPRHEMWPVBVKY-UHFFFAOYSA-N,CC1=C(C=CC=C1OS(O)(=O)=O)C(=O)NC(CSC2=CC=CC=C2)C(CN3CC4CC(CCC4CC3C(=O)NC(C)(C)C)O)O,,,C32H45N3O8S2,663.2648074,3.3925999999999976,1,2,2,BTM00061,BTM00061,Sulfonation of phenolic compound,BTMR1376,EC 2.8.2.1,HUMAN,BTM00010,CC1=C(C=CC=C1O)C(=O)NC(CSC2=CC=CC=C2)C(CN3CC4CC(CCC4CC3C(=O)NC(C)(C)C)O)O,"InChI=1S/C32H45N3O5S/c1-20-25(11-8-12-28(20)37)30(39)33-26(19-41-24-9-6-5-7-10-24)29(38)18-35-17-22-15-23(36)14-13-21(22)16-27(35)31(40)34-32(2,3)4/h5-12,21-23,26-27,29,36-38H,13-19H2,1-4H3,(H,33,39)(H,34,40)",SFDZKODSHGPPFQ-UHFFFAOYSA-N,4.129399999999999,583.3079925400001
"InChI=1S/C32H45N3O8S2/c1-20-25(11-8-12-28(20)37)30(38)33-26(19-44-24-9-6-5-7-10-24)29(43-45(40,41)42)18-35-17-22-15-23(36)14-13-21(22)16-27(35)31(39)34-32(2,3)4/h5-12,21-23,26-27,29,36-37H,13-19H2,1-4H3,(H,33,38)(H,34,39)(H,40,41,42)",IBQVXAVPDATMSG-UHFFFAOYSA-N,CC1=C(C=CC=C1O)C(=O)NC(CSC2=CC=CC=C2)C(CN3CC4CC(CCC4CC3C(=O)NC(C)(C)C)O)OS(O)(=O)=O,,,C32H45N3O8S2,663.2648074000001,3.5500999999999983,2,2,2,BTM00062,BTM00062,Sulfation of secondary alcohol,BTMR0502,EC 2.8.2.2,HUMAN,BTM00010,CC1=C(C=CC=C1O)C(=O)NC(CSC2=CC=CC=C2)C(CN3CC4CC(CCC4CC3C(=O)NC(C)(C)C)O)O,"InChI=1S/C32H45N3O5S/c1-20-25(11-8-12-28(20)37)30(39)33-26(19-41-24-9-6-5-7-10-24)29(38)18-35-17-22-15-23(36)14-13-21(22)16-27(35)31(40)34-32(2,3)4/h5-12,21-23,26-27,29,36-38H,13-19H2,1-4H3,(H,33,39)(H,34,40)",SFDZKODSHGPPFQ-UHFFFAOYSA-N,4.129399999999999,583.3079925400001
"InChI=1S/C32H45N3O8S2/c1-20-25(11-8-12-28(20)36)30(38)33-26(19-44-24-9-6-5-7-10-24)29(37)18-35-17-22-15-23(43-45(40,41)42)14-13-21(22)16-27(35)31(39)34-32(2,3)4/h5-12,21-23,26-27,29,36-37H,13-19H2,1-4H3,(H,33,38)(H,34,39)(H,40,41,42)",AWDSEMZAGXXYHY-UHFFFAOYSA-N,CC1=C(C=CC=C1O)C(=O)NC(CSC2=CC=CC=C2)C(CN3CC4CC(CCC4CC3C(=O)NC(C)(C)C)OS(O)(=O)=O)O,,,C32H45N3O8S2,663.2648074000001,3.5500999999999983,2,2,2,BTM00063,BTM00063,Sulfation of secondary alcohol,BTMR0502,EC 2.8.2.2,HUMAN,BTM00010,CC1=C(C=CC=C1O)C(=O)NC(CSC2=CC=CC=C2)C(CN3CC4CC(CCC4CC3C(=O)NC(C)(C)C)O)O,"InChI=1S/C32H45N3O5S/c1-20-25(11-8-12-28(20)37)30(39)33-26(19-41-24-9-6-5-7-10-24)29(38)18-35-17-22-15-23(36)14-13-21(22)16-27(35)31(40)34-32(2,3)4/h5-12,21-23,26-27,29,36-38H,13-19H2,1-4H3,(H,33,39)(H,34,40)",SFDZKODSHGPPFQ-UHFFFAOYSA-N,4.129399999999999,583.3079925400001
"InChI=1S/C33H47N3O5S/c1-21-26(12-9-13-30(21)41-5)31(39)34-27(20-42-25-10-7-6-8-11-25)29(38)19-36-18-23-16-24(37)15-14-22(23)17-28(36)32(40)35-33(2,3)4/h6-13,22-24,27-29,37-38H,14-20H2,1-5H3,(H,34,39)(H,35,40)",CMCBPKOWTABBFU-UHFFFAOYSA-N,CC1=C(C=CC=C1OC)C(=O)NC(CSC2=CC=CC=C2)C(CN3CC4CC(CCC4CC3C(=O)NC(C)(C)C)O)O,,,C33H47N3O5S,597.323642604,4.380400000000002,1,2,2,BTM00064,BTM00064,Methylation of phenolic compound,BTMR1377,EC 2.1.1.25,HUMAN,BTM00010,CC1=C(C=CC=C1O)C(=O)NC(CSC2=CC=CC=C2)C(CN3CC4CC(CCC4CC3C(=O)NC(C)(C)C)O)O,"InChI=1S/C32H45N3O5S/c1-20-25(11-8-12-28(20)37)30(39)33-26(19-41-24-9-6-5-7-10-24)29(38)18-35-17-22-15-23(36)14-13-21(22)16-27(35)31(40)34-32(2,3)4/h5-12,21-23,26-27,29,36-38H,13-19H2,1-4H3,(H,33,39)(H,34,40)",SFDZKODSHGPPFQ-UHFFFAOYSA-N,4.129399999999999,583.3079925400001
"InChI=1S/C32H43N3O5S/c1-20-25(11-8-12-28(20)37)30(39)33-26(19-41-24-9-6-5-7-10-24)29(38)18-35-17-21-13-14-23(36)15-22(21)16-27(35)31(40)34-32(2,3)4/h5-12,21-22,26-27,29,37-38H,13-19H2,1-4H3,(H,33,39)(H,34,40)",SPMKXXYTFIFOKT-UHFFFAOYSA-N,CC1=C(C=CC=C1O)C(=O)NC(CSC2=CC=CC=C2)C(CN3CC4CCC(CC4CC3C(=O)NC(C)(C)C)=O)O,,,C32H43N3O5S,581.292342476,3.803500000000003,1,1,1,BTM00065,BTM00065,Dehydrogenation of secondary alcohol,BTMR0030,EC 1.1.1.1,HUMAN,BTM00011,CC1=C(C=CC=C1O)C(=O)NC(CSC2=CC=CC=C2)C(CN3CC4CCC(CC4CC3C(=O)NC(C)(C)C)O)O,"InChI=1S/C32H45N3O5S/c1-20-25(11-8-12-28(20)37)30(39)33-26(19-41-24-9-6-5-7-10-24)29(38)18-35-17-21-13-14-23(36)15-22(21)16-27(35)31(40)34-32(2,3)4/h5-12,21-23,26-27,29,36-38H,13-19H2,1-4H3,(H,33,39)(H,34,40)",CATXIYJJEYJOKZ-UHFFFAOYSA-N,4.129399999999999,583.3079925400001
"InChI=1S/C33H47N3O5S/c1-21-26(12-9-13-29(21)38)31(40)34-27(20-42(5)25-10-7-6-8-11-25)30(39)19-36-18-22-14-15-24(37)16-23(22)17-28(36)32(41)35-33(2,3)4/h6-13,22-24,27-28,30,37,39H,14-20H2,1-5H3,(H2-,34,35,38,40,41)/p+1",IRRTVHJKQMAZCL-UHFFFAOYSA-O,CC1=C(C=CC=C1O)C(=O)NC(C[S+](C2=CC=CC=C2)C)C(CN3CC4CCC(CC4CC3C(=O)NC(C)(C)C)O)O,,,[C33H48N3O5S]+,598.331467636,3.6411000000000016,1,1,1,BTM00066,BTM00066,Thioether S-methylation,BTMR0214,EC 2.1.1.96,HUMAN,BTM00011,CC1=C(C=CC=C1O)C(=O)NC(CSC2=CC=CC=C2)C(CN3CC4CCC(CC4CC3C(=O)NC(C)(C)C)O)O,"InChI=1S/C32H45N3O5S/c1-20-25(11-8-12-28(20)37)30(39)33-26(19-41-24-9-6-5-7-10-24)29(38)18-35-17-21-13-14-23(36)15-22(21)16-27(35)31(40)34-32(2,3)4/h5-12,21-23,26-27,29,36-38H,13-19H2,1-4H3,(H,33,39)(H,34,40)",CATXIYJJEYJOKZ-UHFFFAOYSA-N,4.129399999999999,583.3079925400001
"InChI=1S/C38H53N3O11S/c1-20-25(11-8-12-29(20)51-37-32(46)30(44)31(45)33(52-37)36(49)50)34(47)39-26(19-53-24-9-6-5-7-10-24)28(43)18-41-17-21-13-14-23(42)15-22(21)16-27(41)35(48)40-38(2,3)4/h5-12,21-23,26-28,30-33,37,42-46H,13-19H2,1-4H3,(H,39,47)(H,40,48)(H,49,50)",VJCZRTCMZBHIDU-UHFFFAOYSA-N,CC1=C(C=CC=C1OC2OC(C(O)=O)C(C(C2O)O)O)C(=O)NC(CSC3=CC=CC=C3)C(CN4CC5CCC(CC5CC4C(=O)NC(C)(C)C)O)O,,,C38H53N3O11S,759.3400805160001,2.433899999999998,3,2,2,BTM00067,BTM00067,Aromatic OH-glucuronidation,BTMR0166,EC 2.4.1.17,HUMAN,BTM00011,CC1=C(C=CC=C1O)C(=O)NC(CSC2=CC=CC=C2)C(CN3CC4CCC(CC4CC3C(=O)NC(C)(C)C)O)O,"InChI=1S/C32H45N3O5S/c1-20-25(11-8-12-28(20)37)30(39)33-26(19-41-24-9-6-5-7-10-24)29(38)18-35-17-21-13-14-23(36)15-22(21)16-27(35)31(40)34-32(2,3)4/h5-12,21-23,26-27,29,36-38H,13-19H2,1-4H3,(H,33,39)(H,34,40)",CATXIYJJEYJOKZ-UHFFFAOYSA-N,4.129399999999999,583.3079925400001
"InChI=1S/C32H45N3O8S2/c1-20-25(11-8-12-29(20)43-45(40,41)42)30(38)33-26(19-44-24-9-6-5-7-10-24)28(37)18-35-17-21-13-14-23(36)15-22(21)16-27(35)31(39)34-32(2,3)4/h5-12,21-23,26-28,36-37H,13-19H2,1-4H3,(H,33,38)(H,34,39)(H,40,41,42)",CFERCHNOIQLMSS-UHFFFAOYSA-N,CC1=C(C=CC=C1OS(O)(=O)=O)C(=O)NC(CSC2=CC=CC=C2)C(CN3CC4CCC(CC4CC3C(=O)NC(C)(C)C)O)O,,,C32H45N3O8S2,663.2648074,3.3925999999999976,1,2,2,BTM00068,BTM00068,Sulfonation of phenolic compound,BTMR1376,EC 2.8.2.1,HUMAN,BTM00011,CC1=C(C=CC=C1O)C(=O)NC(CSC2=CC=CC=C2)C(CN3CC4CCC(CC4CC3C(=O)NC(C)(C)C)O)O,"InChI=1S/C32H45N3O5S/c1-20-25(11-8-12-28(20)37)30(39)33-26(19-41-24-9-6-5-7-10-24)29(38)18-35-17-21-13-14-23(36)15-22(21)16-27(35)31(40)34-32(2,3)4/h5-12,21-23,26-27,29,36-38H,13-19H2,1-4H3,(H,33,39)(H,34,40)",CATXIYJJEYJOKZ-UHFFFAOYSA-N,4.129399999999999,583.3079925400001
"InChI=1S/C32H45N3O8S2/c1-20-25(11-8-12-28(20)37)30(38)33-26(19-44-24-9-6-5-7-10-24)29(43-45(40,41)42)18-35-17-21-13-14-23(36)15-22(21)16-27(35)31(39)34-32(2,3)4/h5-12,21-23,26-27,29,36-37H,13-19H2,1-4H3,(H,33,38)(H,34,39)(H,40,41,42)",JYSVYNGVBHKILU-UHFFFAOYSA-N,CC1=C(C=CC=C1O)C(=O)NC(CSC2=CC=CC=C2)C(CN3CC4CCC(CC4CC3C(=O)NC(C)(C)C)O)OS(O)(=O)=O,,,C32H45N3O8S2,663.2648074000001,3.5500999999999983,2,2,2,BTM00069,BTM00069,Sulfation of secondary alcohol,BTMR0502,EC 2.8.2.2,HUMAN,BTM00011,CC1=C(C=CC=C1O)C(=O)NC(CSC2=CC=CC=C2)C(CN3CC4CCC(CC4CC3C(=O)NC(C)(C)C)O)O,"InChI=1S/C32H45N3O5S/c1-20-25(11-8-12-28(20)37)30(39)33-26(19-41-24-9-6-5-7-10-24)29(38)18-35-17-21-13-14-23(36)15-22(21)16-27(35)31(40)34-32(2,3)4/h5-12,21-23,26-27,29,36-38H,13-19H2,1-4H3,(H,33,39)(H,34,40)",CATXIYJJEYJOKZ-UHFFFAOYSA-N,4.129399999999999,583.3079925400001
"InChI=1S/C32H45N3O8S2/c1-20-25(11-8-12-28(20)36)30(38)33-26(19-44-24-9-6-5-7-10-24)29(37)18-35-17-21-13-14-23(43-45(40,41)42)15-22(21)16-27(35)31(39)34-32(2,3)4/h5-12,21-23,26-27,29,36-37H,13-19H2,1-4H3,(H,33,38)(H,34,39)(H,40,41,42)",SXORTWJVHFAMJS-UHFFFAOYSA-N,CC1=C(C=CC=C1O)C(=O)NC(CSC2=CC=CC=C2)C(CN3CC4CCC(CC4CC3C(=O)NC(C)(C)C)OS(O)(=O)=O)O,,,C32H45N3O8S2,663.2648074,3.5500999999999983,2,2,2,BTM00070,BTM00070,Sulfation of secondary alcohol,BTMR0502,EC 2.8.2.2,HUMAN,BTM00011,CC1=C(C=CC=C1O)C(=O)NC(CSC2=CC=CC=C2)C(CN3CC4CCC(CC4CC3C(=O)NC(C)(C)C)O)O,"InChI=1S/C32H45N3O5S/c1-20-25(11-8-12-28(20)37)30(39)33-26(19-41-24-9-6-5-7-10-24)29(38)18-35-17-21-13-14-23(36)15-22(21)16-27(35)31(40)34-32(2,3)4/h5-12,21-23,26-27,29,36-38H,13-19H2,1-4H3,(H,33,39)(H,34,40)",CATXIYJJEYJOKZ-UHFFFAOYSA-N,4.129399999999999,583.3079925400001
"InChI=1S/C33H47N3O5S/c1-21-26(12-9-13-30(21)41-5)31(39)34-27(20-42-25-10-7-6-8-11-25)29(38)19-36-18-22-14-15-24(37)16-23(22)17-28(36)32(40)35-33(2,3)4/h6-13,22-24,27-29,37-38H,14-20H2,1-5H3,(H,34,39)(H,35,40)",VZSZMIZTOLPUCL-UHFFFAOYSA-N,CC1=C(C=CC=C1OC)C(=O)NC(CSC2=CC=CC=C2)C(CN3CC4CCC(CC4CC3C(=O)NC(C)(C)C)O)O,,,C33H47N3O5S,597.323642604,4.380400000000002,1,2,2,BTM00071,BTM00071,Methylation of phenolic compound,BTMR1377,EC 2.1.1.25,HUMAN,BTM00011,CC1=C(C=CC=C1O)C(=O)NC(CSC2=CC=CC=C2)C(CN3CC4CCC(CC4CC3C(=O)NC(C)(C)C)O)O,"InChI=1S/C32H45N3O5S/c1-20-25(11-8-12-28(20)37)30(39)33-26(19-41-24-9-6-5-7-10-24)29(38)18-35-17-21-13-14-23(36)15-22(21)16-27(35)31(40)34-32(2,3)4/h5-12,21-23,26-27,29,36-38H,13-19H2,1-4H3,(H,33,39)(H,34,40)",CATXIYJJEYJOKZ-UHFFFAOYSA-N,4.129399999999999,583.3079925400001
"InChI=1S/C32H43N3O5S/c1-20-23(13-9-14-27(20)36)30(39)33-25(19-41-22-11-6-5-7-12-22)29(38)18-35-17-21-10-8-15-28(37)24(21)16-26(35)31(40)34-32(2,3)4/h5-7,9,11-14,21,24-26,29,36,38H,8,10,15-19H2,1-4H3,(H,33,39)(H,34,40)",LFPANFAMZHOQCV-UHFFFAOYSA-N,CC1=C(C=CC=C1O)C(=O)NC(CSC2=CC=CC=C2)C(CN3CC4CCCC(C4CC3C(=O)NC(C)(C)C)=O)O,,,C32H43N3O5S,581.292342476,4.014200000000003,1,1,1,BTM00072,BTM00072,Dehydrogenation of secondary alcohol,BTMR0030,EC 1.1.1.1,HUMAN,BTM00012,CC1=C(C=CC=C1O)C(=O)NC(CSC2=CC=CC=C2)C(CN3CC4CCCC(C4CC3C(=O)NC(C)(C)C)O)O,"InChI=1S/C32H45N3O5S/c1-20-23(13-9-14-27(20)36)30(39)33-25(19-41-22-11-6-5-7-12-22)29(38)18-35-17-21-10-8-15-28(37)24(21)16-26(35)31(40)34-32(2,3)4/h5-7,9,11-14,21,24-26,28-29,36-38H,8,10,15-19H2,1-4H3,(H,33,39)(H,34,40)",FDMBATCUZSHYIW-UHFFFAOYSA-N,4.196899999999999,583.30799254
"InChI=1S/C33H47N3O5S/c1-21-24(14-10-15-28(21)37)31(40)34-26(20-42(5)23-12-7-6-8-13-23)30(39)19-36-18-22-11-9-16-29(38)25(22)17-27(36)32(41)35-33(2,3)4/h6-8,10,12-15,22,25-27,29-30,38-39H,9,11,16-20H2,1-5H3,(H2-,34,35,37,40,41)/p+1",MOFUKMTUXSNIJU-UHFFFAOYSA-O,CC1=C(C=CC=C1O)C(=O)NC(C[S+](C2=CC=CC=C2)C)C(CN3CC4CCCC(C4CC3C(=O)NC(C)(C)C)O)O,,,[C33H48N3O5S]+,598.3314676360001,3.708599999999999,1,1,1,BTM00073,BTM00073,Thioether S-methylation,BTMR0214,EC 2.1.1.96,HUMAN,BTM00012,CC1=C(C=CC=C1O)C(=O)NC(CSC2=CC=CC=C2)C(CN3CC4CCCC(C4CC3C(=O)NC(C)(C)C)O)O,"InChI=1S/C32H45N3O5S/c1-20-23(13-9-14-27(20)36)30(39)33-25(19-41-22-11-6-5-7-12-22)29(38)18-35-17-21-10-8-15-28(37)24(21)16-26(35)31(40)34-32(2,3)4/h5-7,9,11-14,21,24-26,28-29,36-38H,8,10,15-19H2,1-4H3,(H,33,39)(H,34,40)",FDMBATCUZSHYIW-UHFFFAOYSA-N,4.196899999999999,583.30799254
"InChI=1S/C38H53N3O11S/c1-20-23(13-9-15-29(20)51-37-32(46)30(44)31(45)33(52-37)36(49)50)34(47)39-25(19-53-22-11-6-5-7-12-22)28(43)18-41-17-21-10-8-14-27(42)24(21)16-26(41)35(48)40-38(2,3)4/h5-7,9,11-13,15,21,24-28,30-33,37,42-46H,8,10,14,16-19H2,1-4H3,(H,39,47)(H,40,48)(H,49,50)",WTUGXQUDVATTMT-UHFFFAOYSA-N,CC1=C(C=CC=C1OC2OC(C(O)=O)C(C(C2O)O)O)C(=O)NC(CSC3=CC=CC=C3)C(CN4CC5CCCC(C5CC4C(=O)NC(C)(C)C)O)O,,,C38H53N3O11S,759.340080516,2.501399999999999,3,2,2,BTM00074,BTM00074,Aromatic OH-glucuronidation,BTMR0166,EC 2.4.1.17,HUMAN,BTM00012,CC1=C(C=CC=C1O)C(=O)NC(CSC2=CC=CC=C2)C(CN3CC4CCCC(C4CC3C(=O)NC(C)(C)C)O)O,"InChI=1S/C32H45N3O5S/c1-20-23(13-9-14-27(20)36)30(39)33-25(19-41-22-11-6-5-7-12-22)29(38)18-35-17-21-10-8-15-28(37)24(21)16-26(35)31(40)34-32(2,3)4/h5-7,9,11-14,21,24-26,28-29,36-38H,8,10,15-19H2,1-4H3,(H,33,39)(H,34,40)",FDMBATCUZSHYIW-UHFFFAOYSA-N,4.196899999999999,583.30799254
"InChI=1S/C32H45N3O8S2/c1-20-23(13-9-15-29(20)43-45(40,41)42)30(38)33-25(19-44-22-11-6-5-7-12-22)28(37)18-35-17-21-10-8-14-27(36)24(21)16-26(35)31(39)34-32(2,3)4/h5-7,9,11-13,15,21,24-28,36-37H,8,10,14,16-19H2,1-4H3,(H,33,38)(H,34,39)(H,40,41,42)",YFCGZIJCYPFXLD-UHFFFAOYSA-N,CC1=C(C=CC=C1OS(O)(=O)=O)C(=O)NC(CSC2=CC=CC=C2)C(CN3CC4CCCC(C4CC3C(=O)NC(C)(C)C)O)O,,,C32H45N3O8S2,663.2648074,3.4600999999999984,1,2,2,BTM00075,BTM00075,Sulfonation of phenolic compound,BTMR1376,EC 2.8.2.1,HUMAN,BTM00012,CC1=C(C=CC=C1O)C(=O)NC(CSC2=CC=CC=C2)C(CN3CC4CCCC(C4CC3C(=O)NC(C)(C)C)O)O,"InChI=1S/C32H45N3O5S/c1-20-23(13-9-14-27(20)36)30(39)33-25(19-41-22-11-6-5-7-12-22)29(38)18-35-17-21-10-8-15-28(37)24(21)16-26(35)31(40)34-32(2,3)4/h5-7,9,11-14,21,24-26,28-29,36-38H,8,10,15-19H2,1-4H3,(H,33,39)(H,34,40)",FDMBATCUZSHYIW-UHFFFAOYSA-N,4.196899999999999,583.30799254
"InChI=1S/C32H45N3O8S2/c1-20-23(13-9-14-27(20)36)30(38)33-25(19-44-22-11-6-5-7-12-22)29(43-45(40,41)42)18-35-17-21-10-8-15-28(37)24(21)16-26(35)31(39)34-32(2,3)4/h5-7,9,11-14,21,24-26,28-29,36-37H,8,10,15-19H2,1-4H3,(H,33,38)(H,34,39)(H,40,41,42)",ZTRACYOFMVUAEN-UHFFFAOYSA-N,CC1=C(C=CC=C1O)C(=O)NC(CSC2=CC=CC=C2)C(CN3CC4CCCC(C4CC3C(=O)NC(C)(C)C)O)OS(O)(=O)=O,,,C32H45N3O8S2,663.2648074,3.617599999999999,2,2,2,BTM00076,BTM00076,Sulfation of secondary alcohol,BTMR0502,EC 2.8.2.2,HUMAN,BTM00012,CC1=C(C=CC=C1O)C(=O)NC(CSC2=CC=CC=C2)C(CN3CC4CCCC(C4CC3C(=O)NC(C)(C)C)O)O,"InChI=1S/C32H45N3O5S/c1-20-23(13-9-14-27(20)36)30(39)33-25(19-41-22-11-6-5-7-12-22)29(38)18-35-17-21-10-8-15-28(37)24(21)16-26(35)31(40)34-32(2,3)4/h5-7,9,11-14,21,24-26,28-29,36-38H,8,10,15-19H2,1-4H3,(H,33,39)(H,34,40)",FDMBATCUZSHYIW-UHFFFAOYSA-N,4.196899999999999,583.30799254
"InChI=1S/C32H45N3O8S2/c1-20-23(13-9-14-27(20)36)30(38)33-25(19-44-22-11-6-5-7-12-22)28(37)18-35-17-21-10-8-15-29(43-45(40,41)42)24(21)16-26(35)31(39)34-32(2,3)4/h5-7,9,11-14,21,24-26,28-29,36-37H,8,10,15-19H2,1-4H3,(H,33,38)(H,34,39)(H,40,41,42)",IRGDZGOUYAOASJ-UHFFFAOYSA-N,CC1=C(C=CC=C1O)C(=O)NC(CSC2=CC=CC=C2)C(CN3CC4CCCC(C4CC3C(=O)NC(C)(C)C)OS(O)(=O)=O)O,,,C32H45N3O8S2,663.2648074000001,3.617599999999999,2,2,2,BTM00077,BTM00077,Sulfation of secondary alcohol,BTMR0502,EC 2.8.2.2,HUMAN,BTM00012,CC1=C(C=CC=C1O)C(=O)NC(CSC2=CC=CC=C2)C(CN3CC4CCCC(C4CC3C(=O)NC(C)(C)C)O)O,"InChI=1S/C32H45N3O5S/c1-20-23(13-9-14-27(20)36)30(39)33-25(19-41-22-11-6-5-7-12-22)29(38)18-35-17-21-10-8-15-28(37)24(21)16-26(35)31(40)34-32(2,3)4/h5-7,9,11-14,21,24-26,28-29,36-38H,8,10,15-19H2,1-4H3,(H,33,39)(H,34,40)",FDMBATCUZSHYIW-UHFFFAOYSA-N,4.196899999999999,583.30799254
"InChI=1S/C33H47N3O5S/c1-21-24(14-10-16-30(21)41-5)31(39)34-26(20-42-23-12-7-6-8-13-23)29(38)19-36-18-22-11-9-15-28(37)25(22)17-27(36)32(40)35-33(2,3)4/h6-8,10,12-14,16,22,25-29,37-38H,9,11,15,17-20H2,1-5H3,(H,34,39)(H,35,40)",SMJWNRZNSSAJSC-UHFFFAOYSA-N,CC1=C(C=CC=C1OC)C(=O)NC(CSC2=CC=CC=C2)C(CN3CC4CCCC(C4CC3C(=O)NC(C)(C)C)O)O,,,C33H47N3O5S,597.3236426039999,4.447899999999999,1,2,2,BTM00078,BTM00078,Methylation of phenolic compound,BTMR1377,EC 2.1.1.25,HUMAN,BTM00012,CC1=C(C=CC=C1O)C(=O)NC(CSC2=CC=CC=C2)C(CN3CC4CCCC(C4CC3C(=O)NC(C)(C)C)O)O,"InChI=1S/C32H45N3O5S/c1-20-23(13-9-14-27(20)36)30(39)33-25(19-41-22-11-6-5-7-12-22)29(38)18-35-17-21-10-8-15-28(37)24(21)16-26(35)31(40)34-32(2,3)4/h5-7,9,11-14,21,24-26,28-29,36-38H,8,10,15-19H2,1-4H3,(H,33,39)(H,34,40)",FDMBATCUZSHYIW-UHFFFAOYSA-N,4.196899999999999,583.30799254
"InChI=1S/C33H47N3O5S/c1-22-26(16-11-17-29(22)37)31(39)34-27(21-42(5)25-14-7-6-8-15-25)30(38)20-36(41)19-24-13-10-9-12-23(24)18-28(36)32(40)35-33(2,3)4/h6-8,11,14-17,23-24,27-28,30,38H,9-10,12-13,18-21H2,1-5H3,(H2-,34,35,37,39,40)/p+1",GDGRHXVJEYAEJM-UHFFFAOYSA-O,CC1=C(C=CC=C1O)C(=O)NC(C[S+](C2=CC=CC=C2)C)C(C[N+]3(CC4CCCCC4CC3C(=O)NC(C)(C)C)[O-])O,,,[C33H48N3O5S]+,598.331467636,4.472900000000003,2,1,1,BTM00079,BTM00079,Thioether S-methylation,BTMR0214,EC 2.1.1.96,HUMAN,BTM00013,CC1=C(C=CC=C1O)C(=O)NC(CSC2=CC=CC=C2)C(C[N+]3(CC4CCCCC4CC3C(=O)NC(C)(C)C)[O-])O,"InChI=1S/C32H45N3O5S/c1-21-25(15-10-16-28(21)36)30(38)33-26(20-41-24-13-6-5-7-14-24)29(37)19-35(40)18-23-12-9-8-11-22(23)17-27(35)31(39)34-32(2,3)4/h5-7,10,13-16,22-23,26-27,29,36-37H,8-9,11-12,17-20H2,1-4H3,(H,33,38)(H,34,39)",CXWBOSJVIZIXJB-UHFFFAOYSA-N,4.961200000000003,583.30799254
"InChI=1S/C38H53N3O11S/c1-21-25(15-10-16-29(21)51-37-32(45)30(43)31(44)33(52-37)36(48)49)34(46)39-26(20-53-24-13-6-5-7-14-24)28(42)19-41(50)18-23-12-9-8-11-22(23)17-27(41)35(47)40-38(2,3)4/h5-7,10,13-16,22-23,26-28,30-33,37,42-45H,8-9,11-12,17-20H2,1-4H3,(H,39,46)(H,40,47)(H,48,49)",BHDHKGHKIZCBQY-UHFFFAOYSA-N,CC1=C(C=CC=C1OC2OC(C(O)=O)C(C(C2O)O)O)C(=O)NC(CSC3=CC=CC=C3)C(C[N+]4(CC5CCCCC5CC4C(=O)NC(C)(C)C)[O-])O,,,C38H53N3O11S,759.3400805160001,3.2657000000000007,4,2,2,BTM00080,BTM00080,Aromatic OH-glucuronidation,BTMR0166,EC 2.4.1.17,HUMAN,BTM00013,CC1=C(C=CC=C1O)C(=O)NC(CSC2=CC=CC=C2)C(C[N+]3(CC4CCCCC4CC3C(=O)NC(C)(C)C)[O-])O,"InChI=1S/C32H45N3O5S/c1-21-25(15-10-16-28(21)36)30(38)33-26(20-41-24-13-6-5-7-14-24)29(37)19-35(40)18-23-12-9-8-11-22(23)17-27(35)31(39)34-32(2,3)4/h5-7,10,13-16,22-23,26-27,29,36-37H,8-9,11-12,17-20H2,1-4H3,(H,33,38)(H,34,39)",CXWBOSJVIZIXJB-UHFFFAOYSA-N,4.961200000000003,583.30799254
"InChI=1S/C38H53N3O11S/c1-21-25(15-10-16-28(21)42)34(47)39-26(20-53-24-13-6-5-7-14-24)29(43)19-41(52-37-32(46)30(44)31(45)33(51-37)36(49)50)18-23-12-9-8-11-22(23)17-27(41)35(48)40-38(2,3)4/h5-7,10,13-16,22-23,26-27,29-33,37,43-46H,8-9,11-12,17-20H2,1-4H3,(H3-,39,40,42,47,48,49,50)/p+1",COTMQKZYQGGZIJ-UHFFFAOYSA-O,CC1=C(C=CC=C1O)C(=O)NC(CSC2=CC=CC=C2)C(C[N+]3(CC4CCCCC4CC3C(=O)NC(C)(C)C)OC5OC(C(O)C(O)C5O)C(O)=O)O,,,[C38H54N3O11S]+,760.3479055480001,1.910899999999999,3,2,2,BTM00081,BTM00081,O-Glucuronidation of N-oxide,BTMR0184,EC 2.4.1.17,HUMAN,BTM00013,CC1=C(C=CC=C1O)C(=O)NC(CSC2=CC=CC=C2)C(C[N+]3(CC4CCCCC4CC3C(=O)NC(C)(C)C)[O-])O,"InChI=1S/C32H45N3O5S/c1-21-25(15-10-16-28(21)36)30(38)33-26(20-41-24-13-6-5-7-14-24)29(37)19-35(40)18-23-12-9-8-11-22(23)17-27(35)31(39)34-32(2,3)4/h5-7,10,13-16,22-23,26-27,29,36-37H,8-9,11-12,17-20H2,1-4H3,(H,33,38)(H,34,39)",CXWBOSJVIZIXJB-UHFFFAOYSA-N,4.961200000000003,583.30799254
"InChI=1S/C32H45N3O8S2/c1-21-25(15-10-16-29(21)43-45(40,41)42)30(37)33-26(20-44-24-13-6-5-7-14-24)28(36)19-35(39)18-23-12-9-8-11-22(23)17-27(35)31(38)34-32(2,3)4/h5-7,10,13-16,22-23,26-28,36H,8-9,11-12,17-20H2,1-4H3,(H,33,37)(H,34,38)(H,40,41,42)",KKJVGFMLEBQWGA-UHFFFAOYSA-N,CC1=C(C=CC=C1OS(O)(=O)=O)C(=O)NC(CSC2=CC=CC=C2)C(C[N+]3(CC4CCCCC4CC3C(=O)NC(C)(C)C)[O-])O,,,C32H45N3O8S2,663.2648074,4.224400000000002,1,2,2,BTM00082,BTM00082,Sulfonation of phenolic compound,BTMR1376,EC 2.8.2.1,HUMAN,BTM00013,CC1=C(C=CC=C1O)C(=O)NC(CSC2=CC=CC=C2)C(C[N+]3(CC4CCCCC4CC3C(=O)NC(C)(C)C)[O-])O,"InChI=1S/C32H45N3O5S/c1-21-25(15-10-16-28(21)36)30(38)33-26(20-41-24-13-6-5-7-14-24)29(37)19-35(40)18-23-12-9-8-11-22(23)17-27(35)31(39)34-32(2,3)4/h5-7,10,13-16,22-23,26-27,29,36-37H,8-9,11-12,17-20H2,1-4H3,(H,33,38)(H,34,39)",CXWBOSJVIZIXJB-UHFFFAOYSA-N,4.961200000000003,583.30799254
"InChI=1S/C32H45N3O8S2/c1-21-25(15-10-16-28(21)36)30(37)33-26(20-44-24-13-6-5-7-14-24)29(43-45(40,41)42)19-35(39)18-23-12-9-8-11-22(23)17-27(35)31(38)34-32(2,3)4/h5-7,10,13-16,22-23,26-27,29,36H,8-9,11-12,17-20H2,1-4H3,(H,33,37)(H,34,38)(H,40,41,42)",XTZJDBRKOFAVGW-UHFFFAOYSA-N,CC1=C(C=CC=C1O)C(=O)NC(CSC2=CC=CC=C2)C(C[N+]3(CC4CCCCC4CC3C(=O)NC(C)(C)C)[O-])OS(O)(=O)=O,,,C32H45N3O8S2,663.2648074,4.381900000000003,2,2,2,BTM00083,BTM00083,Sulfation of secondary alcohol,BTMR0502,EC 2.8.2.2,HUMAN,BTM00013,CC1=C(C=CC=C1O)C(=O)NC(CSC2=CC=CC=C2)C(C[N+]3(CC4CCCCC4CC3C(=O)NC(C)(C)C)[O-])O,"InChI=1S/C32H45N3O5S/c1-21-25(15-10-16-28(21)36)30(38)33-26(20-41-24-13-6-5-7-14-24)29(37)19-35(40)18-23-12-9-8-11-22(23)17-27(35)31(39)34-32(2,3)4/h5-7,10,13-16,22-23,26-27,29,36-37H,8-9,11-12,17-20H2,1-4H3,(H,33,38)(H,34,39)",CXWBOSJVIZIXJB-UHFFFAOYSA-N,4.961200000000003,583.30799254
"InChI=1S/C33H47N3O5S/c1-22-26(16-11-17-30(22)41-5)31(38)34-27(21-42-25-14-7-6-8-15-25)29(37)20-36(40)19-24-13-10-9-12-23(24)18-28(36)32(39)35-33(2,3)4/h6-8,11,14-17,23-24,27-29,37H,9-10,12-13,18-21H2,1-5H3,(H,34,38)(H,35,39)",BKFJZAIJBNRTQR-UHFFFAOYSA-N,CC1=C(C=CC=C1OC)C(=O)NC(CSC2=CC=CC=C2)C(C[N+]3(CC4CCCCC4CC3C(=O)NC(C)(C)C)[O-])O,,,C33H47N3O5S,597.3236426039999,5.212200000000003,2,2,2,BTM00084,BTM00084,Methylation of phenolic compound,BTMR1377,EC 2.1.1.25,HUMAN,BTM00013,CC1=C(C=CC=C1O)C(=O)NC(CSC2=CC=CC=C2)C(C[N+]3(CC4CCCCC4CC3C(=O)NC(C)(C)C)[O-])O,"InChI=1S/C32H45N3O5S/c1-21-25(15-10-16-28(21)36)30(38)33-26(20-41-24-13-6-5-7-14-24)29(37)19-35(40)18-23-12-9-8-11-22(23)17-27(35)31(39)34-32(2,3)4/h5-7,10,13-16,22-23,26-27,29,36-37H,8-9,11-12,17-20H2,1-4H3,(H,33,38)(H,34,39)",CXWBOSJVIZIXJB-UHFFFAOYSA-N,4.961200000000003,583.30799254
"InChI=1S/C18H21NO4S/c1-12-14(8-5-9-16(12)21)18(23)19-15(17(22)10-20)11-24-13-6-3-2-4-7-13/h2-9,15,17,20-22H,10-11H2,1H3,(H,19,23)",ZWGFUDFXSPTREK-UHFFFAOYSA-N,CC1=C(C=CC=C1O)C(=O)NC(CSC2=CC=CC=C2)C(CO)O,,,C18H21NO4S,347.1191291520001,2.4259000000000013,0,1,1,BTM00085,BTM00085,Reduction of aldehyde,BTMR0367,EC 1.1.1.184,HUMAN,BTM00014,CC1=C(C=CC=C1O)C(=O)NC(CSC2=CC=CC=C2)C(C=O)O,"InChI=1S/C18H19NO4S/c1-12-14(8-5-9-16(12)21)18(23)19-15(17(22)10-20)11-24-13-6-3-2-4-7-13/h2-10,15,17,21-22H,11H2,1H3,(H,19,23)",FQXWQOQASHJKCY-UHFFFAOYSA-N,2.6822,345.10347908800003
"InChI=1S/C18H19NO5S/c1-11-13(8-5-9-15(11)20)17(22)19-14(16(21)18(23)24)10-25-12-6-3-2-4-7-12/h2-9,14,16,20-21H,10H2,1H3,(H,19,22)(H,23,24)",LTJSNDWFADSREX-UHFFFAOYSA-N,CC1=C(C=CC=C1O)C(=O)NC(CSC2=CC=CC=C2)C(C(=O)O)O,,,C18H19NO5S,361.098393708,2.6348000000000003,0,1,1,BTM00086,BTM00086,Aldehyde oxidation,BTMR0050,EC 1.2.3.1,HUMAN,BTM00014,CC1=C(C=CC=C1O)C(=O)NC(CSC2=CC=CC=C2)C(C=O)O,"InChI=1S/C18H19NO4S/c1-12-14(8-5-9-16(12)21)18(23)19-15(17(22)10-20)11-24-13-6-3-2-4-7-13/h2-10,15,17,21-22H,11H2,1H3,(H,19,23)",FQXWQOQASHJKCY-UHFFFAOYSA-N,2.6822,345.10347908800003
"InChI=1S/C19H21NO4S/c1-13-15(9-6-10-17(13)22)19(24)20-16(18(23)11-21)12-25(2)14-7-4-3-5-8-14/h3-11,16,18,23H,12H2,1-2H3,(H-,20,22,24)/p+1",AOXCMAUAUHNZFS-UHFFFAOYSA-O,CC1=C(C=CC=C1O)C(=O)NC(C[S+](C2=CC=CC=C2)C)C(C=O)O,,,[C19H22NO4S]+,360.12695418400006,2.1938999999999997,0,1,1,BTM00087,BTM00087,Thioether S-methylation,BTMR0214,EC 2.1.1.96,HUMAN,BTM00014,CC1=C(C=CC=C1O)C(=O)NC(CSC2=CC=CC=C2)C(C=O)O,"InChI=1S/C18H19NO4S/c1-12-14(8-5-9-16(12)21)18(23)19-15(17(22)10-20)11-24-13-6-3-2-4-7-13/h2-10,15,17,21-22H,11H2,1H3,(H,19,23)",FQXWQOQASHJKCY-UHFFFAOYSA-N,2.6822,345.10347908800003
"InChI=1S/C24H27NO10S/c1-12-14(22(31)25-15(16(27)10-26)11-36-13-6-3-2-4-7-13)8-5-9-17(12)34-24-20(30)18(28)19(29)21(35-24)23(32)33/h2-10,15-16,18-21,24,27-30H,11H2,1H3,(H,25,31)(H,32,33)",PMIGEERCIAAYPF-UHFFFAOYSA-N,CC1=C(C=CC=C1OC2OC(C(O)=O)C(C(C2O)O)O)C(=O)NC(CSC3=CC=CC=C3)C(C=O)O,,,C24H27NO10S,521.1355670639999,0.9867000000000021,2,1,1,BTM00088,BTM00088,Aromatic OH-glucuronidation,BTMR0166,EC 2.4.1.17,HUMAN,BTM00014,CC1=C(C=CC=C1O)C(=O)NC(CSC2=CC=CC=C2)C(C=O)O,"InChI=1S/C18H19NO4S/c1-12-14(8-5-9-16(12)21)18(23)19-15(17(22)10-20)11-24-13-6-3-2-4-7-13/h2-10,15,17,21-22H,11H2,1H3,(H,19,23)",FQXWQOQASHJKCY-UHFFFAOYSA-N,2.6822,345.10347908800003
"InChI=1S/C18H19NO7S2/c1-12-14(8-5-9-17(12)26-28(23,24)25)18(22)19-15(16(21)10-20)11-27-13-6-3-2-4-7-13/h2-10,15-16,21H,11H2,1H3,(H,19,22)(H,23,24,25)",VPWJGYRAIYMXAV-UHFFFAOYSA-N,CC1=C(C=CC=C1OS(O)(=O)=O)C(=O)NC(CSC2=CC=CC=C2)C(C=O)O,,,C18H19NO7S2,425.060293948,1.9454000000000007,0,1,1,BTM00089,BTM00089,Sulfonation of phenolic compound,BTMR1376,EC 2.8.2.1,HUMAN,BTM00014,CC1=C(C=CC=C1O)C(=O)NC(CSC2=CC=CC=C2)C(C=O)O,"InChI=1S/C18H19NO4S/c1-12-14(8-5-9-16(12)21)18(23)19-15(17(22)10-20)11-24-13-6-3-2-4-7-13/h2-10,15,17,21-22H,11H2,1H3,(H,19,23)",FQXWQOQASHJKCY-UHFFFAOYSA-N,2.6822,345.10347908800003
"InChI=1S/C18H19NO7S2/c1-12-14(8-5-9-16(12)21)18(22)19-15(17(10-20)26-28(23,24)25)11-27-13-6-3-2-4-7-13/h2-10,15,17,21H,11H2,1H3,(H,19,22)(H,23,24,25)",FVDVGDCIXIGWJA-UHFFFAOYSA-N,CC1=C(C=CC=C1O)C(=O)NC(CSC2=CC=CC=C2)C(C=O)OS(O)(=O)=O,,,C18H19NO7S2,425.06029394800004,2.1029000000000004,0,1,1,BTM00090,BTM00090,Sulfation of secondary alcohol,BTMR0502,EC 2.8.2.2,HUMAN,BTM00014,CC1=C(C=CC=C1O)C(=O)NC(CSC2=CC=CC=C2)C(C=O)O,"InChI=1S/C18H19NO4S/c1-12-14(8-5-9-16(12)21)18(23)19-15(17(22)10-20)11-24-13-6-3-2-4-7-13/h2-10,15,17,21-22H,11H2,1H3,(H,19,23)",FQXWQOQASHJKCY-UHFFFAOYSA-N,2.6822,345.10347908800003
"InChI=1S/C19H21NO4S/c1-13-15(9-6-10-18(13)24-2)19(23)20-16(17(22)11-21)12-25-14-7-4-3-5-8-14/h3-11,16-17,22H,12H2,1-2H3,(H,20,23)",ORVPNSDCLZLZTD-UHFFFAOYSA-N,CC1=C(C=CC=C1OC)C(=O)NC(CSC2=CC=CC=C2)C(C=O)O,,,C19H21NO4S,359.1191291520001,2.9332000000000003,0,0,0,BTM00091,BTM00091,Methylation of phenolic compound,BTMR1377,EC 2.1.1.25,HUMAN,BTM00014,CC1=C(C=CC=C1O)C(=O)NC(CSC2=CC=CC=C2)C(C=O)O,"InChI=1S/C18H19NO4S/c1-12-14(8-5-9-16(12)21)18(23)19-15(17(22)10-20)11-24-13-6-3-2-4-7-13/h2-10,15,17,21-22H,11H2,1H3,(H,19,23)",FQXWQOQASHJKCY-UHFFFAOYSA-N,2.6822,345.10347908800003
"InChI=1S/C33H47N3O5S/c1-21-26(16-24(37)17-29(21)38)31(40)34-27(20-42(5)25-13-7-6-8-14-25)30(39)19-36-18-23-12-10-9-11-22(23)15-28(36)32(41)35-33(2,3)4/h6-8,13-14,16-17,22-23,27-28,30,39H,9-12,15,18-20H2,1-5H3,(H3-,34,35,37,38,40,41)/p+1",LYVYZATVSDOYRS-UHFFFAOYSA-O,CC1=C(C=C(C=C1O)O)C(=O)NC(C[S+](C2=CC=CC=C2)C)C(CN3CC4CCCCC4CC3C(=O)NC(C)(C)C)O,,,[C33H48N3O5S]+,598.3314676360001,4.610600000000002,2,1,1,BTM00092,BTM00092,Thioether S-methylation,BTMR0214,EC 2.1.1.96,HUMAN,BTM00016,CC1=C(C=C(C=C1O)O)C(=O)NC(CSC2=CC=CC=C2)C(CN3CC4CCCCC4CC3C(=O)NC(C)(C)C)O,"InChI=1S/C32H45N3O5S/c1-20-25(15-23(36)16-28(20)37)30(39)33-26(19-41-24-12-6-5-7-13-24)29(38)18-35-17-22-11-9-8-10-21(22)14-27(35)31(40)34-32(2,3)4/h5-7,12-13,15-16,21-22,26-27,29,36-38H,8-11,14,17-19H2,1-4H3,(H,33,39)(H,34,40)",DJMJDJQFZAFYKM-UHFFFAOYSA-N,5.098900000000002,583.30799254
"InChI=1S/C38H53N3O11S/c1-20-25(15-23(16-28(20)42)51-37-32(46)30(44)31(45)33(52-37)36(49)50)34(47)39-26(19-53-24-12-6-5-7-13-24)29(43)18-41-17-22-11-9-8-10-21(22)14-27(41)35(48)40-38(2,3)4/h5-7,12-13,15-16,21-22,26-27,29-33,37,42-46H,8-11,14,17-19H2,1-4H3,(H,39,47)(H,40,48)(H,49,50)",DXIUTDKSMIHSLY-UHFFFAOYSA-N,CC1=C(C=C(C=C1O)OC2OC(C(O)=O)C(C(C2O)O)O)C(=O)NC(CSC3=CC=CC=C3)C(CN4CC5CCCCC5CC4C(=O)NC(C)(C)C)O,,,C38H53N3O11S,759.340080516,3.4033999999999986,3,2,2,BTM00093,BTM00093,Aromatic OH-glucuronidation,BTMR0166,EC 2.4.1.17,HUMAN,BTM00016,CC1=C(C=C(C=C1O)O)C(=O)NC(CSC2=CC=CC=C2)C(CN3CC4CCCCC4CC3C(=O)NC(C)(C)C)O,"InChI=1S/C32H45N3O5S/c1-20-25(15-23(36)16-28(20)37)30(39)33-26(19-41-24-12-6-5-7-13-24)29(38)18-35-17-22-11-9-8-10-21(22)14-27(35)31(40)34-32(2,3)4/h5-7,12-13,15-16,21-22,26-27,29,36-38H,8-11,14,17-19H2,1-4H3,(H,33,39)(H,34,40)",DJMJDJQFZAFYKM-UHFFFAOYSA-N,5.098900000000002,583.30799254
"InChI=1S/C38H53N3O11S/c1-20-25(15-23(42)16-29(20)51-37-32(46)30(44)31(45)33(52-37)36(49)50)34(47)39-26(19-53-24-12-6-5-7-13-24)28(43)18-41-17-22-11-9-8-10-21(22)14-27(41)35(48)40-38(2,3)4/h5-7,12-13,15-16,21-22,26-28,30-33,37,42-46H,8-11,14,17-19H2,1-4H3,(H,39,47)(H,40,48)(H,49,50)",YKIDXAJOGYMLHB-UHFFFAOYSA-N,CC1=C(C=C(C=C1OC2OC(C(O)=O)C(C(C2O)O)O)O)C(=O)NC(CSC3=CC=CC=C3)C(CN4CC5CCCCC5CC4C(=O)NC(C)(C)C)O,,,C38H53N3O11S,759.3400805160001,3.4033999999999986,3,2,2,BTM00094,BTM00094,Aromatic OH-glucuronidation,BTMR0166,EC 2.4.1.17,HUMAN,BTM00016,CC1=C(C=C(C=C1O)O)C(=O)NC(CSC2=CC=CC=C2)C(CN3CC4CCCCC4CC3C(=O)NC(C)(C)C)O,"InChI=1S/C32H45N3O5S/c1-20-25(15-23(36)16-28(20)37)30(39)33-26(19-41-24-12-6-5-7-13-24)29(38)18-35-17-22-11-9-8-10-21(22)14-27(35)31(40)34-32(2,3)4/h5-7,12-13,15-16,21-22,26-27,29,36-38H,8-11,14,17-19H2,1-4H3,(H,33,39)(H,34,40)",DJMJDJQFZAFYKM-UHFFFAOYSA-N,5.098900000000002,583.30799254
"InChI=1S/C32H45N3O8S2/c1-20-25(15-23(16-28(20)36)43-45(40,41)42)30(38)33-26(19-44-24-12-6-5-7-13-24)29(37)18-35-17-22-11-9-8-10-21(22)14-27(35)31(39)34-32(2,3)4/h5-7,12-13,15-16,21-22,26-27,29,36-37H,8-11,14,17-19H2,1-4H3,(H,33,38)(H,34,39)(H,40,41,42)",MFMQITNQKOZRED-UHFFFAOYSA-N,CC1=C(C=C(C=C1O)OS(O)(=O)=O)C(=O)NC(CSC2=CC=CC=C2)C(CN3CC4CCCCC4CC3C(=O)NC(C)(C)C)O,,,C32H45N3O8S2,663.2648074,4.3621000000000025,1,2,2,BTM00095,BTM00095,Sulfonation of phenolic compound,BTMR1376,EC 2.8.2.1,HUMAN,BTM00016,CC1=C(C=C(C=C1O)O)C(=O)NC(CSC2=CC=CC=C2)C(CN3CC4CCCCC4CC3C(=O)NC(C)(C)C)O,"InChI=1S/C32H45N3O5S/c1-20-25(15-23(36)16-28(20)37)30(39)33-26(19-41-24-12-6-5-7-13-24)29(38)18-35-17-22-11-9-8-10-21(22)14-27(35)31(40)34-32(2,3)4/h5-7,12-13,15-16,21-22,26-27,29,36-38H,8-11,14,17-19H2,1-4H3,(H,33,39)(H,34,40)",DJMJDJQFZAFYKM-UHFFFAOYSA-N,5.098900000000002,583.30799254
"InChI=1S/C32H45N3O8S2/c1-20-25(15-23(36)16-29(20)43-45(40,41)42)30(38)33-26(19-44-24-12-6-5-7-13-24)28(37)18-35-17-22-11-9-8-10-21(22)14-27(35)31(39)34-32(2,3)4/h5-7,12-13,15-16,21-22,26-28,36-37H,8-11,14,17-19H2,1-4H3,(H,33,38)(H,34,39)(H,40,41,42)",VOOJUTDECPGPEO-UHFFFAOYSA-N,CC1=C(C=C(C=C1OS(O)(=O)=O)O)C(=O)NC(CSC2=CC=CC=C2)C(CN3CC4CCCCC4CC3C(=O)NC(C)(C)C)O,,,C32H45N3O8S2,663.2648074,4.3621000000000025,1,2,2,BTM00096,BTM00096,Sulfonation of phenolic compound,BTMR1376,EC 2.8.2.1,HUMAN,BTM00016,CC1=C(C=C(C=C1O)O)C(=O)NC(CSC2=CC=CC=C2)C(CN3CC4CCCCC4CC3C(=O)NC(C)(C)C)O,"InChI=1S/C32H45N3O5S/c1-20-25(15-23(36)16-28(20)37)30(39)33-26(19-41-24-12-6-5-7-13-24)29(38)18-35-17-22-11-9-8-10-21(22)14-27(35)31(40)34-32(2,3)4/h5-7,12-13,15-16,21-22,26-27,29,36-38H,8-11,14,17-19H2,1-4H3,(H,33,39)(H,34,40)",DJMJDJQFZAFYKM-UHFFFAOYSA-N,5.098900000000002,583.30799254
"InChI=1S/C32H45N3O8S2/c1-20-25(15-23(36)16-28(20)37)30(38)33-26(19-44-24-12-6-5-7-13-24)29(43-45(40,41)42)18-35-17-22-11-9-8-10-21(22)14-27(35)31(39)34-32(2,3)4/h5-7,12-13,15-16,21-22,26-27,29,36-37H,8-11,14,17-19H2,1-4H3,(H,33,38)(H,34,39)(H,40,41,42)",KRHKPVQXSVLZOG-UHFFFAOYSA-N,CC1=C(C=C(C=C1O)O)C(=O)NC(CSC2=CC=CC=C2)C(CN3CC4CCCCC4CC3C(=O)NC(C)(C)C)OS(O)(=O)=O,,,C32H45N3O8S2,663.2648074,4.519600000000002,2,2,2,BTM00097,BTM00097,Sulfation of secondary alcohol,BTMR0502,EC 2.8.2.2,HUMAN,BTM00016,CC1=C(C=C(C=C1O)O)C(=O)NC(CSC2=CC=CC=C2)C(CN3CC4CCCCC4CC3C(=O)NC(C)(C)C)O,"InChI=1S/C32H45N3O5S/c1-20-25(15-23(36)16-28(20)37)30(39)33-26(19-41-24-12-6-5-7-13-24)29(38)18-35-17-22-11-9-8-10-21(22)14-27(35)31(40)34-32(2,3)4/h5-7,12-13,15-16,21-22,26-27,29,36-38H,8-11,14,17-19H2,1-4H3,(H,33,39)(H,34,40)",DJMJDJQFZAFYKM-UHFFFAOYSA-N,5.098900000000002,583.30799254
"InChI=1S/C33H47N3O5S/c1-21-26(16-24(41-5)17-29(21)37)31(39)34-27(20-42-25-13-7-6-8-14-25)30(38)19-36-18-23-12-10-9-11-22(23)15-28(36)32(40)35-33(2,3)4/h6-8,13-14,16-17,22-23,27-28,30,37-38H,9-12,15,18-20H2,1-5H3,(H,34,39)(H,35,40)",IBNWPDUNQZRXHN-UHFFFAOYSA-N,CC1=C(C=C(C=C1O)OC)C(=O)NC(CSC2=CC=CC=C2)C(CN3CC4CCCCC4CC3C(=O)NC(C)(C)C)O,,,C33H47N3O5S,597.323642604,5.349900000000002,2,2,2,BTM00098,BTM00098,Methylation of phenolic compound,BTMR1377,EC 2.1.1.25,HUMAN,BTM00016,CC1=C(C=C(C=C1O)O)C(=O)NC(CSC2=CC=CC=C2)C(CN3CC4CCCCC4CC3C(=O)NC(C)(C)C)O,"InChI=1S/C32H45N3O5S/c1-20-25(15-23(36)16-28(20)37)30(39)33-26(19-41-24-12-6-5-7-13-24)29(38)18-35-17-22-11-9-8-10-21(22)14-27(35)31(40)34-32(2,3)4/h5-7,12-13,15-16,21-22,26-27,29,36-38H,8-11,14,17-19H2,1-4H3,(H,33,39)(H,34,40)",DJMJDJQFZAFYKM-UHFFFAOYSA-N,5.098900000000002,583.30799254
"InChI=1S/C33H47N3O5S/c1-21-26(16-24(37)17-30(21)41-5)31(39)34-27(20-42-25-13-7-6-8-14-25)29(38)19-36-18-23-12-10-9-11-22(23)15-28(36)32(40)35-33(2,3)4/h6-8,13-14,16-17,22-23,27-29,37-38H,9-12,15,18-20H2,1-5H3,(H,34,39)(H,35,40)",ADWDCLSVLNZUPK-UHFFFAOYSA-N,CC1=C(C=C(C=C1OC)O)C(=O)NC(CSC2=CC=CC=C2)C(CN3CC4CCCCC4CC3C(=O)NC(C)(C)C)O,,,C33H47N3O5S,597.323642604,5.349900000000002,2,2,2,BTM00099,BTM00099,Methylation of phenolic compound,BTMR1377,EC 2.1.1.25,HUMAN,BTM00016,CC1=C(C=C(C=C1O)O)C(=O)NC(CSC2=CC=CC=C2)C(CN3CC4CCCCC4CC3C(=O)NC(C)(C)C)O,"InChI=1S/C32H45N3O5S/c1-20-25(15-23(36)16-28(20)37)30(39)33-26(19-41-24-12-6-5-7-13-24)29(38)18-35-17-22-11-9-8-10-21(22)14-27(35)31(40)34-32(2,3)4/h5-7,12-13,15-16,21-22,26-27,29,36-38H,8-11,14,17-19H2,1-4H3,(H,33,39)(H,34,40)",DJMJDJQFZAFYKM-UHFFFAOYSA-N,5.098900000000002,583.30799254
"InChI=1S/C33H47N3O5S/c1-21-25(15-16-28(37)30(21)39)31(40)34-26(20-42(5)24-13-7-6-8-14-24)29(38)19-36-18-23-12-10-9-11-22(23)17-27(36)32(41)35-33(2,3)4/h6-8,13-16,22-23,26-27,29,38H,9-12,17-20H2,1-5H3,(H3-,34,35,37,39,40,41)/p+1",BGBRNHHGBBBFTI-UHFFFAOYSA-O,CC1=C(C=CC(=C1O)O)C(=O)NC(C[S+](C2=CC=CC=C2)C)C(CN3CC4CCCCC4CC3C(=O)NC(C)(C)C)O,,,[C33H48N3O5S]+,598.331467636,4.610600000000002,2,1,1,BTM00100,BTM00100,Thioether S-methylation,BTMR0214,EC 2.1.1.96,HUMAN,BTM00017,CC1=C(C=CC(=C1O)O)C(=O)NC(CSC2=CC=CC=C2)C(CN3CC4CCCCC4CC3C(=O)NC(C)(C)C)O,"InChI=1S/C32H45N3O5S/c1-20-24(14-15-27(36)29(20)38)30(39)33-25(19-41-23-12-6-5-7-13-23)28(37)18-35-17-22-11-9-8-10-21(22)16-26(35)31(40)34-32(2,3)4/h5-7,12-15,21-22,25-26,28,36-38H,8-11,16-19H2,1-4H3,(H,33,39)(H,34,40)",QTSSATVFYFFGRH-UHFFFAOYSA-N,5.098900000000002,583.30799254
"InChI=1S/C38H53N3O11S/c1-20-24(14-15-28(29(20)43)51-37-32(46)30(44)31(45)33(52-37)36(49)50)34(47)39-25(19-53-23-12-6-5-7-13-23)27(42)18-41-17-22-11-9-8-10-21(22)16-26(41)35(48)40-38(2,3)4/h5-7,12-15,21-22,25-27,30-33,37,42-46H,8-11,16-19H2,1-4H3,(H,39,47)(H,40,48)(H,49,50)",JDQMDUDYSYJHKK-UHFFFAOYSA-N,CC1=C(C=CC(=C1O)OC2OC(C(O)=O)C(C(C2O)O)O)C(=O)NC(CSC3=CC=CC=C3)C(CN4CC5CCCCC5CC4C(=O)NC(C)(C)C)O,,,C38H53N3O11S,759.3400805160001,3.4033999999999986,3,2,2,BTM00101,BTM00101,Aromatic OH-glucuronidation,BTMR0166,EC 2.4.1.17,HUMAN,BTM00017,CC1=C(C=CC(=C1O)O)C(=O)NC(CSC2=CC=CC=C2)C(CN3CC4CCCCC4CC3C(=O)NC(C)(C)C)O,"InChI=1S/C32H45N3O5S/c1-20-24(14-15-27(36)29(20)38)30(39)33-25(19-41-23-12-6-5-7-13-23)28(37)18-35-17-22-11-9-8-10-21(22)16-26(35)31(40)34-32(2,3)4/h5-7,12-15,21-22,25-26,28,36-38H,8-11,16-19H2,1-4H3,(H,33,39)(H,34,40)",QTSSATVFYFFGRH-UHFFFAOYSA-N,5.098900000000002,583.30799254
"InChI=1S/C38H53N3O11S/c1-20-24(14-15-27(42)32(20)51-37-31(46)29(44)30(45)33(52-37)36(49)50)34(47)39-25(19-53-23-12-6-5-7-13-23)28(43)18-41-17-22-11-9-8-10-21(22)16-26(41)35(48)40-38(2,3)4/h5-7,12-15,21-22,25-26,28-31,33,37,42-46H,8-11,16-19H2,1-4H3,(H,39,47)(H,40,48)(H,49,50)",SBCJLFNOQPLUFR-UHFFFAOYSA-N,CC1=C(C=CC(=C1OC2OC(C(O)=O)C(C(C2O)O)O)O)C(=O)NC(CSC3=CC=CC=C3)C(CN4CC5CCCCC5CC4C(=O)NC(C)(C)C)O,,,C38H53N3O11S,759.3400805160001,3.4033999999999986,3,2,2,BTM00102,BTM00102,Aromatic OH-glucuronidation,BTMR0166,EC 2.4.1.17,HUMAN,BTM00017,CC1=C(C=CC(=C1O)O)C(=O)NC(CSC2=CC=CC=C2)C(CN3CC4CCCCC4CC3C(=O)NC(C)(C)C)O,"InChI=1S/C32H45N3O5S/c1-20-24(14-15-27(36)29(20)38)30(39)33-25(19-41-23-12-6-5-7-13-23)28(37)18-35-17-22-11-9-8-10-21(22)16-26(35)31(40)34-32(2,3)4/h5-7,12-15,21-22,25-26,28,36-38H,8-11,16-19H2,1-4H3,(H,33,39)(H,34,40)",QTSSATVFYFFGRH-UHFFFAOYSA-N,5.098900000000002,583.30799254
"InChI=1S/C32H45N3O8S2/c1-20-24(14-15-28(29(20)37)43-45(40,41)42)30(38)33-25(19-44-23-12-6-5-7-13-23)27(36)18-35-17-22-11-9-8-10-21(22)16-26(35)31(39)34-32(2,3)4/h5-7,12-15,21-22,25-27,36-37H,8-11,16-19H2,1-4H3,(H,33,38)(H,34,39)(H,40,41,42)",DSQBPCJRCYFHJQ-UHFFFAOYSA-N,CC1=C(C=CC(=C1O)OS(O)(=O)=O)C(=O)NC(CSC2=CC=CC=C2)C(CN3CC4CCCCC4CC3C(=O)NC(C)(C)C)O,,,C32H45N3O8S2,663.2648074,4.3621000000000025,1,2,2,BTM00103,BTM00103,Sulfonation of phenolic compound,BTMR1376,EC 2.8.2.1,HUMAN,BTM00017,CC1=C(C=CC(=C1O)O)C(=O)NC(CSC2=CC=CC=C2)C(CN3CC4CCCCC4CC3C(=O)NC(C)(C)C)O,"InChI=1S/C32H45N3O5S/c1-20-24(14-15-27(36)29(20)38)30(39)33-25(19-41-23-12-6-5-7-13-23)28(37)18-35-17-22-11-9-8-10-21(22)16-26(35)31(40)34-32(2,3)4/h5-7,12-15,21-22,25-26,28,36-38H,8-11,16-19H2,1-4H3,(H,33,39)(H,34,40)",QTSSATVFYFFGRH-UHFFFAOYSA-N,5.098900000000002,583.30799254
"InChI=1S/C32H45N3O8S2/c1-20-24(14-15-27(36)29(20)43-45(40,41)42)30(38)33-25(19-44-23-12-6-5-7-13-23)28(37)18-35-17-22-11-9-8-10-21(22)16-26(35)31(39)34-32(2,3)4/h5-7,12-15,21-22,25-26,28,36-37H,8-11,16-19H2,1-4H3,(H,33,38)(H,34,39)(H,40,41,42)",NEQZVZITKPNEPQ-UHFFFAOYSA-N,CC1=C(C=CC(=C1OS(O)(=O)=O)O)C(=O)NC(CSC2=CC=CC=C2)C(CN3CC4CCCCC4CC3C(=O)NC(C)(C)C)O,,,C32H45N3O8S2,663.2648074,4.3621000000000025,1,2,2,BTM00104,BTM00104,Sulfonation of phenolic compound,BTMR1376,EC 2.8.2.1,HUMAN,BTM00017,CC1=C(C=CC(=C1O)O)C(=O)NC(CSC2=CC=CC=C2)C(CN3CC4CCCCC4CC3C(=O)NC(C)(C)C)O,"InChI=1S/C32H45N3O5S/c1-20-24(14-15-27(36)29(20)38)30(39)33-25(19-41-23-12-6-5-7-13-23)28(37)18-35-17-22-11-9-8-10-21(22)16-26(35)31(40)34-32(2,3)4/h5-7,12-15,21-22,25-26,28,36-38H,8-11,16-19H2,1-4H3,(H,33,39)(H,34,40)",QTSSATVFYFFGRH-UHFFFAOYSA-N,5.098900000000002,583.30799254
"InChI=1S/C32H45N3O8S2/c1-20-24(14-15-27(36)29(20)37)30(38)33-25(19-44-23-12-6-5-7-13-23)28(43-45(40,41)42)18-35-17-22-11-9-8-10-21(22)16-26(35)31(39)34-32(2,3)4/h5-7,12-15,21-22,25-26,28,36-37H,8-11,16-19H2,1-4H3,(H,33,38)(H,34,39)(H,40,41,42)",WTMVMZHZIKHQKN-UHFFFAOYSA-N,CC1=C(C=CC(=C1O)O)C(=O)NC(CSC2=CC=CC=C2)C(CN3CC4CCCCC4CC3C(=O)NC(C)(C)C)OS(O)(=O)=O,,,C32H45N3O8S2,663.2648074,4.519600000000002,2,2,2,BTM00105,BTM00105,Sulfation of secondary alcohol,BTMR0502,EC 2.8.2.2,HUMAN,BTM00017,CC1=C(C=CC(=C1O)O)C(=O)NC(CSC2=CC=CC=C2)C(CN3CC4CCCCC4CC3C(=O)NC(C)(C)C)O,"InChI=1S/C32H45N3O5S/c1-20-24(14-15-27(36)29(20)38)30(39)33-25(19-41-23-12-6-5-7-13-23)28(37)18-35-17-22-11-9-8-10-21(22)16-26(35)31(40)34-32(2,3)4/h5-7,12-15,21-22,25-26,28,36-38H,8-11,16-19H2,1-4H3,(H,33,39)(H,34,40)",QTSSATVFYFFGRH-UHFFFAOYSA-N,5.098900000000002,583.30799254
"InChI=1S/C33H47N3O5S/c1-21-25(15-16-29(41-5)30(21)38)31(39)34-26(20-42-24-13-7-6-8-14-24)28(37)19-36-18-23-12-10-9-11-22(23)17-27(36)32(40)35-33(2,3)4/h6-8,13-16,22-23,26-28,37-38H,9-12,17-20H2,1-5H3,(H,34,39)(H,35,40)",YZSRAKRVVVZNJR-UHFFFAOYSA-N,CC1=C(C=CC(=C1O)OC)C(=O)NC(CSC2=CC=CC=C2)C(CN3CC4CCCCC4CC3C(=O)NC(C)(C)C)O,,,C33H47N3O5S,597.323642604,5.349900000000002,2,2,2,BTM00106,BTM00106,Methylation of phenolic compound,BTMR1377,EC 2.1.1.25,HUMAN,BTM00017,CC1=C(C=CC(=C1O)O)C(=O)NC(CSC2=CC=CC=C2)C(CN3CC4CCCCC4CC3C(=O)NC(C)(C)C)O,"InChI=1S/C32H45N3O5S/c1-20-24(14-15-27(36)29(20)38)30(39)33-25(19-41-23-12-6-5-7-13-23)28(37)18-35-17-22-11-9-8-10-21(22)16-26(35)31(40)34-32(2,3)4/h5-7,12-15,21-22,25-26,28,36-38H,8-11,16-19H2,1-4H3,(H,33,39)(H,34,40)",QTSSATVFYFFGRH-UHFFFAOYSA-N,5.098900000000002,583.30799254
"InChI=1S/C33H47N3O5S/c1-21-25(15-16-28(37)30(21)41-5)31(39)34-26(20-42-24-13-7-6-8-14-24)29(38)19-36-18-23-12-10-9-11-22(23)17-27(36)32(40)35-33(2,3)4/h6-8,13-16,22-23,26-27,29,37-38H,9-12,17-20H2,1-5H3,(H,34,39)(H,35,40)",WKPGTTSEBIEZAT-UHFFFAOYSA-N,CC1=C(C=CC(=C1OC)O)C(=O)NC(CSC2=CC=CC=C2)C(CN3CC4CCCCC4CC3C(=O)NC(C)(C)C)O,,,C33H47N3O5S,597.323642604,5.349900000000002,2,2,2,BTM00107,BTM00107,Methylation of phenolic compound,BTMR1377,EC 2.1.1.25,HUMAN,BTM00017,CC1=C(C=CC(=C1O)O)C(=O)NC(CSC2=CC=CC=C2)C(CN3CC4CCCCC4CC3C(=O)NC(C)(C)C)O,"InChI=1S/C32H45N3O5S/c1-20-24(14-15-27(36)29(20)38)30(39)33-25(19-41-23-12-6-5-7-13-23)28(37)18-35-17-22-11-9-8-10-21(22)16-26(35)31(40)34-32(2,3)4/h5-7,12-15,21-22,25-26,28,36-38H,8-11,16-19H2,1-4H3,(H,33,39)(H,34,40)",QTSSATVFYFFGRH-UHFFFAOYSA-N,5.098900000000002,583.30799254
"InChI=1S/C32H43N3O5S/c1-20-23(15-10-16-27(20)36)29(38)33-25(19-41-22-12-6-5-7-13-22)28(37)18-35-26(30(39)34-32(2,3)4)17-21-11-8-9-14-24(21)31(35)40/h5-7,10,12-13,15-16,21,24-26,28,36-37H,8-9,11,14,17-19H2,1-4H3,(H,33,38)(H,34,39)",JMHLJXXBDXHLIA-UHFFFAOYSA-N,CC1=C(C=CC=C1O)C(=O)NC(CSC2=CC=CC=C2)C(CN3C(C4CCCCC4CC3C(=O)NC(C)(C)C)=O)O,,,C32H43N3O5S,581.292342476,4.5635,2,1,1,BTM00108,BTM00108,Dehydrogenation of secondary alcohol,BTMR0030,EC 1.1.1.1,HUMAN,BTM00018,CC1=C(C=CC=C1O)C(=O)NC(CSC2=CC=CC=C2)C(CN3C(C4CCCCC4CC3C(=O)NC(C)(C)C)O)O,"InChI=1S/C32H45N3O5S/c1-20-23(15-10-16-27(20)36)29(38)33-25(19-41-22-12-6-5-7-13-22)28(37)18-35-26(30(39)34-32(2,3)4)17-21-11-8-9-14-24(21)31(35)40/h5-7,10,12-13,15-16,21,24-26,28,31,36-37,40H,8-9,11,14,17-19H2,1-4H3,(H,33,38)(H,34,39)",NUENBYPUJODJAT-UHFFFAOYSA-N,4.897200000000002,583.3079925400001
"InChI=1S/C33H47N3O5S/c1-21-24(16-11-17-28(21)37)30(39)34-26(20-42(5)23-13-7-6-8-14-23)29(38)19-36-27(31(40)35-33(2,3)4)18-22-12-9-10-15-25(22)32(36)41/h6-8,11,13-14,16-17,22,25-27,29,32,38,41H,9-10,12,15,18-20H2,1-5H3,(H2-,34,35,37,39,40)/p+1",VZHSJGWJTZZAOM-UHFFFAOYSA-O,CC1=C(C=CC=C1O)C(=O)NC(C[S+](C2=CC=CC=C2)C)C(CN3C(C4CCCCC4CC3C(=O)NC(C)(C)C)O)O,,,[C33H48N3O5S]+,598.331467636,4.408900000000002,2,1,1,BTM00109,BTM00109,Thioether S-methylation,BTMR0214,EC 2.1.1.96,HUMAN,BTM00018,CC1=C(C=CC=C1O)C(=O)NC(CSC2=CC=CC=C2)C(CN3C(C4CCCCC4CC3C(=O)NC(C)(C)C)O)O,"InChI=1S/C32H45N3O5S/c1-20-23(15-10-16-27(20)36)29(38)33-25(19-41-22-12-6-5-7-13-22)28(37)18-35-26(30(39)34-32(2,3)4)17-21-11-8-9-14-24(21)31(35)40/h5-7,10,12-13,15-16,21,24-26,28,31,36-37,40H,8-9,11,14,17-19H2,1-4H3,(H,33,38)(H,34,39)",NUENBYPUJODJAT-UHFFFAOYSA-N,4.897200000000002,583.3079925400001
"InChI=1S/C38H53N3O11S/c1-20-23(15-10-16-28(20)51-37-31(45)29(43)30(44)32(52-37)36(49)50)33(46)39-25(19-53-22-12-6-5-7-13-22)27(42)18-41-26(34(47)40-38(2,3)4)17-21-11-8-9-14-24(21)35(41)48/h5-7,10,12-13,15-16,21,24-27,29-32,35,37,42-45,48H,8-9,11,14,17-19H2,1-4H3,(H,39,46)(H,40,47)(H,49,50)",NXPYSXIRVVUQLN-UHFFFAOYSA-N,CC1=C(C=CC=C1OC2OC(C(O)=O)C(C(C2O)O)O)C(=O)NC(CSC3=CC=CC=C3)C(CN4C(C5CCCCC5CC4C(=O)NC(C)(C)C)O)O,,,C38H53N3O11S,759.3400805160001,3.2017000000000033,3,2,2,BTM00110,BTM00110,Aromatic OH-glucuronidation,BTMR0166,EC 2.4.1.17,HUMAN,BTM00018,CC1=C(C=CC=C1O)C(=O)NC(CSC2=CC=CC=C2)C(CN3C(C4CCCCC4CC3C(=O)NC(C)(C)C)O)O,"InChI=1S/C32H45N3O5S/c1-20-23(15-10-16-27(20)36)29(38)33-25(19-41-22-12-6-5-7-13-22)28(37)18-35-26(30(39)34-32(2,3)4)17-21-11-8-9-14-24(21)31(35)40/h5-7,10,12-13,15-16,21,24-26,28,31,36-37,40H,8-9,11,14,17-19H2,1-4H3,(H,33,38)(H,34,39)",NUENBYPUJODJAT-UHFFFAOYSA-N,4.897200000000002,583.3079925400001
"InChI=1S/C32H45N3O8S2/c1-20-23(15-10-16-28(20)43-45(40,41)42)29(37)33-25(19-44-22-12-6-5-7-13-22)27(36)18-35-26(30(38)34-32(2,3)4)17-21-11-8-9-14-24(21)31(35)39/h5-7,10,12-13,15-16,21,24-27,31,36,39H,8-9,11,14,17-19H2,1-4H3,(H,33,37)(H,34,38)(H,40,41,42)",ABQAXUWCOBFGMV-UHFFFAOYSA-N,CC1=C(C=CC=C1OS(O)(=O)=O)C(=O)NC(CSC2=CC=CC=C2)C(CN3C(C4CCCCC4CC3C(=O)NC(C)(C)C)O)O,,,C32H45N3O8S2,663.2648074000001,4.160400000000002,1,2,2,BTM00111,BTM00111,Sulfonation of phenolic compound,BTMR1376,EC 2.8.2.1,HUMAN,BTM00018,CC1=C(C=CC=C1O)C(=O)NC(CSC2=CC=CC=C2)C(CN3C(C4CCCCC4CC3C(=O)NC(C)(C)C)O)O,"InChI=1S/C32H45N3O5S/c1-20-23(15-10-16-27(20)36)29(38)33-25(19-41-22-12-6-5-7-13-22)28(37)18-35-26(30(39)34-32(2,3)4)17-21-11-8-9-14-24(21)31(35)40/h5-7,10,12-13,15-16,21,24-26,28,31,36-37,40H,8-9,11,14,17-19H2,1-4H3,(H,33,38)(H,34,39)",NUENBYPUJODJAT-UHFFFAOYSA-N,4.897200000000002,583.3079925400001
"InChI=1S/C32H45N3O8S2/c1-20-23(15-10-16-27(20)36)29(37)33-25(19-44-22-12-6-5-7-13-22)28(43-45(40,41)42)18-35-26(30(38)34-32(2,3)4)17-21-11-8-9-14-24(21)31(35)39/h5-7,10,12-13,15-16,21,24-26,28,31,36,39H,8-9,11,14,17-19H2,1-4H3,(H,33,37)(H,34,38)(H,40,41,42)",PDASJVQSOIFXRI-UHFFFAOYSA-N,CC1=C(C=CC=C1O)C(=O)NC(CSC2=CC=CC=C2)C(CN3C(C4CCCCC4CC3C(=O)NC(C)(C)C)O)OS(O)(=O)=O,,,C32H45N3O8S2,663.2648074000001,4.3179000000000025,2,2,2,BTM00112,BTM00112,Sulfation of secondary alcohol,BTMR0502,EC 2.8.2.2,HUMAN,BTM00018,CC1=C(C=CC=C1O)C(=O)NC(CSC2=CC=CC=C2)C(CN3C(C4CCCCC4CC3C(=O)NC(C)(C)C)O)O,"InChI=1S/C32H45N3O5S/c1-20-23(15-10-16-27(20)36)29(38)33-25(19-41-22-12-6-5-7-13-22)28(37)18-35-26(30(39)34-32(2,3)4)17-21-11-8-9-14-24(21)31(35)40/h5-7,10,12-13,15-16,21,24-26,28,31,36-37,40H,8-9,11,14,17-19H2,1-4H3,(H,33,38)(H,34,39)",NUENBYPUJODJAT-UHFFFAOYSA-N,4.897200000000002,583.3079925400001
"InChI=1S/C33H47N3O5S/c1-21-24(16-11-17-29(21)41-5)30(38)34-26(20-42-23-13-7-6-8-14-23)28(37)19-36-27(31(39)35-33(2,3)4)18-22-12-9-10-15-25(22)32(36)40/h6-8,11,13-14,16-17,22,25-28,32,37,40H,9-10,12,15,18-20H2,1-5H3,(H,34,38)(H,35,39)",NFGCWXPLOIJIIA-UHFFFAOYSA-N,CC1=C(C=CC=C1OC)C(=O)NC(CSC2=CC=CC=C2)C(CN3C(C4CCCCC4CC3C(=O)NC(C)(C)C)O)O,,,C33H47N3O5S,597.323642604,5.148200000000002,2,2,2,BTM00113,BTM00113,Methylation of phenolic compound,BTMR1377,EC 2.1.1.25,HUMAN,BTM00018,CC1=C(C=CC=C1O)C(=O)NC(CSC2=CC=CC=C2)C(CN3C(C4CCCCC4CC3C(=O)NC(C)(C)C)O)O,"InChI=1S/C32H45N3O5S/c1-20-23(15-10-16-27(20)36)29(38)33-25(19-41-22-12-6-5-7-13-22)28(37)18-35-26(30(39)34-32(2,3)4)17-21-11-8-9-14-24(21)31(35)40/h5-7,10,12-13,15-16,21,24-26,28,31,36-37,40H,8-9,11,14,17-19H2,1-4H3,(H,33,38)(H,34,39)",NUENBYPUJODJAT-UHFFFAOYSA-N,4.897200000000002,583.3079925400001
"InChI=1S/C33H47N3O5S/c1-21-24(16-11-17-27(21)37)31(40)34-26(20-42(5)23-13-7-6-8-14-23)28(38)19-36-18-22-12-9-10-15-25(22)30(39)29(36)32(41)35-33(2,3)4/h6-8,11,13-14,16-17,22,25-26,28-30,38-39H,9-10,12,15,18-20H2,1-5H3,(H2-,34,35,37,40,41)/p+1",FBSARWWFPJRKJO-UHFFFAOYSA-O,CC1=C(C=CC=C1O)C(=O)NC(C[S+](C2=CC=CC=C2)C)C(CN3CC4CCCCC4C(C3C(=O)NC(C)(C)C)O)O,,,[C33H48N3O5S]+,598.331467636,3.9785999999999984,2,1,1,BTM00114,BTM00114,Thioether S-methylation,BTMR0214,EC 2.1.1.96,HUMAN,BTM00019,CC1=C(C=CC=C1O)C(=O)NC(CSC2=CC=CC=C2)C(CN3CC4CCCCC4C(C3C(=O)NC(C)(C)C)O)O,"InChI=1S/C32H45N3O5S/c1-20-23(15-10-16-26(20)36)30(39)33-25(19-41-22-12-6-5-7-13-22)27(37)18-35-17-21-11-8-9-14-24(21)29(38)28(35)31(40)34-32(2,3)4/h5-7,10,12-13,15-16,21,24-25,27-29,36-38H,8-9,11,14,17-19H2,1-4H3,(H,33,39)(H,34,40)",BDLJZLBTKBAPRU-UHFFFAOYSA-N,4.466899999999999,583.3079925400001
"InChI=1S/C38H53N3O11S/c1-20-23(15-10-16-27(20)51-37-32(46)30(44)31(45)33(52-37)36(49)50)34(47)39-25(19-53-22-12-6-5-7-13-22)26(42)18-41-17-21-11-8-9-14-24(21)29(43)28(41)35(48)40-38(2,3)4/h5-7,10,12-13,15-16,21,24-26,28-33,37,42-46H,8-9,11,14,17-19H2,1-4H3,(H,39,47)(H,40,48)(H,49,50)",XFQUTRJGRAVBCO-UHFFFAOYSA-N,CC1=C(C=CC=C1OC2OC(C(O)=O)C(C(C2O)O)O)C(=O)NC(CSC3=CC=CC=C3)C(CN4CC5CCCCC5C(C4C(=O)NC(C)(C)C)O)O,,,C38H53N3O11S,759.340080516,2.771399999999999,3,2,2,BTM00115,BTM00115,Aromatic OH-glucuronidation,BTMR0166,EC 2.4.1.17,HUMAN,BTM00019,CC1=C(C=CC=C1O)C(=O)NC(CSC2=CC=CC=C2)C(CN3CC4CCCCC4C(C3C(=O)NC(C)(C)C)O)O,"InChI=1S/C32H45N3O5S/c1-20-23(15-10-16-26(20)36)30(39)33-25(19-41-22-12-6-5-7-13-22)27(37)18-35-17-21-11-8-9-14-24(21)29(38)28(35)31(40)34-32(2,3)4/h5-7,10,12-13,15-16,21,24-25,27-29,36-38H,8-9,11,14,17-19H2,1-4H3,(H,33,39)(H,34,40)",BDLJZLBTKBAPRU-UHFFFAOYSA-N,4.466899999999999,583.3079925400001
"InChI=1S/C32H45N3O8S2/c1-20-23(15-10-16-27(20)43-45(40,41)42)30(38)33-25(19-44-22-12-6-5-7-13-22)26(36)18-35-17-21-11-8-9-14-24(21)29(37)28(35)31(39)34-32(2,3)4/h5-7,10,12-13,15-16,21,24-26,28-29,36-37H,8-9,11,14,17-19H2,1-4H3,(H,33,38)(H,34,39)(H,40,41,42)",NRMRXBLSTUBBNV-UHFFFAOYSA-N,CC1=C(C=CC=C1OS(O)(=O)=O)C(=O)NC(CSC2=CC=CC=C2)C(CN3CC4CCCCC4C(C3C(=O)NC(C)(C)C)O)O,,,C32H45N3O8S2,663.2648074000001,3.730099999999998,1,2,2,BTM00116,BTM00116,Sulfonation of phenolic compound,BTMR1376,EC 2.8.2.1,HUMAN,BTM00019,CC1=C(C=CC=C1O)C(=O)NC(CSC2=CC=CC=C2)C(CN3CC4CCCCC4C(C3C(=O)NC(C)(C)C)O)O,"InChI=1S/C32H45N3O5S/c1-20-23(15-10-16-26(20)36)30(39)33-25(19-41-22-12-6-5-7-13-22)27(37)18-35-17-21-11-8-9-14-24(21)29(38)28(35)31(40)34-32(2,3)4/h5-7,10,12-13,15-16,21,24-25,27-29,36-38H,8-9,11,14,17-19H2,1-4H3,(H,33,39)(H,34,40)",BDLJZLBTKBAPRU-UHFFFAOYSA-N,4.466899999999999,583.3079925400001
"InChI=1S/C32H45N3O8S2/c1-20-23(15-10-16-26(20)36)30(38)33-25(19-44-22-12-6-5-7-13-22)27(43-45(40,41)42)18-35-17-21-11-8-9-14-24(21)29(37)28(35)31(39)34-32(2,3)4/h5-7,10,12-13,15-16,21,24-25,27-29,36-37H,8-9,11,14,17-19H2,1-4H3,(H,33,38)(H,34,39)(H,40,41,42)",GGNCLLZFLBJGMO-UHFFFAOYSA-N,CC1=C(C=CC=C1O)C(=O)NC(CSC2=CC=CC=C2)C(CN3CC4CCCCC4C(C3C(=O)NC(C)(C)C)O)OS(O)(=O)=O,,,C32H45N3O8S2,663.2648074,3.8875999999999986,2,2,2,BTM00117,BTM00117,Sulfation of secondary alcohol,BTMR0502,EC 2.8.2.2,HUMAN,BTM00019,CC1=C(C=CC=C1O)C(=O)NC(CSC2=CC=CC=C2)C(CN3CC4CCCCC4C(C3C(=O)NC(C)(C)C)O)O,"InChI=1S/C32H45N3O5S/c1-20-23(15-10-16-26(20)36)30(39)33-25(19-41-22-12-6-5-7-13-22)27(37)18-35-17-21-11-8-9-14-24(21)29(38)28(35)31(40)34-32(2,3)4/h5-7,10,12-13,15-16,21,24-25,27-29,36-38H,8-9,11,14,17-19H2,1-4H3,(H,33,39)(H,34,40)",BDLJZLBTKBAPRU-UHFFFAOYSA-N,4.466899999999999,583.3079925400001
"InChI=1S/C32H45N3O8S2/c1-20-23(15-10-16-26(20)36)30(38)33-25(19-44-22-12-6-5-7-13-22)27(37)18-35-17-21-11-8-9-14-24(21)29(43-45(40,41)42)28(35)31(39)34-32(2,3)4/h5-7,10,12-13,15-16,21,24-25,27-29,36-37H,8-9,11,14,17-19H2,1-4H3,(H,33,38)(H,34,39)(H,40,41,42)",LPYXGRSSKUFWTR-UHFFFAOYSA-N,CC1=C(C=CC=C1O)C(=O)NC(CSC2=CC=CC=C2)C(CN3CC4CCCCC4C(C3C(=O)NC(C)(C)C)OS(O)(=O)=O)O,,,C32H45N3O8S2,663.2648074,3.8875999999999986,2,2,2,BTM00118,BTM00118,Sulfation of secondary alcohol,BTMR0502,EC 2.8.2.2,HUMAN,BTM00019,CC1=C(C=CC=C1O)C(=O)NC(CSC2=CC=CC=C2)C(CN3CC4CCCCC4C(C3C(=O)NC(C)(C)C)O)O,"InChI=1S/C32H45N3O5S/c1-20-23(15-10-16-26(20)36)30(39)33-25(19-41-22-12-6-5-7-13-22)27(37)18-35-17-21-11-8-9-14-24(21)29(38)28(35)31(40)34-32(2,3)4/h5-7,10,12-13,15-16,21,24-25,27-29,36-38H,8-9,11,14,17-19H2,1-4H3,(H,33,39)(H,34,40)",BDLJZLBTKBAPRU-UHFFFAOYSA-N,4.466899999999999,583.3079925400001
"InChI=1S/C33H47N3O5S/c1-21-24(16-11-17-28(21)41-5)31(39)34-26(20-42-23-13-7-6-8-14-23)27(37)19-36-18-22-12-9-10-15-25(22)30(38)29(36)32(40)35-33(2,3)4/h6-8,11,13-14,16-17,22,25-27,29-30,37-38H,9-10,12,15,18-20H2,1-5H3,(H,34,39)(H,35,40)",LRSSLIHQFMTUCC-UHFFFAOYSA-N,CC1=C(C=CC=C1OC)C(=O)NC(CSC2=CC=CC=C2)C(CN3CC4CCCCC4C(C3C(=O)NC(C)(C)C)O)O,,,C33H47N3O5S,597.323642604,4.7178999999999975,2,2,2,BTM00119,BTM00119,Methylation of phenolic compound,BTMR1377,EC 2.1.1.25,HUMAN,BTM00019,CC1=C(C=CC=C1O)C(=O)NC(CSC2=CC=CC=C2)C(CN3CC4CCCCC4C(C3C(=O)NC(C)(C)C)O)O,"InChI=1S/C32H45N3O5S/c1-20-23(15-10-16-26(20)36)30(39)33-25(19-41-22-12-6-5-7-13-22)27(37)18-35-17-21-11-8-9-14-24(21)29(38)28(35)31(40)34-32(2,3)4/h5-7,10,12-13,15-16,21,24-25,27-29,36-38H,8-9,11,14,17-19H2,1-4H3,(H,33,39)(H,34,40)",BDLJZLBTKBAPRU-UHFFFAOYSA-N,4.466899999999999,583.3079925400001
"InChI=1S/C32H45N3O4S/c1-21-25(15-10-16-28(21)36)30(38)33-26(20-40-24-13-6-5-7-14-24)29(37)19-35-18-23-12-9-8-11-22(23)17-27(35)31(39)34-32(2,3)4/h5-7,10,13-16,22-23,26-27,29,36-37H,8-9,11-12,17-20H2,1-4H3,(H,33,38)(H,34,39)",QAGYKUNXZHXKMR-UHFFFAOYSA-N,CC1=C(C=CC=C1O)C(=O)NC(CSC2=CC=CC=C2)C(CN3CC4CCCCC4CC3C(=O)NC(C)(C)C)O,,,C32H45N3O4S,567.3130,,2,1,1,,,Reduction of sulfoxide to thioether,BTMR0152,EC 1.2.3.1,HUMAN,BTM00020,CC1=C(C=CC=C1O)C(=O)NC(CS(C2=CC=CC=C2)=O)C(CN3CC4CCCCC4CC3C(=O)NC(C)(C)C)O,"InChI=1S/C32H45N3O5S/c1-21-25(15-10-16-28(21)36)30(38)33-26(20-41(40)24-13-6-5-7-14-24)29(37)19-35-18-23-12-9-8-11-22(23)17-27(35)31(39)34-32(2,3)4/h5-7,10,13-16,22-23,26-27,29,36-37H,8-9,11-12,17-20H2,1-4H3,(H,33,38)(H,34,39)",RSOLVRGGAAUFHC-UHFFFAOYSA-N,4.254500000000004,583.30799254
"InChI=1S/C38H53N3O11S/c1-21-25(15-10-16-29(21)51-37-32(45)30(43)31(44)33(52-37)36(48)49)34(46)39-26(20-53(50)24-13-6-5-7-14-24)28(42)19-41-18-23-12-9-8-11-22(23)17-27(41)35(47)40-38(2,3)4/h5-7,10,13-16,22-23,26-28,30-33,37,42-45H,8-9,11-12,17-20H2,1-4H3,(H,39,46)(H,40,47)(H,48,49)",HTCANAUPKWIDKU-UHFFFAOYSA-N,CC1=C(C=CC=C1OC2OC(C(O)=O)C(C(C2O)O)O)C(=O)NC(CS(C3=CC=CC=C3)=O)C(CN4CC5CCCCC5CC4C(=O)NC(C)(C)C)O,,,C38H53N3O11S,759.3400805160001,2.5589999999999997,3,2,2,BTM00120,BTM00120,Aromatic OH-glucuronidation,BTMR0166,EC 2.4.1.17,HUMAN,BTM00020,CC1=C(C=CC=C1O)C(=O)NC(CS(C2=CC=CC=C2)=O)C(CN3CC4CCCCC4CC3C(=O)NC(C)(C)C)O,"InChI=1S/C32H45N3O5S/c1-21-25(15-10-16-28(21)36)30(38)33-26(20-41(40)24-13-6-5-7-14-24)29(37)19-35-18-23-12-9-8-11-22(23)17-27(35)31(39)34-32(2,3)4/h5-7,10,13-16,22-23,26-27,29,36-37H,8-9,11-12,17-20H2,1-4H3,(H,33,38)(H,34,39)",RSOLVRGGAAUFHC-UHFFFAOYSA-N,4.254500000000004,583.30799254
"InChI=1S/C32H45N3O8S2/c1-21-25(15-10-16-29(21)43-45(40,41)42)30(37)33-26(20-44(39)24-13-6-5-7-14-24)28(36)19-35-18-23-12-9-8-11-22(23)17-27(35)31(38)34-32(2,3)4/h5-7,10,13-16,22-23,26-28,36H,8-9,11-12,17-20H2,1-4H3,(H,33,37)(H,34,38)(H,40,41,42)",HBHRIOLFXFNLCI-UHFFFAOYSA-N,CC1=C(C=CC=C1OS(O)(=O)=O)C(=O)NC(CS(C2=CC=CC=C2)=O)C(CN3CC4CCCCC4CC3C(=O)NC(C)(C)C)O,,,C32H45N3O8S2,663.2648074,3.5177000000000023,1,2,2,BTM00121,BTM00121,Sulfonation of phenolic compound,BTMR1376,EC 2.8.2.1,HUMAN,BTM00020,CC1=C(C=CC=C1O)C(=O)NC(CS(C2=CC=CC=C2)=O)C(CN3CC4CCCCC4CC3C(=O)NC(C)(C)C)O,"InChI=1S/C32H45N3O5S/c1-21-25(15-10-16-28(21)36)30(38)33-26(20-41(40)24-13-6-5-7-14-24)29(37)19-35-18-23-12-9-8-11-22(23)17-27(35)31(39)34-32(2,3)4/h5-7,10,13-16,22-23,26-27,29,36-37H,8-9,11-12,17-20H2,1-4H3,(H,33,38)(H,34,39)",RSOLVRGGAAUFHC-UHFFFAOYSA-N,4.254500000000004,583.30799254
"InChI=1S/C32H45N3O8S2/c1-21-25(15-10-16-28(21)36)30(37)33-26(20-44(39)24-13-6-5-7-14-24)29(43-45(40,41)42)19-35-18-23-12-9-8-11-22(23)17-27(35)31(38)34-32(2,3)4/h5-7,10,13-16,22-23,26-27,29,36H,8-9,11-12,17-20H2,1-4H3,(H,33,37)(H,34,38)(H,40,41,42)",NBRSFKSEHMTUDF-UHFFFAOYSA-N,CC1=C(C=CC=C1O)C(=O)NC(CS(C2=CC=CC=C2)=O)C(CN3CC4CCCCC4CC3C(=O)NC(C)(C)C)OS(O)(=O)=O,,,C32H45N3O8S2,663.2648074000001,3.6752000000000025,2,2,2,BTM00122,BTM00122,Sulfation of secondary alcohol,BTMR0502,EC 2.8.2.2,HUMAN,BTM00020,CC1=C(C=CC=C1O)C(=O)NC(CS(C2=CC=CC=C2)=O)C(CN3CC4CCCCC4CC3C(=O)NC(C)(C)C)O,"InChI=1S/C32H45N3O5S/c1-21-25(15-10-16-28(21)36)30(38)33-26(20-41(40)24-13-6-5-7-14-24)29(37)19-35-18-23-12-9-8-11-22(23)17-27(35)31(39)34-32(2,3)4/h5-7,10,13-16,22-23,26-27,29,36-37H,8-9,11-12,17-20H2,1-4H3,(H,33,38)(H,34,39)",RSOLVRGGAAUFHC-UHFFFAOYSA-N,4.254500000000004,583.30799254
"InChI=1S/C33H47N3O5S/c1-22-26(16-11-17-30(22)41-5)31(38)34-27(21-42(40)25-14-7-6-8-15-25)29(37)20-36-19-24-13-10-9-12-23(24)18-28(36)32(39)35-33(2,3)4/h6-8,11,14-17,23-24,27-29,37H,9-10,12-13,18-21H2,1-5H3,(H,34,38)(H,35,39)",LIRPLKNMRJXROT-UHFFFAOYSA-N,CC1=C(C=CC=C1OC)C(=O)NC(CS(C2=CC=CC=C2)=O)C(CN3CC4CCCCC4CC3C(=O)NC(C)(C)C)O,,,C33H47N3O5S,597.323642604,4.505500000000003,1,2,2,BTM00123,BTM00123,Methylation of phenolic compound,BTMR1377,EC 2.1.1.25,HUMAN,BTM00020,CC1=C(C=CC=C1O)C(=O)NC(CS(C2=CC=CC=C2)=O)C(CN3CC4CCCCC4CC3C(=O)NC(C)(C)C)O,"InChI=1S/C32H45N3O5S/c1-21-25(15-10-16-28(21)36)30(38)33-26(20-41(40)24-13-6-5-7-14-24)29(37)19-35-18-23-12-9-8-11-22(23)17-27(35)31(39)34-32(2,3)4/h5-7,10,13-16,22-23,26-27,29,36-37H,8-9,11-12,17-20H2,1-4H3,(H,33,38)(H,34,39)",RSOLVRGGAAUFHC-UHFFFAOYSA-N,4.254500000000004,583.30799254
"InChI=1S/C33H47N3O5S/c1-22-26(15-10-16-29(22)38)31(40)34-27(20-42(4)25-13-6-5-7-14-25)30(39)19-36-18-24-12-9-8-11-23(24)17-28(36)32(41)35-33(2,3)21-37/h5-7,10,13-16,23-24,27-28,30,37,39H,8-9,11-12,17-21H2,1-4H3,(H2-,34,35,38,40,41)/p+1",FXBVQUVSTOHEHA-UHFFFAOYSA-O,CC1=C(C=CC=C1O)C(=O)NC(C[S+](C2=CC=CC=C2)C)C(CN3CC4CCCCC4CC3C(=O)NC(C)(C)CO)O,,,[C33H48N3O5S]+,598.3314676360001,3.9898000000000042,2,2,2,BTM00124,BTM00124,Thioether S-methylation,BTMR0214,EC 2.1.1.96,HUMAN,BTM00021,CC1=C(C=CC=C1O)C(=O)NC(CSC2=CC=CC=C2)C(CN3CC4CCCCC4CC3C(=O)NC(C)(C)CO)O,"InChI=1S/C32H45N3O5S/c1-21-25(14-9-15-28(21)37)30(39)33-26(19-41-24-12-5-4-6-13-24)29(38)18-35-17-23-11-8-7-10-22(23)16-27(35)31(40)34-32(2,3)20-36/h4-6,9,12-15,22-23,26-27,29,36-38H,7-8,10-11,16-20H2,1-3H3,(H,33,39)(H,34,40)",SLEPDNKZXLVSOH-UHFFFAOYSA-N,4.478100000000005,583.30799254
"InChI=1S/C38H53N3O11S/c1-21-25(14-9-15-29(21)51-37-32(46)30(44)31(45)33(52-37)36(49)50)34(47)39-26(19-53-24-12-5-4-6-13-24)28(43)18-41-17-23-11-8-7-10-22(23)16-27(41)35(48)40-38(2,3)20-42/h4-6,9,12-15,22-23,26-28,30-33,37,42-46H,7-8,10-11,16-20H2,1-3H3,(H,39,47)(H,40,48)(H,49,50)",YNZZDVZVCGBAGG-UHFFFAOYSA-N,CC1=C(C=CC=C1OC2OC(C(O)=O)C(C(C2O)O)O)C(=O)NC(CSC3=CC=CC=C3)C(CN4CC5CCCCC5CC4C(=O)NC(C)(C)CO)O,,,C38H53N3O11S,759.340080516,2.7826000000000013,3,2,2,BTM00125,BTM00125,Aromatic OH-glucuronidation,BTMR0166,EC 2.4.1.17,HUMAN,BTM00021,CC1=C(C=CC=C1O)C(=O)NC(CSC2=CC=CC=C2)C(CN3CC4CCCCC4CC3C(=O)NC(C)(C)CO)O,"InChI=1S/C32H45N3O5S/c1-21-25(14-9-15-28(21)37)30(39)33-26(19-41-24-12-5-4-6-13-24)29(38)18-35-17-23-11-8-7-10-22(23)16-27(35)31(40)34-32(2,3)20-36/h4-6,9,12-15,22-23,26-27,29,36-38H,7-8,10-11,16-20H2,1-3H3,(H,33,39)(H,34,40)",SLEPDNKZXLVSOH-UHFFFAOYSA-N,4.478100000000005,583.30799254
"InChI=1S/C32H45N3O8S2/c1-21-25(14-9-15-29(21)43-45(40,41)42)30(38)33-26(19-44-24-12-5-4-6-13-24)28(37)18-35-17-23-11-8-7-10-22(23)16-27(35)31(39)34-32(2,3)20-36/h4-6,9,12-15,22-23,26-28,36-37H,7-8,10-11,16-20H2,1-3H3,(H,33,38)(H,34,39)(H,40,41,42)",JQYFSDGXNHBWIB-UHFFFAOYSA-N,CC1=C(C=CC=C1OS(O)(=O)=O)C(=O)NC(CSC2=CC=CC=C2)C(CN3CC4CCCCC4CC3C(=O)NC(C)(C)CO)O,,,C32H45N3O8S2,663.2648074000001,3.741300000000004,1,2,2,BTM00126,BTM00126,Sulfonation of phenolic compound,BTMR1376,EC 2.8.2.1,HUMAN,BTM00021,CC1=C(C=CC=C1O)C(=O)NC(CSC2=CC=CC=C2)C(CN3CC4CCCCC4CC3C(=O)NC(C)(C)CO)O,"InChI=1S/C32H45N3O5S/c1-21-25(14-9-15-28(21)37)30(39)33-26(19-41-24-12-5-4-6-13-24)29(38)18-35-17-23-11-8-7-10-22(23)16-27(35)31(40)34-32(2,3)20-36/h4-6,9,12-15,22-23,26-27,29,36-38H,7-8,10-11,16-20H2,1-3H3,(H,33,39)(H,34,40)",SLEPDNKZXLVSOH-UHFFFAOYSA-N,4.478100000000005,583.30799254
"InChI=1S/C32H45N3O8S2/c1-21-25(14-9-15-28(21)36)30(38)33-26(19-44-24-12-5-4-6-13-24)29(37)18-35-17-23-11-8-7-10-22(23)16-27(35)31(39)34-32(2,3)20-43-45(40,41)42/h4-6,9,12-15,22-23,26-27,29,36-37H,7-8,10-11,16-20H2,1-3H3,(H,33,38)(H,34,39)(H,40,41,42)",YIIRBGZYKCRDDG-UHFFFAOYSA-N,CC1=C(C=CC=C1O)C(=O)NC(CSC2=CC=CC=C2)C(CN3CC4CCCCC4CC3C(=O)NC(C)(C)COS(O)(=O)=O)O,,,C32H45N3O8S2,663.2648074000001,3.8988000000000045,2,2,2,BTM00127,BTM00127,Sulfation of primary alcohol,BTMR0501,EC 2.8.2.2,HUMAN,BTM00021,CC1=C(C=CC=C1O)C(=O)NC(CSC2=CC=CC=C2)C(CN3CC4CCCCC4CC3C(=O)NC(C)(C)CO)O,"InChI=1S/C32H45N3O5S/c1-21-25(14-9-15-28(21)37)30(39)33-26(19-41-24-12-5-4-6-13-24)29(38)18-35-17-23-11-8-7-10-22(23)16-27(35)31(40)34-32(2,3)20-36/h4-6,9,12-15,22-23,26-27,29,36-38H,7-8,10-11,16-20H2,1-3H3,(H,33,39)(H,34,40)",SLEPDNKZXLVSOH-UHFFFAOYSA-N,4.478100000000005,583.30799254
"InChI=1S/C32H45N3O8S2/c1-21-25(14-9-15-28(21)37)30(38)33-26(19-44-24-12-5-4-6-13-24)29(43-45(40,41)42)18-35-17-23-11-8-7-10-22(23)16-27(35)31(39)34-32(2,3)20-36/h4-6,9,12-15,22-23,26-27,29,36-37H,7-8,10-11,16-20H2,1-3H3,(H,33,38)(H,34,39)(H,40,41,42)",AREMRZDMCIMAEA-UHFFFAOYSA-N,CC1=C(C=CC=C1O)C(=O)NC(CSC2=CC=CC=C2)C(CN3CC4CCCCC4CC3C(=O)NC(C)(C)CO)OS(O)(=O)=O,,,C32H45N3O8S2,663.2648074,3.8988000000000045,2,2,2,BTM00128,BTM00128,Sulfation of secondary alcohol,BTMR0502,EC 2.8.2.2,HUMAN,BTM00021,CC1=C(C=CC=C1O)C(=O)NC(CSC2=CC=CC=C2)C(CN3CC4CCCCC4CC3C(=O)NC(C)(C)CO)O,"InChI=1S/C32H45N3O5S/c1-21-25(14-9-15-28(21)37)30(39)33-26(19-41-24-12-5-4-6-13-24)29(38)18-35-17-23-11-8-7-10-22(23)16-27(35)31(40)34-32(2,3)20-36/h4-6,9,12-15,22-23,26-27,29,36-38H,7-8,10-11,16-20H2,1-3H3,(H,33,39)(H,34,40)",SLEPDNKZXLVSOH-UHFFFAOYSA-N,4.478100000000005,583.30799254
"InChI=1S/C33H47N3O5S/c1-22-26(15-10-16-30(22)41-4)31(39)34-27(20-42-25-13-6-5-7-14-25)29(38)19-36-18-24-12-9-8-11-23(24)17-28(36)32(40)35-33(2,3)21-37/h5-7,10,13-16,23-24,27-29,37-38H,8-9,11-12,17-21H2,1-4H3,(H,34,39)(H,35,40)",UPTGLQKOQPLFSI-UHFFFAOYSA-N,CC1=C(C=CC=C1OC)C(=O)NC(CSC2=CC=CC=C2)C(CN3CC4CCCCC4CC3C(=O)NC(C)(C)CO)O,,,C33H47N3O5S,597.3236426039999,4.729100000000004,2,2,2,BTM00129,BTM00129,Methylation of phenolic compound,BTMR1377,EC 2.1.1.25,HUMAN,BTM00021,CC1=C(C=CC=C1O)C(=O)NC(CSC2=CC=CC=C2)C(CN3CC4CCCCC4CC3C(=O)NC(C)(C)CO)O,"InChI=1S/C32H45N3O5S/c1-21-25(14-9-15-28(21)37)30(39)33-26(19-41-24-12-5-4-6-13-24)29(38)18-35-17-23-11-8-7-10-22(23)16-27(35)31(40)34-32(2,3)20-36/h4-6,9,12-15,22-23,26-27,29,36-38H,7-8,10-11,16-20H2,1-3H3,(H,33,39)(H,34,40)",SLEPDNKZXLVSOH-UHFFFAOYSA-N,4.478100000000005,583.30799254
"InChI=1S/C33H47N3O5S/c1-22-25(15-11-16-28(22)37)30(39)34-26(20-42(5)24-13-7-6-8-14-24)29(38)19-36-21-33(41)17-10-9-12-23(33)18-27(36)31(40)35-32(2,3)4/h6-8,11,13-16,23,26-27,29,38,41H,9-10,12,17-21H2,1-5H3,(H2-,34,35,37,39,40)/p+1",PJFCTLPEASRMRN-UHFFFAOYSA-O,CC1=C(C=CC=C1O)C(=O)NC(C[S+](C2=CC=CC=C2)C)C(CN3CC4(CCCCC4CC3C(=O)NC(C)(C)C)O)O,,,[C33H48N3O5S]+,598.3314676360001,3.931800000000001,1,1,1,BTM00130,BTM00130,Thioether S-methylation,BTMR0214,EC 2.1.1.96,HUMAN,BTM00022,CC1=C(C=CC=C1O)C(=O)NC(CSC2=CC=CC=C2)C(CN3CC4(CCCCC4CC3C(=O)NC(C)(C)C)O)O,"InChI=1S/C32H45N3O5S/c1-21-24(14-10-15-27(21)36)29(38)33-25(19-41-23-12-6-5-7-13-23)28(37)18-35-20-32(40)16-9-8-11-22(32)17-26(35)30(39)34-31(2,3)4/h5-7,10,12-15,22,25-26,28,36-37,40H,8-9,11,16-20H2,1-4H3,(H,33,38)(H,34,39)",PPDMKWQJMXIQAV-UHFFFAOYSA-N,4.4201000000000015,583.30799254
"InChI=1S/C38H53N3O11S/c1-21-24(14-10-15-28(21)51-36-31(45)29(43)30(44)32(52-36)35(48)49)33(46)39-25(19-53-23-12-6-5-7-13-23)27(42)18-41-20-38(50)16-9-8-11-22(38)17-26(41)34(47)40-37(2,3)4/h5-7,10,12-15,22,25-27,29-32,36,42-45,50H,8-9,11,16-20H2,1-4H3,(H,39,46)(H,40,47)(H,48,49)",FWVNZJHLFKUXBR-UHFFFAOYSA-N,CC1=C(C=CC=C1OC2OC(C(O)=O)C(C(C2O)O)O)C(=O)NC(CSC3=CC=CC=C3)C(CN4CC5(CCCCC5CC4C(=O)NC(C)(C)C)O)O,,,C38H53N3O11S,759.340080516,2.724599999999996,3,2,2,BTM00131,BTM00131,Aromatic OH-glucuronidation,BTMR0166,EC 2.4.1.17,HUMAN,BTM00022,CC1=C(C=CC=C1O)C(=O)NC(CSC2=CC=CC=C2)C(CN3CC4(CCCCC4CC3C(=O)NC(C)(C)C)O)O,"InChI=1S/C32H45N3O5S/c1-21-24(14-10-15-27(21)36)29(38)33-25(19-41-23-12-6-5-7-13-23)28(37)18-35-20-32(40)16-9-8-11-22(32)17-26(35)30(39)34-31(2,3)4/h5-7,10,12-15,22,25-26,28,36-37,40H,8-9,11,16-20H2,1-4H3,(H,33,38)(H,34,39)",PPDMKWQJMXIQAV-UHFFFAOYSA-N,4.4201000000000015,583.30799254
"InChI=1S/C32H45N3O8S2/c1-21-24(14-10-15-28(21)43-45(40,41)42)29(37)33-25(19-44-23-12-6-5-7-13-23)27(36)18-35-20-32(39)16-9-8-11-22(32)17-26(35)30(38)34-31(2,3)4/h5-7,10,12-15,22,25-27,36,39H,8-9,11,16-20H2,1-4H3,(H,33,37)(H,34,38)(H,40,41,42)",RPSIQNZKIVNFTR-UHFFFAOYSA-N,CC1=C(C=CC=C1OS(O)(=O)=O)C(=O)NC(CSC2=CC=CC=C2)C(CN3CC4(CCCCC4CC3C(=O)NC(C)(C)C)O)O,,,C32H45N3O8S2,663.2648073999999,3.6833000000000005,1,2,2,BTM00132,BTM00132,Sulfonation of phenolic compound,BTMR1376,EC 2.8.2.1,HUMAN,BTM00022,CC1=C(C=CC=C1O)C(=O)NC(CSC2=CC=CC=C2)C(CN3CC4(CCCCC4CC3C(=O)NC(C)(C)C)O)O,"InChI=1S/C32H45N3O5S/c1-21-24(14-10-15-27(21)36)29(38)33-25(19-41-23-12-6-5-7-13-23)28(37)18-35-20-32(40)16-9-8-11-22(32)17-26(35)30(39)34-31(2,3)4/h5-7,10,12-15,22,25-26,28,36-37,40H,8-9,11,16-20H2,1-4H3,(H,33,38)(H,34,39)",PPDMKWQJMXIQAV-UHFFFAOYSA-N,4.4201000000000015,583.30799254
"InChI=1S/C32H45N3O8S2/c1-21-24(14-10-15-27(21)36)29(37)33-25(19-44-23-12-6-5-7-13-23)28(43-45(40,41)42)18-35-20-32(39)16-9-8-11-22(32)17-26(35)30(38)34-31(2,3)4/h5-7,10,12-15,22,25-26,28,36,39H,8-9,11,16-20H2,1-4H3,(H,33,37)(H,34,38)(H,40,41,42)",UWAYUISCTNDXGY-UHFFFAOYSA-N,CC1=C(C=CC=C1O)C(=O)NC(CSC2=CC=CC=C2)C(CN3CC4(CCCCC4CC3C(=O)NC(C)(C)C)O)OS(O)(=O)=O,,,C32H45N3O8S2,663.2648074,3.840800000000001,2,2,2,BTM00133,BTM00133,Sulfation of secondary alcohol,BTMR0502,EC 2.8.2.2,HUMAN,BTM00022,CC1=C(C=CC=C1O)C(=O)NC(CSC2=CC=CC=C2)C(CN3CC4(CCCCC4CC3C(=O)NC(C)(C)C)O)O,"InChI=1S/C32H45N3O5S/c1-21-24(14-10-15-27(21)36)29(38)33-25(19-41-23-12-6-5-7-13-23)28(37)18-35-20-32(40)16-9-8-11-22(32)17-26(35)30(39)34-31(2,3)4/h5-7,10,12-15,22,25-26,28,36-37,40H,8-9,11,16-20H2,1-4H3,(H,33,38)(H,34,39)",PPDMKWQJMXIQAV-UHFFFAOYSA-N,4.4201000000000015,583.30799254
"InChI=1S/C33H47N3O5S/c1-22-25(15-11-16-29(22)41-5)30(38)34-26(20-42-24-13-7-6-8-14-24)28(37)19-36-21-33(40)17-10-9-12-23(33)18-27(36)31(39)35-32(2,3)4/h6-8,11,13-16,23,26-28,37,40H,9-10,12,17-21H2,1-5H3,(H,34,38)(H,35,39)",PLOLTZODYCFUHH-UHFFFAOYSA-N,CC1=C(C=CC=C1OC)C(=O)NC(CSC2=CC=CC=C2)C(CN3CC4(CCCCC4CC3C(=O)NC(C)(C)C)O)O,,,C33H47N3O5S,597.323642604,4.6711,1,2,2,BTM00134,BTM00134,Methylation of phenolic compound,BTMR1377,EC 2.1.1.25,HUMAN,BTM00022,CC1=C(C=CC=C1O)C(=O)NC(CSC2=CC=CC=C2)C(CN3CC4(CCCCC4CC3C(=O)NC(C)(C)C)O)O,"InChI=1S/C32H45N3O5S/c1-21-24(14-10-15-27(21)36)29(38)33-25(19-41-23-12-6-5-7-13-23)28(37)18-35-20-32(40)16-9-8-11-22(32)17-26(35)30(39)34-31(2,3)4/h5-7,10,12-15,22,25-26,28,36-37,40H,8-9,11,16-20H2,1-4H3,(H,33,38)(H,34,39)",PPDMKWQJMXIQAV-UHFFFAOYSA-N,4.4201000000000015,583.30799254
"InChI=1S/C33H47N3O5S/c1-22-25(15-11-16-28(22)37)30(39)34-26(21-42(5)24-13-7-6-8-14-24)29(38)20-36-19-23-12-9-10-17-33(23,41)18-27(36)31(40)35-32(2,3)4/h6-8,11,13-16,23,26-27,29,38,41H,9-10,12,17-21H2,1-5H3,(H2-,34,35,37,39,40)/p+1",LRUAKEFJUDLLQG-UHFFFAOYSA-O,CC1=C(C=CC=C1O)C(=O)NC(C[S+](C2=CC=CC=C2)C)C(CN3CC4CCCCC4(CC3C(=O)NC(C)(C)C)O)O,,,[C33H48N3O5S]+,598.3314676360001,3.5436000000000005,1,1,1,BTM00135,BTM00135,Thioether S-methylation,BTMR0214,EC 2.1.1.96,HUMAN,BTM00023,CC1=C(C=CC=C1O)C(=O)NC(CSC2=CC=CC=C2)C(CN3CC4CCCCC4(CC3C(=O)NC(C)(C)C)O)O,"InChI=1S/C32H45N3O5S/c1-21-24(14-10-15-27(21)36)29(38)33-25(20-41-23-12-6-5-7-13-23)28(37)19-35-18-22-11-8-9-16-32(22,40)17-26(35)30(39)34-31(2,3)4/h5-7,10,12-15,22,25-26,28,36-37,40H,8-9,11,16-20H2,1-4H3,(H,33,38)(H,34,39)",LOAJQUQBUCQLKT-UHFFFAOYSA-N,4.031900000000001,583.30799254
"InChI=1S/C38H53N3O11S/c1-21-24(14-10-15-28(21)51-36-31(45)29(43)30(44)32(52-36)35(48)49)33(46)39-25(20-53-23-12-6-5-7-13-23)27(42)19-41-18-22-11-8-9-16-38(22,50)17-26(41)34(47)40-37(2,3)4/h5-7,10,12-15,22,25-27,29-32,36,42-45,50H,8-9,11,16-20H2,1-4H3,(H,39,46)(H,40,47)(H,48,49)",ZMBVGEREEJOYAX-UHFFFAOYSA-N,CC1=C(C=CC=C1OC2OC(C(O)=O)C(C(C2O)O)O)C(=O)NC(CSC3=CC=CC=C3)C(CN4CC5CCCCC5(CC4C(=O)NC(C)(C)C)O)O,,,C38H53N3O11S,759.3400805160001,2.3363999999999954,3,2,2,BTM00136,BTM00136,Aromatic OH-glucuronidation,BTMR0166,EC 2.4.1.17,HUMAN,BTM00023,CC1=C(C=CC=C1O)C(=O)NC(CSC2=CC=CC=C2)C(CN3CC4CCCCC4(CC3C(=O)NC(C)(C)C)O)O,"InChI=1S/C32H45N3O5S/c1-21-24(14-10-15-27(21)36)29(38)33-25(20-41-23-12-6-5-7-13-23)28(37)19-35-18-22-11-8-9-16-32(22,40)17-26(35)30(39)34-31(2,3)4/h5-7,10,12-15,22,25-26,28,36-37,40H,8-9,11,16-20H2,1-4H3,(H,33,38)(H,34,39)",LOAJQUQBUCQLKT-UHFFFAOYSA-N,4.031900000000001,583.30799254
"InChI=1S/C32H45N3O8S2/c1-21-24(14-10-15-28(21)43-45(40,41)42)29(37)33-25(20-44-23-12-6-5-7-13-23)27(36)19-35-18-22-11-8-9-16-32(22,39)17-26(35)30(38)34-31(2,3)4/h5-7,10,12-15,22,25-27,36,39H,8-9,11,16-20H2,1-4H3,(H,33,37)(H,34,38)(H,40,41,42)",VEFVOGLRIOICMF-UHFFFAOYSA-N,CC1=C(C=CC=C1OS(O)(=O)=O)C(=O)NC(CSC2=CC=CC=C2)C(CN3CC4CCCCC4(CC3C(=O)NC(C)(C)C)O)O,,,C32H45N3O8S2,663.2648074,3.2951,1,2,2,BTM00137,BTM00137,Sulfonation of phenolic compound,BTMR1376,EC 2.8.2.1,HUMAN,BTM00023,CC1=C(C=CC=C1O)C(=O)NC(CSC2=CC=CC=C2)C(CN3CC4CCCCC4(CC3C(=O)NC(C)(C)C)O)O,"InChI=1S/C32H45N3O5S/c1-21-24(14-10-15-27(21)36)29(38)33-25(20-41-23-12-6-5-7-13-23)28(37)19-35-18-22-11-8-9-16-32(22,40)17-26(35)30(39)34-31(2,3)4/h5-7,10,12-15,22,25-26,28,36-37,40H,8-9,11,16-20H2,1-4H3,(H,33,38)(H,34,39)",LOAJQUQBUCQLKT-UHFFFAOYSA-N,4.031900000000001,583.30799254
"InChI=1S/C32H45N3O8S2/c1-21-24(14-10-15-27(21)36)29(37)33-25(20-44-23-12-6-5-7-13-23)28(43-45(40,41)42)19-35-18-22-11-8-9-16-32(22,39)17-26(35)30(38)34-31(2,3)4/h5-7,10,12-15,22,25-26,28,36,39H,8-9,11,16-20H2,1-4H3,(H,33,37)(H,34,38)(H,40,41,42)",URQUQJOUFGZGLO-UHFFFAOYSA-N,CC1=C(C=CC=C1O)C(=O)NC(CSC2=CC=CC=C2)C(CN3CC4CCCCC4(CC3C(=O)NC(C)(C)C)O)OS(O)(=O)=O,,,C32H45N3O8S2,663.2648074,3.452600000000001,2,2,2,BTM00138,BTM00138,Sulfation of secondary alcohol,BTMR0502,EC 2.8.2.2,HUMAN,BTM00023,CC1=C(C=CC=C1O)C(=O)NC(CSC2=CC=CC=C2)C(CN3CC4CCCCC4(CC3C(=O)NC(C)(C)C)O)O,"InChI=1S/C32H45N3O5S/c1-21-24(14-10-15-27(21)36)29(38)33-25(20-41-23-12-6-5-7-13-23)28(37)19-35-18-22-11-8-9-16-32(22,40)17-26(35)30(39)34-31(2,3)4/h5-7,10,12-15,22,25-26,28,36-37,40H,8-9,11,16-20H2,1-4H3,(H,33,38)(H,34,39)",LOAJQUQBUCQLKT-UHFFFAOYSA-N,4.031900000000001,583.30799254
"InChI=1S/C33H47N3O5S/c1-22-25(15-11-16-29(22)41-5)30(38)34-26(21-42-24-13-7-6-8-14-24)28(37)20-36-19-23-12-9-10-17-33(23,40)18-27(36)31(39)35-32(2,3)4/h6-8,11,13-16,23,26-28,37,40H,9-10,12,17-21H2,1-5H3,(H,34,38)(H,35,39)",YHTVFTURUNXMPI-UHFFFAOYSA-N,CC1=C(C=CC=C1OC)C(=O)NC(CSC2=CC=CC=C2)C(CN3CC4CCCCC4(CC3C(=O)NC(C)(C)C)O)O,,,C33H47N3O5S,597.323642604,4.282900000000001,1,2,2,BTM00139,BTM00139,Methylation of phenolic compound,BTMR1377,EC 2.1.1.25,HUMAN,BTM00023,CC1=C(C=CC=C1O)C(=O)NC(CSC2=CC=CC=C2)C(CN3CC4CCCCC4(CC3C(=O)NC(C)(C)C)O)O,"InChI=1S/C32H45N3O5S/c1-21-24(14-10-15-27(21)36)29(38)33-25(20-41-23-12-6-5-7-13-23)28(37)19-35-18-22-11-8-9-16-32(22,40)17-26(35)30(39)34-31(2,3)4/h5-7,10,12-15,22,25-26,28,36-37,40H,8-9,11,16-20H2,1-4H3,(H,33,38)(H,34,39)",LOAJQUQBUCQLKT-UHFFFAOYSA-N,4.031900000000001,583.30799254
"InChI=1S/C33H47N3O5S/c1-21-25(16-11-17-28(21)37)30(39)34-26(20-42(5)24-14-7-6-8-15-24)29(38)32(41)36-19-23-13-10-9-12-22(23)18-27(36)31(40)35-33(2,3)4/h6-8,11,14-17,22-23,26-27,29,32,38,41H,9-10,12-13,18-20H2,1-5H3,(H2-,34,35,37,39,40)/p+1",NALPYGOKVBFNMR-UHFFFAOYSA-O,CC1=C(C=CC=C1O)C(=O)NC(C[S+](C2=CC=CC=C2)C)C(C(N3CC4CCCCC4CC3C(=O)NC(C)(C)C)O)O,,,[C33H48N3O5S]+,598.3314676360001,4.538300000000002,2,1,1,BTM00140,BTM00140,Thioether S-methylation,BTMR0214,EC 2.1.1.96,HUMAN,BTM00024,CC1=C(C=CC=C1O)C(=O)NC(CSC2=CC=CC=C2)C(C(N3CC4CCCCC4CC3C(=O)NC(C)(C)C)O)O,"InChI=1S/C32H45N3O5S/c1-20-24(15-10-16-27(20)36)29(38)33-25(19-41-23-13-6-5-7-14-23)28(37)31(40)35-18-22-12-9-8-11-21(22)17-26(35)30(39)34-32(2,3)4/h5-7,10,13-16,21-22,25-26,28,31,36-37,40H,8-9,11-12,17-19H2,1-4H3,(H,33,38)(H,34,39)",GHXVYHAPTMDQHD-UHFFFAOYSA-N,5.026600000000003,583.30799254
"InChI=1S/C38H53N3O11S/c1-20-24(15-10-16-27(20)51-37-31(45)29(43)30(44)32(52-37)36(49)50)33(46)39-25(19-53-23-13-6-5-7-14-23)28(42)35(48)41-18-22-12-9-8-11-21(22)17-26(41)34(47)40-38(2,3)4/h5-7,10,13-16,21-22,25-26,28-32,35,37,42-45,48H,8-9,11-12,17-19H2,1-4H3,(H,39,46)(H,40,47)(H,49,50)",RVKLCKORSPDTFD-UHFFFAOYSA-N,CC1=C(C=CC=C1OC2OC(C(O)=O)C(C(C2O)O)O)C(=O)NC(CSC3=CC=CC=C3)C(C(N4CC5CCCCC5CC4C(=O)NC(C)(C)C)O)O,,,C38H53N3O11S,759.3400805160001,3.3311000000000037,3,2,2,BTM00141,BTM00141,Aromatic OH-glucuronidation,BTMR0166,EC 2.4.1.17,HUMAN,BTM00024,CC1=C(C=CC=C1O)C(=O)NC(CSC2=CC=CC=C2)C(C(N3CC4CCCCC4CC3C(=O)NC(C)(C)C)O)O,"InChI=1S/C32H45N3O5S/c1-20-24(15-10-16-27(20)36)29(38)33-25(19-41-23-13-6-5-7-14-23)28(37)31(40)35-18-22-12-9-8-11-21(22)17-26(35)30(39)34-32(2,3)4/h5-7,10,13-16,21-22,25-26,28,31,36-37,40H,8-9,11-12,17-19H2,1-4H3,(H,33,38)(H,34,39)",GHXVYHAPTMDQHD-UHFFFAOYSA-N,5.026600000000003,583.30799254
"InChI=1S/C32H45N3O8S2/c1-20-24(15-10-16-27(20)43-45(40,41)42)29(37)33-25(19-44-23-13-6-5-7-14-23)28(36)31(39)35-18-22-12-9-8-11-21(22)17-26(35)30(38)34-32(2,3)4/h5-7,10,13-16,21-22,25-26,28,31,36,39H,8-9,11-12,17-19H2,1-4H3,(H,33,37)(H,34,38)(H,40,41,42)",HCGSEGCFTWHSNF-UHFFFAOYSA-N,CC1=C(C=CC=C1OS(O)(=O)=O)C(=O)NC(CSC2=CC=CC=C2)C(C(N3CC4CCCCC4CC3C(=O)NC(C)(C)C)O)O,,,C32H45N3O8S2,663.2648074000001,4.289800000000002,1,2,2,BTM00142,BTM00142,Sulfonation of phenolic compound,BTMR1376,EC 2.8.2.1,HUMAN,BTM00024,CC1=C(C=CC=C1O)C(=O)NC(CSC2=CC=CC=C2)C(C(N3CC4CCCCC4CC3C(=O)NC(C)(C)C)O)O,"InChI=1S/C32H45N3O5S/c1-20-24(15-10-16-27(20)36)29(38)33-25(19-41-23-13-6-5-7-14-23)28(37)31(40)35-18-22-12-9-8-11-21(22)17-26(35)30(39)34-32(2,3)4/h5-7,10,13-16,21-22,25-26,28,31,36-37,40H,8-9,11-12,17-19H2,1-4H3,(H,33,38)(H,34,39)",GHXVYHAPTMDQHD-UHFFFAOYSA-N,5.026600000000003,583.30799254
"InChI=1S/C32H45N3O8S2/c1-20-24(15-10-16-27(20)36)29(37)33-25(19-44-23-13-6-5-7-14-23)28(43-45(40,41)42)31(39)35-18-22-12-9-8-11-21(22)17-26(35)30(38)34-32(2,3)4/h5-7,10,13-16,21-22,25-26,28,31,36,39H,8-9,11-12,17-19H2,1-4H3,(H,33,37)(H,34,38)(H,40,41,42)",MZRFYSJZBLHBNR-UHFFFAOYSA-N,CC1=C(C=CC=C1O)C(=O)NC(CSC2=CC=CC=C2)C(C(N3CC4CCCCC4CC3C(=O)NC(C)(C)C)O)OS(O)(=O)=O,,,C32H45N3O8S2,663.2648074000001,4.447300000000003,2,2,2,BTM00143,BTM00143,Sulfation of secondary alcohol,BTMR0502,EC 2.8.2.2,HUMAN,BTM00024,CC1=C(C=CC=C1O)C(=O)NC(CSC2=CC=CC=C2)C(C(N3CC4CCCCC4CC3C(=O)NC(C)(C)C)O)O,"InChI=1S/C32H45N3O5S/c1-20-24(15-10-16-27(20)36)29(38)33-25(19-41-23-13-6-5-7-14-23)28(37)31(40)35-18-22-12-9-8-11-21(22)17-26(35)30(39)34-32(2,3)4/h5-7,10,13-16,21-22,25-26,28,31,36-37,40H,8-9,11-12,17-19H2,1-4H3,(H,33,38)(H,34,39)",GHXVYHAPTMDQHD-UHFFFAOYSA-N,5.026600000000003,583.30799254
"InChI=1S/C33H47N3O5S/c1-21-25(16-11-17-28(21)41-5)30(38)34-26(20-42-24-14-7-6-8-15-24)29(37)32(40)36-19-23-13-10-9-12-22(23)18-27(36)31(39)35-33(2,3)4/h6-8,11,14-17,22-23,26-27,29,32,37,40H,9-10,12-13,18-20H2,1-5H3,(H,34,38)(H,35,39)",RYDXYKGDTHALFL-UHFFFAOYSA-N,CC1=C(C=CC=C1OC)C(=O)NC(CSC2=CC=CC=C2)C(C(N3CC4CCCCC4CC3C(=O)NC(C)(C)C)O)O,,,C33H47N3O5S,597.323642604,5.277600000000002,2,2,2,BTM00144,BTM00144,Methylation of phenolic compound,BTMR1377,EC 2.1.1.25,HUMAN,BTM00024,CC1=C(C=CC=C1O)C(=O)NC(CSC2=CC=CC=C2)C(C(N3CC4CCCCC4CC3C(=O)NC(C)(C)C)O)O,"InChI=1S/C32H45N3O5S/c1-20-24(15-10-16-27(20)36)29(38)33-25(19-41-23-13-6-5-7-14-23)28(37)31(40)35-18-22-12-9-8-11-21(22)17-26(35)30(39)34-32(2,3)4/h5-7,10,13-16,21-22,25-26,28,31,36-37,40H,8-9,11-12,17-19H2,1-4H3,(H,33,38)(H,34,39)",GHXVYHAPTMDQHD-UHFFFAOYSA-N,5.026600000000003,583.30799254
"InChI=1S/C33H47N3O5S/c1-22-26(16-11-17-28(22)37)30(39)34-27(21-42(5)25-14-7-6-8-15-25)29(38)20-36-19-24-13-10-9-12-23(24)18-33(36,41)31(40)35-32(2,3)4/h6-8,11,14-17,23-24,27,29,38,41H,9-10,12-13,18-21H2,1-5H3,(H2-,34,35,37,39,40)/p+1",OQPZCNFMTYSCTL-UHFFFAOYSA-O,CC1=C(C=CC=C1O)C(=O)NC(C[S+](C2=CC=CC=C2)C)C(CN3CC4CCCCC4CC3(C(=O)NC(C)(C)C)O)O,,,[C33H48N3O5S]+,598.3314676360001,4.2293,2,1,1,BTM00145,BTM00145,Thioether S-methylation,BTMR0214,EC 2.1.1.96,HUMAN,BTM00025,CC1=C(C=CC=C1O)C(=O)NC(CSC2=CC=CC=C2)C(CN3CC4CCCCC4CC3(C(=O)NC(C)(C)C)O)O,"InChI=1S/C32H45N3O5S/c1-21-25(15-10-16-27(21)36)29(38)33-26(20-41-24-13-6-5-7-14-24)28(37)19-35-18-23-12-9-8-11-22(23)17-32(35,40)30(39)34-31(2,3)4/h5-7,10,13-16,22-23,26,28,36-37,40H,8-9,11-12,17-20H2,1-4H3,(H,33,38)(H,34,39)",CKMLMDWFDUVOMT-UHFFFAOYSA-N,4.717600000000001,583.30799254
"InChI=1S/C38H53N3O11S/c1-21-25(15-10-16-28(21)51-35-31(45)29(43)30(44)32(52-35)34(47)48)33(46)39-26(20-53-24-13-6-5-7-14-24)27(42)19-41-18-23-12-9-8-11-22(23)17-38(41,50)36(49)40-37(2,3)4/h5-7,10,13-16,22-23,26-27,29-32,35,42-45,50H,8-9,11-12,17-20H2,1-4H3,(H,39,46)(H,40,49)(H,47,48)",BKXBMIUUXJASEK-UHFFFAOYSA-N,CC1=C(C=CC=C1OC2OC(C(O)=O)C(C(C2O)O)O)C(=O)NC(CSC3=CC=CC=C3)C(CN4CC5CCCCC5CC4(C(=O)NC(C)(C)C)O)O,,,C38H53N3O11S,759.3400805160001,3.022100000000002,3,2,2,BTM00146,BTM00146,Aromatic OH-glucuronidation,BTMR0166,EC 2.4.1.17,HUMAN,BTM00025,CC1=C(C=CC=C1O)C(=O)NC(CSC2=CC=CC=C2)C(CN3CC4CCCCC4CC3(C(=O)NC(C)(C)C)O)O,"InChI=1S/C32H45N3O5S/c1-21-25(15-10-16-27(21)36)29(38)33-26(20-41-24-13-6-5-7-14-24)28(37)19-35-18-23-12-9-8-11-22(23)17-32(35,40)30(39)34-31(2,3)4/h5-7,10,13-16,22-23,26,28,36-37,40H,8-9,11-12,17-20H2,1-4H3,(H,33,38)(H,34,39)",CKMLMDWFDUVOMT-UHFFFAOYSA-N,4.717600000000001,583.30799254
"InChI=1S/C32H45N3O8S2/c1-21-25(15-10-16-28(21)43-45(40,41)42)29(37)33-26(20-44-24-13-6-5-7-14-24)27(36)19-35-18-23-12-9-8-11-22(23)17-32(35,39)30(38)34-31(2,3)4/h5-7,10,13-16,22-23,26-27,36,39H,8-9,11-12,17-20H2,1-4H3,(H,33,37)(H,34,38)(H,40,41,42)",NXTPLYIYZRRVMJ-UHFFFAOYSA-N,CC1=C(C=CC=C1OS(O)(=O)=O)C(=O)NC(CSC2=CC=CC=C2)C(CN3CC4CCCCC4CC3(C(=O)NC(C)(C)C)O)O,,,C32H45N3O8S2,663.2648074,3.9808,1,2,2,BTM00147,BTM00147,Sulfonation of phenolic compound,BTMR1376,EC 2.8.2.1,HUMAN,BTM00025,CC1=C(C=CC=C1O)C(=O)NC(CSC2=CC=CC=C2)C(CN3CC4CCCCC4CC3(C(=O)NC(C)(C)C)O)O,"InChI=1S/C32H45N3O5S/c1-21-25(15-10-16-27(21)36)29(38)33-26(20-41-24-13-6-5-7-14-24)28(37)19-35-18-23-12-9-8-11-22(23)17-32(35,40)30(39)34-31(2,3)4/h5-7,10,13-16,22-23,26,28,36-37,40H,8-9,11-12,17-20H2,1-4H3,(H,33,38)(H,34,39)",CKMLMDWFDUVOMT-UHFFFAOYSA-N,4.717600000000001,583.30799254
"InChI=1S/C32H45N3O8S2/c1-21-25(15-10-16-27(21)36)29(37)33-26(20-44-24-13-6-5-7-14-24)28(43-45(40,41)42)19-35-18-23-12-9-8-11-22(23)17-32(35,39)30(38)34-31(2,3)4/h5-7,10,13-16,22-23,26,28,36,39H,8-9,11-12,17-20H2,1-4H3,(H,33,37)(H,34,38)(H,40,41,42)",FMIGRGZZRLJIFW-UHFFFAOYSA-N,CC1=C(C=CC=C1O)C(=O)NC(CSC2=CC=CC=C2)C(CN3CC4CCCCC4CC3(C(=O)NC(C)(C)C)O)OS(O)(=O)=O,,,C32H45N3O8S2,663.2648074,4.138300000000001,2,2,2,BTM00148,BTM00148,Sulfation of secondary alcohol,BTMR0502,EC 2.8.2.2,HUMAN,BTM00025,CC1=C(C=CC=C1O)C(=O)NC(CSC2=CC=CC=C2)C(CN3CC4CCCCC4CC3(C(=O)NC(C)(C)C)O)O,"InChI=1S/C32H45N3O5S/c1-21-25(15-10-16-27(21)36)29(38)33-26(20-41-24-13-6-5-7-14-24)28(37)19-35-18-23-12-9-8-11-22(23)17-32(35,40)30(39)34-31(2,3)4/h5-7,10,13-16,22-23,26,28,36-37,40H,8-9,11-12,17-20H2,1-4H3,(H,33,38)(H,34,39)",CKMLMDWFDUVOMT-UHFFFAOYSA-N,4.717600000000001,583.30799254
"InChI=1S/C33H47N3O5S/c1-22-26(16-11-17-29(22)41-5)30(38)34-27(21-42-25-14-7-6-8-15-25)28(37)20-36-19-24-13-10-9-12-23(24)18-33(36,40)31(39)35-32(2,3)4/h6-8,11,14-17,23-24,27-28,37,40H,9-10,12-13,18-21H2,1-5H3,(H,34,38)(H,35,39)",KQKOWZZGGCVYSG-UHFFFAOYSA-N,CC1=C(C=CC=C1OC)C(=O)NC(CSC2=CC=CC=C2)C(CN3CC4CCCCC4CC3(C(=O)NC(C)(C)C)O)O,,,C33H47N3O5S,597.323642604,4.9686,2,2,2,BTM00149,BTM00149,Methylation of phenolic compound,BTMR1377,EC 2.1.1.25,HUMAN,BTM00025,CC1=C(C=CC=C1O)C(=O)NC(CSC2=CC=CC=C2)C(CN3CC4CCCCC4CC3(C(=O)NC(C)(C)C)O)O,"InChI=1S/C32H45N3O5S/c1-21-25(15-10-16-27(21)36)29(38)33-26(20-41-24-13-6-5-7-14-24)28(37)19-35-18-23-12-9-8-11-22(23)17-32(35,40)30(39)34-31(2,3)4/h5-7,10,13-16,22-23,26,28,36-37,40H,8-9,11-12,17-20H2,1-4H3,(H,33,38)(H,34,39)",CKMLMDWFDUVOMT-UHFFFAOYSA-N,4.717600000000001,583.30799254
"InChI=1S/C33H45N3O4S/c1-22-26(16-11-17-29(22)37)31(39)34-27(21-41(5)25-14-7-6-8-15-25)30(38)20-36-19-24-13-10-9-12-23(24)18-28(36)32(40)35-33(2,3)4/h6-8,11,14-17,23-24,27-28H,9-10,12-13,18-21H2,1-5H3,(H2-,34,35,37,39,40)/p+1",RFCOIONNGLZIHY-UHFFFAOYSA-O,CC1=C(C=CC=C1O)C(=O)NC(C[S+](C2=CC=CC=C2)C)C(CN3CC4CCCCC4CC3C(=O)NC(C)(C)C)=O,,,[C33H46N3O4S]+,580.320902952,5.1249,2,1,1,BTM00032,BTM00032,Oxidation of secondary alcohol to ketone,BTMR0079,"CYP1A2
CYP2C9
CYP2C19",HUMAN,BTM00001,CC1=C(C=CC=C1O)C(=O)NC(C[S+](C2=CC=CC=C2)C)C(CN3CC4CCCCC4CC3C(=O)NC(C)(C)C)O,"InChI=1S/C33H47N3O4S/c1-22-26(16-11-17-29(22)37)31(39)34-27(21-41(5)25-14-7-6-8-15-25)30(38)20-36-19-24-13-10-9-12-23(24)18-28(36)32(40)35-33(2,3)4/h6-8,11,14-17,23-24,27-28,30,38H,9-10,12-13,18-21H2,1-5H3,(H2-,34,35,37,39,40)/p+1",UXMYEKAWICIXPG-UHFFFAOYSA-O,4.878000000000003,582.336553016
"InChI=1S/C33H47N3O5S/c1-21-27(37)15-16-28(38)30(21)32(41)34-25(20-42(5)24-13-7-6-8-14-24)29(39)19-36-18-23-12-10-9-11-22(23)17-26(36)31(40)35-33(2,3)4/h6-8,13-16,22-23,25-26,29,39H,9-12,17-20H2,1-5H3,(H3-,34,35,37,38,40,41)/p+1",JQALIRYOOMOCBT-UHFFFAOYSA-O,CC1=C(C(=CC=C1O)O)C(=O)NC(C[S+](C2=CC=CC=C2)C)C(CN3CC4CCCCC4CC3C(=O)NC(C)(C)C)O,,,[C33H48N3O5S]+,598.3314676360001,4.610600000000002,2,1,1,BTM00036,BTM00036,p-Hydroxylation of phenol,BTMR1038,"CYP1A2
CYP2A6
CYP2B6
CYP2C8
CYP2C9
CYP2C19
CYP2D6
CYP2E1
CYP3A4",HUMAN,BTM00001,CC1=C(C=CC=C1O)C(=O)NC(C[S+](C2=CC=CC=C2)C)C(CN3CC4CCCCC4CC3C(=O)NC(C)(C)C)O,"InChI=1S/C33H47N3O4S/c1-22-26(16-11-17-29(22)37)31(39)34-27(21-41(5)25-14-7-6-8-15-25)30(38)20-36-19-24-13-10-9-12-23(24)18-28(36)32(40)35-33(2,3)4/h6-8,11,14-17,23-24,27-28,30,38H,9-10,12-13,18-21H2,1-5H3,(H2-,34,35,37,39,40)/p+1",UXMYEKAWICIXPG-UHFFFAOYSA-O,4.878000000000003,582.336553016
"InChI=1S/C33H47N3O5S/c1-33(2,3)35-32(41)28-17-22-11-8-9-12-23(22)18-36(28)19-30(39)27(21-42(4)24-13-6-5-7-14-24)34-31(40)25-15-10-16-29(38)26(25)20-37/h5-7,10,13-16,22-23,27-28,30,37,39H,8-9,11-12,17-21H2,1-4H3,(H2-,34,35,38,40,41)/p+1",KFUIJCOFOFTXQY-UHFFFAOYSA-O,C(C1=C(C=CC=C1O)C(=O)NC(C[S+](C2=CC=CC=C2)C)C(CN3CC4CCCCC4CC3C(=O)NC(C)(C)C)O)O,,,[C33H48N3O5S]+,598.3314676360001,3.7873000000000037,2,2,2,BTM00045,BTM00045,Aliphatic hydroxylation of methyl carbon adjacent to aromatic ring,BTMR1058,"CYP1A2
CYP2A6
CYP2B6
CYP2C8
CYP2C9
CYP2C19
CYP2D6
CYP2E1
CYP3A4",HUMAN,BTM00001,CC1=C(C=CC=C1O)C(=O)NC(C[S+](C2=CC=CC=C2)C)C(CN3CC4CCCCC4CC3C(=O)NC(C)(C)C)O,"InChI=1S/C33H47N3O4S/c1-22-26(16-11-17-29(22)37)31(39)34-27(21-41(5)25-14-7-6-8-15-25)30(38)20-36-19-24-13-10-9-12-23(24)18-28(36)32(40)35-33(2,3)4/h6-8,11,14-17,23-24,27-28,30,38H,9-10,12-13,18-21H2,1-5H3,(H2-,34,35,37,39,40)/p+1",UXMYEKAWICIXPG-UHFFFAOYSA-O,4.878000000000003,582.336553016
"InChI=1S/C33H47N3O5S/c1-21-24(14-10-15-28(21)37)31(40)34-26(20-42(5)23-12-7-6-8-13-23)30(39)19-36-18-25-22(11-9-16-29(25)38)17-27(36)32(41)35-33(2,3)4/h6-8,10,12-15,22,25-27,29-30,38-39H,9,11,16-20H2,1-5H3,(H2-,34,35,37,40,41)/p+1",UWSPRLCCYGZYNZ-UHFFFAOYSA-O,CC1=C(C=CC=C1O)C(=O)NC(C[S+](C2=CC=CC=C2)C)C(CN3CC4C(CCCC4CC3C(=O)NC(C)(C)C)O)O,,,[C33H48N3O5S]+,598.3314676360001,3.6466999999999974,1,1,1,BTM00052,BTM00052,Hydroxylation of alicyclic secondary carbon,BTMR1068,"CYP1A2
CYP2C8
CYP2C9
CYP2C19
CYP2D6
CYP3A4",HUMAN,BTM00001,CC1=C(C=CC=C1O)C(=O)NC(C[S+](C2=CC=CC=C2)C)C(CN3CC4CCCCC4CC3C(=O)NC(C)(C)C)O,"InChI=1S/C33H47N3O4S/c1-22-26(16-11-17-29(22)37)31(39)34-27(21-41(5)25-14-7-6-8-15-25)30(38)20-36-19-24-13-10-9-12-23(24)18-28(36)32(40)35-33(2,3)4/h6-8,11,14-17,23-24,27-28,30,38H,9-10,12-13,18-21H2,1-5H3,(H2-,34,35,37,39,40)/p+1",UXMYEKAWICIXPG-UHFFFAOYSA-O,4.878000000000003,582.336553016
"InChI=1S/C33H47N3O5S/c1-21-26(12-9-13-29(21)38)31(40)34-27(20-42(5)25-10-7-6-8-11-25)30(39)19-36-18-23-16-24(37)15-14-22(23)17-28(36)32(41)35-33(2,3)4/h6-13,22-24,27-28,30,37,39H,14-20H2,1-5H3,(H2-,34,35,38,40,41)/p+1",FBOGADWQBICUSF-UHFFFAOYSA-O,CC1=C(C=CC=C1O)C(=O)NC(C[S+](C2=CC=CC=C2)C)C(CN3CC4CC(CCC4CC3C(=O)NC(C)(C)C)O)O,,,[C33H48N3O5S]+,598.3314676360001,3.6411000000000016,1,1,1,BTM00059,BTM00059,Hydroxylation of alicyclic secondary carbon,BTMR1068,"CYP1A2
CYP2C8
CYP2C9
CYP2C19
CYP2D6
CYP3A4",HUMAN,BTM00001,CC1=C(C=CC=C1O)C(=O)NC(C[S+](C2=CC=CC=C2)C)C(CN3CC4CCCCC4CC3C(=O)NC(C)(C)C)O,"InChI=1S/C33H47N3O4S/c1-22-26(16-11-17-29(22)37)31(39)34-27(21-41(5)25-14-7-6-8-15-25)30(38)20-36-19-24-13-10-9-12-23(24)18-28(36)32(40)35-33(2,3)4/h6-8,11,14-17,23-24,27-28,30,38H,9-10,12-13,18-21H2,1-5H3,(H2-,34,35,37,39,40)/p+1",UXMYEKAWICIXPG-UHFFFAOYSA-O,4.878000000000003,582.336553016
"InChI=1S/C33H47N3O5S/c1-21-26(12-9-13-29(21)38)31(40)34-27(20-42(5)25-10-7-6-8-11-25)30(39)19-36-18-22-14-15-24(37)16-23(22)17-28(36)32(41)35-33(2,3)4/h6-13,22-24,27-28,30,37,39H,14-20H2,1-5H3,(H2-,34,35,38,40,41)/p+1",IRRTVHJKQMAZCL-UHFFFAOYSA-O,CC1=C(C=CC=C1O)C(=O)NC(C[S+](C2=CC=CC=C2)C)C(CN3CC4CCC(CC4CC3C(=O)NC(C)(C)C)O)O,,,[C33H48N3O5S]+,598.331467636,3.6411000000000016,1,1,1,BTM00066,BTM00066,Hydroxylation of alicyclic secondary carbon,BTMR1068,"CYP1A2
CYP2C8
CYP2C9
CYP2C19
CYP2D6
CYP3A4",HUMAN,BTM00001,CC1=C(C=CC=C1O)C(=O)NC(C[S+](C2=CC=CC=C2)C)C(CN3CC4CCCCC4CC3C(=O)NC(C)(C)C)O,"InChI=1S/C33H47N3O4S/c1-22-26(16-11-17-29(22)37)31(39)34-27(21-41(5)25-14-7-6-8-15-25)30(38)20-36-19-24-13-10-9-12-23(24)18-28(36)32(40)35-33(2,3)4/h6-8,11,14-17,23-24,27-28,30,38H,9-10,12-13,18-21H2,1-5H3,(H2-,34,35,37,39,40)/p+1",UXMYEKAWICIXPG-UHFFFAOYSA-O,4.878000000000003,582.336553016
"InChI=1S/C33H47N3O5S/c1-21-24(14-10-15-28(21)37)31(40)34-26(20-42(5)23-12-7-6-8-13-23)30(39)19-36-18-22-11-9-16-29(38)25(22)17-27(36)32(41)35-33(2,3)4/h6-8,10,12-15,22,25-27,29-30,38-39H,9,11,16-20H2,1-5H3,(H2-,34,35,37,40,41)/p+1",MOFUKMTUXSNIJU-UHFFFAOYSA-O,CC1=C(C=CC=C1O)C(=O)NC(C[S+](C2=CC=CC=C2)C)C(CN3CC4CCCC(C4CC3C(=O)NC(C)(C)C)O)O,,,[C33H48N3O5S]+,598.3314676360001,3.708599999999999,1,1,1,BTM00073,BTM00073,Hydroxylation of alicyclic secondary carbon,BTMR1068,"CYP1A2
CYP2C8
CYP2C9
CYP2C19
CYP2D6
CYP3A4",HUMAN,BTM00001,CC1=C(C=CC=C1O)C(=O)NC(C[S+](C2=CC=CC=C2)C)C(CN3CC4CCCCC4CC3C(=O)NC(C)(C)C)O,"InChI=1S/C33H47N3O4S/c1-22-26(16-11-17-29(22)37)31(39)34-27(21-41(5)25-14-7-6-8-15-25)30(38)20-36-19-24-13-10-9-12-23(24)18-28(36)32(40)35-33(2,3)4/h6-8,11,14-17,23-24,27-28,30,38H,9-10,12-13,18-21H2,1-5H3,(H2-,34,35,37,39,40)/p+1",UXMYEKAWICIXPG-UHFFFAOYSA-O,4.878000000000003,582.336553016
"InChI=1S/C33H47N3O5S/c1-22-26(16-11-17-29(22)37)31(39)34-27(21-42(5)25-14-7-6-8-15-25)30(38)20-36(41)19-24-13-10-9-12-23(24)18-28(36)32(40)35-33(2,3)4/h6-8,11,14-17,23-24,27-28,30,38H,9-10,12-13,18-21H2,1-5H3,(H2-,34,35,37,39,40)/p+1",GDGRHXVJEYAEJM-UHFFFAOYSA-O,CC1=C(C=CC=C1O)C(=O)NC(C[S+](C2=CC=CC=C2)C)C(C[N+]3(CC4CCCCC4CC3C(=O)NC(C)(C)C)[O-])O,,,[C33H48N3O5S]+,598.331467636,4.472900000000003,2,1,1,BTM00079,BTM00079,N-Oxidation of alicyclic tertiary amine,BTMR1099,"CYP1A2
CYP2C8
CYP2C19
CYP2D6
CYP3A4",HUMAN,BTM00001,CC1=C(C=CC=C1O)C(=O)NC(C[S+](C2=CC=CC=C2)C)C(CN3CC4CCCCC4CC3C(=O)NC(C)(C)C)O,"InChI=1S/C33H47N3O4S/c1-22-26(16-11-17-29(22)37)31(39)34-27(21-41(5)25-14-7-6-8-15-25)30(38)20-36-19-24-13-10-9-12-23(24)18-28(36)32(40)35-33(2,3)4/h6-8,11,14-17,23-24,27-28,30,38H,9-10,12-13,18-21H2,1-5H3,(H2-,34,35,37,39,40)/p+1",UXMYEKAWICIXPG-UHFFFAOYSA-O,4.878000000000003,582.336553016
"InChI=1S/C19H21NO4S/c1-13-15(9-6-10-17(13)22)19(24)20-16(18(23)11-21)12-25(2)14-7-4-3-5-8-14/h3-11,16,18,23H,12H2,1-2H3,(H-,20,22,24)/p+1",AOXCMAUAUHNZFS-UHFFFAOYSA-O,CC1=C(C=CC=C1O)C(=O)NC(C[S+](C2=CC=CC=C2)C)C(C=O)O,,,[C19H22NO4S]+,360.12695418400006,2.1938999999999997,0,1,1,BTM00087,BTM00087,N-Dealkylation of alicyclic tertiary amine,BTMR1144,"CYP1A2
CYP2A6
CYP2B6
CYP2C8
CYP2C9
CYP2C19
CYP2D6
CYP3A4",HUMAN,BTM00001,CC1=C(C=CC=C1O)C(=O)NC(C[S+](C2=CC=CC=C2)C)C(CN3CC4CCCCC4CC3C(=O)NC(C)(C)C)O,"InChI=1S/C33H47N3O4S/c1-22-26(16-11-17-29(22)37)31(39)34-27(21-41(5)25-14-7-6-8-15-25)30(38)20-36-19-24-13-10-9-12-23(24)18-28(36)32(40)35-33(2,3)4/h6-8,11,14-17,23-24,27-28,30,38H,9-10,12-13,18-21H2,1-5H3,(H2-,34,35,37,39,40)/p+1",UXMYEKAWICIXPG-UHFFFAOYSA-O,4.878000000000003,582.336553016
"InChI=1S/C14H26N2O/c1-14(2,3)16-13(17)12-8-10-6-4-5-7-11(10)9-15-12/h10-12,15H,4-9H2,1-3H3,(H,16,17)",UPZBXVBPICTBDP-UHFFFAOYSA-N,N1CC2CCCCC2CC1C(=O)NC(C)(C)C,,,C14H26N2O,238.204513452,2.0465,0,0,0,BTM00015,BTM00015,N-Dealkylation of alicyclic tertiary amine,BTMR1144,"CYP1A2
CYP2A6
CYP2B6
CYP2C8
CYP2C9
CYP2C19
CYP2D6
CYP3A4",HUMAN,BTM00001,CC1=C(C=CC=C1O)C(=O)NC(C[S+](C2=CC=CC=C2)C)C(CN3CC4CCCCC4CC3C(=O)NC(C)(C)C)O,"InChI=1S/C33H47N3O4S/c1-22-26(16-11-17-29(22)37)31(39)34-27(21-41(5)25-14-7-6-8-15-25)30(38)20-36-19-24-13-10-9-12-23(24)18-28(36)32(40)35-33(2,3)4/h6-8,11,14-17,23-24,27-28,30,38H,9-10,12-13,18-21H2,1-5H3,(H2-,34,35,37,39,40)/p+1",UXMYEKAWICIXPG-UHFFFAOYSA-O,4.878000000000003,582.336553016
"InChI=1S/C33H47N3O5S/c1-21-26(16-24(37)17-29(21)38)31(40)34-27(20-42(5)25-13-7-6-8-14-25)30(39)19-36-18-23-12-10-9-11-22(23)15-28(36)32(41)35-33(2,3)4/h6-8,13-14,16-17,22-23,27-28,30,39H,9-12,15,18-20H2,1-5H3,(H3-,34,35,37,38,40,41)/p+1",LYVYZATVSDOYRS-UHFFFAOYSA-O,CC1=C(C=C(C=C1O)O)C(=O)NC(C[S+](C2=CC=CC=C2)C)C(CN3CC4CCCCC4CC3C(=O)NC(C)(C)C)O,,,[C33H48N3O5S]+,598.3314676360001,4.610600000000002,2,1,1,BTM00092,BTM00092,Hydroxylation of benzene on carbon para to electron donating group,BTMR1047,"CYP1A2
CYP2C8
CYP2C9
CYP2D6
CYP3A4",HUMAN,BTM00001,CC1=C(C=CC=C1O)C(=O)NC(C[S+](C2=CC=CC=C2)C)C(CN3CC4CCCCC4CC3C(=O)NC(C)(C)C)O,"InChI=1S/C33H47N3O4S/c1-22-26(16-11-17-29(22)37)31(39)34-27(21-41(5)25-14-7-6-8-15-25)30(38)20-36-19-24-13-10-9-12-23(24)18-28(36)32(40)35-33(2,3)4/h6-8,11,14-17,23-24,27-28,30,38H,9-10,12-13,18-21H2,1-5H3,(H2-,34,35,37,39,40)/p+1",UXMYEKAWICIXPG-UHFFFAOYSA-O,4.878000000000003,582.336553016
"InChI=1S/C33H47N3O5S/c1-21-25(15-16-28(37)30(21)39)31(40)34-26(20-42(5)24-13-7-6-8-14-24)29(38)19-36-18-23-12-10-9-11-22(23)17-27(36)32(41)35-33(2,3)4/h6-8,13-16,22-23,26-27,29,38H,9-12,17-20H2,1-5H3,(H3-,34,35,37,39,40,41)/p+1",BGBRNHHGBBBFTI-UHFFFAOYSA-O,CC1=C(C=CC(=C1O)O)C(=O)NC(C[S+](C2=CC=CC=C2)C)C(CN3CC4CCCCC4CC3C(=O)NC(C)(C)C)O,,,[C33H48N3O5S]+,598.331467636,4.610600000000002,2,1,1,BTM00100,BTM00100,Hydroxylation of benzene on carbon para to electron donating group,BTMR1047,"CYP1A2
CYP2C8
CYP2C9
CYP2D6
CYP3A4",HUMAN,BTM00001,CC1=C(C=CC=C1O)C(=O)NC(C[S+](C2=CC=CC=C2)C)C(CN3CC4CCCCC4CC3C(=O)NC(C)(C)C)O,"InChI=1S/C33H47N3O4S/c1-22-26(16-11-17-29(22)37)31(39)34-27(21-41(5)25-14-7-6-8-15-25)30(38)20-36-19-24-13-10-9-12-23(24)18-28(36)32(40)35-33(2,3)4/h6-8,11,14-17,23-24,27-28,30,38H,9-10,12-13,18-21H2,1-5H3,(H2-,34,35,37,39,40)/p+1",UXMYEKAWICIXPG-UHFFFAOYSA-O,4.878000000000003,582.336553016
"InChI=1S/C33H47N3O5S/c1-21-24(16-11-17-28(21)37)30(39)34-26(20-42(5)23-13-7-6-8-14-23)29(38)19-36-27(31(40)35-33(2,3)4)18-22-12-9-10-15-25(22)32(36)41/h6-8,11,13-14,16-17,22,25-27,29,32,38,41H,9-10,12,15,18-20H2,1-5H3,(H2-,34,35,37,39,40)/p+1",VZHSJGWJTZZAOM-UHFFFAOYSA-O,CC1=C(C=CC=C1O)C(=O)NC(C[S+](C2=CC=CC=C2)C)C(CN3C(C4CCCCC4CC3C(=O)NC(C)(C)C)O)O,,,[C33H48N3O5S]+,598.331467636,4.408900000000002,2,1,1,BTM00109,BTM00109,Hydroxylation of heteroalicyclic secondary carbon,BTMR1070,"CYP1A2
CYP2A6
CYP2C9
CYP2D6
CYP3A4",HUMAN,BTM00001,CC1=C(C=CC=C1O)C(=O)NC(C[S+](C2=CC=CC=C2)C)C(CN3CC4CCCCC4CC3C(=O)NC(C)(C)C)O,"InChI=1S/C33H47N3O4S/c1-22-26(16-11-17-29(22)37)31(39)34-27(21-41(5)25-14-7-6-8-15-25)30(38)20-36-19-24-13-10-9-12-23(24)18-28(36)32(40)35-33(2,3)4/h6-8,11,14-17,23-24,27-28,30,38H,9-10,12-13,18-21H2,1-5H3,(H2-,34,35,37,39,40)/p+1",UXMYEKAWICIXPG-UHFFFAOYSA-O,4.878000000000003,582.336553016
"InChI=1S/C33H47N3O5S/c1-21-24(16-11-17-27(21)37)31(40)34-26(20-42(5)23-13-7-6-8-14-23)28(38)19-36-18-22-12-9-10-15-25(22)30(39)29(36)32(41)35-33(2,3)4/h6-8,11,13-14,16-17,22,25-26,28-30,38-39H,9-10,12,15,18-20H2,1-5H3,(H2-,34,35,37,40,41)/p+1",FBSARWWFPJRKJO-UHFFFAOYSA-O,CC1=C(C=CC=C1O)C(=O)NC(C[S+](C2=CC=CC=C2)C)C(CN3CC4CCCCC4C(C3C(=O)NC(C)(C)C)O)O,,,[C33H48N3O5S]+,598.331467636,3.9785999999999984,2,1,1,BTM00114,BTM00114,Hydroxylation of heteroalicyclic secondary carbon,BTMR1071,CYP1A2,HUMAN,BTM00001,CC1=C(C=CC=C1O)C(=O)NC(C[S+](C2=CC=CC=C2)C)C(CN3CC4CCCCC4CC3C(=O)NC(C)(C)C)O,"InChI=1S/C33H47N3O4S/c1-22-26(16-11-17-29(22)37)31(39)34-27(21-41(5)25-14-7-6-8-15-25)30(38)20-36-19-24-13-10-9-12-23(24)18-28(36)32(40)35-33(2,3)4/h6-8,11,14-17,23-24,27-28,30,38H,9-10,12-13,18-21H2,1-5H3,(H2-,34,35,37,39,40)/p+1",UXMYEKAWICIXPG-UHFFFAOYSA-O,4.878000000000003,582.336553016
"InChI=1S/C33H47N3O5S/c1-22-26(15-10-16-29(22)38)31(40)34-27(20-42(4)25-13-6-5-7-14-25)30(39)19-36-18-24-12-9-8-11-23(24)17-28(36)32(41)35-33(2,3)21-37/h5-7,10,13-16,23-24,27-28,30,37,39H,8-9,11-12,17-21H2,1-4H3,(H2-,34,35,38,40,41)/p+1",FXBVQUVSTOHEHA-UHFFFAOYSA-O,CC1=C(C=CC=C1O)C(=O)NC(C[S+](C2=CC=CC=C2)C)C(CN3CC4CCCCC4CC3C(=O)NC(C)(C)CO)O,,,[C33H48N3O5S]+,598.3314676360001,3.9898000000000042,2,2,2,BTM00124,BTM00124,Hydroxylation of terminal methyl,BTMR1061,"CYP1A2
CYP2A6
CYP2B6
CYP2C8
CYP2C9
CYP2C19
CYP2D6
CYP2E1
CYP3A4",HUMAN,BTM00001,CC1=C(C=CC=C1O)C(=O)NC(C[S+](C2=CC=CC=C2)C)C(CN3CC4CCCCC4CC3C(=O)NC(C)(C)C)O,"InChI=1S/C33H47N3O4S/c1-22-26(16-11-17-29(22)37)31(39)34-27(21-41(5)25-14-7-6-8-15-25)30(38)20-36-19-24-13-10-9-12-23(24)18-28(36)32(40)35-33(2,3)4/h6-8,11,14-17,23-24,27-28,30,38H,9-10,12-13,18-21H2,1-5H3,(H2-,34,35,37,39,40)/p+1",UXMYEKAWICIXPG-UHFFFAOYSA-O,4.878000000000003,582.336553016
"InChI=1S/C33H47N3O5S/c1-22-25(15-11-16-28(22)37)30(39)34-26(20-42(5)24-13-7-6-8-14-24)29(38)19-36-21-33(41)17-10-9-12-23(33)18-27(36)31(40)35-32(2,3)4/h6-8,11,13-16,23,26-27,29,38,41H,9-10,12,17-21H2,1-5H3,(H2-,34,35,37,39,40)/p+1",PJFCTLPEASRMRN-UHFFFAOYSA-O,CC1=C(C=CC=C1O)C(=O)NC(C[S+](C2=CC=CC=C2)C)C(CN3CC4(CCCCC4CC3C(=O)NC(C)(C)C)O)O,,,[C33H48N3O5S]+,598.3314676360001,3.931800000000001,1,1,1,BTM00130,BTM00130,Hydroxylation of alicyclic tertiary carbon,BTMR1243,CYP1A2,HUMAN,BTM00001,CC1=C(C=CC=C1O)C(=O)NC(C[S+](C2=CC=CC=C2)C)C(CN3CC4CCCCC4CC3C(=O)NC(C)(C)C)O,"InChI=1S/C33H47N3O4S/c1-22-26(16-11-17-29(22)37)31(39)34-27(21-41(5)25-14-7-6-8-15-25)30(38)20-36-19-24-13-10-9-12-23(24)18-28(36)32(40)35-33(2,3)4/h6-8,11,14-17,23-24,27-28,30,38H,9-10,12-13,18-21H2,1-5H3,(H2-,34,35,37,39,40)/p+1",UXMYEKAWICIXPG-UHFFFAOYSA-O,4.878000000000003,582.336553016
"InChI=1S/C33H47N3O5S/c1-22-25(15-11-16-28(22)37)30(39)34-26(21-42(5)24-13-7-6-8-14-24)29(38)20-36-19-23-12-9-10-17-33(23,41)18-27(36)31(40)35-32(2,3)4/h6-8,11,13-16,23,26-27,29,38,41H,9-10,12,17-21H2,1-5H3,(H2-,34,35,37,39,40)/p+1",LRUAKEFJUDLLQG-UHFFFAOYSA-O,CC1=C(C=CC=C1O)C(=O)NC(C[S+](C2=CC=CC=C2)C)C(CN3CC4CCCCC4(CC3C(=O)NC(C)(C)C)O)O,,,[C33H48N3O5S]+,598.3314676360001,3.5436000000000005,1,1,1,BTM00135,BTM00135,Hydroxylation of alicyclic tertiary carbon,BTMR1243,CYP1A2,HUMAN,BTM00001,CC1=C(C=CC=C1O)C(=O)NC(C[S+](C2=CC=CC=C2)C)C(CN3CC4CCCCC4CC3C(=O)NC(C)(C)C)O,"InChI=1S/C33H47N3O4S/c1-22-26(16-11-17-29(22)37)31(39)34-27(21-41(5)25-14-7-6-8-15-25)30(38)20-36-19-24-13-10-9-12-23(24)18-28(36)32(40)35-33(2,3)4/h6-8,11,14-17,23-24,27-28,30,38H,9-10,12-13,18-21H2,1-5H3,(H2-,34,35,37,39,40)/p+1",UXMYEKAWICIXPG-UHFFFAOYSA-O,4.878000000000003,582.336553016
"InChI=1S/C33H47N3O5S/c1-21-25(16-11-17-28(21)37)30(39)34-26(20-42(5)24-14-7-6-8-15-24)29(38)32(41)36-19-23-13-10-9-12-22(23)18-27(36)31(40)35-33(2,3)4/h6-8,11,14-17,22-23,26-27,29,32,38,41H,9-10,12-13,18-20H2,1-5H3,(H2-,34,35,37,39,40)/p+1",NALPYGOKVBFNMR-UHFFFAOYSA-O,CC1=C(C=CC=C1O)C(=O)NC(C[S+](C2=CC=CC=C2)C)C(C(N3CC4CCCCC4CC3C(=O)NC(C)(C)C)O)O,,,[C33H48N3O5S]+,598.3314676360001,4.538300000000002,2,1,1,BTM00140,BTM00140,Aliphatic hydroxylation of carbon alpha to secondary or tertiary alkyl-N,BTMR1081,"CYP2B6
CYP2C19
CYP2D6",HUMAN,BTM00001,CC1=C(C=CC=C1O)C(=O)NC(C[S+](C2=CC=CC=C2)C)C(CN3CC4CCCCC4CC3C(=O)NC(C)(C)C)O,"InChI=1S/C33H47N3O4S/c1-22-26(16-11-17-29(22)37)31(39)34-27(21-41(5)25-14-7-6-8-15-25)30(38)20-36-19-24-13-10-9-12-23(24)18-28(36)32(40)35-33(2,3)4/h6-8,11,14-17,23-24,27-28,30,38H,9-10,12-13,18-21H2,1-5H3,(H2-,34,35,37,39,40)/p+1",UXMYEKAWICIXPG-UHFFFAOYSA-O,4.878000000000003,582.336553016
"InChI=1S/C33H47N3O5S/c1-21-24(16-11-17-28(21)37)30(39)34-26(20-42(5)23-13-7-6-8-14-23)29(38)19-36-27(31(40)35-33(2,3)4)18-22-12-9-10-15-25(22)32(36)41/h6-8,11,13-14,16-17,22,25-27,29,32,38,41H,9-10,12,15,18-20H2,1-5H3,(H2-,34,35,37,39,40)/p+1",VZHSJGWJTZZAOM-UHFFFAOYSA-O,CC1=C(C=CC=C1O)C(=O)NC(C[S+](C2=CC=CC=C2)C)C(CN3C(C4CCCCC4CC3C(=O)NC(C)(C)C)O)O,,,[C33H48N3O5S]+,598.331467636,4.408900000000002,2,1,1,BTM00109,BTM00109,Aliphatic hydroxylation of carbon alpha to secondary or tertiary alkyl-N,BTMR1081,"CYP2B6
CYP2C19
CYP2D6",HUMAN,BTM00001,CC1=C(C=CC=C1O)C(=O)NC(C[S+](C2=CC=CC=C2)C)C(CN3CC4CCCCC4CC3C(=O)NC(C)(C)C)O,"InChI=1S/C33H47N3O4S/c1-22-26(16-11-17-29(22)37)31(39)34-27(21-41(5)25-14-7-6-8-15-25)30(38)20-36-19-24-13-10-9-12-23(24)18-28(36)32(40)35-33(2,3)4/h6-8,11,14-17,23-24,27-28,30,38H,9-10,12-13,18-21H2,1-5H3,(H2-,34,35,37,39,40)/p+1",UXMYEKAWICIXPG-UHFFFAOYSA-O,4.878000000000003,582.336553016
"InChI=1S/C33H47N3O5S/c1-22-26(16-11-17-28(22)37)30(39)34-27(21-42(5)25-14-7-6-8-15-25)29(38)20-36-19-24-13-10-9-12-23(24)18-33(36,41)31(40)35-32(2,3)4/h6-8,11,14-17,23-24,27,29,38,41H,9-10,12-13,18-21H2,1-5H3,(H2-,34,35,37,39,40)/p+1",OQPZCNFMTYSCTL-UHFFFAOYSA-O,CC1=C(C=CC=C1O)C(=O)NC(C[S+](C2=CC=CC=C2)C)C(CN3CC4CCCCC4CC3(C(=O)NC(C)(C)C)O)O,,,[C33H48N3O5S]+,598.3314676360001,4.2293,2,1,1,BTM00145,BTM00145,Aliphatic hydroxylation of carbon alpha to secondary or tertiary alkyl-N,BTMR1081,"CYP2B6
CYP2C19
CYP2D6",HUMAN,BTM00001,CC1=C(C=CC=C1O)C(=O)NC(C[S+](C2=CC=CC=C2)C)C(CN3CC4CCCCC4CC3C(=O)NC(C)(C)C)O,"InChI=1S/C33H47N3O4S/c1-22-26(16-11-17-29(22)37)31(39)34-27(21-41(5)25-14-7-6-8-15-25)30(38)20-36-19-24-13-10-9-12-23(24)18-28(36)32(40)35-33(2,3)4/h6-8,11,14-17,23-24,27-28,30,38H,9-10,12-13,18-21H2,1-5H3,(H2-,34,35,37,39,40)/p+1",UXMYEKAWICIXPG-UHFFFAOYSA-O,4.878000000000003,582.336553016
"InChI=1S/C33H45N3O4S/c1-22-26(16-11-17-30(22)40-5)31(38)34-27(21-41-25-14-7-6-8-15-25)29(37)20-36-19-24-13-10-9-12-23(24)18-28(36)32(39)35-33(2,3)4/h6-8,11,14-17,23-24,27-28H,9-10,12-13,18-21H2,1-5H3,(H,34,38)(H,35,39)",IAMKJBIKYRMAAQ-UHFFFAOYSA-N,CC1=C(C=CC=C1OC)C(=O)NC(CSC2=CC=CC=C2)C(CN3CC4CCCCC4CC3C(=O)NC(C)(C)C)=O,,,C33H45N3O4S,579.3130779200001,5.8642,2,1,1,BTM00035,BTM00035,Oxidation of secondary alcohol to ketone,BTMR0079,"CYP1A2
CYP2C9
CYP2C19",HUMAN,BTM00005,CC1=C(C=CC=C1OC)C(=O)NC(CSC2=CC=CC=C2)C(CN3CC4CCCCC4CC3C(=O)NC(C)(C)C)O,"InChI=1S/C33H47N3O4S/c1-22-26(16-11-17-30(22)40-5)31(38)34-27(21-41-25-14-7-6-8-15-25)29(37)20-36-19-24-13-10-9-12-23(24)18-28(36)32(39)35-33(2,3)4/h6-8,11,14-17,23-24,27-29,37H,9-10,12-13,18-21H2,1-5H3,(H,34,38)(H,35,39)",JSUUPWPDOBWVCZ-UHFFFAOYSA-N,5.617300000000003,581.328727984
"InChI=1S/C32H45N3O4S/c1-21-25(15-10-16-28(21)36)30(38)33-26(20-40-24-13-6-5-7-14-24)29(37)19-35-18-23-12-9-8-11-22(23)17-27(35)31(39)34-32(2,3)4/h5-7,10,13-16,22-23,26-27,29,36-37H,8-9,11-12,17-20H2,1-4H3,(H,33,38)(H,34,39)",QAGYKUNXZHXKMR-UHFFFAOYSA-N,CC1=C(C=CC=C1O)C(=O)NC(CSC2=CC=CC=C2)C(CN3CC4CCCCC4CC3C(=O)NC(C)(C)C)O,,,C32H45N3O4S,567.3130,,2,1,1,,,O-Dealkylation,BTMR0052,"CYP1A2
CYP2A6
CYP2C9
CYP2C19
CYP2D6
CYP2E1
CYP3A4",HUMAN,BTM00005,CC1=C(C=CC=C1OC)C(=O)NC(CSC2=CC=CC=C2)C(CN3CC4CCCCC4CC3C(=O)NC(C)(C)C)O,"InChI=1S/C33H47N3O4S/c1-22-26(16-11-17-30(22)40-5)31(38)34-27(21-41-25-14-7-6-8-15-25)29(37)20-36-19-24-13-10-9-12-23(24)18-28(36)32(39)35-33(2,3)4/h6-8,11,14-17,23-24,27-29,37H,9-10,12-13,18-21H2,1-5H3,(H,34,38)(H,35,39)",JSUUPWPDOBWVCZ-UHFFFAOYSA-N,5.617300000000003,581.328727984
"InChI=1S/C33H47N3O5S/c1-33(2,3)35-32(40)28-17-22-11-8-9-12-23(22)18-36(28)19-29(38)27(21-42-24-13-6-5-7-14-24)34-31(39)25-15-10-16-30(41-4)26(25)20-37/h5-7,10,13-16,22-23,27-29,37-38H,8-9,11-12,17-21H2,1-4H3,(H,34,39)(H,35,40)",LWULVPGHXHNOAZ-UHFFFAOYSA-N,C(C1=C(C=CC=C1OC)C(=O)NC(CSC2=CC=CC=C2)C(CN3CC4CCCCC4CC3C(=O)NC(C)(C)C)O)O,,,C33H47N3O5S,597.3236426039999,4.526600000000003,2,2,2,BTM00050,BTM00050,Aliphatic hydroxylation of methyl carbon adjacent to aromatic ring,BTMR1058,"CYP1A2
CYP2A6
CYP2B6
CYP2C8
CYP2C9
CYP2C19
CYP2D6
CYP2E1
CYP3A4",HUMAN,BTM00005,CC1=C(C=CC=C1OC)C(=O)NC(CSC2=CC=CC=C2)C(CN3CC4CCCCC4CC3C(=O)NC(C)(C)C)O,"InChI=1S/C33H47N3O4S/c1-22-26(16-11-17-30(22)40-5)31(38)34-27(21-41-25-14-7-6-8-15-25)29(37)20-36-19-24-13-10-9-12-23(24)18-28(36)32(39)35-33(2,3)4/h6-8,11,14-17,23-24,27-29,37H,9-10,12-13,18-21H2,1-5H3,(H,34,38)(H,35,39)",JSUUPWPDOBWVCZ-UHFFFAOYSA-N,5.617300000000003,581.328727984
"InChI=1S/C33H47N3O5S/c1-21-24(14-10-16-30(21)41-5)31(39)34-26(20-42-23-12-7-6-8-13-23)29(38)19-36-18-25-22(11-9-15-28(25)37)17-27(36)32(40)35-33(2,3)4/h6-8,10,12-14,16,22,25-29,37-38H,9,11,15,17-20H2,1-5H3,(H,34,39)(H,35,40)",IGVXBEIXJGKIFT-UHFFFAOYSA-N,CC1=C(C=CC=C1OC)C(=O)NC(CSC2=CC=CC=C2)C(CN3CC4C(CCCC4CC3C(=O)NC(C)(C)C)O)O,,,C33H47N3O5S,597.323642604,4.385999999999997,1,2,2,BTM00057,BTM00057,Hydroxylation of alicyclic secondary carbon,BTMR1068,"CYP1A2
CYP2C8
CYP2C9
CYP2C19
CYP2D6
CYP3A4",HUMAN,BTM00005,CC1=C(C=CC=C1OC)C(=O)NC(CSC2=CC=CC=C2)C(CN3CC4CCCCC4CC3C(=O)NC(C)(C)C)O,"InChI=1S/C33H47N3O4S/c1-22-26(16-11-17-30(22)40-5)31(38)34-27(21-41-25-14-7-6-8-15-25)29(37)20-36-19-24-13-10-9-12-23(24)18-28(36)32(39)35-33(2,3)4/h6-8,11,14-17,23-24,27-29,37H,9-10,12-13,18-21H2,1-5H3,(H,34,38)(H,35,39)",JSUUPWPDOBWVCZ-UHFFFAOYSA-N,5.617300000000003,581.328727984
"InChI=1S/C33H47N3O5S/c1-21-26(12-9-13-30(21)41-5)31(39)34-27(20-42-25-10-7-6-8-11-25)29(38)19-36-18-23-16-24(37)15-14-22(23)17-28(36)32(40)35-33(2,3)4/h6-13,22-24,27-29,37-38H,14-20H2,1-5H3,(H,34,39)(H,35,40)",CMCBPKOWTABBFU-UHFFFAOYSA-N,CC1=C(C=CC=C1OC)C(=O)NC(CSC2=CC=CC=C2)C(CN3CC4CC(CCC4CC3C(=O)NC(C)(C)C)O)O,,,C33H47N3O5S,597.323642604,4.380400000000002,1,2,2,BTM00064,BTM00064,Hydroxylation of alicyclic secondary carbon,BTMR1068,"CYP1A2
CYP2C8
CYP2C9
CYP2C19
CYP2D6
CYP3A4",HUMAN,BTM00005,CC1=C(C=CC=C1OC)C(=O)NC(CSC2=CC=CC=C2)C(CN3CC4CCCCC4CC3C(=O)NC(C)(C)C)O,"InChI=1S/C33H47N3O4S/c1-22-26(16-11-17-30(22)40-5)31(38)34-27(21-41-25-14-7-6-8-15-25)29(37)20-36-19-24-13-10-9-12-23(24)18-28(36)32(39)35-33(2,3)4/h6-8,11,14-17,23-24,27-29,37H,9-10,12-13,18-21H2,1-5H3,(H,34,38)(H,35,39)",JSUUPWPDOBWVCZ-UHFFFAOYSA-N,5.617300000000003,581.328727984
"InChI=1S/C33H47N3O5S/c1-21-26(12-9-13-30(21)41-5)31(39)34-27(20-42-25-10-7-6-8-11-25)29(38)19-36-18-22-14-15-24(37)16-23(22)17-28(36)32(40)35-33(2,3)4/h6-13,22-24,27-29,37-38H,14-20H2,1-5H3,(H,34,39)(H,35,40)",VZSZMIZTOLPUCL-UHFFFAOYSA-N,CC1=C(C=CC=C1OC)C(=O)NC(CSC2=CC=CC=C2)C(CN3CC4CCC(CC4CC3C(=O)NC(C)(C)C)O)O,,,C33H47N3O5S,597.323642604,4.380400000000002,1,2,2,BTM00071,BTM00071,Hydroxylation of alicyclic secondary carbon,BTMR1068,"CYP1A2
CYP2C8
CYP2C9
CYP2C19
CYP2D6
CYP3A4",HUMAN,BTM00005,CC1=C(C=CC=C1OC)C(=O)NC(CSC2=CC=CC=C2)C(CN3CC4CCCCC4CC3C(=O)NC(C)(C)C)O,"InChI=1S/C33H47N3O4S/c1-22-26(16-11-17-30(22)40-5)31(38)34-27(21-41-25-14-7-6-8-15-25)29(37)20-36-19-24-13-10-9-12-23(24)18-28(36)32(39)35-33(2,3)4/h6-8,11,14-17,23-24,27-29,37H,9-10,12-13,18-21H2,1-5H3,(H,34,38)(H,35,39)",JSUUPWPDOBWVCZ-UHFFFAOYSA-N,5.617300000000003,581.328727984
"InChI=1S/C33H47N3O5S/c1-21-24(14-10-16-30(21)41-5)31(39)34-26(20-42-23-12-7-6-8-13-23)29(38)19-36-18-22-11-9-15-28(37)25(22)17-27(36)32(40)35-33(2,3)4/h6-8,10,12-14,16,22,25-29,37-38H,9,11,15,17-20H2,1-5H3,(H,34,39)(H,35,40)",SMJWNRZNSSAJSC-UHFFFAOYSA-N,CC1=C(C=CC=C1OC)C(=O)NC(CSC2=CC=CC=C2)C(CN3CC4CCCC(C4CC3C(=O)NC(C)(C)C)O)O,,,C33H47N3O5S,597.3236426039999,4.447899999999999,1,2,2,BTM00078,BTM00078,Hydroxylation of alicyclic secondary carbon,BTMR1068,"CYP1A2
CYP2C8
CYP2C9
CYP2C19
CYP2D6
CYP3A4",HUMAN,BTM00005,CC1=C(C=CC=C1OC)C(=O)NC(CSC2=CC=CC=C2)C(CN3CC4CCCCC4CC3C(=O)NC(C)(C)C)O,"InChI=1S/C33H47N3O4S/c1-22-26(16-11-17-30(22)40-5)31(38)34-27(21-41-25-14-7-6-8-15-25)29(37)20-36-19-24-13-10-9-12-23(24)18-28(36)32(39)35-33(2,3)4/h6-8,11,14-17,23-24,27-29,37H,9-10,12-13,18-21H2,1-5H3,(H,34,38)(H,35,39)",JSUUPWPDOBWVCZ-UHFFFAOYSA-N,5.617300000000003,581.328727984
"InChI=1S/C33H47N3O5S/c1-22-26(16-11-17-30(22)41-5)31(38)34-27(21-42-25-14-7-6-8-15-25)29(37)20-36(40)19-24-13-10-9-12-23(24)18-28(36)32(39)35-33(2,3)4/h6-8,11,14-17,23-24,27-29,37H,9-10,12-13,18-21H2,1-5H3,(H,34,38)(H,35,39)",BKFJZAIJBNRTQR-UHFFFAOYSA-N,CC1=C(C=CC=C1OC)C(=O)NC(CSC2=CC=CC=C2)C(C[N+]3(CC4CCCCC4CC3C(=O)NC(C)(C)C)[O-])O,,,C33H47N3O5S,597.3236426039999,5.212200000000003,2,2,2,BTM00084,BTM00084,N-Oxidation of alicyclic tertiary amine,BTMR1099,"CYP1A2
CYP2C8
CYP2C19
CYP2D6
CYP3A4",HUMAN,BTM00005,CC1=C(C=CC=C1OC)C(=O)NC(CSC2=CC=CC=C2)C(CN3CC4CCCCC4CC3C(=O)NC(C)(C)C)O,"InChI=1S/C33H47N3O4S/c1-22-26(16-11-17-30(22)40-5)31(38)34-27(21-41-25-14-7-6-8-15-25)29(37)20-36-19-24-13-10-9-12-23(24)18-28(36)32(39)35-33(2,3)4/h6-8,11,14-17,23-24,27-29,37H,9-10,12-13,18-21H2,1-5H3,(H,34,38)(H,35,39)",JSUUPWPDOBWVCZ-UHFFFAOYSA-N,5.617300000000003,581.328727984
"InChI=1S/C19H21NO4S/c1-13-15(9-6-10-18(13)24-2)19(23)20-16(17(22)11-21)12-25-14-7-4-3-5-8-14/h3-11,16-17,22H,12H2,1-2H3,(H,20,23)",ORVPNSDCLZLZTD-UHFFFAOYSA-N,CC1=C(C=CC=C1OC)C(=O)NC(CSC2=CC=CC=C2)C(C=O)O,,,C19H21NO4S,359.1191291520001,2.9332000000000003,0,0,0,BTM00091,BTM00091,N-Dealkylation of alicyclic tertiary amine,BTMR1144,"CYP1A2
CYP2A6
CYP2B6
CYP2C8
CYP2C9
CYP2C19
CYP2D6
CYP3A4",HUMAN,BTM00005,CC1=C(C=CC=C1OC)C(=O)NC(CSC2=CC=CC=C2)C(CN3CC4CCCCC4CC3C(=O)NC(C)(C)C)O,"InChI=1S/C33H47N3O4S/c1-22-26(16-11-17-30(22)40-5)31(38)34-27(21-41-25-14-7-6-8-15-25)29(37)20-36-19-24-13-10-9-12-23(24)18-28(36)32(39)35-33(2,3)4/h6-8,11,14-17,23-24,27-29,37H,9-10,12-13,18-21H2,1-5H3,(H,34,38)(H,35,39)",JSUUPWPDOBWVCZ-UHFFFAOYSA-N,5.617300000000003,581.328727984
"InChI=1S/C14H26N2O/c1-14(2,3)16-13(17)12-8-10-6-4-5-7-11(10)9-15-12/h10-12,15H,4-9H2,1-3H3,(H,16,17)",UPZBXVBPICTBDP-UHFFFAOYSA-N,N1CC2CCCCC2CC1C(=O)NC(C)(C)C,,,C14H26N2O,238.204513452,2.0465,0,0,0,BTM00015,BTM00015,N-Dealkylation of alicyclic tertiary amine,BTMR1144,"CYP1A2
CYP2A6
CYP2B6
CYP2C8
CYP2C9
CYP2C19
CYP2D6
CYP3A4",HUMAN,BTM00005,CC1=C(C=CC=C1OC)C(=O)NC(CSC2=CC=CC=C2)C(CN3CC4CCCCC4CC3C(=O)NC(C)(C)C)O,"InChI=1S/C33H47N3O4S/c1-22-26(16-11-17-30(22)40-5)31(38)34-27(21-41-25-14-7-6-8-15-25)29(37)20-36-19-24-13-10-9-12-23(24)18-28(36)32(39)35-33(2,3)4/h6-8,11,14-17,23-24,27-29,37H,9-10,12-13,18-21H2,1-5H3,(H,34,38)(H,35,39)",JSUUPWPDOBWVCZ-UHFFFAOYSA-N,5.617300000000003,581.328727984
"InChI=1S/C33H47N3O5S/c1-21-29(41-5)16-15-27(37)30(21)32(40)34-25(20-42-24-13-7-6-8-14-24)28(38)19-36-18-23-12-10-9-11-22(23)17-26(36)31(39)35-33(2,3)4/h6-8,13-16,22-23,25-26,28,37-38H,9-12,17-20H2,1-5H3,(H,34,40)(H,35,39)",XPMPJNPCCWCPLO-UHFFFAOYSA-N,CC1=C(C(=CC=C1OC)O)C(=O)NC(CSC2=CC=CC=C2)C(CN3CC4CCCCC4CC3C(=O)NC(C)(C)C)O,,,C33H47N3O5S,597.3236426039999,5.349900000000002,2,2,2,BTM00043,BTM00043,Hydroxylation of benzene on carbon ortho to electron donating group,BTMR1045,"CYP1A2
CYP2C8
CYP2C9
CYP2C19
CYP2D6
CYP3A4",HUMAN,BTM00005,CC1=C(C=CC=C1OC)C(=O)NC(CSC2=CC=CC=C2)C(CN3CC4CCCCC4CC3C(=O)NC(C)(C)C)O,"InChI=1S/C33H47N3O4S/c1-22-26(16-11-17-30(22)40-5)31(38)34-27(21-41-25-14-7-6-8-15-25)29(37)20-36-19-24-13-10-9-12-23(24)18-28(36)32(39)35-33(2,3)4/h6-8,11,14-17,23-24,27-29,37H,9-10,12-13,18-21H2,1-5H3,(H,34,38)(H,35,39)",JSUUPWPDOBWVCZ-UHFFFAOYSA-N,5.617300000000003,581.328727984
"InChI=1S/C33H47N3O5S/c1-21-26(16-24(37)17-30(21)41-5)31(39)34-27(20-42-25-13-7-6-8-14-25)29(38)19-36-18-23-12-10-9-11-22(23)15-28(36)32(40)35-33(2,3)4/h6-8,13-14,16-17,22-23,27-29,37-38H,9-12,15,18-20H2,1-5H3,(H,34,39)(H,35,40)",ADWDCLSVLNZUPK-UHFFFAOYSA-N,CC1=C(C=C(C=C1OC)O)C(=O)NC(CSC2=CC=CC=C2)C(CN3CC4CCCCC4CC3C(=O)NC(C)(C)C)O,,,C33H47N3O5S,597.323642604,5.349900000000002,2,2,2,BTM00099,BTM00099,Hydroxylation of benzene on carbon para to electron donating group,BTMR1047,"CYP1A2
CYP2C8
CYP2C9
CYP2D6
CYP3A4",HUMAN,BTM00005,CC1=C(C=CC=C1OC)C(=O)NC(CSC2=CC=CC=C2)C(CN3CC4CCCCC4CC3C(=O)NC(C)(C)C)O,"InChI=1S/C33H47N3O4S/c1-22-26(16-11-17-30(22)40-5)31(38)34-27(21-41-25-14-7-6-8-15-25)29(37)20-36-19-24-13-10-9-12-23(24)18-28(36)32(39)35-33(2,3)4/h6-8,11,14-17,23-24,27-29,37H,9-10,12-13,18-21H2,1-5H3,(H,34,38)(H,35,39)",JSUUPWPDOBWVCZ-UHFFFAOYSA-N,5.617300000000003,581.328727984
"InChI=1S/C33H47N3O5S/c1-21-25(15-16-28(37)30(21)41-5)31(39)34-26(20-42-24-13-7-6-8-14-24)29(38)19-36-18-23-12-10-9-11-22(23)17-27(36)32(40)35-33(2,3)4/h6-8,13-16,22-23,26-27,29,37-38H,9-12,17-20H2,1-5H3,(H,34,39)(H,35,40)",WKPGTTSEBIEZAT-UHFFFAOYSA-N,CC1=C(C=CC(=C1OC)O)C(=O)NC(CSC2=CC=CC=C2)C(CN3CC4CCCCC4CC3C(=O)NC(C)(C)C)O,,,C33H47N3O5S,597.323642604,5.349900000000002,2,2,2,BTM00107,BTM00107,Hydroxylation of benzene on carbon para to electron donating group,BTMR1047,"CYP1A2
CYP2C8
CYP2C9
CYP2D6
CYP3A4",HUMAN,BTM00005,CC1=C(C=CC=C1OC)C(=O)NC(CSC2=CC=CC=C2)C(CN3CC4CCCCC4CC3C(=O)NC(C)(C)C)O,"InChI=1S/C33H47N3O4S/c1-22-26(16-11-17-30(22)40-5)31(38)34-27(21-41-25-14-7-6-8-15-25)29(37)20-36-19-24-13-10-9-12-23(24)18-28(36)32(39)35-33(2,3)4/h6-8,11,14-17,23-24,27-29,37H,9-10,12-13,18-21H2,1-5H3,(H,34,38)(H,35,39)",JSUUPWPDOBWVCZ-UHFFFAOYSA-N,5.617300000000003,581.328727984
"InChI=1S/C33H47N3O5S/c1-21-24(16-11-17-29(21)41-5)30(38)34-26(20-42-23-13-7-6-8-14-23)28(37)19-36-27(31(39)35-33(2,3)4)18-22-12-9-10-15-25(22)32(36)40/h6-8,11,13-14,16-17,22,25-28,32,37,40H,9-10,12,15,18-20H2,1-5H3,(H,34,38)(H,35,39)",NFGCWXPLOIJIIA-UHFFFAOYSA-N,CC1=C(C=CC=C1OC)C(=O)NC(CSC2=CC=CC=C2)C(CN3C(C4CCCCC4CC3C(=O)NC(C)(C)C)O)O,,,C33H47N3O5S,597.323642604,5.148200000000002,2,2,2,BTM00113,BTM00113,Hydroxylation of heteroalicyclic secondary carbon,BTMR1070,"CYP1A2
CYP2A6
CYP2C9
CYP2D6
CYP3A4",HUMAN,BTM00005,CC1=C(C=CC=C1OC)C(=O)NC(CSC2=CC=CC=C2)C(CN3CC4CCCCC4CC3C(=O)NC(C)(C)C)O,"InChI=1S/C33H47N3O4S/c1-22-26(16-11-17-30(22)40-5)31(38)34-27(21-41-25-14-7-6-8-15-25)29(37)20-36-19-24-13-10-9-12-23(24)18-28(36)32(39)35-33(2,3)4/h6-8,11,14-17,23-24,27-29,37H,9-10,12-13,18-21H2,1-5H3,(H,34,38)(H,35,39)",JSUUPWPDOBWVCZ-UHFFFAOYSA-N,5.617300000000003,581.328727984
"InChI=1S/C33H47N3O5S/c1-21-24(16-11-17-28(21)41-5)31(39)34-26(20-42-23-13-7-6-8-14-23)27(37)19-36-18-22-12-9-10-15-25(22)30(38)29(36)32(40)35-33(2,3)4/h6-8,11,13-14,16-17,22,25-27,29-30,37-38H,9-10,12,15,18-20H2,1-5H3,(H,34,39)(H,35,40)",LRSSLIHQFMTUCC-UHFFFAOYSA-N,CC1=C(C=CC=C1OC)C(=O)NC(CSC2=CC=CC=C2)C(CN3CC4CCCCC4C(C3C(=O)NC(C)(C)C)O)O,,,C33H47N3O5S,597.323642604,4.7178999999999975,2,2,2,BTM00119,BTM00119,Hydroxylation of heteroalicyclic secondary carbon,BTMR1071,CYP1A2,HUMAN,BTM00005,CC1=C(C=CC=C1OC)C(=O)NC(CSC2=CC=CC=C2)C(CN3CC4CCCCC4CC3C(=O)NC(C)(C)C)O,"InChI=1S/C33H47N3O4S/c1-22-26(16-11-17-30(22)40-5)31(38)34-27(21-41-25-14-7-6-8-15-25)29(37)20-36-19-24-13-10-9-12-23(24)18-28(36)32(39)35-33(2,3)4/h6-8,11,14-17,23-24,27-29,37H,9-10,12-13,18-21H2,1-5H3,(H,34,38)(H,35,39)",JSUUPWPDOBWVCZ-UHFFFAOYSA-N,5.617300000000003,581.328727984
"InChI=1S/C33H47N3O5S/c1-22-26(16-11-17-30(22)41-5)31(38)34-27(21-42(40)25-14-7-6-8-15-25)29(37)20-36-19-24-13-10-9-12-23(24)18-28(36)32(39)35-33(2,3)4/h6-8,11,14-17,23-24,27-29,37H,9-10,12-13,18-21H2,1-5H3,(H,34,38)(H,35,39)",LIRPLKNMRJXROT-UHFFFAOYSA-N,CC1=C(C=CC=C1OC)C(=O)NC(CS(C2=CC=CC=C2)=O)C(CN3CC4CCCCC4CC3C(=O)NC(C)(C)C)O,,,C33H47N3O5S,597.323642604,4.505500000000003,1,2,2,BTM00123,BTM00123,S-Oxidation of alkylarylthioether to sulfoxide,BTMR0058,"CYP1A2
CYP2A6
CYP2B6
CYP2C9
CYP2D6
CYP2E1
CYP3A4",HUMAN,BTM00005,CC1=C(C=CC=C1OC)C(=O)NC(CSC2=CC=CC=C2)C(CN3CC4CCCCC4CC3C(=O)NC(C)(C)C)O,"InChI=1S/C33H47N3O4S/c1-22-26(16-11-17-30(22)40-5)31(38)34-27(21-41-25-14-7-6-8-15-25)29(37)20-36-19-24-13-10-9-12-23(24)18-28(36)32(39)35-33(2,3)4/h6-8,11,14-17,23-24,27-29,37H,9-10,12-13,18-21H2,1-5H3,(H,34,38)(H,35,39)",JSUUPWPDOBWVCZ-UHFFFAOYSA-N,5.617300000000003,581.328727984
"InChI=1S/C33H47N3O5S/c1-22-26(15-10-16-30(22)41-4)31(39)34-27(20-42-25-13-6-5-7-14-25)29(38)19-36-18-24-12-9-8-11-23(24)17-28(36)32(40)35-33(2,3)21-37/h5-7,10,13-16,23-24,27-29,37-38H,8-9,11-12,17-21H2,1-4H3,(H,34,39)(H,35,40)",UPTGLQKOQPLFSI-UHFFFAOYSA-N,CC1=C(C=CC=C1OC)C(=O)NC(CSC2=CC=CC=C2)C(CN3CC4CCCCC4CC3C(=O)NC(C)(C)CO)O,,,C33H47N3O5S,597.3236426039999,4.729100000000004,2,2,2,BTM00129,BTM00129,Hydroxylation of terminal methyl,BTMR1061,"CYP1A2
CYP2A6
CYP2B6
CYP2C8
CYP2C9
CYP2C19
CYP2D6
CYP2E1
CYP3A4",HUMAN,BTM00005,CC1=C(C=CC=C1OC)C(=O)NC(CSC2=CC=CC=C2)C(CN3CC4CCCCC4CC3C(=O)NC(C)(C)C)O,"InChI=1S/C33H47N3O4S/c1-22-26(16-11-17-30(22)40-5)31(38)34-27(21-41-25-14-7-6-8-15-25)29(37)20-36-19-24-13-10-9-12-23(24)18-28(36)32(39)35-33(2,3)4/h6-8,11,14-17,23-24,27-29,37H,9-10,12-13,18-21H2,1-5H3,(H,34,38)(H,35,39)",JSUUPWPDOBWVCZ-UHFFFAOYSA-N,5.617300000000003,581.328727984
"InChI=1S/C33H47N3O5S/c1-22-25(15-11-16-29(22)41-5)30(38)34-26(20-42-24-13-7-6-8-14-24)28(37)19-36-21-33(40)17-10-9-12-23(33)18-27(36)31(39)35-32(2,3)4/h6-8,11,13-16,23,26-28,37,40H,9-10,12,17-21H2,1-5H3,(H,34,38)(H,35,39)",PLOLTZODYCFUHH-UHFFFAOYSA-N,CC1=C(C=CC=C1OC)C(=O)NC(CSC2=CC=CC=C2)C(CN3CC4(CCCCC4CC3C(=O)NC(C)(C)C)O)O,,,C33H47N3O5S,597.323642604,4.6711,1,2,2,BTM00134,BTM00134,Hydroxylation of alicyclic tertiary carbon,BTMR1243,CYP1A2,HUMAN,BTM00005,CC1=C(C=CC=C1OC)C(=O)NC(CSC2=CC=CC=C2)C(CN3CC4CCCCC4CC3C(=O)NC(C)(C)C)O,"InChI=1S/C33H47N3O4S/c1-22-26(16-11-17-30(22)40-5)31(38)34-27(21-41-25-14-7-6-8-15-25)29(37)20-36-19-24-13-10-9-12-23(24)18-28(36)32(39)35-33(2,3)4/h6-8,11,14-17,23-24,27-29,37H,9-10,12-13,18-21H2,1-5H3,(H,34,38)(H,35,39)",JSUUPWPDOBWVCZ-UHFFFAOYSA-N,5.617300000000003,581.328727984
"InChI=1S/C33H47N3O5S/c1-22-25(15-11-16-29(22)41-5)30(38)34-26(21-42-24-13-7-6-8-14-24)28(37)20-36-19-23-12-9-10-17-33(23,40)18-27(36)31(39)35-32(2,3)4/h6-8,11,13-16,23,26-28,37,40H,9-10,12,17-21H2,1-5H3,(H,34,38)(H,35,39)",YHTVFTURUNXMPI-UHFFFAOYSA-N,CC1=C(C=CC=C1OC)C(=O)NC(CSC2=CC=CC=C2)C(CN3CC4CCCCC4(CC3C(=O)NC(C)(C)C)O)O,,,C33H47N3O5S,597.323642604,4.282900000000001,1,2,2,BTM00139,BTM00139,Hydroxylation of alicyclic tertiary carbon,BTMR1243,CYP1A2,HUMAN,BTM00005,CC1=C(C=CC=C1OC)C(=O)NC(CSC2=CC=CC=C2)C(CN3CC4CCCCC4CC3C(=O)NC(C)(C)C)O,"InChI=1S/C33H47N3O4S/c1-22-26(16-11-17-30(22)40-5)31(38)34-27(21-41-25-14-7-6-8-15-25)29(37)20-36-19-24-13-10-9-12-23(24)18-28(36)32(39)35-33(2,3)4/h6-8,11,14-17,23-24,27-29,37H,9-10,12-13,18-21H2,1-5H3,(H,34,38)(H,35,39)",JSUUPWPDOBWVCZ-UHFFFAOYSA-N,5.617300000000003,581.328727984
"InChI=1S/C33H47N3O5S/c1-21-25(16-11-17-28(21)41-5)30(38)34-26(20-42-24-14-7-6-8-15-24)29(37)32(40)36-19-23-13-10-9-12-22(23)18-27(36)31(39)35-33(2,3)4/h6-8,11,14-17,22-23,26-27,29,32,37,40H,9-10,12-13,18-20H2,1-5H3,(H,34,38)(H,35,39)",RYDXYKGDTHALFL-UHFFFAOYSA-N,CC1=C(C=CC=C1OC)C(=O)NC(CSC2=CC=CC=C2)C(C(N3CC4CCCCC4CC3C(=O)NC(C)(C)C)O)O,,,C33H47N3O5S,597.323642604,5.277600000000002,2,2,2,BTM00144,BTM00144,Aliphatic hydroxylation of carbon alpha to secondary or tertiary alkyl-N,BTMR1081,"CYP2B6
CYP2C19
CYP2D6",HUMAN,BTM00005,CC1=C(C=CC=C1OC)C(=O)NC(CSC2=CC=CC=C2)C(CN3CC4CCCCC4CC3C(=O)NC(C)(C)C)O,"InChI=1S/C33H47N3O4S/c1-22-26(16-11-17-30(22)40-5)31(38)34-27(21-41-25-14-7-6-8-15-25)29(37)20-36-19-24-13-10-9-12-23(24)18-28(36)32(39)35-33(2,3)4/h6-8,11,14-17,23-24,27-29,37H,9-10,12-13,18-21H2,1-5H3,(H,34,38)(H,35,39)",JSUUPWPDOBWVCZ-UHFFFAOYSA-N,5.617300000000003,581.328727984
"InChI=1S/C33H47N3O5S/c1-21-24(16-11-17-29(21)41-5)30(38)34-26(20-42-23-13-7-6-8-14-23)28(37)19-36-27(31(39)35-33(2,3)4)18-22-12-9-10-15-25(22)32(36)40/h6-8,11,13-14,16-17,22,25-28,32,37,40H,9-10,12,15,18-20H2,1-5H3,(H,34,38)(H,35,39)",NFGCWXPLOIJIIA-UHFFFAOYSA-N,CC1=C(C=CC=C1OC)C(=O)NC(CSC2=CC=CC=C2)C(CN3C(C4CCCCC4CC3C(=O)NC(C)(C)C)O)O,,,C33H47N3O5S,597.323642604,5.148200000000002,2,2,2,BTM00113,BTM00113,Aliphatic hydroxylation of carbon alpha to secondary or tertiary alkyl-N,BTMR1081,"CYP2B6
CYP2C19
CYP2D6",HUMAN,BTM00005,CC1=C(C=CC=C1OC)C(=O)NC(CSC2=CC=CC=C2)C(CN3CC4CCCCC4CC3C(=O)NC(C)(C)C)O,"InChI=1S/C33H47N3O4S/c1-22-26(16-11-17-30(22)40-5)31(38)34-27(21-41-25-14-7-6-8-15-25)29(37)20-36-19-24-13-10-9-12-23(24)18-28(36)32(39)35-33(2,3)4/h6-8,11,14-17,23-24,27-29,37H,9-10,12-13,18-21H2,1-5H3,(H,34,38)(H,35,39)",JSUUPWPDOBWVCZ-UHFFFAOYSA-N,5.617300000000003,581.328727984
"InChI=1S/C33H47N3O5S/c1-22-26(16-11-17-29(22)41-5)30(38)34-27(21-42-25-14-7-6-8-15-25)28(37)20-36-19-24-13-10-9-12-23(24)18-33(36,40)31(39)35-32(2,3)4/h6-8,11,14-17,23-24,27-28,37,40H,9-10,12-13,18-21H2,1-5H3,(H,34,38)(H,35,39)",KQKOWZZGGCVYSG-UHFFFAOYSA-N,CC1=C(C=CC=C1OC)C(=O)NC(CSC2=CC=CC=C2)C(CN3CC4CCCCC4CC3(C(=O)NC(C)(C)C)O)O,,,C33H47N3O5S,597.323642604,4.9686,2,2,2,BTM00149,BTM00149,Aliphatic hydroxylation of carbon alpha to secondary or tertiary alkyl-N,BTMR1081,"CYP2B6
CYP2C19
CYP2D6",HUMAN,BTM00005,CC1=C(C=CC=C1OC)C(=O)NC(CSC2=CC=CC=C2)C(CN3CC4CCCCC4CC3C(=O)NC(C)(C)C)O,"InChI=1S/C33H47N3O4S/c1-22-26(16-11-17-30(22)40-5)31(38)34-27(21-41-25-14-7-6-8-15-25)29(37)20-36-19-24-13-10-9-12-23(24)18-28(36)32(39)35-33(2,3)4/h6-8,11,14-17,23-24,27-29,37H,9-10,12-13,18-21H2,1-5H3,(H,34,38)(H,35,39)",JSUUPWPDOBWVCZ-UHFFFAOYSA-N,5.617300000000003,581.328727984
"InChI=1S/C32H43N3O5S/c1-20-26(36)14-15-27(37)29(20)31(40)33-24(19-41-23-12-6-5-7-13-23)28(38)18-35-17-22-11-9-8-10-21(22)16-25(35)30(39)34-32(2,3)4/h5-7,12-15,21-22,24-25,36-37H,8-11,16-19H2,1-4H3,(H,33,40)(H,34,39)",QHSYDOPHQRWSDD-UHFFFAOYSA-N,CC1=C(C(=CC=C1O)O)C(=O)NC(CSC2=CC=CC=C2)C(CN3CC4CCCCC4CC3C(=O)NC(C)(C)C)=O,,,C32H43N3O5S,581.2923424759999,5.345799999999999,2,1,1,BTM00150,BTM00150,p-Hydroxylation of phenol,BTMR1038,"CYP1A2
CYP2A6
CYP2B6
CYP2C8
CYP2C9
CYP2C19
CYP2D6
CYP2E1
CYP3A4",HUMAN,BTM00006,CC1=C(C=CC=C1O)C(=O)NC(CSC2=CC=CC=C2)C(CN3CC4CCCCC4CC3C(=O)NC(C)(C)C)=O,"InChI=1S/C32H43N3O4S/c1-21-25(15-10-16-28(21)36)30(38)33-26(20-40-24-13-6-5-7-14-24)29(37)19-35-18-23-12-9-8-11-22(23)17-27(35)31(39)34-32(2,3)4/h5-7,10,13-16,22-23,26-27,36H,8-9,11-12,17-20H2,1-4H3,(H,33,38)(H,34,39)",KQLPJFJGDGNDFA-UHFFFAOYSA-N,5.613200000000001,565.297427856
"InChI=1S/C32H43N3O5S/c1-32(2,3)34-31(40)27-16-21-10-7-8-11-22(21)17-35(27)18-29(38)26(20-41-23-12-5-4-6-13-23)33-30(39)24-14-9-15-28(37)25(24)19-36/h4-6,9,12-15,21-22,26-27,36-37H,7-8,10-11,16-20H2,1-3H3,(H,33,39)(H,34,40)",HRBCBJWSOZKTIG-UHFFFAOYSA-N,C(C1=C(C=CC=C1O)C(=O)NC(CSC2=CC=CC=C2)C(CN3CC4CCCCC4CC3C(=O)NC(C)(C)C)=O)O,,,C32H43N3O5S,581.2923424759999,4.522500000000001,2,2,2,BTM00151,BTM00151,Aliphatic hydroxylation of methyl carbon adjacent to aromatic ring,BTMR1058,"CYP1A2
CYP2A6
CYP2B6
CYP2C8
CYP2C9
CYP2C19
CYP2D6
CYP2E1
CYP3A4",HUMAN,BTM00006,CC1=C(C=CC=C1O)C(=O)NC(CSC2=CC=CC=C2)C(CN3CC4CCCCC4CC3C(=O)NC(C)(C)C)=O,"InChI=1S/C32H43N3O4S/c1-21-25(15-10-16-28(21)36)30(38)33-26(20-40-24-13-6-5-7-14-24)29(37)19-35-18-23-12-9-8-11-22(23)17-27(35)31(39)34-32(2,3)4/h5-7,10,13-16,22-23,26-27,36H,8-9,11-12,17-20H2,1-4H3,(H,33,38)(H,34,39)",KQLPJFJGDGNDFA-UHFFFAOYSA-N,5.613200000000001,565.297427856
"InChI=1S/C32H43N3O5S/c1-20-23(13-9-14-27(20)36)30(39)33-25(19-41-22-11-6-5-7-12-22)29(38)18-35-17-24-21(10-8-15-28(24)37)16-26(35)31(40)34-32(2,3)4/h5-7,9,11-14,21,24-26,28,36-37H,8,10,15-19H2,1-4H3,(H,33,39)(H,34,40)",JELQSEKFOJPKKE-UHFFFAOYSA-N,CC1=C(C=CC=C1O)C(=O)NC(CSC2=CC=CC=C2)C(CN3CC4C(CCCC4CC3C(=O)NC(C)(C)C)O)=O,,,C32H43N3O5S,581.292342476,4.381900000000002,1,1,1,BTM00152,BTM00152,Hydroxylation of alicyclic secondary carbon,BTMR1068,"CYP1A2
CYP2C8
CYP2C9
CYP2C19
CYP2D6
CYP3A4",HUMAN,BTM00006,CC1=C(C=CC=C1O)C(=O)NC(CSC2=CC=CC=C2)C(CN3CC4CCCCC4CC3C(=O)NC(C)(C)C)=O,"InChI=1S/C32H43N3O4S/c1-21-25(15-10-16-28(21)36)30(38)33-26(20-40-24-13-6-5-7-14-24)29(37)19-35-18-23-12-9-8-11-22(23)17-27(35)31(39)34-32(2,3)4/h5-7,10,13-16,22-23,26-27,36H,8-9,11-12,17-20H2,1-4H3,(H,33,38)(H,34,39)",KQLPJFJGDGNDFA-UHFFFAOYSA-N,5.613200000000001,565.297427856
"InChI=1S/C32H43N3O5S/c1-20-25(11-8-12-28(20)37)30(39)33-26(19-41-24-9-6-5-7-10-24)29(38)18-35-17-22-15-23(36)14-13-21(22)16-27(35)31(40)34-32(2,3)4/h5-12,21-23,26-27,36-37H,13-19H2,1-4H3,(H,33,39)(H,34,40)",VTUYXMUPPNCMEP-UHFFFAOYSA-N,CC1=C(C=CC=C1O)C(=O)NC(CSC2=CC=CC=C2)C(CN3CC4CC(CCC4CC3C(=O)NC(C)(C)C)O)=O,,,C32H43N3O5S,581.2923424759999,4.376300000000003,1,1,1,BTM00153,BTM00153,Hydroxylation of alicyclic secondary carbon,BTMR1068,"CYP1A2
CYP2C8
CYP2C9
CYP2C19
CYP2D6
CYP3A4",HUMAN,BTM00006,CC1=C(C=CC=C1O)C(=O)NC(CSC2=CC=CC=C2)C(CN3CC4CCCCC4CC3C(=O)NC(C)(C)C)=O,"InChI=1S/C32H43N3O4S/c1-21-25(15-10-16-28(21)36)30(38)33-26(20-40-24-13-6-5-7-14-24)29(37)19-35-18-23-12-9-8-11-22(23)17-27(35)31(39)34-32(2,3)4/h5-7,10,13-16,22-23,26-27,36H,8-9,11-12,17-20H2,1-4H3,(H,33,38)(H,34,39)",KQLPJFJGDGNDFA-UHFFFAOYSA-N,5.613200000000001,565.297427856
"InChI=1S/C32H43N3O5S/c1-20-25(11-8-12-28(20)37)30(39)33-26(19-41-24-9-6-5-7-10-24)29(38)18-35-17-21-13-14-23(36)15-22(21)16-27(35)31(40)34-32(2,3)4/h5-12,21-23,26-27,36-37H,13-19H2,1-4H3,(H,33,39)(H,34,40)",JVGZITRLRBBQLH-UHFFFAOYSA-N,CC1=C(C=CC=C1O)C(=O)NC(CSC2=CC=CC=C2)C(CN3CC4CCC(CC4CC3C(=O)NC(C)(C)C)O)=O,,,C32H43N3O5S,581.292342476,4.376300000000003,1,1,1,BTM00154,BTM00154,Hydroxylation of alicyclic secondary carbon,BTMR1068,"CYP1A2
CYP2C8
CYP2C9
CYP2C19
CYP2D6
CYP3A4",HUMAN,BTM00006,CC1=C(C=CC=C1O)C(=O)NC(CSC2=CC=CC=C2)C(CN3CC4CCCCC4CC3C(=O)NC(C)(C)C)=O,"InChI=1S/C32H43N3O4S/c1-21-25(15-10-16-28(21)36)30(38)33-26(20-40-24-13-6-5-7-14-24)29(37)19-35-18-23-12-9-8-11-22(23)17-27(35)31(39)34-32(2,3)4/h5-7,10,13-16,22-23,26-27,36H,8-9,11-12,17-20H2,1-4H3,(H,33,38)(H,34,39)",KQLPJFJGDGNDFA-UHFFFAOYSA-N,5.613200000000001,565.297427856
"InChI=1S/C32H43N3O5S/c1-20-23(13-9-14-27(20)36)30(39)33-25(19-41-22-11-6-5-7-12-22)29(38)18-35-17-21-10-8-15-28(37)24(21)16-26(35)31(40)34-32(2,3)4/h5-7,9,11-14,21,24-26,28,36-37H,8,10,15-19H2,1-4H3,(H,33,39)(H,34,40)",QEBVGASOIAHKIZ-UHFFFAOYSA-N,CC1=C(C=CC=C1O)C(=O)NC(CSC2=CC=CC=C2)C(CN3CC4CCCC(C4CC3C(=O)NC(C)(C)C)O)=O,,,C32H43N3O5S,581.292342476,4.443800000000002,1,1,1,BTM00155,BTM00155,Hydroxylation of alicyclic secondary carbon,BTMR1068,"CYP1A2
CYP2C8
CYP2C9
CYP2C19
CYP2D6
CYP3A4",HUMAN,BTM00006,CC1=C(C=CC=C1O)C(=O)NC(CSC2=CC=CC=C2)C(CN3CC4CCCCC4CC3C(=O)NC(C)(C)C)=O,"InChI=1S/C32H43N3O4S/c1-21-25(15-10-16-28(21)36)30(38)33-26(20-40-24-13-6-5-7-14-24)29(37)19-35-18-23-12-9-8-11-22(23)17-27(35)31(39)34-32(2,3)4/h5-7,10,13-16,22-23,26-27,36H,8-9,11-12,17-20H2,1-4H3,(H,33,38)(H,34,39)",KQLPJFJGDGNDFA-UHFFFAOYSA-N,5.613200000000001,565.297427856
"InChI=1S/C32H43N3O5S/c1-21-25(15-10-16-28(21)36)30(38)33-26(20-41-24-13-6-5-7-14-24)29(37)19-35(40)18-23-12-9-8-11-22(23)17-27(35)31(39)34-32(2,3)4/h5-7,10,13-16,22-23,26-27,36H,8-9,11-12,17-20H2,1-4H3,(H,33,38)(H,34,39)",OULVVAKFHLDUEH-UHFFFAOYSA-N,CC1=C(C=CC=C1O)C(=O)NC(CSC2=CC=CC=C2)C(C[N+]3(CC4CCCCC4CC3C(=O)NC(C)(C)C)[O-])=O,,,C32H43N3O5S,581.292342476,5.2081,2,1,1,BTM00156,BTM00156,N-Oxidation of alicyclic tertiary amine,BTMR1099,"CYP1A2
CYP2C8
CYP2C19
CYP2D6
CYP3A4",HUMAN,BTM00006,CC1=C(C=CC=C1O)C(=O)NC(CSC2=CC=CC=C2)C(CN3CC4CCCCC4CC3C(=O)NC(C)(C)C)=O,"InChI=1S/C32H43N3O4S/c1-21-25(15-10-16-28(21)36)30(38)33-26(20-40-24-13-6-5-7-14-24)29(37)19-35-18-23-12-9-8-11-22(23)17-27(35)31(39)34-32(2,3)4/h5-7,10,13-16,22-23,26-27,36H,8-9,11-12,17-20H2,1-4H3,(H,33,38)(H,34,39)",KQLPJFJGDGNDFA-UHFFFAOYSA-N,5.613200000000001,565.297427856
"InChI=1S/C18H17NO4S/c1-12-14(8-5-9-16(12)21)18(23)19-15(17(22)10-20)11-24-13-6-3-2-4-7-13/h2-10,15,21H,11H2,1H3,(H,19,23)",ZRLMRVREAGTZCQ-UHFFFAOYSA-N,CC1=C(C=CC=C1O)C(=O)NC(CSC2=CC=CC=C2)C(C=O)=O,,,C18H17NO4S,343.08782902400003,2.929100000000001,0,0,0,BTM00157,BTM00157,N-Dealkylation of alicyclic tertiary amine,BTMR1144,"CYP1A2
CYP2A6
CYP2B6
CYP2C8
CYP2C9
CYP2C19
CYP2D6
CYP3A4",HUMAN,BTM00006,CC1=C(C=CC=C1O)C(=O)NC(CSC2=CC=CC=C2)C(CN3CC4CCCCC4CC3C(=O)NC(C)(C)C)=O,"InChI=1S/C32H43N3O4S/c1-21-25(15-10-16-28(21)36)30(38)33-26(20-40-24-13-6-5-7-14-24)29(37)19-35-18-23-12-9-8-11-22(23)17-27(35)31(39)34-32(2,3)4/h5-7,10,13-16,22-23,26-27,36H,8-9,11-12,17-20H2,1-4H3,(H,33,38)(H,34,39)",KQLPJFJGDGNDFA-UHFFFAOYSA-N,5.613200000000001,565.297427856
"InChI=1S/C14H26N2O/c1-14(2,3)16-13(17)12-8-10-6-4-5-7-11(10)9-15-12/h10-12,15H,4-9H2,1-3H3,(H,16,17)",UPZBXVBPICTBDP-UHFFFAOYSA-N,N1CC2CCCCC2CC1C(=O)NC(C)(C)C,,,C14H26N2O,238.204513452,2.0465,0,0,0,BTM00015,BTM00015,N-Dealkylation of alicyclic tertiary amine,BTMR1144,"CYP1A2
CYP2A6
CYP2B6
CYP2C8
CYP2C9
CYP2C19
CYP2D6
CYP3A4",HUMAN,BTM00006,CC1=C(C=CC=C1O)C(=O)NC(CSC2=CC=CC=C2)C(CN3CC4CCCCC4CC3C(=O)NC(C)(C)C)=O,"InChI=1S/C32H43N3O4S/c1-21-25(15-10-16-28(21)36)30(38)33-26(20-40-24-13-6-5-7-14-24)29(37)19-35-18-23-12-9-8-11-22(23)17-27(35)31(39)34-32(2,3)4/h5-7,10,13-16,22-23,26-27,36H,8-9,11-12,17-20H2,1-4H3,(H,33,38)(H,34,39)",KQLPJFJGDGNDFA-UHFFFAOYSA-N,5.613200000000001,565.297427856
"InChI=1S/C32H43N3O5S/c1-20-25(15-23(36)16-28(20)37)30(39)33-26(19-41-24-12-6-5-7-13-24)29(38)18-35-17-22-11-9-8-10-21(22)14-27(35)31(40)34-32(2,3)4/h5-7,12-13,15-16,21-22,26-27,36-37H,8-11,14,17-19H2,1-4H3,(H,33,39)(H,34,40)",KMNCSTZZBFIWAH-UHFFFAOYSA-N,CC1=C(C=C(C=C1O)O)C(=O)NC(CSC2=CC=CC=C2)C(CN3CC4CCCCC4CC3C(=O)NC(C)(C)C)=O,,,C32H43N3O5S,581.292342476,5.345799999999999,2,1,1,BTM00158,BTM00158,Hydroxylation of benzene on carbon para to electron donating group,BTMR1047,"CYP1A2
CYP2C8
CYP2C9
CYP2D6
CYP3A4",HUMAN,BTM00006,CC1=C(C=CC=C1O)C(=O)NC(CSC2=CC=CC=C2)C(CN3CC4CCCCC4CC3C(=O)NC(C)(C)C)=O,"InChI=1S/C32H43N3O4S/c1-21-25(15-10-16-28(21)36)30(38)33-26(20-40-24-13-6-5-7-14-24)29(37)19-35-18-23-12-9-8-11-22(23)17-27(35)31(39)34-32(2,3)4/h5-7,10,13-16,22-23,26-27,36H,8-9,11-12,17-20H2,1-4H3,(H,33,38)(H,34,39)",KQLPJFJGDGNDFA-UHFFFAOYSA-N,5.613200000000001,565.297427856
"InChI=1S/C32H43N3O5S/c1-20-24(14-15-27(36)29(20)38)30(39)33-25(19-41-23-12-6-5-7-13-23)28(37)18-35-17-22-11-9-8-10-21(22)16-26(35)31(40)34-32(2,3)4/h5-7,12-15,21-22,25-26,36,38H,8-11,16-19H2,1-4H3,(H,33,39)(H,34,40)",OBNHYTXAODRKHA-UHFFFAOYSA-N,CC1=C(C=CC(=C1O)O)C(=O)NC(CSC2=CC=CC=C2)C(CN3CC4CCCCC4CC3C(=O)NC(C)(C)C)=O,,,C32H43N3O5S,581.292342476,5.345799999999999,2,1,1,BTM00159,BTM00159,Hydroxylation of benzene on carbon para to electron donating group,BTMR1047,"CYP1A2
CYP2C8
CYP2C9
CYP2D6
CYP3A4",HUMAN,BTM00006,CC1=C(C=CC=C1O)C(=O)NC(CSC2=CC=CC=C2)C(CN3CC4CCCCC4CC3C(=O)NC(C)(C)C)=O,"InChI=1S/C32H43N3O4S/c1-21-25(15-10-16-28(21)36)30(38)33-26(20-40-24-13-6-5-7-14-24)29(37)19-35-18-23-12-9-8-11-22(23)17-27(35)31(39)34-32(2,3)4/h5-7,10,13-16,22-23,26-27,36H,8-9,11-12,17-20H2,1-4H3,(H,33,38)(H,34,39)",KQLPJFJGDGNDFA-UHFFFAOYSA-N,5.613200000000001,565.297427856
"InChI=1S/C32H43N3O5S/c1-20-23(15-10-16-27(20)36)29(38)33-25(19-41-22-12-6-5-7-13-22)28(37)18-35-26(30(39)34-32(2,3)4)17-21-11-8-9-14-24(21)31(35)40/h5-7,10,12-13,15-16,21,24-26,31,36,40H,8-9,11,14,17-19H2,1-4H3,(H,33,38)(H,34,39)",BLAXHSROCFFACD-UHFFFAOYSA-N,CC1=C(C=CC=C1O)C(=O)NC(CSC2=CC=CC=C2)C(CN3C(C4CCCCC4CC3C(=O)NC(C)(C)C)O)=O,,,C32H43N3O5S,581.292342476,5.144100000000005,2,1,1,BTM00160,BTM00160,Hydroxylation of heteroalicyclic secondary carbon,BTMR1070,"CYP1A2
CYP2A6
CYP2C9
CYP2D6
CYP3A4",HUMAN,BTM00006,CC1=C(C=CC=C1O)C(=O)NC(CSC2=CC=CC=C2)C(CN3CC4CCCCC4CC3C(=O)NC(C)(C)C)=O,"InChI=1S/C32H43N3O4S/c1-21-25(15-10-16-28(21)36)30(38)33-26(20-40-24-13-6-5-7-14-24)29(37)19-35-18-23-12-9-8-11-22(23)17-27(35)31(39)34-32(2,3)4/h5-7,10,13-16,22-23,26-27,36H,8-9,11-12,17-20H2,1-4H3,(H,33,38)(H,34,39)",KQLPJFJGDGNDFA-UHFFFAOYSA-N,5.613200000000001,565.297427856
"InChI=1S/C32H43N3O5S/c1-20-23(15-10-16-26(20)36)30(39)33-25(19-41-22-12-6-5-7-13-22)27(37)18-35-17-21-11-8-9-14-24(21)29(38)28(35)31(40)34-32(2,3)4/h5-7,10,12-13,15-16,21,24-25,28-29,36,38H,8-9,11,14,17-19H2,1-4H3,(H,33,39)(H,34,40)",TWTGTCSBLRBBAQ-UHFFFAOYSA-N,CC1=C(C=CC=C1O)C(=O)NC(CSC2=CC=CC=C2)C(CN3CC4CCCCC4C(C3C(=O)NC(C)(C)C)O)=O,,,C32H43N3O5S,581.292342476,4.713800000000001,2,1,1,BTM00161,BTM00161,Hydroxylation of heteroalicyclic secondary carbon,BTMR1071,CYP1A2,HUMAN,BTM00006,CC1=C(C=CC=C1O)C(=O)NC(CSC2=CC=CC=C2)C(CN3CC4CCCCC4CC3C(=O)NC(C)(C)C)=O,"InChI=1S/C32H43N3O4S/c1-21-25(15-10-16-28(21)36)30(38)33-26(20-40-24-13-6-5-7-14-24)29(37)19-35-18-23-12-9-8-11-22(23)17-27(35)31(39)34-32(2,3)4/h5-7,10,13-16,22-23,26-27,36H,8-9,11-12,17-20H2,1-4H3,(H,33,38)(H,34,39)",KQLPJFJGDGNDFA-UHFFFAOYSA-N,5.613200000000001,565.297427856
"InChI=1S/C32H43N3O5S/c1-21-25(15-10-16-28(21)36)30(38)33-26(20-41(40)24-13-6-5-7-14-24)29(37)19-35-18-23-12-9-8-11-22(23)17-27(35)31(39)34-32(2,3)4/h5-7,10,13-16,22-23,26-27,36H,8-9,11-12,17-20H2,1-4H3,(H,33,38)(H,34,39)",PKYLUALHRRJISV-UHFFFAOYSA-N,CC1=C(C=CC=C1O)C(=O)NC(CS(C2=CC=CC=C2)=O)C(CN3CC4CCCCC4CC3C(=O)NC(C)(C)C)=O,,,C32H43N3O5S,581.292342476,4.5014,1,1,1,BTM00162,BTM00162,S-Oxidation of alkylarylthioether to sulfoxide,BTMR0058,"CYP1A2
CYP2A6
CYP2B6
CYP2C9
CYP2D6
CYP2E1
CYP3A4",HUMAN,BTM00006,CC1=C(C=CC=C1O)C(=O)NC(CSC2=CC=CC=C2)C(CN3CC4CCCCC4CC3C(=O)NC(C)(C)C)=O,"InChI=1S/C32H43N3O4S/c1-21-25(15-10-16-28(21)36)30(38)33-26(20-40-24-13-6-5-7-14-24)29(37)19-35-18-23-12-9-8-11-22(23)17-27(35)31(39)34-32(2,3)4/h5-7,10,13-16,22-23,26-27,36H,8-9,11-12,17-20H2,1-4H3,(H,33,38)(H,34,39)",KQLPJFJGDGNDFA-UHFFFAOYSA-N,5.613200000000001,565.297427856
"InChI=1S/C32H43N3O5S/c1-21-25(14-9-15-28(21)37)30(39)33-26(19-41-24-12-5-4-6-13-24)29(38)18-35-17-23-11-8-7-10-22(23)16-27(35)31(40)34-32(2,3)20-36/h4-6,9,12-15,22-23,26-27,36-37H,7-8,10-11,16-20H2,1-3H3,(H,33,39)(H,34,40)",LUSFSYHPQKLONK-UHFFFAOYSA-N,CC1=C(C=CC=C1O)C(=O)NC(CSC2=CC=CC=C2)C(CN3CC4CCCCC4CC3C(=O)NC(C)(C)CO)=O,,,C32H43N3O5S,581.292342476,4.725000000000002,1,2,2,BTM00163,BTM00163,Hydroxylation of terminal methyl,BTMR1061,"CYP1A2
CYP2A6
CYP2B6
CYP2C8
CYP2C9
CYP2C19
CYP2D6
CYP2E1
CYP3A4",HUMAN,BTM00006,CC1=C(C=CC=C1O)C(=O)NC(CSC2=CC=CC=C2)C(CN3CC4CCCCC4CC3C(=O)NC(C)(C)C)=O,"InChI=1S/C32H43N3O4S/c1-21-25(15-10-16-28(21)36)30(38)33-26(20-40-24-13-6-5-7-14-24)29(37)19-35-18-23-12-9-8-11-22(23)17-27(35)31(39)34-32(2,3)4/h5-7,10,13-16,22-23,26-27,36H,8-9,11-12,17-20H2,1-4H3,(H,33,38)(H,34,39)",KQLPJFJGDGNDFA-UHFFFAOYSA-N,5.613200000000001,565.297427856
"InChI=1S/C32H43N3O5S/c1-21-24(14-10-15-27(21)36)29(38)33-25(19-41-23-12-6-5-7-13-23)28(37)18-35-20-32(40)16-9-8-11-22(32)17-26(35)30(39)34-31(2,3)4/h5-7,10,12-15,22,25-26,36,40H,8-9,11,16-20H2,1-4H3,(H,33,38)(H,34,39)",RICZEAHSFXLTSP-UHFFFAOYSA-N,CC1=C(C=CC=C1O)C(=O)NC(CSC2=CC=CC=C2)C(CN3CC4(CCCCC4CC3C(=O)NC(C)(C)C)O)=O,,,C32H43N3O5S,581.292342476,4.666999999999998,1,1,1,BTM00164,BTM00164,Hydroxylation of alicyclic tertiary carbon,BTMR1243,CYP1A2,HUMAN,BTM00006,CC1=C(C=CC=C1O)C(=O)NC(CSC2=CC=CC=C2)C(CN3CC4CCCCC4CC3C(=O)NC(C)(C)C)=O,"InChI=1S/C32H43N3O4S/c1-21-25(15-10-16-28(21)36)30(38)33-26(20-40-24-13-6-5-7-14-24)29(37)19-35-18-23-12-9-8-11-22(23)17-27(35)31(39)34-32(2,3)4/h5-7,10,13-16,22-23,26-27,36H,8-9,11-12,17-20H2,1-4H3,(H,33,38)(H,34,39)",KQLPJFJGDGNDFA-UHFFFAOYSA-N,5.613200000000001,565.297427856
"InChI=1S/C32H43N3O5S/c1-21-24(14-10-15-27(21)36)29(38)33-25(20-41-23-12-6-5-7-13-23)28(37)19-35-18-22-11-8-9-16-32(22,40)17-26(35)30(39)34-31(2,3)4/h5-7,10,12-15,22,25-26,36,40H,8-9,11,16-20H2,1-4H3,(H,33,38)(H,34,39)",JJXWKFQMURJSMW-UHFFFAOYSA-N,CC1=C(C=CC=C1O)C(=O)NC(CSC2=CC=CC=C2)C(CN3CC4CCCCC4(CC3C(=O)NC(C)(C)C)O)=O,,,C32H43N3O5S,581.292342476,4.278799999999999,1,1,1,BTM00165,BTM00165,Hydroxylation of alicyclic tertiary carbon,BTMR1243,CYP1A2,HUMAN,BTM00006,CC1=C(C=CC=C1O)C(=O)NC(CSC2=CC=CC=C2)C(CN3CC4CCCCC4CC3C(=O)NC(C)(C)C)=O,"InChI=1S/C32H43N3O4S/c1-21-25(15-10-16-28(21)36)30(38)33-26(20-40-24-13-6-5-7-14-24)29(37)19-35-18-23-12-9-8-11-22(23)17-27(35)31(39)34-32(2,3)4/h5-7,10,13-16,22-23,26-27,36H,8-9,11-12,17-20H2,1-4H3,(H,33,38)(H,34,39)",KQLPJFJGDGNDFA-UHFFFAOYSA-N,5.613200000000001,565.297427856
"InChI=1S/C32H43N3O5S/c1-20-24(15-10-16-27(20)36)29(38)33-25(19-41-23-13-6-5-7-14-23)28(37)31(40)35-18-22-12-9-8-11-21(22)17-26(35)30(39)34-32(2,3)4/h5-7,10,13-16,21-22,25-26,31,36,40H,8-9,11-12,17-19H2,1-4H3,(H,33,38)(H,34,39)",DBKQNZFYPMYGLC-UHFFFAOYSA-N,CC1=C(C=CC=C1O)C(=O)NC(CSC2=CC=CC=C2)C(C(N3CC4CCCCC4CC3C(=O)NC(C)(C)C)O)=O,,,C32H43N3O5S,581.292342476,5.273500000000006,2,1,1,BTM00166,BTM00166,Aliphatic hydroxylation of carbon alpha to secondary or tertiary alkyl-N,BTMR1081,"CYP2B6
CYP2C19
CYP2D6",HUMAN,BTM00006,CC1=C(C=CC=C1O)C(=O)NC(CSC2=CC=CC=C2)C(CN3CC4CCCCC4CC3C(=O)NC(C)(C)C)=O,"InChI=1S/C32H43N3O4S/c1-21-25(15-10-16-28(21)36)30(38)33-26(20-40-24-13-6-5-7-14-24)29(37)19-35-18-23-12-9-8-11-22(23)17-27(35)31(39)34-32(2,3)4/h5-7,10,13-16,22-23,26-27,36H,8-9,11-12,17-20H2,1-4H3,(H,33,38)(H,34,39)",KQLPJFJGDGNDFA-UHFFFAOYSA-N,5.613200000000001,565.297427856
"InChI=1S/C32H43N3O5S/c1-20-23(15-10-16-27(20)36)29(38)33-25(19-41-22-12-6-5-7-13-22)28(37)18-35-26(30(39)34-32(2,3)4)17-21-11-8-9-14-24(21)31(35)40/h5-7,10,12-13,15-16,21,24-26,31,36,40H,8-9,11,14,17-19H2,1-4H3,(H,33,38)(H,34,39)",BLAXHSROCFFACD-UHFFFAOYSA-N,CC1=C(C=CC=C1O)C(=O)NC(CSC2=CC=CC=C2)C(CN3C(C4CCCCC4CC3C(=O)NC(C)(C)C)O)=O,,,C32H43N3O5S,581.292342476,5.144100000000005,2,1,1,BTM00160,BTM00160,Aliphatic hydroxylation of carbon alpha to secondary or tertiary alkyl-N,BTMR1081,"CYP2B6
CYP2C19
CYP2D6",HUMAN,BTM00006,CC1=C(C=CC=C1O)C(=O)NC(CSC2=CC=CC=C2)C(CN3CC4CCCCC4CC3C(=O)NC(C)(C)C)=O,"InChI=1S/C32H43N3O4S/c1-21-25(15-10-16-28(21)36)30(38)33-26(20-40-24-13-6-5-7-14-24)29(37)19-35-18-23-12-9-8-11-22(23)17-27(35)31(39)34-32(2,3)4/h5-7,10,13-16,22-23,26-27,36H,8-9,11-12,17-20H2,1-4H3,(H,33,38)(H,34,39)",KQLPJFJGDGNDFA-UHFFFAOYSA-N,5.613200000000001,565.297427856
"InChI=1S/C32H43N3O5S/c1-21-25(15-10-16-27(21)36)29(38)33-26(20-41-24-13-6-5-7-14-24)28(37)19-35-18-23-12-9-8-11-22(23)17-32(35,40)30(39)34-31(2,3)4/h5-7,10,13-16,22-23,26,36,40H,8-9,11-12,17-20H2,1-4H3,(H,33,38)(H,34,39)",KUKIEFVWALAMQJ-UHFFFAOYSA-N,CC1=C(C=CC=C1O)C(=O)NC(CSC2=CC=CC=C2)C(CN3CC4CCCCC4CC3(C(=O)NC(C)(C)C)O)=O,,,C32H43N3O5S,581.292342476,4.964500000000002,2,1,1,BTM00167,BTM00167,Aliphatic hydroxylation of carbon alpha to secondary or tertiary alkyl-N,BTMR1081,"CYP2B6
CYP2C19
CYP2D6",HUMAN,BTM00006,CC1=C(C=CC=C1O)C(=O)NC(CSC2=CC=CC=C2)C(CN3CC4CCCCC4CC3C(=O)NC(C)(C)C)=O,"InChI=1S/C32H43N3O4S/c1-21-25(15-10-16-28(21)36)30(38)33-26(20-40-24-13-6-5-7-14-24)29(37)19-35-18-23-12-9-8-11-22(23)17-27(35)31(39)34-32(2,3)4/h5-7,10,13-16,22-23,26-27,36H,8-9,11-12,17-20H2,1-4H3,(H,33,38)(H,34,39)",KQLPJFJGDGNDFA-UHFFFAOYSA-N,5.613200000000001,565.297427856
"InChI=1S/C32H45N3O4S/c1-21-25(15-10-16-28(21)36)30(38)33-26(20-40-24-13-6-5-7-14-24)29(37)19-35-18-23-12-9-8-11-22(23)17-27(35)31(39)34-32(2,3)4/h5-7,10,13-16,22-23,26-27,29,36-37H,8-9,11-12,17-20H2,1-4H3,(H,33,38)(H,34,39)",QAGYKUNXZHXKMR-UHFFFAOYSA-N,CC1=C(C=CC=C1O)C(=O)NC(CSC2=CC=CC=C2)C(CN3CC4CCCCC4CC3C(=O)NC(C)(C)C)O,,,C32H45N3O4S,567.3130,,2,1,1,,,Reduction of ketone to alcohol,BTMR1171,CYP2C9,HUMAN,BTM00006,CC1=C(C=CC=C1O)C(=O)NC(CSC2=CC=CC=C2)C(CN3CC4CCCCC4CC3C(=O)NC(C)(C)C)=O,"InChI=1S/C32H43N3O4S/c1-21-25(15-10-16-28(21)36)30(38)33-26(20-40-24-13-6-5-7-14-24)29(37)19-35-18-23-12-9-8-11-22(23)17-27(35)31(39)34-32(2,3)4/h5-7,10,13-16,22-23,26-27,36H,8-9,11-12,17-20H2,1-4H3,(H,33,38)(H,34,39)",KQLPJFJGDGNDFA-UHFFFAOYSA-N,5.613200000000001,565.297427856
"InChI=1S/C32H43N3O5S/c1-20-26(36)14-15-27(37)29(20)31(40)33-24(19-41-23-12-6-5-7-13-23)28(38)18-35-17-22-11-9-8-10-21(22)16-25(35)30(39)34-32(2,3)4/h5-7,12-15,21-22,24-25,36-37H,8-11,16-19H2,1-4H3,(H,33,40)(H,34,39)",QHSYDOPHQRWSDD-UHFFFAOYSA-N,CC1=C(C(=CC=C1O)O)C(=O)NC(CSC2=CC=CC=C2)C(CN3CC4CCCCC4CC3C(=O)NC(C)(C)C)=O,,,C32H43N3O5S,581.2923424759999,5.345799999999999,2,1,1,BTM00150,BTM00150,Oxidation of secondary alcohol to ketone,BTMR0079,"CYP1A2
CYP2C9
CYP2C19",HUMAN,BTM00007,CC1=C(C(=CC=C1O)O)C(=O)NC(CSC2=CC=CC=C2)C(CN3CC4CCCCC4CC3C(=O)NC(C)(C)C)O,"InChI=1S/C32H45N3O5S/c1-20-26(36)14-15-27(37)29(20)31(40)33-24(19-41-23-12-6-5-7-13-23)28(38)18-35-17-22-11-9-8-10-21(22)16-25(35)30(39)34-32(2,3)4/h5-7,12-15,21-22,24-25,28,36-38H,8-11,16-19H2,1-4H3,(H,33,40)(H,34,39)",WCWYSPCYCBIXCS-UHFFFAOYSA-N,5.098900000000002,583.3079925400001
"InChI=1S/C32H45N3O6S/c1-32(2,3)34-30(40)25-15-20-9-7-8-10-21(20)16-35(25)17-28(39)24(19-42-22-11-5-4-6-12-22)33-31(41)29-23(18-36)26(37)13-14-27(29)38/h4-6,11-14,20-21,24-25,28,36-39H,7-10,15-19H2,1-3H3,(H,33,41)(H,34,40)",VAQXKOXJQUOXIE-UHFFFAOYSA-N,C(C1=C(C(=CC=C1O)O)C(=O)NC(CSC2=CC=CC=C2)C(CN3CC4CCCCC4CC3C(=O)NC(C)(C)C)O)O,,,C32H45N3O6S,599.30290716,4.008200000000002,3,2,2,BTM00168,BTM00168,Aliphatic hydroxylation of methyl carbon adjacent to aromatic ring,BTMR1058,"CYP1A2
CYP2A6
CYP2B6
CYP2C8
CYP2C9
CYP2C19
CYP2D6
CYP2E1
CYP3A4",HUMAN,BTM00007,CC1=C(C(=CC=C1O)O)C(=O)NC(CSC2=CC=CC=C2)C(CN3CC4CCCCC4CC3C(=O)NC(C)(C)C)O,"InChI=1S/C32H45N3O5S/c1-20-26(36)14-15-27(37)29(20)31(40)33-24(19-41-23-12-6-5-7-13-23)28(38)18-35-17-22-11-9-8-10-21(22)16-25(35)30(39)34-32(2,3)4/h5-7,12-15,21-22,24-25,28,36-38H,8-11,16-19H2,1-4H3,(H,33,40)(H,34,39)",WCWYSPCYCBIXCS-UHFFFAOYSA-N,5.098900000000002,583.3079925400001
"InChI=1S/C32H45N3O6S/c1-19-25(36)13-14-27(38)29(19)31(41)33-23(18-42-21-10-6-5-7-11-21)28(39)17-35-16-22-20(9-8-12-26(22)37)15-24(35)30(40)34-32(2,3)4/h5-7,10-11,13-14,20,22-24,26,28,36-39H,8-9,12,15-18H2,1-4H3,(H,33,41)(H,34,40)",DTFUPAAUXFOSLT-UHFFFAOYSA-N,CC1=C(C(=CC=C1O)O)C(=O)NC(CSC2=CC=CC=C2)C(CN3CC4C(CCCC4CC3C(=O)NC(C)(C)C)O)O,,,C32H45N3O6S,599.30290716,3.8675999999999995,2,1,1,BTM00169,BTM00169,Hydroxylation of alicyclic secondary carbon,BTMR1068,"CYP1A2
CYP2C8
CYP2C9
CYP2C19
CYP2D6
CYP3A4",HUMAN,BTM00007,CC1=C(C(=CC=C1O)O)C(=O)NC(CSC2=CC=CC=C2)C(CN3CC4CCCCC4CC3C(=O)NC(C)(C)C)O,"InChI=1S/C32H45N3O5S/c1-20-26(36)14-15-27(37)29(20)31(40)33-24(19-41-23-12-6-5-7-13-23)28(38)18-35-17-22-11-9-8-10-21(22)16-25(35)30(39)34-32(2,3)4/h5-7,12-15,21-22,24-25,28,36-38H,8-11,16-19H2,1-4H3,(H,33,40)(H,34,39)",WCWYSPCYCBIXCS-UHFFFAOYSA-N,5.098900000000002,583.3079925400001
"InChI=1S/C32H45N3O6S/c1-19-26(37)12-13-27(38)29(19)31(41)33-24(18-42-23-8-6-5-7-9-23)28(39)17-35-16-21-14-22(36)11-10-20(21)15-25(35)30(40)34-32(2,3)4/h5-9,12-13,20-22,24-25,28,36-39H,10-11,14-18H2,1-4H3,(H,33,41)(H,34,40)",BRXDGJPOCDLOSY-UHFFFAOYSA-N,CC1=C(C(=CC=C1O)O)C(=O)NC(CSC2=CC=CC=C2)C(CN3CC4CC(CCC4CC3C(=O)NC(C)(C)C)O)O,,,C32H45N3O6S,599.30290716,3.862,2,1,1,BTM00170,BTM00170,Hydroxylation of alicyclic secondary carbon,BTMR1068,"CYP1A2
CYP2C8
CYP2C9
CYP2C19
CYP2D6
CYP3A4",HUMAN,BTM00007,CC1=C(C(=CC=C1O)O)C(=O)NC(CSC2=CC=CC=C2)C(CN3CC4CCCCC4CC3C(=O)NC(C)(C)C)O,"InChI=1S/C32H45N3O5S/c1-20-26(36)14-15-27(37)29(20)31(40)33-24(19-41-23-12-6-5-7-13-23)28(38)18-35-17-22-11-9-8-10-21(22)16-25(35)30(39)34-32(2,3)4/h5-7,12-15,21-22,24-25,28,36-38H,8-11,16-19H2,1-4H3,(H,33,40)(H,34,39)",WCWYSPCYCBIXCS-UHFFFAOYSA-N,5.098900000000002,583.3079925400001
"InChI=1S/C32H45N3O6S/c1-19-26(37)12-13-27(38)29(19)31(41)33-24(18-42-23-8-6-5-7-9-23)28(39)17-35-16-20-10-11-22(36)14-21(20)15-25(35)30(40)34-32(2,3)4/h5-9,12-13,20-22,24-25,28,36-39H,10-11,14-18H2,1-4H3,(H,33,41)(H,34,40)",UEIQOGZYTVUUNK-UHFFFAOYSA-N,CC1=C(C(=CC=C1O)O)C(=O)NC(CSC2=CC=CC=C2)C(CN3CC4CCC(CC4CC3C(=O)NC(C)(C)C)O)O,,,C32H45N3O6S,599.30290716,3.862,2,1,1,BTM00171,BTM00171,Hydroxylation of alicyclic secondary carbon,BTMR1068,"CYP1A2
CYP2C8
CYP2C9
CYP2C19
CYP2D6
CYP3A4",HUMAN,BTM00007,CC1=C(C(=CC=C1O)O)C(=O)NC(CSC2=CC=CC=C2)C(CN3CC4CCCCC4CC3C(=O)NC(C)(C)C)O,"InChI=1S/C32H45N3O5S/c1-20-26(36)14-15-27(37)29(20)31(40)33-24(19-41-23-12-6-5-7-13-23)28(38)18-35-17-22-11-9-8-10-21(22)16-25(35)30(39)34-32(2,3)4/h5-7,12-15,21-22,24-25,28,36-38H,8-11,16-19H2,1-4H3,(H,33,40)(H,34,39)",WCWYSPCYCBIXCS-UHFFFAOYSA-N,5.098900000000002,583.3079925400001
"InChI=1S/C32H45N3O6S/c1-19-25(36)13-14-27(38)29(19)31(41)33-23(18-42-21-10-6-5-7-11-21)28(39)17-35-16-20-9-8-12-26(37)22(20)15-24(35)30(40)34-32(2,3)4/h5-7,10-11,13-14,20,22-24,26,28,36-39H,8-9,12,15-18H2,1-4H3,(H,33,41)(H,34,40)",USBXUGOREUOORS-UHFFFAOYSA-N,CC1=C(C(=CC=C1O)O)C(=O)NC(CSC2=CC=CC=C2)C(CN3CC4CCCC(C4CC3C(=O)NC(C)(C)C)O)O,,,C32H45N3O6S,599.30290716,3.929499999999999,2,1,1,BTM00172,BTM00172,Hydroxylation of alicyclic secondary carbon,BTMR1068,"CYP1A2
CYP2C8
CYP2C9
CYP2C19
CYP2D6
CYP3A4",HUMAN,BTM00007,CC1=C(C(=CC=C1O)O)C(=O)NC(CSC2=CC=CC=C2)C(CN3CC4CCCCC4CC3C(=O)NC(C)(C)C)O,"InChI=1S/C32H45N3O5S/c1-20-26(36)14-15-27(37)29(20)31(40)33-24(19-41-23-12-6-5-7-13-23)28(38)18-35-17-22-11-9-8-10-21(22)16-25(35)30(39)34-32(2,3)4/h5-7,12-15,21-22,24-25,28,36-38H,8-11,16-19H2,1-4H3,(H,33,40)(H,34,39)",WCWYSPCYCBIXCS-UHFFFAOYSA-N,5.098900000000002,583.3079925400001
"InChI=1S/C32H45N3O6S/c1-20-26(36)14-15-27(37)29(20)31(40)33-24(19-42-23-12-6-5-7-13-23)28(38)18-35(41)17-22-11-9-8-10-21(22)16-25(35)30(39)34-32(2,3)4/h5-7,12-15,21-22,24-25,28,36-38H,8-11,16-19H2,1-4H3,(H,33,40)(H,34,39)",KBOJHFGRZTZEDE-UHFFFAOYSA-N,CC1=C(C(=CC=C1O)O)C(=O)NC(CSC2=CC=CC=C2)C(C[N+]3(CC4CCCCC4CC3C(=O)NC(C)(C)C)[O-])O,,,C32H45N3O6S,599.30290716,4.693800000000001,2,1,1,BTM00173,BTM00173,N-Oxidation of alicyclic tertiary amine,BTMR1099,"CYP1A2
CYP2C8
CYP2C19
CYP2D6
CYP3A4",HUMAN,BTM00007,CC1=C(C(=CC=C1O)O)C(=O)NC(CSC2=CC=CC=C2)C(CN3CC4CCCCC4CC3C(=O)NC(C)(C)C)O,"InChI=1S/C32H45N3O5S/c1-20-26(36)14-15-27(37)29(20)31(40)33-24(19-41-23-12-6-5-7-13-23)28(38)18-35-17-22-11-9-8-10-21(22)16-25(35)30(39)34-32(2,3)4/h5-7,12-15,21-22,24-25,28,36-38H,8-11,16-19H2,1-4H3,(H,33,40)(H,34,39)",WCWYSPCYCBIXCS-UHFFFAOYSA-N,5.098900000000002,583.3079925400001
"InChI=1S/C18H19NO5S/c1-11-14(21)7-8-15(22)17(11)18(24)19-13(16(23)9-20)10-25-12-5-3-2-4-6-12/h2-9,13,16,21-23H,10H2,1H3,(H,19,24)",IUIUOLWZYJQHFI-UHFFFAOYSA-N,CC1=C(C(=CC=C1O)O)C(=O)NC(CSC2=CC=CC=C2)C(C=O)O,,,C18H19NO5S,361.09839370800006,2.4147999999999987,0,1,1,BTM00174,BTM00174,N-Dealkylation of alicyclic tertiary amine,BTMR1144,"CYP1A2
CYP2A6
CYP2B6
CYP2C8
CYP2C9
CYP2C19
CYP2D6
CYP3A4",HUMAN,BTM00007,CC1=C(C(=CC=C1O)O)C(=O)NC(CSC2=CC=CC=C2)C(CN3CC4CCCCC4CC3C(=O)NC(C)(C)C)O,"InChI=1S/C32H45N3O5S/c1-20-26(36)14-15-27(37)29(20)31(40)33-24(19-41-23-12-6-5-7-13-23)28(38)18-35-17-22-11-9-8-10-21(22)16-25(35)30(39)34-32(2,3)4/h5-7,12-15,21-22,24-25,28,36-38H,8-11,16-19H2,1-4H3,(H,33,40)(H,34,39)",WCWYSPCYCBIXCS-UHFFFAOYSA-N,5.098900000000002,583.3079925400001
"InChI=1S/C14H26N2O/c1-14(2,3)16-13(17)12-8-10-6-4-5-7-11(10)9-15-12/h10-12,15H,4-9H2,1-3H3,(H,16,17)",UPZBXVBPICTBDP-UHFFFAOYSA-N,N1CC2CCCCC2CC1C(=O)NC(C)(C)C,,,C14H26N2O,238.204513452,2.0465,0,0,0,BTM00015,BTM00015,N-Dealkylation of alicyclic tertiary amine,BTMR1144,"CYP1A2
CYP2A6
CYP2B6
CYP2C8
CYP2C9
CYP2C19
CYP2D6
CYP3A4",HUMAN,BTM00007,CC1=C(C(=CC=C1O)O)C(=O)NC(CSC2=CC=CC=C2)C(CN3CC4CCCCC4CC3C(=O)NC(C)(C)C)O,"InChI=1S/C32H45N3O5S/c1-20-26(36)14-15-27(37)29(20)31(40)33-24(19-41-23-12-6-5-7-13-23)28(38)18-35-17-22-11-9-8-10-21(22)16-25(35)30(39)34-32(2,3)4/h5-7,12-15,21-22,24-25,28,36-38H,8-11,16-19H2,1-4H3,(H,33,40)(H,34,39)",WCWYSPCYCBIXCS-UHFFFAOYSA-N,5.098900000000002,583.3079925400001
"InChI=1S/C32H45N3O6S/c1-19-25(36)14-15-26(37)28(19)30(40)33-23(18-42-21-11-6-5-7-12-21)27(38)17-35-24(29(39)34-32(2,3)4)16-20-10-8-9-13-22(20)31(35)41/h5-7,11-12,14-15,20,22-24,27,31,36-38,41H,8-10,13,16-18H2,1-4H3,(H,33,40)(H,34,39)",UWIHCHSJVPHABW-UHFFFAOYSA-N,CC1=C(C(=CC=C1O)O)C(=O)NC(CSC2=CC=CC=C2)C(CN3C(C4CCCCC4CC3C(=O)NC(C)(C)C)O)O,,,C32H45N3O6S,599.30290716,4.629800000000002,3,1,1,BTM00175,BTM00175,Hydroxylation of heteroalicyclic secondary carbon,BTMR1070,"CYP1A2
CYP2A6
CYP2C9
CYP2D6
CYP3A4",HUMAN,BTM00007,CC1=C(C(=CC=C1O)O)C(=O)NC(CSC2=CC=CC=C2)C(CN3CC4CCCCC4CC3C(=O)NC(C)(C)C)O,"InChI=1S/C32H45N3O5S/c1-20-26(36)14-15-27(37)29(20)31(40)33-24(19-41-23-12-6-5-7-13-23)28(38)18-35-17-22-11-9-8-10-21(22)16-25(35)30(39)34-32(2,3)4/h5-7,12-15,21-22,24-25,28,36-38H,8-11,16-19H2,1-4H3,(H,33,40)(H,34,39)",WCWYSPCYCBIXCS-UHFFFAOYSA-N,5.098900000000002,583.3079925400001
"InChI=1S/C32H45N3O6S/c1-19-24(36)14-15-25(37)27(19)30(40)33-23(18-42-21-11-6-5-7-12-21)26(38)17-35-16-20-10-8-9-13-22(20)29(39)28(35)31(41)34-32(2,3)4/h5-7,11-12,14-15,20,22-23,26,28-29,36-39H,8-10,13,16-18H2,1-4H3,(H,33,40)(H,34,41)",ZADMHKQQCKYTIM-UHFFFAOYSA-N,CC1=C(C(=CC=C1O)O)C(=O)NC(CSC2=CC=CC=C2)C(CN3CC4CCCCC4C(C3C(=O)NC(C)(C)C)O)O,,,C32H45N3O6S,599.30290716,4.199499999999999,3,1,1,BTM00176,BTM00176,Hydroxylation of heteroalicyclic secondary carbon,BTMR1071,CYP1A2,HUMAN,BTM00007,CC1=C(C(=CC=C1O)O)C(=O)NC(CSC2=CC=CC=C2)C(CN3CC4CCCCC4CC3C(=O)NC(C)(C)C)O,"InChI=1S/C32H45N3O5S/c1-20-26(36)14-15-27(37)29(20)31(40)33-24(19-41-23-12-6-5-7-13-23)28(38)18-35-17-22-11-9-8-10-21(22)16-25(35)30(39)34-32(2,3)4/h5-7,12-15,21-22,24-25,28,36-38H,8-11,16-19H2,1-4H3,(H,33,40)(H,34,39)",WCWYSPCYCBIXCS-UHFFFAOYSA-N,5.098900000000002,583.3079925400001
"InChI=1S/C32H45N3O6S/c1-20-26(36)14-15-27(37)29(20)31(40)33-24(19-42(41)23-12-6-5-7-13-23)28(38)18-35-17-22-11-9-8-10-21(22)16-25(35)30(39)34-32(2,3)4/h5-7,12-15,21-22,24-25,28,36-38H,8-11,16-19H2,1-4H3,(H,33,40)(H,34,39)",WBDNUBNSFPPDPH-UHFFFAOYSA-N,CC1=C(C(=CC=C1O)O)C(=O)NC(CS(C2=CC=CC=C2)=O)C(CN3CC4CCCCC4CC3C(=O)NC(C)(C)C)O,,,C32H45N3O6S,599.30290716,3.987100000000002,1,1,1,BTM00177,BTM00177,S-Oxidation of alkylarylthioether to sulfoxide,BTMR0058,"CYP1A2
CYP2A6
CYP2B6
CYP2C9
CYP2D6
CYP2E1
CYP3A4",HUMAN,BTM00007,CC1=C(C(=CC=C1O)O)C(=O)NC(CSC2=CC=CC=C2)C(CN3CC4CCCCC4CC3C(=O)NC(C)(C)C)O,"InChI=1S/C32H45N3O5S/c1-20-26(36)14-15-27(37)29(20)31(40)33-24(19-41-23-12-6-5-7-13-23)28(38)18-35-17-22-11-9-8-10-21(22)16-25(35)30(39)34-32(2,3)4/h5-7,12-15,21-22,24-25,28,36-38H,8-11,16-19H2,1-4H3,(H,33,40)(H,34,39)",WCWYSPCYCBIXCS-UHFFFAOYSA-N,5.098900000000002,583.3079925400001
"InChI=1S/C32H45N3O6S/c1-20-26(37)13-14-27(38)29(20)31(41)33-24(18-42-23-11-5-4-6-12-23)28(39)17-35-16-22-10-8-7-9-21(22)15-25(35)30(40)34-32(2,3)19-36/h4-6,11-14,21-22,24-25,28,36-39H,7-10,15-19H2,1-3H3,(H,33,41)(H,34,40)",LYSMOKGMNNDXMJ-UHFFFAOYSA-N,CC1=C(C(=CC=C1O)O)C(=O)NC(CSC2=CC=CC=C2)C(CN3CC4CCCCC4CC3C(=O)NC(C)(C)CO)O,,,C32H45N3O6S,599.30290716,4.210700000000003,3,2,2,BTM00178,BTM00178,Hydroxylation of terminal methyl,BTMR1061,"CYP1A2
CYP2A6
CYP2B6
CYP2C8
CYP2C9
CYP2C19
CYP2D6
CYP2E1
CYP3A4",HUMAN,BTM00007,CC1=C(C(=CC=C1O)O)C(=O)NC(CSC2=CC=CC=C2)C(CN3CC4CCCCC4CC3C(=O)NC(C)(C)C)O,"InChI=1S/C32H45N3O5S/c1-20-26(36)14-15-27(37)29(20)31(40)33-24(19-41-23-12-6-5-7-13-23)28(38)18-35-17-22-11-9-8-10-21(22)16-25(35)30(39)34-32(2,3)4/h5-7,12-15,21-22,24-25,28,36-38H,8-11,16-19H2,1-4H3,(H,33,40)(H,34,39)",WCWYSPCYCBIXCS-UHFFFAOYSA-N,5.098900000000002,583.3079925400001
"InChI=1S/C32H45N3O6S/c1-20-25(36)13-14-26(37)28(20)30(40)33-23(18-42-22-11-6-5-7-12-22)27(38)17-35-19-32(41)15-9-8-10-21(32)16-24(35)29(39)34-31(2,3)4/h5-7,11-14,21,23-24,27,36-38,41H,8-10,15-19H2,1-4H3,(H,33,40)(H,34,39)",ALNOFXNPJPGOTP-UHFFFAOYSA-N,CC1=C(C(=CC=C1O)O)C(=O)NC(CSC2=CC=CC=C2)C(CN3CC4(CCCCC4CC3C(=O)NC(C)(C)C)O)O,,,C32H45N3O6S,599.30290716,4.152699999999999,3,1,1,BTM00179,BTM00179,Hydroxylation of alicyclic tertiary carbon,BTMR1243,CYP1A2,HUMAN,BTM00007,CC1=C(C(=CC=C1O)O)C(=O)NC(CSC2=CC=CC=C2)C(CN3CC4CCCCC4CC3C(=O)NC(C)(C)C)O,"InChI=1S/C32H45N3O5S/c1-20-26(36)14-15-27(37)29(20)31(40)33-24(19-41-23-12-6-5-7-13-23)28(38)18-35-17-22-11-9-8-10-21(22)16-25(35)30(39)34-32(2,3)4/h5-7,12-15,21-22,24-25,28,36-38H,8-11,16-19H2,1-4H3,(H,33,40)(H,34,39)",WCWYSPCYCBIXCS-UHFFFAOYSA-N,5.098900000000002,583.3079925400001
"InChI=1S/C32H45N3O6S/c1-20-25(36)13-14-26(37)28(20)30(40)33-23(19-42-22-11-6-5-7-12-22)27(38)18-35-17-21-10-8-9-15-32(21,41)16-24(35)29(39)34-31(2,3)4/h5-7,11-14,21,23-24,27,36-38,41H,8-10,15-19H2,1-4H3,(H,33,40)(H,34,39)",XKBGFMWOIBCSQO-UHFFFAOYSA-N,CC1=C(C(=CC=C1O)O)C(=O)NC(CSC2=CC=CC=C2)C(CN3CC4CCCCC4(CC3C(=O)NC(C)(C)C)O)O,,,C32H45N3O6S,599.30290716,3.764499999999999,3,1,1,BTM00180,BTM00180,Hydroxylation of alicyclic tertiary carbon,BTMR1243,CYP1A2,HUMAN,BTM00007,CC1=C(C(=CC=C1O)O)C(=O)NC(CSC2=CC=CC=C2)C(CN3CC4CCCCC4CC3C(=O)NC(C)(C)C)O,"InChI=1S/C32H45N3O5S/c1-20-26(36)14-15-27(37)29(20)31(40)33-24(19-41-23-12-6-5-7-13-23)28(38)18-35-17-22-11-9-8-10-21(22)16-25(35)30(39)34-32(2,3)4/h5-7,12-15,21-22,24-25,28,36-38H,8-11,16-19H2,1-4H3,(H,33,40)(H,34,39)",WCWYSPCYCBIXCS-UHFFFAOYSA-N,5.098900000000002,583.3079925400001
"InChI=1S/C32H45N3O6S/c1-19-25(36)14-15-26(37)27(19)30(40)33-23(18-42-22-12-6-5-7-13-22)28(38)31(41)35-17-21-11-9-8-10-20(21)16-24(35)29(39)34-32(2,3)4/h5-7,12-15,20-21,23-24,28,31,36-38,41H,8-11,16-18H2,1-4H3,(H,33,40)(H,34,39)",TZNGHRPVNWSXRE-UHFFFAOYSA-N,CC1=C(C(=CC=C1O)O)C(=O)NC(CSC2=CC=CC=C2)C(C(N3CC4CCCCC4CC3C(=O)NC(C)(C)C)O)O,,,C32H45N3O6S,599.30290716,4.7592000000000025,3,1,1,BTM00181,BTM00181,Aliphatic hydroxylation of carbon alpha to secondary or tertiary alkyl-N,BTMR1081,"CYP2B6
CYP2C19
CYP2D6",HUMAN,BTM00007,CC1=C(C(=CC=C1O)O)C(=O)NC(CSC2=CC=CC=C2)C(CN3CC4CCCCC4CC3C(=O)NC(C)(C)C)O,"InChI=1S/C32H45N3O5S/c1-20-26(36)14-15-27(37)29(20)31(40)33-24(19-41-23-12-6-5-7-13-23)28(38)18-35-17-22-11-9-8-10-21(22)16-25(35)30(39)34-32(2,3)4/h5-7,12-15,21-22,24-25,28,36-38H,8-11,16-19H2,1-4H3,(H,33,40)(H,34,39)",WCWYSPCYCBIXCS-UHFFFAOYSA-N,5.098900000000002,583.3079925400001
"InChI=1S/C32H45N3O6S/c1-19-25(36)14-15-26(37)28(19)30(40)33-23(18-42-21-11-6-5-7-12-21)27(38)17-35-24(29(39)34-32(2,3)4)16-20-10-8-9-13-22(20)31(35)41/h5-7,11-12,14-15,20,22-24,27,31,36-38,41H,8-10,13,16-18H2,1-4H3,(H,33,40)(H,34,39)",UWIHCHSJVPHABW-UHFFFAOYSA-N,CC1=C(C(=CC=C1O)O)C(=O)NC(CSC2=CC=CC=C2)C(CN3C(C4CCCCC4CC3C(=O)NC(C)(C)C)O)O,,,C32H45N3O6S,599.30290716,4.629800000000002,3,1,1,BTM00175,BTM00175,Aliphatic hydroxylation of carbon alpha to secondary or tertiary alkyl-N,BTMR1081,"CYP2B6
CYP2C19
CYP2D6",HUMAN,BTM00007,CC1=C(C(=CC=C1O)O)C(=O)NC(CSC2=CC=CC=C2)C(CN3CC4CCCCC4CC3C(=O)NC(C)(C)C)O,"InChI=1S/C32H45N3O5S/c1-20-26(36)14-15-27(37)29(20)31(40)33-24(19-41-23-12-6-5-7-13-23)28(38)18-35-17-22-11-9-8-10-21(22)16-25(35)30(39)34-32(2,3)4/h5-7,12-15,21-22,24-25,28,36-38H,8-11,16-19H2,1-4H3,(H,33,40)(H,34,39)",WCWYSPCYCBIXCS-UHFFFAOYSA-N,5.098900000000002,583.3079925400001
"InChI=1S/C32H45N3O6S/c1-20-25(36)14-15-26(37)28(20)29(39)33-24(19-42-23-12-6-5-7-13-23)27(38)18-35-17-22-11-9-8-10-21(22)16-32(35,41)30(40)34-31(2,3)4/h5-7,12-15,21-22,24,27,36-38,41H,8-11,16-19H2,1-4H3,(H,33,39)(H,34,40)",ZHKKCXRFLMSMFV-UHFFFAOYSA-N,CC1=C(C(=CC=C1O)O)C(=O)NC(CSC2=CC=CC=C2)C(CN3CC4CCCCC4CC3(C(=O)NC(C)(C)C)O)O,,,C32H45N3O6S,599.30290716,4.450199999999999,3,1,1,BTM00182,BTM00182,Aliphatic hydroxylation of carbon alpha to secondary or tertiary alkyl-N,BTMR1081,"CYP2B6
CYP2C19
CYP2D6",HUMAN,BTM00007,CC1=C(C(=CC=C1O)O)C(=O)NC(CSC2=CC=CC=C2)C(CN3CC4CCCCC4CC3C(=O)NC(C)(C)C)O,"InChI=1S/C32H45N3O5S/c1-20-26(36)14-15-27(37)29(20)31(40)33-24(19-41-23-12-6-5-7-13-23)28(38)18-35-17-22-11-9-8-10-21(22)16-25(35)30(39)34-32(2,3)4/h5-7,12-15,21-22,24-25,28,36-38H,8-11,16-19H2,1-4H3,(H,33,40)(H,34,39)",WCWYSPCYCBIXCS-UHFFFAOYSA-N,5.098900000000002,583.3079925400001
"InChI=1S/C32H45N3O6S/c1-32(2,3)34-30(40)25-15-20-9-7-8-10-21(20)16-35(25)17-28(39)24(19-42-22-11-5-4-6-12-22)33-31(41)29-23(18-36)26(37)13-14-27(29)38/h4-6,11-14,20-21,24-25,28,36-39H,7-10,15-19H2,1-3H3,(H,33,41)(H,34,40)",VAQXKOXJQUOXIE-UHFFFAOYSA-N,C(C1=C(C(=CC=C1O)O)C(=O)NC(CSC2=CC=CC=C2)C(CN3CC4CCCCC4CC3C(=O)NC(C)(C)C)O)O,,,C32H45N3O6S,599.30290716,4.008200000000002,3,2,2,BTM00168,BTM00168,p-Hydroxylation of phenol,BTMR1038,"CYP1A2
CYP2A6
CYP2B6
CYP2C8
CYP2C9
CYP2C19
CYP2D6
CYP2E1
CYP3A4",HUMAN,BTM00008,C(C1=C(C=CC=C1O)C(=O)NC(CSC2=CC=CC=C2)C(CN3CC4CCCCC4CC3C(=O)NC(C)(C)C)O)O,"InChI=1S/C32H45N3O5S/c1-32(2,3)34-31(40)27-16-21-10-7-8-11-22(21)17-35(27)18-29(38)26(20-41-23-12-5-4-6-13-23)33-30(39)24-14-9-15-28(37)25(24)19-36/h4-6,9,12-15,21-22,26-27,29,36-38H,7-8,10-11,16-20H2,1-3H3,(H,33,39)(H,34,40)",DVIBIYCEIJDYDM-UHFFFAOYSA-N,4.275600000000004,583.3079925400001
"InChI=1S/C32H45N3O6S/c1-32(2,3)34-31(41)26-15-20-9-7-13-27(37)23(20)16-35(26)17-29(39)25(19-42-21-10-5-4-6-11-21)33-30(40)22-12-8-14-28(38)24(22)18-36/h4-6,8,10-12,14,20,23,25-27,29,36-39H,7,9,13,15-19H2,1-3H3,(H,33,40)(H,34,41)",UVTDYJRFFGMGEU-UHFFFAOYSA-N,C(C1=C(C=CC=C1O)C(=O)NC(CSC2=CC=CC=C2)C(CN3CC4C(CCCC4CC3C(=O)NC(C)(C)C)O)O)O,,,C32H45N3O6S,599.30290716,3.0443000000000016,2,2,2,BTM00183,BTM00183,Hydroxylation of alicyclic secondary carbon,BTMR1068,"CYP1A2
CYP2C8
CYP2C9
CYP2C19
CYP2D6
CYP3A4",HUMAN,BTM00008,C(C1=C(C=CC=C1O)C(=O)NC(CSC2=CC=CC=C2)C(CN3CC4CCCCC4CC3C(=O)NC(C)(C)C)O)O,"InChI=1S/C32H45N3O5S/c1-32(2,3)34-31(40)27-16-21-10-7-8-11-22(21)17-35(27)18-29(38)26(20-41-23-12-5-4-6-13-23)33-30(39)24-14-9-15-28(37)25(24)19-36/h4-6,9,12-15,21-22,26-27,29,36-38H,7-8,10-11,16-20H2,1-3H3,(H,33,39)(H,34,40)",DVIBIYCEIJDYDM-UHFFFAOYSA-N,4.275600000000004,583.3079925400001
"InChI=1S/C32H45N3O6S/c1-32(2,3)34-31(41)27-15-20-12-13-22(37)14-21(20)16-35(27)17-29(39)26(19-42-23-8-5-4-6-9-23)33-30(40)24-10-7-11-28(38)25(24)18-36/h4-11,20-22,26-27,29,36-39H,12-19H2,1-3H3,(H,33,40)(H,34,41)",OSGGPRNTHIRTOU-UHFFFAOYSA-N,C(C1=C(C=CC=C1O)C(=O)NC(CSC2=CC=CC=C2)C(CN3CC4CC(CCC4CC3C(=O)NC(C)(C)C)O)O)O,,,C32H45N3O6S,599.30290716,3.038700000000002,2,2,2,BTM00184,BTM00184,Hydroxylation of alicyclic secondary carbon,BTMR1068,"CYP1A2
CYP2C8
CYP2C9
CYP2C19
CYP2D6
CYP3A4",HUMAN,BTM00008,C(C1=C(C=CC=C1O)C(=O)NC(CSC2=CC=CC=C2)C(CN3CC4CCCCC4CC3C(=O)NC(C)(C)C)O)O,"InChI=1S/C32H45N3O5S/c1-32(2,3)34-31(40)27-16-21-10-7-8-11-22(21)17-35(27)18-29(38)26(20-41-23-12-5-4-6-13-23)33-30(39)24-14-9-15-28(37)25(24)19-36/h4-6,9,12-15,21-22,26-27,29,36-38H,7-8,10-11,16-20H2,1-3H3,(H,33,39)(H,34,40)",DVIBIYCEIJDYDM-UHFFFAOYSA-N,4.275600000000004,583.3079925400001
"InChI=1S/C32H45N3O6S/c1-32(2,3)34-31(41)27-15-21-14-22(37)13-12-20(21)16-35(27)17-29(39)26(19-42-23-8-5-4-6-9-23)33-30(40)24-10-7-11-28(38)25(24)18-36/h4-11,20-22,26-27,29,36-39H,12-19H2,1-3H3,(H,33,40)(H,34,41)",ZFQPCYRTNMWDPR-UHFFFAOYSA-N,C(C1=C(C=CC=C1O)C(=O)NC(CSC2=CC=CC=C2)C(CN3CC4CCC(CC4CC3C(=O)NC(C)(C)C)O)O)O,,,C32H45N3O6S,599.30290716,3.038700000000002,2,2,2,BTM00185,BTM00185,Hydroxylation of alicyclic secondary carbon,BTMR1068,"CYP1A2
CYP2C8
CYP2C9
CYP2C19
CYP2D6
CYP3A4",HUMAN,BTM00008,C(C1=C(C=CC=C1O)C(=O)NC(CSC2=CC=CC=C2)C(CN3CC4CCCCC4CC3C(=O)NC(C)(C)C)O)O,"InChI=1S/C32H45N3O5S/c1-32(2,3)34-31(40)27-16-21-10-7-8-11-22(21)17-35(27)18-29(38)26(20-41-23-12-5-4-6-13-23)33-30(39)24-14-9-15-28(37)25(24)19-36/h4-6,9,12-15,21-22,26-27,29,36-38H,7-8,10-11,16-20H2,1-3H3,(H,33,39)(H,34,40)",DVIBIYCEIJDYDM-UHFFFAOYSA-N,4.275600000000004,583.3079925400001
"InChI=1S/C32H45N3O6S/c1-32(2,3)34-31(41)26-15-23-20(9-7-13-27(23)37)16-35(26)17-29(39)25(19-42-21-10-5-4-6-11-21)33-30(40)22-12-8-14-28(38)24(22)18-36/h4-6,8,10-12,14,20,23,25-27,29,36-39H,7,9,13,15-19H2,1-3H3,(H,33,40)(H,34,41)",ZJRVMRDVWHUXBX-UHFFFAOYSA-N,C(C1=C(C=CC=C1O)C(=O)NC(CSC2=CC=CC=C2)C(CN3CC4CCCC(C4CC3C(=O)NC(C)(C)C)O)O)O,,,C32H45N3O6S,599.30290716,3.1061999999999994,2,2,2,BTM00186,BTM00186,Hydroxylation of alicyclic secondary carbon,BTMR1068,"CYP1A2
CYP2C8
CYP2C9
CYP2C19
CYP2D6
CYP3A4",HUMAN,BTM00008,C(C1=C(C=CC=C1O)C(=O)NC(CSC2=CC=CC=C2)C(CN3CC4CCCCC4CC3C(=O)NC(C)(C)C)O)O,"InChI=1S/C32H45N3O5S/c1-32(2,3)34-31(40)27-16-21-10-7-8-11-22(21)17-35(27)18-29(38)26(20-41-23-12-5-4-6-13-23)33-30(39)24-14-9-15-28(37)25(24)19-36/h4-6,9,12-15,21-22,26-27,29,36-38H,7-8,10-11,16-20H2,1-3H3,(H,33,39)(H,34,40)",DVIBIYCEIJDYDM-UHFFFAOYSA-N,4.275600000000004,583.3079925400001
"InChI=1S/C32H45N3O6S/c1-32(2,3)34-31(40)27-16-21-10-7-8-11-22(21)17-35(27,41)18-29(38)26(20-42-23-12-5-4-6-13-23)33-30(39)24-14-9-15-28(37)25(24)19-36/h4-6,9,12-15,21-22,26-27,29,36-38H,7-8,10-11,16-20H2,1-3H3,(H,33,39)(H,34,40)",LRRDZQWWUQWUIM-UHFFFAOYSA-N,C(C1=C(C=CC=C1O)C(=O)NC(CSC2=CC=CC=C2)C(C[N+]3(CC4CCCCC4CC3C(=O)NC(C)(C)C)[O-])O)O,,,C32H45N3O6S,599.30290716,3.8705000000000034,2,2,2,BTM00187,BTM00187,N-Oxidation of alicyclic tertiary amine,BTMR1099,"CYP1A2
CYP2C8
CYP2C19
CYP2D6
CYP3A4",HUMAN,BTM00008,C(C1=C(C=CC=C1O)C(=O)NC(CSC2=CC=CC=C2)C(CN3CC4CCCCC4CC3C(=O)NC(C)(C)C)O)O,"InChI=1S/C32H45N3O5S/c1-32(2,3)34-31(40)27-16-21-10-7-8-11-22(21)17-35(27)18-29(38)26(20-41-23-12-5-4-6-13-23)33-30(39)24-14-9-15-28(37)25(24)19-36/h4-6,9,12-15,21-22,26-27,29,36-38H,7-8,10-11,16-20H2,1-3H3,(H,33,39)(H,34,40)",DVIBIYCEIJDYDM-UHFFFAOYSA-N,4.275600000000004,583.3079925400001
"InChI=1S/C18H19NO5S/c20-9-14-13(7-4-8-16(14)22)18(24)19-15(17(23)10-21)11-25-12-5-2-1-3-6-12/h1-8,10,15,17,20,22-23H,9,11H2,(H,19,24)",IHVYQWCMZRHAAP-UHFFFAOYSA-N,C(C1=C(C=CC=C1O)C(=O)NC(CSC2=CC=CC=C2)C(C=O)O)O,,,C18H19NO5S,361.098393708,1.5915000000000015,0,1,1,BTM00188,BTM00188,N-Dealkylation of alicyclic tertiary amine,BTMR1144,"CYP1A2
CYP2A6
CYP2B6
CYP2C8
CYP2C9
CYP2C19
CYP2D6
CYP3A4",HUMAN,BTM00008,C(C1=C(C=CC=C1O)C(=O)NC(CSC2=CC=CC=C2)C(CN3CC4CCCCC4CC3C(=O)NC(C)(C)C)O)O,"InChI=1S/C32H45N3O5S/c1-32(2,3)34-31(40)27-16-21-10-7-8-11-22(21)17-35(27)18-29(38)26(20-41-23-12-5-4-6-13-23)33-30(39)24-14-9-15-28(37)25(24)19-36/h4-6,9,12-15,21-22,26-27,29,36-38H,7-8,10-11,16-20H2,1-3H3,(H,33,39)(H,34,40)",DVIBIYCEIJDYDM-UHFFFAOYSA-N,4.275600000000004,583.3079925400001
"InChI=1S/C14H26N2O/c1-14(2,3)16-13(17)12-8-10-6-4-5-7-11(10)9-15-12/h10-12,15H,4-9H2,1-3H3,(H,16,17)",UPZBXVBPICTBDP-UHFFFAOYSA-N,N1CC2CCCCC2CC1C(=O)NC(C)(C)C,,,C14H26N2O,238.204513452,2.0465,0,0,0,BTM00015,BTM00015,N-Dealkylation of alicyclic tertiary amine,BTMR1144,"CYP1A2
CYP2A6
CYP2B6
CYP2C8
CYP2C9
CYP2C19
CYP2D6
CYP3A4",HUMAN,BTM00008,C(C1=C(C=CC=C1O)C(=O)NC(CSC2=CC=CC=C2)C(CN3CC4CCCCC4CC3C(=O)NC(C)(C)C)O)O,"InChI=1S/C32H45N3O5S/c1-32(2,3)34-31(40)27-16-21-10-7-8-11-22(21)17-35(27)18-29(38)26(20-41-23-12-5-4-6-13-23)33-30(39)24-14-9-15-28(37)25(24)19-36/h4-6,9,12-15,21-22,26-27,29,36-38H,7-8,10-11,16-20H2,1-3H3,(H,33,39)(H,34,40)",DVIBIYCEIJDYDM-UHFFFAOYSA-N,4.275600000000004,583.3079925400001
"InChI=1S/C32H45N3O6S/c1-32(2,3)34-31(41)27-13-20-9-7-8-10-21(20)16-35(27)17-29(39)26(19-42-23-11-5-4-6-12-23)33-30(40)24-14-22(37)15-28(38)25(24)18-36/h4-6,11-12,14-15,20-21,26-27,29,36-39H,7-10,13,16-19H2,1-3H3,(H,33,40)(H,34,41)",JDWKAXSTRALXSF-UHFFFAOYSA-N,C(C1=C(C=C(C=C1O)O)C(=O)NC(CSC2=CC=CC=C2)C(CN3CC4CCCCC4CC3C(=O)NC(C)(C)C)O)O,,,C32H45N3O6S,599.30290716,4.008200000000002,2,2,2,BTM00189,BTM00189,Hydroxylation of benzene on carbon para to electron donating group,BTMR1047,"CYP1A2
CYP2C8
CYP2C9
CYP2D6
CYP3A4",HUMAN,BTM00008,C(C1=C(C=CC=C1O)C(=O)NC(CSC2=CC=CC=C2)C(CN3CC4CCCCC4CC3C(=O)NC(C)(C)C)O)O,"InChI=1S/C32H45N3O5S/c1-32(2,3)34-31(40)27-16-21-10-7-8-11-22(21)17-35(27)18-29(38)26(20-41-23-12-5-4-6-13-23)33-30(39)24-14-9-15-28(37)25(24)19-36/h4-6,9,12-15,21-22,26-27,29,36-38H,7-8,10-11,16-20H2,1-3H3,(H,33,39)(H,34,40)",DVIBIYCEIJDYDM-UHFFFAOYSA-N,4.275600000000004,583.3079925400001
"InChI=1S/C32H45N3O6S/c1-32(2,3)34-31(41)26-15-20-9-7-8-10-21(20)16-35(26)17-28(38)25(19-42-22-11-5-4-6-12-22)33-30(40)23-13-14-27(37)29(39)24(23)18-36/h4-6,11-14,20-21,25-26,28,36-39H,7-10,15-19H2,1-3H3,(H,33,40)(H,34,41)",RJJOLEVMQDDBJL-UHFFFAOYSA-N,C(C1=C(C=CC(=C1O)O)C(=O)NC(CSC2=CC=CC=C2)C(CN3CC4CCCCC4CC3C(=O)NC(C)(C)C)O)O,,,C32H45N3O6S,599.30290716,4.008200000000002,3,2,2,BTM00190,BTM00190,Hydroxylation of benzene on carbon para to electron donating group,BTMR1047,"CYP1A2
CYP2C8
CYP2C9
CYP2D6
CYP3A4",HUMAN,BTM00008,C(C1=C(C=CC=C1O)C(=O)NC(CSC2=CC=CC=C2)C(CN3CC4CCCCC4CC3C(=O)NC(C)(C)C)O)O,"InChI=1S/C32H45N3O5S/c1-32(2,3)34-31(40)27-16-21-10-7-8-11-22(21)17-35(27)18-29(38)26(20-41-23-12-5-4-6-13-23)33-30(39)24-14-9-15-28(37)25(24)19-36/h4-6,9,12-15,21-22,26-27,29,36-38H,7-8,10-11,16-20H2,1-3H3,(H,33,39)(H,34,40)",DVIBIYCEIJDYDM-UHFFFAOYSA-N,4.275600000000004,583.3079925400001
"InChI=1S/C32H45N3O6S/c1-32(2,3)34-30(40)26-16-20-10-7-8-13-22(20)31(41)35(26)17-28(38)25(19-42-21-11-5-4-6-12-21)33-29(39)23-14-9-15-27(37)24(23)18-36/h4-6,9,11-12,14-15,20,22,25-26,28,31,36-38,41H,7-8,10,13,16-19H2,1-3H3,(H,33,39)(H,34,40)",HYMZIGLNHBUTSG-UHFFFAOYSA-N,C(C1=C(C=CC=C1O)C(=O)NC(CSC2=CC=CC=C2)C(CN3C(C4CCCCC4CC3C(=O)NC(C)(C)C)O)O)O,,,C32H45N3O6S,599.30290716,3.806500000000004,2,2,2,BTM00191,BTM00191,Hydroxylation of heteroalicyclic secondary carbon,BTMR1070,"CYP1A2
CYP2A6
CYP2C9
CYP2D6
CYP3A4",HUMAN,BTM00008,C(C1=C(C=CC=C1O)C(=O)NC(CSC2=CC=CC=C2)C(CN3CC4CCCCC4CC3C(=O)NC(C)(C)C)O)O,"InChI=1S/C32H45N3O5S/c1-32(2,3)34-31(40)27-16-21-10-7-8-11-22(21)17-35(27)18-29(38)26(20-41-23-12-5-4-6-13-23)33-30(39)24-14-9-15-28(37)25(24)19-36/h4-6,9,12-15,21-22,26-27,29,36-38H,7-8,10-11,16-20H2,1-3H3,(H,33,39)(H,34,40)",DVIBIYCEIJDYDM-UHFFFAOYSA-N,4.275600000000004,583.3079925400001
"InChI=1S/C32H45N3O6S/c1-32(2,3)34-31(41)28-29(39)22-13-8-7-10-20(22)16-35(28)17-27(38)25(19-42-21-11-5-4-6-12-21)33-30(40)23-14-9-15-26(37)24(23)18-36/h4-6,9,11-12,14-15,20,22,25,27-29,36-39H,7-8,10,13,16-19H2,1-3H3,(H,33,40)(H,34,41)",ZHGUWLFIOOSTHS-UHFFFAOYSA-N,C(C1=C(C=CC=C1O)C(=O)NC(CSC2=CC=CC=C2)C(CN3CC4CCCCC4C(C3C(=O)NC(C)(C)C)O)O)O,,,C32H45N3O6S,599.30290716,3.3762000000000008,3,2,2,BTM00192,BTM00192,Hydroxylation of heteroalicyclic secondary carbon,BTMR1071,CYP1A2,HUMAN,BTM00008,C(C1=C(C=CC=C1O)C(=O)NC(CSC2=CC=CC=C2)C(CN3CC4CCCCC4CC3C(=O)NC(C)(C)C)O)O,"InChI=1S/C32H45N3O5S/c1-32(2,3)34-31(40)27-16-21-10-7-8-11-22(21)17-35(27)18-29(38)26(20-41-23-12-5-4-6-13-23)33-30(39)24-14-9-15-28(37)25(24)19-36/h4-6,9,12-15,21-22,26-27,29,36-38H,7-8,10-11,16-20H2,1-3H3,(H,33,39)(H,34,40)",DVIBIYCEIJDYDM-UHFFFAOYSA-N,4.275600000000004,583.3079925400001
"InChI=1S/C32H45N3O6S/c1-32(2,3)34-31(40)27-16-21-10-7-8-11-22(21)17-35(27)18-29(38)26(20-42(41)23-12-5-4-6-13-23)33-30(39)24-14-9-15-28(37)25(24)19-36/h4-6,9,12-15,21-22,26-27,29,36-38H,7-8,10-11,16-20H2,1-3H3,(H,33,39)(H,34,40)",VZEDDHRYOILLMR-UHFFFAOYSA-N,C(C1=C(C=CC=C1O)C(=O)NC(CS(C2=CC=CC=C2)=O)C(CN3CC4CCCCC4CC3C(=O)NC(C)(C)C)O)O,,,C32H45N3O6S,599.30290716,3.163800000000004,1,2,2,BTM00193,BTM00193,S-Oxidation of alkylarylthioether to sulfoxide,BTMR0058,"CYP1A2
CYP2A6
CYP2B6
CYP2C9
CYP2D6
CYP2E1
CYP3A4",HUMAN,BTM00008,C(C1=C(C=CC=C1O)C(=O)NC(CSC2=CC=CC=C2)C(CN3CC4CCCCC4CC3C(=O)NC(C)(C)C)O)O,"InChI=1S/C32H45N3O5S/c1-32(2,3)34-31(40)27-16-21-10-7-8-11-22(21)17-35(27)18-29(38)26(20-41-23-12-5-4-6-13-23)33-30(39)24-14-9-15-28(37)25(24)19-36/h4-6,9,12-15,21-22,26-27,29,36-38H,7-8,10-11,16-20H2,1-3H3,(H,33,39)(H,34,40)",DVIBIYCEIJDYDM-UHFFFAOYSA-N,4.275600000000004,583.3079925400001
"InChI=1S/C32H45N3O6S/c1-32(2,20-37)34-31(41)27-15-21-9-6-7-10-22(21)16-35(27)17-29(39)26(19-42-23-11-4-3-5-12-23)33-30(40)24-13-8-14-28(38)25(24)18-36/h3-5,8,11-14,21-22,26-27,29,36-39H,6-7,9-10,15-20H2,1-2H3,(H,33,40)(H,34,41)",GYBLBJJRCYVVFZ-UHFFFAOYSA-N,C(C1=C(C=CC=C1O)C(=O)NC(CSC2=CC=CC=C2)C(CN3CC4CCCCC4CC3C(=O)NC(C)(C)CO)O)O,,,C32H45N3O6S,599.30290716,3.387400000000003,2,2,2,BTM00194,BTM00194,Hydroxylation of terminal methyl,BTMR1061,"CYP1A2
CYP2A6
CYP2B6
CYP2C8
CYP2C9
CYP2C19
CYP2D6
CYP2E1
CYP3A4",HUMAN,BTM00008,C(C1=C(C=CC=C1O)C(=O)NC(CSC2=CC=CC=C2)C(CN3CC4CCCCC4CC3C(=O)NC(C)(C)C)O)O,"InChI=1S/C32H45N3O5S/c1-32(2,3)34-31(40)27-16-21-10-7-8-11-22(21)17-35(27)18-29(38)26(20-41-23-12-5-4-6-13-23)33-30(39)24-14-9-15-28(37)25(24)19-36/h4-6,9,12-15,21-22,26-27,29,36-38H,7-8,10-11,16-20H2,1-3H3,(H,33,39)(H,34,40)",DVIBIYCEIJDYDM-UHFFFAOYSA-N,4.275600000000004,583.3079925400001
"InChI=1S/C32H45N3O6S/c1-31(2,3)34-30(40)26-16-21-10-7-8-15-32(21,41)20-35(26)17-28(38)25(19-42-22-11-5-4-6-12-22)33-29(39)23-13-9-14-27(37)24(23)18-36/h4-6,9,11-14,21,25-26,28,36-38,41H,7-8,10,15-20H2,1-3H3,(H,33,39)(H,34,40)",SHUGJNNCXWNNCC-UHFFFAOYSA-N,C(C1=C(C=CC=C1O)C(=O)NC(CSC2=CC=CC=C2)C(CN3CC4(CCCCC4CC3C(=O)NC(C)(C)C)O)O)O,,,C32H45N3O6S,599.30290716,3.3294000000000015,2,2,2,BTM00195,BTM00195,Hydroxylation of alicyclic tertiary carbon,BTMR1243,CYP1A2,HUMAN,BTM00008,C(C1=C(C=CC=C1O)C(=O)NC(CSC2=CC=CC=C2)C(CN3CC4CCCCC4CC3C(=O)NC(C)(C)C)O)O,"InChI=1S/C32H45N3O5S/c1-32(2,3)34-31(40)27-16-21-10-7-8-11-22(21)17-35(27)18-29(38)26(20-41-23-12-5-4-6-13-23)33-30(39)24-14-9-15-28(37)25(24)19-36/h4-6,9,12-15,21-22,26-27,29,36-38H,7-8,10-11,16-20H2,1-3H3,(H,33,39)(H,34,40)",DVIBIYCEIJDYDM-UHFFFAOYSA-N,4.275600000000004,583.3079925400001
"InChI=1S/C32H45N3O6S/c1-31(2,3)34-30(40)26-16-32(41)15-8-7-10-21(32)17-35(26)18-28(38)25(20-42-22-11-5-4-6-12-22)33-29(39)23-13-9-14-27(37)24(23)19-36/h4-6,9,11-14,21,25-26,28,36-38,41H,7-8,10,15-20H2,1-3H3,(H,33,39)(H,34,40)",MZHLNKCDIYUIFJ-UHFFFAOYSA-N,C(C1=C(C=CC=C1O)C(=O)NC(CSC2=CC=CC=C2)C(CN3CC4CCCCC4(CC3C(=O)NC(C)(C)C)O)O)O,,,C32H45N3O6S,599.30290716,2.941200000000001,2,2,2,BTM00196,BTM00196,Hydroxylation of alicyclic tertiary carbon,BTMR1243,CYP1A2,HUMAN,BTM00008,C(C1=C(C=CC=C1O)C(=O)NC(CSC2=CC=CC=C2)C(CN3CC4CCCCC4CC3C(=O)NC(C)(C)C)O)O,"InChI=1S/C32H45N3O5S/c1-32(2,3)34-31(40)27-16-21-10-7-8-11-22(21)17-35(27)18-29(38)26(20-41-23-12-5-4-6-13-23)33-30(39)24-14-9-15-28(37)25(24)19-36/h4-6,9,12-15,21-22,26-27,29,36-38H,7-8,10-11,16-20H2,1-3H3,(H,33,39)(H,34,40)",DVIBIYCEIJDYDM-UHFFFAOYSA-N,4.275600000000004,583.3079925400001
"InChI=1S/C32H45N3O6S/c1-32(2,3)34-30(40)26-16-20-10-7-8-11-21(20)17-35(26)31(41)28(38)25(19-42-22-12-5-4-6-13-22)33-29(39)23-14-9-15-27(37)24(23)18-36/h4-6,9,12-15,20-21,25-26,28,31,36-38,41H,7-8,10-11,16-19H2,1-3H3,(H,33,39)(H,34,40)",WJDALOHUYCKULH-UHFFFAOYSA-N,C(C1=C(C=CC=C1O)C(=O)NC(CSC2=CC=CC=C2)C(C(N3CC4CCCCC4CC3C(=O)NC(C)(C)C)O)O)O,,,C32H45N3O6S,599.30290716,3.9359000000000046,2,2,2,BTM00197,BTM00197,Aliphatic hydroxylation of carbon alpha to secondary or tertiary alkyl-N,BTMR1081,"CYP2B6
CYP2C19
CYP2D6",HUMAN,BTM00008,C(C1=C(C=CC=C1O)C(=O)NC(CSC2=CC=CC=C2)C(CN3CC4CCCCC4CC3C(=O)NC(C)(C)C)O)O,"InChI=1S/C32H45N3O5S/c1-32(2,3)34-31(40)27-16-21-10-7-8-11-22(21)17-35(27)18-29(38)26(20-41-23-12-5-4-6-13-23)33-30(39)24-14-9-15-28(37)25(24)19-36/h4-6,9,12-15,21-22,26-27,29,36-38H,7-8,10-11,16-20H2,1-3H3,(H,33,39)(H,34,40)",DVIBIYCEIJDYDM-UHFFFAOYSA-N,4.275600000000004,583.3079925400001
"InChI=1S/C32H45N3O6S/c1-32(2,3)34-30(40)26-16-20-10-7-8-13-22(20)31(41)35(26)17-28(38)25(19-42-21-11-5-4-6-12-21)33-29(39)23-14-9-15-27(37)24(23)18-36/h4-6,9,11-12,14-15,20,22,25-26,28,31,36-38,41H,7-8,10,13,16-19H2,1-3H3,(H,33,39)(H,34,40)",HYMZIGLNHBUTSG-UHFFFAOYSA-N,C(C1=C(C=CC=C1O)C(=O)NC(CSC2=CC=CC=C2)C(CN3C(C4CCCCC4CC3C(=O)NC(C)(C)C)O)O)O,,,C32H45N3O6S,599.30290716,3.806500000000004,2,2,2,BTM00191,BTM00191,Aliphatic hydroxylation of carbon alpha to secondary or tertiary alkyl-N,BTMR1081,"CYP2B6
CYP2C19
CYP2D6",HUMAN,BTM00008,C(C1=C(C=CC=C1O)C(=O)NC(CSC2=CC=CC=C2)C(CN3CC4CCCCC4CC3C(=O)NC(C)(C)C)O)O,"InChI=1S/C32H45N3O5S/c1-32(2,3)34-31(40)27-16-21-10-7-8-11-22(21)17-35(27)18-29(38)26(20-41-23-12-5-4-6-13-23)33-30(39)24-14-9-15-28(37)25(24)19-36/h4-6,9,12-15,21-22,26-27,29,36-38H,7-8,10-11,16-20H2,1-3H3,(H,33,39)(H,34,40)",DVIBIYCEIJDYDM-UHFFFAOYSA-N,4.275600000000004,583.3079925400001
"InChI=1S/C32H45N3O6S/c1-31(2,3)34-30(40)32(41)16-21-10-7-8-11-22(21)17-35(32)18-28(38)26(20-42-23-12-5-4-6-13-23)33-29(39)24-14-9-15-27(37)25(24)19-36/h4-6,9,12-15,21-22,26,28,36-38,41H,7-8,10-11,16-20H2,1-3H3,(H,33,39)(H,34,40)",WWZKVSSTOYFQGM-UHFFFAOYSA-N,C(C1=C(C=CC=C1O)C(=O)NC(CSC2=CC=CC=C2)C(CN3CC4CCCCC4CC3(C(=O)NC(C)(C)C)O)O)O,,,C32H45N3O6S,599.30290716,3.626900000000001,2,2,2,BTM00198,BTM00198,Aliphatic hydroxylation of carbon alpha to secondary or tertiary alkyl-N,BTMR1081,"CYP2B6
CYP2C19
CYP2D6",HUMAN,BTM00008,C(C1=C(C=CC=C1O)C(=O)NC(CSC2=CC=CC=C2)C(CN3CC4CCCCC4CC3C(=O)NC(C)(C)C)O)O,"InChI=1S/C32H45N3O5S/c1-32(2,3)34-31(40)27-16-21-10-7-8-11-22(21)17-35(27)18-29(38)26(20-41-23-12-5-4-6-13-23)33-30(39)24-14-9-15-28(37)25(24)19-36/h4-6,9,12-15,21-22,26-27,29,36-38H,7-8,10-11,16-20H2,1-3H3,(H,33,39)(H,34,40)",DVIBIYCEIJDYDM-UHFFFAOYSA-N,4.275600000000004,583.3079925400001
"InChI=1S/C32H43N3O5S/c1-20-23(13-9-14-27(20)36)30(39)33-25(19-41-22-11-6-5-7-12-22)29(38)18-35-17-24-21(10-8-15-28(24)37)16-26(35)31(40)34-32(2,3)4/h5-7,9,11-14,21,24-26,28,36-37H,8,10,15-19H2,1-4H3,(H,33,39)(H,34,40)",JELQSEKFOJPKKE-UHFFFAOYSA-N,CC1=C(C=CC=C1O)C(=O)NC(CSC2=CC=CC=C2)C(CN3CC4C(CCCC4CC3C(=O)NC(C)(C)C)O)=O,,,C32H43N3O5S,581.292342476,4.381900000000002,1,1,1,BTM00152,BTM00152,Oxidation of secondary alcohol to ketone,BTMR0079,"CYP1A2
CYP2C9
CYP2C19",HUMAN,BTM00009,CC1=C(C=CC=C1O)C(=O)NC(CSC2=CC=CC=C2)C(CN3CC4C(CCCC4CC3C(=O)NC(C)(C)C)O)O,"InChI=1S/C32H45N3O5S/c1-20-23(13-9-14-27(20)36)30(39)33-25(19-41-22-11-6-5-7-12-22)29(38)18-35-17-24-21(10-8-15-28(24)37)16-26(35)31(40)34-32(2,3)4/h5-7,9,11-14,21,24-26,28-29,36-38H,8,10,15-19H2,1-4H3,(H,33,39)(H,34,40)",CTTGTQDDMQLQTA-UHFFFAOYSA-N,4.135,583.3079925400001
"InChI=1S/C32H43N3O5S/c1-20-23(13-9-14-27(20)36)30(39)33-25(19-41-22-11-6-5-7-12-22)29(38)18-35-17-24-21(10-8-15-28(24)37)16-26(35)31(40)34-32(2,3)4/h5-7,9,11-14,21,24-26,29,36,38H,8,10,15-19H2,1-4H3,(H,33,39)(H,34,40)",SBDRKUUMIVPHTA-UHFFFAOYSA-N,CC1=C(C=CC=C1O)C(=O)NC(CSC2=CC=CC=C2)C(CN3CC4C(CCCC4CC3C(=O)NC(C)(C)C)=O)O,,,C32H43N3O5S,581.292342476,4.081700000000001,1,1,1,BTM00051,BTM00051,Oxidation of secondary alcohol to ketone,BTMR0079,"CYP1A2
CYP2C9
CYP2C19",HUMAN,BTM00009,CC1=C(C=CC=C1O)C(=O)NC(CSC2=CC=CC=C2)C(CN3CC4C(CCCC4CC3C(=O)NC(C)(C)C)O)O,"InChI=1S/C32H45N3O5S/c1-20-23(13-9-14-27(20)36)30(39)33-25(19-41-22-11-6-5-7-12-22)29(38)18-35-17-24-21(10-8-15-28(24)37)16-26(35)31(40)34-32(2,3)4/h5-7,9,11-14,21,24-26,28-29,36-38H,8,10,15-19H2,1-4H3,(H,33,39)(H,34,40)",CTTGTQDDMQLQTA-UHFFFAOYSA-N,4.135,583.3079925400001
"InChI=1S/C32H45N3O6S/c1-19-25(36)13-14-27(38)29(19)31(41)33-23(18-42-21-10-6-5-7-11-21)28(39)17-35-16-22-20(9-8-12-26(22)37)15-24(35)30(40)34-32(2,3)4/h5-7,10-11,13-14,20,22-24,26,28,36-39H,8-9,12,15-18H2,1-4H3,(H,33,41)(H,34,40)",DTFUPAAUXFOSLT-UHFFFAOYSA-N,CC1=C(C(=CC=C1O)O)C(=O)NC(CSC2=CC=CC=C2)C(CN3CC4C(CCCC4CC3C(=O)NC(C)(C)C)O)O,,,C32H45N3O6S,599.30290716,3.8675999999999995,2,1,1,BTM00169,BTM00169,p-Hydroxylation of phenol,BTMR1038,"CYP1A2
CYP2A6
CYP2B6
CYP2C8
CYP2C9
CYP2C19
CYP2D6
CYP2E1
CYP3A4",HUMAN,BTM00009,CC1=C(C=CC=C1O)C(=O)NC(CSC2=CC=CC=C2)C(CN3CC4C(CCCC4CC3C(=O)NC(C)(C)C)O)O,"InChI=1S/C32H45N3O5S/c1-20-23(13-9-14-27(20)36)30(39)33-25(19-41-22-11-6-5-7-12-22)29(38)18-35-17-24-21(10-8-15-28(24)37)16-26(35)31(40)34-32(2,3)4/h5-7,9,11-14,21,24-26,28-29,36-38H,8,10,15-19H2,1-4H3,(H,33,39)(H,34,40)",CTTGTQDDMQLQTA-UHFFFAOYSA-N,4.135,583.3079925400001
"InChI=1S/C32H45N3O6S/c1-32(2,3)34-31(41)26-15-20-9-7-13-27(37)23(20)16-35(26)17-29(39)25(19-42-21-10-5-4-6-11-21)33-30(40)22-12-8-14-28(38)24(22)18-36/h4-6,8,10-12,14,20,23,25-27,29,36-39H,7,9,13,15-19H2,1-3H3,(H,33,40)(H,34,41)",UVTDYJRFFGMGEU-UHFFFAOYSA-N,C(C1=C(C=CC=C1O)C(=O)NC(CSC2=CC=CC=C2)C(CN3CC4C(CCCC4CC3C(=O)NC(C)(C)C)O)O)O,,,C32H45N3O6S,599.30290716,3.0443000000000016,2,2,2,BTM00183,BTM00183,Aliphatic hydroxylation of methyl carbon adjacent to aromatic ring,BTMR1058,"CYP1A2
CYP2A6
CYP2B6
CYP2C8
CYP2C9
CYP2C19
CYP2D6
CYP2E1
CYP3A4",HUMAN,BTM00009,CC1=C(C=CC=C1O)C(=O)NC(CSC2=CC=CC=C2)C(CN3CC4C(CCCC4CC3C(=O)NC(C)(C)C)O)O,"InChI=1S/C32H45N3O5S/c1-20-23(13-9-14-27(20)36)30(39)33-25(19-41-22-11-6-5-7-12-22)29(38)18-35-17-24-21(10-8-15-28(24)37)16-26(35)31(40)34-32(2,3)4/h5-7,9,11-14,21,24-26,28-29,36-38H,8,10,15-19H2,1-4H3,(H,33,39)(H,34,40)",CTTGTQDDMQLQTA-UHFFFAOYSA-N,4.135,583.3079925400001
"InChI=1S/C32H45N3O6S/c1-19-22(11-8-12-26(19)36)30(40)33-24(18-42-21-9-6-5-7-10-21)28(38)17-35-16-23-20(13-14-27(37)29(23)39)15-25(35)31(41)34-32(2,3)4/h5-12,20,23-25,27-29,36-39H,13-18H2,1-4H3,(H,33,40)(H,34,41)",VSTYFWLPSBUGON-UHFFFAOYSA-N,CC1=C(C=CC=C1O)C(=O)NC(CSC2=CC=CC=C2)C(CN3CC4C(C(CCC4CC3C(=O)NC(C)(C)C)O)O)O,,,C32H45N3O6S,599.30290716,3.168100000000001,2,1,1,BTM00199,BTM00199,Hydroxylation of alicyclic secondary carbon,BTMR1068,"CYP1A2
CYP2C8
CYP2C9
CYP2C19
CYP2D6
CYP3A4",HUMAN,BTM00009,CC1=C(C=CC=C1O)C(=O)NC(CSC2=CC=CC=C2)C(CN3CC4C(CCCC4CC3C(=O)NC(C)(C)C)O)O,"InChI=1S/C32H45N3O5S/c1-20-23(13-9-14-27(20)36)30(39)33-25(19-41-22-11-6-5-7-12-22)29(38)18-35-17-24-21(10-8-15-28(24)37)16-26(35)31(40)34-32(2,3)4/h5-7,9,11-14,21,24-26,28-29,36-38H,8,10,15-19H2,1-4H3,(H,33,39)(H,34,40)",CTTGTQDDMQLQTA-UHFFFAOYSA-N,4.135,583.3079925400001
"InChI=1S/C32H45N3O6S/c1-19-23(11-8-12-27(19)37)30(40)33-25(18-42-22-9-6-5-7-10-22)29(39)17-35-16-24-20(13-21(36)15-28(24)38)14-26(35)31(41)34-32(2,3)4/h5-12,20-21,24-26,28-29,36-39H,13-18H2,1-4H3,(H,33,40)(H,34,41)",FBNXYAVUXGWGNL-UHFFFAOYSA-N,CC1=C(C=CC=C1O)C(=O)NC(CSC2=CC=CC=C2)C(CN3CC4C(CC(CC4CC3C(=O)NC(C)(C)C)O)O)O,,,C32H45N3O6S,599.30290716,2.7742999999999993,2,1,1,BTM00200,BTM00200,Hydroxylation of alicyclic secondary carbon,BTMR1068,"CYP1A2
CYP2C8
CYP2C9
CYP2C19
CYP2D6
CYP3A4",HUMAN,BTM00009,CC1=C(C=CC=C1O)C(=O)NC(CSC2=CC=CC=C2)C(CN3CC4C(CCCC4CC3C(=O)NC(C)(C)C)O)O,"InChI=1S/C32H45N3O5S/c1-20-23(13-9-14-27(20)36)30(39)33-25(19-41-22-11-6-5-7-12-22)29(38)18-35-17-24-21(10-8-15-28(24)37)16-26(35)31(40)34-32(2,3)4/h5-7,9,11-14,21,24-26,28-29,36-38H,8,10,15-19H2,1-4H3,(H,33,39)(H,34,40)",CTTGTQDDMQLQTA-UHFFFAOYSA-N,4.135,583.3079925400001
"InChI=1S/C32H45N3O6S/c1-19-21(11-8-12-26(19)36)30(40)33-24(18-42-20-9-6-5-7-10-20)29(39)17-35-16-23-22(27(37)13-14-28(23)38)15-25(35)31(41)34-32(2,3)4/h5-12,22-25,27-29,36-39H,13-18H2,1-4H3,(H,33,40)(H,34,41)",GDRNTIIJORTEOH-UHFFFAOYSA-N,CC1=C(C=CC=C1O)C(=O)NC(CSC2=CC=CC=C2)C(CN3CC4C(CCC(C4CC3C(=O)NC(C)(C)C)O)O)O,,,C32H45N3O6S,599.30290716,2.965600000000002,2,1,1,BTM00201,BTM00201,Hydroxylation of alicyclic secondary carbon,BTMR1068,"CYP1A2
CYP2C8
CYP2C9
CYP2C19
CYP2D6
CYP3A4",HUMAN,BTM00009,CC1=C(C=CC=C1O)C(=O)NC(CSC2=CC=CC=C2)C(CN3CC4C(CCCC4CC3C(=O)NC(C)(C)C)O)O,"InChI=1S/C32H45N3O5S/c1-20-23(13-9-14-27(20)36)30(39)33-25(19-41-22-11-6-5-7-12-22)29(38)18-35-17-24-21(10-8-15-28(24)37)16-26(35)31(40)34-32(2,3)4/h5-7,9,11-14,21,24-26,28-29,36-38H,8,10,15-19H2,1-4H3,(H,33,39)(H,34,40)",CTTGTQDDMQLQTA-UHFFFAOYSA-N,4.135,583.3079925400001
"InChI=1S/C32H45N3O6S/c1-20-23(13-9-14-27(20)36)30(39)33-25(19-42-22-11-6-5-7-12-22)29(38)18-35(41)17-24-21(10-8-15-28(24)37)16-26(35)31(40)34-32(2,3)4/h5-7,9,11-14,21,24-26,28-29,36-38H,8,10,15-19H2,1-4H3,(H,33,39)(H,34,40)",VIENOZHCAMMVRB-UHFFFAOYSA-N,CC1=C(C=CC=C1O)C(=O)NC(CSC2=CC=CC=C2)C(C[N+]3(CC4C(CCCC4CC3C(=O)NC(C)(C)C)O)[O-])O,,,C32H45N3O6S,599.30290716,3.729899999999999,2,1,1,BTM00202,BTM00202,N-Oxidation of alicyclic tertiary amine,BTMR1099,"CYP1A2
CYP2C8
CYP2C19
CYP2D6
CYP3A4",HUMAN,BTM00009,CC1=C(C=CC=C1O)C(=O)NC(CSC2=CC=CC=C2)C(CN3CC4C(CCCC4CC3C(=O)NC(C)(C)C)O)O,"InChI=1S/C32H45N3O5S/c1-20-23(13-9-14-27(20)36)30(39)33-25(19-41-22-11-6-5-7-12-22)29(38)18-35-17-24-21(10-8-15-28(24)37)16-26(35)31(40)34-32(2,3)4/h5-7,9,11-14,21,24-26,28-29,36-38H,8,10,15-19H2,1-4H3,(H,33,39)(H,34,40)",CTTGTQDDMQLQTA-UHFFFAOYSA-N,4.135,583.3079925400001
"InChI=1S/C18H19NO4S/c1-12-14(8-5-9-16(12)21)18(23)19-15(17(22)10-20)11-24-13-6-3-2-4-7-13/h2-10,15,17,21-22H,11H2,1H3,(H,19,23)",FQXWQOQASHJKCY-UHFFFAOYSA-N,CC1=C(C=CC=C1O)C(=O)NC(CSC2=CC=CC=C2)C(C=O)O,,,C18H19NO4S,345.10347908800003,2.6822,0,1,1,BTM00014,BTM00014,N-Dealkylation of alicyclic tertiary amine,BTMR1144,"CYP1A2
CYP2A6
CYP2B6
CYP2C8
CYP2C9
CYP2C19
CYP2D6
CYP3A4",HUMAN,BTM00009,CC1=C(C=CC=C1O)C(=O)NC(CSC2=CC=CC=C2)C(CN3CC4C(CCCC4CC3C(=O)NC(C)(C)C)O)O,"InChI=1S/C32H45N3O5S/c1-20-23(13-9-14-27(20)36)30(39)33-25(19-41-22-11-6-5-7-12-22)29(38)18-35-17-24-21(10-8-15-28(24)37)16-26(35)31(40)34-32(2,3)4/h5-7,9,11-14,21,24-26,28-29,36-38H,8,10,15-19H2,1-4H3,(H,33,39)(H,34,40)",CTTGTQDDMQLQTA-UHFFFAOYSA-N,4.135,583.3079925400001
"InChI=1S/C14H26N2O2/c1-14(2,3)16-13(18)11-7-9-5-4-6-12(17)10(9)8-15-11/h9-12,15,17H,4-8H2,1-3H3,(H,16,18)",HGYWXRJFASYEAJ-UHFFFAOYSA-N,N1CC2C(CCCC2CC1C(=O)NC(C)(C)C)O,,,C14H26N2O2,254.199428072,0.8152000000000003,0,1,1,BTM00203,BTM00203,N-Dealkylation of alicyclic tertiary amine,BTMR1144,"CYP1A2
CYP2A6
CYP2B6
CYP2C8
CYP2C9
CYP2C19
CYP2D6
CYP3A4",HUMAN,BTM00009,CC1=C(C=CC=C1O)C(=O)NC(CSC2=CC=CC=C2)C(CN3CC4C(CCCC4CC3C(=O)NC(C)(C)C)O)O,"InChI=1S/C32H45N3O5S/c1-20-23(13-9-14-27(20)36)30(39)33-25(19-41-22-11-6-5-7-12-22)29(38)18-35-17-24-21(10-8-15-28(24)37)16-26(35)31(40)34-32(2,3)4/h5-7,9,11-14,21,24-26,28-29,36-38H,8,10,15-19H2,1-4H3,(H,33,39)(H,34,40)",CTTGTQDDMQLQTA-UHFFFAOYSA-N,4.135,583.3079925400001
"InChI=1S/C32H45N3O6S/c1-19-23(14-21(36)15-28(19)38)30(40)33-25(18-42-22-10-6-5-7-11-22)29(39)17-35-16-24-20(9-8-12-27(24)37)13-26(35)31(41)34-32(2,3)4/h5-7,10-11,14-15,20,24-27,29,36-39H,8-9,12-13,16-18H2,1-4H3,(H,33,40)(H,34,41)",SXRQOHQAPDYPIX-UHFFFAOYSA-N,CC1=C(C=C(C=C1O)O)C(=O)NC(CSC2=CC=CC=C2)C(CN3CC4C(CCCC4CC3C(=O)NC(C)(C)C)O)O,,,C32H45N3O6S,599.30290716,3.8675999999999995,2,1,1,BTM00204,BTM00204,Hydroxylation of benzene on carbon para to electron donating group,BTMR1047,"CYP1A2
CYP2C8
CYP2C9
CYP2D6
CYP3A4",HUMAN,BTM00009,CC1=C(C=CC=C1O)C(=O)NC(CSC2=CC=CC=C2)C(CN3CC4C(CCCC4CC3C(=O)NC(C)(C)C)O)O,"InChI=1S/C32H45N3O5S/c1-20-23(13-9-14-27(20)36)30(39)33-25(19-41-22-11-6-5-7-12-22)29(38)18-35-17-24-21(10-8-15-28(24)37)16-26(35)31(40)34-32(2,3)4/h5-7,9,11-14,21,24-26,28-29,36-38H,8,10,15-19H2,1-4H3,(H,33,39)(H,34,40)",CTTGTQDDMQLQTA-UHFFFAOYSA-N,4.135,583.3079925400001
"InChI=1S/C32H45N3O6S/c1-19-22(13-14-27(37)29(19)39)30(40)33-24(18-42-21-10-6-5-7-11-21)28(38)17-35-16-23-20(9-8-12-26(23)36)15-25(35)31(41)34-32(2,3)4/h5-7,10-11,13-14,20,23-26,28,36-39H,8-9,12,15-18H2,1-4H3,(H,33,40)(H,34,41)",WJAHEBKKSZTXOU-UHFFFAOYSA-N,CC1=C(C=CC(=C1O)O)C(=O)NC(CSC2=CC=CC=C2)C(CN3CC4C(CCCC4CC3C(=O)NC(C)(C)C)O)O,,,C32H45N3O6S,599.30290716,3.8675999999999995,2,1,1,BTM00205,BTM00205,Hydroxylation of benzene on carbon para to electron donating group,BTMR1047,"CYP1A2
CYP2C8
CYP2C9
CYP2D6
CYP3A4",HUMAN,BTM00009,CC1=C(C=CC=C1O)C(=O)NC(CSC2=CC=CC=C2)C(CN3CC4C(CCCC4CC3C(=O)NC(C)(C)C)O)O,"InChI=1S/C32H45N3O5S/c1-20-23(13-9-14-27(20)36)30(39)33-25(19-41-22-11-6-5-7-12-22)29(38)18-35-17-24-21(10-8-15-28(24)37)16-26(35)31(40)34-32(2,3)4/h5-7,9,11-14,21,24-26,28-29,36-38H,8,10,15-19H2,1-4H3,(H,33,39)(H,34,40)",CTTGTQDDMQLQTA-UHFFFAOYSA-N,4.135,583.3079925400001
"InChI=1S/C32H45N3O6S/c1-19-22(13-9-14-25(19)36)29(39)33-23(18-42-21-11-6-5-7-12-21)27(38)17-35-24(30(40)34-32(2,3)4)16-20-10-8-15-26(37)28(20)31(35)41/h5-7,9,11-14,20,23-24,26-28,31,36-38,41H,8,10,15-18H2,1-4H3,(H,33,39)(H,34,40)",AQMYEZVOGGFKAI-UHFFFAOYSA-N,CC1=C(C=CC=C1O)C(=O)NC(CSC2=CC=CC=C2)C(CN3C(C4C(CCCC4CC3C(=O)NC(C)(C)C)O)O)O,,,C32H45N3O6S,599.30290716,3.8919000000000032,2,1,1,BTM00206,BTM00206,Hydroxylation of heteroalicyclic secondary carbon,BTMR1070,"CYP1A2
CYP2A6
CYP2C9
CYP2D6
CYP3A4",HUMAN,BTM00009,CC1=C(C=CC=C1O)C(=O)NC(CSC2=CC=CC=C2)C(CN3CC4C(CCCC4CC3C(=O)NC(C)(C)C)O)O,"InChI=1S/C32H45N3O5S/c1-20-23(13-9-14-27(20)36)30(39)33-25(19-41-22-11-6-5-7-12-22)29(38)18-35-17-24-21(10-8-15-28(24)37)16-26(35)31(40)34-32(2,3)4/h5-7,9,11-14,21,24-26,28-29,36-38H,8,10,15-19H2,1-4H3,(H,33,39)(H,34,40)",CTTGTQDDMQLQTA-UHFFFAOYSA-N,4.135,583.3079925400001
"InChI=1S/C32H45N3O6S/c1-19-21(12-8-14-25(19)36)30(40)33-24(18-42-20-10-6-5-7-11-20)27(38)17-35-16-23-22(13-9-15-26(23)37)29(39)28(35)31(41)34-32(2,3)4/h5-8,10-12,14,22-24,26-29,36-39H,9,13,15-18H2,1-4H3,(H,33,40)(H,34,41)",MDNXOBGYBFXLJD-UHFFFAOYSA-N,CC1=C(C=CC=C1O)C(=O)NC(CSC2=CC=CC=C2)C(CN3CC4C(CCCC4C(C3C(=O)NC(C)(C)C)O)O)O,,,C32H45N3O6S,599.30290716,3.2356000000000016,2,1,1,BTM00207,BTM00207,Hydroxylation of heteroalicyclic secondary carbon,BTMR1071,CYP1A2,HUMAN,BTM00009,CC1=C(C=CC=C1O)C(=O)NC(CSC2=CC=CC=C2)C(CN3CC4C(CCCC4CC3C(=O)NC(C)(C)C)O)O,"InChI=1S/C32H45N3O5S/c1-20-23(13-9-14-27(20)36)30(39)33-25(19-41-22-11-6-5-7-12-22)29(38)18-35-17-24-21(10-8-15-28(24)37)16-26(35)31(40)34-32(2,3)4/h5-7,9,11-14,21,24-26,28-29,36-38H,8,10,15-19H2,1-4H3,(H,33,39)(H,34,40)",CTTGTQDDMQLQTA-UHFFFAOYSA-N,4.135,583.3079925400001
"InChI=1S/C32H45N3O6S/c1-20-23(13-9-14-27(20)36)30(39)33-25(19-42(41)22-11-6-5-7-12-22)29(38)18-35-17-24-21(10-8-15-28(24)37)16-26(35)31(40)34-32(2,3)4/h5-7,9,11-14,21,24-26,28-29,36-38H,8,10,15-19H2,1-4H3,(H,33,39)(H,34,40)",MNBRSRSPYHZGJG-UHFFFAOYSA-N,CC1=C(C=CC=C1O)C(=O)NC(CS(C2=CC=CC=C2)=O)C(CN3CC4C(CCCC4CC3C(=O)NC(C)(C)C)O)O,,,C32H45N3O6S,599.30290716,3.0231999999999997,1,1,1,BTM00208,BTM00208,S-Oxidation of alkylarylthioether to sulfoxide,BTMR0058,"CYP1A2
CYP2A6
CYP2B6
CYP2C9
CYP2D6
CYP2E1
CYP3A4",HUMAN,BTM00009,CC1=C(C=CC=C1O)C(=O)NC(CSC2=CC=CC=C2)C(CN3CC4C(CCCC4CC3C(=O)NC(C)(C)C)O)O,"InChI=1S/C32H45N3O5S/c1-20-23(13-9-14-27(20)36)30(39)33-25(19-41-22-11-6-5-7-12-22)29(38)18-35-17-24-21(10-8-15-28(24)37)16-26(35)31(40)34-32(2,3)4/h5-7,9,11-14,21,24-26,28-29,36-38H,8,10,15-19H2,1-4H3,(H,33,39)(H,34,40)",CTTGTQDDMQLQTA-UHFFFAOYSA-N,4.135,583.3079925400001
"InChI=1S/C32H45N3O6S/c1-20-23(12-8-13-27(20)37)30(40)33-25(18-42-22-10-5-4-6-11-22)29(39)17-35-16-24-21(9-7-14-28(24)38)15-26(35)31(41)34-32(2,3)19-36/h4-6,8,10-13,21,24-26,28-29,36-39H,7,9,14-19H2,1-3H3,(H,33,40)(H,34,41)",UNQVFRNGCBOZNI-UHFFFAOYSA-N,CC1=C(C=CC=C1O)C(=O)NC(CSC2=CC=CC=C2)C(CN3CC4C(CCCC4CC3C(=O)NC(C)(C)CO)O)O,,,C32H45N3O6S,599.30290716,3.2468000000000012,2,2,2,BTM00209,BTM00209,Hydroxylation of terminal methyl,BTMR1061,"CYP1A2
CYP2A6
CYP2B6
CYP2C8
CYP2C9
CYP2C19
CYP2D6
CYP2E1
CYP3A4",HUMAN,BTM00009,CC1=C(C=CC=C1O)C(=O)NC(CSC2=CC=CC=C2)C(CN3CC4C(CCCC4CC3C(=O)NC(C)(C)C)O)O,"InChI=1S/C32H45N3O5S/c1-20-23(13-9-14-27(20)36)30(39)33-25(19-41-22-11-6-5-7-12-22)29(38)18-35-17-24-21(10-8-15-28(24)37)16-26(35)31(40)34-32(2,3)4/h5-7,9,11-14,21,24-26,28-29,36-38H,8,10,15-19H2,1-4H3,(H,33,39)(H,34,40)",CTTGTQDDMQLQTA-UHFFFAOYSA-N,4.135,583.3079925400001
"InChI=1S/C32H45N3O6S/c1-20-23(13-9-14-26(20)36)29(39)33-24(18-42-22-11-6-5-7-12-22)27(37)17-35-19-32(41)21(10-8-15-28(32)38)16-25(35)30(40)34-31(2,3)4/h5-7,9,11-14,21,24-25,27-28,36-38,41H,8,10,15-19H2,1-4H3,(H,33,39)(H,34,40)",VTGZIDXYFFOCBD-UHFFFAOYSA-N,CC1=C(C=CC=C1O)C(=O)NC(CSC2=CC=CC=C2)C(CN3CC4(C(CCCC4CC3C(=O)NC(C)(C)C)O)O)O,,,C32H45N3O6S,599.30290716,3.453199999999997,2,1,1,BTM00210,BTM00210,Hydroxylation of alicyclic tertiary carbon,BTMR1243,CYP1A2,HUMAN,BTM00009,CC1=C(C=CC=C1O)C(=O)NC(CSC2=CC=CC=C2)C(CN3CC4C(CCCC4CC3C(=O)NC(C)(C)C)O)O,"InChI=1S/C32H45N3O5S/c1-20-23(13-9-14-27(20)36)30(39)33-25(19-41-22-11-6-5-7-12-22)29(38)18-35-17-24-21(10-8-15-28(24)37)16-26(35)31(40)34-32(2,3)4/h5-7,9,11-14,21,24-26,28-29,36-38H,8,10,15-19H2,1-4H3,(H,33,39)(H,34,40)",CTTGTQDDMQLQTA-UHFFFAOYSA-N,4.135,583.3079925400001
"InChI=1S/C32H45N3O6S/c1-20-22(12-8-13-26(20)36)29(39)33-24(19-42-21-10-6-5-7-11-21)28(38)18-35-17-23-27(37)14-9-15-32(23,41)16-25(35)30(40)34-31(2,3)4/h5-8,10-13,23-25,27-28,36-38,41H,9,14-19H2,1-4H3,(H,33,39)(H,34,40)",GBQFECIWRZEBBI-UHFFFAOYSA-N,CC1=C(C=CC=C1O)C(=O)NC(CSC2=CC=CC=C2)C(CN3CC4C(CCCC4(CC3C(=O)NC(C)(C)C)O)O)O,,,C32H45N3O6S,599.30290716,3.0265999999999966,2,1,1,BTM00211,BTM00211,Hydroxylation of alicyclic tertiary carbon,BTMR1243,CYP1A2,HUMAN,BTM00009,CC1=C(C=CC=C1O)C(=O)NC(CSC2=CC=CC=C2)C(CN3CC4C(CCCC4CC3C(=O)NC(C)(C)C)O)O,"InChI=1S/C32H45N3O5S/c1-20-23(13-9-14-27(20)36)30(39)33-25(19-41-22-11-6-5-7-12-22)29(38)18-35-17-24-21(10-8-15-28(24)37)16-26(35)31(40)34-32(2,3)4/h5-7,9,11-14,21,24-26,28-29,36-38H,8,10,15-19H2,1-4H3,(H,33,39)(H,34,40)",CTTGTQDDMQLQTA-UHFFFAOYSA-N,4.135,583.3079925400001
"InChI=1S/C32H45N3O6S/c1-19-22(13-9-14-26(19)36)29(39)33-24(18-42-21-11-6-5-7-12-21)28(38)31(41)35-17-23-20(10-8-15-27(23)37)16-25(35)30(40)34-32(2,3)4/h5-7,9,11-14,20,23-25,27-28,31,36-38,41H,8,10,15-18H2,1-4H3,(H,33,39)(H,34,40)",SIYYGOYLGVRWOB-UHFFFAOYSA-N,CC1=C(C=CC=C1O)C(=O)NC(CSC2=CC=CC=C2)C(C(N3CC4C(CCCC4CC3C(=O)NC(C)(C)C)O)O)O,,,C32H45N3O6S,599.30290716,3.7953000000000037,2,1,1,BTM00212,BTM00212,Aliphatic hydroxylation of carbon alpha to secondary or tertiary alkyl-N,BTMR1081,"CYP2B6
CYP2C19
CYP2D6",HUMAN,BTM00009,CC1=C(C=CC=C1O)C(=O)NC(CSC2=CC=CC=C2)C(CN3CC4C(CCCC4CC3C(=O)NC(C)(C)C)O)O,"InChI=1S/C32H45N3O5S/c1-20-23(13-9-14-27(20)36)30(39)33-25(19-41-22-11-6-5-7-12-22)29(38)18-35-17-24-21(10-8-15-28(24)37)16-26(35)31(40)34-32(2,3)4/h5-7,9,11-14,21,24-26,28-29,36-38H,8,10,15-19H2,1-4H3,(H,33,39)(H,34,40)",CTTGTQDDMQLQTA-UHFFFAOYSA-N,4.135,583.3079925400001
"InChI=1S/C32H45N3O6S/c1-19-22(13-9-14-25(19)36)29(39)33-23(18-42-21-11-6-5-7-12-21)27(38)17-35-24(30(40)34-32(2,3)4)16-20-10-8-15-26(37)28(20)31(35)41/h5-7,9,11-14,20,23-24,26-28,31,36-38,41H,8,10,15-18H2,1-4H3,(H,33,39)(H,34,40)",AQMYEZVOGGFKAI-UHFFFAOYSA-N,CC1=C(C=CC=C1O)C(=O)NC(CSC2=CC=CC=C2)C(CN3C(C4C(CCCC4CC3C(=O)NC(C)(C)C)O)O)O,,,C32H45N3O6S,599.30290716,3.8919000000000032,2,1,1,BTM00206,BTM00206,Aliphatic hydroxylation of carbon alpha to secondary or tertiary alkyl-N,BTMR1081,"CYP2B6
CYP2C19
CYP2D6",HUMAN,BTM00009,CC1=C(C=CC=C1O)C(=O)NC(CSC2=CC=CC=C2)C(CN3CC4C(CCCC4CC3C(=O)NC(C)(C)C)O)O,"InChI=1S/C32H45N3O5S/c1-20-23(13-9-14-27(20)36)30(39)33-25(19-41-22-11-6-5-7-12-22)29(38)18-35-17-24-21(10-8-15-28(24)37)16-26(35)31(40)34-32(2,3)4/h5-7,9,11-14,21,24-26,28-29,36-38H,8,10,15-19H2,1-4H3,(H,33,39)(H,34,40)",CTTGTQDDMQLQTA-UHFFFAOYSA-N,4.135,583.3079925400001
"InChI=1S/C32H45N3O6S/c1-20-23(13-9-14-26(20)36)29(39)33-25(19-42-22-11-6-5-7-12-22)28(38)18-35-17-24-21(10-8-15-27(24)37)16-32(35,41)30(40)34-31(2,3)4/h5-7,9,11-14,21,24-25,27-28,36-38,41H,8,10,15-19H2,1-4H3,(H,33,39)(H,34,40)",SNLOZIAEJMRNKJ-UHFFFAOYSA-N,CC1=C(C=CC=C1O)C(=O)NC(CSC2=CC=CC=C2)C(CN3CC4C(CCCC4CC3(C(=O)NC(C)(C)C)O)O)O,,,C32H45N3O6S,599.30290716,3.486300000000001,2,1,1,BTM00213,BTM00213,Aliphatic hydroxylation of carbon alpha to secondary or tertiary alkyl-N,BTMR1081,"CYP2B6
CYP2C19
CYP2D6",HUMAN,BTM00009,CC1=C(C=CC=C1O)C(=O)NC(CSC2=CC=CC=C2)C(CN3CC4C(CCCC4CC3C(=O)NC(C)(C)C)O)O,"InChI=1S/C32H45N3O5S/c1-20-23(13-9-14-27(20)36)30(39)33-25(19-41-22-11-6-5-7-12-22)29(38)18-35-17-24-21(10-8-15-28(24)37)16-26(35)31(40)34-32(2,3)4/h5-7,9,11-14,21,24-26,28-29,36-38H,8,10,15-19H2,1-4H3,(H,33,39)(H,34,40)",CTTGTQDDMQLQTA-UHFFFAOYSA-N,4.135,583.3079925400001
"InChI=1S/C32H43N3O5S/c1-20-25(11-8-12-28(20)37)30(39)33-26(19-41-24-9-6-5-7-10-24)29(38)18-35-17-22-15-23(36)14-13-21(22)16-27(35)31(40)34-32(2,3)4/h5-12,21-23,26-27,36-37H,13-19H2,1-4H3,(H,33,39)(H,34,40)",VTUYXMUPPNCMEP-UHFFFAOYSA-N,CC1=C(C=CC=C1O)C(=O)NC(CSC2=CC=CC=C2)C(CN3CC4CC(CCC4CC3C(=O)NC(C)(C)C)O)=O,,,C32H43N3O5S,581.2923424759999,4.376300000000003,1,1,1,BTM00153,BTM00153,Oxidation of secondary alcohol to ketone,BTMR0079,"CYP1A2
CYP2C9
CYP2C19",HUMAN,BTM00010,CC1=C(C=CC=C1O)C(=O)NC(CSC2=CC=CC=C2)C(CN3CC4CC(CCC4CC3C(=O)NC(C)(C)C)O)O,"InChI=1S/C32H45N3O5S/c1-20-25(11-8-12-28(20)37)30(39)33-26(19-41-24-9-6-5-7-10-24)29(38)18-35-17-22-15-23(36)14-13-21(22)16-27(35)31(40)34-32(2,3)4/h5-12,21-23,26-27,29,36-38H,13-19H2,1-4H3,(H,33,39)(H,34,40)",SFDZKODSHGPPFQ-UHFFFAOYSA-N,4.129399999999999,583.3079925400001
"InChI=1S/C32H43N3O5S/c1-20-25(11-8-12-28(20)37)30(39)33-26(19-41-24-9-6-5-7-10-24)29(38)18-35-17-22-15-23(36)14-13-21(22)16-27(35)31(40)34-32(2,3)4/h5-12,21-22,26-27,29,37-38H,13-19H2,1-4H3,(H,33,39)(H,34,40)",VGLBBMCJCMUOQL-UHFFFAOYSA-N,CC1=C(C=CC=C1O)C(=O)NC(CSC2=CC=CC=C2)C(CN3CC4CC(CCC4CC3C(=O)NC(C)(C)C)=O)O,,,C32H43N3O5S,581.292342476,3.803500000000003,1,1,1,BTM00058,BTM00058,Oxidation of secondary alcohol to ketone,BTMR0079,"CYP1A2
CYP2C9
CYP2C19",HUMAN,BTM00010,CC1=C(C=CC=C1O)C(=O)NC(CSC2=CC=CC=C2)C(CN3CC4CC(CCC4CC3C(=O)NC(C)(C)C)O)O,"InChI=1S/C32H45N3O5S/c1-20-25(11-8-12-28(20)37)30(39)33-26(19-41-24-9-6-5-7-10-24)29(38)18-35-17-22-15-23(36)14-13-21(22)16-27(35)31(40)34-32(2,3)4/h5-12,21-23,26-27,29,36-38H,13-19H2,1-4H3,(H,33,39)(H,34,40)",SFDZKODSHGPPFQ-UHFFFAOYSA-N,4.129399999999999,583.3079925400001
"InChI=1S/C32H45N3O6S/c1-19-26(37)12-13-27(38)29(19)31(41)33-24(18-42-23-8-6-5-7-9-23)28(39)17-35-16-21-14-22(36)11-10-20(21)15-25(35)30(40)34-32(2,3)4/h5-9,12-13,20-22,24-25,28,36-39H,10-11,14-18H2,1-4H3,(H,33,41)(H,34,40)",BRXDGJPOCDLOSY-UHFFFAOYSA-N,CC1=C(C(=CC=C1O)O)C(=O)NC(CSC2=CC=CC=C2)C(CN3CC4CC(CCC4CC3C(=O)NC(C)(C)C)O)O,,,C32H45N3O6S,599.30290716,3.862,2,1,1,BTM00170,BTM00170,p-Hydroxylation of phenol,BTMR1038,"CYP1A2
CYP2A6
CYP2B6
CYP2C8
CYP2C9
CYP2C19
CYP2D6
CYP2E1
CYP3A4",HUMAN,BTM00010,CC1=C(C=CC=C1O)C(=O)NC(CSC2=CC=CC=C2)C(CN3CC4CC(CCC4CC3C(=O)NC(C)(C)C)O)O,"InChI=1S/C32H45N3O5S/c1-20-25(11-8-12-28(20)37)30(39)33-26(19-41-24-9-6-5-7-10-24)29(38)18-35-17-22-15-23(36)14-13-21(22)16-27(35)31(40)34-32(2,3)4/h5-12,21-23,26-27,29,36-38H,13-19H2,1-4H3,(H,33,39)(H,34,40)",SFDZKODSHGPPFQ-UHFFFAOYSA-N,4.129399999999999,583.3079925400001
"InChI=1S/C32H45N3O6S/c1-32(2,3)34-31(41)27-15-20-12-13-22(37)14-21(20)16-35(27)17-29(39)26(19-42-23-8-5-4-6-9-23)33-30(40)24-10-7-11-28(38)25(24)18-36/h4-11,20-22,26-27,29,36-39H,12-19H2,1-3H3,(H,33,40)(H,34,41)",OSGGPRNTHIRTOU-UHFFFAOYSA-N,C(C1=C(C=CC=C1O)C(=O)NC(CSC2=CC=CC=C2)C(CN3CC4CC(CCC4CC3C(=O)NC(C)(C)C)O)O)O,,,C32H45N3O6S,599.30290716,3.038700000000002,2,2,2,BTM00184,BTM00184,Aliphatic hydroxylation of methyl carbon adjacent to aromatic ring,BTMR1058,"CYP1A2
CYP2A6
CYP2B6
CYP2C8
CYP2C9
CYP2C19
CYP2D6
CYP2E1
CYP3A4",HUMAN,BTM00010,CC1=C(C=CC=C1O)C(=O)NC(CSC2=CC=CC=C2)C(CN3CC4CC(CCC4CC3C(=O)NC(C)(C)C)O)O,"InChI=1S/C32H45N3O5S/c1-20-25(11-8-12-28(20)37)30(39)33-26(19-41-24-9-6-5-7-10-24)29(38)18-35-17-22-15-23(36)14-13-21(22)16-27(35)31(40)34-32(2,3)4/h5-12,21-23,26-27,29,36-38H,13-19H2,1-4H3,(H,33,39)(H,34,40)",SFDZKODSHGPPFQ-UHFFFAOYSA-N,4.129399999999999,583.3079925400001
"InChI=1S/C32H45N3O6S/c1-19-22(11-8-12-26(19)36)30(40)33-24(18-42-21-9-6-5-7-10-21)28(38)17-35-16-23-20(13-14-27(37)29(23)39)15-25(35)31(41)34-32(2,3)4/h5-12,20,23-25,27-29,36-39H,13-18H2,1-4H3,(H,33,40)(H,34,41)",VSTYFWLPSBUGON-UHFFFAOYSA-N,CC1=C(C=CC=C1O)C(=O)NC(CSC2=CC=CC=C2)C(CN3CC4C(C(CCC4CC3C(=O)NC(C)(C)C)O)O)O,,,C32H45N3O6S,599.30290716,3.168100000000001,2,1,1,BTM00199,BTM00199,Hydroxylation of alicyclic secondary carbon,BTMR1068,"CYP1A2
CYP2C8
CYP2C9
CYP2C19
CYP2D6
CYP3A4",HUMAN,BTM00010,CC1=C(C=CC=C1O)C(=O)NC(CSC2=CC=CC=C2)C(CN3CC4CC(CCC4CC3C(=O)NC(C)(C)C)O)O,"InChI=1S/C32H45N3O5S/c1-20-25(11-8-12-28(20)37)30(39)33-26(19-41-24-9-6-5-7-10-24)29(38)18-35-17-22-15-23(36)14-13-21(22)16-27(35)31(40)34-32(2,3)4/h5-12,21-23,26-27,29,36-38H,13-19H2,1-4H3,(H,33,39)(H,34,40)",SFDZKODSHGPPFQ-UHFFFAOYSA-N,4.129399999999999,583.3079925400001
"InChI=1S/C32H45N3O6S/c1-19-23(11-8-12-26(19)36)30(40)33-24(18-42-22-9-6-5-7-10-22)29(39)17-35-16-21-15-28(38)27(37)14-20(21)13-25(35)31(41)34-32(2,3)4/h5-12,20-21,24-25,27-29,36-39H,13-18H2,1-4H3,(H,33,40)(H,34,41)",VVNNNXGGOGVMJL-UHFFFAOYSA-N,CC1=C(C=CC=C1O)C(=O)NC(CSC2=CC=CC=C2)C(CN3CC4CC(C(CC4CC3C(=O)NC(C)(C)C)O)O)O,,,C32H45N3O6S,599.30290716,3.1624999999999996,2,1,1,BTM00214,BTM00214,Hydroxylation of alicyclic secondary carbon,BTMR1068,"CYP1A2
CYP2C8
CYP2C9
CYP2C19
CYP2D6
CYP3A4",HUMAN,BTM00010,CC1=C(C=CC=C1O)C(=O)NC(CSC2=CC=CC=C2)C(CN3CC4CC(CCC4CC3C(=O)NC(C)(C)C)O)O,"InChI=1S/C32H45N3O5S/c1-20-25(11-8-12-28(20)37)30(39)33-26(19-41-24-9-6-5-7-10-24)29(38)18-35-17-22-15-23(36)14-13-21(22)16-27(35)31(40)34-32(2,3)4/h5-12,21-23,26-27,29,36-38H,13-19H2,1-4H3,(H,33,39)(H,34,40)",SFDZKODSHGPPFQ-UHFFFAOYSA-N,4.129399999999999,583.3079925400001
"InChI=1S/C32H45N3O6S/c1-19-23(11-8-12-27(19)37)30(40)33-25(18-42-22-9-6-5-7-10-22)29(39)17-35-16-20-13-21(36)14-28(38)24(20)15-26(35)31(41)34-32(2,3)4/h5-12,20-21,24-26,28-29,36-39H,13-18H2,1-4H3,(H,33,40)(H,34,41)",UELGWLOBYXYHSV-UHFFFAOYSA-N,CC1=C(C=CC=C1O)C(=O)NC(CSC2=CC=CC=C2)C(CN3CC4CC(CC(C4CC3C(=O)NC(C)(C)C)O)O)O,,,C32H45N3O6S,599.30290716,2.8362000000000007,2,1,1,BTM00215,BTM00215,Hydroxylation of alicyclic secondary carbon,BTMR1068,"CYP1A2
CYP2C8
CYP2C9
CYP2C19
CYP2D6
CYP3A4",HUMAN,BTM00010,CC1=C(C=CC=C1O)C(=O)NC(CSC2=CC=CC=C2)C(CN3CC4CC(CCC4CC3C(=O)NC(C)(C)C)O)O,"InChI=1S/C32H45N3O5S/c1-20-25(11-8-12-28(20)37)30(39)33-26(19-41-24-9-6-5-7-10-24)29(38)18-35-17-22-15-23(36)14-13-21(22)16-27(35)31(40)34-32(2,3)4/h5-12,21-23,26-27,29,36-38H,13-19H2,1-4H3,(H,33,39)(H,34,40)",SFDZKODSHGPPFQ-UHFFFAOYSA-N,4.129399999999999,583.3079925400001
"InChI=1S/C32H45N3O6S/c1-20-25(11-8-12-28(20)37)30(39)33-26(19-42-24-9-6-5-7-10-24)29(38)18-35(41)17-22-15-23(36)14-13-21(22)16-27(35)31(40)34-32(2,3)4/h5-12,21-23,26-27,29,36-38H,13-19H2,1-4H3,(H,33,39)(H,34,40)",YBBSIXKEGGNIMG-UHFFFAOYSA-N,CC1=C(C=CC=C1O)C(=O)NC(CSC2=CC=CC=C2)C(C[N+]3(CC4CC(CCC4CC3C(=O)NC(C)(C)C)O)[O-])O,,,C32H45N3O6S,599.30290716,3.7242999999999977,1,1,1,BTM00216,BTM00216,N-Oxidation of alicyclic tertiary amine,BTMR1099,"CYP1A2
CYP2C8
CYP2C19
CYP2D6
CYP3A4",HUMAN,BTM00010,CC1=C(C=CC=C1O)C(=O)NC(CSC2=CC=CC=C2)C(CN3CC4CC(CCC4CC3C(=O)NC(C)(C)C)O)O,"InChI=1S/C32H45N3O5S/c1-20-25(11-8-12-28(20)37)30(39)33-26(19-41-24-9-6-5-7-10-24)29(38)18-35-17-22-15-23(36)14-13-21(22)16-27(35)31(40)34-32(2,3)4/h5-12,21-23,26-27,29,36-38H,13-19H2,1-4H3,(H,33,39)(H,34,40)",SFDZKODSHGPPFQ-UHFFFAOYSA-N,4.129399999999999,583.3079925400001
"InChI=1S/C18H19NO4S/c1-12-14(8-5-9-16(12)21)18(23)19-15(17(22)10-20)11-24-13-6-3-2-4-7-13/h2-10,15,17,21-22H,11H2,1H3,(H,19,23)",FQXWQOQASHJKCY-UHFFFAOYSA-N,CC1=C(C=CC=C1O)C(=O)NC(CSC2=CC=CC=C2)C(C=O)O,,,C18H19NO4S,345.10347908800003,2.6822,0,1,1,BTM00014,BTM00014,N-Dealkylation of alicyclic tertiary amine,BTMR1144,"CYP1A2
CYP2A6
CYP2B6
CYP2C8
CYP2C9
CYP2C19
CYP2D6
CYP3A4",HUMAN,BTM00010,CC1=C(C=CC=C1O)C(=O)NC(CSC2=CC=CC=C2)C(CN3CC4CC(CCC4CC3C(=O)NC(C)(C)C)O)O,"InChI=1S/C32H45N3O5S/c1-20-25(11-8-12-28(20)37)30(39)33-26(19-41-24-9-6-5-7-10-24)29(38)18-35-17-22-15-23(36)14-13-21(22)16-27(35)31(40)34-32(2,3)4/h5-12,21-23,26-27,29,36-38H,13-19H2,1-4H3,(H,33,39)(H,34,40)",SFDZKODSHGPPFQ-UHFFFAOYSA-N,4.129399999999999,583.3079925400001
"InChI=1S/C14H26N2O2/c1-14(2,3)16-13(18)12-7-9-4-5-11(17)6-10(9)8-15-12/h9-12,15,17H,4-8H2,1-3H3,(H,16,18)",AKFKPGHNWFWLTP-UHFFFAOYSA-N,N1CC2CC(CCC2CC1C(=O)NC(C)(C)C)O,,,C14H26N2O2,254.199428072,0.8096000000000013,0,1,1,BTM00217,BTM00217,N-Dealkylation of alicyclic tertiary amine,BTMR1144,"CYP1A2
CYP2A6
CYP2B6
CYP2C8
CYP2C9
CYP2C19
CYP2D6
CYP3A4",HUMAN,BTM00010,CC1=C(C=CC=C1O)C(=O)NC(CSC2=CC=CC=C2)C(CN3CC4CC(CCC4CC3C(=O)NC(C)(C)C)O)O,"InChI=1S/C32H45N3O5S/c1-20-25(11-8-12-28(20)37)30(39)33-26(19-41-24-9-6-5-7-10-24)29(38)18-35-17-22-15-23(36)14-13-21(22)16-27(35)31(40)34-32(2,3)4/h5-12,21-23,26-27,29,36-38H,13-19H2,1-4H3,(H,33,39)(H,34,40)",SFDZKODSHGPPFQ-UHFFFAOYSA-N,4.129399999999999,583.3079925400001
"InChI=1S/C32H45N3O6S/c1-19-25(14-23(37)15-28(19)38)30(40)33-26(18-42-24-8-6-5-7-9-24)29(39)17-35-16-21-12-22(36)11-10-20(21)13-27(35)31(41)34-32(2,3)4/h5-9,14-15,20-22,26-27,29,36-39H,10-13,16-18H2,1-4H3,(H,33,40)(H,34,41)",YQYLTQRBCAHMEW-UHFFFAOYSA-N,CC1=C(C=C(C=C1O)O)C(=O)NC(CSC2=CC=CC=C2)C(CN3CC4CC(CCC4CC3C(=O)NC(C)(C)C)O)O,,,C32H45N3O6S,599.30290716,3.862,2,1,1,BTM00218,BTM00218,Hydroxylation of benzene on carbon para to electron donating group,BTMR1047,"CYP1A2
CYP2C8
CYP2C9
CYP2D6
CYP3A4",HUMAN,BTM00010,CC1=C(C=CC=C1O)C(=O)NC(CSC2=CC=CC=C2)C(CN3CC4CC(CCC4CC3C(=O)NC(C)(C)C)O)O,"InChI=1S/C32H45N3O5S/c1-20-25(11-8-12-28(20)37)30(39)33-26(19-41-24-9-6-5-7-10-24)29(38)18-35-17-22-15-23(36)14-13-21(22)16-27(35)31(40)34-32(2,3)4/h5-12,21-23,26-27,29,36-38H,13-19H2,1-4H3,(H,33,39)(H,34,40)",SFDZKODSHGPPFQ-UHFFFAOYSA-N,4.129399999999999,583.3079925400001
"InChI=1S/C32H45N3O6S/c1-19-24(12-13-27(37)29(19)39)30(40)33-25(18-42-23-8-6-5-7-9-23)28(38)17-35-16-21-14-22(36)11-10-20(21)15-26(35)31(41)34-32(2,3)4/h5-9,12-13,20-22,25-26,28,36-39H,10-11,14-18H2,1-4H3,(H,33,40)(H,34,41)",YWXLUQHNZZKTMI-UHFFFAOYSA-N,CC1=C(C=CC(=C1O)O)C(=O)NC(CSC2=CC=CC=C2)C(CN3CC4CC(CCC4CC3C(=O)NC(C)(C)C)O)O,,,C32H45N3O6S,599.30290716,3.862,2,1,1,BTM00219,BTM00219,Hydroxylation of benzene on carbon para to electron donating group,BTMR1047,"CYP1A2
CYP2C8
CYP2C9
CYP2D6
CYP3A4",HUMAN,BTM00010,CC1=C(C=CC=C1O)C(=O)NC(CSC2=CC=CC=C2)C(CN3CC4CC(CCC4CC3C(=O)NC(C)(C)C)O)O,"InChI=1S/C32H45N3O5S/c1-20-25(11-8-12-28(20)37)30(39)33-26(19-41-24-9-6-5-7-10-24)29(38)18-35-17-22-15-23(36)14-13-21(22)16-27(35)31(40)34-32(2,3)4/h5-12,21-23,26-27,29,36-38H,13-19H2,1-4H3,(H,33,39)(H,34,40)",SFDZKODSHGPPFQ-UHFFFAOYSA-N,4.129399999999999,583.3079925400001
"InChI=1S/C32H45N3O6S/c1-19-23(11-8-12-27(19)37)29(39)33-25(18-42-22-9-6-5-7-10-22)28(38)17-35-26(30(40)34-32(2,3)4)15-20-13-14-21(36)16-24(20)31(35)41/h5-12,20-21,24-26,28,31,36-38,41H,13-18H2,1-4H3,(H,33,39)(H,34,40)",HSRCYIDLPQZZOK-UHFFFAOYSA-N,CC1=C(C=CC=C1O)C(=O)NC(CSC2=CC=CC=C2)C(CN3C(C4CC(CCC4CC3C(=O)NC(C)(C)C)O)O)O,,,C32H45N3O6S,599.30290716,3.660300000000004,2,1,1,BTM00220,BTM00220,Hydroxylation of heteroalicyclic secondary carbon,BTMR1070,"CYP1A2
CYP2A6
CYP2C9
CYP2D6
CYP3A4",HUMAN,BTM00010,CC1=C(C=CC=C1O)C(=O)NC(CSC2=CC=CC=C2)C(CN3CC4CC(CCC4CC3C(=O)NC(C)(C)C)O)O,"InChI=1S/C32H45N3O5S/c1-20-25(11-8-12-28(20)37)30(39)33-26(19-41-24-9-6-5-7-10-24)29(38)18-35-17-22-15-23(36)14-13-21(22)16-27(35)31(40)34-32(2,3)4/h5-12,21-23,26-27,29,36-38H,13-19H2,1-4H3,(H,33,39)(H,34,40)",SFDZKODSHGPPFQ-UHFFFAOYSA-N,4.129399999999999,583.3079925400001
"InChI=1S/C32H45N3O6S/c1-19-23(11-8-12-26(19)37)30(40)33-25(18-42-22-9-6-5-7-10-22)27(38)17-35-16-20-15-21(36)13-14-24(20)29(39)28(35)31(41)34-32(2,3)4/h5-12,20-21,24-25,27-29,36-39H,13-18H2,1-4H3,(H,33,40)(H,34,41)",UALGFJDZMAVHAC-UHFFFAOYSA-N,CC1=C(C=CC=C1O)C(=O)NC(CSC2=CC=CC=C2)C(CN3CC4CC(CCC4C(C3C(=O)NC(C)(C)C)O)O)O,,,C32H45N3O6S,599.30290716,3.2300000000000004,2,1,1,BTM00221,BTM00221,Hydroxylation of heteroalicyclic secondary carbon,BTMR1071,CYP1A2,HUMAN,BTM00010,CC1=C(C=CC=C1O)C(=O)NC(CSC2=CC=CC=C2)C(CN3CC4CC(CCC4CC3C(=O)NC(C)(C)C)O)O,"InChI=1S/C32H45N3O5S/c1-20-25(11-8-12-28(20)37)30(39)33-26(19-41-24-9-6-5-7-10-24)29(38)18-35-17-22-15-23(36)14-13-21(22)16-27(35)31(40)34-32(2,3)4/h5-12,21-23,26-27,29,36-38H,13-19H2,1-4H3,(H,33,39)(H,34,40)",SFDZKODSHGPPFQ-UHFFFAOYSA-N,4.129399999999999,583.3079925400001
"InChI=1S/C32H45N3O6S/c1-20-25(11-8-12-28(20)37)30(39)33-26(19-42(41)24-9-6-5-7-10-24)29(38)18-35-17-22-15-23(36)14-13-21(22)16-27(35)31(40)34-32(2,3)4/h5-12,21-23,26-27,29,36-38H,13-19H2,1-4H3,(H,33,39)(H,34,40)",IHTAJVPZPFGOLQ-UHFFFAOYSA-N,CC1=C(C=CC=C1O)C(=O)NC(CS(C2=CC=CC=C2)=O)C(CN3CC4CC(CCC4CC3C(=O)NC(C)(C)C)O)O,,,C32H45N3O6S,599.30290716,3.0175999999999985,1,1,1,BTM00222,BTM00222,S-Oxidation of alkylarylthioether to sulfoxide,BTMR0058,"CYP1A2
CYP2A6
CYP2B6
CYP2C9
CYP2D6
CYP2E1
CYP3A4",HUMAN,BTM00010,CC1=C(C=CC=C1O)C(=O)NC(CSC2=CC=CC=C2)C(CN3CC4CC(CCC4CC3C(=O)NC(C)(C)C)O)O,"InChI=1S/C32H45N3O5S/c1-20-25(11-8-12-28(20)37)30(39)33-26(19-41-24-9-6-5-7-10-24)29(38)18-35-17-22-15-23(36)14-13-21(22)16-27(35)31(40)34-32(2,3)4/h5-12,21-23,26-27,29,36-38H,13-19H2,1-4H3,(H,33,39)(H,34,40)",SFDZKODSHGPPFQ-UHFFFAOYSA-N,4.129399999999999,583.3079925400001
"InChI=1S/C32H45N3O6S/c1-20-25(10-7-11-28(20)38)30(40)33-26(18-42-24-8-5-4-6-9-24)29(39)17-35-16-22-14-23(37)13-12-21(22)15-27(35)31(41)34-32(2,3)19-36/h4-11,21-23,26-27,29,36-39H,12-19H2,1-3H3,(H,33,40)(H,34,41)",DAAYQMMZQYBKTE-UHFFFAOYSA-N,CC1=C(C=CC=C1O)C(=O)NC(CSC2=CC=CC=C2)C(CN3CC4CC(CCC4CC3C(=O)NC(C)(C)CO)O)O,,,C32H45N3O6S,599.30290716,3.241200000000001,2,2,2,BTM00223,BTM00223,Hydroxylation of terminal methyl,BTMR1061,"CYP1A2
CYP2A6
CYP2B6
CYP2C8
CYP2C9
CYP2C19
CYP2D6
CYP2E1
CYP3A4",HUMAN,BTM00010,CC1=C(C=CC=C1O)C(=O)NC(CSC2=CC=CC=C2)C(CN3CC4CC(CCC4CC3C(=O)NC(C)(C)C)O)O,"InChI=1S/C32H45N3O5S/c1-20-25(11-8-12-28(20)37)30(39)33-26(19-41-24-9-6-5-7-10-24)29(38)18-35-17-22-15-23(36)14-13-21(22)16-27(35)31(40)34-32(2,3)4/h5-12,21-23,26-27,29,36-38H,13-19H2,1-4H3,(H,33,39)(H,34,40)",SFDZKODSHGPPFQ-UHFFFAOYSA-N,4.129399999999999,583.3079925400001
"InChI=1S/C32H45N3O6S/c1-20-24(11-8-12-27(20)37)29(39)33-25(18-42-23-9-6-5-7-10-23)28(38)17-35-19-32(41)16-22(36)14-13-21(32)15-26(35)30(40)34-31(2,3)4/h5-12,21-22,25-26,28,36-38,41H,13-19H2,1-4H3,(H,33,39)(H,34,40)",QTLMDIMWIJCCRV-UHFFFAOYSA-N,CC1=C(C=CC=C1O)C(=O)NC(CSC2=CC=CC=C2)C(CN3CC4(CC(CCC4CC3C(=O)NC(C)(C)C)O)O)O,,,C32H45N3O6S,599.30290716,3.0593999999999975,2,1,1,BTM00224,BTM00224,Hydroxylation of alicyclic tertiary carbon,BTMR1243,CYP1A2,HUMAN,BTM00010,CC1=C(C=CC=C1O)C(=O)NC(CSC2=CC=CC=C2)C(CN3CC4CC(CCC4CC3C(=O)NC(C)(C)C)O)O,"InChI=1S/C32H45N3O5S/c1-20-25(11-8-12-28(20)37)30(39)33-26(19-41-24-9-6-5-7-10-24)29(38)18-35-17-22-15-23(36)14-13-21(22)16-27(35)31(40)34-32(2,3)4/h5-12,21-23,26-27,29,36-38H,13-19H2,1-4H3,(H,33,39)(H,34,40)",SFDZKODSHGPPFQ-UHFFFAOYSA-N,4.129399999999999,583.3079925400001
"InChI=1S/C32H45N3O6S/c1-20-24(11-8-12-27(20)37)29(39)33-25(19-42-23-9-6-5-7-10-23)28(38)18-35-17-21-15-22(36)13-14-32(21,41)16-26(35)30(40)34-31(2,3)4/h5-12,21-22,25-26,28,36-38,41H,13-19H2,1-4H3,(H,33,39)(H,34,40)",VONMVRIELPYRBO-UHFFFAOYSA-N,CC1=C(C=CC=C1O)C(=O)NC(CSC2=CC=CC=C2)C(CN3CC4CC(CCC4(CC3C(=O)NC(C)(C)C)O)O)O,,,C32H45N3O6S,599.30290716,2.7949999999999973,2,1,1,BTM00225,BTM00225,Hydroxylation of alicyclic tertiary carbon,BTMR1243,CYP1A2,HUMAN,BTM00010,CC1=C(C=CC=C1O)C(=O)NC(CSC2=CC=CC=C2)C(CN3CC4CC(CCC4CC3C(=O)NC(C)(C)C)O)O,"InChI=1S/C32H45N3O5S/c1-20-25(11-8-12-28(20)37)30(39)33-26(19-41-24-9-6-5-7-10-24)29(38)18-35-17-22-15-23(36)14-13-21(22)16-27(35)31(40)34-32(2,3)4/h5-12,21-23,26-27,29,36-38H,13-19H2,1-4H3,(H,33,39)(H,34,40)",SFDZKODSHGPPFQ-UHFFFAOYSA-N,4.129399999999999,583.3079925400001
"InChI=1S/C32H45N3O6S/c1-19-24(11-8-12-27(19)37)29(39)33-25(18-42-23-9-6-5-7-10-23)28(38)31(41)35-17-21-15-22(36)14-13-20(21)16-26(35)30(40)34-32(2,3)4/h5-12,20-22,25-26,28,31,36-38,41H,13-18H2,1-4H3,(H,33,39)(H,34,40)",WLUFHFIPKNBYMT-UHFFFAOYSA-N,CC1=C(C=CC=C1O)C(=O)NC(CSC2=CC=CC=C2)C(C(N3CC4CC(CCC4CC3C(=O)NC(C)(C)C)O)O)O,,,C32H45N3O6S,599.30290716,3.7897000000000043,2,1,1,BTM00226,BTM00226,Aliphatic hydroxylation of carbon alpha to secondary or tertiary alkyl-N,BTMR1081,"CYP2B6
CYP2C19
CYP2D6",HUMAN,BTM00010,CC1=C(C=CC=C1O)C(=O)NC(CSC2=CC=CC=C2)C(CN3CC4CC(CCC4CC3C(=O)NC(C)(C)C)O)O,"InChI=1S/C32H45N3O5S/c1-20-25(11-8-12-28(20)37)30(39)33-26(19-41-24-9-6-5-7-10-24)29(38)18-35-17-22-15-23(36)14-13-21(22)16-27(35)31(40)34-32(2,3)4/h5-12,21-23,26-27,29,36-38H,13-19H2,1-4H3,(H,33,39)(H,34,40)",SFDZKODSHGPPFQ-UHFFFAOYSA-N,4.129399999999999,583.3079925400001
"InChI=1S/C32H45N3O6S/c1-19-23(11-8-12-27(19)37)29(39)33-25(18-42-22-9-6-5-7-10-22)28(38)17-35-26(30(40)34-32(2,3)4)15-20-13-14-21(36)16-24(20)31(35)41/h5-12,20-21,24-26,28,31,36-38,41H,13-18H2,1-4H3,(H,33,39)(H,34,40)",HSRCYIDLPQZZOK-UHFFFAOYSA-N,CC1=C(C=CC=C1O)C(=O)NC(CSC2=CC=CC=C2)C(CN3C(C4CC(CCC4CC3C(=O)NC(C)(C)C)O)O)O,,,C32H45N3O6S,599.30290716,3.660300000000004,2,1,1,BTM00220,BTM00220,Aliphatic hydroxylation of carbon alpha to secondary or tertiary alkyl-N,BTMR1081,"CYP2B6
CYP2C19
CYP2D6",HUMAN,BTM00010,CC1=C(C=CC=C1O)C(=O)NC(CSC2=CC=CC=C2)C(CN3CC4CC(CCC4CC3C(=O)NC(C)(C)C)O)O,"InChI=1S/C32H45N3O5S/c1-20-25(11-8-12-28(20)37)30(39)33-26(19-41-24-9-6-5-7-10-24)29(38)18-35-17-22-15-23(36)14-13-21(22)16-27(35)31(40)34-32(2,3)4/h5-12,21-23,26-27,29,36-38H,13-19H2,1-4H3,(H,33,39)(H,34,40)",SFDZKODSHGPPFQ-UHFFFAOYSA-N,4.129399999999999,583.3079925400001
"InChI=1S/C32H45N3O6S/c1-20-25(11-8-12-27(20)37)29(39)33-26(19-42-24-9-6-5-7-10-24)28(38)18-35-17-22-15-23(36)14-13-21(22)16-32(35,41)30(40)34-31(2,3)4/h5-12,21-23,26,28,36-38,41H,13-19H2,1-4H3,(H,33,39)(H,34,40)",NCDBAWVZSPDYMD-UHFFFAOYSA-N,CC1=C(C=CC=C1O)C(=O)NC(CSC2=CC=CC=C2)C(CN3CC4CC(CCC4CC3(C(=O)NC(C)(C)C)O)O)O,,,C32H45N3O6S,599.30290716,3.4807000000000015,2,1,1,BTM00227,BTM00227,Aliphatic hydroxylation of carbon alpha to secondary or tertiary alkyl-N,BTMR1081,"CYP2B6
CYP2C19
CYP2D6",HUMAN,BTM00010,CC1=C(C=CC=C1O)C(=O)NC(CSC2=CC=CC=C2)C(CN3CC4CC(CCC4CC3C(=O)NC(C)(C)C)O)O,"InChI=1S/C32H45N3O5S/c1-20-25(11-8-12-28(20)37)30(39)33-26(19-41-24-9-6-5-7-10-24)29(38)18-35-17-22-15-23(36)14-13-21(22)16-27(35)31(40)34-32(2,3)4/h5-12,21-23,26-27,29,36-38H,13-19H2,1-4H3,(H,33,39)(H,34,40)",SFDZKODSHGPPFQ-UHFFFAOYSA-N,4.129399999999999,583.3079925400001
"InChI=1S/C32H43N3O5S/c1-20-25(11-8-12-28(20)37)30(39)33-26(19-41-24-9-6-5-7-10-24)29(38)18-35-17-21-13-14-23(36)15-22(21)16-27(35)31(40)34-32(2,3)4/h5-12,21-23,26-27,36-37H,13-19H2,1-4H3,(H,33,39)(H,34,40)",JVGZITRLRBBQLH-UHFFFAOYSA-N,CC1=C(C=CC=C1O)C(=O)NC(CSC2=CC=CC=C2)C(CN3CC4CCC(CC4CC3C(=O)NC(C)(C)C)O)=O,,,C32H43N3O5S,581.292342476,4.376300000000003,1,1,1,BTM00154,BTM00154,Oxidation of secondary alcohol to ketone,BTMR0079,"CYP1A2
CYP2C9
CYP2C19",HUMAN,BTM00011,CC1=C(C=CC=C1O)C(=O)NC(CSC2=CC=CC=C2)C(CN3CC4CCC(CC4CC3C(=O)NC(C)(C)C)O)O,"InChI=1S/C32H45N3O5S/c1-20-25(11-8-12-28(20)37)30(39)33-26(19-41-24-9-6-5-7-10-24)29(38)18-35-17-21-13-14-23(36)15-22(21)16-27(35)31(40)34-32(2,3)4/h5-12,21-23,26-27,29,36-38H,13-19H2,1-4H3,(H,33,39)(H,34,40)",CATXIYJJEYJOKZ-UHFFFAOYSA-N,4.129399999999999,583.3079925400001
"InChI=1S/C32H43N3O5S/c1-20-25(11-8-12-28(20)37)30(39)33-26(19-41-24-9-6-5-7-10-24)29(38)18-35-17-21-13-14-23(36)15-22(21)16-27(35)31(40)34-32(2,3)4/h5-12,21-22,26-27,29,37-38H,13-19H2,1-4H3,(H,33,39)(H,34,40)",SPMKXXYTFIFOKT-UHFFFAOYSA-N,CC1=C(C=CC=C1O)C(=O)NC(CSC2=CC=CC=C2)C(CN3CC4CCC(CC4CC3C(=O)NC(C)(C)C)=O)O,,,C32H43N3O5S,581.292342476,3.803500000000003,1,1,1,BTM00065,BTM00065,Oxidation of secondary alcohol to ketone,BTMR0079,"CYP1A2
CYP2C9
CYP2C19",HUMAN,BTM00011,CC1=C(C=CC=C1O)C(=O)NC(CSC2=CC=CC=C2)C(CN3CC4CCC(CC4CC3C(=O)NC(C)(C)C)O)O,"InChI=1S/C32H45N3O5S/c1-20-25(11-8-12-28(20)37)30(39)33-26(19-41-24-9-6-5-7-10-24)29(38)18-35-17-21-13-14-23(36)15-22(21)16-27(35)31(40)34-32(2,3)4/h5-12,21-23,26-27,29,36-38H,13-19H2,1-4H3,(H,33,39)(H,34,40)",CATXIYJJEYJOKZ-UHFFFAOYSA-N,4.129399999999999,583.3079925400001
"InChI=1S/C32H45N3O6S/c1-19-26(37)12-13-27(38)29(19)31(41)33-24(18-42-23-8-6-5-7-9-23)28(39)17-35-16-20-10-11-22(36)14-21(20)15-25(35)30(40)34-32(2,3)4/h5-9,12-13,20-22,24-25,28,36-39H,10-11,14-18H2,1-4H3,(H,33,41)(H,34,40)",UEIQOGZYTVUUNK-UHFFFAOYSA-N,CC1=C(C(=CC=C1O)O)C(=O)NC(CSC2=CC=CC=C2)C(CN3CC4CCC(CC4CC3C(=O)NC(C)(C)C)O)O,,,C32H45N3O6S,599.30290716,3.862,2,1,1,BTM00171,BTM00171,p-Hydroxylation of phenol,BTMR1038,"CYP1A2
CYP2A6
CYP2B6
CYP2C8
CYP2C9
CYP2C19
CYP2D6
CYP2E1
CYP3A4",HUMAN,BTM00011,CC1=C(C=CC=C1O)C(=O)NC(CSC2=CC=CC=C2)C(CN3CC4CCC(CC4CC3C(=O)NC(C)(C)C)O)O,"InChI=1S/C32H45N3O5S/c1-20-25(11-8-12-28(20)37)30(39)33-26(19-41-24-9-6-5-7-10-24)29(38)18-35-17-21-13-14-23(36)15-22(21)16-27(35)31(40)34-32(2,3)4/h5-12,21-23,26-27,29,36-38H,13-19H2,1-4H3,(H,33,39)(H,34,40)",CATXIYJJEYJOKZ-UHFFFAOYSA-N,4.129399999999999,583.3079925400001
"InChI=1S/C32H45N3O6S/c1-32(2,3)34-31(41)27-15-21-14-22(37)13-12-20(21)16-35(27)17-29(39)26(19-42-23-8-5-4-6-9-23)33-30(40)24-10-7-11-28(38)25(24)18-36/h4-11,20-22,26-27,29,36-39H,12-19H2,1-3H3,(H,33,40)(H,34,41)",ZFQPCYRTNMWDPR-UHFFFAOYSA-N,C(C1=C(C=CC=C1O)C(=O)NC(CSC2=CC=CC=C2)C(CN3CC4CCC(CC4CC3C(=O)NC(C)(C)C)O)O)O,,,C32H45N3O6S,599.30290716,3.038700000000002,2,2,2,BTM00185,BTM00185,Aliphatic hydroxylation of methyl carbon adjacent to aromatic ring,BTMR1058,"CYP1A2
CYP2A6
CYP2B6
CYP2C8
CYP2C9
CYP2C19
CYP2D6
CYP2E1
CYP3A4",HUMAN,BTM00011,CC1=C(C=CC=C1O)C(=O)NC(CSC2=CC=CC=C2)C(CN3CC4CCC(CC4CC3C(=O)NC(C)(C)C)O)O,"InChI=1S/C32H45N3O5S/c1-20-25(11-8-12-28(20)37)30(39)33-26(19-41-24-9-6-5-7-10-24)29(38)18-35-17-21-13-14-23(36)15-22(21)16-27(35)31(40)34-32(2,3)4/h5-12,21-23,26-27,29,36-38H,13-19H2,1-4H3,(H,33,39)(H,34,40)",CATXIYJJEYJOKZ-UHFFFAOYSA-N,4.129399999999999,583.3079925400001
"InChI=1S/C32H45N3O6S/c1-19-23(11-8-12-27(19)37)30(40)33-25(18-42-22-9-6-5-7-10-22)29(39)17-35-16-24-20(13-21(36)15-28(24)38)14-26(35)31(41)34-32(2,3)4/h5-12,20-21,24-26,28-29,36-39H,13-18H2,1-4H3,(H,33,40)(H,34,41)",FBNXYAVUXGWGNL-UHFFFAOYSA-N,CC1=C(C=CC=C1O)C(=O)NC(CSC2=CC=CC=C2)C(CN3CC4C(CC(CC4CC3C(=O)NC(C)(C)C)O)O)O,,,C32H45N3O6S,599.30290716,2.7742999999999993,2,1,1,BTM00200,BTM00200,Hydroxylation of alicyclic secondary carbon,BTMR1068,"CYP1A2
CYP2C8
CYP2C9
CYP2C19
CYP2D6
CYP3A4",HUMAN,BTM00011,CC1=C(C=CC=C1O)C(=O)NC(CSC2=CC=CC=C2)C(CN3CC4CCC(CC4CC3C(=O)NC(C)(C)C)O)O,"InChI=1S/C32H45N3O5S/c1-20-25(11-8-12-28(20)37)30(39)33-26(19-41-24-9-6-5-7-10-24)29(38)18-35-17-21-13-14-23(36)15-22(21)16-27(35)31(40)34-32(2,3)4/h5-12,21-23,26-27,29,36-38H,13-19H2,1-4H3,(H,33,39)(H,34,40)",CATXIYJJEYJOKZ-UHFFFAOYSA-N,4.129399999999999,583.3079925400001
"InChI=1S/C32H45N3O6S/c1-19-23(11-8-12-26(19)36)30(40)33-24(18-42-22-9-6-5-7-10-22)29(39)17-35-16-21-15-28(38)27(37)14-20(21)13-25(35)31(41)34-32(2,3)4/h5-12,20-21,24-25,27-29,36-39H,13-18H2,1-4H3,(H,33,40)(H,34,41)",VVNNNXGGOGVMJL-UHFFFAOYSA-N,CC1=C(C=CC=C1O)C(=O)NC(CSC2=CC=CC=C2)C(CN3CC4CC(C(CC4CC3C(=O)NC(C)(C)C)O)O)O,,,C32H45N3O6S,599.30290716,3.1624999999999996,2,1,1,BTM00214,BTM00214,Hydroxylation of alicyclic secondary carbon,BTMR1068,"CYP1A2
CYP2C8
CYP2C9
CYP2C19
CYP2D6
CYP3A4",HUMAN,BTM00011,CC1=C(C=CC=C1O)C(=O)NC(CSC2=CC=CC=C2)C(CN3CC4CCC(CC4CC3C(=O)NC(C)(C)C)O)O,"InChI=1S/C32H45N3O5S/c1-20-25(11-8-12-28(20)37)30(39)33-26(19-41-24-9-6-5-7-10-24)29(38)18-35-17-21-13-14-23(36)15-22(21)16-27(35)31(40)34-32(2,3)4/h5-12,21-23,26-27,29,36-38H,13-19H2,1-4H3,(H,33,39)(H,34,40)",CATXIYJJEYJOKZ-UHFFFAOYSA-N,4.129399999999999,583.3079925400001
"InChI=1S/C32H45N3O6S/c1-19-22(11-8-12-26(19)36)30(40)33-24(18-42-21-9-6-5-7-10-21)28(38)17-35-16-20-13-14-27(37)29(39)23(20)15-25(35)31(41)34-32(2,3)4/h5-12,20,23-25,27-29,36-39H,13-18H2,1-4H3,(H,33,40)(H,34,41)",RRQHQEJQXGLRHV-UHFFFAOYSA-N,CC1=C(C=CC=C1O)C(=O)NC(CSC2=CC=CC=C2)C(CN3CC4CCC(C(C4CC3C(=O)NC(C)(C)C)O)O)O,,,C32H45N3O6S,599.30290716,3.2300000000000004,2,1,1,BTM00228,BTM00228,Hydroxylation of alicyclic secondary carbon,BTMR1068,"CYP1A2
CYP2C8
CYP2C9
CYP2C19
CYP2D6
CYP3A4",HUMAN,BTM00011,CC1=C(C=CC=C1O)C(=O)NC(CSC2=CC=CC=C2)C(CN3CC4CCC(CC4CC3C(=O)NC(C)(C)C)O)O,"InChI=1S/C32H45N3O5S/c1-20-25(11-8-12-28(20)37)30(39)33-26(19-41-24-9-6-5-7-10-24)29(38)18-35-17-21-13-14-23(36)15-22(21)16-27(35)31(40)34-32(2,3)4/h5-12,21-23,26-27,29,36-38H,13-19H2,1-4H3,(H,33,39)(H,34,40)",CATXIYJJEYJOKZ-UHFFFAOYSA-N,4.129399999999999,583.3079925400001
"InChI=1S/C32H45N3O6S/c1-20-25(11-8-12-28(20)37)30(39)33-26(19-42-24-9-6-5-7-10-24)29(38)18-35(41)17-21-13-14-23(36)15-22(21)16-27(35)31(40)34-32(2,3)4/h5-12,21-23,26-27,29,36-38H,13-19H2,1-4H3,(H,33,39)(H,34,40)",PCNXXRTXYUNSFW-UHFFFAOYSA-N,CC1=C(C=CC=C1O)C(=O)NC(CSC2=CC=CC=C2)C(C[N+]3(CC4CCC(CC4CC3C(=O)NC(C)(C)C)O)[O-])O,,,C32H45N3O6S,599.30290716,3.7242999999999977,1,1,1,BTM00229,BTM00229,N-Oxidation of alicyclic tertiary amine,BTMR1099,"CYP1A2
CYP2C8
CYP2C19
CYP2D6
CYP3A4",HUMAN,BTM00011,CC1=C(C=CC=C1O)C(=O)NC(CSC2=CC=CC=C2)C(CN3CC4CCC(CC4CC3C(=O)NC(C)(C)C)O)O,"InChI=1S/C32H45N3O5S/c1-20-25(11-8-12-28(20)37)30(39)33-26(19-41-24-9-6-5-7-10-24)29(38)18-35-17-21-13-14-23(36)15-22(21)16-27(35)31(40)34-32(2,3)4/h5-12,21-23,26-27,29,36-38H,13-19H2,1-4H3,(H,33,39)(H,34,40)",CATXIYJJEYJOKZ-UHFFFAOYSA-N,4.129399999999999,583.3079925400001
"InChI=1S/C18H19NO4S/c1-12-14(8-5-9-16(12)21)18(23)19-15(17(22)10-20)11-24-13-6-3-2-4-7-13/h2-10,15,17,21-22H,11H2,1H3,(H,19,23)",FQXWQOQASHJKCY-UHFFFAOYSA-N,CC1=C(C=CC=C1O)C(=O)NC(CSC2=CC=CC=C2)C(C=O)O,,,C18H19NO4S,345.10347908800003,2.6822,0,1,1,BTM00014,BTM00014,N-Dealkylation of alicyclic tertiary amine,BTMR1144,"CYP1A2
CYP2A6
CYP2B6
CYP2C8
CYP2C9
CYP2C19
CYP2D6
CYP3A4",HUMAN,BTM00011,CC1=C(C=CC=C1O)C(=O)NC(CSC2=CC=CC=C2)C(CN3CC4CCC(CC4CC3C(=O)NC(C)(C)C)O)O,"InChI=1S/C32H45N3O5S/c1-20-25(11-8-12-28(20)37)30(39)33-26(19-41-24-9-6-5-7-10-24)29(38)18-35-17-21-13-14-23(36)15-22(21)16-27(35)31(40)34-32(2,3)4/h5-12,21-23,26-27,29,36-38H,13-19H2,1-4H3,(H,33,39)(H,34,40)",CATXIYJJEYJOKZ-UHFFFAOYSA-N,4.129399999999999,583.3079925400001
"InChI=1S/C14H26N2O2/c1-14(2,3)16-13(18)12-7-10-6-11(17)5-4-9(10)8-15-12/h9-12,15,17H,4-8H2,1-3H3,(H,16,18)",XXLCJTUDHSSLEB-UHFFFAOYSA-N,N1CC2CCC(CC2CC1C(=O)NC(C)(C)C)O,,,C14H26N2O2,254.199428072,0.8096000000000013,0,1,1,BTM00230,BTM00230,N-Dealkylation of alicyclic tertiary amine,BTMR1144,"CYP1A2
CYP2A6
CYP2B6
CYP2C8
CYP2C9
CYP2C19
CYP2D6
CYP3A4",HUMAN,BTM00011,CC1=C(C=CC=C1O)C(=O)NC(CSC2=CC=CC=C2)C(CN3CC4CCC(CC4CC3C(=O)NC(C)(C)C)O)O,"InChI=1S/C32H45N3O5S/c1-20-25(11-8-12-28(20)37)30(39)33-26(19-41-24-9-6-5-7-10-24)29(38)18-35-17-21-13-14-23(36)15-22(21)16-27(35)31(40)34-32(2,3)4/h5-12,21-23,26-27,29,36-38H,13-19H2,1-4H3,(H,33,39)(H,34,40)",CATXIYJJEYJOKZ-UHFFFAOYSA-N,4.129399999999999,583.3079925400001
"InChI=1S/C32H45N3O6S/c1-19-25(14-23(37)15-28(19)38)30(40)33-26(18-42-24-8-6-5-7-9-24)29(39)17-35-16-20-10-11-22(36)12-21(20)13-27(35)31(41)34-32(2,3)4/h5-9,14-15,20-22,26-27,29,36-39H,10-13,16-18H2,1-4H3,(H,33,40)(H,34,41)",PRLLAJAYKOHBTF-UHFFFAOYSA-N,CC1=C(C=C(C=C1O)O)C(=O)NC(CSC2=CC=CC=C2)C(CN3CC4CCC(CC4CC3C(=O)NC(C)(C)C)O)O,,,C32H45N3O6S,599.30290716,3.862,2,1,1,BTM00231,BTM00231,Hydroxylation of benzene on carbon para to electron donating group,BTMR1047,"CYP1A2
CYP2C8
CYP2C9
CYP2D6
CYP3A4",HUMAN,BTM00011,CC1=C(C=CC=C1O)C(=O)NC(CSC2=CC=CC=C2)C(CN3CC4CCC(CC4CC3C(=O)NC(C)(C)C)O)O,"InChI=1S/C32H45N3O5S/c1-20-25(11-8-12-28(20)37)30(39)33-26(19-41-24-9-6-5-7-10-24)29(38)18-35-17-21-13-14-23(36)15-22(21)16-27(35)31(40)34-32(2,3)4/h5-12,21-23,26-27,29,36-38H,13-19H2,1-4H3,(H,33,39)(H,34,40)",CATXIYJJEYJOKZ-UHFFFAOYSA-N,4.129399999999999,583.3079925400001
"InChI=1S/C32H45N3O6S/c1-19-24(12-13-27(37)29(19)39)30(40)33-25(18-42-23-8-6-5-7-9-23)28(38)17-35-16-20-10-11-22(36)14-21(20)15-26(35)31(41)34-32(2,3)4/h5-9,12-13,20-22,25-26,28,36-39H,10-11,14-18H2,1-4H3,(H,33,40)(H,34,41)",LSYXWFVWGPZSTR-UHFFFAOYSA-N,CC1=C(C=CC(=C1O)O)C(=O)NC(CSC2=CC=CC=C2)C(CN3CC4CCC(CC4CC3C(=O)NC(C)(C)C)O)O,,,C32H45N3O6S,599.30290716,3.862,2,1,1,BTM00232,BTM00232,Hydroxylation of benzene on carbon para to electron donating group,BTMR1047,"CYP1A2
CYP2C8
CYP2C9
CYP2D6
CYP3A4",HUMAN,BTM00011,CC1=C(C=CC=C1O)C(=O)NC(CSC2=CC=CC=C2)C(CN3CC4CCC(CC4CC3C(=O)NC(C)(C)C)O)O,"InChI=1S/C32H45N3O5S/c1-20-25(11-8-12-28(20)37)30(39)33-26(19-41-24-9-6-5-7-10-24)29(38)18-35-17-21-13-14-23(36)15-22(21)16-27(35)31(40)34-32(2,3)4/h5-12,21-23,26-27,29,36-38H,13-19H2,1-4H3,(H,33,39)(H,34,40)",CATXIYJJEYJOKZ-UHFFFAOYSA-N,4.129399999999999,583.3079925400001
"InChI=1S/C32H45N3O6S/c1-19-23(11-8-12-27(19)37)29(39)33-25(18-42-22-9-6-5-7-10-22)28(38)17-35-26(30(40)34-32(2,3)4)16-20-15-21(36)13-14-24(20)31(35)41/h5-12,20-21,24-26,28,31,36-38,41H,13-18H2,1-4H3,(H,33,39)(H,34,40)",PXYOWXLXHNZLQA-UHFFFAOYSA-N,CC1=C(C=CC=C1O)C(=O)NC(CSC2=CC=CC=C2)C(CN3C(C4CCC(CC4CC3C(=O)NC(C)(C)C)O)O)O,,,C32H45N3O6S,599.30290716,3.660300000000004,2,1,1,BTM00233,BTM00233,Hydroxylation of heteroalicyclic secondary carbon,BTMR1070,"CYP1A2
CYP2A6
CYP2C9
CYP2D6
CYP3A4",HUMAN,BTM00011,CC1=C(C=CC=C1O)C(=O)NC(CSC2=CC=CC=C2)C(CN3CC4CCC(CC4CC3C(=O)NC(C)(C)C)O)O,"InChI=1S/C32H45N3O5S/c1-20-25(11-8-12-28(20)37)30(39)33-26(19-41-24-9-6-5-7-10-24)29(38)18-35-17-21-13-14-23(36)15-22(21)16-27(35)31(40)34-32(2,3)4/h5-12,21-23,26-27,29,36-38H,13-19H2,1-4H3,(H,33,39)(H,34,40)",CATXIYJJEYJOKZ-UHFFFAOYSA-N,4.129399999999999,583.3079925400001
"InChI=1S/C32H45N3O6S/c1-19-23(11-8-12-26(19)37)30(40)33-25(18-42-22-9-6-5-7-10-22)27(38)17-35-16-20-13-14-21(36)15-24(20)29(39)28(35)31(41)34-32(2,3)4/h5-12,20-21,24-25,27-29,36-39H,13-18H2,1-4H3,(H,33,40)(H,34,41)",ARGUMDMICLVJGU-UHFFFAOYSA-N,CC1=C(C=CC=C1O)C(=O)NC(CSC2=CC=CC=C2)C(CN3CC4CCC(CC4C(C3C(=O)NC(C)(C)C)O)O)O,,,C32H45N3O6S,599.30290716,3.2300000000000004,2,1,1,BTM00234,BTM00234,Hydroxylation of heteroalicyclic secondary carbon,BTMR1071,CYP1A2,HUMAN,BTM00011,CC1=C(C=CC=C1O)C(=O)NC(CSC2=CC=CC=C2)C(CN3CC4CCC(CC4CC3C(=O)NC(C)(C)C)O)O,"InChI=1S/C32H45N3O5S/c1-20-25(11-8-12-28(20)37)30(39)33-26(19-41-24-9-6-5-7-10-24)29(38)18-35-17-21-13-14-23(36)15-22(21)16-27(35)31(40)34-32(2,3)4/h5-12,21-23,26-27,29,36-38H,13-19H2,1-4H3,(H,33,39)(H,34,40)",CATXIYJJEYJOKZ-UHFFFAOYSA-N,4.129399999999999,583.3079925400001
"InChI=1S/C32H45N3O6S/c1-20-25(11-8-12-28(20)37)30(39)33-26(19-42(41)24-9-6-5-7-10-24)29(38)18-35-17-21-13-14-23(36)15-22(21)16-27(35)31(40)34-32(2,3)4/h5-12,21-23,26-27,29,36-38H,13-19H2,1-4H3,(H,33,39)(H,34,40)",LWJCEYPWXRDQLN-UHFFFAOYSA-N,CC1=C(C=CC=C1O)C(=O)NC(CS(C2=CC=CC=C2)=O)C(CN3CC4CCC(CC4CC3C(=O)NC(C)(C)C)O)O,,,C32H45N3O6S,599.30290716,3.0175999999999985,1,1,1,BTM00235,BTM00235,S-Oxidation of alkylarylthioether to sulfoxide,BTMR0058,"CYP1A2
CYP2A6
CYP2B6
CYP2C9
CYP2D6
CYP2E1
CYP3A4",HUMAN,BTM00011,CC1=C(C=CC=C1O)C(=O)NC(CSC2=CC=CC=C2)C(CN3CC4CCC(CC4CC3C(=O)NC(C)(C)C)O)O,"InChI=1S/C32H45N3O5S/c1-20-25(11-8-12-28(20)37)30(39)33-26(19-41-24-9-6-5-7-10-24)29(38)18-35-17-21-13-14-23(36)15-22(21)16-27(35)31(40)34-32(2,3)4/h5-12,21-23,26-27,29,36-38H,13-19H2,1-4H3,(H,33,39)(H,34,40)",CATXIYJJEYJOKZ-UHFFFAOYSA-N,4.129399999999999,583.3079925400001
"InChI=1S/C32H45N3O6S/c1-20-25(10-7-11-28(20)38)30(40)33-26(18-42-24-8-5-4-6-9-24)29(39)17-35-16-21-12-13-23(37)14-22(21)15-27(35)31(41)34-32(2,3)19-36/h4-11,21-23,26-27,29,36-39H,12-19H2,1-3H3,(H,33,40)(H,34,41)",NUJLHFSVPWWCCL-UHFFFAOYSA-N,CC1=C(C=CC=C1O)C(=O)NC(CSC2=CC=CC=C2)C(CN3CC4CCC(CC4CC3C(=O)NC(C)(C)CO)O)O,,,C32H45N3O6S,599.30290716,3.241200000000001,2,2,2,BTM00236,BTM00236,Hydroxylation of terminal methyl,BTMR1061,"CYP1A2
CYP2A6
CYP2B6
CYP2C8
CYP2C9
CYP2C19
CYP2D6
CYP2E1
CYP3A4",HUMAN,BTM00011,CC1=C(C=CC=C1O)C(=O)NC(CSC2=CC=CC=C2)C(CN3CC4CCC(CC4CC3C(=O)NC(C)(C)C)O)O,"InChI=1S/C32H45N3O5S/c1-20-25(11-8-12-28(20)37)30(39)33-26(19-41-24-9-6-5-7-10-24)29(38)18-35-17-21-13-14-23(36)15-22(21)16-27(35)31(40)34-32(2,3)4/h5-12,21-23,26-27,29,36-38H,13-19H2,1-4H3,(H,33,39)(H,34,40)",CATXIYJJEYJOKZ-UHFFFAOYSA-N,4.129399999999999,583.3079925400001
"InChI=1S/C32H45N3O6S/c1-20-24(11-8-12-27(20)37)29(39)33-25(18-42-23-9-6-5-7-10-23)28(38)17-35-19-32(41)14-13-22(36)15-21(32)16-26(35)30(40)34-31(2,3)4/h5-12,21-22,25-26,28,36-38,41H,13-19H2,1-4H3,(H,33,39)(H,34,40)",IIPYCVKBCZAEEJ-UHFFFAOYSA-N,CC1=C(C=CC=C1O)C(=O)NC(CSC2=CC=CC=C2)C(CN3CC4(CCC(CC4CC3C(=O)NC(C)(C)C)O)O)O,,,C32H45N3O6S,599.30290716,3.1831999999999976,2,1,1,BTM00237,BTM00237,Hydroxylation of alicyclic tertiary carbon,BTMR1243,CYP1A2,HUMAN,BTM00011,CC1=C(C=CC=C1O)C(=O)NC(CSC2=CC=CC=C2)C(CN3CC4CCC(CC4CC3C(=O)NC(C)(C)C)O)O,"InChI=1S/C32H45N3O5S/c1-20-25(11-8-12-28(20)37)30(39)33-26(19-41-24-9-6-5-7-10-24)29(38)18-35-17-21-13-14-23(36)15-22(21)16-27(35)31(40)34-32(2,3)4/h5-12,21-23,26-27,29,36-38H,13-19H2,1-4H3,(H,33,39)(H,34,40)",CATXIYJJEYJOKZ-UHFFFAOYSA-N,4.129399999999999,583.3079925400001
"InChI=1S/C32H45N3O6S/c1-20-24(11-8-12-27(20)37)29(39)33-25(19-42-23-9-6-5-7-10-23)28(38)18-35-17-21-13-14-22(36)15-32(21,41)16-26(35)30(40)34-31(2,3)4/h5-12,21-22,25-26,28,36-38,41H,13-19H2,1-4H3,(H,33,39)(H,34,40)",TZULVCPCNZTZHT-UHFFFAOYSA-N,CC1=C(C=CC=C1O)C(=O)NC(CSC2=CC=CC=C2)C(CN3CC4CCC(CC4(CC3C(=O)NC(C)(C)C)O)O)O,,,C32H45N3O6S,599.30290716,2.671199999999997,2,1,1,BTM00238,BTM00238,Hydroxylation of alicyclic tertiary carbon,BTMR1243,CYP1A2,HUMAN,BTM00011,CC1=C(C=CC=C1O)C(=O)NC(CSC2=CC=CC=C2)C(CN3CC4CCC(CC4CC3C(=O)NC(C)(C)C)O)O,"InChI=1S/C32H45N3O5S/c1-20-25(11-8-12-28(20)37)30(39)33-26(19-41-24-9-6-5-7-10-24)29(38)18-35-17-21-13-14-23(36)15-22(21)16-27(35)31(40)34-32(2,3)4/h5-12,21-23,26-27,29,36-38H,13-19H2,1-4H3,(H,33,39)(H,34,40)",CATXIYJJEYJOKZ-UHFFFAOYSA-N,4.129399999999999,583.3079925400001
"InChI=1S/C32H45N3O6S/c1-19-24(11-8-12-27(19)37)29(39)33-25(18-42-23-9-6-5-7-10-23)28(38)31(41)35-17-20-13-14-22(36)15-21(20)16-26(35)30(40)34-32(2,3)4/h5-12,20-22,25-26,28,31,36-38,41H,13-18H2,1-4H3,(H,33,39)(H,34,40)",CHWCTKHZEWKDDB-UHFFFAOYSA-N,CC1=C(C=CC=C1O)C(=O)NC(CSC2=CC=CC=C2)C(C(N3CC4CCC(CC4CC3C(=O)NC(C)(C)C)O)O)O,,,C32H45N3O6S,599.30290716,3.7897000000000043,2,1,1,BTM00239,BTM00239,Aliphatic hydroxylation of carbon alpha to secondary or tertiary alkyl-N,BTMR1081,"CYP2B6
CYP2C19
CYP2D6",HUMAN,BTM00011,CC1=C(C=CC=C1O)C(=O)NC(CSC2=CC=CC=C2)C(CN3CC4CCC(CC4CC3C(=O)NC(C)(C)C)O)O,"InChI=1S/C32H45N3O5S/c1-20-25(11-8-12-28(20)37)30(39)33-26(19-41-24-9-6-5-7-10-24)29(38)18-35-17-21-13-14-23(36)15-22(21)16-27(35)31(40)34-32(2,3)4/h5-12,21-23,26-27,29,36-38H,13-19H2,1-4H3,(H,33,39)(H,34,40)",CATXIYJJEYJOKZ-UHFFFAOYSA-N,4.129399999999999,583.3079925400001
"InChI=1S/C32H45N3O6S/c1-19-23(11-8-12-27(19)37)29(39)33-25(18-42-22-9-6-5-7-10-22)28(38)17-35-26(30(40)34-32(2,3)4)16-20-15-21(36)13-14-24(20)31(35)41/h5-12,20-21,24-26,28,31,36-38,41H,13-18H2,1-4H3,(H,33,39)(H,34,40)",PXYOWXLXHNZLQA-UHFFFAOYSA-N,CC1=C(C=CC=C1O)C(=O)NC(CSC2=CC=CC=C2)C(CN3C(C4CCC(CC4CC3C(=O)NC(C)(C)C)O)O)O,,,C32H45N3O6S,599.30290716,3.660300000000004,2,1,1,BTM00233,BTM00233,Aliphatic hydroxylation of carbon alpha to secondary or tertiary alkyl-N,BTMR1081,"CYP2B6
CYP2C19
CYP2D6",HUMAN,BTM00011,CC1=C(C=CC=C1O)C(=O)NC(CSC2=CC=CC=C2)C(CN3CC4CCC(CC4CC3C(=O)NC(C)(C)C)O)O,"InChI=1S/C32H45N3O5S/c1-20-25(11-8-12-28(20)37)30(39)33-26(19-41-24-9-6-5-7-10-24)29(38)18-35-17-21-13-14-23(36)15-22(21)16-27(35)31(40)34-32(2,3)4/h5-12,21-23,26-27,29,36-38H,13-19H2,1-4H3,(H,33,39)(H,34,40)",CATXIYJJEYJOKZ-UHFFFAOYSA-N,4.129399999999999,583.3079925400001
"InChI=1S/C32H45N3O6S/c1-20-25(11-8-12-27(20)37)29(39)33-26(19-42-24-9-6-5-7-10-24)28(38)18-35-17-21-13-14-23(36)15-22(21)16-32(35,41)30(40)34-31(2,3)4/h5-12,21-23,26,28,36-38,41H,13-19H2,1-4H3,(H,33,39)(H,34,40)",QSBXYHUDOXPWJR-UHFFFAOYSA-N,CC1=C(C=CC=C1O)C(=O)NC(CSC2=CC=CC=C2)C(CN3CC4CCC(CC4CC3(C(=O)NC(C)(C)C)O)O)O,,,C32H45N3O6S,599.30290716,3.4807000000000015,2,1,1,BTM00240,BTM00240,Aliphatic hydroxylation of carbon alpha to secondary or tertiary alkyl-N,BTMR1081,"CYP2B6
CYP2C19
CYP2D6",HUMAN,BTM00011,CC1=C(C=CC=C1O)C(=O)NC(CSC2=CC=CC=C2)C(CN3CC4CCC(CC4CC3C(=O)NC(C)(C)C)O)O,"InChI=1S/C32H45N3O5S/c1-20-25(11-8-12-28(20)37)30(39)33-26(19-41-24-9-6-5-7-10-24)29(38)18-35-17-21-13-14-23(36)15-22(21)16-27(35)31(40)34-32(2,3)4/h5-12,21-23,26-27,29,36-38H,13-19H2,1-4H3,(H,33,39)(H,34,40)",CATXIYJJEYJOKZ-UHFFFAOYSA-N,4.129399999999999,583.3079925400001
"InChI=1S/C32H43N3O5S/c1-20-23(13-9-14-27(20)36)30(39)33-25(19-41-22-11-6-5-7-12-22)29(38)18-35-17-21-10-8-15-28(37)24(21)16-26(35)31(40)34-32(2,3)4/h5-7,9,11-14,21,24-26,28,36-37H,8,10,15-19H2,1-4H3,(H,33,39)(H,34,40)",QEBVGASOIAHKIZ-UHFFFAOYSA-N,CC1=C(C=CC=C1O)C(=O)NC(CSC2=CC=CC=C2)C(CN3CC4CCCC(C4CC3C(=O)NC(C)(C)C)O)=O,,,C32H43N3O5S,581.292342476,4.443800000000002,1,1,1,BTM00155,BTM00155,Oxidation of secondary alcohol to ketone,BTMR0079,"CYP1A2
CYP2C9
CYP2C19",HUMAN,BTM00012,CC1=C(C=CC=C1O)C(=O)NC(CSC2=CC=CC=C2)C(CN3CC4CCCC(C4CC3C(=O)NC(C)(C)C)O)O,"InChI=1S/C32H45N3O5S/c1-20-23(13-9-14-27(20)36)30(39)33-25(19-41-22-11-6-5-7-12-22)29(38)18-35-17-21-10-8-15-28(37)24(21)16-26(35)31(40)34-32(2,3)4/h5-7,9,11-14,21,24-26,28-29,36-38H,8,10,15-19H2,1-4H3,(H,33,39)(H,34,40)",FDMBATCUZSHYIW-UHFFFAOYSA-N,4.196899999999999,583.30799254
"InChI=1S/C32H43N3O5S/c1-20-23(13-9-14-27(20)36)30(39)33-25(19-41-22-11-6-5-7-12-22)29(38)18-35-17-21-10-8-15-28(37)24(21)16-26(35)31(40)34-32(2,3)4/h5-7,9,11-14,21,24-26,29,36,38H,8,10,15-19H2,1-4H3,(H,33,39)(H,34,40)",LFPANFAMZHOQCV-UHFFFAOYSA-N,CC1=C(C=CC=C1O)C(=O)NC(CSC2=CC=CC=C2)C(CN3CC4CCCC(C4CC3C(=O)NC(C)(C)C)=O)O,,,C32H43N3O5S,581.292342476,4.014200000000003,1,1,1,BTM00072,BTM00072,Oxidation of secondary alcohol to ketone,BTMR0079,"CYP1A2
CYP2C9
CYP2C19",HUMAN,BTM00012,CC1=C(C=CC=C1O)C(=O)NC(CSC2=CC=CC=C2)C(CN3CC4CCCC(C4CC3C(=O)NC(C)(C)C)O)O,"InChI=1S/C32H45N3O5S/c1-20-23(13-9-14-27(20)36)30(39)33-25(19-41-22-11-6-5-7-12-22)29(38)18-35-17-21-10-8-15-28(37)24(21)16-26(35)31(40)34-32(2,3)4/h5-7,9,11-14,21,24-26,28-29,36-38H,8,10,15-19H2,1-4H3,(H,33,39)(H,34,40)",FDMBATCUZSHYIW-UHFFFAOYSA-N,4.196899999999999,583.30799254
"InChI=1S/C32H45N3O6S/c1-19-25(36)13-14-27(38)29(19)31(41)33-23(18-42-21-10-6-5-7-11-21)28(39)17-35-16-20-9-8-12-26(37)22(20)15-24(35)30(40)34-32(2,3)4/h5-7,10-11,13-14,20,22-24,26,28,36-39H,8-9,12,15-18H2,1-4H3,(H,33,41)(H,34,40)",USBXUGOREUOORS-UHFFFAOYSA-N,CC1=C(C(=CC=C1O)O)C(=O)NC(CSC2=CC=CC=C2)C(CN3CC4CCCC(C4CC3C(=O)NC(C)(C)C)O)O,,,C32H45N3O6S,599.30290716,3.929499999999999,2,1,1,BTM00172,BTM00172,p-Hydroxylation of phenol,BTMR1038,"CYP1A2
CYP2A6
CYP2B6
CYP2C8
CYP2C9
CYP2C19
CYP2D6
CYP2E1
CYP3A4",HUMAN,BTM00012,CC1=C(C=CC=C1O)C(=O)NC(CSC2=CC=CC=C2)C(CN3CC4CCCC(C4CC3C(=O)NC(C)(C)C)O)O,"InChI=1S/C32H45N3O5S/c1-20-23(13-9-14-27(20)36)30(39)33-25(19-41-22-11-6-5-7-12-22)29(38)18-35-17-21-10-8-15-28(37)24(21)16-26(35)31(40)34-32(2,3)4/h5-7,9,11-14,21,24-26,28-29,36-38H,8,10,15-19H2,1-4H3,(H,33,39)(H,34,40)",FDMBATCUZSHYIW-UHFFFAOYSA-N,4.196899999999999,583.30799254
"InChI=1S/C32H45N3O6S/c1-32(2,3)34-31(41)26-15-23-20(9-7-13-27(23)37)16-35(26)17-29(39)25(19-42-21-10-5-4-6-11-21)33-30(40)22-12-8-14-28(38)24(22)18-36/h4-6,8,10-12,14,20,23,25-27,29,36-39H,7,9,13,15-19H2,1-3H3,(H,33,40)(H,34,41)",ZJRVMRDVWHUXBX-UHFFFAOYSA-N,C(C1=C(C=CC=C1O)C(=O)NC(CSC2=CC=CC=C2)C(CN3CC4CCCC(C4CC3C(=O)NC(C)(C)C)O)O)O,,,C32H45N3O6S,599.30290716,3.1061999999999994,2,2,2,BTM00186,BTM00186,Aliphatic hydroxylation of methyl carbon adjacent to aromatic ring,BTMR1058,"CYP1A2
CYP2A6
CYP2B6
CYP2C8
CYP2C9
CYP2C19
CYP2D6
CYP2E1
CYP3A4",HUMAN,BTM00012,CC1=C(C=CC=C1O)C(=O)NC(CSC2=CC=CC=C2)C(CN3CC4CCCC(C4CC3C(=O)NC(C)(C)C)O)O,"InChI=1S/C32H45N3O5S/c1-20-23(13-9-14-27(20)36)30(39)33-25(19-41-22-11-6-5-7-12-22)29(38)18-35-17-21-10-8-15-28(37)24(21)16-26(35)31(40)34-32(2,3)4/h5-7,9,11-14,21,24-26,28-29,36-38H,8,10,15-19H2,1-4H3,(H,33,39)(H,34,40)",FDMBATCUZSHYIW-UHFFFAOYSA-N,4.196899999999999,583.30799254
"InChI=1S/C32H45N3O6S/c1-19-21(11-8-12-26(19)36)30(40)33-24(18-42-20-9-6-5-7-10-20)29(39)17-35-16-23-22(27(37)13-14-28(23)38)15-25(35)31(41)34-32(2,3)4/h5-12,22-25,27-29,36-39H,13-18H2,1-4H3,(H,33,40)(H,34,41)",GDRNTIIJORTEOH-UHFFFAOYSA-N,CC1=C(C=CC=C1O)C(=O)NC(CSC2=CC=CC=C2)C(CN3CC4C(CCC(C4CC3C(=O)NC(C)(C)C)O)O)O,,,C32H45N3O6S,599.30290716,2.965600000000002,2,1,1,BTM00201,BTM00201,Hydroxylation of alicyclic secondary carbon,BTMR1068,"CYP1A2
CYP2C8
CYP2C9
CYP2C19
CYP2D6
CYP3A4",HUMAN,BTM00012,CC1=C(C=CC=C1O)C(=O)NC(CSC2=CC=CC=C2)C(CN3CC4CCCC(C4CC3C(=O)NC(C)(C)C)O)O,"InChI=1S/C32H45N3O5S/c1-20-23(13-9-14-27(20)36)30(39)33-25(19-41-22-11-6-5-7-12-22)29(38)18-35-17-21-10-8-15-28(37)24(21)16-26(35)31(40)34-32(2,3)4/h5-7,9,11-14,21,24-26,28-29,36-38H,8,10,15-19H2,1-4H3,(H,33,39)(H,34,40)",FDMBATCUZSHYIW-UHFFFAOYSA-N,4.196899999999999,583.30799254
"InChI=1S/C32H45N3O6S/c1-19-23(11-8-12-27(19)37)30(40)33-25(18-42-22-9-6-5-7-10-22)29(39)17-35-16-20-13-21(36)14-28(38)24(20)15-26(35)31(41)34-32(2,3)4/h5-12,20-21,24-26,28-29,36-39H,13-18H2,1-4H3,(H,33,40)(H,34,41)",UELGWLOBYXYHSV-UHFFFAOYSA-N,CC1=C(C=CC=C1O)C(=O)NC(CSC2=CC=CC=C2)C(CN3CC4CC(CC(C4CC3C(=O)NC(C)(C)C)O)O)O,,,C32H45N3O6S,599.30290716,2.8362000000000007,2,1,1,BTM00215,BTM00215,Hydroxylation of alicyclic secondary carbon,BTMR1068,"CYP1A2
CYP2C8
CYP2C9
CYP2C19
CYP2D6
CYP3A4",HUMAN,BTM00012,CC1=C(C=CC=C1O)C(=O)NC(CSC2=CC=CC=C2)C(CN3CC4CCCC(C4CC3C(=O)NC(C)(C)C)O)O,"InChI=1S/C32H45N3O5S/c1-20-23(13-9-14-27(20)36)30(39)33-25(19-41-22-11-6-5-7-12-22)29(38)18-35-17-21-10-8-15-28(37)24(21)16-26(35)31(40)34-32(2,3)4/h5-7,9,11-14,21,24-26,28-29,36-38H,8,10,15-19H2,1-4H3,(H,33,39)(H,34,40)",FDMBATCUZSHYIW-UHFFFAOYSA-N,4.196899999999999,583.30799254
"InChI=1S/C32H45N3O6S/c1-19-22(11-8-12-26(19)36)30(40)33-24(18-42-21-9-6-5-7-10-21)28(38)17-35-16-20-13-14-27(37)29(39)23(20)15-25(35)31(41)34-32(2,3)4/h5-12,20,23-25,27-29,36-39H,13-18H2,1-4H3,(H,33,40)(H,34,41)",RRQHQEJQXGLRHV-UHFFFAOYSA-N,CC1=C(C=CC=C1O)C(=O)NC(CSC2=CC=CC=C2)C(CN3CC4CCC(C(C4CC3C(=O)NC(C)(C)C)O)O)O,,,C32H45N3O6S,599.30290716,3.2300000000000004,2,1,1,BTM00228,BTM00228,Hydroxylation of alicyclic secondary carbon,BTMR1068,"CYP1A2
CYP2C8
CYP2C9
CYP2C19
CYP2D6
CYP3A4",HUMAN,BTM00012,CC1=C(C=CC=C1O)C(=O)NC(CSC2=CC=CC=C2)C(CN3CC4CCCC(C4CC3C(=O)NC(C)(C)C)O)O,"InChI=1S/C32H45N3O5S/c1-20-23(13-9-14-27(20)36)30(39)33-25(19-41-22-11-6-5-7-12-22)29(38)18-35-17-21-10-8-15-28(37)24(21)16-26(35)31(40)34-32(2,3)4/h5-7,9,11-14,21,24-26,28-29,36-38H,8,10,15-19H2,1-4H3,(H,33,39)(H,34,40)",FDMBATCUZSHYIW-UHFFFAOYSA-N,4.196899999999999,583.30799254
"InChI=1S/C32H45N3O6S/c1-20-23(13-9-14-27(20)36)30(39)33-25(19-42-22-11-6-5-7-12-22)29(38)18-35(41)17-21-10-8-15-28(37)24(21)16-26(35)31(40)34-32(2,3)4/h5-7,9,11-14,21,24-26,28-29,36-38H,8,10,15-19H2,1-4H3,(H,33,39)(H,34,40)",AFMIEXBMCMFODU-UHFFFAOYSA-N,CC1=C(C=CC=C1O)C(=O)NC(CSC2=CC=CC=C2)C(C[N+]3(CC4CCCC(C4CC3C(=O)NC(C)(C)C)O)[O-])O,,,C32H45N3O6S,599.30290716,3.7917999999999985,1,1,1,BTM00241,BTM00241,N-Oxidation of alicyclic tertiary amine,BTMR1099,"CYP1A2
CYP2C8
CYP2C19
CYP2D6
CYP3A4",HUMAN,BTM00012,CC1=C(C=CC=C1O)C(=O)NC(CSC2=CC=CC=C2)C(CN3CC4CCCC(C4CC3C(=O)NC(C)(C)C)O)O,"InChI=1S/C32H45N3O5S/c1-20-23(13-9-14-27(20)36)30(39)33-25(19-41-22-11-6-5-7-12-22)29(38)18-35-17-21-10-8-15-28(37)24(21)16-26(35)31(40)34-32(2,3)4/h5-7,9,11-14,21,24-26,28-29,36-38H,8,10,15-19H2,1-4H3,(H,33,39)(H,34,40)",FDMBATCUZSHYIW-UHFFFAOYSA-N,4.196899999999999,583.30799254
"InChI=1S/C18H19NO4S/c1-12-14(8-5-9-16(12)21)18(23)19-15(17(22)10-20)11-24-13-6-3-2-4-7-13/h2-10,15,17,21-22H,11H2,1H3,(H,19,23)",FQXWQOQASHJKCY-UHFFFAOYSA-N,CC1=C(C=CC=C1O)C(=O)NC(CSC2=CC=CC=C2)C(C=O)O,,,C18H19NO4S,345.10347908800003,2.6822,0,1,1,BTM00014,BTM00014,N-Dealkylation of alicyclic tertiary amine,BTMR1144,"CYP1A2
CYP2A6
CYP2B6
CYP2C8
CYP2C9
CYP2C19
CYP2D6
CYP3A4",HUMAN,BTM00012,CC1=C(C=CC=C1O)C(=O)NC(CSC2=CC=CC=C2)C(CN3CC4CCCC(C4CC3C(=O)NC(C)(C)C)O)O,"InChI=1S/C32H45N3O5S/c1-20-23(13-9-14-27(20)36)30(39)33-25(19-41-22-11-6-5-7-12-22)29(38)18-35-17-21-10-8-15-28(37)24(21)16-26(35)31(40)34-32(2,3)4/h5-7,9,11-14,21,24-26,28-29,36-38H,8,10,15-19H2,1-4H3,(H,33,39)(H,34,40)",FDMBATCUZSHYIW-UHFFFAOYSA-N,4.196899999999999,583.30799254
"InChI=1S/C14H26N2O2/c1-14(2,3)16-13(18)11-7-10-9(8-15-11)5-4-6-12(10)17/h9-12,15,17H,4-8H2,1-3H3,(H,16,18)",ZIHDEPHPLIDMGU-UHFFFAOYSA-N,N1CC2CCCC(C2CC1C(=O)NC(C)(C)C)O,,,C14H26N2O2,254.199428072,0.8770999999999985,0,1,1,BTM00242,BTM00242,N-Dealkylation of alicyclic tertiary amine,BTMR1144,"CYP1A2
CYP2A6
CYP2B6
CYP2C8
CYP2C9
CYP2C19
CYP2D6
CYP3A4",HUMAN,BTM00012,CC1=C(C=CC=C1O)C(=O)NC(CSC2=CC=CC=C2)C(CN3CC4CCCC(C4CC3C(=O)NC(C)(C)C)O)O,"InChI=1S/C32H45N3O5S/c1-20-23(13-9-14-27(20)36)30(39)33-25(19-41-22-11-6-5-7-12-22)29(38)18-35-17-21-10-8-15-28(37)24(21)16-26(35)31(40)34-32(2,3)4/h5-7,9,11-14,21,24-26,28-29,36-38H,8,10,15-19H2,1-4H3,(H,33,39)(H,34,40)",FDMBATCUZSHYIW-UHFFFAOYSA-N,4.196899999999999,583.30799254
"InChI=1S/C32H45N3O6S/c1-19-23(13-21(36)14-28(19)38)30(40)33-25(18-42-22-10-6-5-7-11-22)29(39)17-35-16-20-9-8-12-27(37)24(20)15-26(35)31(41)34-32(2,3)4/h5-7,10-11,13-14,20,24-27,29,36-39H,8-9,12,15-18H2,1-4H3,(H,33,40)(H,34,41)",BPZGHUWACHPIBV-UHFFFAOYSA-N,CC1=C(C=C(C=C1O)O)C(=O)NC(CSC2=CC=CC=C2)C(CN3CC4CCCC(C4CC3C(=O)NC(C)(C)C)O)O,,,C32H45N3O6S,599.30290716,3.929499999999999,2,1,1,BTM00243,BTM00243,Hydroxylation of benzene on carbon para to electron donating group,BTMR1047,"CYP1A2
CYP2C8
CYP2C9
CYP2D6
CYP3A4",HUMAN,BTM00012,CC1=C(C=CC=C1O)C(=O)NC(CSC2=CC=CC=C2)C(CN3CC4CCCC(C4CC3C(=O)NC(C)(C)C)O)O,"InChI=1S/C32H45N3O5S/c1-20-23(13-9-14-27(20)36)30(39)33-25(19-41-22-11-6-5-7-12-22)29(38)18-35-17-21-10-8-15-28(37)24(21)16-26(35)31(40)34-32(2,3)4/h5-7,9,11-14,21,24-26,28-29,36-38H,8,10,15-19H2,1-4H3,(H,33,39)(H,34,40)",FDMBATCUZSHYIW-UHFFFAOYSA-N,4.196899999999999,583.30799254
"InChI=1S/C32H45N3O6S/c1-19-22(13-14-27(37)29(19)39)30(40)33-24(18-42-21-10-6-5-7-11-21)28(38)17-35-16-20-9-8-12-26(36)23(20)15-25(35)31(41)34-32(2,3)4/h5-7,10-11,13-14,20,23-26,28,36-39H,8-9,12,15-18H2,1-4H3,(H,33,40)(H,34,41)",UIMHLUGZXZEWKW-UHFFFAOYSA-N,CC1=C(C=CC(=C1O)O)C(=O)NC(CSC2=CC=CC=C2)C(CN3CC4CCCC(C4CC3C(=O)NC(C)(C)C)O)O,,,C32H45N3O6S,599.30290716,3.929499999999999,2,1,1,BTM00244,BTM00244,Hydroxylation of benzene on carbon para to electron donating group,BTMR1047,"CYP1A2
CYP2C8
CYP2C9
CYP2D6
CYP3A4",HUMAN,BTM00012,CC1=C(C=CC=C1O)C(=O)NC(CSC2=CC=CC=C2)C(CN3CC4CCCC(C4CC3C(=O)NC(C)(C)C)O)O,"InChI=1S/C32H45N3O5S/c1-20-23(13-9-14-27(20)36)30(39)33-25(19-41-22-11-6-5-7-12-22)29(38)18-35-17-21-10-8-15-28(37)24(21)16-26(35)31(40)34-32(2,3)4/h5-7,9,11-14,21,24-26,28-29,36-38H,8,10,15-19H2,1-4H3,(H,33,39)(H,34,40)",FDMBATCUZSHYIW-UHFFFAOYSA-N,4.196899999999999,583.30799254
"InChI=1S/C32H45N3O6S/c1-19-21(12-8-14-26(19)36)29(39)33-24(18-42-20-10-6-5-7-11-20)28(38)17-35-25(30(40)34-32(2,3)4)16-23-22(31(35)41)13-9-15-27(23)37/h5-8,10-12,14,22-25,27-28,31,36-38,41H,9,13,15-18H2,1-4H3,(H,33,39)(H,34,40)",MSFGBHSOABRSFN-UHFFFAOYSA-N,CC1=C(C=CC=C1O)C(=O)NC(CSC2=CC=CC=C2)C(CN3C(C4CCCC(C4CC3C(=O)NC(C)(C)C)O)O)O,,,C32H45N3O6S,599.30290716,3.7278000000000047,2,1,1,BTM00245,BTM00245,Hydroxylation of heteroalicyclic secondary carbon,BTMR1070,"CYP1A2
CYP2A6
CYP2C9
CYP2D6
CYP3A4",HUMAN,BTM00012,CC1=C(C=CC=C1O)C(=O)NC(CSC2=CC=CC=C2)C(CN3CC4CCCC(C4CC3C(=O)NC(C)(C)C)O)O,"InChI=1S/C32H45N3O5S/c1-20-23(13-9-14-27(20)36)30(39)33-25(19-41-22-11-6-5-7-12-22)29(38)18-35-17-21-10-8-15-28(37)24(21)16-26(35)31(40)34-32(2,3)4/h5-7,9,11-14,21,24-26,28-29,36-38H,8,10,15-19H2,1-4H3,(H,33,39)(H,34,40)",FDMBATCUZSHYIW-UHFFFAOYSA-N,4.196899999999999,583.30799254
"InChI=1S/C32H45N3O6S/c1-19-22(13-9-14-24(19)36)30(40)33-23(18-42-21-11-6-5-7-12-21)26(38)17-35-16-20-10-8-15-25(37)27(20)29(39)28(35)31(41)34-32(2,3)4/h5-7,9,11-14,20,23,25-29,36-39H,8,10,15-18H2,1-4H3,(H,33,40)(H,34,41)",YZOQURJJZXIELJ-UHFFFAOYSA-N,CC1=C(C=CC=C1O)C(=O)NC(CSC2=CC=CC=C2)C(CN3CC4CCCC(C4C(C3C(=O)NC(C)(C)C)O)O)O,,,C32H45N3O6S,599.30290716,3.2356000000000016,2,1,1,BTM00246,BTM00246,Hydroxylation of heteroalicyclic secondary carbon,BTMR1071,CYP1A2,HUMAN,BTM00012,CC1=C(C=CC=C1O)C(=O)NC(CSC2=CC=CC=C2)C(CN3CC4CCCC(C4CC3C(=O)NC(C)(C)C)O)O,"InChI=1S/C32H45N3O5S/c1-20-23(13-9-14-27(20)36)30(39)33-25(19-41-22-11-6-5-7-12-22)29(38)18-35-17-21-10-8-15-28(37)24(21)16-26(35)31(40)34-32(2,3)4/h5-7,9,11-14,21,24-26,28-29,36-38H,8,10,15-19H2,1-4H3,(H,33,39)(H,34,40)",FDMBATCUZSHYIW-UHFFFAOYSA-N,4.196899999999999,583.30799254
"InChI=1S/C32H45N3O6S/c1-20-23(13-9-14-27(20)36)30(39)33-25(19-42(41)22-11-6-5-7-12-22)29(38)18-35-17-21-10-8-15-28(37)24(21)16-26(35)31(40)34-32(2,3)4/h5-7,9,11-14,21,24-26,28-29,36-38H,8,10,15-19H2,1-4H3,(H,33,39)(H,34,40)",FWGRFUZGAHITCM-UHFFFAOYSA-N,CC1=C(C=CC=C1O)C(=O)NC(CS(C2=CC=CC=C2)=O)C(CN3CC4CCCC(C4CC3C(=O)NC(C)(C)C)O)O,,,C32H45N3O6S,599.30290716,3.0850999999999993,1,1,1,BTM00247,BTM00247,S-Oxidation of alkylarylthioether to sulfoxide,BTMR0058,"CYP1A2
CYP2A6
CYP2B6
CYP2C9
CYP2D6
CYP2E1
CYP3A4",HUMAN,BTM00012,CC1=C(C=CC=C1O)C(=O)NC(CSC2=CC=CC=C2)C(CN3CC4CCCC(C4CC3C(=O)NC(C)(C)C)O)O,"InChI=1S/C32H45N3O5S/c1-20-23(13-9-14-27(20)36)30(39)33-25(19-41-22-11-6-5-7-12-22)29(38)18-35-17-21-10-8-15-28(37)24(21)16-26(35)31(40)34-32(2,3)4/h5-7,9,11-14,21,24-26,28-29,36-38H,8,10,15-19H2,1-4H3,(H,33,39)(H,34,40)",FDMBATCUZSHYIW-UHFFFAOYSA-N,4.196899999999999,583.30799254
"InChI=1S/C32H45N3O6S/c1-20-23(12-8-13-27(20)37)30(40)33-25(18-42-22-10-5-4-6-11-22)29(39)17-35-16-21-9-7-14-28(38)24(21)15-26(35)31(41)34-32(2,3)19-36/h4-6,8,10-13,21,24-26,28-29,36-39H,7,9,14-19H2,1-3H3,(H,33,40)(H,34,41)",BXARFAYJWYWLRU-UHFFFAOYSA-N,CC1=C(C=CC=C1O)C(=O)NC(CSC2=CC=CC=C2)C(CN3CC4CCCC(C4CC3C(=O)NC(C)(C)CO)O)O,,,C32H45N3O6S,599.30290716,3.3087000000000018,2,2,2,BTM00248,BTM00248,Hydroxylation of terminal methyl,BTMR1061,"CYP1A2
CYP2A6
CYP2B6
CYP2C8
CYP2C9
CYP2C19
CYP2D6
CYP2E1
CYP3A4",HUMAN,BTM00012,CC1=C(C=CC=C1O)C(=O)NC(CSC2=CC=CC=C2)C(CN3CC4CCCC(C4CC3C(=O)NC(C)(C)C)O)O,"InChI=1S/C32H45N3O5S/c1-20-23(13-9-14-27(20)36)30(39)33-25(19-41-22-11-6-5-7-12-22)29(38)18-35-17-21-10-8-15-28(37)24(21)16-26(35)31(40)34-32(2,3)4/h5-7,9,11-14,21,24-26,28-29,36-38H,8,10,15-19H2,1-4H3,(H,33,39)(H,34,40)",FDMBATCUZSHYIW-UHFFFAOYSA-N,4.196899999999999,583.30799254
"InChI=1S/C32H45N3O6S/c1-20-22(12-8-13-26(20)36)29(39)33-24(18-42-21-10-6-5-7-11-21)28(38)17-35-19-32(41)15-9-14-27(37)23(32)16-25(35)30(40)34-31(2,3)4/h5-8,10-13,23-25,27-28,36-38,41H,9,14-19H2,1-4H3,(H,33,39)(H,34,40)",KSNJLHDMVNXYMJ-UHFFFAOYSA-N,CC1=C(C=CC=C1O)C(=O)NC(CSC2=CC=CC=C2)C(CN3CC4(CCCC(C4CC3C(=O)NC(C)(C)C)O)O)O,,,C32H45N3O6S,599.30290716,3.188799999999997,2,1,1,BTM00249,BTM00249,Hydroxylation of alicyclic tertiary carbon,BTMR1243,CYP1A2,HUMAN,BTM00012,CC1=C(C=CC=C1O)C(=O)NC(CSC2=CC=CC=C2)C(CN3CC4CCCC(C4CC3C(=O)NC(C)(C)C)O)O,"InChI=1S/C32H45N3O5S/c1-20-23(13-9-14-27(20)36)30(39)33-25(19-41-22-11-6-5-7-12-22)29(38)18-35-17-21-10-8-15-28(37)24(21)16-26(35)31(40)34-32(2,3)4/h5-7,9,11-14,21,24-26,28-29,36-38H,8,10,15-19H2,1-4H3,(H,33,39)(H,34,40)",FDMBATCUZSHYIW-UHFFFAOYSA-N,4.196899999999999,583.30799254
"InChI=1S/C32H45N3O6S/c1-20-23(13-9-14-26(20)36)29(39)33-24(19-42-22-11-6-5-7-12-22)27(37)18-35-17-21-10-8-15-28(38)32(21,41)16-25(35)30(40)34-31(2,3)4/h5-7,9,11-14,21,24-25,27-28,36-38,41H,8,10,15-19H2,1-4H3,(H,33,39)(H,34,40)",RDRXHRCQPKEYFZ-UHFFFAOYSA-N,CC1=C(C=CC=C1O)C(=O)NC(CSC2=CC=CC=C2)C(CN3CC4CCCC(C4(CC3C(=O)NC(C)(C)C)O)O)O,,,C32H45N3O6S,599.30290716,3.064999999999997,2,1,1,BTM00250,BTM00250,Hydroxylation of alicyclic tertiary carbon,BTMR1243,CYP1A2,HUMAN,BTM00012,CC1=C(C=CC=C1O)C(=O)NC(CSC2=CC=CC=C2)C(CN3CC4CCCC(C4CC3C(=O)NC(C)(C)C)O)O,"InChI=1S/C32H45N3O5S/c1-20-23(13-9-14-27(20)36)30(39)33-25(19-41-22-11-6-5-7-12-22)29(38)18-35-17-21-10-8-15-28(37)24(21)16-26(35)31(40)34-32(2,3)4/h5-7,9,11-14,21,24-26,28-29,36-38H,8,10,15-19H2,1-4H3,(H,33,39)(H,34,40)",FDMBATCUZSHYIW-UHFFFAOYSA-N,4.196899999999999,583.30799254
"InChI=1S/C32H45N3O6S/c1-19-22(13-9-14-26(19)36)29(39)33-24(18-42-21-11-6-5-7-12-21)28(38)31(41)35-17-20-10-8-15-27(37)23(20)16-25(35)30(40)34-32(2,3)4/h5-7,9,11-14,20,23-25,27-28,31,36-38,41H,8,10,15-18H2,1-4H3,(H,33,39)(H,34,40)",APTZJRZUFVNBDI-UHFFFAOYSA-N,CC1=C(C=CC=C1O)C(=O)NC(CSC2=CC=CC=C2)C(C(N3CC4CCCC(C4CC3C(=O)NC(C)(C)C)O)O)O,,,C32H45N3O6S,599.30290716,3.8572000000000033,2,1,1,BTM00251,BTM00251,Aliphatic hydroxylation of carbon alpha to secondary or tertiary alkyl-N,BTMR1081,"CYP2B6
CYP2C19
CYP2D6",HUMAN,BTM00012,CC1=C(C=CC=C1O)C(=O)NC(CSC2=CC=CC=C2)C(CN3CC4CCCC(C4CC3C(=O)NC(C)(C)C)O)O,"InChI=1S/C32H45N3O5S/c1-20-23(13-9-14-27(20)36)30(39)33-25(19-41-22-11-6-5-7-12-22)29(38)18-35-17-21-10-8-15-28(37)24(21)16-26(35)31(40)34-32(2,3)4/h5-7,9,11-14,21,24-26,28-29,36-38H,8,10,15-19H2,1-4H3,(H,33,39)(H,34,40)",FDMBATCUZSHYIW-UHFFFAOYSA-N,4.196899999999999,583.30799254
"InChI=1S/C32H45N3O6S/c1-19-21(12-8-14-26(19)36)29(39)33-24(18-42-20-10-6-5-7-11-20)28(38)17-35-25(30(40)34-32(2,3)4)16-23-22(31(35)41)13-9-15-27(23)37/h5-8,10-12,14,22-25,27-28,31,36-38,41H,9,13,15-18H2,1-4H3,(H,33,39)(H,34,40)",MSFGBHSOABRSFN-UHFFFAOYSA-N,CC1=C(C=CC=C1O)C(=O)NC(CSC2=CC=CC=C2)C(CN3C(C4CCCC(C4CC3C(=O)NC(C)(C)C)O)O)O,,,C32H45N3O6S,599.30290716,3.7278000000000047,2,1,1,BTM00245,BTM00245,Aliphatic hydroxylation of carbon alpha to secondary or tertiary alkyl-N,BTMR1081,"CYP2B6
CYP2C19
CYP2D6",HUMAN,BTM00012,CC1=C(C=CC=C1O)C(=O)NC(CSC2=CC=CC=C2)C(CN3CC4CCCC(C4CC3C(=O)NC(C)(C)C)O)O,"InChI=1S/C32H45N3O5S/c1-20-23(13-9-14-27(20)36)30(39)33-25(19-41-22-11-6-5-7-12-22)29(38)18-35-17-21-10-8-15-28(37)24(21)16-26(35)31(40)34-32(2,3)4/h5-7,9,11-14,21,24-26,28-29,36-38H,8,10,15-19H2,1-4H3,(H,33,39)(H,34,40)",FDMBATCUZSHYIW-UHFFFAOYSA-N,4.196899999999999,583.30799254
"InChI=1S/C32H45N3O6S/c1-20-23(13-9-14-26(20)36)29(39)33-25(19-42-22-11-6-5-7-12-22)28(38)18-35-17-21-10-8-15-27(37)24(21)16-32(35,41)30(40)34-31(2,3)4/h5-7,9,11-14,21,24-25,27-28,36-38,41H,8,10,15-19H2,1-4H3,(H,33,39)(H,34,40)",IDOFLULDEQCYFG-UHFFFAOYSA-N,CC1=C(C=CC=C1O)C(=O)NC(CSC2=CC=CC=C2)C(CN3CC4CCCC(C4CC3(C(=O)NC(C)(C)C)O)O)O,,,C32H45N3O6S,599.30290716,3.5482000000000014,2,1,1,BTM00252,BTM00252,Aliphatic hydroxylation of carbon alpha to secondary or tertiary alkyl-N,BTMR1081,"CYP2B6
CYP2C19
CYP2D6",HUMAN,BTM00012,CC1=C(C=CC=C1O)C(=O)NC(CSC2=CC=CC=C2)C(CN3CC4CCCC(C4CC3C(=O)NC(C)(C)C)O)O,"InChI=1S/C32H45N3O5S/c1-20-23(13-9-14-27(20)36)30(39)33-25(19-41-22-11-6-5-7-12-22)29(38)18-35-17-21-10-8-15-28(37)24(21)16-26(35)31(40)34-32(2,3)4/h5-7,9,11-14,21,24-26,28-29,36-38H,8,10,15-19H2,1-4H3,(H,33,39)(H,34,40)",FDMBATCUZSHYIW-UHFFFAOYSA-N,4.196899999999999,583.30799254
"InChI=1S/C32H43N3O5S/c1-21-25(15-10-16-28(21)36)30(38)33-26(20-41-24-13-6-5-7-14-24)29(37)19-35(40)18-23-12-9-8-11-22(23)17-27(35)31(39)34-32(2,3)4/h5-7,10,13-16,22-23,26-27,36H,8-9,11-12,17-20H2,1-4H3,(H,33,38)(H,34,39)",OULVVAKFHLDUEH-UHFFFAOYSA-N,CC1=C(C=CC=C1O)C(=O)NC(CSC2=CC=CC=C2)C(C[N+]3(CC4CCCCC4CC3C(=O)NC(C)(C)C)[O-])=O,,,C32H43N3O5S,581.292342476,5.2081,2,1,1,BTM00156,BTM00156,Oxidation of secondary alcohol to ketone,BTMR0079,"CYP1A2
CYP2C9
CYP2C19",HUMAN,BTM00013,CC1=C(C=CC=C1O)C(=O)NC(CSC2=CC=CC=C2)C(C[N+]3(CC4CCCCC4CC3C(=O)NC(C)(C)C)[O-])O,"InChI=1S/C32H45N3O5S/c1-21-25(15-10-16-28(21)36)30(38)33-26(20-41-24-13-6-5-7-14-24)29(37)19-35(40)18-23-12-9-8-11-22(23)17-27(35)31(39)34-32(2,3)4/h5-7,10,13-16,22-23,26-27,29,36-37H,8-9,11-12,17-20H2,1-4H3,(H,33,38)(H,34,39)",CXWBOSJVIZIXJB-UHFFFAOYSA-N,4.961200000000003,583.30799254
"InChI=1S/C32H45N3O6S/c1-20-26(36)14-15-27(37)29(20)31(40)33-24(19-42-23-12-6-5-7-13-23)28(38)18-35(41)17-22-11-9-8-10-21(22)16-25(35)30(39)34-32(2,3)4/h5-7,12-15,21-22,24-25,28,36-38H,8-11,16-19H2,1-4H3,(H,33,40)(H,34,39)",KBOJHFGRZTZEDE-UHFFFAOYSA-N,CC1=C(C(=CC=C1O)O)C(=O)NC(CSC2=CC=CC=C2)C(C[N+]3(CC4CCCCC4CC3C(=O)NC(C)(C)C)[O-])O,,,C32H45N3O6S,599.30290716,4.693800000000001,2,1,1,BTM00173,BTM00173,p-Hydroxylation of phenol,BTMR1038,"CYP1A2
CYP2A6
CYP2B6
CYP2C8
CYP2C9
CYP2C19
CYP2D6
CYP2E1
CYP3A4",HUMAN,BTM00013,CC1=C(C=CC=C1O)C(=O)NC(CSC2=CC=CC=C2)C(C[N+]3(CC4CCCCC4CC3C(=O)NC(C)(C)C)[O-])O,"InChI=1S/C32H45N3O5S/c1-21-25(15-10-16-28(21)36)30(38)33-26(20-41-24-13-6-5-7-14-24)29(37)19-35(40)18-23-12-9-8-11-22(23)17-27(35)31(39)34-32(2,3)4/h5-7,10,13-16,22-23,26-27,29,36-37H,8-9,11-12,17-20H2,1-4H3,(H,33,38)(H,34,39)",CXWBOSJVIZIXJB-UHFFFAOYSA-N,4.961200000000003,583.30799254
"InChI=1S/C32H45N3O6S/c1-32(2,3)34-31(40)27-16-21-10-7-8-11-22(21)17-35(27,41)18-29(38)26(20-42-23-12-5-4-6-13-23)33-30(39)24-14-9-15-28(37)25(24)19-36/h4-6,9,12-15,21-22,26-27,29,36-38H,7-8,10-11,16-20H2,1-3H3,(H,33,39)(H,34,40)",LRRDZQWWUQWUIM-UHFFFAOYSA-N,C(C1=C(C=CC=C1O)C(=O)NC(CSC2=CC=CC=C2)C(C[N+]3(CC4CCCCC4CC3C(=O)NC(C)(C)C)[O-])O)O,,,C32H45N3O6S,599.30290716,3.8705000000000034,2,2,2,BTM00187,BTM00187,Aliphatic hydroxylation of methyl carbon adjacent to aromatic ring,BTMR1058,"CYP1A2
CYP2A6
CYP2B6
CYP2C8
CYP2C9
CYP2C19
CYP2D6
CYP2E1
CYP3A4",HUMAN,BTM00013,CC1=C(C=CC=C1O)C(=O)NC(CSC2=CC=CC=C2)C(C[N+]3(CC4CCCCC4CC3C(=O)NC(C)(C)C)[O-])O,"InChI=1S/C32H45N3O5S/c1-21-25(15-10-16-28(21)36)30(38)33-26(20-41-24-13-6-5-7-14-24)29(37)19-35(40)18-23-12-9-8-11-22(23)17-27(35)31(39)34-32(2,3)4/h5-7,10,13-16,22-23,26-27,29,36-37H,8-9,11-12,17-20H2,1-4H3,(H,33,38)(H,34,39)",CXWBOSJVIZIXJB-UHFFFAOYSA-N,4.961200000000003,583.30799254
"InChI=1S/C32H45N3O6S/c1-20-23(13-9-14-27(20)36)30(39)33-25(19-42-22-11-6-5-7-12-22)29(38)18-35(41)17-24-21(10-8-15-28(24)37)16-26(35)31(40)34-32(2,3)4/h5-7,9,11-14,21,24-26,28-29,36-38H,8,10,15-19H2,1-4H3,(H,33,39)(H,34,40)",VIENOZHCAMMVRB-UHFFFAOYSA-N,CC1=C(C=CC=C1O)C(=O)NC(CSC2=CC=CC=C2)C(C[N+]3(CC4C(CCCC4CC3C(=O)NC(C)(C)C)O)[O-])O,,,C32H45N3O6S,599.30290716,3.729899999999999,2,1,1,BTM00202,BTM00202,Hydroxylation of alicyclic secondary carbon,BTMR1068,"CYP1A2
CYP2C8
CYP2C9
CYP2C19
CYP2D6
CYP3A4",HUMAN,BTM00013,CC1=C(C=CC=C1O)C(=O)NC(CSC2=CC=CC=C2)C(C[N+]3(CC4CCCCC4CC3C(=O)NC(C)(C)C)[O-])O,"InChI=1S/C32H45N3O5S/c1-21-25(15-10-16-28(21)36)30(38)33-26(20-41-24-13-6-5-7-14-24)29(37)19-35(40)18-23-12-9-8-11-22(23)17-27(35)31(39)34-32(2,3)4/h5-7,10,13-16,22-23,26-27,29,36-37H,8-9,11-12,17-20H2,1-4H3,(H,33,38)(H,34,39)",CXWBOSJVIZIXJB-UHFFFAOYSA-N,4.961200000000003,583.30799254
"InChI=1S/C32H45N3O6S/c1-20-25(11-8-12-28(20)37)30(39)33-26(19-42-24-9-6-5-7-10-24)29(38)18-35(41)17-22-15-23(36)14-13-21(22)16-27(35)31(40)34-32(2,3)4/h5-12,21-23,26-27,29,36-38H,13-19H2,1-4H3,(H,33,39)(H,34,40)",YBBSIXKEGGNIMG-UHFFFAOYSA-N,CC1=C(C=CC=C1O)C(=O)NC(CSC2=CC=CC=C2)C(C[N+]3(CC4CC(CCC4CC3C(=O)NC(C)(C)C)O)[O-])O,,,C32H45N3O6S,599.30290716,3.7242999999999977,1,1,1,BTM00216,BTM00216,Hydroxylation of alicyclic secondary carbon,BTMR1068,"CYP1A2
CYP2C8
CYP2C9
CYP2C19
CYP2D6
CYP3A4",HUMAN,BTM00013,CC1=C(C=CC=C1O)C(=O)NC(CSC2=CC=CC=C2)C(C[N+]3(CC4CCCCC4CC3C(=O)NC(C)(C)C)[O-])O,"InChI=1S/C32H45N3O5S/c1-21-25(15-10-16-28(21)36)30(38)33-26(20-41-24-13-6-5-7-14-24)29(37)19-35(40)18-23-12-9-8-11-22(23)17-27(35)31(39)34-32(2,3)4/h5-7,10,13-16,22-23,26-27,29,36-37H,8-9,11-12,17-20H2,1-4H3,(H,33,38)(H,34,39)",CXWBOSJVIZIXJB-UHFFFAOYSA-N,4.961200000000003,583.30799254
"InChI=1S/C32H45N3O6S/c1-20-25(11-8-12-28(20)37)30(39)33-26(19-42-24-9-6-5-7-10-24)29(38)18-35(41)17-21-13-14-23(36)15-22(21)16-27(35)31(40)34-32(2,3)4/h5-12,21-23,26-27,29,36-38H,13-19H2,1-4H3,(H,33,39)(H,34,40)",PCNXXRTXYUNSFW-UHFFFAOYSA-N,CC1=C(C=CC=C1O)C(=O)NC(CSC2=CC=CC=C2)C(C[N+]3(CC4CCC(CC4CC3C(=O)NC(C)(C)C)O)[O-])O,,,C32H45N3O6S,599.30290716,3.7242999999999977,1,1,1,BTM00229,BTM00229,Hydroxylation of alicyclic secondary carbon,BTMR1068,"CYP1A2
CYP2C8
CYP2C9
CYP2C19
CYP2D6
CYP3A4",HUMAN,BTM00013,CC1=C(C=CC=C1O)C(=O)NC(CSC2=CC=CC=C2)C(C[N+]3(CC4CCCCC4CC3C(=O)NC(C)(C)C)[O-])O,"InChI=1S/C32H45N3O5S/c1-21-25(15-10-16-28(21)36)30(38)33-26(20-41-24-13-6-5-7-14-24)29(37)19-35(40)18-23-12-9-8-11-22(23)17-27(35)31(39)34-32(2,3)4/h5-7,10,13-16,22-23,26-27,29,36-37H,8-9,11-12,17-20H2,1-4H3,(H,33,38)(H,34,39)",CXWBOSJVIZIXJB-UHFFFAOYSA-N,4.961200000000003,583.30799254
"InChI=1S/C32H45N3O6S/c1-20-23(13-9-14-27(20)36)30(39)33-25(19-42-22-11-6-5-7-12-22)29(38)18-35(41)17-21-10-8-15-28(37)24(21)16-26(35)31(40)34-32(2,3)4/h5-7,9,11-14,21,24-26,28-29,36-38H,8,10,15-19H2,1-4H3,(H,33,39)(H,34,40)",AFMIEXBMCMFODU-UHFFFAOYSA-N,CC1=C(C=CC=C1O)C(=O)NC(CSC2=CC=CC=C2)C(C[N+]3(CC4CCCC(C4CC3C(=O)NC(C)(C)C)O)[O-])O,,,C32H45N3O6S,599.30290716,3.7917999999999985,1,1,1,BTM00241,BTM00241,Hydroxylation of alicyclic secondary carbon,BTMR1068,"CYP1A2
CYP2C8
CYP2C9
CYP2C19
CYP2D6
CYP3A4",HUMAN,BTM00013,CC1=C(C=CC=C1O)C(=O)NC(CSC2=CC=CC=C2)C(C[N+]3(CC4CCCCC4CC3C(=O)NC(C)(C)C)[O-])O,"InChI=1S/C32H45N3O5S/c1-21-25(15-10-16-28(21)36)30(38)33-26(20-41-24-13-6-5-7-14-24)29(37)19-35(40)18-23-12-9-8-11-22(23)17-27(35)31(39)34-32(2,3)4/h5-7,10,13-16,22-23,26-27,29,36-37H,8-9,11-12,17-20H2,1-4H3,(H,33,38)(H,34,39)",CXWBOSJVIZIXJB-UHFFFAOYSA-N,4.961200000000003,583.30799254
"InChI=1S/C32H45N3O6S/c1-20-25(15-23(36)16-28(20)37)30(39)33-26(19-42-24-12-6-5-7-13-24)29(38)18-35(41)17-22-11-9-8-10-21(22)14-27(35)31(40)34-32(2,3)4/h5-7,12-13,15-16,21-22,26-27,29,36-38H,8-11,14,17-19H2,1-4H3,(H,33,39)(H,34,40)",NTJJLDNYBBEWAX-UHFFFAOYSA-N,CC1=C(C=C(C=C1O)O)C(=O)NC(CSC2=CC=CC=C2)C(C[N+]3(CC4CCCCC4CC3C(=O)NC(C)(C)C)[O-])O,,,C32H45N3O6S,599.30290716,4.693800000000001,2,1,1,BTM00253,BTM00253,Hydroxylation of benzene on carbon para to electron donating group,BTMR1047,"CYP1A2
CYP2C8
CYP2C9
CYP2D6
CYP3A4",HUMAN,BTM00013,CC1=C(C=CC=C1O)C(=O)NC(CSC2=CC=CC=C2)C(C[N+]3(CC4CCCCC4CC3C(=O)NC(C)(C)C)[O-])O,"InChI=1S/C32H45N3O5S/c1-21-25(15-10-16-28(21)36)30(38)33-26(20-41-24-13-6-5-7-14-24)29(37)19-35(40)18-23-12-9-8-11-22(23)17-27(35)31(39)34-32(2,3)4/h5-7,10,13-16,22-23,26-27,29,36-37H,8-9,11-12,17-20H2,1-4H3,(H,33,38)(H,34,39)",CXWBOSJVIZIXJB-UHFFFAOYSA-N,4.961200000000003,583.30799254
"InChI=1S/C32H45N3O6S/c1-20-24(14-15-27(36)29(20)38)30(39)33-25(19-42-23-12-6-5-7-13-23)28(37)18-35(41)17-22-11-9-8-10-21(22)16-26(35)31(40)34-32(2,3)4/h5-7,12-15,21-22,25-26,28,36-38H,8-11,16-19H2,1-4H3,(H,33,39)(H,34,40)",ITQJEFYSZRHCPU-UHFFFAOYSA-N,CC1=C(C=CC(=C1O)O)C(=O)NC(CSC2=CC=CC=C2)C(C[N+]3(CC4CCCCC4CC3C(=O)NC(C)(C)C)[O-])O,,,C32H45N3O6S,599.30290716,4.693800000000001,2,1,1,BTM00254,BTM00254,Hydroxylation of benzene on carbon para to electron donating group,BTMR1047,"CYP1A2
CYP2C8
CYP2C9
CYP2D6
CYP3A4",HUMAN,BTM00013,CC1=C(C=CC=C1O)C(=O)NC(CSC2=CC=CC=C2)C(C[N+]3(CC4CCCCC4CC3C(=O)NC(C)(C)C)[O-])O,"InChI=1S/C32H45N3O5S/c1-21-25(15-10-16-28(21)36)30(38)33-26(20-41-24-13-6-5-7-14-24)29(37)19-35(40)18-23-12-9-8-11-22(23)17-27(35)31(39)34-32(2,3)4/h5-7,10,13-16,22-23,26-27,29,36-37H,8-9,11-12,17-20H2,1-4H3,(H,33,38)(H,34,39)",CXWBOSJVIZIXJB-UHFFFAOYSA-N,4.961200000000003,583.30799254
"InChI=1S/C32H45N3O6S/c1-20-23(15-10-16-27(20)36)29(38)33-25(19-42-22-12-6-5-7-13-22)28(37)18-35(41)26(30(39)34-32(2,3)4)17-21-11-8-9-14-24(21)31(35)40/h5-7,10,12-13,15-16,21,24-26,28,31,36-37,40H,8-9,11,14,17-19H2,1-4H3,(H,33,38)(H,34,39)",ZXPDRXNBRJXIFO-UHFFFAOYSA-N,CC1=C(C=CC=C1O)C(=O)NC(CSC2=CC=CC=C2)C(C[N+]3(C(C4CCCCC4CC3C(=O)NC(C)(C)C)O)[O-])O,,,C32H45N3O6S,599.30290716,4.492100000000002,2,1,1,BTM00255,BTM00255,Hydroxylation of heteroalicyclic secondary carbon,BTMR1070,"CYP1A2
CYP2A6
CYP2C9
CYP2D6
CYP3A4",HUMAN,BTM00013,CC1=C(C=CC=C1O)C(=O)NC(CSC2=CC=CC=C2)C(C[N+]3(CC4CCCCC4CC3C(=O)NC(C)(C)C)[O-])O,"InChI=1S/C32H45N3O5S/c1-21-25(15-10-16-28(21)36)30(38)33-26(20-41-24-13-6-5-7-14-24)29(37)19-35(40)18-23-12-9-8-11-22(23)17-27(35)31(39)34-32(2,3)4/h5-7,10,13-16,22-23,26-27,29,36-37H,8-9,11-12,17-20H2,1-4H3,(H,33,38)(H,34,39)",CXWBOSJVIZIXJB-UHFFFAOYSA-N,4.961200000000003,583.30799254
"InChI=1S/C32H45N3O6S/c1-20-23(15-10-16-26(20)36)30(39)33-25(19-42-22-12-6-5-7-13-22)27(37)18-35(41)17-21-11-8-9-14-24(21)29(38)28(35)31(40)34-32(2,3)4/h5-7,10,12-13,15-16,21,24-25,27-29,36-38H,8-9,11,14,17-19H2,1-4H3,(H,33,39)(H,34,40)",GSXBEGITOQLYLF-UHFFFAOYSA-N,CC1=C(C=CC=C1O)C(=O)NC(CSC2=CC=CC=C2)C(C[N+]3(CC4CCCCC4C(C3C(=O)NC(C)(C)C)O)[O-])O,,,C32H45N3O6S,599.30290716,4.061799999999998,2,1,1,BTM00256,BTM00256,Hydroxylation of heteroalicyclic secondary carbon,BTMR1071,CYP1A2,HUMAN,BTM00013,CC1=C(C=CC=C1O)C(=O)NC(CSC2=CC=CC=C2)C(C[N+]3(CC4CCCCC4CC3C(=O)NC(C)(C)C)[O-])O,"InChI=1S/C32H45N3O5S/c1-21-25(15-10-16-28(21)36)30(38)33-26(20-41-24-13-6-5-7-14-24)29(37)19-35(40)18-23-12-9-8-11-22(23)17-27(35)31(39)34-32(2,3)4/h5-7,10,13-16,22-23,26-27,29,36-37H,8-9,11-12,17-20H2,1-4H3,(H,33,38)(H,34,39)",CXWBOSJVIZIXJB-UHFFFAOYSA-N,4.961200000000003,583.30799254
"InChI=1S/C32H45N3O6S/c1-21-25(15-10-16-28(21)36)30(38)33-26(20-42(41)24-13-6-5-7-14-24)29(37)19-35(40)18-23-12-9-8-11-22(23)17-27(35)31(39)34-32(2,3)4/h5-7,10,13-16,22-23,26-27,29,36-37H,8-9,11-12,17-20H2,1-4H3,(H,33,38)(H,34,39)",XVDDVSDRQCHFDX-UHFFFAOYSA-N,CC1=C(C=CC=C1O)C(=O)NC(CS(C2=CC=CC=C2)=O)C(C[N+]3(CC4CCCCC4CC3C(=O)NC(C)(C)C)[O-])O,,,C32H45N3O6S,599.30290716,3.8494000000000024,1,1,1,BTM00257,BTM00257,S-Oxidation of alkylarylthioether to sulfoxide,BTMR0058,"CYP1A2
CYP2A6
CYP2B6
CYP2C9
CYP2D6
CYP2E1
CYP3A4",HUMAN,BTM00013,CC1=C(C=CC=C1O)C(=O)NC(CSC2=CC=CC=C2)C(C[N+]3(CC4CCCCC4CC3C(=O)NC(C)(C)C)[O-])O,"InChI=1S/C32H45N3O5S/c1-21-25(15-10-16-28(21)36)30(38)33-26(20-41-24-13-6-5-7-14-24)29(37)19-35(40)18-23-12-9-8-11-22(23)17-27(35)31(39)34-32(2,3)4/h5-7,10,13-16,22-23,26-27,29,36-37H,8-9,11-12,17-20H2,1-4H3,(H,33,38)(H,34,39)",CXWBOSJVIZIXJB-UHFFFAOYSA-N,4.961200000000003,583.30799254
"InChI=1S/C32H45N3O6S/c1-21-25(14-9-15-28(21)37)30(39)33-26(19-42-24-12-5-4-6-13-24)29(38)18-35(41)17-23-11-8-7-10-22(23)16-27(35)31(40)34-32(2,3)20-36/h4-6,9,12-15,22-23,26-27,29,36-38H,7-8,10-11,16-20H2,1-3H3,(H,33,39)(H,34,40)",YHAFUBSGJUOUIQ-UHFFFAOYSA-N,CC1=C(C=CC=C1O)C(=O)NC(CSC2=CC=CC=C2)C(C[N+]3(CC4CCCCC4CC3C(=O)NC(C)(C)CO)[O-])O,,,C32H45N3O6S,599.30290716,4.073000000000004,2,2,2,BTM00258,BTM00258,Hydroxylation of terminal methyl,BTMR1061,"CYP1A2
CYP2A6
CYP2B6
CYP2C8
CYP2C9
CYP2C19
CYP2D6
CYP2E1
CYP3A4",HUMAN,BTM00013,CC1=C(C=CC=C1O)C(=O)NC(CSC2=CC=CC=C2)C(C[N+]3(CC4CCCCC4CC3C(=O)NC(C)(C)C)[O-])O,"InChI=1S/C32H45N3O5S/c1-21-25(15-10-16-28(21)36)30(38)33-26(20-41-24-13-6-5-7-14-24)29(37)19-35(40)18-23-12-9-8-11-22(23)17-27(35)31(39)34-32(2,3)4/h5-7,10,13-16,22-23,26-27,29,36-37H,8-9,11-12,17-20H2,1-4H3,(H,33,38)(H,34,39)",CXWBOSJVIZIXJB-UHFFFAOYSA-N,4.961200000000003,583.30799254
"InChI=1S/C32H45N3O6S/c1-21-24(14-10-15-27(21)36)29(38)33-25(19-42-23-12-6-5-7-13-23)28(37)18-35(41)20-32(40)16-9-8-11-22(32)17-26(35)30(39)34-31(2,3)4/h5-7,10,12-15,22,25-26,28,36-37,40H,8-9,11,16-20H2,1-4H3,(H,33,38)(H,34,39)",LPWGIKGGIXQNPV-UHFFFAOYSA-N,CC1=C(C=CC=C1O)C(=O)NC(CSC2=CC=CC=C2)C(C[N+]3(CC4(CCCCC4CC3C(=O)NC(C)(C)C)O)[O-])O,,,C32H45N3O6S,599.30290716,4.015000000000001,2,1,1,BTM00259,BTM00259,Hydroxylation of alicyclic tertiary carbon,BTMR1243,CYP1A2,HUMAN,BTM00013,CC1=C(C=CC=C1O)C(=O)NC(CSC2=CC=CC=C2)C(C[N+]3(CC4CCCCC4CC3C(=O)NC(C)(C)C)[O-])O,"InChI=1S/C32H45N3O5S/c1-21-25(15-10-16-28(21)36)30(38)33-26(20-41-24-13-6-5-7-14-24)29(37)19-35(40)18-23-12-9-8-11-22(23)17-27(35)31(39)34-32(2,3)4/h5-7,10,13-16,22-23,26-27,29,36-37H,8-9,11-12,17-20H2,1-4H3,(H,33,38)(H,34,39)",CXWBOSJVIZIXJB-UHFFFAOYSA-N,4.961200000000003,583.30799254
"InChI=1S/C32H45N3O6S/c1-21-24(14-10-15-27(21)36)29(38)33-25(20-42-23-12-6-5-7-13-23)28(37)19-35(41)18-22-11-8-9-16-32(22,40)17-26(35)30(39)34-31(2,3)4/h5-7,10,12-15,22,25-26,28,36-37,40H,8-9,11,16-20H2,1-4H3,(H,33,38)(H,34,39)",VVWOGESKVYLRSH-UHFFFAOYSA-N,CC1=C(C=CC=C1O)C(=O)NC(CSC2=CC=CC=C2)C(C[N+]3(CC4CCCCC4(CC3C(=O)NC(C)(C)C)O)[O-])O,,,C32H45N3O6S,599.30290716,3.626800000000001,2,1,1,BTM00260,BTM00260,Hydroxylation of alicyclic tertiary carbon,BTMR1243,CYP1A2,HUMAN,BTM00013,CC1=C(C=CC=C1O)C(=O)NC(CSC2=CC=CC=C2)C(C[N+]3(CC4CCCCC4CC3C(=O)NC(C)(C)C)[O-])O,"InChI=1S/C32H45N3O5S/c1-21-25(15-10-16-28(21)36)30(38)33-26(20-41-24-13-6-5-7-14-24)29(37)19-35(40)18-23-12-9-8-11-22(23)17-27(35)31(39)34-32(2,3)4/h5-7,10,13-16,22-23,26-27,29,36-37H,8-9,11-12,17-20H2,1-4H3,(H,33,38)(H,34,39)",CXWBOSJVIZIXJB-UHFFFAOYSA-N,4.961200000000003,583.30799254
"InChI=1S/C18H17NO4S/c1-12-14(8-5-9-16(12)21)18(23)19-15(17(22)10-20)11-24-13-6-3-2-4-7-13/h2-10,15,21H,11H2,1H3,(H,19,23)",ZRLMRVREAGTZCQ-UHFFFAOYSA-N,CC1=C(C=CC=C1O)C(=O)NC(CSC2=CC=CC=C2)C(C=O)=O,,,C18H17NO4S,343.08782902400003,2.929100000000001,0,0,0,BTM00157,BTM00157,Oxidation of secondary alcohol to ketone,BTMR0079,"CYP1A2
CYP2C9
CYP2C19",HUMAN,BTM00014,CC1=C(C=CC=C1O)C(=O)NC(CSC2=CC=CC=C2)C(C=O)O,"InChI=1S/C18H19NO4S/c1-12-14(8-5-9-16(12)21)18(23)19-15(17(22)10-20)11-24-13-6-3-2-4-7-13/h2-10,15,17,21-22H,11H2,1H3,(H,19,23)",FQXWQOQASHJKCY-UHFFFAOYSA-N,2.6822,345.10347908800003
"InChI=1S/C18H19NO5S/c1-11-14(21)7-8-15(22)17(11)18(24)19-13(16(23)9-20)10-25-12-5-3-2-4-6-12/h2-9,13,16,21-23H,10H2,1H3,(H,19,24)",IUIUOLWZYJQHFI-UHFFFAOYSA-N,CC1=C(C(=CC=C1O)O)C(=O)NC(CSC2=CC=CC=C2)C(C=O)O,,,C18H19NO5S,361.09839370800006,2.4147999999999987,0,1,1,BTM00174,BTM00174,p-Hydroxylation of phenol,BTMR1038,"CYP1A2
CYP2A6
CYP2B6
CYP2C8
CYP2C9
CYP2C19
CYP2D6
CYP2E1
CYP3A4",HUMAN,BTM00014,CC1=C(C=CC=C1O)C(=O)NC(CSC2=CC=CC=C2)C(C=O)O,"InChI=1S/C18H19NO4S/c1-12-14(8-5-9-16(12)21)18(23)19-15(17(22)10-20)11-24-13-6-3-2-4-7-13/h2-10,15,17,21-22H,11H2,1H3,(H,19,23)",FQXWQOQASHJKCY-UHFFFAOYSA-N,2.6822,345.10347908800003
"InChI=1S/C18H19NO5S/c20-9-14-13(7-4-8-16(14)22)18(24)19-15(17(23)10-21)11-25-12-5-2-1-3-6-12/h1-8,10,15,17,20,22-23H,9,11H2,(H,19,24)",IHVYQWCMZRHAAP-UHFFFAOYSA-N,C(C1=C(C=CC=C1O)C(=O)NC(CSC2=CC=CC=C2)C(C=O)O)O,,,C18H19NO5S,361.098393708,1.5915000000000015,0,1,1,BTM00188,BTM00188,Aliphatic hydroxylation of methyl carbon adjacent to aromatic ring,BTMR1058,"CYP1A2
CYP2A6
CYP2B6
CYP2C8
CYP2C9
CYP2C19
CYP2D6
CYP2E1
CYP3A4",HUMAN,BTM00014,CC1=C(C=CC=C1O)C(=O)NC(CSC2=CC=CC=C2)C(C=O)O,"InChI=1S/C18H19NO4S/c1-12-14(8-5-9-16(12)21)18(23)19-15(17(22)10-20)11-24-13-6-3-2-4-7-13/h2-10,15,17,21-22H,11H2,1H3,(H,19,23)",FQXWQOQASHJKCY-UHFFFAOYSA-N,2.6822,345.10347908800003
"InChI=1S/C18H19NO5S/c1-11-14(7-12(21)8-16(11)22)18(24)19-15(17(23)9-20)10-25-13-5-3-2-4-6-13/h2-9,15,17,21-23H,10H2,1H3,(H,19,24)",AQFZPORZSCWJQO-UHFFFAOYSA-N,CC1=C(C=C(C=C1O)O)C(=O)NC(CSC2=CC=CC=C2)C(C=O)O,,,C18H19NO5S,361.098393708,2.4147999999999987,0,1,1,BTM00261,BTM00261,Hydroxylation of benzene on carbon para to electron donating group,BTMR1047,"CYP1A2
CYP2C8
CYP2C9
CYP2D6
CYP3A4",HUMAN,BTM00014,CC1=C(C=CC=C1O)C(=O)NC(CSC2=CC=CC=C2)C(C=O)O,"InChI=1S/C18H19NO4S/c1-12-14(8-5-9-16(12)21)18(23)19-15(17(22)10-20)11-24-13-6-3-2-4-7-13/h2-10,15,17,21-22H,11H2,1H3,(H,19,23)",FQXWQOQASHJKCY-UHFFFAOYSA-N,2.6822,345.10347908800003
"InChI=1S/C18H19NO5S/c1-11-13(7-8-15(21)17(11)23)18(24)19-14(16(22)9-20)10-25-12-5-3-2-4-6-12/h2-9,14,16,21-23H,10H2,1H3,(H,19,24)",BUQXJEYXXWJYHF-UHFFFAOYSA-N,CC1=C(C=CC(=C1O)O)C(=O)NC(CSC2=CC=CC=C2)C(C=O)O,,,C18H19NO5S,361.09839370800006,2.4147999999999987,0,1,1,BTM00262,BTM00262,Hydroxylation of benzene on carbon para to electron donating group,BTMR1047,"CYP1A2
CYP2C8
CYP2C9
CYP2D6
CYP3A4",HUMAN,BTM00014,CC1=C(C=CC=C1O)C(=O)NC(CSC2=CC=CC=C2)C(C=O)O,"InChI=1S/C18H19NO4S/c1-12-14(8-5-9-16(12)21)18(23)19-15(17(22)10-20)11-24-13-6-3-2-4-7-13/h2-10,15,17,21-22H,11H2,1H3,(H,19,23)",FQXWQOQASHJKCY-UHFFFAOYSA-N,2.6822,345.10347908800003
"InChI=1S/C18H19NO5S/c1-12-14(8-5-9-16(12)21)18(23)19-15(17(22)10-20)11-25(24)13-6-3-2-4-7-13/h2-10,15,17,21-22H,11H2,1H3,(H,19,23)",ADHFKHGKCHELBJ-UHFFFAOYSA-N,CC1=C(C=CC=C1O)C(=O)NC(CS(C2=CC=CC=C2)=O)C(C=O)O,,,C18H19NO5S,361.098393708,1.5704000000000002,0,1,1,BTM00263,BTM00263,S-Oxidation of alkylarylthioether to sulfoxide,BTMR0058,"CYP1A2
CYP2A6
CYP2B6
CYP2C9
CYP2D6
CYP2E1
CYP3A4",HUMAN,BTM00014,CC1=C(C=CC=C1O)C(=O)NC(CSC2=CC=CC=C2)C(C=O)O,"InChI=1S/C18H19NO4S/c1-12-14(8-5-9-16(12)21)18(23)19-15(17(22)10-20)11-24-13-6-3-2-4-7-13/h2-10,15,17,21-22H,11H2,1H3,(H,19,23)",FQXWQOQASHJKCY-UHFFFAOYSA-N,2.6822,345.10347908800003
"InChI=1S/C14H26N2O2/c1-14(2,3)16-13(18)11-7-9-5-4-6-12(17)10(9)8-15-11/h9-12,15,17H,4-8H2,1-3H3,(H,16,18)",HGYWXRJFASYEAJ-UHFFFAOYSA-N,N1CC2C(CCCC2CC1C(=O)NC(C)(C)C)O,,,C14H26N2O2,254.199428072,0.8152000000000003,0,1,1,BTM00203,BTM00203,Hydroxylation of alicyclic secondary carbon,BTMR1068,"CYP1A2
CYP2C8
CYP2C9
CYP2C19
CYP2D6
CYP3A4",HUMAN,BTM00015,N1CC2CCCCC2CC1C(=O)NC(C)(C)C,"InChI=1S/C14H26N2O/c1-14(2,3)16-13(17)12-8-10-6-4-5-7-11(10)9-15-12/h10-12,15H,4-9H2,1-3H3,(H,16,17)",UPZBXVBPICTBDP-UHFFFAOYSA-N,2.0465,238.204513452
"InChI=1S/C14H26N2O2/c1-14(2,3)16-13(18)12-7-9-4-5-11(17)6-10(9)8-15-12/h9-12,15,17H,4-8H2,1-3H3,(H,16,18)",AKFKPGHNWFWLTP-UHFFFAOYSA-N,N1CC2CC(CCC2CC1C(=O)NC(C)(C)C)O,,,C14H26N2O2,254.199428072,0.8096000000000013,0,1,1,BTM00217,BTM00217,Hydroxylation of alicyclic secondary carbon,BTMR1068,"CYP1A2
CYP2C8
CYP2C9
CYP2C19
CYP2D6
CYP3A4",HUMAN,BTM00015,N1CC2CCCCC2CC1C(=O)NC(C)(C)C,"InChI=1S/C14H26N2O/c1-14(2,3)16-13(17)12-8-10-6-4-5-7-11(10)9-15-12/h10-12,15H,4-9H2,1-3H3,(H,16,17)",UPZBXVBPICTBDP-UHFFFAOYSA-N,2.0465,238.204513452
"InChI=1S/C14H26N2O2/c1-14(2,3)16-13(18)12-7-10-6-11(17)5-4-9(10)8-15-12/h9-12,15,17H,4-8H2,1-3H3,(H,16,18)",XXLCJTUDHSSLEB-UHFFFAOYSA-N,N1CC2CCC(CC2CC1C(=O)NC(C)(C)C)O,,,C14H26N2O2,254.199428072,0.8096000000000013,0,1,1,BTM00230,BTM00230,Hydroxylation of alicyclic secondary carbon,BTMR1068,"CYP1A2
CYP2C8
CYP2C9
CYP2C19
CYP2D6
CYP3A4",HUMAN,BTM00015,N1CC2CCCCC2CC1C(=O)NC(C)(C)C,"InChI=1S/C14H26N2O/c1-14(2,3)16-13(17)12-8-10-6-4-5-7-11(10)9-15-12/h10-12,15H,4-9H2,1-3H3,(H,16,17)",UPZBXVBPICTBDP-UHFFFAOYSA-N,2.0465,238.204513452
"InChI=1S/C14H26N2O2/c1-14(2,3)16-13(18)11-7-10-9(8-15-11)5-4-6-12(10)17/h9-12,15,17H,4-8H2,1-3H3,(H,16,18)",ZIHDEPHPLIDMGU-UHFFFAOYSA-N,N1CC2CCCC(C2CC1C(=O)NC(C)(C)C)O,,,C14H26N2O2,254.199428072,0.8770999999999985,0,1,1,BTM00242,BTM00242,Hydroxylation of alicyclic secondary carbon,BTMR1068,"CYP1A2
CYP2C8
CYP2C9
CYP2C19
CYP2D6
CYP3A4",HUMAN,BTM00015,N1CC2CCCCC2CC1C(=O)NC(C)(C)C,"InChI=1S/C14H26N2O/c1-14(2,3)16-13(17)12-8-10-6-4-5-7-11(10)9-15-12/h10-12,15H,4-9H2,1-3H3,(H,16,17)",UPZBXVBPICTBDP-UHFFFAOYSA-N,2.0465,238.204513452
"InChI=1S/C14H26N2O2/c1-14(2,3)16-13(18)11-8-9-6-4-5-7-10(9)12(17)15-11/h9-12,15,17H,4-8H2,1-3H3,(H,16,18)",CSFWUWYIRNFQEP-UHFFFAOYSA-N,N1C(C2CCCCC2CC1C(=O)NC(C)(C)C)O,,,C14H26N2O2,254.199428072,1.5773999999999986,0,1,1,BTM00264,BTM00264,Hydroxylation of heteroalicyclic secondary carbon,BTMR1070,"CYP1A2
CYP2A6
CYP2C9
CYP2D6
CYP3A4",HUMAN,BTM00015,N1CC2CCCCC2CC1C(=O)NC(C)(C)C,"InChI=1S/C14H26N2O/c1-14(2,3)16-13(17)12-8-10-6-4-5-7-11(10)9-15-12/h10-12,15H,4-9H2,1-3H3,(H,16,17)",UPZBXVBPICTBDP-UHFFFAOYSA-N,2.0465,238.204513452
"InChI=1S/C14H26N2O2/c1-14(2,3)16-13(18)11-12(17)10-7-5-4-6-9(10)8-15-11/h9-12,15,17H,4-8H2,1-3H3,(H,16,18)",DTHSWQRUBVPHOP-UHFFFAOYSA-N,N1CC2CCCCC2C(C1C(=O)NC(C)(C)C)O,,,C14H26N2O2,254.199428072,1.1471,0,1,1,BTM00265,BTM00265,Hydroxylation of heteroalicyclic secondary carbon,BTMR1071,CYP1A2,HUMAN,BTM00015,N1CC2CCCCC2CC1C(=O)NC(C)(C)C,"InChI=1S/C14H26N2O/c1-14(2,3)16-13(17)12-8-10-6-4-5-7-11(10)9-15-12/h10-12,15H,4-9H2,1-3H3,(H,16,17)",UPZBXVBPICTBDP-UHFFFAOYSA-N,2.0465,238.204513452
"InChI=1S/C14H26N2O2/c1-14(2,9-17)16-13(18)12-7-10-5-3-4-6-11(10)8-15-12/h10-12,15,17H,3-9H2,1-2H3,(H,16,18)",DNCQVDWVNKMOOB-UHFFFAOYSA-N,N1CC2CCCCC2CC1C(=O)NC(C)(C)CO,,,C14H26N2O2,254.199428072,1.1583,0,1,1,BTM00266,BTM00266,Hydroxylation of terminal methyl,BTMR1061,"CYP1A2
CYP2A6
CYP2B6
CYP2C8
CYP2C9
CYP2C19
CYP2D6
CYP2E1
CYP3A4",HUMAN,BTM00015,N1CC2CCCCC2CC1C(=O)NC(C)(C)C,"InChI=1S/C14H26N2O/c1-14(2,3)16-13(17)12-8-10-6-4-5-7-11(10)9-15-12/h10-12,15H,4-9H2,1-3H3,(H,16,17)",UPZBXVBPICTBDP-UHFFFAOYSA-N,2.0465,238.204513452
"InChI=1S/C14H26N2O2/c1-13(2,3)16-12(17)11-8-10-6-4-5-7-14(10,18)9-15-11/h10-11,15,18H,4-9H2,1-3H3,(H,16,17)",AYQBIJQXFTWUFN-UHFFFAOYSA-N,N1CC2(CCCCC2CC1C(=O)NC(C)(C)C)O,,,C14H26N2O2,254.199428072,1.100299999999999,0,1,1,BTM00267,BTM00267,Hydroxylation of alicyclic tertiary carbon,BTMR1243,CYP1A2,HUMAN,BTM00015,N1CC2CCCCC2CC1C(=O)NC(C)(C)C,"InChI=1S/C14H26N2O/c1-14(2,3)16-13(17)12-8-10-6-4-5-7-11(10)9-15-12/h10-12,15H,4-9H2,1-3H3,(H,16,17)",UPZBXVBPICTBDP-UHFFFAOYSA-N,2.0465,238.204513452
"InChI=1S/C14H26N2O2/c1-13(2,3)16-12(17)11-8-14(18)7-5-4-6-10(14)9-15-11/h10-11,15,18H,4-9H2,1-3H3,(H,16,17)",ZCALOCIGMVJPBK-UHFFFAOYSA-N,N1CC2CCCCC2(CC1C(=O)NC(C)(C)C)O,,,C14H26N2O2,254.199428072,0.7120999999999985,0,1,1,BTM00268,BTM00268,Hydroxylation of alicyclic tertiary carbon,BTMR1243,CYP1A2,HUMAN,BTM00015,N1CC2CCCCC2CC1C(=O)NC(C)(C)C,"InChI=1S/C14H26N2O/c1-14(2,3)16-13(17)12-8-10-6-4-5-7-11(10)9-15-12/h10-12,15H,4-9H2,1-3H3,(H,16,17)",UPZBXVBPICTBDP-UHFFFAOYSA-N,2.0465,238.204513452
"InChI=1S/C32H43N3O5S/c1-20-25(15-23(36)16-28(20)37)30(39)33-26(19-41-24-12-6-5-7-13-24)29(38)18-35-17-22-11-9-8-10-21(22)14-27(35)31(40)34-32(2,3)4/h5-7,12-13,15-16,21-22,26-27,36-37H,8-11,14,17-19H2,1-4H3,(H,33,39)(H,34,40)",KMNCSTZZBFIWAH-UHFFFAOYSA-N,CC1=C(C=C(C=C1O)O)C(=O)NC(CSC2=CC=CC=C2)C(CN3CC4CCCCC4CC3C(=O)NC(C)(C)C)=O,,,C32H43N3O5S,581.292342476,5.345799999999999,2,1,1,BTM00158,BTM00158,Oxidation of secondary alcohol to ketone,BTMR0079,"CYP1A2
CYP2C9
CYP2C19",HUMAN,BTM00016,CC1=C(C=C(C=C1O)O)C(=O)NC(CSC2=CC=CC=C2)C(CN3CC4CCCCC4CC3C(=O)NC(C)(C)C)O,"InChI=1S/C32H45N3O5S/c1-20-25(15-23(36)16-28(20)37)30(39)33-26(19-41-24-12-6-5-7-13-24)29(38)18-35-17-22-11-9-8-10-21(22)14-27(35)31(40)34-32(2,3)4/h5-7,12-13,15-16,21-22,26-27,29,36-38H,8-11,14,17-19H2,1-4H3,(H,33,39)(H,34,40)",DJMJDJQFZAFYKM-UHFFFAOYSA-N,5.098900000000002,583.30799254
"InChI=1S/C32H45N3O6S/c1-32(2,3)34-31(41)27-13-20-9-7-8-10-21(20)16-35(27)17-29(39)26(19-42-23-11-5-4-6-12-23)33-30(40)24-14-22(37)15-28(38)25(24)18-36/h4-6,11-12,14-15,20-21,26-27,29,36-39H,7-10,13,16-19H2,1-3H3,(H,33,40)(H,34,41)",JDWKAXSTRALXSF-UHFFFAOYSA-N,C(C1=C(C=C(C=C1O)O)C(=O)NC(CSC2=CC=CC=C2)C(CN3CC4CCCCC4CC3C(=O)NC(C)(C)C)O)O,,,C32H45N3O6S,599.30290716,4.008200000000002,2,2,2,BTM00189,BTM00189,Aliphatic hydroxylation of methyl carbon adjacent to aromatic ring,BTMR1058,"CYP1A2
CYP2A6
CYP2B6
CYP2C8
CYP2C9
CYP2C19
CYP2D6
CYP2E1
CYP3A4",HUMAN,BTM00016,CC1=C(C=C(C=C1O)O)C(=O)NC(CSC2=CC=CC=C2)C(CN3CC4CCCCC4CC3C(=O)NC(C)(C)C)O,"InChI=1S/C32H45N3O5S/c1-20-25(15-23(36)16-28(20)37)30(39)33-26(19-41-24-12-6-5-7-13-24)29(38)18-35-17-22-11-9-8-10-21(22)14-27(35)31(40)34-32(2,3)4/h5-7,12-13,15-16,21-22,26-27,29,36-38H,8-11,14,17-19H2,1-4H3,(H,33,39)(H,34,40)",DJMJDJQFZAFYKM-UHFFFAOYSA-N,5.098900000000002,583.30799254
"InChI=1S/C32H45N3O6S/c1-19-23(14-21(36)15-28(19)38)30(40)33-25(18-42-22-10-6-5-7-11-22)29(39)17-35-16-24-20(9-8-12-27(24)37)13-26(35)31(41)34-32(2,3)4/h5-7,10-11,14-15,20,24-27,29,36-39H,8-9,12-13,16-18H2,1-4H3,(H,33,40)(H,34,41)",SXRQOHQAPDYPIX-UHFFFAOYSA-N,CC1=C(C=C(C=C1O)O)C(=O)NC(CSC2=CC=CC=C2)C(CN3CC4C(CCCC4CC3C(=O)NC(C)(C)C)O)O,,,C32H45N3O6S,599.30290716,3.8675999999999995,2,1,1,BTM00204,BTM00204,Hydroxylation of alicyclic secondary carbon,BTMR1068,"CYP1A2
CYP2C8
CYP2C9
CYP2C19
CYP2D6
CYP3A4",HUMAN,BTM00016,CC1=C(C=C(C=C1O)O)C(=O)NC(CSC2=CC=CC=C2)C(CN3CC4CCCCC4CC3C(=O)NC(C)(C)C)O,"InChI=1S/C32H45N3O5S/c1-20-25(15-23(36)16-28(20)37)30(39)33-26(19-41-24-12-6-5-7-13-24)29(38)18-35-17-22-11-9-8-10-21(22)14-27(35)31(40)34-32(2,3)4/h5-7,12-13,15-16,21-22,26-27,29,36-38H,8-11,14,17-19H2,1-4H3,(H,33,39)(H,34,40)",DJMJDJQFZAFYKM-UHFFFAOYSA-N,5.098900000000002,583.30799254
"InChI=1S/C32H45N3O6S/c1-19-25(14-23(37)15-28(19)38)30(40)33-26(18-42-24-8-6-5-7-9-24)29(39)17-35-16-21-12-22(36)11-10-20(21)13-27(35)31(41)34-32(2,3)4/h5-9,14-15,20-22,26-27,29,36-39H,10-13,16-18H2,1-4H3,(H,33,40)(H,34,41)",YQYLTQRBCAHMEW-UHFFFAOYSA-N,CC1=C(C=C(C=C1O)O)C(=O)NC(CSC2=CC=CC=C2)C(CN3CC4CC(CCC4CC3C(=O)NC(C)(C)C)O)O,,,C32H45N3O6S,599.30290716,3.862,2,1,1,BTM00218,BTM00218,Hydroxylation of alicyclic secondary carbon,BTMR1068,"CYP1A2
CYP2C8
CYP2C9
CYP2C19
CYP2D6
CYP3A4",HUMAN,BTM00016,CC1=C(C=C(C=C1O)O)C(=O)NC(CSC2=CC=CC=C2)C(CN3CC4CCCCC4CC3C(=O)NC(C)(C)C)O,"InChI=1S/C32H45N3O5S/c1-20-25(15-23(36)16-28(20)37)30(39)33-26(19-41-24-12-6-5-7-13-24)29(38)18-35-17-22-11-9-8-10-21(22)14-27(35)31(40)34-32(2,3)4/h5-7,12-13,15-16,21-22,26-27,29,36-38H,8-11,14,17-19H2,1-4H3,(H,33,39)(H,34,40)",DJMJDJQFZAFYKM-UHFFFAOYSA-N,5.098900000000002,583.30799254
"InChI=1S/C32H45N3O6S/c1-19-25(14-23(37)15-28(19)38)30(40)33-26(18-42-24-8-6-5-7-9-24)29(39)17-35-16-20-10-11-22(36)12-21(20)13-27(35)31(41)34-32(2,3)4/h5-9,14-15,20-22,26-27,29,36-39H,10-13,16-18H2,1-4H3,(H,33,40)(H,34,41)",PRLLAJAYKOHBTF-UHFFFAOYSA-N,CC1=C(C=C(C=C1O)O)C(=O)NC(CSC2=CC=CC=C2)C(CN3CC4CCC(CC4CC3C(=O)NC(C)(C)C)O)O,,,C32H45N3O6S,599.30290716,3.862,2,1,1,BTM00231,BTM00231,Hydroxylation of alicyclic secondary carbon,BTMR1068,"CYP1A2
CYP2C8
CYP2C9
CYP2C19
CYP2D6
CYP3A4",HUMAN,BTM00016,CC1=C(C=C(C=C1O)O)C(=O)NC(CSC2=CC=CC=C2)C(CN3CC4CCCCC4CC3C(=O)NC(C)(C)C)O,"InChI=1S/C32H45N3O5S/c1-20-25(15-23(36)16-28(20)37)30(39)33-26(19-41-24-12-6-5-7-13-24)29(38)18-35-17-22-11-9-8-10-21(22)14-27(35)31(40)34-32(2,3)4/h5-7,12-13,15-16,21-22,26-27,29,36-38H,8-11,14,17-19H2,1-4H3,(H,33,39)(H,34,40)",DJMJDJQFZAFYKM-UHFFFAOYSA-N,5.098900000000002,583.30799254
"InChI=1S/C32H45N3O6S/c1-19-23(13-21(36)14-28(19)38)30(40)33-25(18-42-22-10-6-5-7-11-22)29(39)17-35-16-20-9-8-12-27(37)24(20)15-26(35)31(41)34-32(2,3)4/h5-7,10-11,13-14,20,24-27,29,36-39H,8-9,12,15-18H2,1-4H3,(H,33,40)(H,34,41)",BPZGHUWACHPIBV-UHFFFAOYSA-N,CC1=C(C=C(C=C1O)O)C(=O)NC(CSC2=CC=CC=C2)C(CN3CC4CCCC(C4CC3C(=O)NC(C)(C)C)O)O,,,C32H45N3O6S,599.30290716,3.929499999999999,2,1,1,BTM00243,BTM00243,Hydroxylation of alicyclic secondary carbon,BTMR1068,"CYP1A2
CYP2C8
CYP2C9
CYP2C19
CYP2D6
CYP3A4",HUMAN,BTM00016,CC1=C(C=C(C=C1O)O)C(=O)NC(CSC2=CC=CC=C2)C(CN3CC4CCCCC4CC3C(=O)NC(C)(C)C)O,"InChI=1S/C32H45N3O5S/c1-20-25(15-23(36)16-28(20)37)30(39)33-26(19-41-24-12-6-5-7-13-24)29(38)18-35-17-22-11-9-8-10-21(22)14-27(35)31(40)34-32(2,3)4/h5-7,12-13,15-16,21-22,26-27,29,36-38H,8-11,14,17-19H2,1-4H3,(H,33,39)(H,34,40)",DJMJDJQFZAFYKM-UHFFFAOYSA-N,5.098900000000002,583.30799254
"InChI=1S/C32H45N3O6S/c1-20-25(15-23(36)16-28(20)37)30(39)33-26(19-42-24-12-6-5-7-13-24)29(38)18-35(41)17-22-11-9-8-10-21(22)14-27(35)31(40)34-32(2,3)4/h5-7,12-13,15-16,21-22,26-27,29,36-38H,8-11,14,17-19H2,1-4H3,(H,33,39)(H,34,40)",NTJJLDNYBBEWAX-UHFFFAOYSA-N,CC1=C(C=C(C=C1O)O)C(=O)NC(CSC2=CC=CC=C2)C(C[N+]3(CC4CCCCC4CC3C(=O)NC(C)(C)C)[O-])O,,,C32H45N3O6S,599.30290716,4.693800000000001,2,1,1,BTM00253,BTM00253,N-Oxidation of alicyclic tertiary amine,BTMR1099,"CYP1A2
CYP2C8
CYP2C19
CYP2D6
CYP3A4",HUMAN,BTM00016,CC1=C(C=C(C=C1O)O)C(=O)NC(CSC2=CC=CC=C2)C(CN3CC4CCCCC4CC3C(=O)NC(C)(C)C)O,"InChI=1S/C32H45N3O5S/c1-20-25(15-23(36)16-28(20)37)30(39)33-26(19-41-24-12-6-5-7-13-24)29(38)18-35-17-22-11-9-8-10-21(22)14-27(35)31(40)34-32(2,3)4/h5-7,12-13,15-16,21-22,26-27,29,36-38H,8-11,14,17-19H2,1-4H3,(H,33,39)(H,34,40)",DJMJDJQFZAFYKM-UHFFFAOYSA-N,5.098900000000002,583.30799254
"InChI=1S/C18H19NO5S/c1-11-14(7-12(21)8-16(11)22)18(24)19-15(17(23)9-20)10-25-13-5-3-2-4-6-13/h2-9,15,17,21-23H,10H2,1H3,(H,19,24)",AQFZPORZSCWJQO-UHFFFAOYSA-N,CC1=C(C=C(C=C1O)O)C(=O)NC(CSC2=CC=CC=C2)C(C=O)O,,,C18H19NO5S,361.098393708,2.4147999999999987,0,1,1,BTM00261,BTM00261,N-Dealkylation of alicyclic tertiary amine,BTMR1144,"CYP1A2
CYP2A6
CYP2B6
CYP2C8
CYP2C9
CYP2C19
CYP2D6
CYP3A4",HUMAN,BTM00016,CC1=C(C=C(C=C1O)O)C(=O)NC(CSC2=CC=CC=C2)C(CN3CC4CCCCC4CC3C(=O)NC(C)(C)C)O,"InChI=1S/C32H45N3O5S/c1-20-25(15-23(36)16-28(20)37)30(39)33-26(19-41-24-12-6-5-7-13-24)29(38)18-35-17-22-11-9-8-10-21(22)14-27(35)31(40)34-32(2,3)4/h5-7,12-13,15-16,21-22,26-27,29,36-38H,8-11,14,17-19H2,1-4H3,(H,33,39)(H,34,40)",DJMJDJQFZAFYKM-UHFFFAOYSA-N,5.098900000000002,583.30799254
"InChI=1S/C14H26N2O/c1-14(2,3)16-13(17)12-8-10-6-4-5-7-11(10)9-15-12/h10-12,15H,4-9H2,1-3H3,(H,16,17)",UPZBXVBPICTBDP-UHFFFAOYSA-N,N1CC2CCCCC2CC1C(=O)NC(C)(C)C,,,C14H26N2O,238.204513452,2.0465,0,0,0,BTM00015,BTM00015,N-Dealkylation of alicyclic tertiary amine,BTMR1144,"CYP1A2
CYP2A6
CYP2B6
CYP2C8
CYP2C9
CYP2C19
CYP2D6
CYP3A4",HUMAN,BTM00016,CC1=C(C=C(C=C1O)O)C(=O)NC(CSC2=CC=CC=C2)C(CN3CC4CCCCC4CC3C(=O)NC(C)(C)C)O,"InChI=1S/C32H45N3O5S/c1-20-25(15-23(36)16-28(20)37)30(39)33-26(19-41-24-12-6-5-7-13-24)29(38)18-35-17-22-11-9-8-10-21(22)14-27(35)31(40)34-32(2,3)4/h5-7,12-13,15-16,21-22,26-27,29,36-38H,8-11,14,17-19H2,1-4H3,(H,33,39)(H,34,40)",DJMJDJQFZAFYKM-UHFFFAOYSA-N,5.098900000000002,583.30799254
"InChI=1S/C32H45N3O6S/c1-19-24(15-21(36)16-27(19)37)29(39)33-25(18-42-22-11-6-5-7-12-22)28(38)17-35-26(30(40)34-32(2,3)4)14-20-10-8-9-13-23(20)31(35)41/h5-7,11-12,15-16,20,23,25-26,28,31,36-38,41H,8-10,13-14,17-18H2,1-4H3,(H,33,39)(H,34,40)",OUXVMBHNSHPASG-UHFFFAOYSA-N,CC1=C(C=C(C=C1O)O)C(=O)NC(CSC2=CC=CC=C2)C(CN3C(C4CCCCC4CC3C(=O)NC(C)(C)C)O)O,,,C32H45N3O6S,599.30290716,4.629800000000002,3,1,1,BTM00269,BTM00269,Hydroxylation of heteroalicyclic secondary carbon,BTMR1070,"CYP1A2
CYP2A6
CYP2C9
CYP2D6
CYP3A4",HUMAN,BTM00016,CC1=C(C=C(C=C1O)O)C(=O)NC(CSC2=CC=CC=C2)C(CN3CC4CCCCC4CC3C(=O)NC(C)(C)C)O,"InChI=1S/C32H45N3O5S/c1-20-25(15-23(36)16-28(20)37)30(39)33-26(19-41-24-12-6-5-7-13-24)29(38)18-35-17-22-11-9-8-10-21(22)14-27(35)31(40)34-32(2,3)4/h5-7,12-13,15-16,21-22,26-27,29,36-38H,8-11,14,17-19H2,1-4H3,(H,33,39)(H,34,40)",DJMJDJQFZAFYKM-UHFFFAOYSA-N,5.098900000000002,583.30799254
"InChI=1S/C32H45N3O6S/c1-19-24(14-21(36)15-26(19)37)30(40)33-25(18-42-22-11-6-5-7-12-22)27(38)17-35-16-20-10-8-9-13-23(20)29(39)28(35)31(41)34-32(2,3)4/h5-7,11-12,14-15,20,23,25,27-29,36-39H,8-10,13,16-18H2,1-4H3,(H,33,40)(H,34,41)",CTORNVFLKPYYKL-UHFFFAOYSA-N,CC1=C(C=C(C=C1O)O)C(=O)NC(CSC2=CC=CC=C2)C(CN3CC4CCCCC4C(C3C(=O)NC(C)(C)C)O)O,,,C32H45N3O6S,599.30290716,4.199499999999999,3,1,1,BTM00270,BTM00270,Hydroxylation of heteroalicyclic secondary carbon,BTMR1071,CYP1A2,HUMAN,BTM00016,CC1=C(C=C(C=C1O)O)C(=O)NC(CSC2=CC=CC=C2)C(CN3CC4CCCCC4CC3C(=O)NC(C)(C)C)O,"InChI=1S/C32H45N3O5S/c1-20-25(15-23(36)16-28(20)37)30(39)33-26(19-41-24-12-6-5-7-13-24)29(38)18-35-17-22-11-9-8-10-21(22)14-27(35)31(40)34-32(2,3)4/h5-7,12-13,15-16,21-22,26-27,29,36-38H,8-11,14,17-19H2,1-4H3,(H,33,39)(H,34,40)",DJMJDJQFZAFYKM-UHFFFAOYSA-N,5.098900000000002,583.30799254
"InChI=1S/C32H45N3O6S/c1-20-25(15-23(36)16-28(20)37)30(39)33-26(19-42(41)24-12-6-5-7-13-24)29(38)18-35-17-22-11-9-8-10-21(22)14-27(35)31(40)34-32(2,3)4/h5-7,12-13,15-16,21-22,26-27,29,36-38H,8-11,14,17-19H2,1-4H3,(H,33,39)(H,34,40)",QCEGFVAZLQBQOU-UHFFFAOYSA-N,CC1=C(C=C(C=C1O)O)C(=O)NC(CS(C2=CC=CC=C2)=O)C(CN3CC4CCCCC4CC3C(=O)NC(C)(C)C)O,,,C32H45N3O6S,599.30290716,3.987100000000002,1,1,1,BTM00271,BTM00271,S-Oxidation of alkylarylthioether to sulfoxide,BTMR0058,"CYP1A2
CYP2A6
CYP2B6
CYP2C9
CYP2D6
CYP2E1
CYP3A4",HUMAN,BTM00016,CC1=C(C=C(C=C1O)O)C(=O)NC(CSC2=CC=CC=C2)C(CN3CC4CCCCC4CC3C(=O)NC(C)(C)C)O,"InChI=1S/C32H45N3O5S/c1-20-25(15-23(36)16-28(20)37)30(39)33-26(19-41-24-12-6-5-7-13-24)29(38)18-35-17-22-11-9-8-10-21(22)14-27(35)31(40)34-32(2,3)4/h5-7,12-13,15-16,21-22,26-27,29,36-38H,8-11,14,17-19H2,1-4H3,(H,33,39)(H,34,40)",DJMJDJQFZAFYKM-UHFFFAOYSA-N,5.098900000000002,583.30799254
"InChI=1S/C32H45N3O6S/c1-20-25(14-23(37)15-28(20)38)30(40)33-26(18-42-24-11-5-4-6-12-24)29(39)17-35-16-22-10-8-7-9-21(22)13-27(35)31(41)34-32(2,3)19-36/h4-6,11-12,14-15,21-22,26-27,29,36-39H,7-10,13,16-19H2,1-3H3,(H,33,40)(H,34,41)",RYDOOKPKNIISKV-UHFFFAOYSA-N,CC1=C(C=C(C=C1O)O)C(=O)NC(CSC2=CC=CC=C2)C(CN3CC4CCCCC4CC3C(=O)NC(C)(C)CO)O,,,C32H45N3O6S,599.30290716,4.210700000000003,2,2,2,BTM00272,BTM00272,Hydroxylation of terminal methyl,BTMR1061,"CYP1A2
CYP2A6
CYP2B6
CYP2C8
CYP2C9
CYP2C19
CYP2D6
CYP2E1
CYP3A4",HUMAN,BTM00016,CC1=C(C=C(C=C1O)O)C(=O)NC(CSC2=CC=CC=C2)C(CN3CC4CCCCC4CC3C(=O)NC(C)(C)C)O,"InChI=1S/C32H45N3O5S/c1-20-25(15-23(36)16-28(20)37)30(39)33-26(19-41-24-12-6-5-7-13-24)29(38)18-35-17-22-11-9-8-10-21(22)14-27(35)31(40)34-32(2,3)4/h5-7,12-13,15-16,21-22,26-27,29,36-38H,8-11,14,17-19H2,1-4H3,(H,33,39)(H,34,40)",DJMJDJQFZAFYKM-UHFFFAOYSA-N,5.098900000000002,583.30799254
"InChI=1S/C32H45N3O6S/c1-20-24(15-22(36)16-27(20)37)29(39)33-25(18-42-23-11-6-5-7-12-23)28(38)17-35-19-32(41)13-9-8-10-21(32)14-26(35)30(40)34-31(2,3)4/h5-7,11-12,15-16,21,25-26,28,36-38,41H,8-10,13-14,17-19H2,1-4H3,(H,33,39)(H,34,40)",NPSKDYMVRXIQNJ-UHFFFAOYSA-N,CC1=C(C=C(C=C1O)O)C(=O)NC(CSC2=CC=CC=C2)C(CN3CC4(CCCCC4CC3C(=O)NC(C)(C)C)O)O,,,C32H45N3O6S,599.30290716,4.152699999999999,2,1,1,BTM00273,BTM00273,Hydroxylation of alicyclic tertiary carbon,BTMR1243,CYP1A2,HUMAN,BTM00016,CC1=C(C=C(C=C1O)O)C(=O)NC(CSC2=CC=CC=C2)C(CN3CC4CCCCC4CC3C(=O)NC(C)(C)C)O,"InChI=1S/C32H45N3O5S/c1-20-25(15-23(36)16-28(20)37)30(39)33-26(19-41-24-12-6-5-7-13-24)29(38)18-35-17-22-11-9-8-10-21(22)14-27(35)31(40)34-32(2,3)4/h5-7,12-13,15-16,21-22,26-27,29,36-38H,8-11,14,17-19H2,1-4H3,(H,33,39)(H,34,40)",DJMJDJQFZAFYKM-UHFFFAOYSA-N,5.098900000000002,583.30799254
"InChI=1S/C32H45N3O6S/c1-20-24(14-22(36)15-27(20)37)29(39)33-25(19-42-23-11-6-5-7-12-23)28(38)18-35-17-21-10-8-9-13-32(21,41)16-26(35)30(40)34-31(2,3)4/h5-7,11-12,14-15,21,25-26,28,36-38,41H,8-10,13,16-19H2,1-4H3,(H,33,39)(H,34,40)",UGLLIHJCPUFOAI-UHFFFAOYSA-N,CC1=C(C=C(C=C1O)O)C(=O)NC(CSC2=CC=CC=C2)C(CN3CC4CCCCC4(CC3C(=O)NC(C)(C)C)O)O,,,C32H45N3O6S,599.30290716,3.764499999999999,2,1,1,BTM00274,BTM00274,Hydroxylation of alicyclic tertiary carbon,BTMR1243,CYP1A2,HUMAN,BTM00016,CC1=C(C=C(C=C1O)O)C(=O)NC(CSC2=CC=CC=C2)C(CN3CC4CCCCC4CC3C(=O)NC(C)(C)C)O,"InChI=1S/C32H45N3O5S/c1-20-25(15-23(36)16-28(20)37)30(39)33-26(19-41-24-12-6-5-7-13-24)29(38)18-35-17-22-11-9-8-10-21(22)14-27(35)31(40)34-32(2,3)4/h5-7,12-13,15-16,21-22,26-27,29,36-38H,8-11,14,17-19H2,1-4H3,(H,33,39)(H,34,40)",DJMJDJQFZAFYKM-UHFFFAOYSA-N,5.098900000000002,583.30799254
"InChI=1S/C32H45N3O6S/c1-19-24(15-22(36)16-27(19)37)29(39)33-25(18-42-23-12-6-5-7-13-23)28(38)31(41)35-17-21-11-9-8-10-20(21)14-26(35)30(40)34-32(2,3)4/h5-7,12-13,15-16,20-21,25-26,28,31,36-38,41H,8-11,14,17-18H2,1-4H3,(H,33,39)(H,34,40)",ATVJVVGLNKEWTC-UHFFFAOYSA-N,CC1=C(C=C(C=C1O)O)C(=O)NC(CSC2=CC=CC=C2)C(C(N3CC4CCCCC4CC3C(=O)NC(C)(C)C)O)O,,,C32H45N3O6S,599.30290716,4.7592000000000025,3,1,1,BTM00275,BTM00275,Aliphatic hydroxylation of carbon alpha to secondary or tertiary alkyl-N,BTMR1081,"CYP2B6
CYP2C19
CYP2D6",HUMAN,BTM00016,CC1=C(C=C(C=C1O)O)C(=O)NC(CSC2=CC=CC=C2)C(CN3CC4CCCCC4CC3C(=O)NC(C)(C)C)O,"InChI=1S/C32H45N3O5S/c1-20-25(15-23(36)16-28(20)37)30(39)33-26(19-41-24-12-6-5-7-13-24)29(38)18-35-17-22-11-9-8-10-21(22)14-27(35)31(40)34-32(2,3)4/h5-7,12-13,15-16,21-22,26-27,29,36-38H,8-11,14,17-19H2,1-4H3,(H,33,39)(H,34,40)",DJMJDJQFZAFYKM-UHFFFAOYSA-N,5.098900000000002,583.30799254
"InChI=1S/C32H45N3O6S/c1-19-24(15-21(36)16-27(19)37)29(39)33-25(18-42-22-11-6-5-7-12-22)28(38)17-35-26(30(40)34-32(2,3)4)14-20-10-8-9-13-23(20)31(35)41/h5-7,11-12,15-16,20,23,25-26,28,31,36-38,41H,8-10,13-14,17-18H2,1-4H3,(H,33,39)(H,34,40)",OUXVMBHNSHPASG-UHFFFAOYSA-N,CC1=C(C=C(C=C1O)O)C(=O)NC(CSC2=CC=CC=C2)C(CN3C(C4CCCCC4CC3C(=O)NC(C)(C)C)O)O,,,C32H45N3O6S,599.30290716,4.629800000000002,3,1,1,BTM00269,BTM00269,Aliphatic hydroxylation of carbon alpha to secondary or tertiary alkyl-N,BTMR1081,"CYP2B6
CYP2C19
CYP2D6",HUMAN,BTM00016,CC1=C(C=C(C=C1O)O)C(=O)NC(CSC2=CC=CC=C2)C(CN3CC4CCCCC4CC3C(=O)NC(C)(C)C)O,"InChI=1S/C32H45N3O5S/c1-20-25(15-23(36)16-28(20)37)30(39)33-26(19-41-24-12-6-5-7-13-24)29(38)18-35-17-22-11-9-8-10-21(22)14-27(35)31(40)34-32(2,3)4/h5-7,12-13,15-16,21-22,26-27,29,36-38H,8-11,14,17-19H2,1-4H3,(H,33,39)(H,34,40)",DJMJDJQFZAFYKM-UHFFFAOYSA-N,5.098900000000002,583.30799254
"InChI=1S/C32H45N3O6S/c1-20-25(14-23(36)15-27(20)37)29(39)33-26(19-42-24-12-6-5-7-13-24)28(38)18-35-17-22-11-9-8-10-21(22)16-32(35,41)30(40)34-31(2,3)4/h5-7,12-15,21-22,26,28,36-38,41H,8-11,16-19H2,1-4H3,(H,33,39)(H,34,40)",ZMQUBRXNTKRSEB-UHFFFAOYSA-N,CC1=C(C=C(C=C1O)O)C(=O)NC(CSC2=CC=CC=C2)C(CN3CC4CCCCC4CC3(C(=O)NC(C)(C)C)O)O,,,C32H45N3O6S,599.30290716,4.450199999999999,2,1,1,BTM00276,BTM00276,Aliphatic hydroxylation of carbon alpha to secondary or tertiary alkyl-N,BTMR1081,"CYP2B6
CYP2C19
CYP2D6",HUMAN,BTM00016,CC1=C(C=C(C=C1O)O)C(=O)NC(CSC2=CC=CC=C2)C(CN3CC4CCCCC4CC3C(=O)NC(C)(C)C)O,"InChI=1S/C32H45N3O5S/c1-20-25(15-23(36)16-28(20)37)30(39)33-26(19-41-24-12-6-5-7-13-24)29(38)18-35-17-22-11-9-8-10-21(22)14-27(35)31(40)34-32(2,3)4/h5-7,12-13,15-16,21-22,26-27,29,36-38H,8-11,14,17-19H2,1-4H3,(H,33,39)(H,34,40)",DJMJDJQFZAFYKM-UHFFFAOYSA-N,5.098900000000002,583.30799254
"InChI=1S/C32H43N3O5S/c1-20-24(14-15-27(36)29(20)38)30(39)33-25(19-41-23-12-6-5-7-13-23)28(37)18-35-17-22-11-9-8-10-21(22)16-26(35)31(40)34-32(2,3)4/h5-7,12-15,21-22,25-26,36,38H,8-11,16-19H2,1-4H3,(H,33,39)(H,34,40)",OBNHYTXAODRKHA-UHFFFAOYSA-N,CC1=C(C=CC(=C1O)O)C(=O)NC(CSC2=CC=CC=C2)C(CN3CC4CCCCC4CC3C(=O)NC(C)(C)C)=O,,,C32H43N3O5S,581.292342476,5.345799999999999,2,1,1,BTM00159,BTM00159,Oxidation of secondary alcohol to ketone,BTMR0079,"CYP1A2
CYP2C9
CYP2C19",HUMAN,BTM00017,CC1=C(C=CC(=C1O)O)C(=O)NC(CSC2=CC=CC=C2)C(CN3CC4CCCCC4CC3C(=O)NC(C)(C)C)O,"InChI=1S/C32H45N3O5S/c1-20-24(14-15-27(36)29(20)38)30(39)33-25(19-41-23-12-6-5-7-13-23)28(37)18-35-17-22-11-9-8-10-21(22)16-26(35)31(40)34-32(2,3)4/h5-7,12-15,21-22,25-26,28,36-38H,8-11,16-19H2,1-4H3,(H,33,39)(H,34,40)",QTSSATVFYFFGRH-UHFFFAOYSA-N,5.098900000000002,583.30799254
"InChI=1S/C32H45N3O6S/c1-32(2,3)34-31(41)26-15-20-9-7-8-10-21(20)16-35(26)17-28(38)25(19-42-22-11-5-4-6-12-22)33-30(40)23-13-14-27(37)29(39)24(23)18-36/h4-6,11-14,20-21,25-26,28,36-39H,7-10,15-19H2,1-3H3,(H,33,40)(H,34,41)",RJJOLEVMQDDBJL-UHFFFAOYSA-N,C(C1=C(C=CC(=C1O)O)C(=O)NC(CSC2=CC=CC=C2)C(CN3CC4CCCCC4CC3C(=O)NC(C)(C)C)O)O,,,C32H45N3O6S,599.30290716,4.008200000000002,3,2,2,BTM00190,BTM00190,Aliphatic hydroxylation of methyl carbon adjacent to aromatic ring,BTMR1058,"CYP1A2
CYP2A6
CYP2B6
CYP2C8
CYP2C9
CYP2C19
CYP2D6
CYP2E1
CYP3A4",HUMAN,BTM00017,CC1=C(C=CC(=C1O)O)C(=O)NC(CSC2=CC=CC=C2)C(CN3CC4CCCCC4CC3C(=O)NC(C)(C)C)O,"InChI=1S/C32H45N3O5S/c1-20-24(14-15-27(36)29(20)38)30(39)33-25(19-41-23-12-6-5-7-13-23)28(37)18-35-17-22-11-9-8-10-21(22)16-26(35)31(40)34-32(2,3)4/h5-7,12-15,21-22,25-26,28,36-38H,8-11,16-19H2,1-4H3,(H,33,39)(H,34,40)",QTSSATVFYFFGRH-UHFFFAOYSA-N,5.098900000000002,583.30799254
"InChI=1S/C32H45N3O6S/c1-19-22(13-14-27(37)29(19)39)30(40)33-24(18-42-21-10-6-5-7-11-21)28(38)17-35-16-23-20(9-8-12-26(23)36)15-25(35)31(41)34-32(2,3)4/h5-7,10-11,13-14,20,23-26,28,36-39H,8-9,12,15-18H2,1-4H3,(H,33,40)(H,34,41)",WJAHEBKKSZTXOU-UHFFFAOYSA-N,CC1=C(C=CC(=C1O)O)C(=O)NC(CSC2=CC=CC=C2)C(CN3CC4C(CCCC4CC3C(=O)NC(C)(C)C)O)O,,,C32H45N3O6S,599.30290716,3.8675999999999995,2,1,1,BTM00205,BTM00205,Hydroxylation of alicyclic secondary carbon,BTMR1068,"CYP1A2
CYP2C8
CYP2C9
CYP2C19
CYP2D6
CYP3A4",HUMAN,BTM00017,CC1=C(C=CC(=C1O)O)C(=O)NC(CSC2=CC=CC=C2)C(CN3CC4CCCCC4CC3C(=O)NC(C)(C)C)O,"InChI=1S/C32H45N3O5S/c1-20-24(14-15-27(36)29(20)38)30(39)33-25(19-41-23-12-6-5-7-13-23)28(37)18-35-17-22-11-9-8-10-21(22)16-26(35)31(40)34-32(2,3)4/h5-7,12-15,21-22,25-26,28,36-38H,8-11,16-19H2,1-4H3,(H,33,39)(H,34,40)",QTSSATVFYFFGRH-UHFFFAOYSA-N,5.098900000000002,583.30799254
"InChI=1S/C32H45N3O6S/c1-19-24(12-13-27(37)29(19)39)30(40)33-25(18-42-23-8-6-5-7-9-23)28(38)17-35-16-21-14-22(36)11-10-20(21)15-26(35)31(41)34-32(2,3)4/h5-9,12-13,20-22,25-26,28,36-39H,10-11,14-18H2,1-4H3,(H,33,40)(H,34,41)",YWXLUQHNZZKTMI-UHFFFAOYSA-N,CC1=C(C=CC(=C1O)O)C(=O)NC(CSC2=CC=CC=C2)C(CN3CC4CC(CCC4CC3C(=O)NC(C)(C)C)O)O,,,C32H45N3O6S,599.30290716,3.862,2,1,1,BTM00219,BTM00219,Hydroxylation of alicyclic secondary carbon,BTMR1068,"CYP1A2
CYP2C8
CYP2C9
CYP2C19
CYP2D6
CYP3A4",HUMAN,BTM00017,CC1=C(C=CC(=C1O)O)C(=O)NC(CSC2=CC=CC=C2)C(CN3CC4CCCCC4CC3C(=O)NC(C)(C)C)O,"InChI=1S/C32H45N3O5S/c1-20-24(14-15-27(36)29(20)38)30(39)33-25(19-41-23-12-6-5-7-13-23)28(37)18-35-17-22-11-9-8-10-21(22)16-26(35)31(40)34-32(2,3)4/h5-7,12-15,21-22,25-26,28,36-38H,8-11,16-19H2,1-4H3,(H,33,39)(H,34,40)",QTSSATVFYFFGRH-UHFFFAOYSA-N,5.098900000000002,583.30799254
"InChI=1S/C32H45N3O6S/c1-19-24(12-13-27(37)29(19)39)30(40)33-25(18-42-23-8-6-5-7-9-23)28(38)17-35-16-20-10-11-22(36)14-21(20)15-26(35)31(41)34-32(2,3)4/h5-9,12-13,20-22,25-26,28,36-39H,10-11,14-18H2,1-4H3,(H,33,40)(H,34,41)",LSYXWFVWGPZSTR-UHFFFAOYSA-N,CC1=C(C=CC(=C1O)O)C(=O)NC(CSC2=CC=CC=C2)C(CN3CC4CCC(CC4CC3C(=O)NC(C)(C)C)O)O,,,C32H45N3O6S,599.30290716,3.862,2,1,1,BTM00232,BTM00232,Hydroxylation of alicyclic secondary carbon,BTMR1068,"CYP1A2
CYP2C8
CYP2C9
CYP2C19
CYP2D6
CYP3A4",HUMAN,BTM00017,CC1=C(C=CC(=C1O)O)C(=O)NC(CSC2=CC=CC=C2)C(CN3CC4CCCCC4CC3C(=O)NC(C)(C)C)O,"InChI=1S/C32H45N3O5S/c1-20-24(14-15-27(36)29(20)38)30(39)33-25(19-41-23-12-6-5-7-13-23)28(37)18-35-17-22-11-9-8-10-21(22)16-26(35)31(40)34-32(2,3)4/h5-7,12-15,21-22,25-26,28,36-38H,8-11,16-19H2,1-4H3,(H,33,39)(H,34,40)",QTSSATVFYFFGRH-UHFFFAOYSA-N,5.098900000000002,583.30799254
"InChI=1S/C32H45N3O6S/c1-19-22(13-14-27(37)29(19)39)30(40)33-24(18-42-21-10-6-5-7-11-21)28(38)17-35-16-20-9-8-12-26(36)23(20)15-25(35)31(41)34-32(2,3)4/h5-7,10-11,13-14,20,23-26,28,36-39H,8-9,12,15-18H2,1-4H3,(H,33,40)(H,34,41)",UIMHLUGZXZEWKW-UHFFFAOYSA-N,CC1=C(C=CC(=C1O)O)C(=O)NC(CSC2=CC=CC=C2)C(CN3CC4CCCC(C4CC3C(=O)NC(C)(C)C)O)O,,,C32H45N3O6S,599.30290716,3.929499999999999,2,1,1,BTM00244,BTM00244,Hydroxylation of alicyclic secondary carbon,BTMR1068,"CYP1A2
CYP2C8
CYP2C9
CYP2C19
CYP2D6
CYP3A4",HUMAN,BTM00017,CC1=C(C=CC(=C1O)O)C(=O)NC(CSC2=CC=CC=C2)C(CN3CC4CCCCC4CC3C(=O)NC(C)(C)C)O,"InChI=1S/C32H45N3O5S/c1-20-24(14-15-27(36)29(20)38)30(39)33-25(19-41-23-12-6-5-7-13-23)28(37)18-35-17-22-11-9-8-10-21(22)16-26(35)31(40)34-32(2,3)4/h5-7,12-15,21-22,25-26,28,36-38H,8-11,16-19H2,1-4H3,(H,33,39)(H,34,40)",QTSSATVFYFFGRH-UHFFFAOYSA-N,5.098900000000002,583.30799254
"InChI=1S/C32H45N3O6S/c1-20-24(14-15-27(36)29(20)38)30(39)33-25(19-42-23-12-6-5-7-13-23)28(37)18-35(41)17-22-11-9-8-10-21(22)16-26(35)31(40)34-32(2,3)4/h5-7,12-15,21-22,25-26,28,36-38H,8-11,16-19H2,1-4H3,(H,33,39)(H,34,40)",ITQJEFYSZRHCPU-UHFFFAOYSA-N,CC1=C(C=CC(=C1O)O)C(=O)NC(CSC2=CC=CC=C2)C(C[N+]3(CC4CCCCC4CC3C(=O)NC(C)(C)C)[O-])O,,,C32H45N3O6S,599.30290716,4.693800000000001,2,1,1,BTM00254,BTM00254,N-Oxidation of alicyclic tertiary amine,BTMR1099,"CYP1A2
CYP2C8
CYP2C19
CYP2D6
CYP3A4",HUMAN,BTM00017,CC1=C(C=CC(=C1O)O)C(=O)NC(CSC2=CC=CC=C2)C(CN3CC4CCCCC4CC3C(=O)NC(C)(C)C)O,"InChI=1S/C32H45N3O5S/c1-20-24(14-15-27(36)29(20)38)30(39)33-25(19-41-23-12-6-5-7-13-23)28(37)18-35-17-22-11-9-8-10-21(22)16-26(35)31(40)34-32(2,3)4/h5-7,12-15,21-22,25-26,28,36-38H,8-11,16-19H2,1-4H3,(H,33,39)(H,34,40)",QTSSATVFYFFGRH-UHFFFAOYSA-N,5.098900000000002,583.30799254
"InChI=1S/C18H19NO5S/c1-11-13(7-8-15(21)17(11)23)18(24)19-14(16(22)9-20)10-25-12-5-3-2-4-6-12/h2-9,14,16,21-23H,10H2,1H3,(H,19,24)",BUQXJEYXXWJYHF-UHFFFAOYSA-N,CC1=C(C=CC(=C1O)O)C(=O)NC(CSC2=CC=CC=C2)C(C=O)O,,,C18H19NO5S,361.09839370800006,2.4147999999999987,0,1,1,BTM00262,BTM00262,N-Dealkylation of alicyclic tertiary amine,BTMR1144,"CYP1A2
CYP2A6
CYP2B6
CYP2C8
CYP2C9
CYP2C19
CYP2D6
CYP3A4",HUMAN,BTM00017,CC1=C(C=CC(=C1O)O)C(=O)NC(CSC2=CC=CC=C2)C(CN3CC4CCCCC4CC3C(=O)NC(C)(C)C)O,"InChI=1S/C32H45N3O5S/c1-20-24(14-15-27(36)29(20)38)30(39)33-25(19-41-23-12-6-5-7-13-23)28(37)18-35-17-22-11-9-8-10-21(22)16-26(35)31(40)34-32(2,3)4/h5-7,12-15,21-22,25-26,28,36-38H,8-11,16-19H2,1-4H3,(H,33,39)(H,34,40)",QTSSATVFYFFGRH-UHFFFAOYSA-N,5.098900000000002,583.30799254
"InChI=1S/C14H26N2O/c1-14(2,3)16-13(17)12-8-10-6-4-5-7-11(10)9-15-12/h10-12,15H,4-9H2,1-3H3,(H,16,17)",UPZBXVBPICTBDP-UHFFFAOYSA-N,N1CC2CCCCC2CC1C(=O)NC(C)(C)C,,,C14H26N2O,238.204513452,2.0465,0,0,0,BTM00015,BTM00015,N-Dealkylation of alicyclic tertiary amine,BTMR1144,"CYP1A2
CYP2A6
CYP2B6
CYP2C8
CYP2C9
CYP2C19
CYP2D6
CYP3A4",HUMAN,BTM00017,CC1=C(C=CC(=C1O)O)C(=O)NC(CSC2=CC=CC=C2)C(CN3CC4CCCCC4CC3C(=O)NC(C)(C)C)O,"InChI=1S/C32H45N3O5S/c1-20-24(14-15-27(36)29(20)38)30(39)33-25(19-41-23-12-6-5-7-13-23)28(37)18-35-17-22-11-9-8-10-21(22)16-26(35)31(40)34-32(2,3)4/h5-7,12-15,21-22,25-26,28,36-38H,8-11,16-19H2,1-4H3,(H,33,39)(H,34,40)",QTSSATVFYFFGRH-UHFFFAOYSA-N,5.098900000000002,583.30799254
"InChI=1S/C32H45N3O6S/c1-19-22(14-15-26(36)28(19)38)29(39)33-24(18-42-21-11-6-5-7-12-21)27(37)17-35-25(30(40)34-32(2,3)4)16-20-10-8-9-13-23(20)31(35)41/h5-7,11-12,14-15,20,23-25,27,31,36-38,41H,8-10,13,16-18H2,1-4H3,(H,33,39)(H,34,40)",BIMVOJPGFKOMDA-UHFFFAOYSA-N,CC1=C(C=CC(=C1O)O)C(=O)NC(CSC2=CC=CC=C2)C(CN3C(C4CCCCC4CC3C(=O)NC(C)(C)C)O)O,,,C32H45N3O6S,599.30290716,4.629800000000002,3,1,1,BTM00277,BTM00277,Hydroxylation of heteroalicyclic secondary carbon,BTMR1070,"CYP1A2
CYP2A6
CYP2C9
CYP2D6
CYP3A4",HUMAN,BTM00017,CC1=C(C=CC(=C1O)O)C(=O)NC(CSC2=CC=CC=C2)C(CN3CC4CCCCC4CC3C(=O)NC(C)(C)C)O,"InChI=1S/C32H45N3O5S/c1-20-24(14-15-27(36)29(20)38)30(39)33-25(19-41-23-12-6-5-7-13-23)28(37)18-35-17-22-11-9-8-10-21(22)16-26(35)31(40)34-32(2,3)4/h5-7,12-15,21-22,25-26,28,36-38H,8-11,16-19H2,1-4H3,(H,33,39)(H,34,40)",QTSSATVFYFFGRH-UHFFFAOYSA-N,5.098900000000002,583.30799254
"InChI=1S/C32H45N3O6S/c1-19-22(14-15-25(36)28(19)38)30(40)33-24(18-42-21-11-6-5-7-12-21)26(37)17-35-16-20-10-8-9-13-23(20)29(39)27(35)31(41)34-32(2,3)4/h5-7,11-12,14-15,20,23-24,26-27,29,36-39H,8-10,13,16-18H2,1-4H3,(H,33,40)(H,34,41)",SIXIQRAZODOKET-UHFFFAOYSA-N,CC1=C(C=CC(=C1O)O)C(=O)NC(CSC2=CC=CC=C2)C(CN3CC4CCCCC4C(C3C(=O)NC(C)(C)C)O)O,,,C32H45N3O6S,599.30290716,4.199499999999999,3,1,1,BTM00278,BTM00278,Hydroxylation of heteroalicyclic secondary carbon,BTMR1071,CYP1A2,HUMAN,BTM00017,CC1=C(C=CC(=C1O)O)C(=O)NC(CSC2=CC=CC=C2)C(CN3CC4CCCCC4CC3C(=O)NC(C)(C)C)O,"InChI=1S/C32H45N3O5S/c1-20-24(14-15-27(36)29(20)38)30(39)33-25(19-41-23-12-6-5-7-13-23)28(37)18-35-17-22-11-9-8-10-21(22)16-26(35)31(40)34-32(2,3)4/h5-7,12-15,21-22,25-26,28,36-38H,8-11,16-19H2,1-4H3,(H,33,39)(H,34,40)",QTSSATVFYFFGRH-UHFFFAOYSA-N,5.098900000000002,583.30799254
"InChI=1S/C32H45N3O6S/c1-20-24(14-15-27(36)29(20)38)30(39)33-25(19-42(41)23-12-6-5-7-13-23)28(37)18-35-17-22-11-9-8-10-21(22)16-26(35)31(40)34-32(2,3)4/h5-7,12-15,21-22,25-26,28,36-38H,8-11,16-19H2,1-4H3,(H,33,39)(H,34,40)",SXKIDFUJCDDAQC-UHFFFAOYSA-N,CC1=C(C=CC(=C1O)O)C(=O)NC(CS(C2=CC=CC=C2)=O)C(CN3CC4CCCCC4CC3C(=O)NC(C)(C)C)O,,,C32H45N3O6S,599.30290716,3.987100000000002,1,1,1,BTM00279,BTM00279,S-Oxidation of alkylarylthioether to sulfoxide,BTMR0058,"CYP1A2
CYP2A6
CYP2B6
CYP2C9
CYP2D6
CYP2E1
CYP3A4",HUMAN,BTM00017,CC1=C(C=CC(=C1O)O)C(=O)NC(CSC2=CC=CC=C2)C(CN3CC4CCCCC4CC3C(=O)NC(C)(C)C)O,"InChI=1S/C32H45N3O5S/c1-20-24(14-15-27(36)29(20)38)30(39)33-25(19-41-23-12-6-5-7-13-23)28(37)18-35-17-22-11-9-8-10-21(22)16-26(35)31(40)34-32(2,3)4/h5-7,12-15,21-22,25-26,28,36-38H,8-11,16-19H2,1-4H3,(H,33,39)(H,34,40)",QTSSATVFYFFGRH-UHFFFAOYSA-N,5.098900000000002,583.30799254
"InChI=1S/C32H45N3O6S/c1-20-24(13-14-27(37)29(20)39)30(40)33-25(18-42-23-11-5-4-6-12-23)28(38)17-35-16-22-10-8-7-9-21(22)15-26(35)31(41)34-32(2,3)19-36/h4-6,11-14,21-22,25-26,28,36-39H,7-10,15-19H2,1-3H3,(H,33,40)(H,34,41)",BUHLEYKIXAMORF-UHFFFAOYSA-N,CC1=C(C=CC(=C1O)O)C(=O)NC(CSC2=CC=CC=C2)C(CN3CC4CCCCC4CC3C(=O)NC(C)(C)CO)O,,,C32H45N3O6S,599.30290716,4.210700000000003,2,2,2,BTM00280,BTM00280,Hydroxylation of terminal methyl,BTMR1061,"CYP1A2
CYP2A6
CYP2B6
CYP2C8
CYP2C9
CYP2C19
CYP2D6
CYP2E1
CYP3A4",HUMAN,BTM00017,CC1=C(C=CC(=C1O)O)C(=O)NC(CSC2=CC=CC=C2)C(CN3CC4CCCCC4CC3C(=O)NC(C)(C)C)O,"InChI=1S/C32H45N3O5S/c1-20-24(14-15-27(36)29(20)38)30(39)33-25(19-41-23-12-6-5-7-13-23)28(37)18-35-17-22-11-9-8-10-21(22)16-26(35)31(40)34-32(2,3)4/h5-7,12-15,21-22,25-26,28,36-38H,8-11,16-19H2,1-4H3,(H,33,39)(H,34,40)",QTSSATVFYFFGRH-UHFFFAOYSA-N,5.098900000000002,583.30799254
"InChI=1S/C32H45N3O6S/c1-20-23(13-14-26(36)28(20)38)29(39)33-24(18-42-22-11-6-5-7-12-22)27(37)17-35-19-32(41)15-9-8-10-21(32)16-25(35)30(40)34-31(2,3)4/h5-7,11-14,21,24-25,27,36-38,41H,8-10,15-19H2,1-4H3,(H,33,39)(H,34,40)",ZRKUQFWKCFUYKJ-UHFFFAOYSA-N,CC1=C(C=CC(=C1O)O)C(=O)NC(CSC2=CC=CC=C2)C(CN3CC4(CCCCC4CC3C(=O)NC(C)(C)C)O)O,,,C32H45N3O6S,599.30290716,4.152699999999999,2,1,1,BTM00281,BTM00281,Hydroxylation of alicyclic tertiary carbon,BTMR1243,CYP1A2,HUMAN,BTM00017,CC1=C(C=CC(=C1O)O)C(=O)NC(CSC2=CC=CC=C2)C(CN3CC4CCCCC4CC3C(=O)NC(C)(C)C)O,"InChI=1S/C32H45N3O5S/c1-20-24(14-15-27(36)29(20)38)30(39)33-25(19-41-23-12-6-5-7-13-23)28(37)18-35-17-22-11-9-8-10-21(22)16-26(35)31(40)34-32(2,3)4/h5-7,12-15,21-22,25-26,28,36-38H,8-11,16-19H2,1-4H3,(H,33,39)(H,34,40)",QTSSATVFYFFGRH-UHFFFAOYSA-N,5.098900000000002,583.30799254
"InChI=1S/C32H45N3O6S/c1-20-23(13-14-26(36)28(20)38)29(39)33-24(19-42-22-11-6-5-7-12-22)27(37)18-35-17-21-10-8-9-15-32(21,41)16-25(35)30(40)34-31(2,3)4/h5-7,11-14,21,24-25,27,36-38,41H,8-10,15-19H2,1-4H3,(H,33,39)(H,34,40)",HKKRJQHUFHCPQW-UHFFFAOYSA-N,CC1=C(C=CC(=C1O)O)C(=O)NC(CSC2=CC=CC=C2)C(CN3CC4CCCCC4(CC3C(=O)NC(C)(C)C)O)O,,,C32H45N3O6S,599.30290716,3.764499999999999,2,1,1,BTM00282,BTM00282,Hydroxylation of alicyclic tertiary carbon,BTMR1243,CYP1A2,HUMAN,BTM00017,CC1=C(C=CC(=C1O)O)C(=O)NC(CSC2=CC=CC=C2)C(CN3CC4CCCCC4CC3C(=O)NC(C)(C)C)O,"InChI=1S/C32H45N3O5S/c1-20-24(14-15-27(36)29(20)38)30(39)33-25(19-41-23-12-6-5-7-13-23)28(37)18-35-17-22-11-9-8-10-21(22)16-26(35)31(40)34-32(2,3)4/h5-7,12-15,21-22,25-26,28,36-38H,8-11,16-19H2,1-4H3,(H,33,39)(H,34,40)",QTSSATVFYFFGRH-UHFFFAOYSA-N,5.098900000000002,583.30799254
"InChI=1S/C32H45N3O6S/c1-19-23(14-15-26(36)27(19)37)29(39)33-24(18-42-22-12-6-5-7-13-22)28(38)31(41)35-17-21-11-9-8-10-20(21)16-25(35)30(40)34-32(2,3)4/h5-7,12-15,20-21,24-25,28,31,36-38,41H,8-11,16-18H2,1-4H3,(H,33,39)(H,34,40)",CAYKLFKOVJMVPW-UHFFFAOYSA-N,CC1=C(C=CC(=C1O)O)C(=O)NC(CSC2=CC=CC=C2)C(C(N3CC4CCCCC4CC3C(=O)NC(C)(C)C)O)O,,,C32H45N3O6S,599.30290716,4.7592000000000025,3,1,1,BTM00283,BTM00283,Aliphatic hydroxylation of carbon alpha to secondary or tertiary alkyl-N,BTMR1081,"CYP2B6
CYP2C19
CYP2D6",HUMAN,BTM00017,CC1=C(C=CC(=C1O)O)C(=O)NC(CSC2=CC=CC=C2)C(CN3CC4CCCCC4CC3C(=O)NC(C)(C)C)O,"InChI=1S/C32H45N3O5S/c1-20-24(14-15-27(36)29(20)38)30(39)33-25(19-41-23-12-6-5-7-13-23)28(37)18-35-17-22-11-9-8-10-21(22)16-26(35)31(40)34-32(2,3)4/h5-7,12-15,21-22,25-26,28,36-38H,8-11,16-19H2,1-4H3,(H,33,39)(H,34,40)",QTSSATVFYFFGRH-UHFFFAOYSA-N,5.098900000000002,583.30799254
"InChI=1S/C32H45N3O6S/c1-19-22(14-15-26(36)28(19)38)29(39)33-24(18-42-21-11-6-5-7-12-21)27(37)17-35-25(30(40)34-32(2,3)4)16-20-10-8-9-13-23(20)31(35)41/h5-7,11-12,14-15,20,23-25,27,31,36-38,41H,8-10,13,16-18H2,1-4H3,(H,33,39)(H,34,40)",BIMVOJPGFKOMDA-UHFFFAOYSA-N,CC1=C(C=CC(=C1O)O)C(=O)NC(CSC2=CC=CC=C2)C(CN3C(C4CCCCC4CC3C(=O)NC(C)(C)C)O)O,,,C32H45N3O6S,599.30290716,4.629800000000002,3,1,1,BTM00277,BTM00277,Aliphatic hydroxylation of carbon alpha to secondary or tertiary alkyl-N,BTMR1081,"CYP2B6
CYP2C19
CYP2D6",HUMAN,BTM00017,CC1=C(C=CC(=C1O)O)C(=O)NC(CSC2=CC=CC=C2)C(CN3CC4CCCCC4CC3C(=O)NC(C)(C)C)O,"InChI=1S/C32H45N3O5S/c1-20-24(14-15-27(36)29(20)38)30(39)33-25(19-41-23-12-6-5-7-13-23)28(37)18-35-17-22-11-9-8-10-21(22)16-26(35)31(40)34-32(2,3)4/h5-7,12-15,21-22,25-26,28,36-38H,8-11,16-19H2,1-4H3,(H,33,39)(H,34,40)",QTSSATVFYFFGRH-UHFFFAOYSA-N,5.098900000000002,583.30799254
"InChI=1S/C32H45N3O6S/c1-20-24(14-15-26(36)28(20)38)29(39)33-25(19-42-23-12-6-5-7-13-23)27(37)18-35-17-22-11-9-8-10-21(22)16-32(35,41)30(40)34-31(2,3)4/h5-7,12-15,21-22,25,27,36-38,41H,8-11,16-19H2,1-4H3,(H,33,39)(H,34,40)",RGTUKKVOXBITLH-UHFFFAOYSA-N,CC1=C(C=CC(=C1O)O)C(=O)NC(CSC2=CC=CC=C2)C(CN3CC4CCCCC4CC3(C(=O)NC(C)(C)C)O)O,,,C32H45N3O6S,599.30290716,4.450199999999999,2,1,1,BTM00284,BTM00284,Aliphatic hydroxylation of carbon alpha to secondary or tertiary alkyl-N,BTMR1081,"CYP2B6
CYP2C19
CYP2D6",HUMAN,BTM00017,CC1=C(C=CC(=C1O)O)C(=O)NC(CSC2=CC=CC=C2)C(CN3CC4CCCCC4CC3C(=O)NC(C)(C)C)O,"InChI=1S/C32H45N3O5S/c1-20-24(14-15-27(36)29(20)38)30(39)33-25(19-41-23-12-6-5-7-13-23)28(37)18-35-17-22-11-9-8-10-21(22)16-26(35)31(40)34-32(2,3)4/h5-7,12-15,21-22,25-26,28,36-38H,8-11,16-19H2,1-4H3,(H,33,39)(H,34,40)",QTSSATVFYFFGRH-UHFFFAOYSA-N,5.098900000000002,583.30799254
"InChI=1S/C32H43N3O5S/c1-20-23(15-10-16-27(20)36)29(38)33-25(19-41-22-12-6-5-7-13-22)28(37)18-35-26(30(39)34-32(2,3)4)17-21-11-8-9-14-24(21)31(35)40/h5-7,10,12-13,15-16,21,24-26,31,36,40H,8-9,11,14,17-19H2,1-4H3,(H,33,38)(H,34,39)",BLAXHSROCFFACD-UHFFFAOYSA-N,CC1=C(C=CC=C1O)C(=O)NC(CSC2=CC=CC=C2)C(CN3C(C4CCCCC4CC3C(=O)NC(C)(C)C)O)=O,,,C32H43N3O5S,581.292342476,5.144100000000005,2,1,1,BTM00160,BTM00160,Oxidation of secondary alcohol to ketone,BTMR0079,"CYP1A2
CYP2C9
CYP2C19",HUMAN,BTM00018,CC1=C(C=CC=C1O)C(=O)NC(CSC2=CC=CC=C2)C(CN3C(C4CCCCC4CC3C(=O)NC(C)(C)C)O)O,"InChI=1S/C32H45N3O5S/c1-20-23(15-10-16-27(20)36)29(38)33-25(19-41-22-12-6-5-7-13-22)28(37)18-35-26(30(39)34-32(2,3)4)17-21-11-8-9-14-24(21)31(35)40/h5-7,10,12-13,15-16,21,24-26,28,31,36-37,40H,8-9,11,14,17-19H2,1-4H3,(H,33,38)(H,34,39)",NUENBYPUJODJAT-UHFFFAOYSA-N,4.897200000000002,583.3079925400001
"InChI=1S/C32H45N3O6S/c1-19-25(36)14-15-26(37)28(19)30(40)33-23(18-42-21-11-6-5-7-12-21)27(38)17-35-24(29(39)34-32(2,3)4)16-20-10-8-9-13-22(20)31(35)41/h5-7,11-12,14-15,20,22-24,27,31,36-38,41H,8-10,13,16-18H2,1-4H3,(H,33,40)(H,34,39)",UWIHCHSJVPHABW-UHFFFAOYSA-N,CC1=C(C(=CC=C1O)O)C(=O)NC(CSC2=CC=CC=C2)C(CN3C(C4CCCCC4CC3C(=O)NC(C)(C)C)O)O,,,C32H45N3O6S,599.30290716,4.629800000000002,3,1,1,BTM00175,BTM00175,p-Hydroxylation of phenol,BTMR1038,"CYP1A2
CYP2A6
CYP2B6
CYP2C8
CYP2C9
CYP2C19
CYP2D6
CYP2E1
CYP3A4",HUMAN,BTM00018,CC1=C(C=CC=C1O)C(=O)NC(CSC2=CC=CC=C2)C(CN3C(C4CCCCC4CC3C(=O)NC(C)(C)C)O)O,"InChI=1S/C32H45N3O5S/c1-20-23(15-10-16-27(20)36)29(38)33-25(19-41-22-12-6-5-7-13-22)28(37)18-35-26(30(39)34-32(2,3)4)17-21-11-8-9-14-24(21)31(35)40/h5-7,10,12-13,15-16,21,24-26,28,31,36-37,40H,8-9,11,14,17-19H2,1-4H3,(H,33,38)(H,34,39)",NUENBYPUJODJAT-UHFFFAOYSA-N,4.897200000000002,583.3079925400001
"InChI=1S/C32H45N3O6S/c1-32(2,3)34-30(40)26-16-20-10-7-8-13-22(20)31(41)35(26)17-28(38)25(19-42-21-11-5-4-6-12-21)33-29(39)23-14-9-15-27(37)24(23)18-36/h4-6,9,11-12,14-15,20,22,25-26,28,31,36-38,41H,7-8,10,13,16-19H2,1-3H3,(H,33,39)(H,34,40)",HYMZIGLNHBUTSG-UHFFFAOYSA-N,C(C1=C(C=CC=C1O)C(=O)NC(CSC2=CC=CC=C2)C(CN3C(C4CCCCC4CC3C(=O)NC(C)(C)C)O)O)O,,,C32H45N3O6S,599.30290716,3.806500000000004,2,2,2,BTM00191,BTM00191,Aliphatic hydroxylation of methyl carbon adjacent to aromatic ring,BTMR1058,"CYP1A2
CYP2A6
CYP2B6
CYP2C8
CYP2C9
CYP2C19
CYP2D6
CYP2E1
CYP3A4",HUMAN,BTM00018,CC1=C(C=CC=C1O)C(=O)NC(CSC2=CC=CC=C2)C(CN3C(C4CCCCC4CC3C(=O)NC(C)(C)C)O)O,"InChI=1S/C32H45N3O5S/c1-20-23(15-10-16-27(20)36)29(38)33-25(19-41-22-12-6-5-7-13-22)28(37)18-35-26(30(39)34-32(2,3)4)17-21-11-8-9-14-24(21)31(35)40/h5-7,10,12-13,15-16,21,24-26,28,31,36-37,40H,8-9,11,14,17-19H2,1-4H3,(H,33,38)(H,34,39)",NUENBYPUJODJAT-UHFFFAOYSA-N,4.897200000000002,583.3079925400001
"InChI=1S/C32H45N3O6S/c1-19-22(13-9-14-25(19)36)29(39)33-23(18-42-21-11-6-5-7-12-21)27(38)17-35-24(30(40)34-32(2,3)4)16-20-10-8-15-26(37)28(20)31(35)41/h5-7,9,11-14,20,23-24,26-28,31,36-38,41H,8,10,15-18H2,1-4H3,(H,33,39)(H,34,40)",AQMYEZVOGGFKAI-UHFFFAOYSA-N,CC1=C(C=CC=C1O)C(=O)NC(CSC2=CC=CC=C2)C(CN3C(C4C(CCCC4CC3C(=O)NC(C)(C)C)O)O)O,,,C32H45N3O6S,599.30290716,3.8919000000000032,2,1,1,BTM00206,BTM00206,Hydroxylation of alicyclic secondary carbon,BTMR1068,"CYP1A2
CYP2C8
CYP2C9
CYP2C19
CYP2D6
CYP3A4",HUMAN,BTM00018,CC1=C(C=CC=C1O)C(=O)NC(CSC2=CC=CC=C2)C(CN3C(C4CCCCC4CC3C(=O)NC(C)(C)C)O)O,"InChI=1S/C32H45N3O5S/c1-20-23(15-10-16-27(20)36)29(38)33-25(19-41-22-12-6-5-7-13-22)28(37)18-35-26(30(39)34-32(2,3)4)17-21-11-8-9-14-24(21)31(35)40/h5-7,10,12-13,15-16,21,24-26,28,31,36-37,40H,8-9,11,14,17-19H2,1-4H3,(H,33,38)(H,34,39)",NUENBYPUJODJAT-UHFFFAOYSA-N,4.897200000000002,583.3079925400001
"InChI=1S/C32H45N3O6S/c1-19-23(11-8-12-27(19)37)29(39)33-25(18-42-22-9-6-5-7-10-22)28(38)17-35-26(30(40)34-32(2,3)4)15-20-13-14-21(36)16-24(20)31(35)41/h5-12,20-21,24-26,28,31,36-38,41H,13-18H2,1-4H3,(H,33,39)(H,34,40)",HSRCYIDLPQZZOK-UHFFFAOYSA-N,CC1=C(C=CC=C1O)C(=O)NC(CSC2=CC=CC=C2)C(CN3C(C4CC(CCC4CC3C(=O)NC(C)(C)C)O)O)O,,,C32H45N3O6S,599.30290716,3.660300000000004,2,1,1,BTM00220,BTM00220,Hydroxylation of alicyclic secondary carbon,BTMR1068,"CYP1A2
CYP2C8
CYP2C9
CYP2C19
CYP2D6
CYP3A4",HUMAN,BTM00018,CC1=C(C=CC=C1O)C(=O)NC(CSC2=CC=CC=C2)C(CN3C(C4CCCCC4CC3C(=O)NC(C)(C)C)O)O,"InChI=1S/C32H45N3O5S/c1-20-23(15-10-16-27(20)36)29(38)33-25(19-41-22-12-6-5-7-13-22)28(37)18-35-26(30(39)34-32(2,3)4)17-21-11-8-9-14-24(21)31(35)40/h5-7,10,12-13,15-16,21,24-26,28,31,36-37,40H,8-9,11,14,17-19H2,1-4H3,(H,33,38)(H,34,39)",NUENBYPUJODJAT-UHFFFAOYSA-N,4.897200000000002,583.3079925400001
"InChI=1S/C32H45N3O6S/c1-19-23(11-8-12-27(19)37)29(39)33-25(18-42-22-9-6-5-7-10-22)28(38)17-35-26(30(40)34-32(2,3)4)16-20-15-21(36)13-14-24(20)31(35)41/h5-12,20-21,24-26,28,31,36-38,41H,13-18H2,1-4H3,(H,33,39)(H,34,40)",PXYOWXLXHNZLQA-UHFFFAOYSA-N,CC1=C(C=CC=C1O)C(=O)NC(CSC2=CC=CC=C2)C(CN3C(C4CCC(CC4CC3C(=O)NC(C)(C)C)O)O)O,,,C32H45N3O6S,599.30290716,3.660300000000004,2,1,1,BTM00233,BTM00233,Hydroxylation of alicyclic secondary carbon,BTMR1068,"CYP1A2
CYP2C8
CYP2C9
CYP2C19
CYP2D6
CYP3A4",HUMAN,BTM00018,CC1=C(C=CC=C1O)C(=O)NC(CSC2=CC=CC=C2)C(CN3C(C4CCCCC4CC3C(=O)NC(C)(C)C)O)O,"InChI=1S/C32H45N3O5S/c1-20-23(15-10-16-27(20)36)29(38)33-25(19-41-22-12-6-5-7-13-22)28(37)18-35-26(30(39)34-32(2,3)4)17-21-11-8-9-14-24(21)31(35)40/h5-7,10,12-13,15-16,21,24-26,28,31,36-37,40H,8-9,11,14,17-19H2,1-4H3,(H,33,38)(H,34,39)",NUENBYPUJODJAT-UHFFFAOYSA-N,4.897200000000002,583.3079925400001
"InChI=1S/C32H45N3O6S/c1-19-21(12-8-14-26(19)36)29(39)33-24(18-42-20-10-6-5-7-11-20)28(38)17-35-25(30(40)34-32(2,3)4)16-23-22(31(35)41)13-9-15-27(23)37/h5-8,10-12,14,22-25,27-28,31,36-38,41H,9,13,15-18H2,1-4H3,(H,33,39)(H,34,40)",MSFGBHSOABRSFN-UHFFFAOYSA-N,CC1=C(C=CC=C1O)C(=O)NC(CSC2=CC=CC=C2)C(CN3C(C4CCCC(C4CC3C(=O)NC(C)(C)C)O)O)O,,,C32H45N3O6S,599.30290716,3.7278000000000047,2,1,1,BTM00245,BTM00245,Hydroxylation of alicyclic secondary carbon,BTMR1068,"CYP1A2
CYP2C8
CYP2C9
CYP2C19
CYP2D6
CYP3A4",HUMAN,BTM00018,CC1=C(C=CC=C1O)C(=O)NC(CSC2=CC=CC=C2)C(CN3C(C4CCCCC4CC3C(=O)NC(C)(C)C)O)O,"InChI=1S/C32H45N3O5S/c1-20-23(15-10-16-27(20)36)29(38)33-25(19-41-22-12-6-5-7-13-22)28(37)18-35-26(30(39)34-32(2,3)4)17-21-11-8-9-14-24(21)31(35)40/h5-7,10,12-13,15-16,21,24-26,28,31,36-37,40H,8-9,11,14,17-19H2,1-4H3,(H,33,38)(H,34,39)",NUENBYPUJODJAT-UHFFFAOYSA-N,4.897200000000002,583.3079925400001
"InChI=1S/C18H19NO4S/c1-12-14(8-5-9-16(12)21)18(23)19-15(17(22)10-20)11-24-13-6-3-2-4-7-13/h2-10,15,17,21-22H,11H2,1H3,(H,19,23)",FQXWQOQASHJKCY-UHFFFAOYSA-N,CC1=C(C=CC=C1O)C(=O)NC(CSC2=CC=CC=C2)C(C=O)O,,,C18H19NO4S,345.10347908800003,2.6822,0,1,1,BTM00014,BTM00014,N-Dealkylation of alicyclic tertiary amine,BTMR1144,"CYP1A2
CYP2A6
CYP2B6
CYP2C8
CYP2C9
CYP2C19
CYP2D6
CYP3A4",HUMAN,BTM00018,CC1=C(C=CC=C1O)C(=O)NC(CSC2=CC=CC=C2)C(CN3C(C4CCCCC4CC3C(=O)NC(C)(C)C)O)O,"InChI=1S/C32H45N3O5S/c1-20-23(15-10-16-27(20)36)29(38)33-25(19-41-22-12-6-5-7-13-22)28(37)18-35-26(30(39)34-32(2,3)4)17-21-11-8-9-14-24(21)31(35)40/h5-7,10,12-13,15-16,21,24-26,28,31,36-37,40H,8-9,11,14,17-19H2,1-4H3,(H,33,38)(H,34,39)",NUENBYPUJODJAT-UHFFFAOYSA-N,4.897200000000002,583.3079925400001
"InChI=1S/C14H26N2O2/c1-14(2,3)16-13(18)11-8-9-6-4-5-7-10(9)12(17)15-11/h9-12,15,17H,4-8H2,1-3H3,(H,16,18)",CSFWUWYIRNFQEP-UHFFFAOYSA-N,N1C(C2CCCCC2CC1C(=O)NC(C)(C)C)O,,,C14H26N2O2,254.199428072,1.5773999999999986,0,1,1,BTM00264,BTM00264,N-Dealkylation of alicyclic tertiary amine,BTMR1144,"CYP1A2
CYP2A6
CYP2B6
CYP2C8
CYP2C9
CYP2C19
CYP2D6
CYP3A4",HUMAN,BTM00018,CC1=C(C=CC=C1O)C(=O)NC(CSC2=CC=CC=C2)C(CN3C(C4CCCCC4CC3C(=O)NC(C)(C)C)O)O,"InChI=1S/C32H45N3O5S/c1-20-23(15-10-16-27(20)36)29(38)33-25(19-41-22-12-6-5-7-13-22)28(37)18-35-26(30(39)34-32(2,3)4)17-21-11-8-9-14-24(21)31(35)40/h5-7,10,12-13,15-16,21,24-26,28,31,36-37,40H,8-9,11,14,17-19H2,1-4H3,(H,33,38)(H,34,39)",NUENBYPUJODJAT-UHFFFAOYSA-N,4.897200000000002,583.3079925400001
"InChI=1S/C32H45N3O6S/c1-20-23(15-10-16-27(20)36)29(38)33-25(19-42-22-12-6-5-7-13-22)28(37)18-35(41)26(30(39)34-32(2,3)4)17-21-11-8-9-14-24(21)31(35)40/h5-7,10,12-13,15-16,21,24-26,28,31,36-37,40H,8-9,11,14,17-19H2,1-4H3,(H,33,38)(H,34,39)",ZXPDRXNBRJXIFO-UHFFFAOYSA-N,CC1=C(C=CC=C1O)C(=O)NC(CSC2=CC=CC=C2)C(C[N+]3(C(C4CCCCC4CC3C(=O)NC(C)(C)C)O)[O-])O,,,C32H45N3O6S,599.30290716,4.492100000000002,2,1,1,BTM00255,BTM00255,N-Oxidation of aliphatic tertiary amine,BTMR1100,"CYP1A2
CYP2D6
CYP3A4",HUMAN,BTM00018,CC1=C(C=CC=C1O)C(=O)NC(CSC2=CC=CC=C2)C(CN3C(C4CCCCC4CC3C(=O)NC(C)(C)C)O)O,"InChI=1S/C32H45N3O5S/c1-20-23(15-10-16-27(20)36)29(38)33-25(19-41-22-12-6-5-7-13-22)28(37)18-35-26(30(39)34-32(2,3)4)17-21-11-8-9-14-24(21)31(35)40/h5-7,10,12-13,15-16,21,24-26,28,31,36-37,40H,8-9,11,14,17-19H2,1-4H3,(H,33,38)(H,34,39)",NUENBYPUJODJAT-UHFFFAOYSA-N,4.897200000000002,583.3079925400001
"InChI=1S/C32H45N3O6S/c1-19-24(15-21(36)16-27(19)37)29(39)33-25(18-42-22-11-6-5-7-12-22)28(38)17-35-26(30(40)34-32(2,3)4)14-20-10-8-9-13-23(20)31(35)41/h5-7,11-12,15-16,20,23,25-26,28,31,36-38,41H,8-10,13-14,17-18H2,1-4H3,(H,33,39)(H,34,40)",OUXVMBHNSHPASG-UHFFFAOYSA-N,CC1=C(C=C(C=C1O)O)C(=O)NC(CSC2=CC=CC=C2)C(CN3C(C4CCCCC4CC3C(=O)NC(C)(C)C)O)O,,,C32H45N3O6S,599.30290716,4.629800000000002,3,1,1,BTM00269,BTM00269,Hydroxylation of benzene on carbon para to electron donating group,BTMR1047,"CYP1A2
CYP2C8
CYP2C9
CYP2D6
CYP3A4",HUMAN,BTM00018,CC1=C(C=CC=C1O)C(=O)NC(CSC2=CC=CC=C2)C(CN3C(C4CCCCC4CC3C(=O)NC(C)(C)C)O)O,"InChI=1S/C32H45N3O5S/c1-20-23(15-10-16-27(20)36)29(38)33-25(19-41-22-12-6-5-7-13-22)28(37)18-35-26(30(39)34-32(2,3)4)17-21-11-8-9-14-24(21)31(35)40/h5-7,10,12-13,15-16,21,24-26,28,31,36-37,40H,8-9,11,14,17-19H2,1-4H3,(H,33,38)(H,34,39)",NUENBYPUJODJAT-UHFFFAOYSA-N,4.897200000000002,583.3079925400001
"InChI=1S/C32H45N3O6S/c1-19-22(14-15-26(36)28(19)38)29(39)33-24(18-42-21-11-6-5-7-12-21)27(37)17-35-25(30(40)34-32(2,3)4)16-20-10-8-9-13-23(20)31(35)41/h5-7,11-12,14-15,20,23-25,27,31,36-38,41H,8-10,13,16-18H2,1-4H3,(H,33,39)(H,34,40)",BIMVOJPGFKOMDA-UHFFFAOYSA-N,CC1=C(C=CC(=C1O)O)C(=O)NC(CSC2=CC=CC=C2)C(CN3C(C4CCCCC4CC3C(=O)NC(C)(C)C)O)O,,,C32H45N3O6S,599.30290716,4.629800000000002,3,1,1,BTM00277,BTM00277,Hydroxylation of benzene on carbon para to electron donating group,BTMR1047,"CYP1A2
CYP2C8
CYP2C9
CYP2D6
CYP3A4",HUMAN,BTM00018,CC1=C(C=CC=C1O)C(=O)NC(CSC2=CC=CC=C2)C(CN3C(C4CCCCC4CC3C(=O)NC(C)(C)C)O)O,"InChI=1S/C32H45N3O5S/c1-20-23(15-10-16-27(20)36)29(38)33-25(19-41-22-12-6-5-7-13-22)28(37)18-35-26(30(39)34-32(2,3)4)17-21-11-8-9-14-24(21)31(35)40/h5-7,10,12-13,15-16,21,24-26,28,31,36-37,40H,8-9,11,14,17-19H2,1-4H3,(H,33,38)(H,34,39)",NUENBYPUJODJAT-UHFFFAOYSA-N,4.897200000000002,583.3079925400001
"InChI=1S/C32H45N3O6S/c1-19-21(15-10-16-25(19)36)29(39)33-24(18-42-20-11-6-5-7-12-20)26(37)17-35-27(30(40)34-32(2,3)4)28(38)22-13-8-9-14-23(22)31(35)41/h5-7,10-12,15-16,22-24,26-28,31,36-38,41H,8-9,13-14,17-18H2,1-4H3,(H,33,39)(H,34,40)",PQNLNNAFJUZEJQ-UHFFFAOYSA-N,CC1=C(C=CC=C1O)C(=O)NC(CSC2=CC=CC=C2)C(CN3C(C4CCCCC4C(C3C(=O)NC(C)(C)C)O)O)O,,,C32H45N3O6S,599.30290716,3.9978000000000034,3,1,1,BTM00285,BTM00285,Hydroxylation of heteroalicyclic secondary carbon,BTMR1071,CYP1A2,HUMAN,BTM00018,CC1=C(C=CC=C1O)C(=O)NC(CSC2=CC=CC=C2)C(CN3C(C4CCCCC4CC3C(=O)NC(C)(C)C)O)O,"InChI=1S/C32H45N3O5S/c1-20-23(15-10-16-27(20)36)29(38)33-25(19-41-22-12-6-5-7-13-22)28(37)18-35-26(30(39)34-32(2,3)4)17-21-11-8-9-14-24(21)31(35)40/h5-7,10,12-13,15-16,21,24-26,28,31,36-37,40H,8-9,11,14,17-19H2,1-4H3,(H,33,38)(H,34,39)",NUENBYPUJODJAT-UHFFFAOYSA-N,4.897200000000002,583.3079925400001
"InChI=1S/C32H45N3O6S/c1-20-23(15-10-16-27(20)36)29(38)33-25(19-42(41)22-12-6-5-7-13-22)28(37)18-35-26(30(39)34-32(2,3)4)17-21-11-8-9-14-24(21)31(35)40/h5-7,10,12-13,15-16,21,24-26,28,31,36-37,40H,8-9,11,14,17-19H2,1-4H3,(H,33,38)(H,34,39)",FGWMOLGUVGUMEU-UHFFFAOYSA-N,CC1=C(C=CC=C1O)C(=O)NC(CS(C2=CC=CC=C2)=O)C(CN3C(C4CCCCC4CC3C(=O)NC(C)(C)C)O)O,,,C32H45N3O6S,599.30290716,3.7854000000000023,1,1,1,BTM00286,BTM00286,S-Oxidation of alkylarylthioether to sulfoxide,BTMR0058,"CYP1A2
CYP2A6
CYP2B6
CYP2C9
CYP2D6
CYP2E1
CYP3A4",HUMAN,BTM00018,CC1=C(C=CC=C1O)C(=O)NC(CSC2=CC=CC=C2)C(CN3C(C4CCCCC4CC3C(=O)NC(C)(C)C)O)O,"InChI=1S/C32H45N3O5S/c1-20-23(15-10-16-27(20)36)29(38)33-25(19-41-22-12-6-5-7-13-22)28(37)18-35-26(30(39)34-32(2,3)4)17-21-11-8-9-14-24(21)31(35)40/h5-7,10,12-13,15-16,21,24-26,28,31,36-37,40H,8-9,11,14,17-19H2,1-4H3,(H,33,38)(H,34,39)",NUENBYPUJODJAT-UHFFFAOYSA-N,4.897200000000002,583.3079925400001
"InChI=1S/C32H45N3O6S/c1-20-23(14-9-15-27(20)37)29(39)33-25(18-42-22-11-5-4-6-12-22)28(38)17-35-26(30(40)34-32(2,3)19-36)16-21-10-7-8-13-24(21)31(35)41/h4-6,9,11-12,14-15,21,24-26,28,31,36-38,41H,7-8,10,13,16-19H2,1-3H3,(H,33,39)(H,34,40)",PXQQNOLXAHANAB-UHFFFAOYSA-N,CC1=C(C=CC=C1O)C(=O)NC(CSC2=CC=CC=C2)C(CN3C(C4CCCCC4CC3C(=O)NC(C)(C)CO)O)O,,,C32H45N3O6S,599.30290716,4.009000000000006,2,2,2,BTM00287,BTM00287,Hydroxylation of terminal methyl,BTMR1061,"CYP1A2
CYP2A6
CYP2B6
CYP2C8
CYP2C9
CYP2C19
CYP2D6
CYP2E1
CYP3A4",HUMAN,BTM00018,CC1=C(C=CC=C1O)C(=O)NC(CSC2=CC=CC=C2)C(CN3C(C4CCCCC4CC3C(=O)NC(C)(C)C)O)O,"InChI=1S/C32H45N3O5S/c1-20-23(15-10-16-27(20)36)29(38)33-25(19-41-22-12-6-5-7-13-22)28(37)18-35-26(30(39)34-32(2,3)4)17-21-11-8-9-14-24(21)31(35)40/h5-7,10,12-13,15-16,21,24-26,28,31,36-37,40H,8-9,11,14,17-19H2,1-4H3,(H,33,38)(H,34,39)",NUENBYPUJODJAT-UHFFFAOYSA-N,4.897200000000002,583.3079925400001
"InChI=1S/C32H45N3O6S/c1-20-23(14-10-15-26(20)36)28(38)33-24(19-42-22-12-6-5-7-13-22)27(37)18-35-25(29(39)34-31(2,3)4)17-21-11-8-9-16-32(21,41)30(35)40/h5-7,10,12-15,21,24-25,27,30,36-37,40-41H,8-9,11,16-19H2,1-4H3,(H,33,38)(H,34,39)",KFTJRRRGUBBAKR-UHFFFAOYSA-N,CC1=C(C=CC=C1O)C(=O)NC(CSC2=CC=CC=C2)C(CN3C(C4(CCCCC4CC3C(=O)NC(C)(C)C)O)O)O,,,C32H45N3O6S,599.30290716,4.0804,2,1,1,BTM00288,BTM00288,Hydroxylation of alicyclic tertiary carbon,BTMR1243,CYP1A2,HUMAN,BTM00018,CC1=C(C=CC=C1O)C(=O)NC(CSC2=CC=CC=C2)C(CN3C(C4CCCCC4CC3C(=O)NC(C)(C)C)O)O,"InChI=1S/C32H45N3O5S/c1-20-23(15-10-16-27(20)36)29(38)33-25(19-41-22-12-6-5-7-13-22)28(37)18-35-26(30(39)34-32(2,3)4)17-21-11-8-9-14-24(21)31(35)40/h5-7,10,12-13,15-16,21,24-26,28,31,36-37,40H,8-9,11,14,17-19H2,1-4H3,(H,33,38)(H,34,39)",NUENBYPUJODJAT-UHFFFAOYSA-N,4.897200000000002,583.3079925400001
"InChI=1S/C32H45N3O6S/c1-20-22(13-10-15-26(20)36)28(38)33-24(19-42-21-11-6-5-7-12-21)27(37)18-35-25(29(39)34-31(2,3)4)17-32(41)16-9-8-14-23(32)30(35)40/h5-7,10-13,15,23-25,27,30,36-37,40-41H,8-9,14,16-19H2,1-4H3,(H,33,38)(H,34,39)",OPLWVVINBDEPIB-UHFFFAOYSA-N,CC1=C(C=CC=C1O)C(=O)NC(CSC2=CC=CC=C2)C(CN3C(C4CCCCC4(CC3C(=O)NC(C)(C)C)O)O)O,,,C32H45N3O6S,599.30290716,3.7887999999999993,2,1,1,BTM00289,BTM00289,Hydroxylation of alicyclic tertiary carbon,BTMR1243,CYP1A2,HUMAN,BTM00018,CC1=C(C=CC=C1O)C(=O)NC(CSC2=CC=CC=C2)C(CN3C(C4CCCCC4CC3C(=O)NC(C)(C)C)O)O,"InChI=1S/C32H45N3O5S/c1-20-23(15-10-16-27(20)36)29(38)33-25(19-41-22-12-6-5-7-13-22)28(37)18-35-26(30(39)34-32(2,3)4)17-21-11-8-9-14-24(21)31(35)40/h5-7,10,12-13,15-16,21,24-26,28,31,36-37,40H,8-9,11,14,17-19H2,1-4H3,(H,33,38)(H,34,39)",NUENBYPUJODJAT-UHFFFAOYSA-N,4.897200000000002,583.3079925400001
"InChI=1S/C32H43N3O5S/c1-20-23(15-10-16-26(20)36)30(39)33-25(19-41-22-12-6-5-7-13-22)27(37)18-35-17-21-11-8-9-14-24(21)29(38)28(35)31(40)34-32(2,3)4/h5-7,10,12-13,15-16,21,24-25,28-29,36,38H,8-9,11,14,17-19H2,1-4H3,(H,33,39)(H,34,40)",TWTGTCSBLRBBAQ-UHFFFAOYSA-N,CC1=C(C=CC=C1O)C(=O)NC(CSC2=CC=CC=C2)C(CN3CC4CCCCC4C(C3C(=O)NC(C)(C)C)O)=O,,,C32H43N3O5S,581.292342476,4.713800000000001,2,1,1,BTM00161,BTM00161,Oxidation of secondary alcohol to ketone,BTMR0079,"CYP1A2
CYP2C9
CYP2C19",HUMAN,BTM00019,CC1=C(C=CC=C1O)C(=O)NC(CSC2=CC=CC=C2)C(CN3CC4CCCCC4C(C3C(=O)NC(C)(C)C)O)O,"InChI=1S/C32H45N3O5S/c1-20-23(15-10-16-26(20)36)30(39)33-25(19-41-22-12-6-5-7-13-22)27(37)18-35-17-21-11-8-9-14-24(21)29(38)28(35)31(40)34-32(2,3)4/h5-7,10,12-13,15-16,21,24-25,27-29,36-38H,8-9,11,14,17-19H2,1-4H3,(H,33,39)(H,34,40)",BDLJZLBTKBAPRU-UHFFFAOYSA-N,4.466899999999999,583.3079925400001
"InChI=1S/C32H43N3O5S/c1-20-23(15-10-16-26(20)36)30(39)33-25(19-41-22-12-6-5-7-13-22)27(37)18-35-17-21-11-8-9-14-24(21)29(38)28(35)31(40)34-32(2,3)4/h5-7,10,12-13,15-16,21,24-25,27-28,36-37H,8-9,11,14,17-19H2,1-4H3,(H,33,39)(H,34,40)",IIWSDWCUKVJLCB-UHFFFAOYSA-N,CC1=C(C=CC=C1O)C(=O)NC(CSC2=CC=CC=C2)C(CN3CC4CCCCC4C(C3C(=O)NC(C)(C)C)=O)O,,,C32H43N3O5S,581.2923424759999,4.5706000000000016,1,1,1,BTM00290,BTM00290,Oxidation of secondary alcohol to ketone,BTMR0079,"CYP1A2
CYP2C9
CYP2C19",HUMAN,BTM00019,CC1=C(C=CC=C1O)C(=O)NC(CSC2=CC=CC=C2)C(CN3CC4CCCCC4C(C3C(=O)NC(C)(C)C)O)O,"InChI=1S/C32H45N3O5S/c1-20-23(15-10-16-26(20)36)30(39)33-25(19-41-22-12-6-5-7-13-22)27(37)18-35-17-21-11-8-9-14-24(21)29(38)28(35)31(40)34-32(2,3)4/h5-7,10,12-13,15-16,21,24-25,27-29,36-38H,8-9,11,14,17-19H2,1-4H3,(H,33,39)(H,34,40)",BDLJZLBTKBAPRU-UHFFFAOYSA-N,4.466899999999999,583.3079925400001
"InChI=1S/C32H45N3O6S/c1-19-24(36)14-15-25(37)27(19)30(40)33-23(18-42-21-11-6-5-7-12-21)26(38)17-35-16-20-10-8-9-13-22(20)29(39)28(35)31(41)34-32(2,3)4/h5-7,11-12,14-15,20,22-23,26,28-29,36-39H,8-10,13,16-18H2,1-4H3,(H,33,40)(H,34,41)",ZADMHKQQCKYTIM-UHFFFAOYSA-N,CC1=C(C(=CC=C1O)O)C(=O)NC(CSC2=CC=CC=C2)C(CN3CC4CCCCC4C(C3C(=O)NC(C)(C)C)O)O,,,C32H45N3O6S,599.30290716,4.199499999999999,3,1,1,BTM00176,BTM00176,p-Hydroxylation of phenol,BTMR1038,"CYP1A2
CYP2A6
CYP2B6
CYP2C8
CYP2C9
CYP2C19
CYP2D6
CYP2E1
CYP3A4",HUMAN,BTM00019,CC1=C(C=CC=C1O)C(=O)NC(CSC2=CC=CC=C2)C(CN3CC4CCCCC4C(C3C(=O)NC(C)(C)C)O)O,"InChI=1S/C32H45N3O5S/c1-20-23(15-10-16-26(20)36)30(39)33-25(19-41-22-12-6-5-7-13-22)27(37)18-35-17-21-11-8-9-14-24(21)29(38)28(35)31(40)34-32(2,3)4/h5-7,10,12-13,15-16,21,24-25,27-29,36-38H,8-9,11,14,17-19H2,1-4H3,(H,33,39)(H,34,40)",BDLJZLBTKBAPRU-UHFFFAOYSA-N,4.466899999999999,583.3079925400001
"InChI=1S/C32H45N3O6S/c1-32(2,3)34-31(41)28-29(39)22-13-8-7-10-20(22)16-35(28)17-27(38)25(19-42-21-11-5-4-6-12-21)33-30(40)23-14-9-15-26(37)24(23)18-36/h4-6,9,11-12,14-15,20,22,25,27-29,36-39H,7-8,10,13,16-19H2,1-3H3,(H,33,40)(H,34,41)",ZHGUWLFIOOSTHS-UHFFFAOYSA-N,C(C1=C(C=CC=C1O)C(=O)NC(CSC2=CC=CC=C2)C(CN3CC4CCCCC4C(C3C(=O)NC(C)(C)C)O)O)O,,,C32H45N3O6S,599.30290716,3.3762000000000008,3,2,2,BTM00192,BTM00192,Aliphatic hydroxylation of methyl carbon adjacent to aromatic ring,BTMR1058,"CYP1A2
CYP2A6
CYP2B6
CYP2C8
CYP2C9
CYP2C19
CYP2D6
CYP2E1
CYP3A4",HUMAN,BTM00019,CC1=C(C=CC=C1O)C(=O)NC(CSC2=CC=CC=C2)C(CN3CC4CCCCC4C(C3C(=O)NC(C)(C)C)O)O,"InChI=1S/C32H45N3O5S/c1-20-23(15-10-16-26(20)36)30(39)33-25(19-41-22-12-6-5-7-13-22)27(37)18-35-17-21-11-8-9-14-24(21)29(38)28(35)31(40)34-32(2,3)4/h5-7,10,12-13,15-16,21,24-25,27-29,36-38H,8-9,11,14,17-19H2,1-4H3,(H,33,39)(H,34,40)",BDLJZLBTKBAPRU-UHFFFAOYSA-N,4.466899999999999,583.3079925400001
"InChI=1S/C32H45N3O6S/c1-19-21(12-8-14-25(19)36)30(40)33-24(18-42-20-10-6-5-7-11-20)27(38)17-35-16-23-22(13-9-15-26(23)37)29(39)28(35)31(41)34-32(2,3)4/h5-8,10-12,14,22-24,26-29,36-39H,9,13,15-18H2,1-4H3,(H,33,40)(H,34,41)",MDNXOBGYBFXLJD-UHFFFAOYSA-N,CC1=C(C=CC=C1O)C(=O)NC(CSC2=CC=CC=C2)C(CN3CC4C(CCCC4C(C3C(=O)NC(C)(C)C)O)O)O,,,C32H45N3O6S,599.30290716,3.2356000000000016,2,1,1,BTM00207,BTM00207,Hydroxylation of alicyclic secondary carbon,BTMR1068,"CYP1A2
CYP2C8
CYP2C9
CYP2C19
CYP2D6
CYP3A4",HUMAN,BTM00019,CC1=C(C=CC=C1O)C(=O)NC(CSC2=CC=CC=C2)C(CN3CC4CCCCC4C(C3C(=O)NC(C)(C)C)O)O,"InChI=1S/C32H45N3O5S/c1-20-23(15-10-16-26(20)36)30(39)33-25(19-41-22-12-6-5-7-13-22)27(37)18-35-17-21-11-8-9-14-24(21)29(38)28(35)31(40)34-32(2,3)4/h5-7,10,12-13,15-16,21,24-25,27-29,36-38H,8-9,11,14,17-19H2,1-4H3,(H,33,39)(H,34,40)",BDLJZLBTKBAPRU-UHFFFAOYSA-N,4.466899999999999,583.3079925400001
"InChI=1S/C32H45N3O6S/c1-19-23(11-8-12-26(19)37)30(40)33-25(18-42-22-9-6-5-7-10-22)27(38)17-35-16-20-15-21(36)13-14-24(20)29(39)28(35)31(41)34-32(2,3)4/h5-12,20-21,24-25,27-29,36-39H,13-18H2,1-4H3,(H,33,40)(H,34,41)",UALGFJDZMAVHAC-UHFFFAOYSA-N,CC1=C(C=CC=C1O)C(=O)NC(CSC2=CC=CC=C2)C(CN3CC4CC(CCC4C(C3C(=O)NC(C)(C)C)O)O)O,,,C32H45N3O6S,599.30290716,3.2300000000000004,2,1,1,BTM00221,BTM00221,Hydroxylation of alicyclic secondary carbon,BTMR1068,"CYP1A2
CYP2C8
CYP2C9
CYP2C19
CYP2D6
CYP3A4",HUMAN,BTM00019,CC1=C(C=CC=C1O)C(=O)NC(CSC2=CC=CC=C2)C(CN3CC4CCCCC4C(C3C(=O)NC(C)(C)C)O)O,"InChI=1S/C32H45N3O5S/c1-20-23(15-10-16-26(20)36)30(39)33-25(19-41-22-12-6-5-7-13-22)27(37)18-35-17-21-11-8-9-14-24(21)29(38)28(35)31(40)34-32(2,3)4/h5-7,10,12-13,15-16,21,24-25,27-29,36-38H,8-9,11,14,17-19H2,1-4H3,(H,33,39)(H,34,40)",BDLJZLBTKBAPRU-UHFFFAOYSA-N,4.466899999999999,583.3079925400001
"InChI=1S/C32H45N3O6S/c1-19-23(11-8-12-26(19)37)30(40)33-25(18-42-22-9-6-5-7-10-22)27(38)17-35-16-20-13-14-21(36)15-24(20)29(39)28(35)31(41)34-32(2,3)4/h5-12,20-21,24-25,27-29,36-39H,13-18H2,1-4H3,(H,33,40)(H,34,41)",ARGUMDMICLVJGU-UHFFFAOYSA-N,CC1=C(C=CC=C1O)C(=O)NC(CSC2=CC=CC=C2)C(CN3CC4CCC(CC4C(C3C(=O)NC(C)(C)C)O)O)O,,,C32H45N3O6S,599.30290716,3.2300000000000004,2,1,1,BTM00234,BTM00234,Hydroxylation of alicyclic secondary carbon,BTMR1068,"CYP1A2
CYP2C8
CYP2C9
CYP2C19
CYP2D6
CYP3A4",HUMAN,BTM00019,CC1=C(C=CC=C1O)C(=O)NC(CSC2=CC=CC=C2)C(CN3CC4CCCCC4C(C3C(=O)NC(C)(C)C)O)O,"InChI=1S/C32H45N3O5S/c1-20-23(15-10-16-26(20)36)30(39)33-25(19-41-22-12-6-5-7-13-22)27(37)18-35-17-21-11-8-9-14-24(21)29(38)28(35)31(40)34-32(2,3)4/h5-7,10,12-13,15-16,21,24-25,27-29,36-38H,8-9,11,14,17-19H2,1-4H3,(H,33,39)(H,34,40)",BDLJZLBTKBAPRU-UHFFFAOYSA-N,4.466899999999999,583.3079925400001
"InChI=1S/C32H45N3O6S/c1-19-22(13-9-14-24(19)36)30(40)33-23(18-42-21-11-6-5-7-12-21)26(38)17-35-16-20-10-8-15-25(37)27(20)29(39)28(35)31(41)34-32(2,3)4/h5-7,9,11-14,20,23,25-29,36-39H,8,10,15-18H2,1-4H3,(H,33,40)(H,34,41)",YZOQURJJZXIELJ-UHFFFAOYSA-N,CC1=C(C=CC=C1O)C(=O)NC(CSC2=CC=CC=C2)C(CN3CC4CCCC(C4C(C3C(=O)NC(C)(C)C)O)O)O,,,C32H45N3O6S,599.30290716,3.2356000000000016,2,1,1,BTM00246,BTM00246,Hydroxylation of alicyclic secondary carbon,BTMR1068,"CYP1A2
CYP2C8
CYP2C9
CYP2C19
CYP2D6
CYP3A4",HUMAN,BTM00019,CC1=C(C=CC=C1O)C(=O)NC(CSC2=CC=CC=C2)C(CN3CC4CCCCC4C(C3C(=O)NC(C)(C)C)O)O,"InChI=1S/C32H45N3O5S/c1-20-23(15-10-16-26(20)36)30(39)33-25(19-41-22-12-6-5-7-13-22)27(37)18-35-17-21-11-8-9-14-24(21)29(38)28(35)31(40)34-32(2,3)4/h5-7,10,12-13,15-16,21,24-25,27-29,36-38H,8-9,11,14,17-19H2,1-4H3,(H,33,39)(H,34,40)",BDLJZLBTKBAPRU-UHFFFAOYSA-N,4.466899999999999,583.3079925400001
"InChI=1S/C32H45N3O6S/c1-20-23(15-10-16-26(20)36)30(39)33-25(19-42-22-12-6-5-7-13-22)27(37)18-35(41)17-21-11-8-9-14-24(21)29(38)28(35)31(40)34-32(2,3)4/h5-7,10,12-13,15-16,21,24-25,27-29,36-38H,8-9,11,14,17-19H2,1-4H3,(H,33,39)(H,34,40)",GSXBEGITOQLYLF-UHFFFAOYSA-N,CC1=C(C=CC=C1O)C(=O)NC(CSC2=CC=CC=C2)C(C[N+]3(CC4CCCCC4C(C3C(=O)NC(C)(C)C)O)[O-])O,,,C32H45N3O6S,599.30290716,4.061799999999998,2,1,1,BTM00256,BTM00256,N-Oxidation of alicyclic tertiary amine,BTMR1099,"CYP1A2
CYP2C8
CYP2C19
CYP2D6
CYP3A4",HUMAN,BTM00019,CC1=C(C=CC=C1O)C(=O)NC(CSC2=CC=CC=C2)C(CN3CC4CCCCC4C(C3C(=O)NC(C)(C)C)O)O,"InChI=1S/C32H45N3O5S/c1-20-23(15-10-16-26(20)36)30(39)33-25(19-41-22-12-6-5-7-13-22)27(37)18-35-17-21-11-8-9-14-24(21)29(38)28(35)31(40)34-32(2,3)4/h5-7,10,12-13,15-16,21,24-25,27-29,36-38H,8-9,11,14,17-19H2,1-4H3,(H,33,39)(H,34,40)",BDLJZLBTKBAPRU-UHFFFAOYSA-N,4.466899999999999,583.3079925400001
"InChI=1S/C18H19NO4S/c1-12-14(8-5-9-16(12)21)18(23)19-15(17(22)10-20)11-24-13-6-3-2-4-7-13/h2-10,15,17,21-22H,11H2,1H3,(H,19,23)",FQXWQOQASHJKCY-UHFFFAOYSA-N,CC1=C(C=CC=C1O)C(=O)NC(CSC2=CC=CC=C2)C(C=O)O,,,C18H19NO4S,345.10347908800003,2.6822,0,1,1,BTM00014,BTM00014,N-Dealkylation of alicyclic tertiary amine,BTMR1144,"CYP1A2
CYP2A6
CYP2B6
CYP2C8
CYP2C9
CYP2C19
CYP2D6
CYP3A4",HUMAN,BTM00019,CC1=C(C=CC=C1O)C(=O)NC(CSC2=CC=CC=C2)C(CN3CC4CCCCC4C(C3C(=O)NC(C)(C)C)O)O,"InChI=1S/C32H45N3O5S/c1-20-23(15-10-16-26(20)36)30(39)33-25(19-41-22-12-6-5-7-13-22)27(37)18-35-17-21-11-8-9-14-24(21)29(38)28(35)31(40)34-32(2,3)4/h5-7,10,12-13,15-16,21,24-25,27-29,36-38H,8-9,11,14,17-19H2,1-4H3,(H,33,39)(H,34,40)",BDLJZLBTKBAPRU-UHFFFAOYSA-N,4.466899999999999,583.3079925400001
"InChI=1S/C14H26N2O2/c1-14(2,3)16-13(18)11-12(17)10-7-5-4-6-9(10)8-15-11/h9-12,15,17H,4-8H2,1-3H3,(H,16,18)",DTHSWQRUBVPHOP-UHFFFAOYSA-N,N1CC2CCCCC2C(C1C(=O)NC(C)(C)C)O,,,C14H26N2O2,254.199428072,1.1471,0,1,1,BTM00265,BTM00265,N-Dealkylation of alicyclic tertiary amine,BTMR1144,"CYP1A2
CYP2A6
CYP2B6
CYP2C8
CYP2C9
CYP2C19
CYP2D6
CYP3A4",HUMAN,BTM00019,CC1=C(C=CC=C1O)C(=O)NC(CSC2=CC=CC=C2)C(CN3CC4CCCCC4C(C3C(=O)NC(C)(C)C)O)O,"InChI=1S/C32H45N3O5S/c1-20-23(15-10-16-26(20)36)30(39)33-25(19-41-22-12-6-5-7-13-22)27(37)18-35-17-21-11-8-9-14-24(21)29(38)28(35)31(40)34-32(2,3)4/h5-7,10,12-13,15-16,21,24-25,27-29,36-38H,8-9,11,14,17-19H2,1-4H3,(H,33,39)(H,34,40)",BDLJZLBTKBAPRU-UHFFFAOYSA-N,4.466899999999999,583.3079925400001
"InChI=1S/C32H45N3O6S/c1-19-24(14-21(36)15-26(19)37)30(40)33-25(18-42-22-11-6-5-7-12-22)27(38)17-35-16-20-10-8-9-13-23(20)29(39)28(35)31(41)34-32(2,3)4/h5-7,11-12,14-15,20,23,25,27-29,36-39H,8-10,13,16-18H2,1-4H3,(H,33,40)(H,34,41)",CTORNVFLKPYYKL-UHFFFAOYSA-N,CC1=C(C=C(C=C1O)O)C(=O)NC(CSC2=CC=CC=C2)C(CN3CC4CCCCC4C(C3C(=O)NC(C)(C)C)O)O,,,C32H45N3O6S,599.30290716,4.199499999999999,3,1,1,BTM00270,BTM00270,Hydroxylation of benzene on carbon para to electron donating group,BTMR1047,"CYP1A2
CYP2C8
CYP2C9
CYP2D6
CYP3A4",HUMAN,BTM00019,CC1=C(C=CC=C1O)C(=O)NC(CSC2=CC=CC=C2)C(CN3CC4CCCCC4C(C3C(=O)NC(C)(C)C)O)O,"InChI=1S/C32H45N3O5S/c1-20-23(15-10-16-26(20)36)30(39)33-25(19-41-22-12-6-5-7-13-22)27(37)18-35-17-21-11-8-9-14-24(21)29(38)28(35)31(40)34-32(2,3)4/h5-7,10,12-13,15-16,21,24-25,27-29,36-38H,8-9,11,14,17-19H2,1-4H3,(H,33,39)(H,34,40)",BDLJZLBTKBAPRU-UHFFFAOYSA-N,4.466899999999999,583.3079925400001
"InChI=1S/C32H45N3O6S/c1-19-22(14-15-25(36)28(19)38)30(40)33-24(18-42-21-11-6-5-7-12-21)26(37)17-35-16-20-10-8-9-13-23(20)29(39)27(35)31(41)34-32(2,3)4/h5-7,11-12,14-15,20,23-24,26-27,29,36-39H,8-10,13,16-18H2,1-4H3,(H,33,40)(H,34,41)",SIXIQRAZODOKET-UHFFFAOYSA-N,CC1=C(C=CC(=C1O)O)C(=O)NC(CSC2=CC=CC=C2)C(CN3CC4CCCCC4C(C3C(=O)NC(C)(C)C)O)O,,,C32H45N3O6S,599.30290716,4.199499999999999,3,1,1,BTM00278,BTM00278,Hydroxylation of benzene on carbon para to electron donating group,BTMR1047,"CYP1A2
CYP2C8
CYP2C9
CYP2D6
CYP3A4",HUMAN,BTM00019,CC1=C(C=CC=C1O)C(=O)NC(CSC2=CC=CC=C2)C(CN3CC4CCCCC4C(C3C(=O)NC(C)(C)C)O)O,"InChI=1S/C32H45N3O5S/c1-20-23(15-10-16-26(20)36)30(39)33-25(19-41-22-12-6-5-7-13-22)27(37)18-35-17-21-11-8-9-14-24(21)29(38)28(35)31(40)34-32(2,3)4/h5-7,10,12-13,15-16,21,24-25,27-29,36-38H,8-9,11,14,17-19H2,1-4H3,(H,33,39)(H,34,40)",BDLJZLBTKBAPRU-UHFFFAOYSA-N,4.466899999999999,583.3079925400001
"InChI=1S/C32H45N3O6S/c1-19-21(15-10-16-25(19)36)29(39)33-24(18-42-20-11-6-5-7-12-20)26(37)17-35-27(30(40)34-32(2,3)4)28(38)22-13-8-9-14-23(22)31(35)41/h5-7,10-12,15-16,22-24,26-28,31,36-38,41H,8-9,13-14,17-18H2,1-4H3,(H,33,39)(H,34,40)",PQNLNNAFJUZEJQ-UHFFFAOYSA-N,CC1=C(C=CC=C1O)C(=O)NC(CSC2=CC=CC=C2)C(CN3C(C4CCCCC4C(C3C(=O)NC(C)(C)C)O)O)O,,,C32H45N3O6S,599.30290716,3.9978000000000034,3,1,1,BTM00285,BTM00285,Hydroxylation of heteroalicyclic secondary carbon,BTMR1070,"CYP1A2
CYP2A6
CYP2C9
CYP2D6
CYP3A4",HUMAN,BTM00019,CC1=C(C=CC=C1O)C(=O)NC(CSC2=CC=CC=C2)C(CN3CC4CCCCC4C(C3C(=O)NC(C)(C)C)O)O,"InChI=1S/C32H45N3O5S/c1-20-23(15-10-16-26(20)36)30(39)33-25(19-41-22-12-6-5-7-13-22)27(37)18-35-17-21-11-8-9-14-24(21)29(38)28(35)31(40)34-32(2,3)4/h5-7,10,12-13,15-16,21,24-25,27-29,36-38H,8-9,11,14,17-19H2,1-4H3,(H,33,39)(H,34,40)",BDLJZLBTKBAPRU-UHFFFAOYSA-N,4.466899999999999,583.3079925400001
"InChI=1S/C32H45N3O6S/c1-20-23(15-10-16-26(20)36)30(39)33-25(19-42(41)22-12-6-5-7-13-22)27(37)18-35-17-21-11-8-9-14-24(21)29(38)28(35)31(40)34-32(2,3)4/h5-7,10,12-13,15-16,21,24-25,27-29,36-38H,8-9,11,14,17-19H2,1-4H3,(H,33,39)(H,34,40)",RLPYFLNFUXMDAQ-UHFFFAOYSA-N,CC1=C(C=CC=C1O)C(=O)NC(CS(C2=CC=CC=C2)=O)C(CN3CC4CCCCC4C(C3C(=O)NC(C)(C)C)O)O,,,C32H45N3O6S,599.30290716,3.355099999999999,1,1,1,BTM00291,BTM00291,S-Oxidation of alkylarylthioether to sulfoxide,BTMR0058,"CYP1A2
CYP2A6
CYP2B6
CYP2C9
CYP2D6
CYP2E1
CYP3A4",HUMAN,BTM00019,CC1=C(C=CC=C1O)C(=O)NC(CSC2=CC=CC=C2)C(CN3CC4CCCCC4C(C3C(=O)NC(C)(C)C)O)O,"InChI=1S/C32H45N3O5S/c1-20-23(15-10-16-26(20)36)30(39)33-25(19-41-22-12-6-5-7-13-22)27(37)18-35-17-21-11-8-9-14-24(21)29(38)28(35)31(40)34-32(2,3)4/h5-7,10,12-13,15-16,21,24-25,27-29,36-38H,8-9,11,14,17-19H2,1-4H3,(H,33,39)(H,34,40)",BDLJZLBTKBAPRU-UHFFFAOYSA-N,4.466899999999999,583.3079925400001
"InChI=1S/C32H45N3O6S/c1-20-23(14-9-15-26(20)37)30(40)33-25(18-42-22-11-5-4-6-12-22)27(38)17-35-16-21-10-7-8-13-24(21)29(39)28(35)31(41)34-32(2,3)19-36/h4-6,9,11-12,14-15,21,24-25,27-29,36-39H,7-8,10,13,16-19H2,1-3H3,(H,33,40)(H,34,41)",GWBMQUURWKYETQ-UHFFFAOYSA-N,CC1=C(C=CC=C1O)C(=O)NC(CSC2=CC=CC=C2)C(CN3CC4CCCCC4C(C3C(=O)NC(C)(C)CO)O)O,,,C32H45N3O6S,599.30290716,3.5787000000000013,2,2,2,BTM00292,BTM00292,Hydroxylation of terminal methyl,BTMR1061,"CYP1A2
CYP2A6
CYP2B6
CYP2C8
CYP2C9
CYP2C19
CYP2D6
CYP2E1
CYP3A4",HUMAN,BTM00019,CC1=C(C=CC=C1O)C(=O)NC(CSC2=CC=CC=C2)C(CN3CC4CCCCC4C(C3C(=O)NC(C)(C)C)O)O,"InChI=1S/C32H45N3O5S/c1-20-23(15-10-16-26(20)36)30(39)33-25(19-41-22-12-6-5-7-13-22)27(37)18-35-17-21-11-8-9-14-24(21)29(38)28(35)31(40)34-32(2,3)4/h5-7,10,12-13,15-16,21,24-25,27-29,36-38H,8-9,11,14,17-19H2,1-4H3,(H,33,39)(H,34,40)",BDLJZLBTKBAPRU-UHFFFAOYSA-N,4.466899999999999,583.3079925400001
"InChI=1S/C32H45N3O6S/c1-20-22(13-10-15-25(20)36)29(39)33-24(18-42-21-11-6-5-7-12-21)26(37)17-35-19-32(41)16-9-8-14-23(32)28(38)27(35)30(40)34-31(2,3)4/h5-7,10-13,15,23-24,26-28,36-38,41H,8-9,14,16-19H2,1-4H3,(H,33,39)(H,34,40)",SKZADLDKHVFQLW-UHFFFAOYSA-N,CC1=C(C=CC=C1O)C(=O)NC(CSC2=CC=CC=C2)C(CN3CC4(CCCCC4C(C3C(=O)NC(C)(C)C)O)O)O,,,C32H45N3O6S,599.30290716,3.4587999999999965,2,1,1,BTM00293,BTM00293,Hydroxylation of alicyclic tertiary carbon,BTMR1243,CYP1A2,HUMAN,BTM00019,CC1=C(C=CC=C1O)C(=O)NC(CSC2=CC=CC=C2)C(CN3CC4CCCCC4C(C3C(=O)NC(C)(C)C)O)O,"InChI=1S/C32H45N3O5S/c1-20-23(15-10-16-26(20)36)30(39)33-25(19-41-22-12-6-5-7-13-22)27(37)18-35-17-21-11-8-9-14-24(21)29(38)28(35)31(40)34-32(2,3)4/h5-7,10,12-13,15-16,21,24-25,27-29,36-38H,8-9,11,14,17-19H2,1-4H3,(H,33,39)(H,34,40)",BDLJZLBTKBAPRU-UHFFFAOYSA-N,4.466899999999999,583.3079925400001
"InChI=1S/C32H45N3O6S/c1-20-23(14-10-15-25(20)36)29(39)33-24(19-42-22-12-6-5-7-13-22)26(37)18-35-17-21-11-8-9-16-32(21,41)28(38)27(35)30(40)34-31(2,3)4/h5-7,10,12-15,21,24,26-28,36-38,41H,8-9,11,16-19H2,1-4H3,(H,33,39)(H,34,40)",HSLGPCRSWYVCJS-UHFFFAOYSA-N,CC1=C(C=CC=C1O)C(=O)NC(CSC2=CC=CC=C2)C(CN3CC4CCCCC4(C(C3C(=O)NC(C)(C)C)O)O)O,,,C32H45N3O6S,599.30290716,3.4587999999999965,2,1,1,BTM00294,BTM00294,Hydroxylation of alicyclic tertiary carbon,BTMR1243,CYP1A2,HUMAN,BTM00019,CC1=C(C=CC=C1O)C(=O)NC(CSC2=CC=CC=C2)C(CN3CC4CCCCC4C(C3C(=O)NC(C)(C)C)O)O,"InChI=1S/C32H45N3O5S/c1-20-23(15-10-16-26(20)36)30(39)33-25(19-41-22-12-6-5-7-13-22)27(37)18-35-17-21-11-8-9-14-24(21)29(38)28(35)31(40)34-32(2,3)4/h5-7,10,12-13,15-16,21,24-25,27-29,36-38H,8-9,11,14,17-19H2,1-4H3,(H,33,39)(H,34,40)",BDLJZLBTKBAPRU-UHFFFAOYSA-N,4.466899999999999,583.3079925400001
"InChI=1S/C32H45N3O6S/c1-19-22(15-10-16-25(19)36)29(39)33-24(18-42-21-12-6-5-7-13-21)28(38)31(41)35-17-20-11-8-9-14-23(20)27(37)26(35)30(40)34-32(2,3)4/h5-7,10,12-13,15-16,20,23-24,26-28,31,36-38,41H,8-9,11,14,17-18H2,1-4H3,(H,33,39)(H,34,40)",NEPNMTAAXOFJNN-UHFFFAOYSA-N,CC1=C(C=CC=C1O)C(=O)NC(CSC2=CC=CC=C2)C(C(N3CC4CCCCC4C(C3C(=O)NC(C)(C)C)O)O)O,,,C32H45N3O6S,599.30290716,4.127200000000003,3,1,1,BTM00295,BTM00295,Aliphatic hydroxylation of carbon alpha to secondary or tertiary alkyl-N,BTMR1081,"CYP2B6
CYP2C19
CYP2D6",HUMAN,BTM00019,CC1=C(C=CC=C1O)C(=O)NC(CSC2=CC=CC=C2)C(CN3CC4CCCCC4C(C3C(=O)NC(C)(C)C)O)O,"InChI=1S/C32H45N3O5S/c1-20-23(15-10-16-26(20)36)30(39)33-25(19-41-22-12-6-5-7-13-22)27(37)18-35-17-21-11-8-9-14-24(21)29(38)28(35)31(40)34-32(2,3)4/h5-7,10,12-13,15-16,21,24-25,27-29,36-38H,8-9,11,14,17-19H2,1-4H3,(H,33,39)(H,34,40)",BDLJZLBTKBAPRU-UHFFFAOYSA-N,4.466899999999999,583.3079925400001
"InChI=1S/C32H45N3O6S/c1-19-21(15-10-16-25(19)36)29(39)33-24(18-42-20-11-6-5-7-12-20)26(37)17-35-27(30(40)34-32(2,3)4)28(38)22-13-8-9-14-23(22)31(35)41/h5-7,10-12,15-16,22-24,26-28,31,36-38,41H,8-9,13-14,17-18H2,1-4H3,(H,33,39)(H,34,40)",PQNLNNAFJUZEJQ-UHFFFAOYSA-N,CC1=C(C=CC=C1O)C(=O)NC(CSC2=CC=CC=C2)C(CN3C(C4CCCCC4C(C3C(=O)NC(C)(C)C)O)O)O,,,C32H45N3O6S,599.30290716,3.9978000000000034,3,1,1,BTM00285,BTM00285,Aliphatic hydroxylation of carbon alpha to secondary or tertiary alkyl-N,BTMR1081,"CYP2B6
CYP2C19
CYP2D6",HUMAN,BTM00019,CC1=C(C=CC=C1O)C(=O)NC(CSC2=CC=CC=C2)C(CN3CC4CCCCC4C(C3C(=O)NC(C)(C)C)O)O,"InChI=1S/C32H45N3O5S/c1-20-23(15-10-16-26(20)36)30(39)33-25(19-41-22-12-6-5-7-13-22)27(37)18-35-17-21-11-8-9-14-24(21)29(38)28(35)31(40)34-32(2,3)4/h5-7,10,12-13,15-16,21,24-25,27-29,36-38H,8-9,11,14,17-19H2,1-4H3,(H,33,39)(H,34,40)",BDLJZLBTKBAPRU-UHFFFAOYSA-N,4.466899999999999,583.3079925400001
"InChI=1S/C32H45N3O6S/c1-20-23(15-10-16-26(20)36)29(39)33-25(19-42-22-12-6-5-7-13-22)27(37)18-35-17-21-11-8-9-14-24(21)28(38)32(35,41)30(40)34-31(2,3)4/h5-7,10,12-13,15-16,21,24-25,27-28,36-38,41H,8-9,11,14,17-19H2,1-4H3,(H,33,39)(H,34,40)",QQQPHIWQKSSTSW-UHFFFAOYSA-N,CC1=C(C=CC=C1O)C(=O)NC(CSC2=CC=CC=C2)C(CN3CC4CCCCC4C(C3(C(=O)NC(C)(C)C)O)O)O,,,C32H45N3O6S,599.30290716,4.077000000000002,3,1,1,BTM00296,BTM00296,Aliphatic hydroxylation of carbon alpha to secondary or tertiary alkyl-N,BTMR1081,"CYP2B6
CYP2C19
CYP2D6",HUMAN,BTM00019,CC1=C(C=CC=C1O)C(=O)NC(CSC2=CC=CC=C2)C(CN3CC4CCCCC4C(C3C(=O)NC(C)(C)C)O)O,"InChI=1S/C32H45N3O5S/c1-20-23(15-10-16-26(20)36)30(39)33-25(19-41-22-12-6-5-7-13-22)27(37)18-35-17-21-11-8-9-14-24(21)29(38)28(35)31(40)34-32(2,3)4/h5-7,10,12-13,15-16,21,24-25,27-29,36-38H,8-9,11,14,17-19H2,1-4H3,(H,33,39)(H,34,40)",BDLJZLBTKBAPRU-UHFFFAOYSA-N,4.466899999999999,583.3079925400001
"InChI=1S/C32H43N3O5S/c1-21-25(15-10-16-28(21)36)30(38)33-26(20-41(40)24-13-6-5-7-14-24)29(37)19-35-18-23-12-9-8-11-22(23)17-27(35)31(39)34-32(2,3)4/h5-7,10,13-16,22-23,26-27,36H,8-9,11-12,17-20H2,1-4H3,(H,33,38)(H,34,39)",PKYLUALHRRJISV-UHFFFAOYSA-N,CC1=C(C=CC=C1O)C(=O)NC(CS(C2=CC=CC=C2)=O)C(CN3CC4CCCCC4CC3C(=O)NC(C)(C)C)=O,,,C32H43N3O5S,581.292342476,4.5014,1,1,1,BTM00162,BTM00162,Oxidation of secondary alcohol to ketone,BTMR0079,"CYP1A2
CYP2C9
CYP2C19",HUMAN,BTM00020,CC1=C(C=CC=C1O)C(=O)NC(CS(C2=CC=CC=C2)=O)C(CN3CC4CCCCC4CC3C(=O)NC(C)(C)C)O,"InChI=1S/C32H45N3O5S/c1-21-25(15-10-16-28(21)36)30(38)33-26(20-41(40)24-13-6-5-7-14-24)29(37)19-35-18-23-12-9-8-11-22(23)17-27(35)31(39)34-32(2,3)4/h5-7,10,13-16,22-23,26-27,29,36-37H,8-9,11-12,17-20H2,1-4H3,(H,33,38)(H,34,39)",RSOLVRGGAAUFHC-UHFFFAOYSA-N,4.254500000000004,583.30799254
"InChI=1S/C32H45N3O6S/c1-20-26(36)14-15-27(37)29(20)31(40)33-24(19-42(41)23-12-6-5-7-13-23)28(38)18-35-17-22-11-9-8-10-21(22)16-25(35)30(39)34-32(2,3)4/h5-7,12-15,21-22,24-25,28,36-38H,8-11,16-19H2,1-4H3,(H,33,40)(H,34,39)",WBDNUBNSFPPDPH-UHFFFAOYSA-N,CC1=C(C(=CC=C1O)O)C(=O)NC(CS(C2=CC=CC=C2)=O)C(CN3CC4CCCCC4CC3C(=O)NC(C)(C)C)O,,,C32H45N3O6S,599.30290716,3.987100000000002,1,1,1,BTM00177,BTM00177,p-Hydroxylation of phenol,BTMR1038,"CYP1A2
CYP2A6
CYP2B6
CYP2C8
CYP2C9
CYP2C19
CYP2D6
CYP2E1
CYP3A4",HUMAN,BTM00020,CC1=C(C=CC=C1O)C(=O)NC(CS(C2=CC=CC=C2)=O)C(CN3CC4CCCCC4CC3C(=O)NC(C)(C)C)O,"InChI=1S/C32H45N3O5S/c1-21-25(15-10-16-28(21)36)30(38)33-26(20-41(40)24-13-6-5-7-14-24)29(37)19-35-18-23-12-9-8-11-22(23)17-27(35)31(39)34-32(2,3)4/h5-7,10,13-16,22-23,26-27,29,36-37H,8-9,11-12,17-20H2,1-4H3,(H,33,38)(H,34,39)",RSOLVRGGAAUFHC-UHFFFAOYSA-N,4.254500000000004,583.30799254
"InChI=1S/C32H45N3O6S/c1-32(2,3)34-31(40)27-16-21-10-7-8-11-22(21)17-35(27)18-29(38)26(20-42(41)23-12-5-4-6-13-23)33-30(39)24-14-9-15-28(37)25(24)19-36/h4-6,9,12-15,21-22,26-27,29,36-38H,7-8,10-11,16-20H2,1-3H3,(H,33,39)(H,34,40)",VZEDDHRYOILLMR-UHFFFAOYSA-N,C(C1=C(C=CC=C1O)C(=O)NC(CS(C2=CC=CC=C2)=O)C(CN3CC4CCCCC4CC3C(=O)NC(C)(C)C)O)O,,,C32H45N3O6S,599.30290716,3.163800000000004,1,2,2,BTM00193,BTM00193,Aliphatic hydroxylation of methyl carbon adjacent to aromatic ring,BTMR1058,"CYP1A2
CYP2A6
CYP2B6
CYP2C8
CYP2C9
CYP2C19
CYP2D6
CYP2E1
CYP3A4",HUMAN,BTM00020,CC1=C(C=CC=C1O)C(=O)NC(CS(C2=CC=CC=C2)=O)C(CN3CC4CCCCC4CC3C(=O)NC(C)(C)C)O,"InChI=1S/C32H45N3O5S/c1-21-25(15-10-16-28(21)36)30(38)33-26(20-41(40)24-13-6-5-7-14-24)29(37)19-35-18-23-12-9-8-11-22(23)17-27(35)31(39)34-32(2,3)4/h5-7,10,13-16,22-23,26-27,29,36-37H,8-9,11-12,17-20H2,1-4H3,(H,33,38)(H,34,39)",RSOLVRGGAAUFHC-UHFFFAOYSA-N,4.254500000000004,583.30799254
"InChI=1S/C32H45N3O6S/c1-20-23(13-9-14-27(20)36)30(39)33-25(19-42(41)22-11-6-5-7-12-22)29(38)18-35-17-24-21(10-8-15-28(24)37)16-26(35)31(40)34-32(2,3)4/h5-7,9,11-14,21,24-26,28-29,36-38H,8,10,15-19H2,1-4H3,(H,33,39)(H,34,40)",MNBRSRSPYHZGJG-UHFFFAOYSA-N,CC1=C(C=CC=C1O)C(=O)NC(CS(C2=CC=CC=C2)=O)C(CN3CC4C(CCCC4CC3C(=O)NC(C)(C)C)O)O,,,C32H45N3O6S,599.30290716,3.0231999999999997,1,1,1,BTM00208,BTM00208,Hydroxylation of alicyclic secondary carbon,BTMR1068,"CYP1A2
CYP2C8
CYP2C9
CYP2C19
CYP2D6
CYP3A4",HUMAN,BTM00020,CC1=C(C=CC=C1O)C(=O)NC(CS(C2=CC=CC=C2)=O)C(CN3CC4CCCCC4CC3C(=O)NC(C)(C)C)O,"InChI=1S/C32H45N3O5S/c1-21-25(15-10-16-28(21)36)30(38)33-26(20-41(40)24-13-6-5-7-14-24)29(37)19-35-18-23-12-9-8-11-22(23)17-27(35)31(39)34-32(2,3)4/h5-7,10,13-16,22-23,26-27,29,36-37H,8-9,11-12,17-20H2,1-4H3,(H,33,38)(H,34,39)",RSOLVRGGAAUFHC-UHFFFAOYSA-N,4.254500000000004,583.30799254
"InChI=1S/C32H45N3O6S/c1-20-25(11-8-12-28(20)37)30(39)33-26(19-42(41)24-9-6-5-7-10-24)29(38)18-35-17-22-15-23(36)14-13-21(22)16-27(35)31(40)34-32(2,3)4/h5-12,21-23,26-27,29,36-38H,13-19H2,1-4H3,(H,33,39)(H,34,40)",IHTAJVPZPFGOLQ-UHFFFAOYSA-N,CC1=C(C=CC=C1O)C(=O)NC(CS(C2=CC=CC=C2)=O)C(CN3CC4CC(CCC4CC3C(=O)NC(C)(C)C)O)O,,,C32H45N3O6S,599.30290716,3.0175999999999985,1,1,1,BTM00222,BTM00222,Hydroxylation of alicyclic secondary carbon,BTMR1068,"CYP1A2
CYP2C8
CYP2C9
CYP2C19
CYP2D6
CYP3A4",HUMAN,BTM00020,CC1=C(C=CC=C1O)C(=O)NC(CS(C2=CC=CC=C2)=O)C(CN3CC4CCCCC4CC3C(=O)NC(C)(C)C)O,"InChI=1S/C32H45N3O5S/c1-21-25(15-10-16-28(21)36)30(38)33-26(20-41(40)24-13-6-5-7-14-24)29(37)19-35-18-23-12-9-8-11-22(23)17-27(35)31(39)34-32(2,3)4/h5-7,10,13-16,22-23,26-27,29,36-37H,8-9,11-12,17-20H2,1-4H3,(H,33,38)(H,34,39)",RSOLVRGGAAUFHC-UHFFFAOYSA-N,4.254500000000004,583.30799254
"InChI=1S/C32H45N3O6S/c1-20-25(11-8-12-28(20)37)30(39)33-26(19-42(41)24-9-6-5-7-10-24)29(38)18-35-17-21-13-14-23(36)15-22(21)16-27(35)31(40)34-32(2,3)4/h5-12,21-23,26-27,29,36-38H,13-19H2,1-4H3,(H,33,39)(H,34,40)",LWJCEYPWXRDQLN-UHFFFAOYSA-N,CC1=C(C=CC=C1O)C(=O)NC(CS(C2=CC=CC=C2)=O)C(CN3CC4CCC(CC4CC3C(=O)NC(C)(C)C)O)O,,,C32H45N3O6S,599.30290716,3.0175999999999985,1,1,1,BTM00235,BTM00235,Hydroxylation of alicyclic secondary carbon,BTMR1068,"CYP1A2
CYP2C8
CYP2C9
CYP2C19
CYP2D6
CYP3A4",HUMAN,BTM00020,CC1=C(C=CC=C1O)C(=O)NC(CS(C2=CC=CC=C2)=O)C(CN3CC4CCCCC4CC3C(=O)NC(C)(C)C)O,"InChI=1S/C32H45N3O5S/c1-21-25(15-10-16-28(21)36)30(38)33-26(20-41(40)24-13-6-5-7-14-24)29(37)19-35-18-23-12-9-8-11-22(23)17-27(35)31(39)34-32(2,3)4/h5-7,10,13-16,22-23,26-27,29,36-37H,8-9,11-12,17-20H2,1-4H3,(H,33,38)(H,34,39)",RSOLVRGGAAUFHC-UHFFFAOYSA-N,4.254500000000004,583.30799254
"InChI=1S/C32H45N3O6S/c1-20-23(13-9-14-27(20)36)30(39)33-25(19-42(41)22-11-6-5-7-12-22)29(38)18-35-17-21-10-8-15-28(37)24(21)16-26(35)31(40)34-32(2,3)4/h5-7,9,11-14,21,24-26,28-29,36-38H,8,10,15-19H2,1-4H3,(H,33,39)(H,34,40)",FWGRFUZGAHITCM-UHFFFAOYSA-N,CC1=C(C=CC=C1O)C(=O)NC(CS(C2=CC=CC=C2)=O)C(CN3CC4CCCC(C4CC3C(=O)NC(C)(C)C)O)O,,,C32H45N3O6S,599.30290716,3.0850999999999993,1,1,1,BTM00247,BTM00247,Hydroxylation of alicyclic secondary carbon,BTMR1068,"CYP1A2
CYP2C8
CYP2C9
CYP2C19
CYP2D6
CYP3A4",HUMAN,BTM00020,CC1=C(C=CC=C1O)C(=O)NC(CS(C2=CC=CC=C2)=O)C(CN3CC4CCCCC4CC3C(=O)NC(C)(C)C)O,"InChI=1S/C32H45N3O5S/c1-21-25(15-10-16-28(21)36)30(38)33-26(20-41(40)24-13-6-5-7-14-24)29(37)19-35-18-23-12-9-8-11-22(23)17-27(35)31(39)34-32(2,3)4/h5-7,10,13-16,22-23,26-27,29,36-37H,8-9,11-12,17-20H2,1-4H3,(H,33,38)(H,34,39)",RSOLVRGGAAUFHC-UHFFFAOYSA-N,4.254500000000004,583.30799254
"InChI=1S/C32H45N3O6S/c1-21-25(15-10-16-28(21)36)30(38)33-26(20-42(41)24-13-6-5-7-14-24)29(37)19-35(40)18-23-12-9-8-11-22(23)17-27(35)31(39)34-32(2,3)4/h5-7,10,13-16,22-23,26-27,29,36-37H,8-9,11-12,17-20H2,1-4H3,(H,33,38)(H,34,39)",XVDDVSDRQCHFDX-UHFFFAOYSA-N,CC1=C(C=CC=C1O)C(=O)NC(CS(C2=CC=CC=C2)=O)C(C[N+]3(CC4CCCCC4CC3C(=O)NC(C)(C)C)[O-])O,,,C32H45N3O6S,599.30290716,3.8494000000000024,1,1,1,BTM00257,BTM00257,N-Oxidation of alicyclic tertiary amine,BTMR1099,"CYP1A2
CYP2C8
CYP2C19
CYP2D6
CYP3A4",HUMAN,BTM00020,CC1=C(C=CC=C1O)C(=O)NC(CS(C2=CC=CC=C2)=O)C(CN3CC4CCCCC4CC3C(=O)NC(C)(C)C)O,"InChI=1S/C32H45N3O5S/c1-21-25(15-10-16-28(21)36)30(38)33-26(20-41(40)24-13-6-5-7-14-24)29(37)19-35-18-23-12-9-8-11-22(23)17-27(35)31(39)34-32(2,3)4/h5-7,10,13-16,22-23,26-27,29,36-37H,8-9,11-12,17-20H2,1-4H3,(H,33,38)(H,34,39)",RSOLVRGGAAUFHC-UHFFFAOYSA-N,4.254500000000004,583.30799254
"InChI=1S/C18H19NO5S/c1-12-14(8-5-9-16(12)21)18(23)19-15(17(22)10-20)11-25(24)13-6-3-2-4-7-13/h2-10,15,17,21-22H,11H2,1H3,(H,19,23)",ADHFKHGKCHELBJ-UHFFFAOYSA-N,CC1=C(C=CC=C1O)C(=O)NC(CS(C2=CC=CC=C2)=O)C(C=O)O,,,C18H19NO5S,361.098393708,1.5704000000000002,0,1,1,BTM00263,BTM00263,N-Dealkylation of alicyclic tertiary amine,BTMR1144,"CYP1A2
CYP2A6
CYP2B6
CYP2C8
CYP2C9
CYP2C19
CYP2D6
CYP3A4",HUMAN,BTM00020,CC1=C(C=CC=C1O)C(=O)NC(CS(C2=CC=CC=C2)=O)C(CN3CC4CCCCC4CC3C(=O)NC(C)(C)C)O,"InChI=1S/C32H45N3O5S/c1-21-25(15-10-16-28(21)36)30(38)33-26(20-41(40)24-13-6-5-7-14-24)29(37)19-35-18-23-12-9-8-11-22(23)17-27(35)31(39)34-32(2,3)4/h5-7,10,13-16,22-23,26-27,29,36-37H,8-9,11-12,17-20H2,1-4H3,(H,33,38)(H,34,39)",RSOLVRGGAAUFHC-UHFFFAOYSA-N,4.254500000000004,583.30799254
"InChI=1S/C14H26N2O/c1-14(2,3)16-13(17)12-8-10-6-4-5-7-11(10)9-15-12/h10-12,15H,4-9H2,1-3H3,(H,16,17)",UPZBXVBPICTBDP-UHFFFAOYSA-N,N1CC2CCCCC2CC1C(=O)NC(C)(C)C,,,C14H26N2O,238.204513452,2.0465,0,0,0,BTM00015,BTM00015,N-Dealkylation of alicyclic tertiary amine,BTMR1144,"CYP1A2
CYP2A6
CYP2B6
CYP2C8
CYP2C9
CYP2C19
CYP2D6
CYP3A4",HUMAN,BTM00020,CC1=C(C=CC=C1O)C(=O)NC(CS(C2=CC=CC=C2)=O)C(CN3CC4CCCCC4CC3C(=O)NC(C)(C)C)O,"InChI=1S/C32H45N3O5S/c1-21-25(15-10-16-28(21)36)30(38)33-26(20-41(40)24-13-6-5-7-14-24)29(37)19-35-18-23-12-9-8-11-22(23)17-27(35)31(39)34-32(2,3)4/h5-7,10,13-16,22-23,26-27,29,36-37H,8-9,11-12,17-20H2,1-4H3,(H,33,38)(H,34,39)",RSOLVRGGAAUFHC-UHFFFAOYSA-N,4.254500000000004,583.30799254
"InChI=1S/C32H45N3O6S/c1-20-25(15-23(36)16-28(20)37)30(39)33-26(19-42(41)24-12-6-5-7-13-24)29(38)18-35-17-22-11-9-8-10-21(22)14-27(35)31(40)34-32(2,3)4/h5-7,12-13,15-16,21-22,26-27,29,36-38H,8-11,14,17-19H2,1-4H3,(H,33,39)(H,34,40)",QCEGFVAZLQBQOU-UHFFFAOYSA-N,CC1=C(C=C(C=C1O)O)C(=O)NC(CS(C2=CC=CC=C2)=O)C(CN3CC4CCCCC4CC3C(=O)NC(C)(C)C)O,,,C32H45N3O6S,599.30290716,3.987100000000002,1,1,1,BTM00271,BTM00271,Hydroxylation of benzene on carbon para to electron donating group,BTMR1047,"CYP1A2
CYP2C8
CYP2C9
CYP2D6
CYP3A4",HUMAN,BTM00020,CC1=C(C=CC=C1O)C(=O)NC(CS(C2=CC=CC=C2)=O)C(CN3CC4CCCCC4CC3C(=O)NC(C)(C)C)O,"InChI=1S/C32H45N3O5S/c1-21-25(15-10-16-28(21)36)30(38)33-26(20-41(40)24-13-6-5-7-14-24)29(37)19-35-18-23-12-9-8-11-22(23)17-27(35)31(39)34-32(2,3)4/h5-7,10,13-16,22-23,26-27,29,36-37H,8-9,11-12,17-20H2,1-4H3,(H,33,38)(H,34,39)",RSOLVRGGAAUFHC-UHFFFAOYSA-N,4.254500000000004,583.30799254
"InChI=1S/C32H45N3O6S/c1-20-24(14-15-27(36)29(20)38)30(39)33-25(19-42(41)23-12-6-5-7-13-23)28(37)18-35-17-22-11-9-8-10-21(22)16-26(35)31(40)34-32(2,3)4/h5-7,12-15,21-22,25-26,28,36-38H,8-11,16-19H2,1-4H3,(H,33,39)(H,34,40)",SXKIDFUJCDDAQC-UHFFFAOYSA-N,CC1=C(C=CC(=C1O)O)C(=O)NC(CS(C2=CC=CC=C2)=O)C(CN3CC4CCCCC4CC3C(=O)NC(C)(C)C)O,,,C32H45N3O6S,599.30290716,3.987100000000002,1,1,1,BTM00279,BTM00279,Hydroxylation of benzene on carbon para to electron donating group,BTMR1047,"CYP1A2
CYP2C8
CYP2C9
CYP2D6
CYP3A4",HUMAN,BTM00020,CC1=C(C=CC=C1O)C(=O)NC(CS(C2=CC=CC=C2)=O)C(CN3CC4CCCCC4CC3C(=O)NC(C)(C)C)O,"InChI=1S/C32H45N3O5S/c1-21-25(15-10-16-28(21)36)30(38)33-26(20-41(40)24-13-6-5-7-14-24)29(37)19-35-18-23-12-9-8-11-22(23)17-27(35)31(39)34-32(2,3)4/h5-7,10,13-16,22-23,26-27,29,36-37H,8-9,11-12,17-20H2,1-4H3,(H,33,38)(H,34,39)",RSOLVRGGAAUFHC-UHFFFAOYSA-N,4.254500000000004,583.30799254
"InChI=1S/C32H45N3O6S/c1-20-23(15-10-16-27(20)36)29(38)33-25(19-42(41)22-12-6-5-7-13-22)28(37)18-35-26(30(39)34-32(2,3)4)17-21-11-8-9-14-24(21)31(35)40/h5-7,10,12-13,15-16,21,24-26,28,31,36-37,40H,8-9,11,14,17-19H2,1-4H3,(H,33,38)(H,34,39)",FGWMOLGUVGUMEU-UHFFFAOYSA-N,CC1=C(C=CC=C1O)C(=O)NC(CS(C2=CC=CC=C2)=O)C(CN3C(C4CCCCC4CC3C(=O)NC(C)(C)C)O)O,,,C32H45N3O6S,599.30290716,3.7854000000000023,1,1,1,BTM00286,BTM00286,Hydroxylation of heteroalicyclic secondary carbon,BTMR1070,"CYP1A2
CYP2A6
CYP2C9
CYP2D6
CYP3A4",HUMAN,BTM00020,CC1=C(C=CC=C1O)C(=O)NC(CS(C2=CC=CC=C2)=O)C(CN3CC4CCCCC4CC3C(=O)NC(C)(C)C)O,"InChI=1S/C32H45N3O5S/c1-21-25(15-10-16-28(21)36)30(38)33-26(20-41(40)24-13-6-5-7-14-24)29(37)19-35-18-23-12-9-8-11-22(23)17-27(35)31(39)34-32(2,3)4/h5-7,10,13-16,22-23,26-27,29,36-37H,8-9,11-12,17-20H2,1-4H3,(H,33,38)(H,34,39)",RSOLVRGGAAUFHC-UHFFFAOYSA-N,4.254500000000004,583.30799254
"InChI=1S/C32H45N3O6S/c1-20-23(15-10-16-26(20)36)30(39)33-25(19-42(41)22-12-6-5-7-13-22)27(37)18-35-17-21-11-8-9-14-24(21)29(38)28(35)31(40)34-32(2,3)4/h5-7,10,12-13,15-16,21,24-25,27-29,36-38H,8-9,11,14,17-19H2,1-4H3,(H,33,39)(H,34,40)",RLPYFLNFUXMDAQ-UHFFFAOYSA-N,CC1=C(C=CC=C1O)C(=O)NC(CS(C2=CC=CC=C2)=O)C(CN3CC4CCCCC4C(C3C(=O)NC(C)(C)C)O)O,,,C32H45N3O6S,599.30290716,3.355099999999999,1,1,1,BTM00291,BTM00291,Hydroxylation of heteroalicyclic secondary carbon,BTMR1071,CYP1A2,HUMAN,BTM00020,CC1=C(C=CC=C1O)C(=O)NC(CS(C2=CC=CC=C2)=O)C(CN3CC4CCCCC4CC3C(=O)NC(C)(C)C)O,"InChI=1S/C32H45N3O5S/c1-21-25(15-10-16-28(21)36)30(38)33-26(20-41(40)24-13-6-5-7-14-24)29(37)19-35-18-23-12-9-8-11-22(23)17-27(35)31(39)34-32(2,3)4/h5-7,10,13-16,22-23,26-27,29,36-37H,8-9,11-12,17-20H2,1-4H3,(H,33,38)(H,34,39)",RSOLVRGGAAUFHC-UHFFFAOYSA-N,4.254500000000004,583.30799254
"InChI=1S/C32H45N3O6S/c1-21-25(14-9-15-28(21)37)30(39)33-26(19-42(41)24-12-5-4-6-13-24)29(38)18-35-17-23-11-8-7-10-22(23)16-27(35)31(40)34-32(2,3)20-36/h4-6,9,12-15,22-23,26-27,29,36-38H,7-8,10-11,16-20H2,1-3H3,(H,33,39)(H,34,40)",YJRFEQMOEKVBHC-UHFFFAOYSA-N,CC1=C(C=CC=C1O)C(=O)NC(CS(C2=CC=CC=C2)=O)C(CN3CC4CCCCC4CC3C(=O)NC(C)(C)CO)O,,,C32H45N3O6S,599.30290716,3.3663000000000047,1,2,2,BTM00297,BTM00297,Hydroxylation of terminal methyl,BTMR1061,"CYP1A2
CYP2A6
CYP2B6
CYP2C8
CYP2C9
CYP2C19
CYP2D6
CYP2E1
CYP3A4",HUMAN,BTM00020,CC1=C(C=CC=C1O)C(=O)NC(CS(C2=CC=CC=C2)=O)C(CN3CC4CCCCC4CC3C(=O)NC(C)(C)C)O,"InChI=1S/C32H45N3O5S/c1-21-25(15-10-16-28(21)36)30(38)33-26(20-41(40)24-13-6-5-7-14-24)29(37)19-35-18-23-12-9-8-11-22(23)17-27(35)31(39)34-32(2,3)4/h5-7,10,13-16,22-23,26-27,29,36-37H,8-9,11-12,17-20H2,1-4H3,(H,33,38)(H,34,39)",RSOLVRGGAAUFHC-UHFFFAOYSA-N,4.254500000000004,583.30799254
"InChI=1S/C32H45N3O6S/c1-21-24(14-10-15-27(21)36)29(38)33-25(19-42(41)23-12-6-5-7-13-23)28(37)18-35-20-32(40)16-9-8-11-22(32)17-26(35)30(39)34-31(2,3)4/h5-7,10,12-15,22,25-26,28,36-37,40H,8-9,11,16-20H2,1-4H3,(H,33,38)(H,34,39)",YLEQLKPRGSRBPV-UHFFFAOYSA-N,CC1=C(C=CC=C1O)C(=O)NC(CS(C2=CC=CC=C2)=O)C(CN3CC4(CCCCC4CC3C(=O)NC(C)(C)C)O)O,,,C32H45N3O6S,599.30290716,3.3083000000000014,1,1,1,BTM00298,BTM00298,Hydroxylation of alicyclic tertiary carbon,BTMR1243,CYP1A2,HUMAN,BTM00020,CC1=C(C=CC=C1O)C(=O)NC(CS(C2=CC=CC=C2)=O)C(CN3CC4CCCCC4CC3C(=O)NC(C)(C)C)O,"InChI=1S/C32H45N3O5S/c1-21-25(15-10-16-28(21)36)30(38)33-26(20-41(40)24-13-6-5-7-14-24)29(37)19-35-18-23-12-9-8-11-22(23)17-27(35)31(39)34-32(2,3)4/h5-7,10,13-16,22-23,26-27,29,36-37H,8-9,11-12,17-20H2,1-4H3,(H,33,38)(H,34,39)",RSOLVRGGAAUFHC-UHFFFAOYSA-N,4.254500000000004,583.30799254
"InChI=1S/C32H45N3O6S/c1-21-24(14-10-15-27(21)36)29(38)33-25(20-42(41)23-12-6-5-7-13-23)28(37)19-35-18-22-11-8-9-16-32(22,40)17-26(35)30(39)34-31(2,3)4/h5-7,10,12-15,22,25-26,28,36-37,40H,8-9,11,16-20H2,1-4H3,(H,33,38)(H,34,39)",ZAEWGJNZVKIQQU-UHFFFAOYSA-N,CC1=C(C=CC=C1O)C(=O)NC(CS(C2=CC=CC=C2)=O)C(CN3CC4CCCCC4(CC3C(=O)NC(C)(C)C)O)O,,,C32H45N3O6S,599.30290716,2.920100000000001,1,1,1,BTM00299,BTM00299,Hydroxylation of alicyclic tertiary carbon,BTMR1243,CYP1A2,HUMAN,BTM00020,CC1=C(C=CC=C1O)C(=O)NC(CS(C2=CC=CC=C2)=O)C(CN3CC4CCCCC4CC3C(=O)NC(C)(C)C)O,"InChI=1S/C32H45N3O5S/c1-21-25(15-10-16-28(21)36)30(38)33-26(20-41(40)24-13-6-5-7-14-24)29(37)19-35-18-23-12-9-8-11-22(23)17-27(35)31(39)34-32(2,3)4/h5-7,10,13-16,22-23,26-27,29,36-37H,8-9,11-12,17-20H2,1-4H3,(H,33,38)(H,34,39)",RSOLVRGGAAUFHC-UHFFFAOYSA-N,4.254500000000004,583.30799254
"InChI=1S/C32H45N3O6S/c1-20-24(15-10-16-27(20)36)29(38)33-25(19-42(41)23-13-6-5-7-14-23)28(37)31(40)35-18-22-12-9-8-11-21(22)17-26(35)30(39)34-32(2,3)4/h5-7,10,13-16,21-22,25-26,28,31,36-37,40H,8-9,11-12,17-19H2,1-4H3,(H,33,38)(H,34,39)",NTMUZQVCQCTAFN-UHFFFAOYSA-N,CC1=C(C=CC=C1O)C(=O)NC(CS(C2=CC=CC=C2)=O)C(C(N3CC4CCCCC4CC3C(=O)NC(C)(C)C)O)O,,,C32H45N3O6S,599.30290716,3.9148000000000027,1,1,1,BTM00300,BTM00300,Aliphatic hydroxylation of carbon alpha to secondary or tertiary alkyl-N,BTMR1081,"CYP2B6
CYP2C19
CYP2D6",HUMAN,BTM00020,CC1=C(C=CC=C1O)C(=O)NC(CS(C2=CC=CC=C2)=O)C(CN3CC4CCCCC4CC3C(=O)NC(C)(C)C)O,"InChI=1S/C32H45N3O5S/c1-21-25(15-10-16-28(21)36)30(38)33-26(20-41(40)24-13-6-5-7-14-24)29(37)19-35-18-23-12-9-8-11-22(23)17-27(35)31(39)34-32(2,3)4/h5-7,10,13-16,22-23,26-27,29,36-37H,8-9,11-12,17-20H2,1-4H3,(H,33,38)(H,34,39)",RSOLVRGGAAUFHC-UHFFFAOYSA-N,4.254500000000004,583.30799254
"InChI=1S/C32H45N3O6S/c1-20-23(15-10-16-27(20)36)29(38)33-25(19-42(41)22-12-6-5-7-13-22)28(37)18-35-26(30(39)34-32(2,3)4)17-21-11-8-9-14-24(21)31(35)40/h5-7,10,12-13,15-16,21,24-26,28,31,36-37,40H,8-9,11,14,17-19H2,1-4H3,(H,33,38)(H,34,39)",FGWMOLGUVGUMEU-UHFFFAOYSA-N,CC1=C(C=CC=C1O)C(=O)NC(CS(C2=CC=CC=C2)=O)C(CN3C(C4CCCCC4CC3C(=O)NC(C)(C)C)O)O,,,C32H45N3O6S,599.30290716,3.7854000000000023,1,1,1,BTM00286,BTM00286,Aliphatic hydroxylation of carbon alpha to secondary or tertiary alkyl-N,BTMR1081,"CYP2B6
CYP2C19
CYP2D6",HUMAN,BTM00020,CC1=C(C=CC=C1O)C(=O)NC(CS(C2=CC=CC=C2)=O)C(CN3CC4CCCCC4CC3C(=O)NC(C)(C)C)O,"InChI=1S/C32H45N3O5S/c1-21-25(15-10-16-28(21)36)30(38)33-26(20-41(40)24-13-6-5-7-14-24)29(37)19-35-18-23-12-9-8-11-22(23)17-27(35)31(39)34-32(2,3)4/h5-7,10,13-16,22-23,26-27,29,36-37H,8-9,11-12,17-20H2,1-4H3,(H,33,38)(H,34,39)",RSOLVRGGAAUFHC-UHFFFAOYSA-N,4.254500000000004,583.30799254
"InChI=1S/C32H45N3O6S/c1-21-25(15-10-16-27(21)36)29(38)33-26(20-42(41)24-13-6-5-7-14-24)28(37)19-35-18-23-12-9-8-11-22(23)17-32(35,40)30(39)34-31(2,3)4/h5-7,10,13-16,22-23,26,28,36-37,40H,8-9,11-12,17-20H2,1-4H3,(H,33,38)(H,34,39)",DJYGQRVTCUANTH-UHFFFAOYSA-N,CC1=C(C=CC=C1O)C(=O)NC(CS(C2=CC=CC=C2)=O)C(CN3CC4CCCCC4CC3(C(=O)NC(C)(C)C)O)O,,,C32H45N3O6S,599.30290716,3.605800000000001,1,1,1,BTM00301,BTM00301,Aliphatic hydroxylation of carbon alpha to secondary or tertiary alkyl-N,BTMR1081,"CYP2B6
CYP2C19
CYP2D6",HUMAN,BTM00020,CC1=C(C=CC=C1O)C(=O)NC(CS(C2=CC=CC=C2)=O)C(CN3CC4CCCCC4CC3C(=O)NC(C)(C)C)O,"InChI=1S/C32H45N3O5S/c1-21-25(15-10-16-28(21)36)30(38)33-26(20-41(40)24-13-6-5-7-14-24)29(37)19-35-18-23-12-9-8-11-22(23)17-27(35)31(39)34-32(2,3)4/h5-7,10,13-16,22-23,26-27,29,36-37H,8-9,11-12,17-20H2,1-4H3,(H,33,38)(H,34,39)",RSOLVRGGAAUFHC-UHFFFAOYSA-N,4.254500000000004,583.30799254
"InChI=1S/C32H45N3O6S/c1-21-25(15-10-16-28(21)36)30(38)33-26(20-42(40,41)24-13-6-5-7-14-24)29(37)19-35-18-23-12-9-8-11-22(23)17-27(35)31(39)34-32(2,3)4/h5-7,10,13-16,22-23,26-27,29,36-37H,8-9,11-12,17-20H2,1-4H3,(H,33,38)(H,34,39)",CKCOHFQEUWGPMO-UHFFFAOYSA-N,CC1=C(C=CC=C1O)C(=O)NC(CS(C2=CC=CC=C2)(=O)=O)C(CN3CC4CCCCC4CC3C(=O)NC(C)(C)C)O,,,C32H45N3O6S,599.30290716,4.350500000000003,1,1,1,BTM00302,BTM00302,S-Oxidation of sulfoxide to sulfone,BTMR0060,"CYP2C9
CYP3A4",HUMAN,BTM00020,CC1=C(C=CC=C1O)C(=O)NC(CS(C2=CC=CC=C2)=O)C(CN3CC4CCCCC4CC3C(=O)NC(C)(C)C)O,"InChI=1S/C32H45N3O5S/c1-21-25(15-10-16-28(21)36)30(38)33-26(20-41(40)24-13-6-5-7-14-24)29(37)19-35-18-23-12-9-8-11-22(23)17-27(35)31(39)34-32(2,3)4/h5-7,10,13-16,22-23,26-27,29,36-37H,8-9,11-12,17-20H2,1-4H3,(H,33,38)(H,34,39)",RSOLVRGGAAUFHC-UHFFFAOYSA-N,4.254500000000004,583.30799254
"InChI=1S/C32H45N3O6S/c1-20-26(37)13-14-27(38)29(20)31(41)33-24(18-42-23-11-5-4-6-12-23)28(39)17-35-16-22-10-8-7-9-21(22)15-25(35)30(40)34-32(2,3)19-36/h4-6,11-14,21-22,24-25,28,36-39H,7-10,15-19H2,1-3H3,(H,33,41)(H,34,40)",LYSMOKGMNNDXMJ-UHFFFAOYSA-N,CC1=C(C(=CC=C1O)O)C(=O)NC(CSC2=CC=CC=C2)C(CN3CC4CCCCC4CC3C(=O)NC(C)(C)CO)O,,,C32H45N3O6S,599.30290716,4.210700000000003,3,2,2,BTM00178,BTM00178,p-Hydroxylation of phenol,BTMR1038,"CYP1A2
CYP2A6
CYP2B6
CYP2C8
CYP2C9
CYP2C19
CYP2D6
CYP2E1
CYP3A4",HUMAN,BTM00021,CC1=C(C=CC=C1O)C(=O)NC(CSC2=CC=CC=C2)C(CN3CC4CCCCC4CC3C(=O)NC(C)(C)CO)O,"InChI=1S/C32H45N3O5S/c1-21-25(14-9-15-28(21)37)30(39)33-26(19-41-24-12-5-4-6-13-24)29(38)18-35-17-23-11-8-7-10-22(23)16-27(35)31(40)34-32(2,3)20-36/h4-6,9,12-15,22-23,26-27,29,36-38H,7-8,10-11,16-20H2,1-3H3,(H,33,39)(H,34,40)",SLEPDNKZXLVSOH-UHFFFAOYSA-N,4.478100000000005,583.30799254
"InChI=1S/C32H45N3O6S/c1-32(2,20-37)34-31(41)27-15-21-9-6-7-10-22(21)16-35(27)17-29(39)26(19-42-23-11-4-3-5-12-23)33-30(40)24-13-8-14-28(38)25(24)18-36/h3-5,8,11-14,21-22,26-27,29,36-39H,6-7,9-10,15-20H2,1-2H3,(H,33,40)(H,34,41)",GYBLBJJRCYVVFZ-UHFFFAOYSA-N,C(C1=C(C=CC=C1O)C(=O)NC(CSC2=CC=CC=C2)C(CN3CC4CCCCC4CC3C(=O)NC(C)(C)CO)O)O,,,C32H45N3O6S,599.30290716,3.387400000000003,2,2,2,BTM00194,BTM00194,Aliphatic hydroxylation of methyl carbon adjacent to aromatic ring,BTMR1058,"CYP1A2
CYP2A6
CYP2B6
CYP2C8
CYP2C9
CYP2C19
CYP2D6
CYP2E1
CYP3A4",HUMAN,BTM00021,CC1=C(C=CC=C1O)C(=O)NC(CSC2=CC=CC=C2)C(CN3CC4CCCCC4CC3C(=O)NC(C)(C)CO)O,"InChI=1S/C32H45N3O5S/c1-21-25(14-9-15-28(21)37)30(39)33-26(19-41-24-12-5-4-6-13-24)29(38)18-35-17-23-11-8-7-10-22(23)16-27(35)31(40)34-32(2,3)20-36/h4-6,9,12-15,22-23,26-27,29,36-38H,7-8,10-11,16-20H2,1-3H3,(H,33,39)(H,34,40)",SLEPDNKZXLVSOH-UHFFFAOYSA-N,4.478100000000005,583.30799254
"InChI=1S/C32H45N3O6S/c1-20-23(12-8-13-27(20)37)30(40)33-25(18-42-22-10-5-4-6-11-22)29(39)17-35-16-24-21(9-7-14-28(24)38)15-26(35)31(41)34-32(2,3)19-36/h4-6,8,10-13,21,24-26,28-29,36-39H,7,9,14-19H2,1-3H3,(H,33,40)(H,34,41)",UNQVFRNGCBOZNI-UHFFFAOYSA-N,CC1=C(C=CC=C1O)C(=O)NC(CSC2=CC=CC=C2)C(CN3CC4C(CCCC4CC3C(=O)NC(C)(C)CO)O)O,,,C32H45N3O6S,599.30290716,3.2468000000000012,2,2,2,BTM00209,BTM00209,Hydroxylation of alicyclic secondary carbon,BTMR1068,"CYP1A2
CYP2C8
CYP2C9
CYP2C19
CYP2D6
CYP3A4",HUMAN,BTM00021,CC1=C(C=CC=C1O)C(=O)NC(CSC2=CC=CC=C2)C(CN3CC4CCCCC4CC3C(=O)NC(C)(C)CO)O,"InChI=1S/C32H45N3O5S/c1-21-25(14-9-15-28(21)37)30(39)33-26(19-41-24-12-5-4-6-13-24)29(38)18-35-17-23-11-8-7-10-22(23)16-27(35)31(40)34-32(2,3)20-36/h4-6,9,12-15,22-23,26-27,29,36-38H,7-8,10-11,16-20H2,1-3H3,(H,33,39)(H,34,40)",SLEPDNKZXLVSOH-UHFFFAOYSA-N,4.478100000000005,583.30799254
"InChI=1S/C32H45N3O6S/c1-20-25(10-7-11-28(20)38)30(40)33-26(18-42-24-8-5-4-6-9-24)29(39)17-35-16-22-14-23(37)13-12-21(22)15-27(35)31(41)34-32(2,3)19-36/h4-11,21-23,26-27,29,36-39H,12-19H2,1-3H3,(H,33,40)(H,34,41)",DAAYQMMZQYBKTE-UHFFFAOYSA-N,CC1=C(C=CC=C1O)C(=O)NC(CSC2=CC=CC=C2)C(CN3CC4CC(CCC4CC3C(=O)NC(C)(C)CO)O)O,,,C32H45N3O6S,599.30290716,3.241200000000001,2,2,2,BTM00223,BTM00223,Hydroxylation of alicyclic secondary carbon,BTMR1068,"CYP1A2
CYP2C8
CYP2C9
CYP2C19
CYP2D6
CYP3A4",HUMAN,BTM00021,CC1=C(C=CC=C1O)C(=O)NC(CSC2=CC=CC=C2)C(CN3CC4CCCCC4CC3C(=O)NC(C)(C)CO)O,"InChI=1S/C32H45N3O5S/c1-21-25(14-9-15-28(21)37)30(39)33-26(19-41-24-12-5-4-6-13-24)29(38)18-35-17-23-11-8-7-10-22(23)16-27(35)31(40)34-32(2,3)20-36/h4-6,9,12-15,22-23,26-27,29,36-38H,7-8,10-11,16-20H2,1-3H3,(H,33,39)(H,34,40)",SLEPDNKZXLVSOH-UHFFFAOYSA-N,4.478100000000005,583.30799254
"InChI=1S/C32H45N3O6S/c1-20-25(10-7-11-28(20)38)30(40)33-26(18-42-24-8-5-4-6-9-24)29(39)17-35-16-21-12-13-23(37)14-22(21)15-27(35)31(41)34-32(2,3)19-36/h4-11,21-23,26-27,29,36-39H,12-19H2,1-3H3,(H,33,40)(H,34,41)",NUJLHFSVPWWCCL-UHFFFAOYSA-N,CC1=C(C=CC=C1O)C(=O)NC(CSC2=CC=CC=C2)C(CN3CC4CCC(CC4CC3C(=O)NC(C)(C)CO)O)O,,,C32H45N3O6S,599.30290716,3.241200000000001,2,2,2,BTM00236,BTM00236,Hydroxylation of alicyclic secondary carbon,BTMR1068,"CYP1A2
CYP2C8
CYP2C9
CYP2C19
CYP2D6
CYP3A4",HUMAN,BTM00021,CC1=C(C=CC=C1O)C(=O)NC(CSC2=CC=CC=C2)C(CN3CC4CCCCC4CC3C(=O)NC(C)(C)CO)O,"InChI=1S/C32H45N3O5S/c1-21-25(14-9-15-28(21)37)30(39)33-26(19-41-24-12-5-4-6-13-24)29(38)18-35-17-23-11-8-7-10-22(23)16-27(35)31(40)34-32(2,3)20-36/h4-6,9,12-15,22-23,26-27,29,36-38H,7-8,10-11,16-20H2,1-3H3,(H,33,39)(H,34,40)",SLEPDNKZXLVSOH-UHFFFAOYSA-N,4.478100000000005,583.30799254
"InChI=1S/C32H45N3O6S/c1-20-23(12-8-13-27(20)37)30(40)33-25(18-42-22-10-5-4-6-11-22)29(39)17-35-16-21-9-7-14-28(38)24(21)15-26(35)31(41)34-32(2,3)19-36/h4-6,8,10-13,21,24-26,28-29,36-39H,7,9,14-19H2,1-3H3,(H,33,40)(H,34,41)",BXARFAYJWYWLRU-UHFFFAOYSA-N,CC1=C(C=CC=C1O)C(=O)NC(CSC2=CC=CC=C2)C(CN3CC4CCCC(C4CC3C(=O)NC(C)(C)CO)O)O,,,C32H45N3O6S,599.30290716,3.3087000000000018,2,2,2,BTM00248,BTM00248,Hydroxylation of alicyclic secondary carbon,BTMR1068,"CYP1A2
CYP2C8
CYP2C9
CYP2C19
CYP2D6
CYP3A4",HUMAN,BTM00021,CC1=C(C=CC=C1O)C(=O)NC(CSC2=CC=CC=C2)C(CN3CC4CCCCC4CC3C(=O)NC(C)(C)CO)O,"InChI=1S/C32H45N3O5S/c1-21-25(14-9-15-28(21)37)30(39)33-26(19-41-24-12-5-4-6-13-24)29(38)18-35-17-23-11-8-7-10-22(23)16-27(35)31(40)34-32(2,3)20-36/h4-6,9,12-15,22-23,26-27,29,36-38H,7-8,10-11,16-20H2,1-3H3,(H,33,39)(H,34,40)",SLEPDNKZXLVSOH-UHFFFAOYSA-N,4.478100000000005,583.30799254
"InChI=1S/C32H45N3O6S/c1-21-25(14-9-15-28(21)37)30(39)33-26(19-42-24-12-5-4-6-13-24)29(38)18-35(41)17-23-11-8-7-10-22(23)16-27(35)31(40)34-32(2,3)20-36/h4-6,9,12-15,22-23,26-27,29,36-38H,7-8,10-11,16-20H2,1-3H3,(H,33,39)(H,34,40)",YHAFUBSGJUOUIQ-UHFFFAOYSA-N,CC1=C(C=CC=C1O)C(=O)NC(CSC2=CC=CC=C2)C(C[N+]3(CC4CCCCC4CC3C(=O)NC(C)(C)CO)[O-])O,,,C32H45N3O6S,599.30290716,4.073000000000004,2,2,2,BTM00258,BTM00258,N-Oxidation of alicyclic tertiary amine,BTMR1099,"CYP1A2
CYP2C8
CYP2C19
CYP2D6
CYP3A4",HUMAN,BTM00021,CC1=C(C=CC=C1O)C(=O)NC(CSC2=CC=CC=C2)C(CN3CC4CCCCC4CC3C(=O)NC(C)(C)CO)O,"InChI=1S/C32H45N3O5S/c1-21-25(14-9-15-28(21)37)30(39)33-26(19-41-24-12-5-4-6-13-24)29(38)18-35-17-23-11-8-7-10-22(23)16-27(35)31(40)34-32(2,3)20-36/h4-6,9,12-15,22-23,26-27,29,36-38H,7-8,10-11,16-20H2,1-3H3,(H,33,39)(H,34,40)",SLEPDNKZXLVSOH-UHFFFAOYSA-N,4.478100000000005,583.30799254
"InChI=1S/C18H19NO4S/c1-12-14(8-5-9-16(12)21)18(23)19-15(17(22)10-20)11-24-13-6-3-2-4-7-13/h2-10,15,17,21-22H,11H2,1H3,(H,19,23)",FQXWQOQASHJKCY-UHFFFAOYSA-N,CC1=C(C=CC=C1O)C(=O)NC(CSC2=CC=CC=C2)C(C=O)O,,,C18H19NO4S,345.10347908800003,2.6822,0,1,1,BTM00014,BTM00014,N-Dealkylation of alicyclic tertiary amine,BTMR1144,"CYP1A2
CYP2A6
CYP2B6
CYP2C8
CYP2C9
CYP2C19
CYP2D6
CYP3A4",HUMAN,BTM00021,CC1=C(C=CC=C1O)C(=O)NC(CSC2=CC=CC=C2)C(CN3CC4CCCCC4CC3C(=O)NC(C)(C)CO)O,"InChI=1S/C32H45N3O5S/c1-21-25(14-9-15-28(21)37)30(39)33-26(19-41-24-12-5-4-6-13-24)29(38)18-35-17-23-11-8-7-10-22(23)16-27(35)31(40)34-32(2,3)20-36/h4-6,9,12-15,22-23,26-27,29,36-38H,7-8,10-11,16-20H2,1-3H3,(H,33,39)(H,34,40)",SLEPDNKZXLVSOH-UHFFFAOYSA-N,4.478100000000005,583.30799254
"InChI=1S/C14H26N2O2/c1-14(2,9-17)16-13(18)12-7-10-5-3-4-6-11(10)8-15-12/h10-12,15,17H,3-9H2,1-2H3,(H,16,18)",DNCQVDWVNKMOOB-UHFFFAOYSA-N,N1CC2CCCCC2CC1C(=O)NC(C)(C)CO,,,C14H26N2O2,254.199428072,1.1583,0,1,1,BTM00266,BTM00266,N-Dealkylation of alicyclic tertiary amine,BTMR1144,"CYP1A2
CYP2A6
CYP2B6
CYP2C8
CYP2C9
CYP2C19
CYP2D6
CYP3A4",HUMAN,BTM00021,CC1=C(C=CC=C1O)C(=O)NC(CSC2=CC=CC=C2)C(CN3CC4CCCCC4CC3C(=O)NC(C)(C)CO)O,"InChI=1S/C32H45N3O5S/c1-21-25(14-9-15-28(21)37)30(39)33-26(19-41-24-12-5-4-6-13-24)29(38)18-35-17-23-11-8-7-10-22(23)16-27(35)31(40)34-32(2,3)20-36/h4-6,9,12-15,22-23,26-27,29,36-38H,7-8,10-11,16-20H2,1-3H3,(H,33,39)(H,34,40)",SLEPDNKZXLVSOH-UHFFFAOYSA-N,4.478100000000005,583.30799254
"InChI=1S/C32H45N3O6S/c1-20-25(14-23(37)15-28(20)38)30(40)33-26(18-42-24-11-5-4-6-12-24)29(39)17-35-16-22-10-8-7-9-21(22)13-27(35)31(41)34-32(2,3)19-36/h4-6,11-12,14-15,21-22,26-27,29,36-39H,7-10,13,16-19H2,1-3H3,(H,33,40)(H,34,41)",RYDOOKPKNIISKV-UHFFFAOYSA-N,CC1=C(C=C(C=C1O)O)C(=O)NC(CSC2=CC=CC=C2)C(CN3CC4CCCCC4CC3C(=O)NC(C)(C)CO)O,,,C32H45N3O6S,599.30290716,4.210700000000003,2,2,2,BTM00272,BTM00272,Hydroxylation of benzene on carbon para to electron donating group,BTMR1047,"CYP1A2
CYP2C8
CYP2C9
CYP2D6
CYP3A4",HUMAN,BTM00021,CC1=C(C=CC=C1O)C(=O)NC(CSC2=CC=CC=C2)C(CN3CC4CCCCC4CC3C(=O)NC(C)(C)CO)O,"InChI=1S/C32H45N3O5S/c1-21-25(14-9-15-28(21)37)30(39)33-26(19-41-24-12-5-4-6-13-24)29(38)18-35-17-23-11-8-7-10-22(23)16-27(35)31(40)34-32(2,3)20-36/h4-6,9,12-15,22-23,26-27,29,36-38H,7-8,10-11,16-20H2,1-3H3,(H,33,39)(H,34,40)",SLEPDNKZXLVSOH-UHFFFAOYSA-N,4.478100000000005,583.30799254
"InChI=1S/C32H45N3O6S/c1-20-24(13-14-27(37)29(20)39)30(40)33-25(18-42-23-11-5-4-6-12-23)28(38)17-35-16-22-10-8-7-9-21(22)15-26(35)31(41)34-32(2,3)19-36/h4-6,11-14,21-22,25-26,28,36-39H,7-10,15-19H2,1-3H3,(H,33,40)(H,34,41)",BUHLEYKIXAMORF-UHFFFAOYSA-N,CC1=C(C=CC(=C1O)O)C(=O)NC(CSC2=CC=CC=C2)C(CN3CC4CCCCC4CC3C(=O)NC(C)(C)CO)O,,,C32H45N3O6S,599.30290716,4.210700000000003,2,2,2,BTM00280,BTM00280,Hydroxylation of benzene on carbon para to electron donating group,BTMR1047,"CYP1A2
CYP2C8
CYP2C9
CYP2D6
CYP3A4",HUMAN,BTM00021,CC1=C(C=CC=C1O)C(=O)NC(CSC2=CC=CC=C2)C(CN3CC4CCCCC4CC3C(=O)NC(C)(C)CO)O,"InChI=1S/C32H45N3O5S/c1-21-25(14-9-15-28(21)37)30(39)33-26(19-41-24-12-5-4-6-13-24)29(38)18-35-17-23-11-8-7-10-22(23)16-27(35)31(40)34-32(2,3)20-36/h4-6,9,12-15,22-23,26-27,29,36-38H,7-8,10-11,16-20H2,1-3H3,(H,33,39)(H,34,40)",SLEPDNKZXLVSOH-UHFFFAOYSA-N,4.478100000000005,583.30799254
"InChI=1S/C32H45N3O6S/c1-20-23(14-9-15-27(20)37)29(39)33-25(18-42-22-11-5-4-6-12-22)28(38)17-35-26(30(40)34-32(2,3)19-36)16-21-10-7-8-13-24(21)31(35)41/h4-6,9,11-12,14-15,21,24-26,28,31,36-38,41H,7-8,10,13,16-19H2,1-3H3,(H,33,39)(H,34,40)",PXQQNOLXAHANAB-UHFFFAOYSA-N,CC1=C(C=CC=C1O)C(=O)NC(CSC2=CC=CC=C2)C(CN3C(C4CCCCC4CC3C(=O)NC(C)(C)CO)O)O,,,C32H45N3O6S,599.30290716,4.009000000000006,2,2,2,BTM00287,BTM00287,Hydroxylation of heteroalicyclic secondary carbon,BTMR1070,"CYP1A2
CYP2A6
CYP2C9
CYP2D6
CYP3A4",HUMAN,BTM00021,CC1=C(C=CC=C1O)C(=O)NC(CSC2=CC=CC=C2)C(CN3CC4CCCCC4CC3C(=O)NC(C)(C)CO)O,"InChI=1S/C32H45N3O5S/c1-21-25(14-9-15-28(21)37)30(39)33-26(19-41-24-12-5-4-6-13-24)29(38)18-35-17-23-11-8-7-10-22(23)16-27(35)31(40)34-32(2,3)20-36/h4-6,9,12-15,22-23,26-27,29,36-38H,7-8,10-11,16-20H2,1-3H3,(H,33,39)(H,34,40)",SLEPDNKZXLVSOH-UHFFFAOYSA-N,4.478100000000005,583.30799254
"InChI=1S/C32H45N3O6S/c1-20-23(14-9-15-26(20)37)30(40)33-25(18-42-22-11-5-4-6-12-22)27(38)17-35-16-21-10-7-8-13-24(21)29(39)28(35)31(41)34-32(2,3)19-36/h4-6,9,11-12,14-15,21,24-25,27-29,36-39H,7-8,10,13,16-19H2,1-3H3,(H,33,40)(H,34,41)",GWBMQUURWKYETQ-UHFFFAOYSA-N,CC1=C(C=CC=C1O)C(=O)NC(CSC2=CC=CC=C2)C(CN3CC4CCCCC4C(C3C(=O)NC(C)(C)CO)O)O,,,C32H45N3O6S,599.30290716,3.5787000000000013,2,2,2,BTM00292,BTM00292,Hydroxylation of heteroalicyclic secondary carbon,BTMR1071,CYP1A2,HUMAN,BTM00021,CC1=C(C=CC=C1O)C(=O)NC(CSC2=CC=CC=C2)C(CN3CC4CCCCC4CC3C(=O)NC(C)(C)CO)O,"InChI=1S/C32H45N3O5S/c1-21-25(14-9-15-28(21)37)30(39)33-26(19-41-24-12-5-4-6-13-24)29(38)18-35-17-23-11-8-7-10-22(23)16-27(35)31(40)34-32(2,3)20-36/h4-6,9,12-15,22-23,26-27,29,36-38H,7-8,10-11,16-20H2,1-3H3,(H,33,39)(H,34,40)",SLEPDNKZXLVSOH-UHFFFAOYSA-N,4.478100000000005,583.30799254
"InChI=1S/C32H43N3O5S/c1-21-25(14-9-15-28(21)37)30(39)33-26(19-41-24-12-5-4-6-13-24)29(38)18-35-17-23-11-8-7-10-22(23)16-27(35)31(40)34-32(2,3)20-36/h4-6,9,12-15,20,22-23,26-27,29,37-38H,7-8,10-11,16-19H2,1-3H3,(H,33,39)(H,34,40)",HNHNGVJBRBGNLB-UHFFFAOYSA-N,CC1=C(C=CC=C1O)C(=O)NC(CSC2=CC=CC=C2)C(CN3CC4CCCCC4CC3C(=O)NC(C)(C)C=O)O,,,C32H43N3O5S,581.2923424759999,4.7344000000000035,2,2,2,BTM00303,BTM00303,Oxidation of primary alcohol to aldehyde,BTMR0105,"CYP1A2
CYP2E1
CYP3A4",HUMAN,BTM00021,CC1=C(C=CC=C1O)C(=O)NC(CSC2=CC=CC=C2)C(CN3CC4CCCCC4CC3C(=O)NC(C)(C)CO)O,"InChI=1S/C32H45N3O5S/c1-21-25(14-9-15-28(21)37)30(39)33-26(19-41-24-12-5-4-6-13-24)29(38)18-35-17-23-11-8-7-10-22(23)16-27(35)31(40)34-32(2,3)20-36/h4-6,9,12-15,22-23,26-27,29,36-38H,7-8,10-11,16-20H2,1-3H3,(H,33,39)(H,34,40)",SLEPDNKZXLVSOH-UHFFFAOYSA-N,4.478100000000005,583.30799254
"InChI=1S/C32H45N3O6S/c1-21-25(14-9-15-28(21)37)30(39)33-26(19-42(41)24-12-5-4-6-13-24)29(38)18-35-17-23-11-8-7-10-22(23)16-27(35)31(40)34-32(2,3)20-36/h4-6,9,12-15,22-23,26-27,29,36-38H,7-8,10-11,16-20H2,1-3H3,(H,33,39)(H,34,40)",YJRFEQMOEKVBHC-UHFFFAOYSA-N,CC1=C(C=CC=C1O)C(=O)NC(CS(C2=CC=CC=C2)=O)C(CN3CC4CCCCC4CC3C(=O)NC(C)(C)CO)O,,,C32H45N3O6S,599.30290716,3.3663000000000047,1,2,2,BTM00297,BTM00297,S-Oxidation of alkylarylthioether to sulfoxide,BTMR0058,"CYP1A2
CYP2A6
CYP2B6
CYP2C9
CYP2D6
CYP2E1
CYP3A4",HUMAN,BTM00021,CC1=C(C=CC=C1O)C(=O)NC(CSC2=CC=CC=C2)C(CN3CC4CCCCC4CC3C(=O)NC(C)(C)CO)O,"InChI=1S/C32H45N3O5S/c1-21-25(14-9-15-28(21)37)30(39)33-26(19-41-24-12-5-4-6-13-24)29(38)18-35-17-23-11-8-7-10-22(23)16-27(35)31(40)34-32(2,3)20-36/h4-6,9,12-15,22-23,26-27,29,36-38H,7-8,10-11,16-20H2,1-3H3,(H,33,39)(H,34,40)",SLEPDNKZXLVSOH-UHFFFAOYSA-N,4.478100000000005,583.30799254
"InChI=1S/C32H45N3O6S/c1-21-25(13-8-14-28(21)38)30(40)33-26(18-42-24-11-4-3-5-12-24)29(39)17-35-16-23-10-7-6-9-22(23)15-27(35)31(41)34-32(2,19-36)20-37/h3-5,8,11-14,22-23,26-27,29,36-39H,6-7,9-10,15-20H2,1-2H3,(H,33,40)(H,34,41)",UIPTXFNHHJZWPH-UHFFFAOYSA-N,CC1=C(C=CC=C1O)C(=O)NC(CSC2=CC=CC=C2)C(CN3CC4CCCCC4CC3C(=O)NC(C)(CO)CO)O,,,C32H45N3O6S,599.30290716,3.5899000000000063,2,2,2,BTM00304,BTM00304,Hydroxylation of terminal methyl,BTMR1061,"CYP1A2
CYP2A6
CYP2B6
CYP2C8
CYP2C9
CYP2C19
CYP2D6
CYP2E1
CYP3A4",HUMAN,BTM00021,CC1=C(C=CC=C1O)C(=O)NC(CSC2=CC=CC=C2)C(CN3CC4CCCCC4CC3C(=O)NC(C)(C)CO)O,"InChI=1S/C32H45N3O5S/c1-21-25(14-9-15-28(21)37)30(39)33-26(19-41-24-12-5-4-6-13-24)29(38)18-35-17-23-11-8-7-10-22(23)16-27(35)31(40)34-32(2,3)20-36/h4-6,9,12-15,22-23,26-27,29,36-38H,7-8,10-11,16-20H2,1-3H3,(H,33,39)(H,34,40)",SLEPDNKZXLVSOH-UHFFFAOYSA-N,4.478100000000005,583.30799254
"InChI=1S/C32H45N3O6S/c1-21-24(13-9-14-27(21)37)29(39)33-25(18-42-23-11-5-4-6-12-23)28(38)17-35-19-32(41)15-8-7-10-22(32)16-26(35)30(40)34-31(2,3)20-36/h4-6,9,11-14,22,25-26,28,36-38,41H,7-8,10,15-20H2,1-3H3,(H,33,39)(H,34,40)",UXEAVVUGJUAUNP-UHFFFAOYSA-N,CC1=C(C=CC=C1O)C(=O)NC(CSC2=CC=CC=C2)C(CN3CC4(CCCCC4CC3C(=O)NC(C)(C)CO)O)O,,,C32H45N3O6S,599.30290716,3.5319000000000003,2,2,2,BTM00305,BTM00305,Hydroxylation of alicyclic tertiary carbon,BTMR1243,CYP1A2,HUMAN,BTM00021,CC1=C(C=CC=C1O)C(=O)NC(CSC2=CC=CC=C2)C(CN3CC4CCCCC4CC3C(=O)NC(C)(C)CO)O,"InChI=1S/C32H45N3O5S/c1-21-25(14-9-15-28(21)37)30(39)33-26(19-41-24-12-5-4-6-13-24)29(38)18-35-17-23-11-8-7-10-22(23)16-27(35)31(40)34-32(2,3)20-36/h4-6,9,12-15,22-23,26-27,29,36-38H,7-8,10-11,16-20H2,1-3H3,(H,33,39)(H,34,40)",SLEPDNKZXLVSOH-UHFFFAOYSA-N,4.478100000000005,583.30799254
"InChI=1S/C32H45N3O6S/c1-21-24(13-9-14-27(21)37)29(39)33-25(19-42-23-11-5-4-6-12-23)28(38)18-35-17-22-10-7-8-15-32(22,41)16-26(35)30(40)34-31(2,3)20-36/h4-6,9,11-14,22,25-26,28,36-38,41H,7-8,10,15-20H2,1-3H3,(H,33,39)(H,34,40)",RWUUWVBZEWBHDV-UHFFFAOYSA-N,CC1=C(C=CC=C1O)C(=O)NC(CSC2=CC=CC=C2)C(CN3CC4CCCCC4(CC3C(=O)NC(C)(C)CO)O)O,,,C32H45N3O6S,599.30290716,3.143700000000001,2,2,2,BTM00306,BTM00306,Hydroxylation of alicyclic tertiary carbon,BTMR1243,CYP1A2,HUMAN,BTM00021,CC1=C(C=CC=C1O)C(=O)NC(CSC2=CC=CC=C2)C(CN3CC4CCCCC4CC3C(=O)NC(C)(C)CO)O,"InChI=1S/C32H45N3O5S/c1-21-25(14-9-15-28(21)37)30(39)33-26(19-41-24-12-5-4-6-13-24)29(38)18-35-17-23-11-8-7-10-22(23)16-27(35)31(40)34-32(2,3)20-36/h4-6,9,12-15,22-23,26-27,29,36-38H,7-8,10-11,16-20H2,1-3H3,(H,33,39)(H,34,40)",SLEPDNKZXLVSOH-UHFFFAOYSA-N,4.478100000000005,583.30799254
"InChI=1S/C32H45N3O6S/c1-20-24(14-9-15-27(20)37)29(39)33-25(18-42-23-12-5-4-6-13-23)28(38)31(41)35-17-22-11-8-7-10-21(22)16-26(35)30(40)34-32(2,3)19-36/h4-6,9,12-15,21-22,25-26,28,31,36-38,41H,7-8,10-11,16-19H2,1-3H3,(H,33,39)(H,34,40)",YJBOCGNRLPASBB-UHFFFAOYSA-N,CC1=C(C=CC=C1O)C(=O)NC(CSC2=CC=CC=C2)C(C(N3CC4CCCCC4CC3C(=O)NC(C)(C)CO)O)O,,,C32H45N3O6S,599.30290716,4.138400000000005,2,2,2,BTM00307,BTM00307,Aliphatic hydroxylation of carbon alpha to secondary or tertiary alkyl-N,BTMR1081,"CYP2B6
CYP2C19
CYP2D6",HUMAN,BTM00021,CC1=C(C=CC=C1O)C(=O)NC(CSC2=CC=CC=C2)C(CN3CC4CCCCC4CC3C(=O)NC(C)(C)CO)O,"InChI=1S/C32H45N3O5S/c1-21-25(14-9-15-28(21)37)30(39)33-26(19-41-24-12-5-4-6-13-24)29(38)18-35-17-23-11-8-7-10-22(23)16-27(35)31(40)34-32(2,3)20-36/h4-6,9,12-15,22-23,26-27,29,36-38H,7-8,10-11,16-20H2,1-3H3,(H,33,39)(H,34,40)",SLEPDNKZXLVSOH-UHFFFAOYSA-N,4.478100000000005,583.30799254
"InChI=1S/C32H45N3O6S/c1-20-23(14-9-15-27(20)37)29(39)33-25(18-42-22-11-5-4-6-12-22)28(38)17-35-26(30(40)34-32(2,3)19-36)16-21-10-7-8-13-24(21)31(35)41/h4-6,9,11-12,14-15,21,24-26,28,31,36-38,41H,7-8,10,13,16-19H2,1-3H3,(H,33,39)(H,34,40)",PXQQNOLXAHANAB-UHFFFAOYSA-N,CC1=C(C=CC=C1O)C(=O)NC(CSC2=CC=CC=C2)C(CN3C(C4CCCCC4CC3C(=O)NC(C)(C)CO)O)O,,,C32H45N3O6S,599.30290716,4.009000000000006,2,2,2,BTM00287,BTM00287,Aliphatic hydroxylation of carbon alpha to secondary or tertiary alkyl-N,BTMR1081,"CYP2B6
CYP2C19
CYP2D6",HUMAN,BTM00021,CC1=C(C=CC=C1O)C(=O)NC(CSC2=CC=CC=C2)C(CN3CC4CCCCC4CC3C(=O)NC(C)(C)CO)O,"InChI=1S/C32H45N3O5S/c1-21-25(14-9-15-28(21)37)30(39)33-26(19-41-24-12-5-4-6-13-24)29(38)18-35-17-23-11-8-7-10-22(23)16-27(35)31(40)34-32(2,3)20-36/h4-6,9,12-15,22-23,26-27,29,36-38H,7-8,10-11,16-20H2,1-3H3,(H,33,39)(H,34,40)",SLEPDNKZXLVSOH-UHFFFAOYSA-N,4.478100000000005,583.30799254
"InChI=1S/C32H45N3O6S/c1-21-25(14-9-15-27(21)37)29(39)33-26(19-42-24-12-5-4-6-13-24)28(38)18-35-17-23-11-8-7-10-22(23)16-32(35,41)30(40)34-31(2,3)20-36/h4-6,9,12-15,22-23,26,28,36-38,41H,7-8,10-11,16-20H2,1-3H3,(H,33,39)(H,34,40)",SFFRHNCHEGNXNE-UHFFFAOYSA-N,CC1=C(C=CC=C1O)C(=O)NC(CSC2=CC=CC=C2)C(CN3CC4CCCCC4CC3(C(=O)NC(C)(C)CO)O)O,,,C32H45N3O6S,599.30290716,3.8294000000000024,2,2,2,BTM00308,BTM00308,Aliphatic hydroxylation of carbon alpha to secondary or tertiary alkyl-N,BTMR1081,"CYP2B6
CYP2C19
CYP2D6",HUMAN,BTM00021,CC1=C(C=CC=C1O)C(=O)NC(CSC2=CC=CC=C2)C(CN3CC4CCCCC4CC3C(=O)NC(C)(C)CO)O,"InChI=1S/C32H45N3O5S/c1-21-25(14-9-15-28(21)37)30(39)33-26(19-41-24-12-5-4-6-13-24)29(38)18-35-17-23-11-8-7-10-22(23)16-27(35)31(40)34-32(2,3)20-36/h4-6,9,12-15,22-23,26-27,29,36-38H,7-8,10-11,16-20H2,1-3H3,(H,33,39)(H,34,40)",SLEPDNKZXLVSOH-UHFFFAOYSA-N,4.478100000000005,583.30799254
"InChI=1S/C32H43N3O5S/c1-21-24(14-10-15-27(21)36)29(38)33-25(19-41-23-12-6-5-7-13-23)28(37)18-35-20-32(40)16-9-8-11-22(32)17-26(35)30(39)34-31(2,3)4/h5-7,10,12-15,22,25-26,36,40H,8-9,11,16-20H2,1-4H3,(H,33,38)(H,34,39)",RICZEAHSFXLTSP-UHFFFAOYSA-N,CC1=C(C=CC=C1O)C(=O)NC(CSC2=CC=CC=C2)C(CN3CC4(CCCCC4CC3C(=O)NC(C)(C)C)O)=O,,,C32H43N3O5S,581.292342476,4.666999999999998,1,1,1,BTM00164,BTM00164,Oxidation of secondary alcohol to ketone,BTMR0079,"CYP1A2
CYP2C9
CYP2C19",HUMAN,BTM00022,CC1=C(C=CC=C1O)C(=O)NC(CSC2=CC=CC=C2)C(CN3CC4(CCCCC4CC3C(=O)NC(C)(C)C)O)O,"InChI=1S/C32H45N3O5S/c1-21-24(14-10-15-27(21)36)29(38)33-25(19-41-23-12-6-5-7-13-23)28(37)18-35-20-32(40)16-9-8-11-22(32)17-26(35)30(39)34-31(2,3)4/h5-7,10,12-15,22,25-26,28,36-37,40H,8-9,11,16-20H2,1-4H3,(H,33,38)(H,34,39)",PPDMKWQJMXIQAV-UHFFFAOYSA-N,4.4201000000000015,583.30799254
"InChI=1S/C32H45N3O6S/c1-20-25(36)13-14-26(37)28(20)30(40)33-23(18-42-22-11-6-5-7-12-22)27(38)17-35-19-32(41)15-9-8-10-21(32)16-24(35)29(39)34-31(2,3)4/h5-7,11-14,21,23-24,27,36-38,41H,8-10,15-19H2,1-4H3,(H,33,40)(H,34,39)",ALNOFXNPJPGOTP-UHFFFAOYSA-N,CC1=C(C(=CC=C1O)O)C(=O)NC(CSC2=CC=CC=C2)C(CN3CC4(CCCCC4CC3C(=O)NC(C)(C)C)O)O,,,C32H45N3O6S,599.30290716,4.152699999999999,3,1,1,BTM00179,BTM00179,p-Hydroxylation of phenol,BTMR1038,"CYP1A2
CYP2A6
CYP2B6
CYP2C8
CYP2C9
CYP2C19
CYP2D6
CYP2E1
CYP3A4",HUMAN,BTM00022,CC1=C(C=CC=C1O)C(=O)NC(CSC2=CC=CC=C2)C(CN3CC4(CCCCC4CC3C(=O)NC(C)(C)C)O)O,"InChI=1S/C32H45N3O5S/c1-21-24(14-10-15-27(21)36)29(38)33-25(19-41-23-12-6-5-7-13-23)28(37)18-35-20-32(40)16-9-8-11-22(32)17-26(35)30(39)34-31(2,3)4/h5-7,10,12-15,22,25-26,28,36-37,40H,8-9,11,16-20H2,1-4H3,(H,33,38)(H,34,39)",PPDMKWQJMXIQAV-UHFFFAOYSA-N,4.4201000000000015,583.30799254
"InChI=1S/C32H45N3O6S/c1-31(2,3)34-30(40)26-16-21-10-7-8-15-32(21,41)20-35(26)17-28(38)25(19-42-22-11-5-4-6-12-22)33-29(39)23-13-9-14-27(37)24(23)18-36/h4-6,9,11-14,21,25-26,28,36-38,41H,7-8,10,15-20H2,1-3H3,(H,33,39)(H,34,40)",SHUGJNNCXWNNCC-UHFFFAOYSA-N,C(C1=C(C=CC=C1O)C(=O)NC(CSC2=CC=CC=C2)C(CN3CC4(CCCCC4CC3C(=O)NC(C)(C)C)O)O)O,,,C32H45N3O6S,599.30290716,3.3294000000000015,2,2,2,BTM00195,BTM00195,Aliphatic hydroxylation of methyl carbon adjacent to aromatic ring,BTMR1058,"CYP1A2
CYP2A6
CYP2B6
CYP2C8
CYP2C9
CYP2C19
CYP2D6
CYP2E1
CYP3A4",HUMAN,BTM00022,CC1=C(C=CC=C1O)C(=O)NC(CSC2=CC=CC=C2)C(CN3CC4(CCCCC4CC3C(=O)NC(C)(C)C)O)O,"InChI=1S/C32H45N3O5S/c1-21-24(14-10-15-27(21)36)29(38)33-25(19-41-23-12-6-5-7-13-23)28(37)18-35-20-32(40)16-9-8-11-22(32)17-26(35)30(39)34-31(2,3)4/h5-7,10,12-15,22,25-26,28,36-37,40H,8-9,11,16-20H2,1-4H3,(H,33,38)(H,34,39)",PPDMKWQJMXIQAV-UHFFFAOYSA-N,4.4201000000000015,583.30799254
"InChI=1S/C32H45N3O6S/c1-20-23(13-9-14-26(20)36)29(39)33-24(18-42-22-11-6-5-7-12-22)27(37)17-35-19-32(41)21(10-8-15-28(32)38)16-25(35)30(40)34-31(2,3)4/h5-7,9,11-14,21,24-25,27-28,36-38,41H,8,10,15-19H2,1-4H3,(H,33,39)(H,34,40)",VTGZIDXYFFOCBD-UHFFFAOYSA-N,CC1=C(C=CC=C1O)C(=O)NC(CSC2=CC=CC=C2)C(CN3CC4(C(CCCC4CC3C(=O)NC(C)(C)C)O)O)O,,,C32H45N3O6S,599.30290716,3.453199999999997,2,1,1,BTM00210,BTM00210,Hydroxylation of alicyclic secondary carbon,BTMR1068,"CYP1A2
CYP2C8
CYP2C9
CYP2C19
CYP2D6
CYP3A4",HUMAN,BTM00022,CC1=C(C=CC=C1O)C(=O)NC(CSC2=CC=CC=C2)C(CN3CC4(CCCCC4CC3C(=O)NC(C)(C)C)O)O,"InChI=1S/C32H45N3O5S/c1-21-24(14-10-15-27(21)36)29(38)33-25(19-41-23-12-6-5-7-13-23)28(37)18-35-20-32(40)16-9-8-11-22(32)17-26(35)30(39)34-31(2,3)4/h5-7,10,12-15,22,25-26,28,36-37,40H,8-9,11,16-20H2,1-4H3,(H,33,38)(H,34,39)",PPDMKWQJMXIQAV-UHFFFAOYSA-N,4.4201000000000015,583.30799254
"InChI=1S/C32H45N3O6S/c1-20-24(11-8-12-27(20)37)29(39)33-25(18-42-23-9-6-5-7-10-23)28(38)17-35-19-32(41)16-22(36)14-13-21(32)15-26(35)30(40)34-31(2,3)4/h5-12,21-22,25-26,28,36-38,41H,13-19H2,1-4H3,(H,33,39)(H,34,40)",QTLMDIMWIJCCRV-UHFFFAOYSA-N,CC1=C(C=CC=C1O)C(=O)NC(CSC2=CC=CC=C2)C(CN3CC4(CC(CCC4CC3C(=O)NC(C)(C)C)O)O)O,,,C32H45N3O6S,599.30290716,3.0593999999999975,2,1,1,BTM00224,BTM00224,Hydroxylation of alicyclic secondary carbon,BTMR1068,"CYP1A2
CYP2C8
CYP2C9
CYP2C19
CYP2D6
CYP3A4",HUMAN,BTM00022,CC1=C(C=CC=C1O)C(=O)NC(CSC2=CC=CC=C2)C(CN3CC4(CCCCC4CC3C(=O)NC(C)(C)C)O)O,"InChI=1S/C32H45N3O5S/c1-21-24(14-10-15-27(21)36)29(38)33-25(19-41-23-12-6-5-7-13-23)28(37)18-35-20-32(40)16-9-8-11-22(32)17-26(35)30(39)34-31(2,3)4/h5-7,10,12-15,22,25-26,28,36-37,40H,8-9,11,16-20H2,1-4H3,(H,33,38)(H,34,39)",PPDMKWQJMXIQAV-UHFFFAOYSA-N,4.4201000000000015,583.30799254
"InChI=1S/C32H45N3O6S/c1-20-24(11-8-12-27(20)37)29(39)33-25(18-42-23-9-6-5-7-10-23)28(38)17-35-19-32(41)14-13-22(36)15-21(32)16-26(35)30(40)34-31(2,3)4/h5-12,21-22,25-26,28,36-38,41H,13-19H2,1-4H3,(H,33,39)(H,34,40)",IIPYCVKBCZAEEJ-UHFFFAOYSA-N,CC1=C(C=CC=C1O)C(=O)NC(CSC2=CC=CC=C2)C(CN3CC4(CCC(CC4CC3C(=O)NC(C)(C)C)O)O)O,,,C32H45N3O6S,599.30290716,3.1831999999999976,2,1,1,BTM00237,BTM00237,Hydroxylation of alicyclic secondary carbon,BTMR1068,"CYP1A2
CYP2C8
CYP2C9
CYP2C19
CYP2D6
CYP3A4",HUMAN,BTM00022,CC1=C(C=CC=C1O)C(=O)NC(CSC2=CC=CC=C2)C(CN3CC4(CCCCC4CC3C(=O)NC(C)(C)C)O)O,"InChI=1S/C32H45N3O5S/c1-21-24(14-10-15-27(21)36)29(38)33-25(19-41-23-12-6-5-7-13-23)28(37)18-35-20-32(40)16-9-8-11-22(32)17-26(35)30(39)34-31(2,3)4/h5-7,10,12-15,22,25-26,28,36-37,40H,8-9,11,16-20H2,1-4H3,(H,33,38)(H,34,39)",PPDMKWQJMXIQAV-UHFFFAOYSA-N,4.4201000000000015,583.30799254
"InChI=1S/C32H45N3O6S/c1-20-22(12-8-13-26(20)36)29(39)33-24(18-42-21-10-6-5-7-11-21)28(38)17-35-19-32(41)15-9-14-27(37)23(32)16-25(35)30(40)34-31(2,3)4/h5-8,10-13,23-25,27-28,36-38,41H,9,14-19H2,1-4H3,(H,33,39)(H,34,40)",KSNJLHDMVNXYMJ-UHFFFAOYSA-N,CC1=C(C=CC=C1O)C(=O)NC(CSC2=CC=CC=C2)C(CN3CC4(CCCC(C4CC3C(=O)NC(C)(C)C)O)O)O,,,C32H45N3O6S,599.30290716,3.188799999999997,2,1,1,BTM00249,BTM00249,Hydroxylation of alicyclic secondary carbon,BTMR1068,"CYP1A2
CYP2C8
CYP2C9
CYP2C19
CYP2D6
CYP3A4",HUMAN,BTM00022,CC1=C(C=CC=C1O)C(=O)NC(CSC2=CC=CC=C2)C(CN3CC4(CCCCC4CC3C(=O)NC(C)(C)C)O)O,"InChI=1S/C32H45N3O5S/c1-21-24(14-10-15-27(21)36)29(38)33-25(19-41-23-12-6-5-7-13-23)28(37)18-35-20-32(40)16-9-8-11-22(32)17-26(35)30(39)34-31(2,3)4/h5-7,10,12-15,22,25-26,28,36-37,40H,8-9,11,16-20H2,1-4H3,(H,33,38)(H,34,39)",PPDMKWQJMXIQAV-UHFFFAOYSA-N,4.4201000000000015,583.30799254
"InChI=1S/C32H45N3O6S/c1-21-24(14-10-15-27(21)36)29(38)33-25(19-42-23-12-6-5-7-13-23)28(37)18-35(41)20-32(40)16-9-8-11-22(32)17-26(35)30(39)34-31(2,3)4/h5-7,10,12-15,22,25-26,28,36-37,40H,8-9,11,16-20H2,1-4H3,(H,33,38)(H,34,39)",LPWGIKGGIXQNPV-UHFFFAOYSA-N,CC1=C(C=CC=C1O)C(=O)NC(CSC2=CC=CC=C2)C(C[N+]3(CC4(CCCCC4CC3C(=O)NC(C)(C)C)O)[O-])O,,,C32H45N3O6S,599.30290716,4.015000000000001,2,1,1,BTM00259,BTM00259,N-Oxidation of alicyclic tertiary amine,BTMR1099,"CYP1A2
CYP2C8
CYP2C19
CYP2D6
CYP3A4",HUMAN,BTM00022,CC1=C(C=CC=C1O)C(=O)NC(CSC2=CC=CC=C2)C(CN3CC4(CCCCC4CC3C(=O)NC(C)(C)C)O)O,"InChI=1S/C32H45N3O5S/c1-21-24(14-10-15-27(21)36)29(38)33-25(19-41-23-12-6-5-7-13-23)28(37)18-35-20-32(40)16-9-8-11-22(32)17-26(35)30(39)34-31(2,3)4/h5-7,10,12-15,22,25-26,28,36-37,40H,8-9,11,16-20H2,1-4H3,(H,33,38)(H,34,39)",PPDMKWQJMXIQAV-UHFFFAOYSA-N,4.4201000000000015,583.30799254
"InChI=1S/C18H19NO4S/c1-12-14(8-5-9-16(12)21)18(23)19-15(17(22)10-20)11-24-13-6-3-2-4-7-13/h2-10,15,17,21-22H,11H2,1H3,(H,19,23)",FQXWQOQASHJKCY-UHFFFAOYSA-N,CC1=C(C=CC=C1O)C(=O)NC(CSC2=CC=CC=C2)C(C=O)O,,,C18H19NO4S,345.10347908800003,2.6822,0,1,1,BTM00014,BTM00014,N-Dealkylation of alicyclic tertiary amine,BTMR1144,"CYP1A2
CYP2A6
CYP2B6
CYP2C8
CYP2C9
CYP2C19
CYP2D6
CYP3A4",HUMAN,BTM00022,CC1=C(C=CC=C1O)C(=O)NC(CSC2=CC=CC=C2)C(CN3CC4(CCCCC4CC3C(=O)NC(C)(C)C)O)O,"InChI=1S/C32H45N3O5S/c1-21-24(14-10-15-27(21)36)29(38)33-25(19-41-23-12-6-5-7-13-23)28(37)18-35-20-32(40)16-9-8-11-22(32)17-26(35)30(39)34-31(2,3)4/h5-7,10,12-15,22,25-26,28,36-37,40H,8-9,11,16-20H2,1-4H3,(H,33,38)(H,34,39)",PPDMKWQJMXIQAV-UHFFFAOYSA-N,4.4201000000000015,583.30799254
"InChI=1S/C14H26N2O2/c1-13(2,3)16-12(17)11-8-10-6-4-5-7-14(10,18)9-15-11/h10-11,15,18H,4-9H2,1-3H3,(H,16,17)",AYQBIJQXFTWUFN-UHFFFAOYSA-N,N1CC2(CCCCC2CC1C(=O)NC(C)(C)C)O,,,C14H26N2O2,254.199428072,1.100299999999999,0,1,1,BTM00267,BTM00267,N-Dealkylation of alicyclic tertiary amine,BTMR1144,"CYP1A2
CYP2A6
CYP2B6
CYP2C8
CYP2C9
CYP2C19
CYP2D6
CYP3A4",HUMAN,BTM00022,CC1=C(C=CC=C1O)C(=O)NC(CSC2=CC=CC=C2)C(CN3CC4(CCCCC4CC3C(=O)NC(C)(C)C)O)O,"InChI=1S/C32H45N3O5S/c1-21-24(14-10-15-27(21)36)29(38)33-25(19-41-23-12-6-5-7-13-23)28(37)18-35-20-32(40)16-9-8-11-22(32)17-26(35)30(39)34-31(2,3)4/h5-7,10,12-15,22,25-26,28,36-37,40H,8-9,11,16-20H2,1-4H3,(H,33,38)(H,34,39)",PPDMKWQJMXIQAV-UHFFFAOYSA-N,4.4201000000000015,583.30799254
"InChI=1S/C32H45N3O6S/c1-20-24(15-22(36)16-27(20)37)29(39)33-25(18-42-23-11-6-5-7-12-23)28(38)17-35-19-32(41)13-9-8-10-21(32)14-26(35)30(40)34-31(2,3)4/h5-7,11-12,15-16,21,25-26,28,36-38,41H,8-10,13-14,17-19H2,1-4H3,(H,33,39)(H,34,40)",NPSKDYMVRXIQNJ-UHFFFAOYSA-N,CC1=C(C=C(C=C1O)O)C(=O)NC(CSC2=CC=CC=C2)C(CN3CC4(CCCCC4CC3C(=O)NC(C)(C)C)O)O,,,C32H45N3O6S,599.30290716,4.152699999999999,2,1,1,BTM00273,BTM00273,Hydroxylation of benzene on carbon para to electron donating group,BTMR1047,"CYP1A2
CYP2C8
CYP2C9
CYP2D6
CYP3A4",HUMAN,BTM00022,CC1=C(C=CC=C1O)C(=O)NC(CSC2=CC=CC=C2)C(CN3CC4(CCCCC4CC3C(=O)NC(C)(C)C)O)O,"InChI=1S/C32H45N3O5S/c1-21-24(14-10-15-27(21)36)29(38)33-25(19-41-23-12-6-5-7-13-23)28(37)18-35-20-32(40)16-9-8-11-22(32)17-26(35)30(39)34-31(2,3)4/h5-7,10,12-15,22,25-26,28,36-37,40H,8-9,11,16-20H2,1-4H3,(H,33,38)(H,34,39)",PPDMKWQJMXIQAV-UHFFFAOYSA-N,4.4201000000000015,583.30799254
"InChI=1S/C32H45N3O6S/c1-20-23(13-14-26(36)28(20)38)29(39)33-24(18-42-22-11-6-5-7-12-22)27(37)17-35-19-32(41)15-9-8-10-21(32)16-25(35)30(40)34-31(2,3)4/h5-7,11-14,21,24-25,27,36-38,41H,8-10,15-19H2,1-4H3,(H,33,39)(H,34,40)",ZRKUQFWKCFUYKJ-UHFFFAOYSA-N,CC1=C(C=CC(=C1O)O)C(=O)NC(CSC2=CC=CC=C2)C(CN3CC4(CCCCC4CC3C(=O)NC(C)(C)C)O)O,,,C32H45N3O6S,599.30290716,4.152699999999999,2,1,1,BTM00281,BTM00281,Hydroxylation of benzene on carbon para to electron donating group,BTMR1047,"CYP1A2
CYP2C8
CYP2C9
CYP2D6
CYP3A4",HUMAN,BTM00022,CC1=C(C=CC=C1O)C(=O)NC(CSC2=CC=CC=C2)C(CN3CC4(CCCCC4CC3C(=O)NC(C)(C)C)O)O,"InChI=1S/C32H45N3O5S/c1-21-24(14-10-15-27(21)36)29(38)33-25(19-41-23-12-6-5-7-13-23)28(37)18-35-20-32(40)16-9-8-11-22(32)17-26(35)30(39)34-31(2,3)4/h5-7,10,12-15,22,25-26,28,36-37,40H,8-9,11,16-20H2,1-4H3,(H,33,38)(H,34,39)",PPDMKWQJMXIQAV-UHFFFAOYSA-N,4.4201000000000015,583.30799254
"InChI=1S/C32H45N3O6S/c1-20-23(14-10-15-26(20)36)28(38)33-24(19-42-22-12-6-5-7-13-22)27(37)18-35-25(29(39)34-31(2,3)4)17-21-11-8-9-16-32(21,41)30(35)40/h5-7,10,12-15,21,24-25,27,30,36-37,40-41H,8-9,11,16-19H2,1-4H3,(H,33,38)(H,34,39)",KFTJRRRGUBBAKR-UHFFFAOYSA-N,CC1=C(C=CC=C1O)C(=O)NC(CSC2=CC=CC=C2)C(CN3C(C4(CCCCC4CC3C(=O)NC(C)(C)C)O)O)O,,,C32H45N3O6S,599.30290716,4.0804,2,1,1,BTM00288,BTM00288,Hydroxylation of heteroalicyclic secondary carbon,BTMR1070,"CYP1A2
CYP2A6
CYP2C9
CYP2D6
CYP3A4",HUMAN,BTM00022,CC1=C(C=CC=C1O)C(=O)NC(CSC2=CC=CC=C2)C(CN3CC4(CCCCC4CC3C(=O)NC(C)(C)C)O)O,"InChI=1S/C32H45N3O5S/c1-21-24(14-10-15-27(21)36)29(38)33-25(19-41-23-12-6-5-7-13-23)28(37)18-35-20-32(40)16-9-8-11-22(32)17-26(35)30(39)34-31(2,3)4/h5-7,10,12-15,22,25-26,28,36-37,40H,8-9,11,16-20H2,1-4H3,(H,33,38)(H,34,39)",PPDMKWQJMXIQAV-UHFFFAOYSA-N,4.4201000000000015,583.30799254
"InChI=1S/C32H45N3O6S/c1-20-22(13-10-15-25(20)36)29(39)33-24(18-42-21-11-6-5-7-12-21)26(37)17-35-19-32(41)16-9-8-14-23(32)28(38)27(35)30(40)34-31(2,3)4/h5-7,10-13,15,23-24,26-28,36-38,41H,8-9,14,16-19H2,1-4H3,(H,33,39)(H,34,40)",SKZADLDKHVFQLW-UHFFFAOYSA-N,CC1=C(C=CC=C1O)C(=O)NC(CSC2=CC=CC=C2)C(CN3CC4(CCCCC4C(C3C(=O)NC(C)(C)C)O)O)O,,,C32H45N3O6S,599.30290716,3.4587999999999965,2,1,1,BTM00293,BTM00293,Hydroxylation of heteroalicyclic secondary carbon,BTMR1071,CYP1A2,HUMAN,BTM00022,CC1=C(C=CC=C1O)C(=O)NC(CSC2=CC=CC=C2)C(CN3CC4(CCCCC4CC3C(=O)NC(C)(C)C)O)O,"InChI=1S/C32H45N3O5S/c1-21-24(14-10-15-27(21)36)29(38)33-25(19-41-23-12-6-5-7-13-23)28(37)18-35-20-32(40)16-9-8-11-22(32)17-26(35)30(39)34-31(2,3)4/h5-7,10,12-15,22,25-26,28,36-37,40H,8-9,11,16-20H2,1-4H3,(H,33,38)(H,34,39)",PPDMKWQJMXIQAV-UHFFFAOYSA-N,4.4201000000000015,583.30799254
"InChI=1S/C32H45N3O6S/c1-21-24(14-10-15-27(21)36)29(38)33-25(19-42(41)23-12-6-5-7-13-23)28(37)18-35-20-32(40)16-9-8-11-22(32)17-26(35)30(39)34-31(2,3)4/h5-7,10,12-15,22,25-26,28,36-37,40H,8-9,11,16-20H2,1-4H3,(H,33,38)(H,34,39)",YLEQLKPRGSRBPV-UHFFFAOYSA-N,CC1=C(C=CC=C1O)C(=O)NC(CS(C2=CC=CC=C2)=O)C(CN3CC4(CCCCC4CC3C(=O)NC(C)(C)C)O)O,,,C32H45N3O6S,599.30290716,3.3083000000000014,1,1,1,BTM00298,BTM00298,S-Oxidation of alkylarylthioether to sulfoxide,BTMR0058,"CYP1A2
CYP2A6
CYP2B6
CYP2C9
CYP2D6
CYP2E1
CYP3A4",HUMAN,BTM00022,CC1=C(C=CC=C1O)C(=O)NC(CSC2=CC=CC=C2)C(CN3CC4(CCCCC4CC3C(=O)NC(C)(C)C)O)O,"InChI=1S/C32H45N3O5S/c1-21-24(14-10-15-27(21)36)29(38)33-25(19-41-23-12-6-5-7-13-23)28(37)18-35-20-32(40)16-9-8-11-22(32)17-26(35)30(39)34-31(2,3)4/h5-7,10,12-15,22,25-26,28,36-37,40H,8-9,11,16-20H2,1-4H3,(H,33,38)(H,34,39)",PPDMKWQJMXIQAV-UHFFFAOYSA-N,4.4201000000000015,583.30799254
"InChI=1S/C32H45N3O6S/c1-21-24(13-9-14-27(21)37)29(39)33-25(18-42-23-11-5-4-6-12-23)28(38)17-35-19-32(41)15-8-7-10-22(32)16-26(35)30(40)34-31(2,3)20-36/h4-6,9,11-14,22,25-26,28,36-38,41H,7-8,10,15-20H2,1-3H3,(H,33,39)(H,34,40)",UXEAVVUGJUAUNP-UHFFFAOYSA-N,CC1=C(C=CC=C1O)C(=O)NC(CSC2=CC=CC=C2)C(CN3CC4(CCCCC4CC3C(=O)NC(C)(C)CO)O)O,,,C32H45N3O6S,599.30290716,3.5319000000000003,2,2,2,BTM00305,BTM00305,Hydroxylation of terminal methyl,BTMR1061,"CYP1A2
CYP2A6
CYP2B6
CYP2C8
CYP2C9
CYP2C19
CYP2D6
CYP2E1
CYP3A4",HUMAN,BTM00022,CC1=C(C=CC=C1O)C(=O)NC(CSC2=CC=CC=C2)C(CN3CC4(CCCCC4CC3C(=O)NC(C)(C)C)O)O,"InChI=1S/C32H45N3O5S/c1-21-24(14-10-15-27(21)36)29(38)33-25(19-41-23-12-6-5-7-13-23)28(37)18-35-20-32(40)16-9-8-11-22(32)17-26(35)30(39)34-31(2,3)4/h5-7,10,12-15,22,25-26,28,36-37,40H,8-9,11,16-20H2,1-4H3,(H,33,38)(H,34,39)",PPDMKWQJMXIQAV-UHFFFAOYSA-N,4.4201000000000015,583.30799254
"InChI=1S/C32H45N3O6S/c1-21-23(13-10-14-26(21)36)28(38)33-24(19-42-22-11-6-5-7-12-22)27(37)18-35-20-32(41)16-9-8-15-31(32,40)17-25(35)29(39)34-30(2,3)4/h5-7,10-14,24-25,27,36-37,40-41H,8-9,15-20H2,1-4H3,(H,33,38)(H,34,39)",MLKLYCWTHLWBBK-UHFFFAOYSA-N,CC1=C(C=CC=C1O)C(=O)NC(CSC2=CC=CC=C2)C(CN3CC4(CCCCC4(CC3C(=O)NC(C)(C)C)O)O)O,,,C32H45N3O6S,599.30290716,3.2826000000000013,2,1,1,BTM00309,BTM00309,Hydroxylation of alicyclic tertiary carbon,BTMR1243,CYP1A2,HUMAN,BTM00022,CC1=C(C=CC=C1O)C(=O)NC(CSC2=CC=CC=C2)C(CN3CC4(CCCCC4CC3C(=O)NC(C)(C)C)O)O,"InChI=1S/C32H45N3O5S/c1-21-24(14-10-15-27(21)36)29(38)33-25(19-41-23-12-6-5-7-13-23)28(37)18-35-20-32(40)16-9-8-11-22(32)17-26(35)30(39)34-31(2,3)4/h5-7,10,12-15,22,25-26,28,36-37,40H,8-9,11,16-20H2,1-4H3,(H,33,38)(H,34,39)",PPDMKWQJMXIQAV-UHFFFAOYSA-N,4.4201000000000015,583.30799254
"InChI=1S/C32H45N3O6S/c1-20-23(14-10-15-26(20)36)28(38)33-24(18-42-22-12-6-5-7-13-22)27(37)30(40)35-19-32(41)16-9-8-11-21(32)17-25(35)29(39)34-31(2,3)4/h5-7,10,12-15,21,24-25,27,30,36-37,40-41H,8-9,11,16-19H2,1-4H3,(H,33,38)(H,34,39)",MBOCNTHPXYBQKC-UHFFFAOYSA-N,CC1=C(C=CC=C1O)C(=O)NC(CSC2=CC=CC=C2)C(C(N3CC4(CCCCC4CC3C(=O)NC(C)(C)C)O)O)O,,,C32H45N3O6S,599.30290716,4.0804,2,1,1,BTM00310,BTM00310,Aliphatic hydroxylation of carbon alpha to secondary or tertiary alkyl-N,BTMR1081,"CYP2B6
CYP2C19
CYP2D6",HUMAN,BTM00022,CC1=C(C=CC=C1O)C(=O)NC(CSC2=CC=CC=C2)C(CN3CC4(CCCCC4CC3C(=O)NC(C)(C)C)O)O,"InChI=1S/C32H45N3O5S/c1-21-24(14-10-15-27(21)36)29(38)33-25(19-41-23-12-6-5-7-13-23)28(37)18-35-20-32(40)16-9-8-11-22(32)17-26(35)30(39)34-31(2,3)4/h5-7,10,12-15,22,25-26,28,36-37,40H,8-9,11,16-20H2,1-4H3,(H,33,38)(H,34,39)",PPDMKWQJMXIQAV-UHFFFAOYSA-N,4.4201000000000015,583.30799254
"InChI=1S/C32H45N3O6S/c1-20-23(14-10-15-26(20)36)28(38)33-24(19-42-22-12-6-5-7-13-22)27(37)18-35-25(29(39)34-31(2,3)4)17-21-11-8-9-16-32(21,41)30(35)40/h5-7,10,12-15,21,24-25,27,30,36-37,40-41H,8-9,11,16-19H2,1-4H3,(H,33,38)(H,34,39)",KFTJRRRGUBBAKR-UHFFFAOYSA-N,CC1=C(C=CC=C1O)C(=O)NC(CSC2=CC=CC=C2)C(CN3C(C4(CCCCC4CC3C(=O)NC(C)(C)C)O)O)O,,,C32H45N3O6S,599.30290716,4.0804,2,1,1,BTM00288,BTM00288,Aliphatic hydroxylation of carbon alpha to secondary or tertiary alkyl-N,BTMR1081,"CYP2B6
CYP2C19
CYP2D6",HUMAN,BTM00022,CC1=C(C=CC=C1O)C(=O)NC(CSC2=CC=CC=C2)C(CN3CC4(CCCCC4CC3C(=O)NC(C)(C)C)O)O,"InChI=1S/C32H45N3O5S/c1-21-24(14-10-15-27(21)36)29(38)33-25(19-41-23-12-6-5-7-13-23)28(37)18-35-20-32(40)16-9-8-11-22(32)17-26(35)30(39)34-31(2,3)4/h5-7,10,12-15,22,25-26,28,36-37,40H,8-9,11,16-20H2,1-4H3,(H,33,38)(H,34,39)",PPDMKWQJMXIQAV-UHFFFAOYSA-N,4.4201000000000015,583.30799254
"InChI=1S/C32H45N3O6S/c1-21-24(14-10-15-26(21)36)28(38)33-25(19-42-23-12-6-5-7-13-23)27(37)18-35-20-31(40)16-9-8-11-22(31)17-32(35,41)29(39)34-30(2,3)4/h5-7,10,12-15,22,25,27,36-37,40-41H,8-9,11,16-20H2,1-4H3,(H,33,38)(H,34,39)",VKLOCDZITFJNHY-UHFFFAOYSA-N,CC1=C(C=CC=C1O)C(=O)NC(CSC2=CC=CC=C2)C(CN3CC4(CCCCC4CC3(C(=O)NC(C)(C)C)O)O)O,,,C32H45N3O6S,599.30290716,3.771399999999999,2,1,1,BTM00311,BTM00311,Aliphatic hydroxylation of carbon alpha to secondary or tertiary alkyl-N,BTMR1081,"CYP2B6
CYP2C19
CYP2D6",HUMAN,BTM00022,CC1=C(C=CC=C1O)C(=O)NC(CSC2=CC=CC=C2)C(CN3CC4(CCCCC4CC3C(=O)NC(C)(C)C)O)O,"InChI=1S/C32H45N3O5S/c1-21-24(14-10-15-27(21)36)29(38)33-25(19-41-23-12-6-5-7-13-23)28(37)18-35-20-32(40)16-9-8-11-22(32)17-26(35)30(39)34-31(2,3)4/h5-7,10,12-15,22,25-26,28,36-37,40H,8-9,11,16-20H2,1-4H3,(H,33,38)(H,34,39)",PPDMKWQJMXIQAV-UHFFFAOYSA-N,4.4201000000000015,583.30799254
"InChI=1S/C32H43N3O5S/c1-21-24(14-10-15-27(21)36)29(38)33-25(20-41-23-12-6-5-7-13-23)28(37)19-35-18-22-11-8-9-16-32(22,40)17-26(35)30(39)34-31(2,3)4/h5-7,10,12-15,22,25-26,36,40H,8-9,11,16-20H2,1-4H3,(H,33,38)(H,34,39)",JJXWKFQMURJSMW-UHFFFAOYSA-N,CC1=C(C=CC=C1O)C(=O)NC(CSC2=CC=CC=C2)C(CN3CC4CCCCC4(CC3C(=O)NC(C)(C)C)O)=O,,,C32H43N3O5S,581.292342476,4.278799999999999,1,1,1,BTM00165,BTM00165,Oxidation of secondary alcohol to ketone,BTMR0079,"CYP1A2
CYP2C9
CYP2C19",HUMAN,BTM00023,CC1=C(C=CC=C1O)C(=O)NC(CSC2=CC=CC=C2)C(CN3CC4CCCCC4(CC3C(=O)NC(C)(C)C)O)O,"InChI=1S/C32H45N3O5S/c1-21-24(14-10-15-27(21)36)29(38)33-25(20-41-23-12-6-5-7-13-23)28(37)19-35-18-22-11-8-9-16-32(22,40)17-26(35)30(39)34-31(2,3)4/h5-7,10,12-15,22,25-26,28,36-37,40H,8-9,11,16-20H2,1-4H3,(H,33,38)(H,34,39)",LOAJQUQBUCQLKT-UHFFFAOYSA-N,4.031900000000001,583.30799254
"InChI=1S/C32H45N3O6S/c1-20-25(36)13-14-26(37)28(20)30(40)33-23(19-42-22-11-6-5-7-12-22)27(38)18-35-17-21-10-8-9-15-32(21,41)16-24(35)29(39)34-31(2,3)4/h5-7,11-14,21,23-24,27,36-38,41H,8-10,15-19H2,1-4H3,(H,33,40)(H,34,39)",XKBGFMWOIBCSQO-UHFFFAOYSA-N,CC1=C(C(=CC=C1O)O)C(=O)NC(CSC2=CC=CC=C2)C(CN3CC4CCCCC4(CC3C(=O)NC(C)(C)C)O)O,,,C32H45N3O6S,599.30290716,3.764499999999999,3,1,1,BTM00180,BTM00180,p-Hydroxylation of phenol,BTMR1038,"CYP1A2
CYP2A6
CYP2B6
CYP2C8
CYP2C9
CYP2C19
CYP2D6
CYP2E1
CYP3A4",HUMAN,BTM00023,CC1=C(C=CC=C1O)C(=O)NC(CSC2=CC=CC=C2)C(CN3CC4CCCCC4(CC3C(=O)NC(C)(C)C)O)O,"InChI=1S/C32H45N3O5S/c1-21-24(14-10-15-27(21)36)29(38)33-25(20-41-23-12-6-5-7-13-23)28(37)19-35-18-22-11-8-9-16-32(22,40)17-26(35)30(39)34-31(2,3)4/h5-7,10,12-15,22,25-26,28,36-37,40H,8-9,11,16-20H2,1-4H3,(H,33,38)(H,34,39)",LOAJQUQBUCQLKT-UHFFFAOYSA-N,4.031900000000001,583.30799254
"InChI=1S/C32H45N3O6S/c1-31(2,3)34-30(40)26-16-32(41)15-8-7-10-21(32)17-35(26)18-28(38)25(20-42-22-11-5-4-6-12-22)33-29(39)23-13-9-14-27(37)24(23)19-36/h4-6,9,11-14,21,25-26,28,36-38,41H,7-8,10,15-20H2,1-3H3,(H,33,39)(H,34,40)",MZHLNKCDIYUIFJ-UHFFFAOYSA-N,C(C1=C(C=CC=C1O)C(=O)NC(CSC2=CC=CC=C2)C(CN3CC4CCCCC4(CC3C(=O)NC(C)(C)C)O)O)O,,,C32H45N3O6S,599.30290716,2.941200000000001,2,2,2,BTM00196,BTM00196,Aliphatic hydroxylation of methyl carbon adjacent to aromatic ring,BTMR1058,"CYP1A2
CYP2A6
CYP2B6
CYP2C8
CYP2C9
CYP2C19
CYP2D6
CYP2E1
CYP3A4",HUMAN,BTM00023,CC1=C(C=CC=C1O)C(=O)NC(CSC2=CC=CC=C2)C(CN3CC4CCCCC4(CC3C(=O)NC(C)(C)C)O)O,"InChI=1S/C32H45N3O5S/c1-21-24(14-10-15-27(21)36)29(38)33-25(20-41-23-12-6-5-7-13-23)28(37)19-35-18-22-11-8-9-16-32(22,40)17-26(35)30(39)34-31(2,3)4/h5-7,10,12-15,22,25-26,28,36-37,40H,8-9,11,16-20H2,1-4H3,(H,33,38)(H,34,39)",LOAJQUQBUCQLKT-UHFFFAOYSA-N,4.031900000000001,583.30799254
"InChI=1S/C32H45N3O6S/c1-20-22(12-8-13-26(20)36)29(39)33-24(19-42-21-10-6-5-7-11-21)28(38)18-35-17-23-27(37)14-9-15-32(23,41)16-25(35)30(40)34-31(2,3)4/h5-8,10-13,23-25,27-28,36-38,41H,9,14-19H2,1-4H3,(H,33,39)(H,34,40)",GBQFECIWRZEBBI-UHFFFAOYSA-N,CC1=C(C=CC=C1O)C(=O)NC(CSC2=CC=CC=C2)C(CN3CC4C(CCCC4(CC3C(=O)NC(C)(C)C)O)O)O,,,C32H45N3O6S,599.30290716,3.0265999999999966,2,1,1,BTM00211,BTM00211,Hydroxylation of alicyclic secondary carbon,BTMR1068,"CYP1A2
CYP2C8
CYP2C9
CYP2C19
CYP2D6
CYP3A4",HUMAN,BTM00023,CC1=C(C=CC=C1O)C(=O)NC(CSC2=CC=CC=C2)C(CN3CC4CCCCC4(CC3C(=O)NC(C)(C)C)O)O,"InChI=1S/C32H45N3O5S/c1-21-24(14-10-15-27(21)36)29(38)33-25(20-41-23-12-6-5-7-13-23)28(37)19-35-18-22-11-8-9-16-32(22,40)17-26(35)30(39)34-31(2,3)4/h5-7,10,12-15,22,25-26,28,36-37,40H,8-9,11,16-20H2,1-4H3,(H,33,38)(H,34,39)",LOAJQUQBUCQLKT-UHFFFAOYSA-N,4.031900000000001,583.30799254
"InChI=1S/C32H45N3O6S/c1-20-24(11-8-12-27(20)37)29(39)33-25(19-42-23-9-6-5-7-10-23)28(38)18-35-17-21-15-22(36)13-14-32(21,41)16-26(35)30(40)34-31(2,3)4/h5-12,21-22,25-26,28,36-38,41H,13-19H2,1-4H3,(H,33,39)(H,34,40)",VONMVRIELPYRBO-UHFFFAOYSA-N,CC1=C(C=CC=C1O)C(=O)NC(CSC2=CC=CC=C2)C(CN3CC4CC(CCC4(CC3C(=O)NC(C)(C)C)O)O)O,,,C32H45N3O6S,599.30290716,2.7949999999999973,2,1,1,BTM00225,BTM00225,Hydroxylation of alicyclic secondary carbon,BTMR1068,"CYP1A2
CYP2C8
CYP2C9
CYP2C19
CYP2D6
CYP3A4",HUMAN,BTM00023,CC1=C(C=CC=C1O)C(=O)NC(CSC2=CC=CC=C2)C(CN3CC4CCCCC4(CC3C(=O)NC(C)(C)C)O)O,"InChI=1S/C32H45N3O5S/c1-21-24(14-10-15-27(21)36)29(38)33-25(20-41-23-12-6-5-7-13-23)28(37)19-35-18-22-11-8-9-16-32(22,40)17-26(35)30(39)34-31(2,3)4/h5-7,10,12-15,22,25-26,28,36-37,40H,8-9,11,16-20H2,1-4H3,(H,33,38)(H,34,39)",LOAJQUQBUCQLKT-UHFFFAOYSA-N,4.031900000000001,583.30799254
"InChI=1S/C32H45N3O6S/c1-20-24(11-8-12-27(20)37)29(39)33-25(19-42-23-9-6-5-7-10-23)28(38)18-35-17-21-13-14-22(36)15-32(21,41)16-26(35)30(40)34-31(2,3)4/h5-12,21-22,25-26,28,36-38,41H,13-19H2,1-4H3,(H,33,39)(H,34,40)",TZULVCPCNZTZHT-UHFFFAOYSA-N,CC1=C(C=CC=C1O)C(=O)NC(CSC2=CC=CC=C2)C(CN3CC4CCC(CC4(CC3C(=O)NC(C)(C)C)O)O)O,,,C32H45N3O6S,599.30290716,2.671199999999997,2,1,1,BTM00238,BTM00238,Hydroxylation of alicyclic secondary carbon,BTMR1068,"CYP1A2
CYP2C8
CYP2C9
CYP2C19
CYP2D6
CYP3A4",HUMAN,BTM00023,CC1=C(C=CC=C1O)C(=O)NC(CSC2=CC=CC=C2)C(CN3CC4CCCCC4(CC3C(=O)NC(C)(C)C)O)O,"InChI=1S/C32H45N3O5S/c1-21-24(14-10-15-27(21)36)29(38)33-25(20-41-23-12-6-5-7-13-23)28(37)19-35-18-22-11-8-9-16-32(22,40)17-26(35)30(39)34-31(2,3)4/h5-7,10,12-15,22,25-26,28,36-37,40H,8-9,11,16-20H2,1-4H3,(H,33,38)(H,34,39)",LOAJQUQBUCQLKT-UHFFFAOYSA-N,4.031900000000001,583.30799254
"InChI=1S/C32H45N3O6S/c1-20-23(13-9-14-26(20)36)29(39)33-24(19-42-22-11-6-5-7-12-22)27(37)18-35-17-21-10-8-15-28(38)32(21,41)16-25(35)30(40)34-31(2,3)4/h5-7,9,11-14,21,24-25,27-28,36-38,41H,8,10,15-19H2,1-4H3,(H,33,39)(H,34,40)",RDRXHRCQPKEYFZ-UHFFFAOYSA-N,CC1=C(C=CC=C1O)C(=O)NC(CSC2=CC=CC=C2)C(CN3CC4CCCC(C4(CC3C(=O)NC(C)(C)C)O)O)O,,,C32H45N3O6S,599.30290716,3.064999999999997,2,1,1,BTM00250,BTM00250,Hydroxylation of alicyclic secondary carbon,BTMR1068,"CYP1A2
CYP2C8
CYP2C9
CYP2C19
CYP2D6
CYP3A4",HUMAN,BTM00023,CC1=C(C=CC=C1O)C(=O)NC(CSC2=CC=CC=C2)C(CN3CC4CCCCC4(CC3C(=O)NC(C)(C)C)O)O,"InChI=1S/C32H45N3O5S/c1-21-24(14-10-15-27(21)36)29(38)33-25(20-41-23-12-6-5-7-13-23)28(37)19-35-18-22-11-8-9-16-32(22,40)17-26(35)30(39)34-31(2,3)4/h5-7,10,12-15,22,25-26,28,36-37,40H,8-9,11,16-20H2,1-4H3,(H,33,38)(H,34,39)",LOAJQUQBUCQLKT-UHFFFAOYSA-N,4.031900000000001,583.30799254
"InChI=1S/C32H45N3O6S/c1-21-24(14-10-15-27(21)36)29(38)33-25(20-42-23-12-6-5-7-13-23)28(37)19-35(41)18-22-11-8-9-16-32(22,40)17-26(35)30(39)34-31(2,3)4/h5-7,10,12-15,22,25-26,28,36-37,40H,8-9,11,16-20H2,1-4H3,(H,33,38)(H,34,39)",VVWOGESKVYLRSH-UHFFFAOYSA-N,CC1=C(C=CC=C1O)C(=O)NC(CSC2=CC=CC=C2)C(C[N+]3(CC4CCCCC4(CC3C(=O)NC(C)(C)C)O)[O-])O,,,C32H45N3O6S,599.30290716,3.626800000000001,2,1,1,BTM00260,BTM00260,N-Oxidation of alicyclic tertiary amine,BTMR1099,"CYP1A2
CYP2C8
CYP2C19
CYP2D6
CYP3A4",HUMAN,BTM00023,CC1=C(C=CC=C1O)C(=O)NC(CSC2=CC=CC=C2)C(CN3CC4CCCCC4(CC3C(=O)NC(C)(C)C)O)O,"InChI=1S/C32H45N3O5S/c1-21-24(14-10-15-27(21)36)29(38)33-25(20-41-23-12-6-5-7-13-23)28(37)19-35-18-22-11-8-9-16-32(22,40)17-26(35)30(39)34-31(2,3)4/h5-7,10,12-15,22,25-26,28,36-37,40H,8-9,11,16-20H2,1-4H3,(H,33,38)(H,34,39)",LOAJQUQBUCQLKT-UHFFFAOYSA-N,4.031900000000001,583.30799254
"InChI=1S/C18H19NO4S/c1-12-14(8-5-9-16(12)21)18(23)19-15(17(22)10-20)11-24-13-6-3-2-4-7-13/h2-10,15,17,21-22H,11H2,1H3,(H,19,23)",FQXWQOQASHJKCY-UHFFFAOYSA-N,CC1=C(C=CC=C1O)C(=O)NC(CSC2=CC=CC=C2)C(C=O)O,,,C18H19NO4S,345.10347908800003,2.6822,0,1,1,BTM00014,BTM00014,N-Dealkylation of alicyclic tertiary amine,BTMR1144,"CYP1A2
CYP2A6
CYP2B6
CYP2C8
CYP2C9
CYP2C19
CYP2D6
CYP3A4",HUMAN,BTM00023,CC1=C(C=CC=C1O)C(=O)NC(CSC2=CC=CC=C2)C(CN3CC4CCCCC4(CC3C(=O)NC(C)(C)C)O)O,"InChI=1S/C32H45N3O5S/c1-21-24(14-10-15-27(21)36)29(38)33-25(20-41-23-12-6-5-7-13-23)28(37)19-35-18-22-11-8-9-16-32(22,40)17-26(35)30(39)34-31(2,3)4/h5-7,10,12-15,22,25-26,28,36-37,40H,8-9,11,16-20H2,1-4H3,(H,33,38)(H,34,39)",LOAJQUQBUCQLKT-UHFFFAOYSA-N,4.031900000000001,583.30799254
"InChI=1S/C14H26N2O2/c1-13(2,3)16-12(17)11-8-14(18)7-5-4-6-10(14)9-15-11/h10-11,15,18H,4-9H2,1-3H3,(H,16,17)",ZCALOCIGMVJPBK-UHFFFAOYSA-N,N1CC2CCCCC2(CC1C(=O)NC(C)(C)C)O,,,C14H26N2O2,254.199428072,0.7120999999999985,0,1,1,BTM00268,BTM00268,N-Dealkylation of alicyclic tertiary amine,BTMR1144,"CYP1A2
CYP2A6
CYP2B6
CYP2C8
CYP2C9
CYP2C19
CYP2D6
CYP3A4",HUMAN,BTM00023,CC1=C(C=CC=C1O)C(=O)NC(CSC2=CC=CC=C2)C(CN3CC4CCCCC4(CC3C(=O)NC(C)(C)C)O)O,"InChI=1S/C32H45N3O5S/c1-21-24(14-10-15-27(21)36)29(38)33-25(20-41-23-12-6-5-7-13-23)28(37)19-35-18-22-11-8-9-16-32(22,40)17-26(35)30(39)34-31(2,3)4/h5-7,10,12-15,22,25-26,28,36-37,40H,8-9,11,16-20H2,1-4H3,(H,33,38)(H,34,39)",LOAJQUQBUCQLKT-UHFFFAOYSA-N,4.031900000000001,583.30799254
"InChI=1S/C32H45N3O6S/c1-20-24(14-22(36)15-27(20)37)29(39)33-25(19-42-23-11-6-5-7-12-23)28(38)18-35-17-21-10-8-9-13-32(21,41)16-26(35)30(40)34-31(2,3)4/h5-7,11-12,14-15,21,25-26,28,36-38,41H,8-10,13,16-19H2,1-4H3,(H,33,39)(H,34,40)",UGLLIHJCPUFOAI-UHFFFAOYSA-N,CC1=C(C=C(C=C1O)O)C(=O)NC(CSC2=CC=CC=C2)C(CN3CC4CCCCC4(CC3C(=O)NC(C)(C)C)O)O,,,C32H45N3O6S,599.30290716,3.764499999999999,2,1,1,BTM00274,BTM00274,Hydroxylation of benzene on carbon para to electron donating group,BTMR1047,"CYP1A2
CYP2C8
CYP2C9
CYP2D6
CYP3A4",HUMAN,BTM00023,CC1=C(C=CC=C1O)C(=O)NC(CSC2=CC=CC=C2)C(CN3CC4CCCCC4(CC3C(=O)NC(C)(C)C)O)O,"InChI=1S/C32H45N3O5S/c1-21-24(14-10-15-27(21)36)29(38)33-25(20-41-23-12-6-5-7-13-23)28(37)19-35-18-22-11-8-9-16-32(22,40)17-26(35)30(39)34-31(2,3)4/h5-7,10,12-15,22,25-26,28,36-37,40H,8-9,11,16-20H2,1-4H3,(H,33,38)(H,34,39)",LOAJQUQBUCQLKT-UHFFFAOYSA-N,4.031900000000001,583.30799254
"InChI=1S/C32H45N3O6S/c1-20-23(13-14-26(36)28(20)38)29(39)33-24(19-42-22-11-6-5-7-12-22)27(37)18-35-17-21-10-8-9-15-32(21,41)16-25(35)30(40)34-31(2,3)4/h5-7,11-14,21,24-25,27,36-38,41H,8-10,15-19H2,1-4H3,(H,33,39)(H,34,40)",HKKRJQHUFHCPQW-UHFFFAOYSA-N,CC1=C(C=CC(=C1O)O)C(=O)NC(CSC2=CC=CC=C2)C(CN3CC4CCCCC4(CC3C(=O)NC(C)(C)C)O)O,,,C32H45N3O6S,599.30290716,3.764499999999999,2,1,1,BTM00282,BTM00282,Hydroxylation of benzene on carbon para to electron donating group,BTMR1047,"CYP1A2
CYP2C8
CYP2C9
CYP2D6
CYP3A4",HUMAN,BTM00023,CC1=C(C=CC=C1O)C(=O)NC(CSC2=CC=CC=C2)C(CN3CC4CCCCC4(CC3C(=O)NC(C)(C)C)O)O,"InChI=1S/C32H45N3O5S/c1-21-24(14-10-15-27(21)36)29(38)33-25(20-41-23-12-6-5-7-13-23)28(37)19-35-18-22-11-8-9-16-32(22,40)17-26(35)30(39)34-31(2,3)4/h5-7,10,12-15,22,25-26,28,36-37,40H,8-9,11,16-20H2,1-4H3,(H,33,38)(H,34,39)",LOAJQUQBUCQLKT-UHFFFAOYSA-N,4.031900000000001,583.30799254
"InChI=1S/C32H45N3O6S/c1-20-22(13-10-15-26(20)36)28(38)33-24(19-42-21-11-6-5-7-12-21)27(37)18-35-25(29(39)34-31(2,3)4)17-32(41)16-9-8-14-23(32)30(35)40/h5-7,10-13,15,23-25,27,30,36-37,40-41H,8-9,14,16-19H2,1-4H3,(H,33,38)(H,34,39)",OPLWVVINBDEPIB-UHFFFAOYSA-N,CC1=C(C=CC=C1O)C(=O)NC(CSC2=CC=CC=C2)C(CN3C(C4CCCCC4(CC3C(=O)NC(C)(C)C)O)O)O,,,C32H45N3O6S,599.30290716,3.7887999999999993,2,1,1,BTM00289,BTM00289,Hydroxylation of heteroalicyclic secondary carbon,BTMR1070,"CYP1A2
CYP2A6
CYP2C9
CYP2D6
CYP3A4",HUMAN,BTM00023,CC1=C(C=CC=C1O)C(=O)NC(CSC2=CC=CC=C2)C(CN3CC4CCCCC4(CC3C(=O)NC(C)(C)C)O)O,"InChI=1S/C32H45N3O5S/c1-21-24(14-10-15-27(21)36)29(38)33-25(20-41-23-12-6-5-7-13-23)28(37)19-35-18-22-11-8-9-16-32(22,40)17-26(35)30(39)34-31(2,3)4/h5-7,10,12-15,22,25-26,28,36-37,40H,8-9,11,16-20H2,1-4H3,(H,33,38)(H,34,39)",LOAJQUQBUCQLKT-UHFFFAOYSA-N,4.031900000000001,583.30799254
"InChI=1S/C32H45N3O6S/c1-20-23(14-10-15-25(20)36)29(39)33-24(19-42-22-12-6-5-7-13-22)26(37)18-35-17-21-11-8-9-16-32(21,41)28(38)27(35)30(40)34-31(2,3)4/h5-7,10,12-15,21,24,26-28,36-38,41H,8-9,11,16-19H2,1-4H3,(H,33,39)(H,34,40)",HSLGPCRSWYVCJS-UHFFFAOYSA-N,CC1=C(C=CC=C1O)C(=O)NC(CSC2=CC=CC=C2)C(CN3CC4CCCCC4(C(C3C(=O)NC(C)(C)C)O)O)O,,,C32H45N3O6S,599.30290716,3.4587999999999965,2,1,1,BTM00294,BTM00294,Hydroxylation of heteroalicyclic secondary carbon,BTMR1071,CYP1A2,HUMAN,BTM00023,CC1=C(C=CC=C1O)C(=O)NC(CSC2=CC=CC=C2)C(CN3CC4CCCCC4(CC3C(=O)NC(C)(C)C)O)O,"InChI=1S/C32H45N3O5S/c1-21-24(14-10-15-27(21)36)29(38)33-25(20-41-23-12-6-5-7-13-23)28(37)19-35-18-22-11-8-9-16-32(22,40)17-26(35)30(39)34-31(2,3)4/h5-7,10,12-15,22,25-26,28,36-37,40H,8-9,11,16-20H2,1-4H3,(H,33,38)(H,34,39)",LOAJQUQBUCQLKT-UHFFFAOYSA-N,4.031900000000001,583.30799254
"InChI=1S/C32H45N3O6S/c1-21-24(14-10-15-27(21)36)29(38)33-25(20-42(41)23-12-6-5-7-13-23)28(37)19-35-18-22-11-8-9-16-32(22,40)17-26(35)30(39)34-31(2,3)4/h5-7,10,12-15,22,25-26,28,36-37,40H,8-9,11,16-20H2,1-4H3,(H,33,38)(H,34,39)",ZAEWGJNZVKIQQU-UHFFFAOYSA-N,CC1=C(C=CC=C1O)C(=O)NC(CS(C2=CC=CC=C2)=O)C(CN3CC4CCCCC4(CC3C(=O)NC(C)(C)C)O)O,,,C32H45N3O6S,599.30290716,2.920100000000001,1,1,1,BTM00299,BTM00299,S-Oxidation of alkylarylthioether to sulfoxide,BTMR0058,"CYP1A2
CYP2A6
CYP2B6
CYP2C9
CYP2D6
CYP2E1
CYP3A4",HUMAN,BTM00023,CC1=C(C=CC=C1O)C(=O)NC(CSC2=CC=CC=C2)C(CN3CC4CCCCC4(CC3C(=O)NC(C)(C)C)O)O,"InChI=1S/C32H45N3O5S/c1-21-24(14-10-15-27(21)36)29(38)33-25(20-41-23-12-6-5-7-13-23)28(37)19-35-18-22-11-8-9-16-32(22,40)17-26(35)30(39)34-31(2,3)4/h5-7,10,12-15,22,25-26,28,36-37,40H,8-9,11,16-20H2,1-4H3,(H,33,38)(H,34,39)",LOAJQUQBUCQLKT-UHFFFAOYSA-N,4.031900000000001,583.30799254
"InChI=1S/C32H45N3O6S/c1-21-24(13-9-14-27(21)37)29(39)33-25(19-42-23-11-5-4-6-12-23)28(38)18-35-17-22-10-7-8-15-32(22,41)16-26(35)30(40)34-31(2,3)20-36/h4-6,9,11-14,22,25-26,28,36-38,41H,7-8,10,15-20H2,1-3H3,(H,33,39)(H,34,40)",RWUUWVBZEWBHDV-UHFFFAOYSA-N,CC1=C(C=CC=C1O)C(=O)NC(CSC2=CC=CC=C2)C(CN3CC4CCCCC4(CC3C(=O)NC(C)(C)CO)O)O,,,C32H45N3O6S,599.30290716,3.143700000000001,2,2,2,BTM00306,BTM00306,Hydroxylation of terminal methyl,BTMR1061,"CYP1A2
CYP2A6
CYP2B6
CYP2C8
CYP2C9
CYP2C19
CYP2D6
CYP2E1
CYP3A4",HUMAN,BTM00023,CC1=C(C=CC=C1O)C(=O)NC(CSC2=CC=CC=C2)C(CN3CC4CCCCC4(CC3C(=O)NC(C)(C)C)O)O,"InChI=1S/C32H45N3O5S/c1-21-24(14-10-15-27(21)36)29(38)33-25(20-41-23-12-6-5-7-13-23)28(37)19-35-18-22-11-8-9-16-32(22,40)17-26(35)30(39)34-31(2,3)4/h5-7,10,12-15,22,25-26,28,36-37,40H,8-9,11,16-20H2,1-4H3,(H,33,38)(H,34,39)",LOAJQUQBUCQLKT-UHFFFAOYSA-N,4.031900000000001,583.30799254
"InChI=1S/C32H45N3O6S/c1-21-23(13-10-14-26(21)36)28(38)33-24(19-42-22-11-6-5-7-12-22)27(37)18-35-20-32(41)16-9-8-15-31(32,40)17-25(35)29(39)34-30(2,3)4/h5-7,10-14,24-25,27,36-37,40-41H,8-9,15-20H2,1-4H3,(H,33,38)(H,34,39)",MLKLYCWTHLWBBK-UHFFFAOYSA-N,CC1=C(C=CC=C1O)C(=O)NC(CSC2=CC=CC=C2)C(CN3CC4(CCCCC4(CC3C(=O)NC(C)(C)C)O)O)O,,,C32H45N3O6S,599.30290716,3.2826000000000013,2,1,1,BTM00309,BTM00309,Hydroxylation of alicyclic tertiary carbon,BTMR1243,CYP1A2,HUMAN,BTM00023,CC1=C(C=CC=C1O)C(=O)NC(CSC2=CC=CC=C2)C(CN3CC4CCCCC4(CC3C(=O)NC(C)(C)C)O)O,"InChI=1S/C32H45N3O5S/c1-21-24(14-10-15-27(21)36)29(38)33-25(20-41-23-12-6-5-7-13-23)28(37)19-35-18-22-11-8-9-16-32(22,40)17-26(35)30(39)34-31(2,3)4/h5-7,10,12-15,22,25-26,28,36-37,40H,8-9,11,16-20H2,1-4H3,(H,33,38)(H,34,39)",LOAJQUQBUCQLKT-UHFFFAOYSA-N,4.031900000000001,583.30799254
"InChI=1S/C32H45N3O6S/c1-20-23(14-10-15-26(20)36)28(38)33-24(19-42-22-12-6-5-7-13-22)27(37)30(40)35-18-21-11-8-9-16-32(21,41)17-25(35)29(39)34-31(2,3)4/h5-7,10,12-15,21,24-25,27,30,36-37,40-41H,8-9,11,16-19H2,1-4H3,(H,33,38)(H,34,39)",LLKRQOBDDAPHSL-UHFFFAOYSA-N,CC1=C(C=CC=C1O)C(=O)NC(CSC2=CC=CC=C2)C(C(N3CC4CCCCC4(CC3C(=O)NC(C)(C)C)O)O)O,,,C32H45N3O6S,599.30290716,3.6921999999999997,2,1,1,BTM00312,BTM00312,Aliphatic hydroxylation of carbon alpha to secondary or tertiary alkyl-N,BTMR1081,"CYP2B6
CYP2C19
CYP2D6",HUMAN,BTM00023,CC1=C(C=CC=C1O)C(=O)NC(CSC2=CC=CC=C2)C(CN3CC4CCCCC4(CC3C(=O)NC(C)(C)C)O)O,"InChI=1S/C32H45N3O5S/c1-21-24(14-10-15-27(21)36)29(38)33-25(20-41-23-12-6-5-7-13-23)28(37)19-35-18-22-11-8-9-16-32(22,40)17-26(35)30(39)34-31(2,3)4/h5-7,10,12-15,22,25-26,28,36-37,40H,8-9,11,16-20H2,1-4H3,(H,33,38)(H,34,39)",LOAJQUQBUCQLKT-UHFFFAOYSA-N,4.031900000000001,583.30799254
"InChI=1S/C32H45N3O6S/c1-20-22(13-10-15-26(20)36)28(38)33-24(19-42-21-11-6-5-7-12-21)27(37)18-35-25(29(39)34-31(2,3)4)17-32(41)16-9-8-14-23(32)30(35)40/h5-7,10-13,15,23-25,27,30,36-37,40-41H,8-9,14,16-19H2,1-4H3,(H,33,38)(H,34,39)",OPLWVVINBDEPIB-UHFFFAOYSA-N,CC1=C(C=CC=C1O)C(=O)NC(CSC2=CC=CC=C2)C(CN3C(C4CCCCC4(CC3C(=O)NC(C)(C)C)O)O)O,,,C32H45N3O6S,599.30290716,3.7887999999999993,2,1,1,BTM00289,BTM00289,Aliphatic hydroxylation of carbon alpha to secondary or tertiary alkyl-N,BTMR1081,"CYP2B6
CYP2C19
CYP2D6",HUMAN,BTM00023,CC1=C(C=CC=C1O)C(=O)NC(CSC2=CC=CC=C2)C(CN3CC4CCCCC4(CC3C(=O)NC(C)(C)C)O)O,"InChI=1S/C32H45N3O5S/c1-21-24(14-10-15-27(21)36)29(38)33-25(20-41-23-12-6-5-7-13-23)28(37)19-35-18-22-11-8-9-16-32(22,40)17-26(35)30(39)34-31(2,3)4/h5-7,10,12-15,22,25-26,28,36-37,40H,8-9,11,16-20H2,1-4H3,(H,33,38)(H,34,39)",LOAJQUQBUCQLKT-UHFFFAOYSA-N,4.031900000000001,583.30799254
"InChI=1S/C32H45N3O6S/c1-21-24(14-10-15-26(21)36)28(38)33-25(19-42-23-12-6-5-7-13-23)27(37)18-35-17-22-11-8-9-16-31(22,40)20-32(35,41)29(39)34-30(2,3)4/h5-7,10,12-15,22,25,27,36-37,40-41H,8-9,11,16-20H2,1-4H3,(H,33,38)(H,34,39)",HUVBWSHKLMYRRY-UHFFFAOYSA-N,CC1=C(C=CC=C1O)C(=O)NC(CSC2=CC=CC=C2)C(CN3CC4CCCCC4(CC3(C(=O)NC(C)(C)C)O)O)O,,,C32H45N3O6S,599.30290716,3.8351999999999986,2,1,1,BTM00313,BTM00313,Aliphatic hydroxylation of carbon alpha to secondary or tertiary alkyl-N,BTMR1081,"CYP2B6
CYP2C19
CYP2D6",HUMAN,BTM00023,CC1=C(C=CC=C1O)C(=O)NC(CSC2=CC=CC=C2)C(CN3CC4CCCCC4(CC3C(=O)NC(C)(C)C)O)O,"InChI=1S/C32H45N3O5S/c1-21-24(14-10-15-27(21)36)29(38)33-25(20-41-23-12-6-5-7-13-23)28(37)19-35-18-22-11-8-9-16-32(22,40)17-26(35)30(39)34-31(2,3)4/h5-7,10,12-15,22,25-26,28,36-37,40H,8-9,11,16-20H2,1-4H3,(H,33,38)(H,34,39)",LOAJQUQBUCQLKT-UHFFFAOYSA-N,4.031900000000001,583.30799254
"InChI=1S/C32H43N3O5S/c1-20-24(15-10-16-27(20)36)29(38)33-25(19-41-23-13-6-5-7-14-23)28(37)31(40)35-18-22-12-9-8-11-21(22)17-26(35)30(39)34-32(2,3)4/h5-7,10,13-16,21-22,25-26,31,36,40H,8-9,11-12,17-19H2,1-4H3,(H,33,38)(H,34,39)",DBKQNZFYPMYGLC-UHFFFAOYSA-N,CC1=C(C=CC=C1O)C(=O)NC(CSC2=CC=CC=C2)C(C(N3CC4CCCCC4CC3C(=O)NC(C)(C)C)O)=O,,,C32H43N3O5S,581.292342476,5.273500000000006,2,1,1,BTM00166,BTM00166,Oxidation of secondary alcohol to ketone,BTMR0079,"CYP1A2
CYP2C9
CYP2C19",HUMAN,BTM00024,CC1=C(C=CC=C1O)C(=O)NC(CSC2=CC=CC=C2)C(C(N3CC4CCCCC4CC3C(=O)NC(C)(C)C)O)O,"InChI=1S/C32H45N3O5S/c1-20-24(15-10-16-27(20)36)29(38)33-25(19-41-23-13-6-5-7-14-23)28(37)31(40)35-18-22-12-9-8-11-21(22)17-26(35)30(39)34-32(2,3)4/h5-7,10,13-16,21-22,25-26,28,31,36-37,40H,8-9,11-12,17-19H2,1-4H3,(H,33,38)(H,34,39)",GHXVYHAPTMDQHD-UHFFFAOYSA-N,5.026600000000003,583.30799254
"InChI=1S/C32H45N3O6S/c1-19-25(36)14-15-26(37)27(19)30(40)33-23(18-42-22-12-6-5-7-13-22)28(38)31(41)35-17-21-11-9-8-10-20(21)16-24(35)29(39)34-32(2,3)4/h5-7,12-15,20-21,23-24,28,31,36-38,41H,8-11,16-18H2,1-4H3,(H,33,40)(H,34,39)",TZNGHRPVNWSXRE-UHFFFAOYSA-N,CC1=C(C(=CC=C1O)O)C(=O)NC(CSC2=CC=CC=C2)C(C(N3CC4CCCCC4CC3C(=O)NC(C)(C)C)O)O,,,C32H45N3O6S,599.30290716,4.7592000000000025,3,1,1,BTM00181,BTM00181,p-Hydroxylation of phenol,BTMR1038,"CYP1A2
CYP2A6
CYP2B6
CYP2C8
CYP2C9
CYP2C19
CYP2D6
CYP2E1
CYP3A4",HUMAN,BTM00024,CC1=C(C=CC=C1O)C(=O)NC(CSC2=CC=CC=C2)C(C(N3CC4CCCCC4CC3C(=O)NC(C)(C)C)O)O,"InChI=1S/C32H45N3O5S/c1-20-24(15-10-16-27(20)36)29(38)33-25(19-41-23-13-6-5-7-14-23)28(37)31(40)35-18-22-12-9-8-11-21(22)17-26(35)30(39)34-32(2,3)4/h5-7,10,13-16,21-22,25-26,28,31,36-37,40H,8-9,11-12,17-19H2,1-4H3,(H,33,38)(H,34,39)",GHXVYHAPTMDQHD-UHFFFAOYSA-N,5.026600000000003,583.30799254
"InChI=1S/C32H45N3O6S/c1-32(2,3)34-30(40)26-16-20-10-7-8-11-21(20)17-35(26)31(41)28(38)25(19-42-22-12-5-4-6-13-22)33-29(39)23-14-9-15-27(37)24(23)18-36/h4-6,9,12-15,20-21,25-26,28,31,36-38,41H,7-8,10-11,16-19H2,1-3H3,(H,33,39)(H,34,40)",WJDALOHUYCKULH-UHFFFAOYSA-N,C(C1=C(C=CC=C1O)C(=O)NC(CSC2=CC=CC=C2)C(C(N3CC4CCCCC4CC3C(=O)NC(C)(C)C)O)O)O,,,C32H45N3O6S,599.30290716,3.9359000000000046,2,2,2,BTM00197,BTM00197,Aliphatic hydroxylation of methyl carbon adjacent to aromatic ring,BTMR1058,"CYP1A2
CYP2A6
CYP2B6
CYP2C8
CYP2C9
CYP2C19
CYP2D6
CYP2E1
CYP3A4",HUMAN,BTM00024,CC1=C(C=CC=C1O)C(=O)NC(CSC2=CC=CC=C2)C(C(N3CC4CCCCC4CC3C(=O)NC(C)(C)C)O)O,"InChI=1S/C32H45N3O5S/c1-20-24(15-10-16-27(20)36)29(38)33-25(19-41-23-13-6-5-7-14-23)28(37)31(40)35-18-22-12-9-8-11-21(22)17-26(35)30(39)34-32(2,3)4/h5-7,10,13-16,21-22,25-26,28,31,36-37,40H,8-9,11-12,17-19H2,1-4H3,(H,33,38)(H,34,39)",GHXVYHAPTMDQHD-UHFFFAOYSA-N,5.026600000000003,583.30799254
"InChI=1S/C32H45N3O6S/c1-19-22(13-9-14-26(19)36)29(39)33-24(18-42-21-11-6-5-7-12-21)28(38)31(41)35-17-23-20(10-8-15-27(23)37)16-25(35)30(40)34-32(2,3)4/h5-7,9,11-14,20,23-25,27-28,31,36-38,41H,8,10,15-18H2,1-4H3,(H,33,39)(H,34,40)",SIYYGOYLGVRWOB-UHFFFAOYSA-N,CC1=C(C=CC=C1O)C(=O)NC(CSC2=CC=CC=C2)C(C(N3CC4C(CCCC4CC3C(=O)NC(C)(C)C)O)O)O,,,C32H45N3O6S,599.30290716,3.7953000000000037,2,1,1,BTM00212,BTM00212,Hydroxylation of alicyclic secondary carbon,BTMR1068,"CYP1A2
CYP2C8
CYP2C9
CYP2C19
CYP2D6
CYP3A4",HUMAN,BTM00024,CC1=C(C=CC=C1O)C(=O)NC(CSC2=CC=CC=C2)C(C(N3CC4CCCCC4CC3C(=O)NC(C)(C)C)O)O,"InChI=1S/C32H45N3O5S/c1-20-24(15-10-16-27(20)36)29(38)33-25(19-41-23-13-6-5-7-14-23)28(37)31(40)35-18-22-12-9-8-11-21(22)17-26(35)30(39)34-32(2,3)4/h5-7,10,13-16,21-22,25-26,28,31,36-37,40H,8-9,11-12,17-19H2,1-4H3,(H,33,38)(H,34,39)",GHXVYHAPTMDQHD-UHFFFAOYSA-N,5.026600000000003,583.30799254
"InChI=1S/C32H45N3O6S/c1-19-24(11-8-12-27(19)37)29(39)33-25(18-42-23-9-6-5-7-10-23)28(38)31(41)35-17-21-15-22(36)14-13-20(21)16-26(35)30(40)34-32(2,3)4/h5-12,20-22,25-26,28,31,36-38,41H,13-18H2,1-4H3,(H,33,39)(H,34,40)",WLUFHFIPKNBYMT-UHFFFAOYSA-N,CC1=C(C=CC=C1O)C(=O)NC(CSC2=CC=CC=C2)C(C(N3CC4CC(CCC4CC3C(=O)NC(C)(C)C)O)O)O,,,C32H45N3O6S,599.30290716,3.7897000000000043,2,1,1,BTM00226,BTM00226,Hydroxylation of alicyclic secondary carbon,BTMR1068,"CYP1A2
CYP2C8
CYP2C9
CYP2C19
CYP2D6
CYP3A4",HUMAN,BTM00024,CC1=C(C=CC=C1O)C(=O)NC(CSC2=CC=CC=C2)C(C(N3CC4CCCCC4CC3C(=O)NC(C)(C)C)O)O,"InChI=1S/C32H45N3O5S/c1-20-24(15-10-16-27(20)36)29(38)33-25(19-41-23-13-6-5-7-14-23)28(37)31(40)35-18-22-12-9-8-11-21(22)17-26(35)30(39)34-32(2,3)4/h5-7,10,13-16,21-22,25-26,28,31,36-37,40H,8-9,11-12,17-19H2,1-4H3,(H,33,38)(H,34,39)",GHXVYHAPTMDQHD-UHFFFAOYSA-N,5.026600000000003,583.30799254
"InChI=1S/C32H45N3O6S/c1-19-24(11-8-12-27(19)37)29(39)33-25(18-42-23-9-6-5-7-10-23)28(38)31(41)35-17-20-13-14-22(36)15-21(20)16-26(35)30(40)34-32(2,3)4/h5-12,20-22,25-26,28,31,36-38,41H,13-18H2,1-4H3,(H,33,39)(H,34,40)",CHWCTKHZEWKDDB-UHFFFAOYSA-N,CC1=C(C=CC=C1O)C(=O)NC(CSC2=CC=CC=C2)C(C(N3CC4CCC(CC4CC3C(=O)NC(C)(C)C)O)O)O,,,C32H45N3O6S,599.30290716,3.7897000000000043,2,1,1,BTM00239,BTM00239,Hydroxylation of alicyclic secondary carbon,BTMR1068,"CYP1A2
CYP2C8
CYP2C9
CYP2C19
CYP2D6
CYP3A4",HUMAN,BTM00024,CC1=C(C=CC=C1O)C(=O)NC(CSC2=CC=CC=C2)C(C(N3CC4CCCCC4CC3C(=O)NC(C)(C)C)O)O,"InChI=1S/C32H45N3O5S/c1-20-24(15-10-16-27(20)36)29(38)33-25(19-41-23-13-6-5-7-14-23)28(37)31(40)35-18-22-12-9-8-11-21(22)17-26(35)30(39)34-32(2,3)4/h5-7,10,13-16,21-22,25-26,28,31,36-37,40H,8-9,11-12,17-19H2,1-4H3,(H,33,38)(H,34,39)",GHXVYHAPTMDQHD-UHFFFAOYSA-N,5.026600000000003,583.30799254
"InChI=1S/C32H45N3O6S/c1-19-22(13-9-14-26(19)36)29(39)33-24(18-42-21-11-6-5-7-12-21)28(38)31(41)35-17-20-10-8-15-27(37)23(20)16-25(35)30(40)34-32(2,3)4/h5-7,9,11-14,20,23-25,27-28,31,36-38,41H,8,10,15-18H2,1-4H3,(H,33,39)(H,34,40)",APTZJRZUFVNBDI-UHFFFAOYSA-N,CC1=C(C=CC=C1O)C(=O)NC(CSC2=CC=CC=C2)C(C(N3CC4CCCC(C4CC3C(=O)NC(C)(C)C)O)O)O,,,C32H45N3O6S,599.30290716,3.8572000000000033,2,1,1,BTM00251,BTM00251,Hydroxylation of alicyclic secondary carbon,BTMR1068,"CYP1A2
CYP2C8
CYP2C9
CYP2C19
CYP2D6
CYP3A4",HUMAN,BTM00024,CC1=C(C=CC=C1O)C(=O)NC(CSC2=CC=CC=C2)C(C(N3CC4CCCCC4CC3C(=O)NC(C)(C)C)O)O,"InChI=1S/C32H45N3O5S/c1-20-24(15-10-16-27(20)36)29(38)33-25(19-41-23-13-6-5-7-14-23)28(37)31(40)35-18-22-12-9-8-11-21(22)17-26(35)30(39)34-32(2,3)4/h5-7,10,13-16,21-22,25-26,28,31,36-37,40H,8-9,11-12,17-19H2,1-4H3,(H,33,38)(H,34,39)",GHXVYHAPTMDQHD-UHFFFAOYSA-N,5.026600000000003,583.30799254
"InChI=1S/C18H19NO5S/c1-11-13(8-5-9-15(11)20)17(22)19-14(16(21)18(23)24)10-25-12-6-3-2-4-7-12/h2-9,14,16,20-21H,10H2,1H3,(H,19,22)(H,23,24)",LTJSNDWFADSREX-UHFFFAOYSA-N,CC1=C(C=CC=C1O)C(=O)NC(CSC2=CC=CC=C2)C(C(=O)O)O,,,C18H19NO5S,361.098393708,2.6348000000000003,0,1,1,BTM00086,BTM00086,N-Dealkylation of alicyclic tertiary amine,BTMR1144,"CYP1A2
CYP2A6
CYP2B6
CYP2C8
CYP2C9
CYP2C19
CYP2D6
CYP3A4",HUMAN,BTM00024,CC1=C(C=CC=C1O)C(=O)NC(CSC2=CC=CC=C2)C(C(N3CC4CCCCC4CC3C(=O)NC(C)(C)C)O)O,"InChI=1S/C32H45N3O5S/c1-20-24(15-10-16-27(20)36)29(38)33-25(19-41-23-13-6-5-7-14-23)28(37)31(40)35-18-22-12-9-8-11-21(22)17-26(35)30(39)34-32(2,3)4/h5-7,10,13-16,21-22,25-26,28,31,36-37,40H,8-9,11-12,17-19H2,1-4H3,(H,33,38)(H,34,39)",GHXVYHAPTMDQHD-UHFFFAOYSA-N,5.026600000000003,583.30799254
"InChI=1S/C14H26N2O/c1-14(2,3)16-13(17)12-8-10-6-4-5-7-11(10)9-15-12/h10-12,15H,4-9H2,1-3H3,(H,16,17)",UPZBXVBPICTBDP-UHFFFAOYSA-N,N1CC2CCCCC2CC1C(=O)NC(C)(C)C,,,C14H26N2O,238.204513452,2.0465,0,0,0,BTM00015,BTM00015,N-Dealkylation of alicyclic tertiary amine,BTMR1144,"CYP1A2
CYP2A6
CYP2B6
CYP2C8
CYP2C9
CYP2C19
CYP2D6
CYP3A4",HUMAN,BTM00024,CC1=C(C=CC=C1O)C(=O)NC(CSC2=CC=CC=C2)C(C(N3CC4CCCCC4CC3C(=O)NC(C)(C)C)O)O,"InChI=1S/C32H45N3O5S/c1-20-24(15-10-16-27(20)36)29(38)33-25(19-41-23-13-6-5-7-14-23)28(37)31(40)35-18-22-12-9-8-11-21(22)17-26(35)30(39)34-32(2,3)4/h5-7,10,13-16,21-22,25-26,28,31,36-37,40H,8-9,11-12,17-19H2,1-4H3,(H,33,38)(H,34,39)",GHXVYHAPTMDQHD-UHFFFAOYSA-N,5.026600000000003,583.30799254
"InChI=1S/C32H45N3O6S/c1-20-24(15-10-16-27(20)36)29(38)33-25(19-42-23-13-6-5-7-14-23)28(37)31(40)35(41)18-22-12-9-8-11-21(22)17-26(35)30(39)34-32(2,3)4/h5-7,10,13-16,21-22,25-26,28,31,36-37,40H,8-9,11-12,17-19H2,1-4H3,(H,33,38)(H,34,39)",YKHWTLHADXTTQN-UHFFFAOYSA-N,CC1=C(C=CC=C1O)C(=O)NC(CSC2=CC=CC=C2)C(C([N+]3(CC4CCCCC4CC3C(=O)NC(C)(C)C)[O-])O)O,,,C32H45N3O6S,599.30290716,4.621500000000003,2,1,1,BTM00314,BTM00314,N-Oxidation of aliphatic tertiary amine,BTMR1100,"CYP1A2
CYP2D6
CYP3A4",HUMAN,BTM00024,CC1=C(C=CC=C1O)C(=O)NC(CSC2=CC=CC=C2)C(C(N3CC4CCCCC4CC3C(=O)NC(C)(C)C)O)O,"InChI=1S/C32H45N3O5S/c1-20-24(15-10-16-27(20)36)29(38)33-25(19-41-23-13-6-5-7-14-23)28(37)31(40)35-18-22-12-9-8-11-21(22)17-26(35)30(39)34-32(2,3)4/h5-7,10,13-16,21-22,25-26,28,31,36-37,40H,8-9,11-12,17-19H2,1-4H3,(H,33,38)(H,34,39)",GHXVYHAPTMDQHD-UHFFFAOYSA-N,5.026600000000003,583.30799254
"InChI=1S/C32H45N3O6S/c1-19-24(15-22(36)16-27(19)37)29(39)33-25(18-42-23-12-6-5-7-13-23)28(38)31(41)35-17-21-11-9-8-10-20(21)14-26(35)30(40)34-32(2,3)4/h5-7,12-13,15-16,20-21,25-26,28,31,36-38,41H,8-11,14,17-18H2,1-4H3,(H,33,39)(H,34,40)",ATVJVVGLNKEWTC-UHFFFAOYSA-N,CC1=C(C=C(C=C1O)O)C(=O)NC(CSC2=CC=CC=C2)C(C(N3CC4CCCCC4CC3C(=O)NC(C)(C)C)O)O,,,C32H45N3O6S,599.30290716,4.7592000000000025,3,1,1,BTM00275,BTM00275,Hydroxylation of benzene on carbon para to electron donating group,BTMR1047,"CYP1A2
CYP2C8
CYP2C9
CYP2D6
CYP3A4",HUMAN,BTM00024,CC1=C(C=CC=C1O)C(=O)NC(CSC2=CC=CC=C2)C(C(N3CC4CCCCC4CC3C(=O)NC(C)(C)C)O)O,"InChI=1S/C32H45N3O5S/c1-20-24(15-10-16-27(20)36)29(38)33-25(19-41-23-13-6-5-7-14-23)28(37)31(40)35-18-22-12-9-8-11-21(22)17-26(35)30(39)34-32(2,3)4/h5-7,10,13-16,21-22,25-26,28,31,36-37,40H,8-9,11-12,17-19H2,1-4H3,(H,33,38)(H,34,39)",GHXVYHAPTMDQHD-UHFFFAOYSA-N,5.026600000000003,583.30799254
"InChI=1S/C32H45N3O6S/c1-19-23(14-15-26(36)27(19)37)29(39)33-24(18-42-22-12-6-5-7-13-22)28(38)31(41)35-17-21-11-9-8-10-20(21)16-25(35)30(40)34-32(2,3)4/h5-7,12-15,20-21,24-25,28,31,36-38,41H,8-11,16-18H2,1-4H3,(H,33,39)(H,34,40)",CAYKLFKOVJMVPW-UHFFFAOYSA-N,CC1=C(C=CC(=C1O)O)C(=O)NC(CSC2=CC=CC=C2)C(C(N3CC4CCCCC4CC3C(=O)NC(C)(C)C)O)O,,,C32H45N3O6S,599.30290716,4.7592000000000025,3,1,1,BTM00283,BTM00283,Hydroxylation of benzene on carbon para to electron donating group,BTMR1047,"CYP1A2
CYP2C8
CYP2C9
CYP2D6
CYP3A4",HUMAN,BTM00024,CC1=C(C=CC=C1O)C(=O)NC(CSC2=CC=CC=C2)C(C(N3CC4CCCCC4CC3C(=O)NC(C)(C)C)O)O,"InChI=1S/C32H45N3O5S/c1-20-24(15-10-16-27(20)36)29(38)33-25(19-41-23-13-6-5-7-14-23)28(37)31(40)35-18-22-12-9-8-11-21(22)17-26(35)30(39)34-32(2,3)4/h5-7,10,13-16,21-22,25-26,28,31,36-37,40H,8-9,11-12,17-19H2,1-4H3,(H,33,38)(H,34,39)",GHXVYHAPTMDQHD-UHFFFAOYSA-N,5.026600000000003,583.30799254
"InChI=1S/C32H45N3O6S/c1-19-22(15-10-16-26(19)36)28(38)33-24(18-42-21-12-6-5-7-13-21)27(37)31(41)35-25(29(39)34-32(2,3)4)17-20-11-8-9-14-23(20)30(35)40/h5-7,10,12-13,15-16,20,23-25,27,30-31,36-37,40-41H,8-9,11,14,17-18H2,1-4H3,(H,33,38)(H,34,39)",CMQQXWRUEBZMAS-UHFFFAOYSA-N,CC1=C(C=CC=C1O)C(=O)NC(CSC2=CC=CC=C2)C(C(N3C(C4CCCCC4CC3C(=O)NC(C)(C)C)O)O)O,,,C32H45N3O6S,599.30290716,4.557500000000004,3,1,1,BTM00315,BTM00315,Hydroxylation of heteroalicyclic secondary carbon,BTMR1070,"CYP1A2
CYP2A6
CYP2C9
CYP2D6
CYP3A4",HUMAN,BTM00024,CC1=C(C=CC=C1O)C(=O)NC(CSC2=CC=CC=C2)C(C(N3CC4CCCCC4CC3C(=O)NC(C)(C)C)O)O,"InChI=1S/C32H45N3O5S/c1-20-24(15-10-16-27(20)36)29(38)33-25(19-41-23-13-6-5-7-14-23)28(37)31(40)35-18-22-12-9-8-11-21(22)17-26(35)30(39)34-32(2,3)4/h5-7,10,13-16,21-22,25-26,28,31,36-37,40H,8-9,11-12,17-19H2,1-4H3,(H,33,38)(H,34,39)",GHXVYHAPTMDQHD-UHFFFAOYSA-N,5.026600000000003,583.30799254
"InChI=1S/C32H45N3O6S/c1-19-22(15-10-16-25(19)36)29(39)33-24(18-42-21-12-6-5-7-13-21)28(38)31(41)35-17-20-11-8-9-14-23(20)27(37)26(35)30(40)34-32(2,3)4/h5-7,10,12-13,15-16,20,23-24,26-28,31,36-38,41H,8-9,11,14,17-18H2,1-4H3,(H,33,39)(H,34,40)",NEPNMTAAXOFJNN-UHFFFAOYSA-N,CC1=C(C=CC=C1O)C(=O)NC(CSC2=CC=CC=C2)C(C(N3CC4CCCCC4C(C3C(=O)NC(C)(C)C)O)O)O,,,C32H45N3O6S,599.30290716,4.127200000000003,3,1,1,BTM00295,BTM00295,Hydroxylation of heteroalicyclic secondary carbon,BTMR1071,CYP1A2,HUMAN,BTM00024,CC1=C(C=CC=C1O)C(=O)NC(CSC2=CC=CC=C2)C(C(N3CC4CCCCC4CC3C(=O)NC(C)(C)C)O)O,"InChI=1S/C32H45N3O5S/c1-20-24(15-10-16-27(20)36)29(38)33-25(19-41-23-13-6-5-7-14-23)28(37)31(40)35-18-22-12-9-8-11-21(22)17-26(35)30(39)34-32(2,3)4/h5-7,10,13-16,21-22,25-26,28,31,36-37,40H,8-9,11-12,17-19H2,1-4H3,(H,33,38)(H,34,39)",GHXVYHAPTMDQHD-UHFFFAOYSA-N,5.026600000000003,583.30799254
"InChI=1S/C32H45N3O6S/c1-20-24(15-10-16-27(20)36)29(38)33-25(19-42(41)23-13-6-5-7-14-23)28(37)31(40)35-18-22-12-9-8-11-21(22)17-26(35)30(39)34-32(2,3)4/h5-7,10,13-16,21-22,25-26,28,31,36-37,40H,8-9,11-12,17-19H2,1-4H3,(H,33,38)(H,34,39)",NTMUZQVCQCTAFN-UHFFFAOYSA-N,CC1=C(C=CC=C1O)C(=O)NC(CS(C2=CC=CC=C2)=O)C(C(N3CC4CCCCC4CC3C(=O)NC(C)(C)C)O)O,,,C32H45N3O6S,599.30290716,3.9148000000000027,1,1,1,BTM00300,BTM00300,S-Oxidation of alkylarylthioether to sulfoxide,BTMR0058,"CYP1A2
CYP2A6
CYP2B6
CYP2C9
CYP2D6
CYP2E1
CYP3A4",HUMAN,BTM00024,CC1=C(C=CC=C1O)C(=O)NC(CSC2=CC=CC=C2)C(C(N3CC4CCCCC4CC3C(=O)NC(C)(C)C)O)O,"InChI=1S/C32H45N3O5S/c1-20-24(15-10-16-27(20)36)29(38)33-25(19-41-23-13-6-5-7-14-23)28(37)31(40)35-18-22-12-9-8-11-21(22)17-26(35)30(39)34-32(2,3)4/h5-7,10,13-16,21-22,25-26,28,31,36-37,40H,8-9,11-12,17-19H2,1-4H3,(H,33,38)(H,34,39)",GHXVYHAPTMDQHD-UHFFFAOYSA-N,5.026600000000003,583.30799254
"InChI=1S/C32H45N3O6S/c1-20-24(14-9-15-27(20)37)29(39)33-25(18-42-23-12-5-4-6-13-23)28(38)31(41)35-17-22-11-8-7-10-21(22)16-26(35)30(40)34-32(2,3)19-36/h4-6,9,12-15,21-22,25-26,28,31,36-38,41H,7-8,10-11,16-19H2,1-3H3,(H,33,39)(H,34,40)",YJBOCGNRLPASBB-UHFFFAOYSA-N,CC1=C(C=CC=C1O)C(=O)NC(CSC2=CC=CC=C2)C(C(N3CC4CCCCC4CC3C(=O)NC(C)(C)CO)O)O,,,C32H45N3O6S,599.30290716,4.138400000000005,2,2,2,BTM00307,BTM00307,Hydroxylation of terminal methyl,BTMR1061,"CYP1A2
CYP2A6
CYP2B6
CYP2C8
CYP2C9
CYP2C19
CYP2D6
CYP2E1
CYP3A4",HUMAN,BTM00024,CC1=C(C=CC=C1O)C(=O)NC(CSC2=CC=CC=C2)C(C(N3CC4CCCCC4CC3C(=O)NC(C)(C)C)O)O,"InChI=1S/C32H45N3O5S/c1-20-24(15-10-16-27(20)36)29(38)33-25(19-41-23-13-6-5-7-14-23)28(37)31(40)35-18-22-12-9-8-11-21(22)17-26(35)30(39)34-32(2,3)4/h5-7,10,13-16,21-22,25-26,28,31,36-37,40H,8-9,11-12,17-19H2,1-4H3,(H,33,38)(H,34,39)",GHXVYHAPTMDQHD-UHFFFAOYSA-N,5.026600000000003,583.30799254
"InChI=1S/C32H45N3O6S/c1-20-23(14-10-15-26(20)36)28(38)33-24(18-42-22-12-6-5-7-13-22)27(37)30(40)35-19-32(41)16-9-8-11-21(32)17-25(35)29(39)34-31(2,3)4/h5-7,10,12-15,21,24-25,27,30,36-37,40-41H,8-9,11,16-19H2,1-4H3,(H,33,38)(H,34,39)",MBOCNTHPXYBQKC-UHFFFAOYSA-N,CC1=C(C=CC=C1O)C(=O)NC(CSC2=CC=CC=C2)C(C(N3CC4(CCCCC4CC3C(=O)NC(C)(C)C)O)O)O,,,C32H45N3O6S,599.30290716,4.0804,2,1,1,BTM00310,BTM00310,Hydroxylation of alicyclic tertiary carbon,BTMR1243,CYP1A2,HUMAN,BTM00024,CC1=C(C=CC=C1O)C(=O)NC(CSC2=CC=CC=C2)C(C(N3CC4CCCCC4CC3C(=O)NC(C)(C)C)O)O,"InChI=1S/C32H45N3O5S/c1-20-24(15-10-16-27(20)36)29(38)33-25(19-41-23-13-6-5-7-14-23)28(37)31(40)35-18-22-12-9-8-11-21(22)17-26(35)30(39)34-32(2,3)4/h5-7,10,13-16,21-22,25-26,28,31,36-37,40H,8-9,11-12,17-19H2,1-4H3,(H,33,38)(H,34,39)",GHXVYHAPTMDQHD-UHFFFAOYSA-N,5.026600000000003,583.30799254
"InChI=1S/C32H45N3O6S/c1-20-23(14-10-15-26(20)36)28(38)33-24(19-42-22-12-6-5-7-13-22)27(37)30(40)35-18-21-11-8-9-16-32(21,41)17-25(35)29(39)34-31(2,3)4/h5-7,10,12-15,21,24-25,27,30,36-37,40-41H,8-9,11,16-19H2,1-4H3,(H,33,38)(H,34,39)",LLKRQOBDDAPHSL-UHFFFAOYSA-N,CC1=C(C=CC=C1O)C(=O)NC(CSC2=CC=CC=C2)C(C(N3CC4CCCCC4(CC3C(=O)NC(C)(C)C)O)O)O,,,C32H45N3O6S,599.30290716,3.6921999999999997,2,1,1,BTM00312,BTM00312,Hydroxylation of alicyclic tertiary carbon,BTMR1243,CYP1A2,HUMAN,BTM00024,CC1=C(C=CC=C1O)C(=O)NC(CSC2=CC=CC=C2)C(C(N3CC4CCCCC4CC3C(=O)NC(C)(C)C)O)O,"InChI=1S/C32H45N3O5S/c1-20-24(15-10-16-27(20)36)29(38)33-25(19-41-23-13-6-5-7-14-23)28(37)31(40)35-18-22-12-9-8-11-21(22)17-26(35)30(39)34-32(2,3)4/h5-7,10,13-16,21-22,25-26,28,31,36-37,40H,8-9,11-12,17-19H2,1-4H3,(H,33,38)(H,34,39)",GHXVYHAPTMDQHD-UHFFFAOYSA-N,5.026600000000003,583.30799254
"InChI=1S/C32H43N3O5S/c1-21-25(15-10-16-27(21)36)29(38)33-26(20-41-24-13-6-5-7-14-24)28(37)19-35-18-23-12-9-8-11-22(23)17-32(35,40)30(39)34-31(2,3)4/h5-7,10,13-16,22-23,26,36,40H,8-9,11-12,17-20H2,1-4H3,(H,33,38)(H,34,39)",KUKIEFVWALAMQJ-UHFFFAOYSA-N,CC1=C(C=CC=C1O)C(=O)NC(CSC2=CC=CC=C2)C(CN3CC4CCCCC4CC3(C(=O)NC(C)(C)C)O)=O,,,C32H43N3O5S,581.292342476,4.964500000000002,2,1,1,BTM00167,BTM00167,Oxidation of secondary alcohol to ketone,BTMR0079,"CYP1A2
CYP2C9
CYP2C19",HUMAN,BTM00025,CC1=C(C=CC=C1O)C(=O)NC(CSC2=CC=CC=C2)C(CN3CC4CCCCC4CC3(C(=O)NC(C)(C)C)O)O,"InChI=1S/C32H45N3O5S/c1-21-25(15-10-16-27(21)36)29(38)33-26(20-41-24-13-6-5-7-14-24)28(37)19-35-18-23-12-9-8-11-22(23)17-32(35,40)30(39)34-31(2,3)4/h5-7,10,13-16,22-23,26,28,36-37,40H,8-9,11-12,17-20H2,1-4H3,(H,33,38)(H,34,39)",CKMLMDWFDUVOMT-UHFFFAOYSA-N,4.717600000000001,583.30799254
"InChI=1S/C32H45N3O6S/c1-20-25(36)14-15-26(37)28(20)29(39)33-24(19-42-23-12-6-5-7-13-23)27(38)18-35-17-22-11-9-8-10-21(22)16-32(35,41)30(40)34-31(2,3)4/h5-7,12-15,21-22,24,27,36-38,41H,8-11,16-19H2,1-4H3,(H,33,39)(H,34,40)",ZHKKCXRFLMSMFV-UHFFFAOYSA-N,CC1=C(C(=CC=C1O)O)C(=O)NC(CSC2=CC=CC=C2)C(CN3CC4CCCCC4CC3(C(=O)NC(C)(C)C)O)O,,,C32H45N3O6S,599.30290716,4.450199999999999,3,1,1,BTM00182,BTM00182,p-Hydroxylation of phenol,BTMR1038,"CYP1A2
CYP2A6
CYP2B6
CYP2C8
CYP2C9
CYP2C19
CYP2D6
CYP2E1
CYP3A4",HUMAN,BTM00025,CC1=C(C=CC=C1O)C(=O)NC(CSC2=CC=CC=C2)C(CN3CC4CCCCC4CC3(C(=O)NC(C)(C)C)O)O,"InChI=1S/C32H45N3O5S/c1-21-25(15-10-16-27(21)36)29(38)33-26(20-41-24-13-6-5-7-14-24)28(37)19-35-18-23-12-9-8-11-22(23)17-32(35,40)30(39)34-31(2,3)4/h5-7,10,13-16,22-23,26,28,36-37,40H,8-9,11-12,17-20H2,1-4H3,(H,33,38)(H,34,39)",CKMLMDWFDUVOMT-UHFFFAOYSA-N,4.717600000000001,583.30799254
"InChI=1S/C32H45N3O6S/c1-31(2,3)34-30(40)32(41)16-21-10-7-8-11-22(21)17-35(32)18-28(38)26(20-42-23-12-5-4-6-13-23)33-29(39)24-14-9-15-27(37)25(24)19-36/h4-6,9,12-15,21-22,26,28,36-38,41H,7-8,10-11,16-20H2,1-3H3,(H,33,39)(H,34,40)",WWZKVSSTOYFQGM-UHFFFAOYSA-N,C(C1=C(C=CC=C1O)C(=O)NC(CSC2=CC=CC=C2)C(CN3CC4CCCCC4CC3(C(=O)NC(C)(C)C)O)O)O,,,C32H45N3O6S,599.30290716,3.626900000000001,2,2,2,BTM00198,BTM00198,Aliphatic hydroxylation of methyl carbon adjacent to aromatic ring,BTMR1058,"CYP1A2
CYP2A6
CYP2B6
CYP2C8
CYP2C9
CYP2C19
CYP2D6
CYP2E1
CYP3A4",HUMAN,BTM00025,CC1=C(C=CC=C1O)C(=O)NC(CSC2=CC=CC=C2)C(CN3CC4CCCCC4CC3(C(=O)NC(C)(C)C)O)O,"InChI=1S/C32H45N3O5S/c1-21-25(15-10-16-27(21)36)29(38)33-26(20-41-24-13-6-5-7-14-24)28(37)19-35-18-23-12-9-8-11-22(23)17-32(35,40)30(39)34-31(2,3)4/h5-7,10,13-16,22-23,26,28,36-37,40H,8-9,11-12,17-20H2,1-4H3,(H,33,38)(H,34,39)",CKMLMDWFDUVOMT-UHFFFAOYSA-N,4.717600000000001,583.30799254
"InChI=1S/C32H45N3O6S/c1-20-23(13-9-14-26(20)36)29(39)33-25(19-42-22-11-6-5-7-12-22)28(38)18-35-17-24-21(10-8-15-27(24)37)16-32(35,41)30(40)34-31(2,3)4/h5-7,9,11-14,21,24-25,27-28,36-38,41H,8,10,15-19H2,1-4H3,(H,33,39)(H,34,40)",SNLOZIAEJMRNKJ-UHFFFAOYSA-N,CC1=C(C=CC=C1O)C(=O)NC(CSC2=CC=CC=C2)C(CN3CC4C(CCCC4CC3(C(=O)NC(C)(C)C)O)O)O,,,C32H45N3O6S,599.30290716,3.486300000000001,2,1,1,BTM00213,BTM00213,Hydroxylation of alicyclic secondary carbon,BTMR1068,"CYP1A2
CYP2C8
CYP2C9
CYP2C19
CYP2D6
CYP3A4",HUMAN,BTM00025,CC1=C(C=CC=C1O)C(=O)NC(CSC2=CC=CC=C2)C(CN3CC4CCCCC4CC3(C(=O)NC(C)(C)C)O)O,"InChI=1S/C32H45N3O5S/c1-21-25(15-10-16-27(21)36)29(38)33-26(20-41-24-13-6-5-7-14-24)28(37)19-35-18-23-12-9-8-11-22(23)17-32(35,40)30(39)34-31(2,3)4/h5-7,10,13-16,22-23,26,28,36-37,40H,8-9,11-12,17-20H2,1-4H3,(H,33,38)(H,34,39)",CKMLMDWFDUVOMT-UHFFFAOYSA-N,4.717600000000001,583.30799254
"InChI=1S/C32H45N3O6S/c1-20-25(11-8-12-27(20)37)29(39)33-26(19-42-24-9-6-5-7-10-24)28(38)18-35-17-22-15-23(36)14-13-21(22)16-32(35,41)30(40)34-31(2,3)4/h5-12,21-23,26,28,36-38,41H,13-19H2,1-4H3,(H,33,39)(H,34,40)",NCDBAWVZSPDYMD-UHFFFAOYSA-N,CC1=C(C=CC=C1O)C(=O)NC(CSC2=CC=CC=C2)C(CN3CC4CC(CCC4CC3(C(=O)NC(C)(C)C)O)O)O,,,C32H45N3O6S,599.30290716,3.4807000000000015,2,1,1,BTM00227,BTM00227,Hydroxylation of alicyclic secondary carbon,BTMR1068,"CYP1A2
CYP2C8
CYP2C9
CYP2C19
CYP2D6
CYP3A4",HUMAN,BTM00025,CC1=C(C=CC=C1O)C(=O)NC(CSC2=CC=CC=C2)C(CN3CC4CCCCC4CC3(C(=O)NC(C)(C)C)O)O,"InChI=1S/C32H45N3O5S/c1-21-25(15-10-16-27(21)36)29(38)33-26(20-41-24-13-6-5-7-14-24)28(37)19-35-18-23-12-9-8-11-22(23)17-32(35,40)30(39)34-31(2,3)4/h5-7,10,13-16,22-23,26,28,36-37,40H,8-9,11-12,17-20H2,1-4H3,(H,33,38)(H,34,39)",CKMLMDWFDUVOMT-UHFFFAOYSA-N,4.717600000000001,583.30799254
"InChI=1S/C32H45N3O6S/c1-20-25(11-8-12-27(20)37)29(39)33-26(19-42-24-9-6-5-7-10-24)28(38)18-35-17-21-13-14-23(36)15-22(21)16-32(35,41)30(40)34-31(2,3)4/h5-12,21-23,26,28,36-38,41H,13-19H2,1-4H3,(H,33,39)(H,34,40)",QSBXYHUDOXPWJR-UHFFFAOYSA-N,CC1=C(C=CC=C1O)C(=O)NC(CSC2=CC=CC=C2)C(CN3CC4CCC(CC4CC3(C(=O)NC(C)(C)C)O)O)O,,,C32H45N3O6S,599.30290716,3.4807000000000015,2,1,1,BTM00240,BTM00240,Hydroxylation of alicyclic secondary carbon,BTMR1068,"CYP1A2
CYP2C8
CYP2C9
CYP2C19
CYP2D6
CYP3A4",HUMAN,BTM00025,CC1=C(C=CC=C1O)C(=O)NC(CSC2=CC=CC=C2)C(CN3CC4CCCCC4CC3(C(=O)NC(C)(C)C)O)O,"InChI=1S/C32H45N3O5S/c1-21-25(15-10-16-27(21)36)29(38)33-26(20-41-24-13-6-5-7-14-24)28(37)19-35-18-23-12-9-8-11-22(23)17-32(35,40)30(39)34-31(2,3)4/h5-7,10,13-16,22-23,26,28,36-37,40H,8-9,11-12,17-20H2,1-4H3,(H,33,38)(H,34,39)",CKMLMDWFDUVOMT-UHFFFAOYSA-N,4.717600000000001,583.30799254
"InChI=1S/C32H45N3O6S/c1-20-23(13-9-14-26(20)36)29(39)33-25(19-42-22-11-6-5-7-12-22)28(38)18-35-17-21-10-8-15-27(37)24(21)16-32(35,41)30(40)34-31(2,3)4/h5-7,9,11-14,21,24-25,27-28,36-38,41H,8,10,15-19H2,1-4H3,(H,33,39)(H,34,40)",IDOFLULDEQCYFG-UHFFFAOYSA-N,CC1=C(C=CC=C1O)C(=O)NC(CSC2=CC=CC=C2)C(CN3CC4CCCC(C4CC3(C(=O)NC(C)(C)C)O)O)O,,,C32H45N3O6S,599.30290716,3.5482000000000014,2,1,1,BTM00252,BTM00252,Hydroxylation of alicyclic secondary carbon,BTMR1068,"CYP1A2
CYP2C8
CYP2C9
CYP2C19
CYP2D6
CYP3A4",HUMAN,BTM00025,CC1=C(C=CC=C1O)C(=O)NC(CSC2=CC=CC=C2)C(CN3CC4CCCCC4CC3(C(=O)NC(C)(C)C)O)O,"InChI=1S/C32H45N3O5S/c1-21-25(15-10-16-27(21)36)29(38)33-26(20-41-24-13-6-5-7-14-24)28(37)19-35-18-23-12-9-8-11-22(23)17-32(35,40)30(39)34-31(2,3)4/h5-7,10,13-16,22-23,26,28,36-37,40H,8-9,11-12,17-20H2,1-4H3,(H,33,38)(H,34,39)",CKMLMDWFDUVOMT-UHFFFAOYSA-N,4.717600000000001,583.30799254
"InChI=1S/C18H19NO4S/c1-12-14(8-5-9-16(12)21)18(23)19-15(17(22)10-20)11-24-13-6-3-2-4-7-13/h2-10,15,17,21-22H,11H2,1H3,(H,19,23)",FQXWQOQASHJKCY-UHFFFAOYSA-N,CC1=C(C=CC=C1O)C(=O)NC(CSC2=CC=CC=C2)C(C=O)O,,,C18H19NO4S,345.10347908800003,2.6822,0,1,1,BTM00014,BTM00014,N-Dealkylation of alicyclic tertiary amine,BTMR1144,"CYP1A2
CYP2A6
CYP2B6
CYP2C8
CYP2C9
CYP2C19
CYP2D6
CYP3A4",HUMAN,BTM00025,CC1=C(C=CC=C1O)C(=O)NC(CSC2=CC=CC=C2)C(CN3CC4CCCCC4CC3(C(=O)NC(C)(C)C)O)O,"InChI=1S/C32H45N3O5S/c1-21-25(15-10-16-27(21)36)29(38)33-26(20-41-24-13-6-5-7-14-24)28(37)19-35-18-23-12-9-8-11-22(23)17-32(35,40)30(39)34-31(2,3)4/h5-7,10,13-16,22-23,26,28,36-37,40H,8-9,11-12,17-20H2,1-4H3,(H,33,38)(H,34,39)",CKMLMDWFDUVOMT-UHFFFAOYSA-N,4.717600000000001,583.30799254
"InChI=1S/C14H26N2O2/c1-13(2,3)16-12(17)14(18)8-10-6-4-5-7-11(10)9-15-14/h10-11,15,18H,4-9H2,1-3H3,(H,16,17)",PYOHDBRPGJCOQN-UHFFFAOYSA-N,N1CC2CCCCC2CC1(C(=O)NC(C)(C)C)O,,,C14H26N2O2,254.199428072,1.3978000000000002,0,1,1,BTM00316,BTM00316,N-Dealkylation of alicyclic tertiary amine,BTMR1144,"CYP1A2
CYP2A6
CYP2B6
CYP2C8
CYP2C9
CYP2C19
CYP2D6
CYP3A4",HUMAN,BTM00025,CC1=C(C=CC=C1O)C(=O)NC(CSC2=CC=CC=C2)C(CN3CC4CCCCC4CC3(C(=O)NC(C)(C)C)O)O,"InChI=1S/C32H45N3O5S/c1-21-25(15-10-16-27(21)36)29(38)33-26(20-41-24-13-6-5-7-14-24)28(37)19-35-18-23-12-9-8-11-22(23)17-32(35,40)30(39)34-31(2,3)4/h5-7,10,13-16,22-23,26,28,36-37,40H,8-9,11-12,17-20H2,1-4H3,(H,33,38)(H,34,39)",CKMLMDWFDUVOMT-UHFFFAOYSA-N,4.717600000000001,583.30799254
"InChI=1S/C32H45N3O6S/c1-21-25(15-10-16-27(21)36)29(38)33-26(20-42-24-13-6-5-7-14-24)28(37)19-35(41)18-23-12-9-8-11-22(23)17-32(35,40)30(39)34-31(2,3)4/h5-7,10,13-16,22-23,26,28,36-37,40H,8-9,11-12,17-20H2,1-4H3,(H,33,38)(H,34,39)",GWBXGUZHXLNOPN-UHFFFAOYSA-N,CC1=C(C=CC=C1O)C(=O)NC(CSC2=CC=CC=C2)C(C[N+]3(CC4CCCCC4CC3(C(=O)NC(C)(C)C)O)[O-])O,,,C32H45N3O6S,599.30290716,4.3125,2,1,1,BTM00317,BTM00317,N-Oxidation of aliphatic tertiary amine,BTMR1100,"CYP1A2
CYP2D6
CYP3A4",HUMAN,BTM00025,CC1=C(C=CC=C1O)C(=O)NC(CSC2=CC=CC=C2)C(CN3CC4CCCCC4CC3(C(=O)NC(C)(C)C)O)O,"InChI=1S/C32H45N3O5S/c1-21-25(15-10-16-27(21)36)29(38)33-26(20-41-24-13-6-5-7-14-24)28(37)19-35-18-23-12-9-8-11-22(23)17-32(35,40)30(39)34-31(2,3)4/h5-7,10,13-16,22-23,26,28,36-37,40H,8-9,11-12,17-20H2,1-4H3,(H,33,38)(H,34,39)",CKMLMDWFDUVOMT-UHFFFAOYSA-N,4.717600000000001,583.30799254
"InChI=1S/C32H45N3O6S/c1-20-25(14-23(36)15-27(20)37)29(39)33-26(19-42-24-12-6-5-7-13-24)28(38)18-35-17-22-11-9-8-10-21(22)16-32(35,41)30(40)34-31(2,3)4/h5-7,12-15,21-22,26,28,36-38,41H,8-11,16-19H2,1-4H3,(H,33,39)(H,34,40)",ZMQUBRXNTKRSEB-UHFFFAOYSA-N,CC1=C(C=C(C=C1O)O)C(=O)NC(CSC2=CC=CC=C2)C(CN3CC4CCCCC4CC3(C(=O)NC(C)(C)C)O)O,,,C32H45N3O6S,599.30290716,4.450199999999999,2,1,1,BTM00276,BTM00276,Hydroxylation of benzene on carbon para to electron donating group,BTMR1047,"CYP1A2
CYP2C8
CYP2C9
CYP2D6
CYP3A4",HUMAN,BTM00025,CC1=C(C=CC=C1O)C(=O)NC(CSC2=CC=CC=C2)C(CN3CC4CCCCC4CC3(C(=O)NC(C)(C)C)O)O,"InChI=1S/C32H45N3O5S/c1-21-25(15-10-16-27(21)36)29(38)33-26(20-41-24-13-6-5-7-14-24)28(37)19-35-18-23-12-9-8-11-22(23)17-32(35,40)30(39)34-31(2,3)4/h5-7,10,13-16,22-23,26,28,36-37,40H,8-9,11-12,17-20H2,1-4H3,(H,33,38)(H,34,39)",CKMLMDWFDUVOMT-UHFFFAOYSA-N,4.717600000000001,583.30799254
"InChI=1S/C32H45N3O6S/c1-20-24(14-15-26(36)28(20)38)29(39)33-25(19-42-23-12-6-5-7-13-23)27(37)18-35-17-22-11-9-8-10-21(22)16-32(35,41)30(40)34-31(2,3)4/h5-7,12-15,21-22,25,27,36-38,41H,8-11,16-19H2,1-4H3,(H,33,39)(H,34,40)",RGTUKKVOXBITLH-UHFFFAOYSA-N,CC1=C(C=CC(=C1O)O)C(=O)NC(CSC2=CC=CC=C2)C(CN3CC4CCCCC4CC3(C(=O)NC(C)(C)C)O)O,,,C32H45N3O6S,599.30290716,4.450199999999999,2,1,1,BTM00284,BTM00284,Hydroxylation of benzene on carbon para to electron donating group,BTMR1047,"CYP1A2
CYP2C8
CYP2C9
CYP2D6
CYP3A4",HUMAN,BTM00025,CC1=C(C=CC=C1O)C(=O)NC(CSC2=CC=CC=C2)C(CN3CC4CCCCC4CC3(C(=O)NC(C)(C)C)O)O,"InChI=1S/C32H45N3O5S/c1-21-25(15-10-16-27(21)36)29(38)33-26(20-41-24-13-6-5-7-14-24)28(37)19-35-18-23-12-9-8-11-22(23)17-32(35,40)30(39)34-31(2,3)4/h5-7,10,13-16,22-23,26,28,36-37,40H,8-9,11-12,17-20H2,1-4H3,(H,33,38)(H,34,39)",CKMLMDWFDUVOMT-UHFFFAOYSA-N,4.717600000000001,583.30799254
"InChI=1S/C32H45N3O6S/c1-20-23(15-10-16-26(20)36)28(38)33-25(19-42-22-12-6-5-7-13-22)27(37)18-35-29(39)24-14-9-8-11-21(24)17-32(35,41)30(40)34-31(2,3)4/h5-7,10,12-13,15-16,21,24-25,27,29,36-37,39,41H,8-9,11,14,17-19H2,1-4H3,(H,33,38)(H,34,40)",MSVGGDKGVHLTAF-UHFFFAOYSA-N,CC1=C(C=CC=C1O)C(=O)NC(CSC2=CC=CC=C2)C(CN3C(C4CCCCC4CC3(C(=O)NC(C)(C)C)O)O)O,,,C32H45N3O6S,599.30290716,4.248500000000005,2,1,1,BTM00318,BTM00318,Hydroxylation of heteroalicyclic secondary carbon,BTMR1070,"CYP1A2
CYP2A6
CYP2C9
CYP2D6
CYP3A4",HUMAN,BTM00025,CC1=C(C=CC=C1O)C(=O)NC(CSC2=CC=CC=C2)C(CN3CC4CCCCC4CC3(C(=O)NC(C)(C)C)O)O,"InChI=1S/C32H45N3O5S/c1-21-25(15-10-16-27(21)36)29(38)33-26(20-41-24-13-6-5-7-14-24)28(37)19-35-18-23-12-9-8-11-22(23)17-32(35,40)30(39)34-31(2,3)4/h5-7,10,13-16,22-23,26,28,36-37,40H,8-9,11-12,17-20H2,1-4H3,(H,33,38)(H,34,39)",CKMLMDWFDUVOMT-UHFFFAOYSA-N,4.717600000000001,583.30799254
"InChI=1S/C32H45N3O6S/c1-20-23(15-10-16-26(20)36)29(39)33-25(19-42-22-12-6-5-7-13-22)27(37)18-35-17-21-11-8-9-14-24(21)28(38)32(35,41)30(40)34-31(2,3)4/h5-7,10,12-13,15-16,21,24-25,27-28,36-38,41H,8-9,11,14,17-19H2,1-4H3,(H,33,39)(H,34,40)",QQQPHIWQKSSTSW-UHFFFAOYSA-N,CC1=C(C=CC=C1O)C(=O)NC(CSC2=CC=CC=C2)C(CN3CC4CCCCC4C(C3(C(=O)NC(C)(C)C)O)O)O,,,C32H45N3O6S,599.30290716,4.077000000000002,3,1,1,BTM00296,BTM00296,Hydroxylation of heteroalicyclic secondary carbon,BTMR1071,CYP1A2,HUMAN,BTM00025,CC1=C(C=CC=C1O)C(=O)NC(CSC2=CC=CC=C2)C(CN3CC4CCCCC4CC3(C(=O)NC(C)(C)C)O)O,"InChI=1S/C32H45N3O5S/c1-21-25(15-10-16-27(21)36)29(38)33-26(20-41-24-13-6-5-7-14-24)28(37)19-35-18-23-12-9-8-11-22(23)17-32(35,40)30(39)34-31(2,3)4/h5-7,10,13-16,22-23,26,28,36-37,40H,8-9,11-12,17-20H2,1-4H3,(H,33,38)(H,34,39)",CKMLMDWFDUVOMT-UHFFFAOYSA-N,4.717600000000001,583.30799254
"InChI=1S/C32H45N3O6S/c1-21-25(15-10-16-27(21)36)29(38)33-26(20-42(41)24-13-6-5-7-14-24)28(37)19-35-18-23-12-9-8-11-22(23)17-32(35,40)30(39)34-31(2,3)4/h5-7,10,13-16,22-23,26,28,36-37,40H,8-9,11-12,17-20H2,1-4H3,(H,33,38)(H,34,39)",DJYGQRVTCUANTH-UHFFFAOYSA-N,CC1=C(C=CC=C1O)C(=O)NC(CS(C2=CC=CC=C2)=O)C(CN3CC4CCCCC4CC3(C(=O)NC(C)(C)C)O)O,,,C32H45N3O6S,599.30290716,3.605800000000001,1,1,1,BTM00301,BTM00301,S-Oxidation of alkylarylthioether to sulfoxide,BTMR0058,"CYP1A2
CYP2A6
CYP2B6
CYP2C9
CYP2D6
CYP2E1
CYP3A4",HUMAN,BTM00025,CC1=C(C=CC=C1O)C(=O)NC(CSC2=CC=CC=C2)C(CN3CC4CCCCC4CC3(C(=O)NC(C)(C)C)O)O,"InChI=1S/C32H45N3O5S/c1-21-25(15-10-16-27(21)36)29(38)33-26(20-41-24-13-6-5-7-14-24)28(37)19-35-18-23-12-9-8-11-22(23)17-32(35,40)30(39)34-31(2,3)4/h5-7,10,13-16,22-23,26,28,36-37,40H,8-9,11-12,17-20H2,1-4H3,(H,33,38)(H,34,39)",CKMLMDWFDUVOMT-UHFFFAOYSA-N,4.717600000000001,583.30799254
"InChI=1S/C32H45N3O6S/c1-21-25(14-9-15-27(21)37)29(39)33-26(19-42-24-12-5-4-6-13-24)28(38)18-35-17-23-11-8-7-10-22(23)16-32(35,41)30(40)34-31(2,3)20-36/h4-6,9,12-15,22-23,26,28,36-38,41H,7-8,10-11,16-20H2,1-3H3,(H,33,39)(H,34,40)",SFFRHNCHEGNXNE-UHFFFAOYSA-N,CC1=C(C=CC=C1O)C(=O)NC(CSC2=CC=CC=C2)C(CN3CC4CCCCC4CC3(C(=O)NC(C)(C)CO)O)O,,,C32H45N3O6S,599.30290716,3.8294000000000024,2,2,2,BTM00308,BTM00308,Hydroxylation of terminal methyl,BTMR1061,"CYP1A2
CYP2A6
CYP2B6
CYP2C8
CYP2C9
CYP2C19
CYP2D6
CYP2E1
CYP3A4",HUMAN,BTM00025,CC1=C(C=CC=C1O)C(=O)NC(CSC2=CC=CC=C2)C(CN3CC4CCCCC4CC3(C(=O)NC(C)(C)C)O)O,"InChI=1S/C32H45N3O5S/c1-21-25(15-10-16-27(21)36)29(38)33-26(20-41-24-13-6-5-7-14-24)28(37)19-35-18-23-12-9-8-11-22(23)17-32(35,40)30(39)34-31(2,3)4/h5-7,10,13-16,22-23,26,28,36-37,40H,8-9,11-12,17-20H2,1-4H3,(H,33,38)(H,34,39)",CKMLMDWFDUVOMT-UHFFFAOYSA-N,4.717600000000001,583.30799254
"InChI=1S/C32H45N3O6S/c1-21-24(14-10-15-26(21)36)28(38)33-25(19-42-23-12-6-5-7-13-23)27(37)18-35-20-31(40)16-9-8-11-22(31)17-32(35,41)29(39)34-30(2,3)4/h5-7,10,12-15,22,25,27,36-37,40-41H,8-9,11,16-20H2,1-4H3,(H,33,38)(H,34,39)",VKLOCDZITFJNHY-UHFFFAOYSA-N,CC1=C(C=CC=C1O)C(=O)NC(CSC2=CC=CC=C2)C(CN3CC4(CCCCC4CC3(C(=O)NC(C)(C)C)O)O)O,,,C32H45N3O6S,599.30290716,3.771399999999999,2,1,1,BTM00311,BTM00311,Hydroxylation of alicyclic tertiary carbon,BTMR1243,CYP1A2,HUMAN,BTM00025,CC1=C(C=CC=C1O)C(=O)NC(CSC2=CC=CC=C2)C(CN3CC4CCCCC4CC3(C(=O)NC(C)(C)C)O)O,"InChI=1S/C32H45N3O5S/c1-21-25(15-10-16-27(21)36)29(38)33-26(20-41-24-13-6-5-7-14-24)28(37)19-35-18-23-12-9-8-11-22(23)17-32(35,40)30(39)34-31(2,3)4/h5-7,10,13-16,22-23,26,28,36-37,40H,8-9,11-12,17-20H2,1-4H3,(H,33,38)(H,34,39)",CKMLMDWFDUVOMT-UHFFFAOYSA-N,4.717600000000001,583.30799254
"InChI=1S/C32H45N3O6S/c1-21-24(14-10-15-26(21)36)28(38)33-25(19-42-23-12-6-5-7-13-23)27(37)18-35-17-22-11-8-9-16-31(22,40)20-32(35,41)29(39)34-30(2,3)4/h5-7,10,12-15,22,25,27,36-37,40-41H,8-9,11,16-20H2,1-4H3,(H,33,38)(H,34,39)",HUVBWSHKLMYRRY-UHFFFAOYSA-N,CC1=C(C=CC=C1O)C(=O)NC(CSC2=CC=CC=C2)C(CN3CC4CCCCC4(CC3(C(=O)NC(C)(C)C)O)O)O,,,C32H45N3O6S,599.30290716,3.8351999999999986,2,1,1,BTM00313,BTM00313,Hydroxylation of alicyclic tertiary carbon,BTMR1243,CYP1A2,HUMAN,BTM00025,CC1=C(C=CC=C1O)C(=O)NC(CSC2=CC=CC=C2)C(CN3CC4CCCCC4CC3(C(=O)NC(C)(C)C)O)O,"InChI=1S/C32H45N3O5S/c1-21-25(15-10-16-27(21)36)29(38)33-26(20-41-24-13-6-5-7-14-24)28(37)19-35-18-23-12-9-8-11-22(23)17-32(35,40)30(39)34-31(2,3)4/h5-7,10,13-16,22-23,26,28,36-37,40H,8-9,11-12,17-20H2,1-4H3,(H,33,38)(H,34,39)",CKMLMDWFDUVOMT-UHFFFAOYSA-N,4.717600000000001,583.30799254
"InChI=1S/C32H45N3O4S/c1-21-25(15-10-16-28(21)36)30(38)33-26(20-40-24-13-6-5-7-14-24)29(37)19-35-18-23-12-9-8-11-22(23)17-27(35)31(39)34-32(2,3)4/h5-7,10,13-16,22-23,26-27,29,36-37H,8-9,11-12,17-20H2,1-4H3,(H,33,38)(H,34,39)",QAGYKUNXZHXKMR-UHFFFAOYSA-N,CC1=C(C=CC=C1O)C(=O)NC(CSC2=CC=CC=C2)C(CN3CC4CCCCC4CC3C(=O)NC(C)(C)C)O,,,C32H45N3O4S,567.3130,,2,1,1,,,m-Dehydroxylation of substituted resorcinol,BTMR0279,Unspecified bacterial dehydroxylase,GUTMICRO,BTM00016,CC1=C(C=C(C=C1O)O)C(=O)NC(CSC2=CC=CC=C2)C(CN3CC4CCCCC4CC3C(=O)NC(C)(C)C)O,"InChI=1S/C32H45N3O5S/c1-20-25(15-23(36)16-28(20)37)30(39)33-26(19-41-24-12-6-5-7-13-24)29(38)18-35-17-22-11-9-8-10-21(22)14-27(35)31(40)34-32(2,3)4/h5-7,12-13,15-16,21-22,26-27,29,36-38H,8-11,14,17-19H2,1-4H3,(H,33,39)(H,34,40)",DJMJDJQFZAFYKM-UHFFFAOYSA-N,5.098900000000002,583.30799254
