InChI,InChIKey,SMILES,Synonyms,PUBCHEM_CID,Molecular formula,Major Isotope Mass,ALogP,Lipinski_Violations,Insecticide_Likeness_Violations,Post_Em_Herbicide_Likeness_Violations,Metabolite ID,cdk:Title,Reaction,Reaction ID,Enzyme(s),Biosystem,Precursor ID,Precursor SMILES,Precursor InChI,Precursor InChIKey,Precursor ALogP,Precursor Major Isotope Mass
"InChI=1S/C23H34N6O5S/c1-5-8-20-25-16(4)21(23(30)31)29(20)26-22(24)18-15-17(9-10-19(18)34-7-3)35(32,33)28-13-11-27(6-2)12-14-28/h9-10,15H,5-8,11-14H2,1-4H3,(H2,24,26)(H,30,31)",DHLFQHIRRUNCNS-UHFFFAOYSA-N,CCCC1=NC(=C(N1NC(=N)C2=C(C=CC(=C2)S(=O)(=O)N3CCN(CC3)CC)OCC)C(=O)O)C,,,C23H34N6O5S,506.231139188,2.1566,1,1,1,BTM00001,BTM00001,Hydrolysis of cyclic secondary carboxamide,BTMR0093,EC 3.5.2.X,HUMAN,,CCCC1=NC(=C2N1NC(=NC2=O)C3=C(C=CC(=C3)S(=O)(=O)N4CCN(CC4)CC)OCC)C,"InChI=1S/C23H32N6O4S/c1-5-8-20-24-16(4)21-23(30)25-22(26-29(20)21)18-15-17(9-10-19(18)33-7-3)34(31,32)28-13-11-27(6-2)12-14-28/h9-10,15H,5-8,11-14H2,1-4H3,(H,25,26,30)",SECKRCOLJRRGGV-UHFFFAOYSA-N,,488.2205
"InChI=1S/C23H32N6O5S/c1-5-18(30)22-24-15(4)20-23(31)25-21(26-29(20)22)17-14-16(8-9-19(17)34-7-3)35(32,33)28-12-10-27(6-2)11-13-28/h8-9,14,18,30H,5-7,10-13H2,1-4H3,(H,25,26,31)",FSGDVPBGQFDZBD-UHFFFAOYSA-N,CCC(C1=NC(=C2N1NC(=NC2=O)C3=C(C=CC(=C3)S(=O)(=O)N4CCN(CC4)CC)OCC)C)O,,,C23H32N6O5S,504.215489124,2.107600000000003,1,0,0,BTM00002,BTM00002,Hydroxylation of antepenultimate aliphatic secondary carbon,BTMR1072,"CYP1A2
CYP2E1",HUMAN,,CCCC1=NC(=C2N1NC(=NC2=O)C3=C(C=CC(=C3)S(=O)(=O)N4CCN(CC4)CC)OCC)C,"InChI=1S/C23H32N6O4S/c1-5-8-20-24-16(4)21-23(30)25-22(26-29(20)21)18-15-17(9-10-19(18)33-7-3)34(31,32)28-13-11-27(6-2)12-14-28/h9-10,15H,5-8,11-14H2,1-4H3,(H,25,26,30)",SECKRCOLJRRGGV-UHFFFAOYSA-N,,488.2205
"InChI=1S/C21H28N6O4S/c1-4-6-18-22-14(3)19-21(29)23-20(24-27(18)19)16-13-15(7-8-17(16)28)32(30,31)26-11-9-25(5-2)10-12-26/h7-8,13,28H,4-6,9-12H2,1-3H3,(H,23,24,29)",VQNICHZYLGDJOY-UHFFFAOYSA-N,CCCC1=NC(=C2N1NC(=NC2=O)C3=C(C=CC(=C3)S(=O)(=O)N4CCN(CC4)CC)O)C,,,C21H28N6O4S,460.189274376,2.2159000000000018,0,0,0,BTM00003,BTM00003,O-Dealkylation,BTMR0052,"CYP1A2
CYP2A6
CYP2C9
CYP2C19
CYP2D6
CYP2E1
CYP3A4",HUMAN,,CCCC1=NC(=C2N1NC(=NC2=O)C3=C(C=CC(=C3)S(=O)(=O)N4CCN(CC4)CC)OCC)C,"InChI=1S/C23H32N6O4S/c1-5-8-20-24-16(4)21-23(30)25-22(26-29(20)21)18-15-17(9-10-19(18)33-7-3)34(31,32)28-13-11-27(6-2)12-14-28/h9-10,15H,5-8,11-14H2,1-4H3,(H,25,26,30)",SECKRCOLJRRGGV-UHFFFAOYSA-N,,488.2205
"InChI=1S/C2H4O/c1-2-3/h2H,1H3",IKHGUXGNUITLKF-UHFFFAOYSA-N,C(C)=O,,,C2H4O,44.026214748,-0.1825,0,0,0,BTM00004,BTM00004,O-Dealkylation,BTMR0052,"CYP1A2
CYP2A6
CYP2C9
CYP2C19
CYP2D6
CYP2E1
CYP3A4",HUMAN,,CCCC1=NC(=C2N1NC(=NC2=O)C3=C(C=CC(=C3)S(=O)(=O)N4CCN(CC4)CC)OCC)C,"InChI=1S/C23H32N6O4S/c1-5-8-20-24-16(4)21-23(30)25-22(26-29(20)21)18-15-17(9-10-19(18)33-7-3)34(31,32)28-13-11-27(6-2)12-14-28/h9-10,15H,5-8,11-14H2,1-4H3,(H,25,26,30)",SECKRCOLJRRGGV-UHFFFAOYSA-N,,488.2205
"InChI=1S/C23H32N6O5S/c1-4-7-20-24-18(15-30)21-23(31)25-22(26-29(20)21)17-14-16(8-9-19(17)34-6-3)35(32,33)28-12-10-27(5-2)11-13-28/h8-9,14,30H,4-7,10-13,15H2,1-3H3,(H,25,26,31)",ITPDGBXSJRPOTJ-UHFFFAOYSA-N,CCCC1=NC(=C2N1NC(=NC2=O)C3=C(C=CC(=C3)S(=O)(=O)N4CCN(CC4)CC)OCC)CO,,,C23H32N6O5S,504.215489124,2.357100000000002,1,0,0,BTM00005,BTM00005,Aliphatic hydroxylation of methyl carbon adjacent to aromatic ring,BTMR1058,"CYP1A2
CYP2A6
CYP2B6
CYP2C8
CYP2C9
CYP2C19
CYP2D6
CYP2E1
CYP3A4",HUMAN,,CCCC1=NC(=C2N1NC(=NC2=O)C3=C(C=CC(=C3)S(=O)(=O)N4CCN(CC4)CC)OCC)C,"InChI=1S/C23H32N6O4S/c1-5-8-20-24-16(4)21-23(30)25-22(26-29(20)21)18-15-17(9-10-19(18)33-7-3)34(31,32)28-13-11-27(6-2)12-14-28/h9-10,15H,5-8,11-14H2,1-4H3,(H,25,26,30)",SECKRCOLJRRGGV-UHFFFAOYSA-N,,488.2205
"InChI=1S/C23H32N6O5S/c1-5-8-20-24-16(4)21-23(30)25-22(26-28(20)21)18-15-17(9-10-19(18)34-7-3)35(32,33)27-11-13-29(31,6-2)14-12-27/h9-10,15H,5-8,11-14H2,1-4H3,(H,25,26,30)",GXUGEZIHENHAGP-UHFFFAOYSA-N,CCCC1=NC(=C2N1NC(=NC2=O)C3=C(C=CC(=C3)S(=O)(=O)N4CC[N+](CC4)(CC)[O-])OCC)C,,,C23H32N6O5S,504.21548912399993,2.4106000000000027,1,0,0,BTM00006,BTM00006,N-Oxidation of alicyclic tertiary amine,BTMR1099,"CYP1A2
CYP2C8
CYP2C19
CYP2D6
CYP3A4",HUMAN,,CCCC1=NC(=C2N1NC(=NC2=O)C3=C(C=CC(=C3)S(=O)(=O)N4CCN(CC4)CC)OCC)C,"InChI=1S/C23H32N6O4S/c1-5-8-20-24-16(4)21-23(30)25-22(26-29(20)21)18-15-17(9-10-19(18)33-7-3)34(31,32)28-13-11-27(6-2)12-14-28/h9-10,15H,5-8,11-14H2,1-4H3,(H,25,26,30)",SECKRCOLJRRGGV-UHFFFAOYSA-N,,488.2205
"InChI=1S/C21H28N6O4S/c1-4-6-18-23-14(3)19-21(28)24-20(25-27(18)19)16-13-15(7-8-17(16)31-5-2)32(29,30)26-11-9-22-10-12-26/h7-8,13,22H,4-6,9-12H2,1-3H3,(H,24,25,28)",OKUKNGDVADFTHE-UHFFFAOYSA-N,CCCC1=NC(=C2N1NC(=NC2=O)C3=C(C=CC(=C3)S(=O)(=O)N4CCNCC4)OCC)C,,,C21H28N6O4S,460.18927437599996,1.9310000000000014,0,0,0,BTM00007,BTM00007,N-Dealkylation of alicyclic tertiary amine,BTMR1144,"CYP1A2
CYP2A6
CYP2B6
CYP2C8
CYP2C9
CYP2C19
CYP2D6
CYP3A4",HUMAN,,CCCC1=NC(=C2N1NC(=NC2=O)C3=C(C=CC(=C3)S(=O)(=O)N4CCN(CC4)CC)OCC)C,"InChI=1S/C23H32N6O4S/c1-5-8-20-24-16(4)21-23(30)25-22(26-29(20)21)18-15-17(9-10-19(18)33-7-3)34(31,32)28-13-11-27(6-2)12-14-28/h9-10,15H,5-8,11-14H2,1-4H3,(H,25,26,30)",SECKRCOLJRRGGV-UHFFFAOYSA-N,,488.2205
"InChI=1S/C2H4O/c1-2-3/h2H,1H3",IKHGUXGNUITLKF-UHFFFAOYSA-N,C(C)=O,,,C2H4O,44.026214748,-0.1825,0,0,0,BTM00004,BTM00004,N-Dealkylation of alicyclic tertiary amine,BTMR1144,"CYP1A2
CYP2A6
CYP2B6
CYP2C8
CYP2C9
CYP2C19
CYP2D6
CYP3A4",HUMAN,,CCCC1=NC(=C2N1NC(=NC2=O)C3=C(C=CC(=C3)S(=O)(=O)N4CCN(CC4)CC)OCC)C,"InChI=1S/C23H32N6O4S/c1-5-8-20-24-16(4)21-23(30)25-22(26-29(20)21)18-15-17(9-10-19(18)33-7-3)34(31,32)28-13-11-27(6-2)12-14-28/h9-10,15H,5-8,11-14H2,1-4H3,(H,25,26,30)",SECKRCOLJRRGGV-UHFFFAOYSA-N,,488.2205
"InChI=1S/C23H32N6O5S/c1-5-27-9-11-28(12-10-27)35(32,33)17-7-8-19(34-6-2)18(14-17)22-25-23(31)21-16(4)24-20(13-15(3)30)29(21)26-22/h7-8,14-15,30H,5-6,9-13H2,1-4H3,(H,25,26,31)",KCECODYQAFIRSK-UHFFFAOYSA-N,CC(CC1=NC(=C2N1NC(=NC2=O)C3=C(C=CC(=C3)S(=O)(=O)N4CCN(CC4)CC)OCC)C)O,,,C23H32N6O5S,504.215489124,1.8395000000000006,1,0,0,BTM00008,BTM00008,Hydroxylation of penultimate aliphatic secondary carbon,BTMR1074,"CYP1A2
CYP2A6
CYP2B6
CYP2C8
CYP2C9
CYP2C19
CYP2D6
CYP2E1
CYP3A4",HUMAN,,CCCC1=NC(=C2N1NC(=NC2=O)C3=C(C=CC(=C3)S(=O)(=O)N4CCN(CC4)CC)OCC)C,"InChI=1S/C23H32N6O4S/c1-5-8-20-24-16(4)21-23(30)25-22(26-29(20)21)18-15-17(9-10-19(18)33-7-3)34(31,32)28-13-11-27(6-2)12-14-28/h9-10,15H,5-8,11-14H2,1-4H3,(H,25,26,30)",SECKRCOLJRRGGV-UHFFFAOYSA-N,,488.2205
"InChI=1S/C23H32N6O5S/c1-5-8-19-24-15(4)21-23(31)25-22(26-29(19)21)17-13-16(9-10-18(17)34-7-3)35(32,33)28-12-11-27(6-2)14-20(28)30/h9-10,13,20,30H,5-8,11-12,14H2,1-4H3,(H,25,26,31)",PUBCPOVEYTWFIC-UHFFFAOYSA-N,CCCC1=NC(=C2N1NC(=NC2=O)C3=C(C=CC(=C3)S(=O)(=O)N4C(CN(CC4)CC)O)OCC)C,,,C23H32N6O5S,504.215489124,2.476000000000004,1,0,0,BTM00009,BTM00009,Hydroxylation of heteroalicyclic secondary carbon,BTMR1070,"CYP1A2
CYP2A6
CYP2C9
CYP2D6
CYP3A4",HUMAN,,CCCC1=NC(=C2N1NC(=NC2=O)C3=C(C=CC(=C3)S(=O)(=O)N4CCN(CC4)CC)OCC)C,"InChI=1S/C23H32N6O4S/c1-5-8-20-24-16(4)21-23(30)25-22(26-29(20)21)18-15-17(9-10-19(18)33-7-3)34(31,32)28-13-11-27(6-2)12-14-28/h9-10,15H,5-8,11-14H2,1-4H3,(H,25,26,30)",SECKRCOLJRRGGV-UHFFFAOYSA-N,,488.2205
"InChI=1S/C23H32N6O5S/c1-5-8-19-24-15(4)21-23(31)25-22(26-29(19)21)17-13-16(9-10-18(17)34-7-3)35(32,33)28-12-11-27(6-2)20(30)14-28/h9-10,13,20,30H,5-8,11-12,14H2,1-4H3,(H,25,26,31)",XNNCJENEQNPUFR-UHFFFAOYSA-N,CCCC1=NC(=C2N1NC(=NC2=O)C3=C(C=CC(=C3)S(=O)(=O)N4CC(N(CC4)CC)O)OCC)C,,,C23H32N6O5S,504.215489124,2.476000000000004,1,0,0,BTM00010,BTM00010,Hydroxylation of heteroalicyclic secondary carbon,BTMR1070,"CYP1A2
CYP2A6
CYP2C9
CYP2D6
CYP3A4",HUMAN,,CCCC1=NC(=C2N1NC(=NC2=O)C3=C(C=CC(=C3)S(=O)(=O)N4CCN(CC4)CC)OCC)C,"InChI=1S/C23H32N6O4S/c1-5-8-20-24-16(4)21-23(30)25-22(26-29(20)21)18-15-17(9-10-19(18)33-7-3)34(31,32)28-13-11-27(6-2)12-14-28/h9-10,15H,5-8,11-14H2,1-4H3,(H,25,26,30)",SECKRCOLJRRGGV-UHFFFAOYSA-N,,488.2205
"InChI=1S/C23H32N6O5S/c1-4-27-10-12-28(13-11-27)35(32,33)17-8-9-19(34-5-2)18(15-17)22-25-23(31)21-16(3)24-20(7-6-14-30)29(21)26-22/h8-9,15,30H,4-7,10-14H2,1-3H3,(H,25,26,31)",HMQOLMCEGCBGSH-UHFFFAOYSA-N,C(CCC1=NC(=C2N1NC(=NC2=O)C3=C(C=CC(=C3)S(=O)(=O)N4CCN(CC4)CC)OCC)C)O,,,C23H32N6O5S,504.215489124,1.590000000000001,1,0,0,BTM00011,BTM00011,Hydroxylation of terminal methyl,BTMR1061,"CYP1A2
CYP2A6
CYP2B6
CYP2C8
CYP2C9
CYP2C19
CYP2D6
CYP2E1
CYP3A4",HUMAN,,CCCC1=NC(=C2N1NC(=NC2=O)C3=C(C=CC(=C3)S(=O)(=O)N4CCN(CC4)CC)OCC)C,"InChI=1S/C23H32N6O4S/c1-5-8-20-24-16(4)21-23(30)25-22(26-29(20)21)18-15-17(9-10-19(18)33-7-3)34(31,32)28-13-11-27(6-2)12-14-28/h9-10,15H,5-8,11-14H2,1-4H3,(H,25,26,30)",SECKRCOLJRRGGV-UHFFFAOYSA-N,,488.2205
"InChI=1S/C23H32N6O5S/c1-4-6-20-24-16(3)21-23(31)25-22(26-29(20)21)18-15-17(7-8-19(18)34-14-13-30)35(32,33)28-11-9-27(5-2)10-12-28/h7-8,15,30H,4-6,9-14H2,1-3H3,(H,25,26,31)",XDQKKGPAFRTIIH-UHFFFAOYSA-N,CCCC1=NC(=C2N1NC(=NC2=O)C3=C(C=CC(=C3)S(=O)(=O)N4CCN(CC4)CC)OCCO)C,,,C23H32N6O5S,504.215489124,1.9275000000000024,1,0,0,BTM00012,BTM00012,Hydroxylation of terminal methyl,BTMR1061,"CYP1A2
CYP2A6
CYP2B6
CYP2C8
CYP2C9
CYP2C19
CYP2D6
CYP2E1
CYP3A4",HUMAN,,CCCC1=NC(=C2N1NC(=NC2=O)C3=C(C=CC(=C3)S(=O)(=O)N4CCN(CC4)CC)OCC)C,"InChI=1S/C23H32N6O4S/c1-5-8-20-24-16(4)21-23(30)25-22(26-29(20)21)18-15-17(9-10-19(18)33-7-3)34(31,32)28-13-11-27(6-2)12-14-28/h9-10,15H,5-8,11-14H2,1-4H3,(H,25,26,30)",SECKRCOLJRRGGV-UHFFFAOYSA-N,,488.2205
"InChI=1S/C23H32N6O5S/c1-4-6-20-24-16(3)21-23(31)25-22(26-29(20)21)18-15-17(7-8-19(18)34-5-2)35(32,33)28-11-9-27(10-12-28)13-14-30/h7-8,15,30H,4-6,9-14H2,1-3H3,(H,25,26,31)",KZFHUILKKFVOMB-UHFFFAOYSA-N,CCCC1=NC(=C2N1NC(=NC2=O)C3=C(C=CC(=C3)S(=O)(=O)N4CCN(CC4)CCO)OCC)C,,,C23H32N6O5S,504.215489124,1.9275000000000024,1,0,0,BTM00013,BTM00013,Hydroxylation of terminal methyl,BTMR1061,"CYP1A2
CYP2A6
CYP2B6
CYP2C8
CYP2C9
CYP2C19
CYP2D6
CYP2E1
CYP3A4",HUMAN,,CCCC1=NC(=C2N1NC(=NC2=O)C3=C(C=CC(=C3)S(=O)(=O)N4CCN(CC4)CC)OCC)C,"InChI=1S/C23H32N6O4S/c1-5-8-20-24-16(4)21-23(30)25-22(26-29(20)21)18-15-17(9-10-19(18)33-7-3)34(31,32)28-13-11-27(6-2)12-14-28/h9-10,15H,5-8,11-14H2,1-4H3,(H,25,26,30)",SECKRCOLJRRGGV-UHFFFAOYSA-N,,488.2205
"InChI=1S/C23H30N6O4S/c1-5-8-20-24-16(4)21-23(30)25-22(26-29(20)21)18-15-17(9-10-19(18)33-7-3)34(31,32)28-13-11-27(6-2)12-14-28/h5,9-10,15H,1,6-8,11-14H2,2-4H3,(H,25,26,30)",UYWCTAFEEZSBSG-UHFFFAOYSA-N,C=CCC1=NC(=C2N1NC(=NC2=O)C3=C(C=CC(=C3)S(=O)(=O)N4CCN(CC4)CC)OCC)C,,,C23H30N6O4S,486.20492444,2.4250000000000003,0,0,0,BTM00014,BTM00014,Terminal desaturation,BTMR1190,"CYP1A2
CYP2A6
CYP2C9
CYP2D6
CYP3A4",HUMAN,,CCCC1=NC(=C2N1NC(=NC2=O)C3=C(C=CC(=C3)S(=O)(=O)N4CCN(CC4)CC)OCC)C,"InChI=1S/C23H32N6O4S/c1-5-8-20-24-16(4)21-23(30)25-22(26-29(20)21)18-15-17(9-10-19(18)33-7-3)34(31,32)28-13-11-27(6-2)12-14-28/h9-10,15H,5-8,11-14H2,1-4H3,(H,25,26,30)",SECKRCOLJRRGGV-UHFFFAOYSA-N,,488.2205
"InChI=1S/C23H32N6O5S/c1-5-8-19-24-15(4)21-23(31)25-22(26-29(19)21)17-13-16(9-10-18(17)34-7-3)35(32,33)28-12-11-27(6-2)20(30)14-28/h9-10,13,20,30H,5-8,11-12,14H2,1-4H3,(H,25,26,31)",XNNCJENEQNPUFR-UHFFFAOYSA-N,CCCC1=NC(=C2N1NC(=NC2=O)C3=C(C=CC(=C3)S(=O)(=O)N4CC(N(CC4)CC)O)OCC)C,,,C23H32N6O5S,504.215489124,2.476000000000004,1,0,0,BTM00010,BTM00010,Aliphatic hydroxylation of carbon alpha to secondary or tertiary alkyl-N,BTMR1081,"CYP2B6
CYP2C19
CYP2D6",HUMAN,,CCCC1=NC(=C2N1NC(=NC2=O)C3=C(C=CC(=C3)S(=O)(=O)N4CCN(CC4)CC)OCC)C,"InChI=1S/C23H32N6O4S/c1-5-8-20-24-16(4)21-23(30)25-22(26-29(20)21)18-15-17(9-10-19(18)33-7-3)34(31,32)28-13-11-27(6-2)12-14-28/h9-10,15H,5-8,11-14H2,1-4H3,(H,25,26,30)",SECKRCOLJRRGGV-UHFFFAOYSA-N,,488.2205
"InChI=1S/C23H32N6O5S/c1-5-7-20-24-15(3)21-23(31)25-22(26-29(20)21)18-14-17(8-9-19(18)34-6-2)35(32,33)28-12-10-27(11-13-28)16(4)30/h8-9,14,16,30H,5-7,10-13H2,1-4H3,(H,25,26,31)",JCINJFZGHWVDAB-UHFFFAOYSA-N,CCCC1=NC(=C2N1NC(=NC2=O)C3=C(C=CC(=C3)S(=O)(=O)N4CCN(CC4)C(C)O)OCC)C,,,C23H32N6O5S,504.215489124,2.0878000000000037,1,0,0,BTM00015,BTM00015,Aliphatic hydroxylation of carbon alpha to secondary or tertiary alkyl-N,BTMR1081,"CYP2B6
CYP2C19
CYP2D6",HUMAN,,CCCC1=NC(=C2N1NC(=NC2=O)C3=C(C=CC(=C3)S(=O)(=O)N4CCN(CC4)CC)OCC)C,"InChI=1S/C23H32N6O4S/c1-5-8-20-24-16(4)21-23(30)25-22(26-29(20)21)18-15-17(9-10-19(18)33-7-3)34(31,32)28-13-11-27(6-2)12-14-28/h9-10,15H,5-8,11-14H2,1-4H3,(H,25,26,30)",SECKRCOLJRRGGV-UHFFFAOYSA-N,,488.2205
"InChI=1S/C25H37N7O6S/c1-5-8-21-28-17(4)23(25(35)27-16-22(33)34)32(21)29-24(26)19-15-18(9-10-20(19)38-7-3)39(36,37)31-13-11-30(6-2)12-14-31/h9-10,15H,5-8,11-14,16H2,1-4H3,(H2,26,29)(H,27,35)(H,33,34)",XVRFEPVPLPAZGO-UHFFFAOYSA-N,CCCC1=NC(=C(N1NC(=N)C2=C(C=CC(=C2)S(=O)(=O)N3CCN(CC3)CC)OCC)C(=O)NCC(O)=O)C,,,C25H37N7O6S,563.252602904,1.4298000000000006,2,2,2,BTM00016,BTM00016,Glycine conjugation,BTMR1325,EC 2.3.1.13,HUMAN,BTM00001,CCCC1=NC(=C(N1NC(=N)C2=C(C=CC(=C2)S(=O)(=O)N3CCN(CC3)CC)OCC)C(=O)O)C,"InChI=1S/C23H34N6O5S/c1-5-8-20-25-16(4)21(23(30)31)29(20)26-22(24)18-15-17(9-10-19(18)34-7-3)35(32,33)28-13-11-27(6-2)12-14-28/h9-10,15H,5-8,11-14H2,1-4H3,(H2,24,26)(H,30,31)",DHLFQHIRRUNCNS-UHFFFAOYSA-N,2.1566,506.231139188
"InChI=1S/C29H42N6O11S/c1-5-8-20-31-16(4)21(28(41)46-29-24(38)22(36)23(37)25(45-29)27(39)40)35(20)32-26(30)18-15-17(9-10-19(18)44-7-3)47(42,43)34-13-11-33(6-2)12-14-34/h9-10,15,22-25,29,36-38H,5-8,11-14H2,1-4H3,(H2,30,32)(H,39,40)",LGFBZVCSJQNNOC-UHFFFAOYSA-N,CCCC1=NC(=C(N1NC(=N)C2=C(C=CC(=C2)S(=O)(=O)N3CCN(CC3)CC)OCC)C(=O)OC4OC(C(O)C(O)C4O)C(O)=O)C,,,C29H42N6O11S,682.2632271640001,0.461100000000002,3,2,2,BTM00017,BTM00017,O-Glucuronidation of aromatic acid,BTMR0168,EC 2.4.1.17,HUMAN,BTM00001,CCCC1=NC(=C(N1NC(=N)C2=C(C=CC(=C2)S(=O)(=O)N3CCN(CC3)CC)OCC)C(=O)O)C,"InChI=1S/C23H34N6O5S/c1-5-8-20-25-16(4)21(23(30)31)29(20)26-22(24)18-15-17(9-10-19(18)34-7-3)35(32,33)28-13-11-27(6-2)12-14-28/h9-10,15H,5-8,11-14H2,1-4H3,(H2,24,26)(H,30,31)",DHLFQHIRRUNCNS-UHFFFAOYSA-N,2.1566,506.231139188
"InChI=1S/C30H47N7O7S/c1-8-11-26-32-21(4)28(30(40)44-22(18-27(38)39)20-37(5,6)7)36(26)33-29(31)24-19-23(12-13-25(24)43-10-3)45(41,42)35-16-14-34(9-2)15-17-35/h12-13,19,22H,8-11,14-18,20H2,1-7H3,(H2-,31,33,38,39)",MHZSIWQPWLXFIE-UHFFFAOYSA-N,CCCC1=NC(=C(N1NC(=N)C2=C(C=CC(=C2)S(=O)(=O)N3CCN(CC3)CC)OCC)C(=O)OC(C[N+](C)(C)C)CC([O-])=O)C,,,C30H47N7O7S,649.325767844,0.24670000000000353,2,1,1,BTM00018,BTM00018,Carnitine conjugation,BTMR1324,EC 2.3.1.7,HUMAN,BTM00001,CCCC1=NC(=C(N1NC(=N)C2=C(C=CC(=C2)S(=O)(=O)N3CCN(CC3)CC)OCC)C(=O)O)C,"InChI=1S/C23H34N6O5S/c1-5-8-20-25-16(4)21(23(30)31)29(20)26-22(24)18-15-17(9-10-19(18)34-7-3)35(32,33)28-13-11-27(6-2)12-14-28/h9-10,15H,5-8,11-14H2,1-4H3,(H2,24,26)(H,30,31)",DHLFQHIRRUNCNS-UHFFFAOYSA-N,2.1566,506.231139188
"InChI=1S/C23H34N6O6S/c1-5-18(30)22-25-15(4)20(23(31)32)29(22)26-21(24)17-14-16(8-9-19(17)35-7-3)36(33,34)28-12-10-27(6-2)11-13-28/h8-9,14,18,30H,5-7,10-13H2,1-4H3,(H2,24,26)(H,31,32)",GQJOBWQUGMQKQL-UHFFFAOYSA-N,CCC(C1=NC(=C(N1NC(=N)C2=C(C=CC(=C2)S(=O)(=O)N3CCN(CC3)CC)OCC)C(=O)O)C)O,,,C23H34N6O6S,522.226053808,1.4484999999999988,1,1,1,BTM00019,BTM00019,Hydrolysis of cyclic secondary carboxamide,BTMR0093,EC 3.5.2.X,HUMAN,BTM00002,CCC(C1=NC(=C2N1NC(=NC2=O)C3=C(C=CC(=C3)S(=O)(=O)N4CCN(CC4)CC)OCC)C)O,"InChI=1S/C23H32N6O5S/c1-5-18(30)22-24-15(4)20-23(31)25-21(26-29(20)22)17-14-16(8-9-19(17)34-7-3)35(32,33)28-12-10-27(6-2)11-13-28/h8-9,14,18,30H,5-7,10-13H2,1-4H3,(H,25,26,31)",FSGDVPBGQFDZBD-UHFFFAOYSA-N,2.107600000000003,504.215489124
"InChI=1S/C29H40N6O11S/c1-5-18(45-29-23(38)21(36)22(37)24(46-29)28(40)41)26-30-15(4)20-27(39)31-25(32-35(20)26)17-14-16(8-9-19(17)44-7-3)47(42,43)34-12-10-33(6-2)11-13-34/h8-9,14,18,21-24,29,36-38H,5-7,10-13H2,1-4H3,(H,40,41)(H,31,32,39)",APVOBLDVLZZORF-UHFFFAOYSA-N,CCC(C1=NC(=C2N1NC(=NC2=O)C3=C(C=CC(=C3)S(=O)(=O)N4CCN(CC4)CC)OCC)C)OC5OC(C(O)=O)C(C(C5O)O)O,,,C29H40N6O11S,680.2475771000001,0.5696000000000043,2,1,1,BTM00020,BTM00020,Alkyl-OH-glucuronidation,BTMR0165,EC 2.4.1.17,HUMAN,BTM00002,CCC(C1=NC(=C2N1NC(=NC2=O)C3=C(C=CC(=C3)S(=O)(=O)N4CCN(CC4)CC)OCC)C)O,"InChI=1S/C23H32N6O5S/c1-5-18(30)22-24-15(4)20-23(31)25-21(26-29(20)22)17-14-16(8-9-19(17)34-7-3)35(32,33)28-12-10-27(6-2)11-13-28/h8-9,14,18,30H,5-7,10-13H2,1-4H3,(H,25,26,31)",FSGDVPBGQFDZBD-UHFFFAOYSA-N,2.107600000000003,504.215489124
"InChI=1S/C23H32N6O8S2/c1-5-18(37-39(33,34)35)22-24-15(4)20-23(30)25-21(26-29(20)22)17-14-16(8-9-19(17)36-7-3)38(31,32)28-12-10-27(6-2)11-13-28/h8-9,14,18H,5-7,10-13H2,1-4H3,(H,25,26,30)(H,33,34,35)",ZZRKGADITBNXCU-UHFFFAOYSA-N,CCC(C1=NC(=C2N1NC(=NC2=O)C3=C(C=CC(=C3)S(=O)(=O)N4CCN(CC4)CC)OCC)C)OS(O)(=O)=O,,,C23H32N6O8S2,584.172303984,1.5283000000000024,2,0,0,BTM00021,BTM00021,Sulfation of secondary alcohol,BTMR0502,EC 2.8.2.2,HUMAN,BTM00002,CCC(C1=NC(=C2N1NC(=NC2=O)C3=C(C=CC(=C3)S(=O)(=O)N4CCN(CC4)CC)OCC)C)O,"InChI=1S/C23H32N6O5S/c1-5-18(30)22-24-15(4)20-23(31)25-21(26-29(20)22)17-14-16(8-9-19(17)34-7-3)35(32,33)28-12-10-27(6-2)11-13-28/h8-9,14,18,30H,5-7,10-13H2,1-4H3,(H,25,26,31)",FSGDVPBGQFDZBD-UHFFFAOYSA-N,2.107600000000003,504.215489124
"InChI=1S/C21H30N6O5S/c1-4-6-18-23-14(3)19(21(29)30)27(18)24-20(22)16-13-15(7-8-17(16)28)33(31,32)26-11-9-25(5-2)10-12-26/h7-8,13,28H,4-6,9-12H2,1-3H3,(H2,22,24)(H,29,30)",ZQOWXCGAOYMESP-UHFFFAOYSA-N,CCCC1=NC(=C(N1NC(=N)C2=C(C=CC(=C2)S(=O)(=O)N3CCN(CC3)CC)O)C(=O)O)C,,,C21H30N6O5S,478.19983906,1.5567999999999982,0,1,1,BTM00022,BTM00022,Hydrolysis of cyclic secondary carboxamide,BTMR0093,EC 3.5.2.X,HUMAN,BTM00003,CCCC1=NC(=C2N1NC(=NC2=O)C3=C(C=CC(=C3)S(=O)(=O)N4CCN(CC4)CC)O)C,"InChI=1S/C21H28N6O4S/c1-4-6-18-22-14(3)19-21(29)23-20(24-27(18)19)16-13-15(7-8-17(16)28)32(30,31)26-11-9-25(5-2)10-12-26/h7-8,13,28H,4-6,9-12H2,1-3H3,(H,23,24,29)",VQNICHZYLGDJOY-UHFFFAOYSA-N,2.2159000000000018,460.189274376
"InChI=1S/C27H36N6O10S/c1-4-6-18-28-14(3)19-25(37)29-24(30-33(18)19)16-13-15(44(40,41)32-11-9-31(5-2)10-12-32)7-8-17(16)42-27-22(36)20(34)21(35)23(43-27)26(38)39/h7-8,13,20-23,27,34-36H,4-6,9-12H2,1-3H3,(H,38,39)(H,29,30,37)",AZJDYTYYJPHWSZ-UHFFFAOYSA-N,CCCC1=NC(=C2N1NC(=NC2=O)C3=C(C=CC(=C3)S(=O)(=O)N4CCN(CC4)CC)OC5OC(C(O)=O)C(C(C5O)O)O)C,,,C27H36N6O10S,636.221362352,0.5204000000000042,2,1,1,BTM00023,BTM00023,Aromatic OH-glucuronidation,BTMR0166,EC 2.4.1.17,HUMAN,BTM00003,CCCC1=NC(=C2N1NC(=NC2=O)C3=C(C=CC(=C3)S(=O)(=O)N4CCN(CC4)CC)O)C,"InChI=1S/C21H28N6O4S/c1-4-6-18-22-14(3)19-21(29)23-20(24-27(18)19)16-13-15(7-8-17(16)28)32(30,31)26-11-9-25(5-2)10-12-26/h7-8,13,28H,4-6,9-12H2,1-3H3,(H,23,24,29)",VQNICHZYLGDJOY-UHFFFAOYSA-N,2.2159000000000018,460.189274376
"InChI=1S/C21H28N6O7S2/c1-4-6-18-22-14(3)19-21(28)23-20(24-27(18)19)16-13-15(7-8-17(16)34-36(31,32)33)35(29,30)26-11-9-25(5-2)10-12-26/h7-8,13H,4-6,9-12H2,1-3H3,(H,23,24,28)(H,31,32,33)",UOSQQCPCCHSPLU-UHFFFAOYSA-N,CCCC1=NC(=C2N1NC(=NC2=O)C3=C(C=CC(=C3)S(=O)(=O)N4CCN(CC4)CC)OS(O)(=O)=O)C,,,C21H28N6O7S2,540.146089236,1.4791000000000016,1,0,0,BTM00024,BTM00024,Sulfonation of phenolic compound,BTMR1376,EC 2.8.2.1,HUMAN,BTM00003,CCCC1=NC(=C2N1NC(=NC2=O)C3=C(C=CC(=C3)S(=O)(=O)N4CCN(CC4)CC)O)C,"InChI=1S/C21H28N6O4S/c1-4-6-18-22-14(3)19-21(29)23-20(24-27(18)19)16-13-15(7-8-17(16)28)32(30,31)26-11-9-25(5-2)10-12-26/h7-8,13,28H,4-6,9-12H2,1-3H3,(H,23,24,29)",VQNICHZYLGDJOY-UHFFFAOYSA-N,2.2159000000000018,460.189274376
"InChI=1S/C22H30N6O4S/c1-5-7-19-23-15(3)20-22(29)24-21(25-28(19)20)17-14-16(8-9-18(17)32-4)33(30,31)27-12-10-26(6-2)11-13-27/h8-9,14H,5-7,10-13H2,1-4H3,(H,24,25,29)",KTBILIIEQJZOLG-UHFFFAOYSA-N,CCCC1=NC(=C2N1NC(=NC2=O)C3=C(C=CC(=C3)S(=O)(=O)N4CCN(CC4)CC)OC)C,,,C22H30N6O4S,474.20492444,2.466900000000001,0,0,0,BTM00025,BTM00025,Methylation of phenolic compound,BTMR1377,EC 2.1.1.25,HUMAN,BTM00003,CCCC1=NC(=C2N1NC(=NC2=O)C3=C(C=CC(=C3)S(=O)(=O)N4CCN(CC4)CC)O)C,"InChI=1S/C21H28N6O4S/c1-4-6-18-22-14(3)19-21(29)23-20(24-27(18)19)16-13-15(7-8-17(16)28)32(30,31)26-11-9-25(5-2)10-12-26/h7-8,13,28H,4-6,9-12H2,1-3H3,(H,23,24,29)",VQNICHZYLGDJOY-UHFFFAOYSA-N,2.2159000000000018,460.189274376
"InChI=1S/C23H34N6O6S/c1-4-7-20-25-18(15-30)21(23(31)32)29(20)26-22(24)17-14-16(8-9-19(17)35-6-3)36(33,34)28-12-10-27(5-2)11-13-28/h8-9,14,30H,4-7,10-13,15H2,1-3H3,(H2,24,26)(H,31,32)",ROFLKISAGUHZHM-UHFFFAOYSA-N,CCCC1=NC(=C(N1NC(=N)C2=C(C=CC(=C2)S(=O)(=O)N3CCN(CC3)CC)OCC)C(=O)O)CO,,,C23H34N6O6S,522.226053808,1.6979999999999995,1,1,1,BTM00026,BTM00026,Hydrolysis of cyclic secondary carboxamide,BTMR0093,EC 3.5.2.X,HUMAN,BTM00005,CCCC1=NC(=C2N1NC(=NC2=O)C3=C(C=CC(=C3)S(=O)(=O)N4CCN(CC4)CC)OCC)CO,"InChI=1S/C23H32N6O5S/c1-4-7-20-24-18(15-30)21-23(31)25-22(26-29(20)21)17-14-16(8-9-19(17)34-6-3)35(32,33)28-12-10-27(5-2)11-13-28/h8-9,14,30H,4-7,10-13,15H2,1-3H3,(H,25,26,31)",ITPDGBXSJRPOTJ-UHFFFAOYSA-N,2.357100000000002,504.215489124
"InChI=1S/C29H40N6O11S/c1-4-7-20-30-18(15-45-29-24(38)22(36)23(37)25(46-29)28(40)41)21-27(39)31-26(32-35(20)21)17-14-16(8-9-19(17)44-6-3)47(42,43)34-12-10-33(5-2)11-13-34/h8-9,14,22-25,29,36-38H,4-7,10-13,15H2,1-3H3,(H,40,41)(H,31,32,39)",FHYSAEBDQFGJBH-UHFFFAOYSA-N,CCCC1=NC(=C2N1NC(=NC2=O)C3=C(C=CC(=C3)S(=O)(=O)N4CCN(CC4)CC)OCC)COC5OC(C(O)=O)C(C(C5O)O)O,,,C29H40N6O11S,680.2475771,0.8191000000000028,2,1,1,BTM00027,BTM00027,Alkyl-OH-glucuronidation,BTMR0165,EC 2.4.1.17,HUMAN,BTM00005,CCCC1=NC(=C2N1NC(=NC2=O)C3=C(C=CC(=C3)S(=O)(=O)N4CCN(CC4)CC)OCC)CO,"InChI=1S/C23H32N6O5S/c1-4-7-20-24-18(15-30)21-23(31)25-22(26-29(20)21)17-14-16(8-9-19(17)34-6-3)35(32,33)28-12-10-27(5-2)11-13-28/h8-9,14,30H,4-7,10-13,15H2,1-3H3,(H,25,26,31)",ITPDGBXSJRPOTJ-UHFFFAOYSA-N,2.357100000000002,504.215489124
"InChI=1S/C23H32N6O8S2/c1-4-7-20-24-18(15-37-39(33,34)35)21-23(30)25-22(26-29(20)21)17-14-16(8-9-19(17)36-6-3)38(31,32)28-12-10-27(5-2)11-13-28/h8-9,14H,4-7,10-13,15H2,1-3H3,(H,25,26,30)(H,33,34,35)",KFDXQTRUBWYPHM-UHFFFAOYSA-N,CCCC1=NC(=C2N1NC(=NC2=O)C3=C(C=CC(=C3)S(=O)(=O)N4CCN(CC4)CC)OCC)COS(O)(=O)=O,,,C23H32N6O8S2,584.172303984,1.7778000000000027,2,0,0,BTM00028,BTM00028,Sulfation of primary alcohol,BTMR0501,EC 2.8.2.2,HUMAN,BTM00005,CCCC1=NC(=C2N1NC(=NC2=O)C3=C(C=CC(=C3)S(=O)(=O)N4CCN(CC4)CC)OCC)CO,"InChI=1S/C23H32N6O5S/c1-4-7-20-24-18(15-30)21-23(31)25-22(26-29(20)21)17-14-16(8-9-19(17)34-6-3)35(32,33)28-12-10-27(5-2)11-13-28/h8-9,14,30H,4-7,10-13,15H2,1-3H3,(H,25,26,31)",ITPDGBXSJRPOTJ-UHFFFAOYSA-N,2.357100000000002,504.215489124
"InChI=1S/C23H34N6O6S/c1-5-8-20-25-16(4)21(23(30)31)28(20)26-22(24)18-15-17(9-10-19(18)35-7-3)36(33,34)27-11-13-29(32,6-2)14-12-27/h9-10,15H,5-8,11-14H2,1-4H3,(H2,24,26)(H,30,31)",DMPOLDSKYLCXLZ-UHFFFAOYSA-N,CCCC1=NC(=C(N1NC(=N)C2=C(C=CC(=C2)S(=O)(=O)N3CC[N+](CC3)(CC)[O-])OCC)C(=O)O)C,,,C23H34N6O6S,522.226053808,1.7515000000000014,1,1,1,BTM00029,BTM00029,Hydrolysis of cyclic secondary carboxamide,BTMR0093,EC 3.5.2.X,HUMAN,BTM00006,CCCC1=NC(=C2N1NC(=NC2=O)C3=C(C=CC(=C3)S(=O)(=O)N4CC[N+](CC4)(CC)[O-])OCC)C,"InChI=1S/C23H32N6O5S/c1-5-8-20-24-16(4)21-23(30)25-22(26-28(20)21)18-15-17(9-10-19(18)34-7-3)35(32,33)27-11-13-29(31,6-2)14-12-27/h9-10,15H,5-8,11-14H2,1-4H3,(H,25,26,30)",GXUGEZIHENHAGP-UHFFFAOYSA-N,2.4106000000000027,504.21548912399993
"InChI=1S/C29H40N6O11S/c1-5-8-20-30-16(4)21-27(39)31-26(32-34(20)21)18-15-17(9-10-19(18)44-7-3)47(42,43)33-11-13-35(6-2,14-12-33)46-29-24(38)22(36)23(37)25(45-29)28(40)41/h9-10,15,22-25,29,36-38H,5-8,11-14H2,1-4H3,(H-,31,32,39,40,41)/p+1",FLVHFRYYUZFJFT-UHFFFAOYSA-O,CCCC1=NC(=C2N1NC(=NC2=O)C3=C(C=CC(=C3)S(=O)(=O)N4CC[N+](CC4)(CC)OC5OC(C(O)C(O)C5O)C(O)=O)OCC)C,,,[C29H41N6O11S]+,681.2554021320001,-0.6396999999999953,2,1,1,BTM00030,BTM00030,O-Glucuronidation of N-oxide,BTMR0184,EC 2.4.1.17,HUMAN,BTM00006,CCCC1=NC(=C2N1NC(=NC2=O)C3=C(C=CC(=C3)S(=O)(=O)N4CC[N+](CC4)(CC)[O-])OCC)C,"InChI=1S/C23H32N6O5S/c1-5-8-20-24-16(4)21-23(30)25-22(26-28(20)21)18-15-17(9-10-19(18)34-7-3)35(32,33)27-11-13-29(31,6-2)14-12-27/h9-10,15H,5-8,11-14H2,1-4H3,(H,25,26,30)",GXUGEZIHENHAGP-UHFFFAOYSA-N,2.4106000000000027,504.21548912399993
"InChI=1S/C21H30N6O5S/c1-4-6-18-24-14(3)19(21(28)29)27(18)25-20(22)16-13-15(7-8-17(16)32-5-2)33(30,31)26-11-9-23-10-12-26/h7-8,13,23H,4-6,9-12H2,1-3H3,(H2,22,25)(H,28,29)",ZKZSPGMIGWFBSU-UHFFFAOYSA-N,CCCC1=NC(=C(N1NC(=N)C2=C(C=CC(=C2)S(=O)(=O)N3CCNCC3)OCC)C(=O)O)C,,,C21H30N6O5S,478.19983906,1.2718999999999978,0,1,1,BTM00031,BTM00031,Hydrolysis of cyclic secondary carboxamide,BTMR0093,EC 3.5.2.X,HUMAN,BTM00007,CCCC1=NC(=C2N1NC(=NC2=O)C3=C(C=CC(=C3)S(=O)(=O)N4CCNCC4)OCC)C,"InChI=1S/C21H28N6O4S/c1-4-6-18-23-14(3)19-21(28)24-20(25-27(18)19)16-13-15(7-8-17(16)31-5-2)32(29,30)26-11-9-22-10-12-26/h7-8,13,22H,4-6,9-12H2,1-3H3,(H,24,25,28)",OKUKNGDVADFTHE-UHFFFAOYSA-N,1.9310000000000014,460.18927437599996
"InChI=1S/C23H34N6O6S/c1-5-27-9-11-28(12-10-27)36(33,34)17-7-8-19(35-6-2)18(14-17)22(24)26-29-20(13-15(3)30)25-16(4)21(29)23(31)32/h7-8,14-15,30H,5-6,9-13H2,1-4H3,(H2,24,26)(H,31,32)",LLJGWKOJMQEIDX-UHFFFAOYSA-N,CC(CC1=NC(=C(N1NC(=N)C2=C(C=CC(=C2)S(=O)(=O)N3CCN(CC3)CC)OCC)C(=O)O)C)O,,,C23H34N6O6S,522.226053808,1.1803999999999997,1,1,1,BTM00032,BTM00032,Hydrolysis of cyclic secondary carboxamide,BTMR0093,EC 3.5.2.X,HUMAN,BTM00008,CC(CC1=NC(=C2N1NC(=NC2=O)C3=C(C=CC(=C3)S(=O)(=O)N4CCN(CC4)CC)OCC)C)O,"InChI=1S/C23H32N6O5S/c1-5-27-9-11-28(12-10-27)35(32,33)17-7-8-19(34-6-2)18(14-17)22-25-23(31)21-16(4)24-20(13-15(3)30)29(21)26-22/h7-8,14-15,30H,5-6,9-13H2,1-4H3,(H,25,26,31)",KCECODYQAFIRSK-UHFFFAOYSA-N,1.8395000000000006,504.215489124
"InChI=1S/C29H40N6O11S/c1-5-33-9-11-34(12-10-33)47(42,43)17-7-8-19(44-6-2)18(14-17)26-31-27(39)21-16(4)30-20(35(21)32-26)13-15(3)45-29-24(38)22(36)23(37)25(46-29)28(40)41/h7-8,14-15,22-25,29,36-38H,5-6,9-13H2,1-4H3,(H,40,41)(H,31,32,39)",SQTHQJOHVYGAIB-UHFFFAOYSA-N,CC(CC1=NC(=C2N1NC(=NC2=O)C3=C(C=CC(=C3)S(=O)(=O)N4CCN(CC4)CC)OCC)C)OC5OC(C(O)=O)C(C(C5O)O)O,,,C29H40N6O11S,680.2475771000001,0.30150000000000327,2,1,1,BTM00033,BTM00033,Alkyl-OH-glucuronidation,BTMR0165,EC 2.4.1.17,HUMAN,BTM00008,CC(CC1=NC(=C2N1NC(=NC2=O)C3=C(C=CC(=C3)S(=O)(=O)N4CCN(CC4)CC)OCC)C)O,"InChI=1S/C23H32N6O5S/c1-5-27-9-11-28(12-10-27)35(32,33)17-7-8-19(34-6-2)18(14-17)22-25-23(31)21-16(4)24-20(13-15(3)30)29(21)26-22/h7-8,14-15,30H,5-6,9-13H2,1-4H3,(H,25,26,31)",KCECODYQAFIRSK-UHFFFAOYSA-N,1.8395000000000006,504.215489124
"InChI=1S/C23H32N6O8S2/c1-5-27-9-11-28(12-10-27)38(31,32)17-7-8-19(36-6-2)18(14-17)22-25-23(30)21-16(4)24-20(29(21)26-22)13-15(3)37-39(33,34)35/h7-8,14-15H,5-6,9-13H2,1-4H3,(H,25,26,30)(H,33,34,35)",CSSORQGPKXOJBY-UHFFFAOYSA-N,CC(CC1=NC(=C2N1NC(=NC2=O)C3=C(C=CC(=C3)S(=O)(=O)N4CCN(CC4)CC)OCC)C)OS(O)(=O)=O,,,C23H32N6O8S2,584.1723039840001,1.260200000000001,2,0,0,BTM00034,BTM00034,Sulfation of secondary alcohol,BTMR0502,EC 2.8.2.2,HUMAN,BTM00008,CC(CC1=NC(=C2N1NC(=NC2=O)C3=C(C=CC(=C3)S(=O)(=O)N4CCN(CC4)CC)OCC)C)O,"InChI=1S/C23H32N6O5S/c1-5-27-9-11-28(12-10-27)35(32,33)17-7-8-19(34-6-2)18(14-17)22-25-23(31)21-16(4)24-20(13-15(3)30)29(21)26-22/h7-8,14-15,30H,5-6,9-13H2,1-4H3,(H,25,26,31)",KCECODYQAFIRSK-UHFFFAOYSA-N,1.8395000000000006,504.215489124
"InChI=1S/C23H34N6O6S/c1-5-8-19-25-15(4)21(23(31)32)29(19)26-22(24)17-13-16(9-10-18(17)35-7-3)36(33,34)28-12-11-27(6-2)14-20(28)30/h9-10,13,20,30H,5-8,11-12,14H2,1-4H3,(H2,24,26)(H,31,32)",KNGKIFHACSVTKX-UHFFFAOYSA-N,CCCC1=NC(=C(N1NC(=N)C2=C(C=CC(=C2)S(=O)(=O)N3C(CN(CC3)CC)O)OCC)C(=O)O)C,,,C23H34N6O6S,522.226053808,1.8169000000000004,1,1,1,BTM00035,BTM00035,Hydrolysis of cyclic secondary carboxamide,BTMR0093,EC 3.5.2.X,HUMAN,BTM00009,CCCC1=NC(=C2N1NC(=NC2=O)C3=C(C=CC(=C3)S(=O)(=O)N4C(CN(CC4)CC)O)OCC)C,"InChI=1S/C23H32N6O5S/c1-5-8-19-24-15(4)21-23(31)25-22(26-29(19)21)17-13-16(9-10-18(17)34-7-3)35(32,33)28-12-11-27(6-2)14-20(28)30/h9-10,13,20,30H,5-8,11-12,14H2,1-4H3,(H,25,26,31)",PUBCPOVEYTWFIC-UHFFFAOYSA-N,2.476000000000004,504.215489124
"InChI=1S/C23H34N6O6S/c1-5-8-19-25-15(4)21(23(31)32)29(19)26-22(24)17-13-16(9-10-18(17)35-7-3)36(33,34)28-12-11-27(6-2)20(30)14-28/h9-10,13,20,30H,5-8,11-12,14H2,1-4H3,(H2,24,26)(H,31,32)",AVPHMBBYXOUOOC-UHFFFAOYSA-N,CCCC1=NC(=C(N1NC(=N)C2=C(C=CC(=C2)S(=O)(=O)N3CC(N(CC3)CC)O)OCC)C(=O)O)C,,,C23H34N6O6S,522.226053808,1.8169000000000004,1,1,1,BTM00036,BTM00036,Hydrolysis of cyclic secondary carboxamide,BTMR0093,EC 3.5.2.X,HUMAN,BTM00010,CCCC1=NC(=C2N1NC(=NC2=O)C3=C(C=CC(=C3)S(=O)(=O)N4CC(N(CC4)CC)O)OCC)C,"InChI=1S/C23H32N6O5S/c1-5-8-19-24-15(4)21-23(31)25-22(26-29(19)21)17-13-16(9-10-18(17)34-7-3)35(32,33)28-12-11-27(6-2)20(30)14-28/h9-10,13,20,30H,5-8,11-12,14H2,1-4H3,(H,25,26,31)",XNNCJENEQNPUFR-UHFFFAOYSA-N,2.476000000000004,504.215489124
"InChI=1S/C23H30N6O5S/c1-4-27-10-12-28(13-11-27)35(32,33)17-8-9-19(34-5-2)18(15-17)22-25-23(31)21-16(3)24-20(7-6-14-30)29(21)26-22/h8-9,14-15H,4-7,10-13H2,1-3H3,(H,25,26,31)",NXINDTLPYHDWPM-UHFFFAOYSA-N,C(CCC1=NC(=C2N1NC(=NC2=O)C3=C(C=CC(=C3)S(=O)(=O)N4CCN(CC4)CC)OCC)C)=O,,,C23H30N6O5S,502.19983906,1.559900000000001,1,0,0,BTM00037,BTM00037,Dehydrogenation of primary alcohol,BTMR0028,EC 1.1.1.1,HUMAN,BTM00011,C(CCC1=NC(=C2N1NC(=NC2=O)C3=C(C=CC(=C3)S(=O)(=O)N4CCN(CC4)CC)OCC)C)O,"InChI=1S/C23H32N6O5S/c1-4-27-10-12-28(13-11-27)35(32,33)17-8-9-19(34-5-2)18(15-17)22-25-23(31)21-16(3)24-20(7-6-14-30)29(21)26-22/h8-9,15,30H,4-7,10-14H2,1-3H3,(H,25,26,31)",HMQOLMCEGCBGSH-UHFFFAOYSA-N,1.590000000000001,504.215489124
"InChI=1S/C23H34N6O6S/c1-4-27-10-12-28(13-11-27)36(33,34)17-8-9-19(35-5-2)18(15-17)22(24)26-29-20(7-6-14-30)25-16(3)21(29)23(31)32/h8-9,15,30H,4-7,10-14H2,1-3H3,(H2,24,26)(H,31,32)",YPOMNEASGNBBNX-UHFFFAOYSA-N,C(CCC1=NC(=C(N1NC(=N)C2=C(C=CC(=C2)S(=O)(=O)N3CCN(CC3)CC)OCC)C(=O)O)C)O,,,C23H34N6O6S,522.226053808,0.9309000000000003,1,1,1,BTM00038,BTM00038,Hydrolysis of cyclic secondary carboxamide,BTMR0093,EC 3.5.2.X,HUMAN,BTM00011,C(CCC1=NC(=C2N1NC(=NC2=O)C3=C(C=CC(=C3)S(=O)(=O)N4CCN(CC4)CC)OCC)C)O,"InChI=1S/C23H32N6O5S/c1-4-27-10-12-28(13-11-27)35(32,33)17-8-9-19(34-5-2)18(15-17)22-25-23(31)21-16(3)24-20(7-6-14-30)29(21)26-22/h8-9,15,30H,4-7,10-14H2,1-3H3,(H,25,26,31)",HMQOLMCEGCBGSH-UHFFFAOYSA-N,1.590000000000001,504.215489124
"InChI=1S/C29H40N6O11S/c1-4-33-10-12-34(13-11-33)47(42,43)17-8-9-19(44-5-2)18(15-17)26-31-27(39)21-16(3)30-20(35(21)32-26)7-6-14-45-29-24(38)22(36)23(37)25(46-29)28(40)41/h8-9,15,22-25,29,36-38H,4-7,10-14H2,1-3H3,(H,40,41)(H,31,32,39)",PNAMXABFKQQBET-UHFFFAOYSA-N,C(CCC1=NC(=C2N1NC(=NC2=O)C3=C(C=CC(=C3)S(=O)(=O)N4CCN(CC4)CC)OCC)C)OC5OC(C(O)=O)C(C(C5O)O)O,,,C29H40N6O11S,680.2475771000001,0.05200000000000199,2,1,1,BTM00039,BTM00039,Alkyl-OH-glucuronidation,BTMR0165,EC 2.4.1.17,HUMAN,BTM00011,C(CCC1=NC(=C2N1NC(=NC2=O)C3=C(C=CC(=C3)S(=O)(=O)N4CCN(CC4)CC)OCC)C)O,"InChI=1S/C23H32N6O5S/c1-4-27-10-12-28(13-11-27)35(32,33)17-8-9-19(34-5-2)18(15-17)22-25-23(31)21-16(3)24-20(7-6-14-30)29(21)26-22/h8-9,15,30H,4-7,10-14H2,1-3H3,(H,25,26,31)",HMQOLMCEGCBGSH-UHFFFAOYSA-N,1.590000000000001,504.215489124
"InChI=1S/C23H32N6O8S2/c1-4-27-10-12-28(13-11-27)38(31,32)17-8-9-19(36-5-2)18(15-17)22-25-23(30)21-16(3)24-20(29(21)26-22)7-6-14-37-39(33,34)35/h8-9,15H,4-7,10-14H2,1-3H3,(H,25,26,30)(H,33,34,35)",LYVLKJBHIXYVEW-UHFFFAOYSA-N,C(CCC1=NC(=C2N1NC(=NC2=O)C3=C(C=CC(=C3)S(=O)(=O)N4CCN(CC4)CC)OCC)C)OS(O)(=O)=O,,,C23H32N6O8S2,584.172303984,1.0107000000000017,2,0,0,BTM00040,BTM00040,Sulfation of primary alcohol,BTMR0501,EC 2.8.2.2,HUMAN,BTM00011,C(CCC1=NC(=C2N1NC(=NC2=O)C3=C(C=CC(=C3)S(=O)(=O)N4CCN(CC4)CC)OCC)C)O,"InChI=1S/C23H32N6O5S/c1-4-27-10-12-28(13-11-27)35(32,33)17-8-9-19(34-5-2)18(15-17)22-25-23(31)21-16(3)24-20(7-6-14-30)29(21)26-22/h8-9,15,30H,4-7,10-14H2,1-3H3,(H,25,26,31)",HMQOLMCEGCBGSH-UHFFFAOYSA-N,1.590000000000001,504.215489124
"InChI=1S/C23H34N6O6S/c1-4-6-20-25-16(3)21(23(31)32)29(20)26-22(24)18-15-17(7-8-19(18)35-14-13-30)36(33,34)28-11-9-27(5-2)10-12-28/h7-8,15,30H,4-6,9-14H2,1-3H3,(H2,24,26)(H,31,32)",RZWRNTOWSCVZAM-UHFFFAOYSA-N,CCCC1=NC(=C(N1NC(=N)C2=C(C=CC(=C2)S(=O)(=O)N3CCN(CC3)CC)OCCO)C(=O)O)C,,,C23H34N6O6S,522.226053808,1.2683999999999989,1,1,1,BTM00041,BTM00041,Hydrolysis of cyclic secondary carboxamide,BTMR0093,EC 3.5.2.X,HUMAN,BTM00012,CCCC1=NC(=C2N1NC(=NC2=O)C3=C(C=CC(=C3)S(=O)(=O)N4CCN(CC4)CC)OCCO)C,"InChI=1S/C23H32N6O5S/c1-4-6-20-24-16(3)21-23(31)25-22(26-29(20)21)18-15-17(7-8-19(18)34-14-13-30)35(32,33)28-11-9-27(5-2)10-12-28/h7-8,15,30H,4-6,9-14H2,1-3H3,(H,25,26,31)",XDQKKGPAFRTIIH-UHFFFAOYSA-N,1.9275000000000024,504.215489124
"InChI=1S/C29H40N6O11S/c1-4-6-20-30-16(3)21-27(39)31-26(32-35(20)21)18-15-17(47(42,43)34-11-9-33(5-2)10-12-34)7-8-19(18)44-13-14-45-29-24(38)22(36)23(37)25(46-29)28(40)41/h7-8,15,22-25,29,36-38H,4-6,9-14H2,1-3H3,(H,40,41)(H,31,32,39)",RDFZFTNFDPIEQJ-UHFFFAOYSA-N,CCCC1=NC(=C2N1NC(=NC2=O)C3=C(C=CC(=C3)S(=O)(=O)N4CCN(CC4)CC)OCCOC5OC(C(O)=O)C(C(C5O)O)O)C,,,C29H40N6O11S,680.2475771000001,0.38950000000000334,2,1,1,BTM00042,BTM00042,Alkyl-OH-glucuronidation,BTMR0165,EC 2.4.1.17,HUMAN,BTM00012,CCCC1=NC(=C2N1NC(=NC2=O)C3=C(C=CC(=C3)S(=O)(=O)N4CCN(CC4)CC)OCCO)C,"InChI=1S/C23H32N6O5S/c1-4-6-20-24-16(3)21-23(31)25-22(26-29(20)21)18-15-17(7-8-19(18)34-14-13-30)35(32,33)28-11-9-27(5-2)10-12-28/h7-8,15,30H,4-6,9-14H2,1-3H3,(H,25,26,31)",XDQKKGPAFRTIIH-UHFFFAOYSA-N,1.9275000000000024,504.215489124
"InChI=1S/C23H32N6O8S2/c1-4-6-20-24-16(3)21-23(30)25-22(26-29(20)21)18-15-17(7-8-19(18)36-13-14-37-39(33,34)35)38(31,32)28-11-9-27(5-2)10-12-28/h7-8,15H,4-6,9-14H2,1-3H3,(H,25,26,30)(H,33,34,35)",HGNMTXKALMKZGW-UHFFFAOYSA-N,CCCC1=NC(=C2N1NC(=NC2=O)C3=C(C=CC(=C3)S(=O)(=O)N4CCN(CC4)CC)OCCOS(O)(=O)=O)C,,,C23H32N6O8S2,584.1723039840001,1.348200000000003,2,0,0,BTM00043,BTM00043,Sulfation of primary alcohol,BTMR0501,EC 2.8.2.2,HUMAN,BTM00012,CCCC1=NC(=C2N1NC(=NC2=O)C3=C(C=CC(=C3)S(=O)(=O)N4CCN(CC4)CC)OCCO)C,"InChI=1S/C23H32N6O5S/c1-4-6-20-24-16(3)21-23(31)25-22(26-29(20)21)18-15-17(7-8-19(18)34-14-13-30)35(32,33)28-11-9-27(5-2)10-12-28/h7-8,15,30H,4-6,9-14H2,1-3H3,(H,25,26,31)",XDQKKGPAFRTIIH-UHFFFAOYSA-N,1.9275000000000024,504.215489124
"InChI=1S/C23H30N6O5S/c1-4-6-20-24-16(3)21-23(31)25-22(26-29(20)21)18-15-17(7-8-19(18)34-5-2)35(32,33)28-11-9-27(10-12-28)13-14-30/h7-8,14-15H,4-6,9-13H2,1-3H3,(H,25,26,31)",IYYLBEYWPJWPFG-UHFFFAOYSA-N,CCCC1=NC(=C2N1NC(=NC2=O)C3=C(C=CC(=C3)S(=O)(=O)N4CCN(CC4)CC=O)OCC)C,,,C23H30N6O5S,502.19983906,2.1838,1,0,0,BTM00044,BTM00044,Dehydrogenation of primary alcohol,BTMR0028,EC 1.1.1.1,HUMAN,BTM00013,CCCC1=NC(=C2N1NC(=NC2=O)C3=C(C=CC(=C3)S(=O)(=O)N4CCN(CC4)CCO)OCC)C,"InChI=1S/C23H32N6O5S/c1-4-6-20-24-16(3)21-23(31)25-22(26-29(20)21)18-15-17(7-8-19(18)34-5-2)35(32,33)28-11-9-27(10-12-28)13-14-30/h7-8,15,30H,4-6,9-14H2,1-3H3,(H,25,26,31)",KZFHUILKKFVOMB-UHFFFAOYSA-N,1.9275000000000024,504.215489124
"InChI=1S/C23H34N6O6S/c1-4-6-20-25-16(3)21(23(31)32)29(20)26-22(24)18-15-17(7-8-19(18)35-5-2)36(33,34)28-11-9-27(10-12-28)13-14-30/h7-8,15,30H,4-6,9-14H2,1-3H3,(H2,24,26)(H,31,32)",BSRDXDHHWGYGQN-UHFFFAOYSA-N,CCCC1=NC(=C(N1NC(=N)C2=C(C=CC(=C2)S(=O)(=O)N3CCN(CC3)CCO)OCC)C(=O)O)C,,,C23H34N6O6S,522.226053808,1.2683999999999989,1,1,1,BTM00045,BTM00045,Hydrolysis of cyclic secondary carboxamide,BTMR0093,EC 3.5.2.X,HUMAN,BTM00013,CCCC1=NC(=C2N1NC(=NC2=O)C3=C(C=CC(=C3)S(=O)(=O)N4CCN(CC4)CCO)OCC)C,"InChI=1S/C23H32N6O5S/c1-4-6-20-24-16(3)21-23(31)25-22(26-29(20)21)18-15-17(7-8-19(18)34-5-2)35(32,33)28-11-9-27(10-12-28)13-14-30/h7-8,15,30H,4-6,9-14H2,1-3H3,(H,25,26,31)",KZFHUILKKFVOMB-UHFFFAOYSA-N,1.9275000000000024,504.215489124
"InChI=1S/C29H40N6O11S/c1-4-6-20-30-16(3)21-27(39)31-26(32-35(20)21)18-15-17(7-8-19(18)44-5-2)47(42,43)34-11-9-33(10-12-34)13-14-45-29-24(38)22(36)23(37)25(46-29)28(40)41/h7-8,15,22-25,29,36-38H,4-6,9-14H2,1-3H3,(H,40,41)(H,31,32,39)",KZAAQSBMZQWUIK-UHFFFAOYSA-N,CCCC1=NC(=C2N1NC(=NC2=O)C3=C(C=CC(=C3)S(=O)(=O)N4CCN(CC4)CCOC5OC(C(O)=O)C(C(C5O)O)O)OCC)C,,,C29H40N6O11S,680.2475771,0.38950000000000334,2,1,1,BTM00046,BTM00046,Alkyl-OH-glucuronidation,BTMR0165,EC 2.4.1.17,HUMAN,BTM00013,CCCC1=NC(=C2N1NC(=NC2=O)C3=C(C=CC(=C3)S(=O)(=O)N4CCN(CC4)CCO)OCC)C,"InChI=1S/C23H32N6O5S/c1-4-6-20-24-16(3)21-23(31)25-22(26-29(20)21)18-15-17(7-8-19(18)34-5-2)35(32,33)28-11-9-27(10-12-28)13-14-30/h7-8,15,30H,4-6,9-14H2,1-3H3,(H,25,26,31)",KZFHUILKKFVOMB-UHFFFAOYSA-N,1.9275000000000024,504.215489124
"InChI=1S/C23H32N6O8S2/c1-4-6-20-24-16(3)21-23(30)25-22(26-29(20)21)18-15-17(7-8-19(18)36-5-2)38(31,32)28-11-9-27(10-12-28)13-14-37-39(33,34)35/h7-8,15H,4-6,9-14H2,1-3H3,(H,25,26,30)(H,33,34,35)",QAFSBEQPPGMOKJ-UHFFFAOYSA-N,CCCC1=NC(=C2N1NC(=NC2=O)C3=C(C=CC(=C3)S(=O)(=O)N4CCN(CC4)CCOS(O)(=O)=O)OCC)C,,,C23H32N6O8S2,584.172303984,1.348200000000003,2,0,0,BTM00047,BTM00047,Sulfation of primary alcohol,BTMR0501,EC 2.8.2.2,HUMAN,BTM00013,CCCC1=NC(=C2N1NC(=NC2=O)C3=C(C=CC(=C3)S(=O)(=O)N4CCN(CC4)CCO)OCC)C,"InChI=1S/C23H32N6O5S/c1-4-6-20-24-16(3)21-23(31)25-22(26-29(20)21)18-15-17(7-8-19(18)34-5-2)35(32,33)28-11-9-27(10-12-28)13-14-30/h7-8,15,30H,4-6,9-14H2,1-3H3,(H,25,26,31)",KZFHUILKKFVOMB-UHFFFAOYSA-N,1.9275000000000024,504.215489124
"InChI=1S/C23H32N6O5S/c1-5-8-20-25-16(4)21(23(30)31)29(20)26-22(24)18-15-17(9-10-19(18)34-7-3)35(32,33)28-13-11-27(6-2)12-14-28/h5,9-10,15H,1,6-8,11-14H2,2-4H3,(H2,24,26)(H,30,31)",XMFNLITZQJPNIJ-UHFFFAOYSA-N,C=CCC1=NC(=C(N1NC(=N)C2=C(C=CC(=C2)S(=O)(=O)N3CCN(CC3)CC)OCC)C(=O)O)C,,,C23H32N6O5S,504.215489124,1.7658999999999994,1,1,1,BTM00048,BTM00048,Hydrolysis of cyclic secondary carboxamide,BTMR0093,EC 3.5.2.X,HUMAN,BTM00014,C=CCC1=NC(=C2N1NC(=NC2=O)C3=C(C=CC(=C3)S(=O)(=O)N4CCN(CC4)CC)OCC)C,"InChI=1S/C23H30N6O4S/c1-5-8-20-24-16(4)21-23(30)25-22(26-29(20)21)18-15-17(9-10-19(18)33-7-3)34(31,32)28-13-11-27(6-2)12-14-28/h5,9-10,15H,1,6-8,11-14H2,2-4H3,(H,25,26,30)",UYWCTAFEEZSBSG-UHFFFAOYSA-N,2.4250000000000003,486.20492444
"InChI=1S/C23H34N6O6S/c1-5-7-20-25-15(3)21(23(31)32)29(20)26-22(24)18-14-17(8-9-19(18)35-6-2)36(33,34)28-12-10-27(11-13-28)16(4)30/h8-9,14,16,30H,5-7,10-13H2,1-4H3,(H2,24,26)(H,31,32)",BFZUSWIGTAQJHN-UHFFFAOYSA-N,CCCC1=NC(=C(N1NC(=N)C2=C(C=CC(=C2)S(=O)(=O)N3CCN(CC3)C(C)O)OCC)C(=O)O)C,,,C23H34N6O6S,522.2260538080001,1.4287,1,1,1,BTM00049,BTM00049,Hydrolysis of cyclic secondary carboxamide,BTMR0093,EC 3.5.2.X,HUMAN,BTM00015,CCCC1=NC(=C2N1NC(=NC2=O)C3=C(C=CC(=C3)S(=O)(=O)N4CCN(CC4)C(C)O)OCC)C,"InChI=1S/C23H32N6O5S/c1-5-7-20-24-15(3)21-23(31)25-22(26-29(20)21)18-14-17(8-9-19(18)34-6-2)35(32,33)28-12-10-27(11-13-28)16(4)30/h8-9,14,16,30H,5-7,10-13H2,1-4H3,(H,25,26,31)",JCINJFZGHWVDAB-UHFFFAOYSA-N,2.0878000000000037,504.215489124
"InChI=1S/C23H34N6O6S/c1-5-18(30)22-25-15(4)20(23(31)32)29(22)26-21(24)17-14-16(8-9-19(17)35-7-3)36(33,34)28-12-10-27(6-2)11-13-28/h8-9,14,18,30H,5-7,10-13H2,1-4H3,(H2,24,26)(H,31,32)",GQJOBWQUGMQKQL-UHFFFAOYSA-N,CCC(C1=NC(=C(N1NC(=N)C2=C(C=CC(=C2)S(=O)(=O)N3CCN(CC3)CC)OCC)C(=O)O)C)O,,,C23H34N6O6S,522.226053808,1.4484999999999988,1,1,1,BTM00019,BTM00019,Hydroxylation of antepenultimate aliphatic secondary carbon,BTMR1072,"CYP1A2
CYP2E1",HUMAN,BTM00001,CCCC1=NC(=C(N1NC(=N)C2=C(C=CC(=C2)S(=O)(=O)N3CCN(CC3)CC)OCC)C(=O)O)C,"InChI=1S/C23H34N6O5S/c1-5-8-20-25-16(4)21(23(30)31)29(20)26-22(24)18-15-17(9-10-19(18)34-7-3)35(32,33)28-13-11-27(6-2)12-14-28/h9-10,15H,5-8,11-14H2,1-4H3,(H2,24,26)(H,30,31)",DHLFQHIRRUNCNS-UHFFFAOYSA-N,2.1566,506.231139188
"InChI=1S/C21H30N6O5S/c1-4-6-18-23-14(3)19(21(29)30)27(18)24-20(22)16-13-15(7-8-17(16)28)33(31,32)26-11-9-25(5-2)10-12-26/h7-8,13,28H,4-6,9-12H2,1-3H3,(H2,22,24)(H,29,30)",ZQOWXCGAOYMESP-UHFFFAOYSA-N,CCCC1=NC(=C(N1NC(=N)C2=C(C=CC(=C2)S(=O)(=O)N3CCN(CC3)CC)O)C(=O)O)C,,,C21H30N6O5S,478.19983906,1.5567999999999982,0,1,1,BTM00022,BTM00022,O-Dealkylation,BTMR0052,"CYP1A2
CYP2A6
CYP2C9
CYP2C19
CYP2D6
CYP2E1
CYP3A4",HUMAN,BTM00001,CCCC1=NC(=C(N1NC(=N)C2=C(C=CC(=C2)S(=O)(=O)N3CCN(CC3)CC)OCC)C(=O)O)C,"InChI=1S/C23H34N6O5S/c1-5-8-20-25-16(4)21(23(30)31)29(20)26-22(24)18-15-17(9-10-19(18)34-7-3)35(32,33)28-13-11-27(6-2)12-14-28/h9-10,15H,5-8,11-14H2,1-4H3,(H2,24,26)(H,30,31)",DHLFQHIRRUNCNS-UHFFFAOYSA-N,2.1566,506.231139188
"InChI=1S/C2H4O/c1-2-3/h2H,1H3",IKHGUXGNUITLKF-UHFFFAOYSA-N,C(C)=O,,,C2H4O,44.026214748,-0.1825,0,0,0,BTM00004,BTM00004,O-Dealkylation,BTMR0052,"CYP1A2
CYP2A6
CYP2C9
CYP2C19
CYP2D6
CYP2E1
CYP3A4",HUMAN,BTM00001,CCCC1=NC(=C(N1NC(=N)C2=C(C=CC(=C2)S(=O)(=O)N3CCN(CC3)CC)OCC)C(=O)O)C,"InChI=1S/C23H34N6O5S/c1-5-8-20-25-16(4)21(23(30)31)29(20)26-22(24)18-15-17(9-10-19(18)34-7-3)35(32,33)28-13-11-27(6-2)12-14-28/h9-10,15H,5-8,11-14H2,1-4H3,(H2,24,26)(H,30,31)",DHLFQHIRRUNCNS-UHFFFAOYSA-N,2.1566,506.231139188
"InChI=1S/C23H34N6O6S/c1-4-7-20-25-18(15-30)21(23(31)32)29(20)26-22(24)17-14-16(8-9-19(17)35-6-3)36(33,34)28-12-10-27(5-2)11-13-28/h8-9,14,30H,4-7,10-13,15H2,1-3H3,(H2,24,26)(H,31,32)",ROFLKISAGUHZHM-UHFFFAOYSA-N,CCCC1=NC(=C(N1NC(=N)C2=C(C=CC(=C2)S(=O)(=O)N3CCN(CC3)CC)OCC)C(=O)O)CO,,,C23H34N6O6S,522.226053808,1.6979999999999995,1,1,1,BTM00026,BTM00026,Aliphatic hydroxylation of methyl carbon adjacent to aromatic ring,BTMR1058,"CYP1A2
CYP2A6
CYP2B6
CYP2C8
CYP2C9
CYP2C19
CYP2D6
CYP2E1
CYP3A4",HUMAN,BTM00001,CCCC1=NC(=C(N1NC(=N)C2=C(C=CC(=C2)S(=O)(=O)N3CCN(CC3)CC)OCC)C(=O)O)C,"InChI=1S/C23H34N6O5S/c1-5-8-20-25-16(4)21(23(30)31)29(20)26-22(24)18-15-17(9-10-19(18)34-7-3)35(32,33)28-13-11-27(6-2)12-14-28/h9-10,15H,5-8,11-14H2,1-4H3,(H2,24,26)(H,30,31)",DHLFQHIRRUNCNS-UHFFFAOYSA-N,2.1566,506.231139188
"InChI=1S/C23H34N6O6S/c1-5-8-20-25-16(4)21(23(30)31)28(20)26-22(24)18-15-17(9-10-19(18)35-7-3)36(33,34)27-11-13-29(32,6-2)14-12-27/h9-10,15H,5-8,11-14H2,1-4H3,(H2,24,26)(H,30,31)",DMPOLDSKYLCXLZ-UHFFFAOYSA-N,CCCC1=NC(=C(N1NC(=N)C2=C(C=CC(=C2)S(=O)(=O)N3CC[N+](CC3)(CC)[O-])OCC)C(=O)O)C,,,C23H34N6O6S,522.226053808,1.7515000000000014,1,1,1,BTM00029,BTM00029,N-Oxidation of alicyclic tertiary amine,BTMR1099,"CYP1A2
CYP2C8
CYP2C19
CYP2D6
CYP3A4",HUMAN,BTM00001,CCCC1=NC(=C(N1NC(=N)C2=C(C=CC(=C2)S(=O)(=O)N3CCN(CC3)CC)OCC)C(=O)O)C,"InChI=1S/C23H34N6O5S/c1-5-8-20-25-16(4)21(23(30)31)29(20)26-22(24)18-15-17(9-10-19(18)34-7-3)35(32,33)28-13-11-27(6-2)12-14-28/h9-10,15H,5-8,11-14H2,1-4H3,(H2,24,26)(H,30,31)",DHLFQHIRRUNCNS-UHFFFAOYSA-N,2.1566,506.231139188
"InChI=1S/C21H30N6O5S/c1-4-6-18-24-14(3)19(21(28)29)27(18)25-20(22)16-13-15(7-8-17(16)32-5-2)33(30,31)26-11-9-23-10-12-26/h7-8,13,23H,4-6,9-12H2,1-3H3,(H2,22,25)(H,28,29)",ZKZSPGMIGWFBSU-UHFFFAOYSA-N,CCCC1=NC(=C(N1NC(=N)C2=C(C=CC(=C2)S(=O)(=O)N3CCNCC3)OCC)C(=O)O)C,,,C21H30N6O5S,478.19983906,1.2718999999999978,0,1,1,BTM00031,BTM00031,N-Dealkylation of alicyclic tertiary amine,BTMR1144,"CYP1A2
CYP2A6
CYP2B6
CYP2C8
CYP2C9
CYP2C19
CYP2D6
CYP3A4",HUMAN,BTM00001,CCCC1=NC(=C(N1NC(=N)C2=C(C=CC(=C2)S(=O)(=O)N3CCN(CC3)CC)OCC)C(=O)O)C,"InChI=1S/C23H34N6O5S/c1-5-8-20-25-16(4)21(23(30)31)29(20)26-22(24)18-15-17(9-10-19(18)34-7-3)35(32,33)28-13-11-27(6-2)12-14-28/h9-10,15H,5-8,11-14H2,1-4H3,(H2,24,26)(H,30,31)",DHLFQHIRRUNCNS-UHFFFAOYSA-N,2.1566,506.231139188
"InChI=1S/C2H4O/c1-2-3/h2H,1H3",IKHGUXGNUITLKF-UHFFFAOYSA-N,C(C)=O,,,C2H4O,44.026214748,-0.1825,0,0,0,BTM00004,BTM00004,N-Dealkylation of alicyclic tertiary amine,BTMR1144,"CYP1A2
CYP2A6
CYP2B6
CYP2C8
CYP2C9
CYP2C19
CYP2D6
CYP3A4",HUMAN,BTM00001,CCCC1=NC(=C(N1NC(=N)C2=C(C=CC(=C2)S(=O)(=O)N3CCN(CC3)CC)OCC)C(=O)O)C,"InChI=1S/C23H34N6O5S/c1-5-8-20-25-16(4)21(23(30)31)29(20)26-22(24)18-15-17(9-10-19(18)34-7-3)35(32,33)28-13-11-27(6-2)12-14-28/h9-10,15H,5-8,11-14H2,1-4H3,(H2,24,26)(H,30,31)",DHLFQHIRRUNCNS-UHFFFAOYSA-N,2.1566,506.231139188
"InChI=1S/C23H34N6O6S/c1-5-27-9-11-28(12-10-27)36(33,34)17-7-8-19(35-6-2)18(14-17)22(24)26-29-20(13-15(3)30)25-16(4)21(29)23(31)32/h7-8,14-15,30H,5-6,9-13H2,1-4H3,(H2,24,26)(H,31,32)",LLJGWKOJMQEIDX-UHFFFAOYSA-N,CC(CC1=NC(=C(N1NC(=N)C2=C(C=CC(=C2)S(=O)(=O)N3CCN(CC3)CC)OCC)C(=O)O)C)O,,,C23H34N6O6S,522.226053808,1.1803999999999997,1,1,1,BTM00032,BTM00032,Hydroxylation of penultimate aliphatic secondary carbon,BTMR1074,"CYP1A2
CYP2A6
CYP2B6
CYP2C8
CYP2C9
CYP2C19
CYP2D6
CYP2E1
CYP3A4",HUMAN,BTM00001,CCCC1=NC(=C(N1NC(=N)C2=C(C=CC(=C2)S(=O)(=O)N3CCN(CC3)CC)OCC)C(=O)O)C,"InChI=1S/C23H34N6O5S/c1-5-8-20-25-16(4)21(23(30)31)29(20)26-22(24)18-15-17(9-10-19(18)34-7-3)35(32,33)28-13-11-27(6-2)12-14-28/h9-10,15H,5-8,11-14H2,1-4H3,(H2,24,26)(H,30,31)",DHLFQHIRRUNCNS-UHFFFAOYSA-N,2.1566,506.231139188
"InChI=1S/C23H34N6O6S/c1-5-8-19-25-15(4)21(23(31)32)29(19)26-22(24)17-13-16(9-10-18(17)35-7-3)36(33,34)28-12-11-27(6-2)14-20(28)30/h9-10,13,20,30H,5-8,11-12,14H2,1-4H3,(H2,24,26)(H,31,32)",KNGKIFHACSVTKX-UHFFFAOYSA-N,CCCC1=NC(=C(N1NC(=N)C2=C(C=CC(=C2)S(=O)(=O)N3C(CN(CC3)CC)O)OCC)C(=O)O)C,,,C23H34N6O6S,522.226053808,1.8169000000000004,1,1,1,BTM00035,BTM00035,Hydroxylation of heteroalicyclic secondary carbon,BTMR1070,"CYP1A2
CYP2A6
CYP2C9
CYP2D6
CYP3A4",HUMAN,BTM00001,CCCC1=NC(=C(N1NC(=N)C2=C(C=CC(=C2)S(=O)(=O)N3CCN(CC3)CC)OCC)C(=O)O)C,"InChI=1S/C23H34N6O5S/c1-5-8-20-25-16(4)21(23(30)31)29(20)26-22(24)18-15-17(9-10-19(18)34-7-3)35(32,33)28-13-11-27(6-2)12-14-28/h9-10,15H,5-8,11-14H2,1-4H3,(H2,24,26)(H,30,31)",DHLFQHIRRUNCNS-UHFFFAOYSA-N,2.1566,506.231139188
"InChI=1S/C23H34N6O6S/c1-5-8-19-25-15(4)21(23(31)32)29(19)26-22(24)17-13-16(9-10-18(17)35-7-3)36(33,34)28-12-11-27(6-2)20(30)14-28/h9-10,13,20,30H,5-8,11-12,14H2,1-4H3,(H2,24,26)(H,31,32)",AVPHMBBYXOUOOC-UHFFFAOYSA-N,CCCC1=NC(=C(N1NC(=N)C2=C(C=CC(=C2)S(=O)(=O)N3CC(N(CC3)CC)O)OCC)C(=O)O)C,,,C23H34N6O6S,522.226053808,1.8169000000000004,1,1,1,BTM00036,BTM00036,Hydroxylation of heteroalicyclic secondary carbon,BTMR1070,"CYP1A2
CYP2A6
CYP2C9
CYP2D6
CYP3A4",HUMAN,BTM00001,CCCC1=NC(=C(N1NC(=N)C2=C(C=CC(=C2)S(=O)(=O)N3CCN(CC3)CC)OCC)C(=O)O)C,"InChI=1S/C23H34N6O5S/c1-5-8-20-25-16(4)21(23(30)31)29(20)26-22(24)18-15-17(9-10-19(18)34-7-3)35(32,33)28-13-11-27(6-2)12-14-28/h9-10,15H,5-8,11-14H2,1-4H3,(H2,24,26)(H,30,31)",DHLFQHIRRUNCNS-UHFFFAOYSA-N,2.1566,506.231139188
"InChI=1S/C23H34N6O6S/c1-4-27-10-12-28(13-11-27)36(33,34)17-8-9-19(35-5-2)18(15-17)22(24)26-29-20(7-6-14-30)25-16(3)21(29)23(31)32/h8-9,15,30H,4-7,10-14H2,1-3H3,(H2,24,26)(H,31,32)",YPOMNEASGNBBNX-UHFFFAOYSA-N,C(CCC1=NC(=C(N1NC(=N)C2=C(C=CC(=C2)S(=O)(=O)N3CCN(CC3)CC)OCC)C(=O)O)C)O,,,C23H34N6O6S,522.226053808,0.9309000000000003,1,1,1,BTM00038,BTM00038,Hydroxylation of terminal methyl,BTMR1061,"CYP1A2
CYP2A6
CYP2B6
CYP2C8
CYP2C9
CYP2C19
CYP2D6
CYP2E1
CYP3A4",HUMAN,BTM00001,CCCC1=NC(=C(N1NC(=N)C2=C(C=CC(=C2)S(=O)(=O)N3CCN(CC3)CC)OCC)C(=O)O)C,"InChI=1S/C23H34N6O5S/c1-5-8-20-25-16(4)21(23(30)31)29(20)26-22(24)18-15-17(9-10-19(18)34-7-3)35(32,33)28-13-11-27(6-2)12-14-28/h9-10,15H,5-8,11-14H2,1-4H3,(H2,24,26)(H,30,31)",DHLFQHIRRUNCNS-UHFFFAOYSA-N,2.1566,506.231139188
"InChI=1S/C23H34N6O6S/c1-4-6-20-25-16(3)21(23(31)32)29(20)26-22(24)18-15-17(7-8-19(18)35-14-13-30)36(33,34)28-11-9-27(5-2)10-12-28/h7-8,15,30H,4-6,9-14H2,1-3H3,(H2,24,26)(H,31,32)",RZWRNTOWSCVZAM-UHFFFAOYSA-N,CCCC1=NC(=C(N1NC(=N)C2=C(C=CC(=C2)S(=O)(=O)N3CCN(CC3)CC)OCCO)C(=O)O)C,,,C23H34N6O6S,522.226053808,1.2683999999999989,1,1,1,BTM00041,BTM00041,Hydroxylation of terminal methyl,BTMR1061,"CYP1A2
CYP2A6
CYP2B6
CYP2C8
CYP2C9
CYP2C19
CYP2D6
CYP2E1
CYP3A4",HUMAN,BTM00001,CCCC1=NC(=C(N1NC(=N)C2=C(C=CC(=C2)S(=O)(=O)N3CCN(CC3)CC)OCC)C(=O)O)C,"InChI=1S/C23H34N6O5S/c1-5-8-20-25-16(4)21(23(30)31)29(20)26-22(24)18-15-17(9-10-19(18)34-7-3)35(32,33)28-13-11-27(6-2)12-14-28/h9-10,15H,5-8,11-14H2,1-4H3,(H2,24,26)(H,30,31)",DHLFQHIRRUNCNS-UHFFFAOYSA-N,2.1566,506.231139188
"InChI=1S/C23H34N6O6S/c1-4-6-20-25-16(3)21(23(31)32)29(20)26-22(24)18-15-17(7-8-19(18)35-5-2)36(33,34)28-11-9-27(10-12-28)13-14-30/h7-8,15,30H,4-6,9-14H2,1-3H3,(H2,24,26)(H,31,32)",BSRDXDHHWGYGQN-UHFFFAOYSA-N,CCCC1=NC(=C(N1NC(=N)C2=C(C=CC(=C2)S(=O)(=O)N3CCN(CC3)CCO)OCC)C(=O)O)C,,,C23H34N6O6S,522.226053808,1.2683999999999989,1,1,1,BTM00045,BTM00045,Hydroxylation of terminal methyl,BTMR1061,"CYP1A2
CYP2A6
CYP2B6
CYP2C8
CYP2C9
CYP2C19
CYP2D6
CYP2E1
CYP3A4",HUMAN,BTM00001,CCCC1=NC(=C(N1NC(=N)C2=C(C=CC(=C2)S(=O)(=O)N3CCN(CC3)CC)OCC)C(=O)O)C,"InChI=1S/C23H34N6O5S/c1-5-8-20-25-16(4)21(23(30)31)29(20)26-22(24)18-15-17(9-10-19(18)34-7-3)35(32,33)28-13-11-27(6-2)12-14-28/h9-10,15H,5-8,11-14H2,1-4H3,(H2,24,26)(H,30,31)",DHLFQHIRRUNCNS-UHFFFAOYSA-N,2.1566,506.231139188
"InChI=1S/C23H32N6O5S/c1-5-8-20-25-16(4)21(23(30)31)29(20)26-22(24)18-15-17(9-10-19(18)34-7-3)35(32,33)28-13-11-27(6-2)12-14-28/h5,9-10,15H,1,6-8,11-14H2,2-4H3,(H2,24,26)(H,30,31)",XMFNLITZQJPNIJ-UHFFFAOYSA-N,C=CCC1=NC(=C(N1NC(=N)C2=C(C=CC(=C2)S(=O)(=O)N3CCN(CC3)CC)OCC)C(=O)O)C,,,C23H32N6O5S,504.215489124,1.7658999999999994,1,1,1,BTM00048,BTM00048,Terminal desaturation,BTMR1190,"CYP1A2
CYP2A6
CYP2C9
CYP2D6
CYP3A4",HUMAN,BTM00001,CCCC1=NC(=C(N1NC(=N)C2=C(C=CC(=C2)S(=O)(=O)N3CCN(CC3)CC)OCC)C(=O)O)C,"InChI=1S/C23H34N6O5S/c1-5-8-20-25-16(4)21(23(30)31)29(20)26-22(24)18-15-17(9-10-19(18)34-7-3)35(32,33)28-13-11-27(6-2)12-14-28/h9-10,15H,5-8,11-14H2,1-4H3,(H2,24,26)(H,30,31)",DHLFQHIRRUNCNS-UHFFFAOYSA-N,2.1566,506.231139188
"InChI=1S/C23H34N6O6S/c1-5-8-19-25-15(4)21(23(31)32)29(19)26-22(24)17-13-16(9-10-18(17)35-7-3)36(33,34)28-12-11-27(6-2)20(30)14-28/h9-10,13,20,30H,5-8,11-12,14H2,1-4H3,(H2,24,26)(H,31,32)",AVPHMBBYXOUOOC-UHFFFAOYSA-N,CCCC1=NC(=C(N1NC(=N)C2=C(C=CC(=C2)S(=O)(=O)N3CC(N(CC3)CC)O)OCC)C(=O)O)C,,,C23H34N6O6S,522.226053808,1.8169000000000004,1,1,1,BTM00036,BTM00036,Aliphatic hydroxylation of carbon alpha to secondary or tertiary alkyl-N,BTMR1081,"CYP2B6
CYP2C19
CYP2D6",HUMAN,BTM00001,CCCC1=NC(=C(N1NC(=N)C2=C(C=CC(=C2)S(=O)(=O)N3CCN(CC3)CC)OCC)C(=O)O)C,"InChI=1S/C23H34N6O5S/c1-5-8-20-25-16(4)21(23(30)31)29(20)26-22(24)18-15-17(9-10-19(18)34-7-3)35(32,33)28-13-11-27(6-2)12-14-28/h9-10,15H,5-8,11-14H2,1-4H3,(H2,24,26)(H,30,31)",DHLFQHIRRUNCNS-UHFFFAOYSA-N,2.1566,506.231139188
"InChI=1S/C23H34N6O6S/c1-5-7-20-25-15(3)21(23(31)32)29(20)26-22(24)18-14-17(8-9-19(18)35-6-2)36(33,34)28-12-10-27(11-13-28)16(4)30/h8-9,14,16,30H,5-7,10-13H2,1-4H3,(H2,24,26)(H,31,32)",BFZUSWIGTAQJHN-UHFFFAOYSA-N,CCCC1=NC(=C(N1NC(=N)C2=C(C=CC(=C2)S(=O)(=O)N3CCN(CC3)C(C)O)OCC)C(=O)O)C,,,C23H34N6O6S,522.2260538080001,1.4287,1,1,1,BTM00049,BTM00049,Aliphatic hydroxylation of carbon alpha to secondary or tertiary alkyl-N,BTMR1081,"CYP2B6
CYP2C19
CYP2D6",HUMAN,BTM00001,CCCC1=NC(=C(N1NC(=N)C2=C(C=CC(=C2)S(=O)(=O)N3CCN(CC3)CC)OCC)C(=O)O)C,"InChI=1S/C23H34N6O5S/c1-5-8-20-25-16(4)21(23(30)31)29(20)26-22(24)18-15-17(9-10-19(18)34-7-3)35(32,33)28-13-11-27(6-2)12-14-28/h9-10,15H,5-8,11-14H2,1-4H3,(H2,24,26)(H,30,31)",DHLFQHIRRUNCNS-UHFFFAOYSA-N,2.1566,506.231139188
"InChI=1S/C23H30N6O5S/c1-5-18(30)22-24-15(4)20-23(31)25-21(26-29(20)22)17-14-16(8-9-19(17)34-7-3)35(32,33)28-12-10-27(6-2)11-13-28/h8-9,14H,5-7,10-13H2,1-4H3,(H,25,26,31)",UHSSYWCRKDOELL-UHFFFAOYSA-N,CCC(C1=NC(=C2N1NC(=NC2=O)C3=C(C=CC(=C3)S(=O)(=O)N4CCN(CC4)CC)OCC)C)=O,,,C23H30N6O5S,502.19983906,2.217700000000003,1,0,0,BTM00050,BTM00050,Oxidation of secondary alcohol to ketone,BTMR0079,"CYP1A2
CYP2C9
CYP2C19",HUMAN,BTM00002,CCC(C1=NC(=C2N1NC(=NC2=O)C3=C(C=CC(=C3)S(=O)(=O)N4CCN(CC4)CC)OCC)C)O,"InChI=1S/C23H32N6O5S/c1-5-18(30)22-24-15(4)20-23(31)25-21(26-29(20)22)17-14-16(8-9-19(17)34-7-3)35(32,33)28-12-10-27(6-2)11-13-28/h8-9,14,18,30H,5-7,10-13H2,1-4H3,(H,25,26,31)",FSGDVPBGQFDZBD-UHFFFAOYSA-N,2.107600000000003,504.215489124
"InChI=1S/C21H28N6O5S/c1-4-16(28)20-22-13(3)18-21(30)23-19(24-27(18)20)15-12-14(6-7-17(15)29)33(31,32)26-10-8-25(5-2)9-11-26/h6-7,12,16,28-29H,4-5,8-11H2,1-3H3,(H,23,24,30)",LFEICFJEUVRIOD-UHFFFAOYSA-N,CCC(C1=NC(=C2N1NC(=NC2=O)C3=C(C=CC(=C3)S(=O)(=O)N4CCN(CC4)CC)O)C)O,,,C21H28N6O5S,476.184188996,1.5078000000000007,0,1,1,BTM00051,BTM00051,O-Dealkylation,BTMR0052,"CYP1A2
CYP2A6
CYP2C9
CYP2C19
CYP2D6
CYP2E1
CYP3A4",HUMAN,BTM00002,CCC(C1=NC(=C2N1NC(=NC2=O)C3=C(C=CC(=C3)S(=O)(=O)N4CCN(CC4)CC)OCC)C)O,"InChI=1S/C23H32N6O5S/c1-5-18(30)22-24-15(4)20-23(31)25-21(26-29(20)22)17-14-16(8-9-19(17)34-7-3)35(32,33)28-12-10-27(6-2)11-13-28/h8-9,14,18,30H,5-7,10-13H2,1-4H3,(H,25,26,31)",FSGDVPBGQFDZBD-UHFFFAOYSA-N,2.107600000000003,504.215489124
"InChI=1S/C2H4O/c1-2-3/h2H,1H3",IKHGUXGNUITLKF-UHFFFAOYSA-N,C(C)=O,,,C2H4O,44.026214748,-0.1825,0,0,0,BTM00004,BTM00004,O-Dealkylation,BTMR0052,"CYP1A2
CYP2A6
CYP2C9
CYP2C19
CYP2D6
CYP2E1
CYP3A4",HUMAN,BTM00002,CCC(C1=NC(=C2N1NC(=NC2=O)C3=C(C=CC(=C3)S(=O)(=O)N4CCN(CC4)CC)OCC)C)O,"InChI=1S/C23H32N6O5S/c1-5-18(30)22-24-15(4)20-23(31)25-21(26-29(20)22)17-14-16(8-9-19(17)34-7-3)35(32,33)28-12-10-27(6-2)11-13-28/h8-9,14,18,30H,5-7,10-13H2,1-4H3,(H,25,26,31)",FSGDVPBGQFDZBD-UHFFFAOYSA-N,2.107600000000003,504.215489124
"InChI=1S/C23H32N6O6S/c1-4-18(31)22-24-17(14-30)20-23(32)25-21(26-29(20)22)16-13-15(7-8-19(16)35-6-3)36(33,34)28-11-9-27(5-2)10-12-28/h7-8,13,18,30-31H,4-6,9-12,14H2,1-3H3,(H,25,26,32)",FOGCMYNITISVMX-UHFFFAOYSA-N,CCC(C1=NC(=C2N1NC(=NC2=O)C3=C(C=CC(=C3)S(=O)(=O)N4CCN(CC4)CC)OCC)CO)O,,,C23H32N6O6S,520.210403744,1.649000000000004,1,1,1,BTM00052,BTM00052,Aliphatic hydroxylation of methyl carbon adjacent to aromatic ring,BTMR1058,"CYP1A2
CYP2A6
CYP2B6
CYP2C8
CYP2C9
CYP2C19
CYP2D6
CYP2E1
CYP3A4",HUMAN,BTM00002,CCC(C1=NC(=C2N1NC(=NC2=O)C3=C(C=CC(=C3)S(=O)(=O)N4CCN(CC4)CC)OCC)C)O,"InChI=1S/C23H32N6O5S/c1-5-18(30)22-24-15(4)20-23(31)25-21(26-29(20)22)17-14-16(8-9-19(17)34-7-3)35(32,33)28-12-10-27(6-2)11-13-28/h8-9,14,18,30H,5-7,10-13H2,1-4H3,(H,25,26,31)",FSGDVPBGQFDZBD-UHFFFAOYSA-N,2.107600000000003,504.215489124
"InChI=1S/C23H32N6O6S/c1-5-18(30)22-24-15(4)20-23(31)25-21(26-28(20)22)17-14-16(8-9-19(17)35-7-3)36(33,34)27-10-12-29(32,6-2)13-11-27/h8-9,14,18,30H,5-7,10-13H2,1-4H3,(H,25,26,31)",IUGKJOZDRWVVQQ-UHFFFAOYSA-N,CCC(C1=NC(=C2N1NC(=NC2=O)C3=C(C=CC(=C3)S(=O)(=O)N4CC[N+](CC4)(CC)[O-])OCC)C)O,,,C23H32N6O6S,520.210403744,1.7025000000000028,1,0,0,BTM00053,BTM00053,N-Oxidation of alicyclic tertiary amine,BTMR1099,"CYP1A2
CYP2C8
CYP2C19
CYP2D6
CYP3A4",HUMAN,BTM00002,CCC(C1=NC(=C2N1NC(=NC2=O)C3=C(C=CC(=C3)S(=O)(=O)N4CCN(CC4)CC)OCC)C)O,"InChI=1S/C23H32N6O5S/c1-5-18(30)22-24-15(4)20-23(31)25-21(26-29(20)22)17-14-16(8-9-19(17)34-7-3)35(32,33)28-12-10-27(6-2)11-13-28/h8-9,14,18,30H,5-7,10-13H2,1-4H3,(H,25,26,31)",FSGDVPBGQFDZBD-UHFFFAOYSA-N,2.107600000000003,504.215489124
"InChI=1S/C21H28N6O5S/c1-4-16(28)20-23-13(3)18-21(29)24-19(25-27(18)20)15-12-14(6-7-17(15)32-5-2)33(30,31)26-10-8-22-9-11-26/h6-7,12,16,22,28H,4-5,8-11H2,1-3H3,(H,24,25,29)",HSZCCNDMYHRQAC-UHFFFAOYSA-N,CCC(C1=NC(=C2N1NC(=NC2=O)C3=C(C=CC(=C3)S(=O)(=O)N4CCNCC4)OCC)C)O,,,C21H28N6O5S,476.184188996,1.2229000000000005,0,1,1,BTM00054,BTM00054,N-Dealkylation of alicyclic tertiary amine,BTMR1144,"CYP1A2
CYP2A6
CYP2B6
CYP2C8
CYP2C9
CYP2C19
CYP2D6
CYP3A4",HUMAN,BTM00002,CCC(C1=NC(=C2N1NC(=NC2=O)C3=C(C=CC(=C3)S(=O)(=O)N4CCN(CC4)CC)OCC)C)O,"InChI=1S/C23H32N6O5S/c1-5-18(30)22-24-15(4)20-23(31)25-21(26-29(20)22)17-14-16(8-9-19(17)34-7-3)35(32,33)28-12-10-27(6-2)11-13-28/h8-9,14,18,30H,5-7,10-13H2,1-4H3,(H,25,26,31)",FSGDVPBGQFDZBD-UHFFFAOYSA-N,2.107600000000003,504.215489124
"InChI=1S/C2H4O/c1-2-3/h2H,1H3",IKHGUXGNUITLKF-UHFFFAOYSA-N,C(C)=O,,,C2H4O,44.026214748,-0.1825,0,0,0,BTM00004,BTM00004,N-Dealkylation of alicyclic tertiary amine,BTMR1144,"CYP1A2
CYP2A6
CYP2B6
CYP2C8
CYP2C9
CYP2C19
CYP2D6
CYP3A4",HUMAN,BTM00002,CCC(C1=NC(=C2N1NC(=NC2=O)C3=C(C=CC(=C3)S(=O)(=O)N4CCN(CC4)CC)OCC)C)O,"InChI=1S/C23H32N6O5S/c1-5-18(30)22-24-15(4)20-23(31)25-21(26-29(20)22)17-14-16(8-9-19(17)34-7-3)35(32,33)28-12-10-27(6-2)11-13-28/h8-9,14,18,30H,5-7,10-13H2,1-4H3,(H,25,26,31)",FSGDVPBGQFDZBD-UHFFFAOYSA-N,2.107600000000003,504.215489124
"InChI=1S/C23H32N6O6S/c1-5-27-9-11-28(12-10-27)36(33,34)16-7-8-18(35-6-2)17(13-16)21-25-23(32)19-14(3)24-22(29(19)26-21)20(31)15(4)30/h7-8,13,15,20,30-31H,5-6,9-12H2,1-4H3,(H,25,26,32)",HEKMVWFGKBSCAU-UHFFFAOYSA-N,CC(C(C1=NC(=C2N1NC(=NC2=O)C3=C(C=CC(=C3)S(=O)(=O)N4CCN(CC4)CC)OCC)C)O)O,,,C23H32N6O6S,520.210403744,1.0731999999999995,1,1,1,BTM00055,BTM00055,Hydroxylation of penultimate aliphatic secondary carbon,BTMR1074,"CYP1A2
CYP2A6
CYP2B6
CYP2C8
CYP2C9
CYP2C19
CYP2D6
CYP2E1
CYP3A4",HUMAN,BTM00002,CCC(C1=NC(=C2N1NC(=NC2=O)C3=C(C=CC(=C3)S(=O)(=O)N4CCN(CC4)CC)OCC)C)O,"InChI=1S/C23H32N6O5S/c1-5-18(30)22-24-15(4)20-23(31)25-21(26-29(20)22)17-14-16(8-9-19(17)34-7-3)35(32,33)28-12-10-27(6-2)11-13-28/h8-9,14,18,30H,5-7,10-13H2,1-4H3,(H,25,26,31)",FSGDVPBGQFDZBD-UHFFFAOYSA-N,2.107600000000003,504.215489124
"InChI=1S/C23H32N6O6S/c1-5-17(30)22-24-14(4)20-23(32)25-21(26-29(20)22)16-12-15(8-9-18(16)35-7-3)36(33,34)28-11-10-27(6-2)13-19(28)31/h8-9,12,17,19,30-31H,5-7,10-11,13H2,1-4H3,(H,25,26,32)",IRIKIRVIQAFPJH-UHFFFAOYSA-N,CCC(C1=NC(=C2N1NC(=NC2=O)C3=C(C=CC(=C3)S(=O)(=O)N4C(CN(CC4)CC)O)OCC)C)O,,,C23H32N6O6S,520.210403744,1.7679000000000031,1,1,1,BTM00056,BTM00056,Hydroxylation of heteroalicyclic secondary carbon,BTMR1070,"CYP1A2
CYP2A6
CYP2C9
CYP2D6
CYP3A4",HUMAN,BTM00002,CCC(C1=NC(=C2N1NC(=NC2=O)C3=C(C=CC(=C3)S(=O)(=O)N4CCN(CC4)CC)OCC)C)O,"InChI=1S/C23H32N6O5S/c1-5-18(30)22-24-15(4)20-23(31)25-21(26-29(20)22)17-14-16(8-9-19(17)34-7-3)35(32,33)28-12-10-27(6-2)11-13-28/h8-9,14,18,30H,5-7,10-13H2,1-4H3,(H,25,26,31)",FSGDVPBGQFDZBD-UHFFFAOYSA-N,2.107600000000003,504.215489124
"InChI=1S/C23H32N6O6S/c1-5-17(30)22-24-14(4)20-23(32)25-21(26-29(20)22)16-12-15(8-9-18(16)35-7-3)36(33,34)28-11-10-27(6-2)19(31)13-28/h8-9,12,17,19,30-31H,5-7,10-11,13H2,1-4H3,(H,25,26,32)",RDKDYEXLVFQPMW-UHFFFAOYSA-N,CCC(C1=NC(=C2N1NC(=NC2=O)C3=C(C=CC(=C3)S(=O)(=O)N4CC(N(CC4)CC)O)OCC)C)O,,,C23H32N6O6S,520.210403744,1.7679000000000031,1,1,1,BTM00057,BTM00057,Hydroxylation of heteroalicyclic secondary carbon,BTMR1070,"CYP1A2
CYP2A6
CYP2C9
CYP2D6
CYP3A4",HUMAN,BTM00002,CCC(C1=NC(=C2N1NC(=NC2=O)C3=C(C=CC(=C3)S(=O)(=O)N4CCN(CC4)CC)OCC)C)O,"InChI=1S/C23H32N6O5S/c1-5-18(30)22-24-15(4)20-23(31)25-21(26-29(20)22)17-14-16(8-9-19(17)34-7-3)35(32,33)28-12-10-27(6-2)11-13-28/h8-9,14,18,30H,5-7,10-13H2,1-4H3,(H,25,26,31)",FSGDVPBGQFDZBD-UHFFFAOYSA-N,2.107600000000003,504.215489124
"InChI=1S/C23H32N6O6S/c1-4-27-9-11-28(12-10-27)36(33,34)16-6-7-19(35-5-2)17(14-16)21-25-23(32)20-15(3)24-22(29(20)26-21)18(31)8-13-30/h6-7,14,18,30-31H,4-5,8-13H2,1-3H3,(H,25,26,32)",MLIQLACENISSRA-UHFFFAOYSA-N,C(CC(C1=NC(=C2N1NC(=NC2=O)C3=C(C=CC(=C3)S(=O)(=O)N4CCN(CC4)CC)OCC)C)O)O,,,C23H32N6O6S,520.210403744,0.758100000000002,1,1,1,BTM00058,BTM00058,Hydroxylation of terminal methyl,BTMR1061,"CYP1A2
CYP2A6
CYP2B6
CYP2C8
CYP2C9
CYP2C19
CYP2D6
CYP2E1
CYP3A4",HUMAN,BTM00002,CCC(C1=NC(=C2N1NC(=NC2=O)C3=C(C=CC(=C3)S(=O)(=O)N4CCN(CC4)CC)OCC)C)O,"InChI=1S/C23H32N6O5S/c1-5-18(30)22-24-15(4)20-23(31)25-21(26-29(20)22)17-14-16(8-9-19(17)34-7-3)35(32,33)28-12-10-27(6-2)11-13-28/h8-9,14,18,30H,5-7,10-13H2,1-4H3,(H,25,26,31)",FSGDVPBGQFDZBD-UHFFFAOYSA-N,2.107600000000003,504.215489124
"InChI=1S/C23H32N6O6S/c1-4-18(31)22-24-15(3)20-23(32)25-21(26-29(20)22)17-14-16(6-7-19(17)35-13-12-30)36(33,34)28-10-8-27(5-2)9-11-28/h6-7,14,18,30-31H,4-5,8-13H2,1-3H3,(H,25,26,32)",PUNYYDVWVZUGEI-UHFFFAOYSA-N,CCC(C1=NC(=C2N1NC(=NC2=O)C3=C(C=CC(=C3)S(=O)(=O)N4CCN(CC4)CC)OCCO)C)O,,,C23H32N6O6S,520.210403744,1.2194000000000034,1,1,1,BTM00059,BTM00059,Hydroxylation of terminal methyl,BTMR1061,"CYP1A2
CYP2A6
CYP2B6
CYP2C8
CYP2C9
CYP2C19
CYP2D6
CYP2E1
CYP3A4",HUMAN,BTM00002,CCC(C1=NC(=C2N1NC(=NC2=O)C3=C(C=CC(=C3)S(=O)(=O)N4CCN(CC4)CC)OCC)C)O,"InChI=1S/C23H32N6O5S/c1-5-18(30)22-24-15(4)20-23(31)25-21(26-29(20)22)17-14-16(8-9-19(17)34-7-3)35(32,33)28-12-10-27(6-2)11-13-28/h8-9,14,18,30H,5-7,10-13H2,1-4H3,(H,25,26,31)",FSGDVPBGQFDZBD-UHFFFAOYSA-N,2.107600000000003,504.215489124
"InChI=1S/C23H32N6O6S/c1-4-18(31)22-24-15(3)20-23(32)25-21(26-29(20)22)17-14-16(6-7-19(17)35-5-2)36(33,34)28-10-8-27(9-11-28)12-13-30/h6-7,14,18,30-31H,4-5,8-13H2,1-3H3,(H,25,26,32)",YSOJGBVIGDZXAJ-UHFFFAOYSA-N,CCC(C1=NC(=C2N1NC(=NC2=O)C3=C(C=CC(=C3)S(=O)(=O)N4CCN(CC4)CCO)OCC)C)O,,,C23H32N6O6S,520.210403744,1.2194000000000034,1,1,1,BTM00060,BTM00060,Hydroxylation of terminal methyl,BTMR1061,"CYP1A2
CYP2A6
CYP2B6
CYP2C8
CYP2C9
CYP2C19
CYP2D6
CYP2E1
CYP3A4",HUMAN,BTM00002,CCC(C1=NC(=C2N1NC(=NC2=O)C3=C(C=CC(=C3)S(=O)(=O)N4CCN(CC4)CC)OCC)C)O,"InChI=1S/C23H32N6O5S/c1-5-18(30)22-24-15(4)20-23(31)25-21(26-29(20)22)17-14-16(8-9-19(17)34-7-3)35(32,33)28-12-10-27(6-2)11-13-28/h8-9,14,18,30H,5-7,10-13H2,1-4H3,(H,25,26,31)",FSGDVPBGQFDZBD-UHFFFAOYSA-N,2.107600000000003,504.215489124
"InChI=1S/C23H30N6O5S/c1-5-18(30)22-24-15(4)20-23(31)25-21(26-29(20)22)17-14-16(8-9-19(17)34-7-3)35(32,33)28-12-10-27(6-2)11-13-28/h5,8-9,14,18,30H,1,6-7,10-13H2,2-4H3,(H,25,26,31)",DJPJWLZNQQZJIK-UHFFFAOYSA-N,C=CC(C1=NC(=C2N1NC(=NC2=O)C3=C(C=CC(=C3)S(=O)(=O)N4CCN(CC4)CC)OCC)C)O,,,C23H30N6O5S,502.19983905999993,1.8519000000000019,1,0,0,BTM00061,BTM00061,Terminal desaturation,BTMR1190,"CYP1A2
CYP2A6
CYP2C9
CYP2D6
CYP3A4",HUMAN,BTM00002,CCC(C1=NC(=C2N1NC(=NC2=O)C3=C(C=CC(=C3)S(=O)(=O)N4CCN(CC4)CC)OCC)C)O,"InChI=1S/C23H32N6O5S/c1-5-18(30)22-24-15(4)20-23(31)25-21(26-29(20)22)17-14-16(8-9-19(17)34-7-3)35(32,33)28-12-10-27(6-2)11-13-28/h8-9,14,18,30H,5-7,10-13H2,1-4H3,(H,25,26,31)",FSGDVPBGQFDZBD-UHFFFAOYSA-N,2.107600000000003,504.215489124
"InChI=1S/C23H32N6O6S/c1-5-17(30)22-24-14(4)20-23(32)25-21(26-29(20)22)16-12-15(8-9-18(16)35-7-3)36(33,34)28-11-10-27(6-2)19(31)13-28/h8-9,12,17,19,30-31H,5-7,10-11,13H2,1-4H3,(H,25,26,32)",RDKDYEXLVFQPMW-UHFFFAOYSA-N,CCC(C1=NC(=C2N1NC(=NC2=O)C3=C(C=CC(=C3)S(=O)(=O)N4CC(N(CC4)CC)O)OCC)C)O,,,C23H32N6O6S,520.210403744,1.7679000000000031,1,1,1,BTM00057,BTM00057,Aliphatic hydroxylation of carbon alpha to secondary or tertiary alkyl-N,BTMR1081,"CYP2B6
CYP2C19
CYP2D6",HUMAN,BTM00002,CCC(C1=NC(=C2N1NC(=NC2=O)C3=C(C=CC(=C3)S(=O)(=O)N4CCN(CC4)CC)OCC)C)O,"InChI=1S/C23H32N6O5S/c1-5-18(30)22-24-15(4)20-23(31)25-21(26-29(20)22)17-14-16(8-9-19(17)34-7-3)35(32,33)28-12-10-27(6-2)11-13-28/h8-9,14,18,30H,5-7,10-13H2,1-4H3,(H,25,26,31)",FSGDVPBGQFDZBD-UHFFFAOYSA-N,2.107600000000003,504.215489124
"InChI=1S/C23H32N6O6S/c1-5-18(31)22-24-14(3)20-23(32)25-21(26-29(20)22)17-13-16(7-8-19(17)35-6-2)36(33,34)28-11-9-27(10-12-28)15(4)30/h7-8,13,15,18,30-31H,5-6,9-12H2,1-4H3,(H,25,26,32)",QOOOSIGDJRLDES-UHFFFAOYSA-N,CCC(C1=NC(=C2N1NC(=NC2=O)C3=C(C=CC(=C3)S(=O)(=O)N4CCN(CC4)C(C)O)OCC)C)O,,,C23H32N6O6S,520.210403744,1.3797000000000026,1,1,1,BTM00062,BTM00062,Aliphatic hydroxylation of carbon alpha to secondary or tertiary alkyl-N,BTMR1081,"CYP2B6
CYP2C19
CYP2D6",HUMAN,BTM00002,CCC(C1=NC(=C2N1NC(=NC2=O)C3=C(C=CC(=C3)S(=O)(=O)N4CCN(CC4)CC)OCC)C)O,"InChI=1S/C23H32N6O5S/c1-5-18(30)22-24-15(4)20-23(31)25-21(26-29(20)22)17-14-16(8-9-19(17)34-7-3)35(32,33)28-12-10-27(6-2)11-13-28/h8-9,14,18,30H,5-7,10-13H2,1-4H3,(H,25,26,31)",FSGDVPBGQFDZBD-UHFFFAOYSA-N,2.107600000000003,504.215489124
"InChI=1S/C21H28N6O5S/c1-4-16(28)20-22-13(3)18-21(30)23-19(24-27(18)20)15-12-14(6-7-17(15)29)33(31,32)26-10-8-25(5-2)9-11-26/h6-7,12,16,28-29H,4-5,8-11H2,1-3H3,(H,23,24,30)",LFEICFJEUVRIOD-UHFFFAOYSA-N,CCC(C1=NC(=C2N1NC(=NC2=O)C3=C(C=CC(=C3)S(=O)(=O)N4CCN(CC4)CC)O)C)O,,,C21H28N6O5S,476.184188996,1.5078000000000007,0,1,1,BTM00051,BTM00051,Hydroxylation of antepenultimate aliphatic secondary carbon,BTMR1072,"CYP1A2
CYP2E1",HUMAN,BTM00003,CCCC1=NC(=C2N1NC(=NC2=O)C3=C(C=CC(=C3)S(=O)(=O)N4CCN(CC4)CC)O)C,"InChI=1S/C21H28N6O4S/c1-4-6-18-22-14(3)19-21(29)23-20(24-27(18)19)16-13-15(7-8-17(16)28)32(30,31)26-11-9-25(5-2)10-12-26/h7-8,13,28H,4-6,9-12H2,1-3H3,(H,23,24,29)",VQNICHZYLGDJOY-UHFFFAOYSA-N,2.2159000000000018,460.189274376
"InChI=1S/C21H28N6O5S/c1-3-5-18-22-16(13-28)19-21(30)23-20(24-27(18)19)15-12-14(6-7-17(15)29)33(31,32)26-10-8-25(4-2)9-11-26/h6-7,12,28-29H,3-5,8-11,13H2,1-2H3,(H,23,24,30)",PFWCFWPLTUDQOO-UHFFFAOYSA-N,CCCC1=NC(=C2N1NC(=NC2=O)C3=C(C=CC(=C3)S(=O)(=O)N4CCN(CC4)CC)O)CO,,,C21H28N6O5S,476.184188996,1.7572999999999994,0,1,1,BTM00063,BTM00063,Aliphatic hydroxylation of methyl carbon adjacent to aromatic ring,BTMR1058,"CYP1A2
CYP2A6
CYP2B6
CYP2C8
CYP2C9
CYP2C19
CYP2D6
CYP2E1
CYP3A4",HUMAN,BTM00003,CCCC1=NC(=C2N1NC(=NC2=O)C3=C(C=CC(=C3)S(=O)(=O)N4CCN(CC4)CC)O)C,"InChI=1S/C21H28N6O4S/c1-4-6-18-22-14(3)19-21(29)23-20(24-27(18)19)16-13-15(7-8-17(16)28)32(30,31)26-11-9-25(5-2)10-12-26/h7-8,13,28H,4-6,9-12H2,1-3H3,(H,23,24,29)",VQNICHZYLGDJOY-UHFFFAOYSA-N,2.2159000000000018,460.189274376
"InChI=1S/C21H28N6O5S/c1-4-6-18-22-14(3)19-21(29)23-20(24-26(18)19)16-13-15(7-8-17(16)28)33(31,32)25-9-11-27(30,5-2)12-10-25/h7-8,13,28H,4-6,9-12H2,1-3H3,(H,23,24,29)",FGHFYCNMEHGETR-UHFFFAOYSA-N,CCCC1=NC(=C2N1NC(=NC2=O)C3=C(C=CC(=C3)S(=O)(=O)N4CC[N+](CC4)(CC)[O-])O)C,,,C21H28N6O5S,476.184188996,1.8108000000000009,0,0,0,BTM00064,BTM00064,N-Oxidation of alicyclic tertiary amine,BTMR1099,"CYP1A2
CYP2C8
CYP2C19
CYP2D6
CYP3A4",HUMAN,BTM00003,CCCC1=NC(=C2N1NC(=NC2=O)C3=C(C=CC(=C3)S(=O)(=O)N4CCN(CC4)CC)O)C,"InChI=1S/C21H28N6O4S/c1-4-6-18-22-14(3)19-21(29)23-20(24-27(18)19)16-13-15(7-8-17(16)28)32(30,31)26-11-9-25(5-2)10-12-26/h7-8,13,28H,4-6,9-12H2,1-3H3,(H,23,24,29)",VQNICHZYLGDJOY-UHFFFAOYSA-N,2.2159000000000018,460.189274376
"InChI=1S/C19H24N6O4S/c1-3-4-16-21-12(2)17-19(27)22-18(23-25(16)17)14-11-13(5-6-15(14)26)30(28,29)24-9-7-20-8-10-24/h5-6,11,20,26H,3-4,7-10H2,1-2H3,(H,22,23,27)",GMWLTYKJAPIWQS-UHFFFAOYSA-N,CCCC1=NC(=C2N1NC(=NC2=O)C3=C(C=CC(=C3)S(=O)(=O)N4CCNCC4)O)C,,,C19H24N6O4S,432.15797424799996,1.331200000000002,0,1,1,BTM00065,BTM00065,N-Dealkylation of alicyclic tertiary amine,BTMR1144,"CYP1A2
CYP2A6
CYP2B6
CYP2C8
CYP2C9
CYP2C19
CYP2D6
CYP3A4",HUMAN,BTM00003,CCCC1=NC(=C2N1NC(=NC2=O)C3=C(C=CC(=C3)S(=O)(=O)N4CCN(CC4)CC)O)C,"InChI=1S/C21H28N6O4S/c1-4-6-18-22-14(3)19-21(29)23-20(24-27(18)19)16-13-15(7-8-17(16)28)32(30,31)26-11-9-25(5-2)10-12-26/h7-8,13,28H,4-6,9-12H2,1-3H3,(H,23,24,29)",VQNICHZYLGDJOY-UHFFFAOYSA-N,2.2159000000000018,460.189274376
"InChI=1S/C2H4O/c1-2-3/h2H,1H3",IKHGUXGNUITLKF-UHFFFAOYSA-N,C(C)=O,,,C2H4O,44.026214748,-0.1825,0,0,0,BTM00004,BTM00004,N-Dealkylation of alicyclic tertiary amine,BTMR1144,"CYP1A2
CYP2A6
CYP2B6
CYP2C8
CYP2C9
CYP2C19
CYP2D6
CYP3A4",HUMAN,BTM00003,CCCC1=NC(=C2N1NC(=NC2=O)C3=C(C=CC(=C3)S(=O)(=O)N4CCN(CC4)CC)O)C,"InChI=1S/C21H28N6O4S/c1-4-6-18-22-14(3)19-21(29)23-20(24-27(18)19)16-13-15(7-8-17(16)28)32(30,31)26-11-9-25(5-2)10-12-26/h7-8,13,28H,4-6,9-12H2,1-3H3,(H,23,24,29)",VQNICHZYLGDJOY-UHFFFAOYSA-N,2.2159000000000018,460.189274376
"InChI=1S/C21H28N6O5S/c1-4-25-7-9-26(10-8-25)33(31,32)15-5-6-17(29)16(12-15)20-23-21(30)19-14(3)22-18(11-13(2)28)27(19)24-20/h5-6,12-13,28-29H,4,7-11H2,1-3H3,(H,23,24,30)",NSSMBNWHEOFOMJ-UHFFFAOYSA-N,CC(CC1=NC(=C2N1NC(=NC2=O)C3=C(C=CC(=C3)S(=O)(=O)N4CCN(CC4)CC)O)C)O,,,C21H28N6O5S,476.184188996,1.239700000000001,0,1,1,BTM00066,BTM00066,Hydroxylation of penultimate aliphatic secondary carbon,BTMR1074,"CYP1A2
CYP2A6
CYP2B6
CYP2C8
CYP2C9
CYP2C19
CYP2D6
CYP2E1
CYP3A4",HUMAN,BTM00003,CCCC1=NC(=C2N1NC(=NC2=O)C3=C(C=CC(=C3)S(=O)(=O)N4CCN(CC4)CC)O)C,"InChI=1S/C21H28N6O4S/c1-4-6-18-22-14(3)19-21(29)23-20(24-27(18)19)16-13-15(7-8-17(16)28)32(30,31)26-11-9-25(5-2)10-12-26/h7-8,13,28H,4-6,9-12H2,1-3H3,(H,23,24,29)",VQNICHZYLGDJOY-UHFFFAOYSA-N,2.2159000000000018,460.189274376
"InChI=1S/C21H28N6O5S/c1-4-6-17-22-13(3)19-21(30)23-20(24-27(17)19)15-11-14(7-8-16(15)28)33(31,32)26-10-9-25(5-2)12-18(26)29/h7-8,11,18,28-29H,4-6,9-10,12H2,1-3H3,(H,23,24,30)",CAHRBMGAAFANIR-UHFFFAOYSA-N,CCCC1=NC(=C2N1NC(=NC2=O)C3=C(C=CC(=C3)S(=O)(=O)N4C(CN(CC4)CC)O)O)C,,,C21H28N6O5S,476.184188996,1.8762000000000012,0,1,1,BTM00067,BTM00067,Hydroxylation of heteroalicyclic secondary carbon,BTMR1070,"CYP1A2
CYP2A6
CYP2C9
CYP2D6
CYP3A4",HUMAN,BTM00003,CCCC1=NC(=C2N1NC(=NC2=O)C3=C(C=CC(=C3)S(=O)(=O)N4CCN(CC4)CC)O)C,"InChI=1S/C21H28N6O4S/c1-4-6-18-22-14(3)19-21(29)23-20(24-27(18)19)16-13-15(7-8-17(16)28)32(30,31)26-11-9-25(5-2)10-12-26/h7-8,13,28H,4-6,9-12H2,1-3H3,(H,23,24,29)",VQNICHZYLGDJOY-UHFFFAOYSA-N,2.2159000000000018,460.189274376
"InChI=1S/C21H28N6O5S/c1-4-6-17-22-13(3)19-21(30)23-20(24-27(17)19)15-11-14(7-8-16(15)28)33(31,32)26-10-9-25(5-2)18(29)12-26/h7-8,11,18,28-29H,4-6,9-10,12H2,1-3H3,(H,23,24,30)",HNSCVTHBCPZETD-UHFFFAOYSA-N,CCCC1=NC(=C2N1NC(=NC2=O)C3=C(C=CC(=C3)S(=O)(=O)N4CC(N(CC4)CC)O)O)C,,,C21H28N6O5S,476.184188996,1.8762000000000012,0,1,1,BTM00068,BTM00068,Hydroxylation of heteroalicyclic secondary carbon,BTMR1070,"CYP1A2
CYP2A6
CYP2C9
CYP2D6
CYP3A4",HUMAN,BTM00003,CCCC1=NC(=C2N1NC(=NC2=O)C3=C(C=CC(=C3)S(=O)(=O)N4CCN(CC4)CC)O)C,"InChI=1S/C21H28N6O4S/c1-4-6-18-22-14(3)19-21(29)23-20(24-27(18)19)16-13-15(7-8-17(16)28)32(30,31)26-11-9-25(5-2)10-12-26/h7-8,13,28H,4-6,9-12H2,1-3H3,(H,23,24,29)",VQNICHZYLGDJOY-UHFFFAOYSA-N,2.2159000000000018,460.189274376
"InChI=1S/C21H28N6O5S/c1-3-25-8-10-26(11-9-25)33(31,32)15-6-7-17(29)16(13-15)20-23-21(30)19-14(2)22-18(5-4-12-28)27(19)24-20/h6-7,13,28-29H,3-5,8-12H2,1-2H3,(H,23,24,30)",ALVPLFPDJMIELQ-UHFFFAOYSA-N,C(CCC1=NC(=C2N1NC(=NC2=O)C3=C(C=CC(=C3)S(=O)(=O)N4CCN(CC4)CC)O)C)O,,,C21H28N6O5S,476.184188996,0.9901999999999997,0,1,1,BTM00069,BTM00069,Hydroxylation of terminal methyl,BTMR1061,"CYP1A2
CYP2A6
CYP2B6
CYP2C8
CYP2C9
CYP2C19
CYP2D6
CYP2E1
CYP3A4",HUMAN,BTM00003,CCCC1=NC(=C2N1NC(=NC2=O)C3=C(C=CC(=C3)S(=O)(=O)N4CCN(CC4)CC)O)C,"InChI=1S/C21H28N6O4S/c1-4-6-18-22-14(3)19-21(29)23-20(24-27(18)19)16-13-15(7-8-17(16)28)32(30,31)26-11-9-25(5-2)10-12-26/h7-8,13,28H,4-6,9-12H2,1-3H3,(H,23,24,29)",VQNICHZYLGDJOY-UHFFFAOYSA-N,2.2159000000000018,460.189274376
"InChI=1S/C21H28N6O5S/c1-3-4-18-22-14(2)19-21(30)23-20(24-27(18)19)16-13-15(5-6-17(16)29)33(31,32)26-9-7-25(8-10-26)11-12-28/h5-6,13,28-29H,3-4,7-12H2,1-2H3,(H,23,24,30)",KJBOPRHATAJJFB-UHFFFAOYSA-N,CCCC1=NC(=C2N1NC(=NC2=O)C3=C(C=CC(=C3)S(=O)(=O)N4CCN(CC4)CCO)O)C,,,C21H28N6O5S,476.184188996,1.3276999999999994,0,1,1,BTM00070,BTM00070,Hydroxylation of terminal methyl,BTMR1061,"CYP1A2
CYP2A6
CYP2B6
CYP2C8
CYP2C9
CYP2C19
CYP2D6
CYP2E1
CYP3A4",HUMAN,BTM00003,CCCC1=NC(=C2N1NC(=NC2=O)C3=C(C=CC(=C3)S(=O)(=O)N4CCN(CC4)CC)O)C,"InChI=1S/C21H28N6O4S/c1-4-6-18-22-14(3)19-21(29)23-20(24-27(18)19)16-13-15(7-8-17(16)28)32(30,31)26-11-9-25(5-2)10-12-26/h7-8,13,28H,4-6,9-12H2,1-3H3,(H,23,24,29)",VQNICHZYLGDJOY-UHFFFAOYSA-N,2.2159000000000018,460.189274376
"InChI=1S/C21H26N6O4S/c1-4-6-18-22-14(3)19-21(29)23-20(24-27(18)19)16-13-15(7-8-17(16)28)32(30,31)26-11-9-25(5-2)10-12-26/h4,7-8,13,28H,1,5-6,9-12H2,2-3H3,(H,23,24,29)",CGJKIQPXQJWEDG-UHFFFAOYSA-N,C=CCC1=NC(=C2N1NC(=NC2=O)C3=C(C=CC(=C3)S(=O)(=O)N4CCN(CC4)CC)O)C,,,C21H26N6O4S,458.173624312,1.8252000000000028,0,0,0,BTM00071,BTM00071,Terminal desaturation,BTMR1190,"CYP1A2
CYP2A6
CYP2C9
CYP2D6
CYP3A4",HUMAN,BTM00003,CCCC1=NC(=C2N1NC(=NC2=O)C3=C(C=CC(=C3)S(=O)(=O)N4CCN(CC4)CC)O)C,"InChI=1S/C21H28N6O4S/c1-4-6-18-22-14(3)19-21(29)23-20(24-27(18)19)16-13-15(7-8-17(16)28)32(30,31)26-11-9-25(5-2)10-12-26/h7-8,13,28H,4-6,9-12H2,1-3H3,(H,23,24,29)",VQNICHZYLGDJOY-UHFFFAOYSA-N,2.2159000000000018,460.189274376
"InChI=1S/C21H28N6O5S/c1-4-6-17-22-13(3)18-21(30)23-20(24-27(17)18)15-11-14(12-16(28)19(15)29)33(31,32)26-9-7-25(5-2)8-10-26/h11-12,28-29H,4-10H2,1-3H3,(H,23,24,30)",DAHIQURZIBHNEW-UHFFFAOYSA-N,CCCC1=NC(=C2N1NC(=NC2=O)C3=C(C(=CC(=C3)S(=O)(=O)N4CCN(CC4)CC)O)O)C,,,C21H28N6O5S,476.184188996,1.9485000000000006,0,1,1,BTM00072,BTM00072,O-Hydroxylation of phenol,BTMR1037,"CYP1A2
CYP2A6
CYP2B6
CYP2C8
CYP2C9
CYP2C19
CYP2D6
CYP2E1
CYP3A4",HUMAN,BTM00003,CCCC1=NC(=C2N1NC(=NC2=O)C3=C(C=CC(=C3)S(=O)(=O)N4CCN(CC4)CC)O)C,"InChI=1S/C21H28N6O4S/c1-4-6-18-22-14(3)19-21(29)23-20(24-27(18)19)16-13-15(7-8-17(16)28)32(30,31)26-11-9-25(5-2)10-12-26/h7-8,13,28H,4-6,9-12H2,1-3H3,(H,23,24,29)",VQNICHZYLGDJOY-UHFFFAOYSA-N,2.2159000000000018,460.189274376
"InChI=1S/C21H28N6O5S/c1-4-6-17-22-13(3)19-21(30)23-20(24-27(17)19)15-11-14(7-8-16(15)28)33(31,32)26-10-9-25(5-2)18(29)12-26/h7-8,11,18,28-29H,4-6,9-10,12H2,1-3H3,(H,23,24,30)",HNSCVTHBCPZETD-UHFFFAOYSA-N,CCCC1=NC(=C2N1NC(=NC2=O)C3=C(C=CC(=C3)S(=O)(=O)N4CC(N(CC4)CC)O)O)C,,,C21H28N6O5S,476.184188996,1.8762000000000012,0,1,1,BTM00068,BTM00068,Aliphatic hydroxylation of carbon alpha to secondary or tertiary alkyl-N,BTMR1081,"CYP2B6
CYP2C19
CYP2D6",HUMAN,BTM00003,CCCC1=NC(=C2N1NC(=NC2=O)C3=C(C=CC(=C3)S(=O)(=O)N4CCN(CC4)CC)O)C,"InChI=1S/C21H28N6O4S/c1-4-6-18-22-14(3)19-21(29)23-20(24-27(18)19)16-13-15(7-8-17(16)28)32(30,31)26-11-9-25(5-2)10-12-26/h7-8,13,28H,4-6,9-12H2,1-3H3,(H,23,24,29)",VQNICHZYLGDJOY-UHFFFAOYSA-N,2.2159000000000018,460.189274376
"InChI=1S/C21H28N6O5S/c1-4-5-18-22-13(2)19-21(30)23-20(24-27(18)19)16-12-15(6-7-17(16)29)33(31,32)26-10-8-25(9-11-26)14(3)28/h6-7,12,14,28-29H,4-5,8-11H2,1-3H3,(H,23,24,30)",DLKROMMYCIYPKC-UHFFFAOYSA-N,CCCC1=NC(=C2N1NC(=NC2=O)C3=C(C=CC(=C3)S(=O)(=O)N4CCN(CC4)C(C)O)O)C,,,C21H28N6O5S,476.184188996,1.4880000000000015,0,1,1,BTM00073,BTM00073,Aliphatic hydroxylation of carbon alpha to secondary or tertiary alkyl-N,BTMR1081,"CYP2B6
CYP2C19
CYP2D6",HUMAN,BTM00003,CCCC1=NC(=C2N1NC(=NC2=O)C3=C(C=CC(=C3)S(=O)(=O)N4CCN(CC4)CC)O)C,"InChI=1S/C21H28N6O4S/c1-4-6-18-22-14(3)19-21(29)23-20(24-27(18)19)16-13-15(7-8-17(16)28)32(30,31)26-11-9-25(5-2)10-12-26/h7-8,13,28H,4-6,9-12H2,1-3H3,(H,23,24,29)",VQNICHZYLGDJOY-UHFFFAOYSA-N,2.2159000000000018,460.189274376
"InChI=1S/C23H32N6O6S/c1-4-18(31)22-24-17(14-30)20-23(32)25-21(26-29(20)22)16-13-15(7-8-19(16)35-6-3)36(33,34)28-11-9-27(5-2)10-12-28/h7-8,13,18,30-31H,4-6,9-12,14H2,1-3H3,(H,25,26,32)",FOGCMYNITISVMX-UHFFFAOYSA-N,CCC(C1=NC(=C2N1NC(=NC2=O)C3=C(C=CC(=C3)S(=O)(=O)N4CCN(CC4)CC)OCC)CO)O,,,C23H32N6O6S,520.210403744,1.649000000000004,1,1,1,BTM00052,BTM00052,Hydroxylation of antepenultimate aliphatic secondary carbon,BTMR1072,"CYP1A2
CYP2E1",HUMAN,BTM00005,CCCC1=NC(=C2N1NC(=NC2=O)C3=C(C=CC(=C3)S(=O)(=O)N4CCN(CC4)CC)OCC)CO,"InChI=1S/C23H32N6O5S/c1-4-7-20-24-18(15-30)21-23(31)25-22(26-29(20)21)17-14-16(8-9-19(17)34-6-3)35(32,33)28-12-10-27(5-2)11-13-28/h8-9,14,30H,4-7,10-13,15H2,1-3H3,(H,25,26,31)",ITPDGBXSJRPOTJ-UHFFFAOYSA-N,2.357100000000002,504.215489124
"InChI=1S/C21H28N6O5S/c1-3-5-18-22-16(13-28)19-21(30)23-20(24-27(18)19)15-12-14(6-7-17(15)29)33(31,32)26-10-8-25(4-2)9-11-26/h6-7,12,28-29H,3-5,8-11,13H2,1-2H3,(H,23,24,30)",PFWCFWPLTUDQOO-UHFFFAOYSA-N,CCCC1=NC(=C2N1NC(=NC2=O)C3=C(C=CC(=C3)S(=O)(=O)N4CCN(CC4)CC)O)CO,,,C21H28N6O5S,476.184188996,1.7572999999999994,0,1,1,BTM00063,BTM00063,O-Dealkylation,BTMR0052,"CYP1A2
CYP2A6
CYP2C9
CYP2C19
CYP2D6
CYP2E1
CYP3A4",HUMAN,BTM00005,CCCC1=NC(=C2N1NC(=NC2=O)C3=C(C=CC(=C3)S(=O)(=O)N4CCN(CC4)CC)OCC)CO,"InChI=1S/C23H32N6O5S/c1-4-7-20-24-18(15-30)21-23(31)25-22(26-29(20)21)17-14-16(8-9-19(17)34-6-3)35(32,33)28-12-10-27(5-2)11-13-28/h8-9,14,30H,4-7,10-13,15H2,1-3H3,(H,25,26,31)",ITPDGBXSJRPOTJ-UHFFFAOYSA-N,2.357100000000002,504.215489124
"InChI=1S/C2H4O/c1-2-3/h2H,1H3",IKHGUXGNUITLKF-UHFFFAOYSA-N,C(C)=O,,,C2H4O,44.026214748,-0.1825,0,0,0,BTM00004,BTM00004,O-Dealkylation,BTMR0052,"CYP1A2
CYP2A6
CYP2C9
CYP2C19
CYP2D6
CYP2E1
CYP3A4",HUMAN,BTM00005,CCCC1=NC(=C2N1NC(=NC2=O)C3=C(C=CC(=C3)S(=O)(=O)N4CCN(CC4)CC)OCC)CO,"InChI=1S/C23H32N6O5S/c1-4-7-20-24-18(15-30)21-23(31)25-22(26-29(20)21)17-14-16(8-9-19(17)34-6-3)35(32,33)28-12-10-27(5-2)11-13-28/h8-9,14,30H,4-7,10-13,15H2,1-3H3,(H,25,26,31)",ITPDGBXSJRPOTJ-UHFFFAOYSA-N,2.357100000000002,504.215489124
"InChI=1S/C23H32N6O6S/c1-4-7-20-24-18(15-30)21-23(31)25-22(26-28(20)21)17-14-16(8-9-19(17)35-6-3)36(33,34)27-10-12-29(32,5-2)13-11-27/h8-9,14,30H,4-7,10-13,15H2,1-3H3,(H,25,26,31)",OKWHHFLHZGDCQC-UHFFFAOYSA-N,CCCC1=NC(=C2N1NC(=NC2=O)C3=C(C=CC(=C3)S(=O)(=O)N4CC[N+](CC4)(CC)[O-])OCC)CO,,,C23H32N6O6S,520.210403744,1.9520000000000022,1,0,0,BTM00074,BTM00074,N-Oxidation of alicyclic tertiary amine,BTMR1099,"CYP1A2
CYP2C8
CYP2C19
CYP2D6
CYP3A4",HUMAN,BTM00005,CCCC1=NC(=C2N1NC(=NC2=O)C3=C(C=CC(=C3)S(=O)(=O)N4CCN(CC4)CC)OCC)CO,"InChI=1S/C23H32N6O5S/c1-4-7-20-24-18(15-30)21-23(31)25-22(26-29(20)21)17-14-16(8-9-19(17)34-6-3)35(32,33)28-12-10-27(5-2)11-13-28/h8-9,14,30H,4-7,10-13,15H2,1-3H3,(H,25,26,31)",ITPDGBXSJRPOTJ-UHFFFAOYSA-N,2.357100000000002,504.215489124
"InChI=1S/C21H28N6O5S/c1-3-5-18-23-16(13-28)19-21(29)24-20(25-27(18)19)15-12-14(6-7-17(15)32-4-2)33(30,31)26-10-8-22-9-11-26/h6-7,12,22,28H,3-5,8-11,13H2,1-2H3,(H,24,25,29)",QHMFJPYYOWLJPM-UHFFFAOYSA-N,CCCC1=NC(=C2N1NC(=NC2=O)C3=C(C=CC(=C3)S(=O)(=O)N4CCNCC4)OCC)CO,,,C21H28N6O5S,476.18418899599993,1.4723999999999988,0,1,1,BTM00075,BTM00075,N-Dealkylation of alicyclic tertiary amine,BTMR1144,"CYP1A2
CYP2A6
CYP2B6
CYP2C8
CYP2C9
CYP2C19
CYP2D6
CYP3A4",HUMAN,BTM00005,CCCC1=NC(=C2N1NC(=NC2=O)C3=C(C=CC(=C3)S(=O)(=O)N4CCN(CC4)CC)OCC)CO,"InChI=1S/C23H32N6O5S/c1-4-7-20-24-18(15-30)21-23(31)25-22(26-29(20)21)17-14-16(8-9-19(17)34-6-3)35(32,33)28-12-10-27(5-2)11-13-28/h8-9,14,30H,4-7,10-13,15H2,1-3H3,(H,25,26,31)",ITPDGBXSJRPOTJ-UHFFFAOYSA-N,2.357100000000002,504.215489124
"InChI=1S/C2H4O/c1-2-3/h2H,1H3",IKHGUXGNUITLKF-UHFFFAOYSA-N,C(C)=O,,,C2H4O,44.026214748,-0.1825,0,0,0,BTM00004,BTM00004,N-Dealkylation of alicyclic tertiary amine,BTMR1144,"CYP1A2
CYP2A6
CYP2B6
CYP2C8
CYP2C9
CYP2C19
CYP2D6
CYP3A4",HUMAN,BTM00005,CCCC1=NC(=C2N1NC(=NC2=O)C3=C(C=CC(=C3)S(=O)(=O)N4CCN(CC4)CC)OCC)CO,"InChI=1S/C23H32N6O5S/c1-4-7-20-24-18(15-30)21-23(31)25-22(26-29(20)21)17-14-16(8-9-19(17)34-6-3)35(32,33)28-12-10-27(5-2)11-13-28/h8-9,14,30H,4-7,10-13,15H2,1-3H3,(H,25,26,31)",ITPDGBXSJRPOTJ-UHFFFAOYSA-N,2.357100000000002,504.215489124
"InChI=1S/C23H32N6O6S/c1-4-27-8-10-28(11-9-27)36(33,34)16-6-7-19(35-5-2)17(13-16)22-25-23(32)21-18(14-30)24-20(12-15(3)31)29(21)26-22/h6-7,13,15,30-31H,4-5,8-12,14H2,1-3H3,(H,25,26,32)",NOTNXMNBQVIYBJ-UHFFFAOYSA-N,CC(CC1=NC(=C2N1NC(=NC2=O)C3=C(C=CC(=C3)S(=O)(=O)N4CCN(CC4)CC)OCC)CO)O,,,C23H32N6O6S,520.210403744,1.3809000000000016,1,1,1,BTM00076,BTM00076,Hydroxylation of penultimate aliphatic secondary carbon,BTMR1074,"CYP1A2
CYP2A6
CYP2B6
CYP2C8
CYP2C9
CYP2C19
CYP2D6
CYP2E1
CYP3A4",HUMAN,BTM00005,CCCC1=NC(=C2N1NC(=NC2=O)C3=C(C=CC(=C3)S(=O)(=O)N4CCN(CC4)CC)OCC)CO,"InChI=1S/C23H32N6O5S/c1-4-7-20-24-18(15-30)21-23(31)25-22(26-29(20)21)17-14-16(8-9-19(17)34-6-3)35(32,33)28-12-10-27(5-2)11-13-28/h8-9,14,30H,4-7,10-13,15H2,1-3H3,(H,25,26,31)",ITPDGBXSJRPOTJ-UHFFFAOYSA-N,2.357100000000002,504.215489124
"InChI=1S/C23H32N6O6S/c1-4-7-19-24-17(14-30)21-23(32)25-22(26-29(19)21)16-12-15(8-9-18(16)35-6-3)36(33,34)28-11-10-27(5-2)13-20(28)31/h8-9,12,20,30-31H,4-7,10-11,13-14H2,1-3H3,(H,25,26,32)",HNKJOZASTAZCBG-UHFFFAOYSA-N,CCCC1=NC(=C2N1NC(=NC2=O)C3=C(C=CC(=C3)S(=O)(=O)N4C(CN(CC4)CC)O)OCC)CO,,,C23H32N6O6S,520.210403744,2.0174000000000016,1,1,1,BTM00077,BTM00077,Hydroxylation of heteroalicyclic secondary carbon,BTMR1070,"CYP1A2
CYP2A6
CYP2C9
CYP2D6
CYP3A4",HUMAN,BTM00005,CCCC1=NC(=C2N1NC(=NC2=O)C3=C(C=CC(=C3)S(=O)(=O)N4CCN(CC4)CC)OCC)CO,"InChI=1S/C23H32N6O5S/c1-4-7-20-24-18(15-30)21-23(31)25-22(26-29(20)21)17-14-16(8-9-19(17)34-6-3)35(32,33)28-12-10-27(5-2)11-13-28/h8-9,14,30H,4-7,10-13,15H2,1-3H3,(H,25,26,31)",ITPDGBXSJRPOTJ-UHFFFAOYSA-N,2.357100000000002,504.215489124
"InChI=1S/C23H32N6O6S/c1-4-7-19-24-17(14-30)21-23(32)25-22(26-29(19)21)16-12-15(8-9-18(16)35-6-3)36(33,34)28-11-10-27(5-2)20(31)13-28/h8-9,12,20,30-31H,4-7,10-11,13-14H2,1-3H3,(H,25,26,32)",RVEBTVRHEGGHCA-UHFFFAOYSA-N,CCCC1=NC(=C2N1NC(=NC2=O)C3=C(C=CC(=C3)S(=O)(=O)N4CC(N(CC4)CC)O)OCC)CO,,,C23H32N6O6S,520.210403744,2.0174000000000016,1,1,1,BTM00078,BTM00078,Hydroxylation of heteroalicyclic secondary carbon,BTMR1070,"CYP1A2
CYP2A6
CYP2C9
CYP2D6
CYP3A4",HUMAN,BTM00005,CCCC1=NC(=C2N1NC(=NC2=O)C3=C(C=CC(=C3)S(=O)(=O)N4CCN(CC4)CC)OCC)CO,"InChI=1S/C23H32N6O5S/c1-4-7-20-24-18(15-30)21-23(31)25-22(26-29(20)21)17-14-16(8-9-19(17)34-6-3)35(32,33)28-12-10-27(5-2)11-13-28/h8-9,14,30H,4-7,10-13,15H2,1-3H3,(H,25,26,31)",ITPDGBXSJRPOTJ-UHFFFAOYSA-N,2.357100000000002,504.215489124
"InChI=1S/C23H30N6O5S/c1-4-7-20-24-18(15-30)21-23(31)25-22(26-29(20)21)17-14-16(8-9-19(17)34-6-3)35(32,33)28-12-10-27(5-2)11-13-28/h8-9,14-15H,4-7,10-13H2,1-3H3,(H,25,26,31)",VNRISTICYFNENL-UHFFFAOYSA-N,CCCC1=NC(=C2N1NC(=NC2=O)C3=C(C=CC(=C3)S(=O)(=O)N4CCN(CC4)CC)OCC)C=O,,,C23H30N6O5S,502.19983906,2.7210000000000014,1,0,0,BTM00079,BTM00079,Oxidation of primary alcohol to aldehyde,BTMR0105,"CYP1A2
CYP2E1
CYP3A4",HUMAN,BTM00005,CCCC1=NC(=C2N1NC(=NC2=O)C3=C(C=CC(=C3)S(=O)(=O)N4CCN(CC4)CC)OCC)CO,"InChI=1S/C23H32N6O5S/c1-4-7-20-24-18(15-30)21-23(31)25-22(26-29(20)21)17-14-16(8-9-19(17)34-6-3)35(32,33)28-12-10-27(5-2)11-13-28/h8-9,14,30H,4-7,10-13,15H2,1-3H3,(H,25,26,31)",ITPDGBXSJRPOTJ-UHFFFAOYSA-N,2.357100000000002,504.215489124
"InChI=1S/C23H32N6O6S/c1-3-27-9-11-28(12-10-27)36(33,34)16-7-8-19(35-4-2)17(14-16)22-25-23(32)21-18(15-31)24-20(6-5-13-30)29(21)26-22/h7-8,14,30-31H,3-6,9-13,15H2,1-2H3,(H,25,26,32)",NKIBWYRRVLXHOL-UHFFFAOYSA-N,C(CCC1=NC(=C2N1NC(=NC2=O)C3=C(C=CC(=C3)S(=O)(=O)N4CCN(CC4)CC)OCC)CO)O,,,C23H32N6O6S,520.210403744,1.1314000000000033,1,1,1,BTM00080,BTM00080,Hydroxylation of terminal methyl,BTMR1061,"CYP1A2
CYP2A6
CYP2B6
CYP2C8
CYP2C9
CYP2C19
CYP2D6
CYP2E1
CYP3A4",HUMAN,BTM00005,CCCC1=NC(=C2N1NC(=NC2=O)C3=C(C=CC(=C3)S(=O)(=O)N4CCN(CC4)CC)OCC)CO,"InChI=1S/C23H32N6O5S/c1-4-7-20-24-18(15-30)21-23(31)25-22(26-29(20)21)17-14-16(8-9-19(17)34-6-3)35(32,33)28-12-10-27(5-2)11-13-28/h8-9,14,30H,4-7,10-13,15H2,1-3H3,(H,25,26,31)",ITPDGBXSJRPOTJ-UHFFFAOYSA-N,2.357100000000002,504.215489124
"InChI=1S/C23H32N6O6S/c1-3-5-20-24-18(15-31)21-23(32)25-22(26-29(20)21)17-14-16(6-7-19(17)35-13-12-30)36(33,34)28-10-8-27(4-2)9-11-28/h6-7,14,30-31H,3-5,8-13,15H2,1-2H3,(H,25,26,32)",QQMUAMVHJGEEQM-UHFFFAOYSA-N,CCCC1=NC(=C2N1NC(=NC2=O)C3=C(C=CC(=C3)S(=O)(=O)N4CCN(CC4)CC)OCCO)CO,,,C23H32N6O6S,520.210403744,1.4689000000000034,1,1,1,BTM00081,BTM00081,Hydroxylation of terminal methyl,BTMR1061,"CYP1A2
CYP2A6
CYP2B6
CYP2C8
CYP2C9
CYP2C19
CYP2D6
CYP2E1
CYP3A4",HUMAN,BTM00005,CCCC1=NC(=C2N1NC(=NC2=O)C3=C(C=CC(=C3)S(=O)(=O)N4CCN(CC4)CC)OCC)CO,"InChI=1S/C23H32N6O5S/c1-4-7-20-24-18(15-30)21-23(31)25-22(26-29(20)21)17-14-16(8-9-19(17)34-6-3)35(32,33)28-12-10-27(5-2)11-13-28/h8-9,14,30H,4-7,10-13,15H2,1-3H3,(H,25,26,31)",ITPDGBXSJRPOTJ-UHFFFAOYSA-N,2.357100000000002,504.215489124
"InChI=1S/C23H32N6O6S/c1-3-5-20-24-18(15-31)21-23(32)25-22(26-29(20)21)17-14-16(6-7-19(17)35-4-2)36(33,34)28-10-8-27(9-11-28)12-13-30/h6-7,14,30-31H,3-5,8-13,15H2,1-2H3,(H,25,26,32)",KWMWARCVEVVHNM-UHFFFAOYSA-N,CCCC1=NC(=C2N1NC(=NC2=O)C3=C(C=CC(=C3)S(=O)(=O)N4CCN(CC4)CCO)OCC)CO,,,C23H32N6O6S,520.2104037439999,1.4689000000000034,1,1,1,BTM00082,BTM00082,Hydroxylation of terminal methyl,BTMR1061,"CYP1A2
CYP2A6
CYP2B6
CYP2C8
CYP2C9
CYP2C19
CYP2D6
CYP2E1
CYP3A4",HUMAN,BTM00005,CCCC1=NC(=C2N1NC(=NC2=O)C3=C(C=CC(=C3)S(=O)(=O)N4CCN(CC4)CC)OCC)CO,"InChI=1S/C23H32N6O5S/c1-4-7-20-24-18(15-30)21-23(31)25-22(26-29(20)21)17-14-16(8-9-19(17)34-6-3)35(32,33)28-12-10-27(5-2)11-13-28/h8-9,14,30H,4-7,10-13,15H2,1-3H3,(H,25,26,31)",ITPDGBXSJRPOTJ-UHFFFAOYSA-N,2.357100000000002,504.215489124
"InChI=1S/C23H30N6O5S/c1-4-7-20-24-18(15-30)21-23(31)25-22(26-29(20)21)17-14-16(8-9-19(17)34-6-3)35(32,33)28-12-10-27(5-2)11-13-28/h4,8-9,14,30H,1,5-7,10-13,15H2,2-3H3,(H,25,26,31)",HOFKDTIOIXWEJU-UHFFFAOYSA-N,C=CCC1=NC(=C2N1NC(=NC2=O)C3=C(C=CC(=C3)S(=O)(=O)N4CCN(CC4)CC)OCC)CO,,,C23H30N6O5S,502.19983906000004,1.9664000000000015,1,0,0,BTM00083,BTM00083,Terminal desaturation,BTMR1190,"CYP1A2
CYP2A6
CYP2C9
CYP2D6
CYP3A4",HUMAN,BTM00005,CCCC1=NC(=C2N1NC(=NC2=O)C3=C(C=CC(=C3)S(=O)(=O)N4CCN(CC4)CC)OCC)CO,"InChI=1S/C23H32N6O5S/c1-4-7-20-24-18(15-30)21-23(31)25-22(26-29(20)21)17-14-16(8-9-19(17)34-6-3)35(32,33)28-12-10-27(5-2)11-13-28/h8-9,14,30H,4-7,10-13,15H2,1-3H3,(H,25,26,31)",ITPDGBXSJRPOTJ-UHFFFAOYSA-N,2.357100000000002,504.215489124
"InChI=1S/C23H32N6O6S/c1-4-7-19-24-17(14-30)21-23(32)25-22(26-29(19)21)16-12-15(8-9-18(16)35-6-3)36(33,34)28-11-10-27(5-2)20(31)13-28/h8-9,12,20,30-31H,4-7,10-11,13-14H2,1-3H3,(H,25,26,32)",RVEBTVRHEGGHCA-UHFFFAOYSA-N,CCCC1=NC(=C2N1NC(=NC2=O)C3=C(C=CC(=C3)S(=O)(=O)N4CC(N(CC4)CC)O)OCC)CO,,,C23H32N6O6S,520.210403744,2.0174000000000016,1,1,1,BTM00078,BTM00078,Aliphatic hydroxylation of carbon alpha to secondary or tertiary alkyl-N,BTMR1081,"CYP2B6
CYP2C19
CYP2D6",HUMAN,BTM00005,CCCC1=NC(=C2N1NC(=NC2=O)C3=C(C=CC(=C3)S(=O)(=O)N4CCN(CC4)CC)OCC)CO,"InChI=1S/C23H32N6O5S/c1-4-7-20-24-18(15-30)21-23(31)25-22(26-29(20)21)17-14-16(8-9-19(17)34-6-3)35(32,33)28-12-10-27(5-2)11-13-28/h8-9,14,30H,4-7,10-13,15H2,1-3H3,(H,25,26,31)",ITPDGBXSJRPOTJ-UHFFFAOYSA-N,2.357100000000002,504.215489124
"InChI=1S/C23H32N6O6S/c1-4-6-20-24-18(14-30)21-23(32)25-22(26-29(20)21)17-13-16(7-8-19(17)35-5-2)36(33,34)28-11-9-27(10-12-28)15(3)31/h7-8,13,15,30-31H,4-6,9-12,14H2,1-3H3,(H,25,26,32)",KZTAUILDXNEUDD-UHFFFAOYSA-N,CCCC1=NC(=C2N1NC(=NC2=O)C3=C(C=CC(=C3)S(=O)(=O)N4CCN(CC4)C(C)O)OCC)CO,,,C23H32N6O6S,520.210403744,1.6292000000000013,1,1,1,BTM00084,BTM00084,Aliphatic hydroxylation of carbon alpha to secondary or tertiary alkyl-N,BTMR1081,"CYP2B6
CYP2C19
CYP2D6",HUMAN,BTM00005,CCCC1=NC(=C2N1NC(=NC2=O)C3=C(C=CC(=C3)S(=O)(=O)N4CCN(CC4)CC)OCC)CO,"InChI=1S/C23H32N6O5S/c1-4-7-20-24-18(15-30)21-23(31)25-22(26-29(20)21)17-14-16(8-9-19(17)34-6-3)35(32,33)28-12-10-27(5-2)11-13-28/h8-9,14,30H,4-7,10-13,15H2,1-3H3,(H,25,26,31)",ITPDGBXSJRPOTJ-UHFFFAOYSA-N,2.357100000000002,504.215489124
"InChI=1S/C23H32N6O6S/c1-5-18(30)22-24-15(4)20-23(31)25-21(26-28(20)22)17-14-16(8-9-19(17)35-7-3)36(33,34)27-10-12-29(32,6-2)13-11-27/h8-9,14,18,30H,5-7,10-13H2,1-4H3,(H,25,26,31)",IUGKJOZDRWVVQQ-UHFFFAOYSA-N,CCC(C1=NC(=C2N1NC(=NC2=O)C3=C(C=CC(=C3)S(=O)(=O)N4CC[N+](CC4)(CC)[O-])OCC)C)O,,,C23H32N6O6S,520.210403744,1.7025000000000028,1,0,0,BTM00053,BTM00053,Hydroxylation of antepenultimate aliphatic secondary carbon,BTMR1072,"CYP1A2
CYP2E1",HUMAN,BTM00006,CCCC1=NC(=C2N1NC(=NC2=O)C3=C(C=CC(=C3)S(=O)(=O)N4CC[N+](CC4)(CC)[O-])OCC)C,"InChI=1S/C23H32N6O5S/c1-5-8-20-24-16(4)21-23(30)25-22(26-28(20)21)18-15-17(9-10-19(18)34-7-3)35(32,33)27-11-13-29(31,6-2)14-12-27/h9-10,15H,5-8,11-14H2,1-4H3,(H,25,26,30)",GXUGEZIHENHAGP-UHFFFAOYSA-N,2.4106000000000027,504.21548912399993
"InChI=1S/C21H28N6O5S/c1-4-6-18-22-14(3)19-21(29)23-20(24-26(18)19)16-13-15(7-8-17(16)28)33(31,32)25-9-11-27(30,5-2)12-10-25/h7-8,13,28H,4-6,9-12H2,1-3H3,(H,23,24,29)",FGHFYCNMEHGETR-UHFFFAOYSA-N,CCCC1=NC(=C2N1NC(=NC2=O)C3=C(C=CC(=C3)S(=O)(=O)N4CC[N+](CC4)(CC)[O-])O)C,,,C21H28N6O5S,476.184188996,1.8108000000000009,0,0,0,BTM00064,BTM00064,O-Dealkylation,BTMR0052,"CYP1A2
CYP2A6
CYP2C9
CYP2C19
CYP2D6
CYP2E1
CYP3A4",HUMAN,BTM00006,CCCC1=NC(=C2N1NC(=NC2=O)C3=C(C=CC(=C3)S(=O)(=O)N4CC[N+](CC4)(CC)[O-])OCC)C,"InChI=1S/C23H32N6O5S/c1-5-8-20-24-16(4)21-23(30)25-22(26-28(20)21)18-15-17(9-10-19(18)34-7-3)35(32,33)27-11-13-29(31,6-2)14-12-27/h9-10,15H,5-8,11-14H2,1-4H3,(H,25,26,30)",GXUGEZIHENHAGP-UHFFFAOYSA-N,2.4106000000000027,504.21548912399993
"InChI=1S/C2H4O/c1-2-3/h2H,1H3",IKHGUXGNUITLKF-UHFFFAOYSA-N,C(C)=O,,,C2H4O,44.026214748,-0.1825,0,0,0,BTM00004,BTM00004,O-Dealkylation,BTMR0052,"CYP1A2
CYP2A6
CYP2C9
CYP2C19
CYP2D6
CYP2E1
CYP3A4",HUMAN,BTM00006,CCCC1=NC(=C2N1NC(=NC2=O)C3=C(C=CC(=C3)S(=O)(=O)N4CC[N+](CC4)(CC)[O-])OCC)C,"InChI=1S/C23H32N6O5S/c1-5-8-20-24-16(4)21-23(30)25-22(26-28(20)21)18-15-17(9-10-19(18)34-7-3)35(32,33)27-11-13-29(31,6-2)14-12-27/h9-10,15H,5-8,11-14H2,1-4H3,(H,25,26,30)",GXUGEZIHENHAGP-UHFFFAOYSA-N,2.4106000000000027,504.21548912399993
"InChI=1S/C23H32N6O6S/c1-4-7-20-24-18(15-30)21-23(31)25-22(26-28(20)21)17-14-16(8-9-19(17)35-6-3)36(33,34)27-10-12-29(32,5-2)13-11-27/h8-9,14,30H,4-7,10-13,15H2,1-3H3,(H,25,26,31)",OKWHHFLHZGDCQC-UHFFFAOYSA-N,CCCC1=NC(=C2N1NC(=NC2=O)C3=C(C=CC(=C3)S(=O)(=O)N4CC[N+](CC4)(CC)[O-])OCC)CO,,,C23H32N6O6S,520.210403744,1.9520000000000022,1,0,0,BTM00074,BTM00074,Aliphatic hydroxylation of methyl carbon adjacent to aromatic ring,BTMR1058,"CYP1A2
CYP2A6
CYP2B6
CYP2C8
CYP2C9
CYP2C19
CYP2D6
CYP2E1
CYP3A4",HUMAN,BTM00006,CCCC1=NC(=C2N1NC(=NC2=O)C3=C(C=CC(=C3)S(=O)(=O)N4CC[N+](CC4)(CC)[O-])OCC)C,"InChI=1S/C23H32N6O5S/c1-5-8-20-24-16(4)21-23(30)25-22(26-28(20)21)18-15-17(9-10-19(18)34-7-3)35(32,33)27-11-13-29(31,6-2)14-12-27/h9-10,15H,5-8,11-14H2,1-4H3,(H,25,26,30)",GXUGEZIHENHAGP-UHFFFAOYSA-N,2.4106000000000027,504.21548912399993
"InChI=1S/C23H32N6O6S/c1-5-29(32)11-9-27(10-12-29)36(33,34)17-7-8-19(35-6-2)18(14-17)22-25-23(31)21-16(4)24-20(13-15(3)30)28(21)26-22/h7-8,14-15,30H,5-6,9-13H2,1-4H3,(H,25,26,31)",RUCNCDNSIFFUHP-UHFFFAOYSA-N,CC(CC1=NC(=C2N1NC(=NC2=O)C3=C(C=CC(=C3)S(=O)(=O)N4CC[N+](CC4)(CC)[O-])OCC)C)O,,,C23H32N6O6S,520.210403744,1.4344000000000008,1,0,0,BTM00085,BTM00085,Hydroxylation of penultimate aliphatic secondary carbon,BTMR1074,"CYP1A2
CYP2A6
CYP2B6
CYP2C8
CYP2C9
CYP2C19
CYP2D6
CYP2E1
CYP3A4",HUMAN,BTM00006,CCCC1=NC(=C2N1NC(=NC2=O)C3=C(C=CC(=C3)S(=O)(=O)N4CC[N+](CC4)(CC)[O-])OCC)C,"InChI=1S/C23H32N6O5S/c1-5-8-20-24-16(4)21-23(30)25-22(26-28(20)21)18-15-17(9-10-19(18)34-7-3)35(32,33)27-11-13-29(31,6-2)14-12-27/h9-10,15H,5-8,11-14H2,1-4H3,(H,25,26,30)",GXUGEZIHENHAGP-UHFFFAOYSA-N,2.4106000000000027,504.21548912399993
"InChI=1S/C23H32N6O6S/c1-5-8-19-24-15(4)21-23(31)25-22(26-28(19)21)17-13-16(9-10-18(17)35-7-3)36(33,34)27-11-12-29(32,6-2)14-20(27)30/h9-10,13,20,30H,5-8,11-12,14H2,1-4H3,(H,25,26,31)",AFQZWHBQOPLYHC-UHFFFAOYSA-N,CCCC1=NC(=C2N1NC(=NC2=O)C3=C(C=CC(=C3)S(=O)(=O)N4C(C[N+](CC4)(CC)[O-])O)OCC)C,,,C23H32N6O6S,520.210403744,2.070900000000004,1,0,0,BTM00086,BTM00086,Hydroxylation of heteroalicyclic secondary carbon,BTMR1070,"CYP1A2
CYP2A6
CYP2C9
CYP2D6
CYP3A4",HUMAN,BTM00006,CCCC1=NC(=C2N1NC(=NC2=O)C3=C(C=CC(=C3)S(=O)(=O)N4CC[N+](CC4)(CC)[O-])OCC)C,"InChI=1S/C23H32N6O5S/c1-5-8-20-24-16(4)21-23(30)25-22(26-28(20)21)18-15-17(9-10-19(18)34-7-3)35(32,33)27-11-13-29(31,6-2)14-12-27/h9-10,15H,5-8,11-14H2,1-4H3,(H,25,26,30)",GXUGEZIHENHAGP-UHFFFAOYSA-N,2.4106000000000027,504.21548912399993
"InChI=1S/C23H32N6O6S/c1-5-8-19-24-15(4)21-23(31)25-22(26-28(19)21)17-13-16(9-10-18(17)35-7-3)36(33,34)27-11-12-29(32,6-2)20(30)14-27/h9-10,13,20,30H,5-8,11-12,14H2,1-4H3,(H,25,26,31)",IJIDPEJBMFLFJK-UHFFFAOYSA-N,CCCC1=NC(=C2N1NC(=NC2=O)C3=C(C=CC(=C3)S(=O)(=O)N4CC([N+](CC4)(CC)[O-])O)OCC)C,,,C23H32N6O6S,520.210403744,2.070900000000004,1,0,0,BTM00087,BTM00087,Hydroxylation of heteroalicyclic secondary carbon,BTMR1070,"CYP1A2
CYP2A6
CYP2C9
CYP2D6
CYP3A4",HUMAN,BTM00006,CCCC1=NC(=C2N1NC(=NC2=O)C3=C(C=CC(=C3)S(=O)(=O)N4CC[N+](CC4)(CC)[O-])OCC)C,"InChI=1S/C23H32N6O5S/c1-5-8-20-24-16(4)21-23(30)25-22(26-28(20)21)18-15-17(9-10-19(18)34-7-3)35(32,33)27-11-13-29(31,6-2)14-12-27/h9-10,15H,5-8,11-14H2,1-4H3,(H,25,26,30)",GXUGEZIHENHAGP-UHFFFAOYSA-N,2.4106000000000027,504.21548912399993
"InChI=1S/C23H32N6O6S/c1-4-29(32)12-10-27(11-13-29)36(33,34)17-8-9-19(35-5-2)18(15-17)22-25-23(31)21-16(3)24-20(7-6-14-30)28(21)26-22/h8-9,15,30H,4-7,10-14H2,1-3H3,(H,25,26,31)",ANTVKQQEVRKGCC-UHFFFAOYSA-N,C(CCC1=NC(=C2N1NC(=NC2=O)C3=C(C=CC(=C3)S(=O)(=O)N4CC[N+](CC4)(CC)[O-])OCC)C)O,,,C23H32N6O6S,520.210403744,1.1849000000000014,1,0,0,BTM00088,BTM00088,Hydroxylation of terminal methyl,BTMR1061,"CYP1A2
CYP2A6
CYP2B6
CYP2C8
CYP2C9
CYP2C19
CYP2D6
CYP2E1
CYP3A4",HUMAN,BTM00006,CCCC1=NC(=C2N1NC(=NC2=O)C3=C(C=CC(=C3)S(=O)(=O)N4CC[N+](CC4)(CC)[O-])OCC)C,"InChI=1S/C23H32N6O5S/c1-5-8-20-24-16(4)21-23(30)25-22(26-28(20)21)18-15-17(9-10-19(18)34-7-3)35(32,33)27-11-13-29(31,6-2)14-12-27/h9-10,15H,5-8,11-14H2,1-4H3,(H,25,26,30)",GXUGEZIHENHAGP-UHFFFAOYSA-N,2.4106000000000027,504.21548912399993
"InChI=1S/C23H32N6O6S/c1-4-6-20-24-16(3)21-23(31)25-22(26-28(20)21)18-15-17(7-8-19(18)35-14-13-30)36(33,34)27-9-11-29(32,5-2)12-10-27/h7-8,15,30H,4-6,9-14H2,1-3H3,(H,25,26,31)",RKKQJFWZPSFEIW-UHFFFAOYSA-N,CCCC1=NC(=C2N1NC(=NC2=O)C3=C(C=CC(=C3)S(=O)(=O)N4CC[N+](CC4)(CC)[O-])OCCO)C,,,C23H32N6O6S,520.210403744,1.5224000000000026,1,0,0,BTM00089,BTM00089,Hydroxylation of terminal methyl,BTMR1061,"CYP1A2
CYP2A6
CYP2B6
CYP2C8
CYP2C9
CYP2C19
CYP2D6
CYP2E1
CYP3A4",HUMAN,BTM00006,CCCC1=NC(=C2N1NC(=NC2=O)C3=C(C=CC(=C3)S(=O)(=O)N4CC[N+](CC4)(CC)[O-])OCC)C,"InChI=1S/C23H32N6O5S/c1-5-8-20-24-16(4)21-23(30)25-22(26-28(20)21)18-15-17(9-10-19(18)34-7-3)35(32,33)27-11-13-29(31,6-2)14-12-27/h9-10,15H,5-8,11-14H2,1-4H3,(H,25,26,30)",GXUGEZIHENHAGP-UHFFFAOYSA-N,2.4106000000000027,504.21548912399993
"InChI=1S/C23H32N6O6S/c1-4-6-20-24-16(3)21-23(31)25-22(26-28(20)21)18-15-17(7-8-19(18)35-5-2)36(33,34)27-9-11-29(32,12-10-27)13-14-30/h7-8,15,30H,4-6,9-14H2,1-3H3,(H,25,26,31)",CIQMVNUPIDSKAX-UHFFFAOYSA-N,CCCC1=NC(=C2N1NC(=NC2=O)C3=C(C=CC(=C3)S(=O)(=O)N4CC[N+](CC4)(CCO)[O-])OCC)C,,,C23H32N6O6S,520.210403744,1.5224000000000026,1,0,0,BTM00090,BTM00090,Hydroxylation of terminal methyl,BTMR1061,"CYP1A2
CYP2A6
CYP2B6
CYP2C8
CYP2C9
CYP2C19
CYP2D6
CYP2E1
CYP3A4",HUMAN,BTM00006,CCCC1=NC(=C2N1NC(=NC2=O)C3=C(C=CC(=C3)S(=O)(=O)N4CC[N+](CC4)(CC)[O-])OCC)C,"InChI=1S/C23H32N6O5S/c1-5-8-20-24-16(4)21-23(30)25-22(26-28(20)21)18-15-17(9-10-19(18)34-7-3)35(32,33)27-11-13-29(31,6-2)14-12-27/h9-10,15H,5-8,11-14H2,1-4H3,(H,25,26,30)",GXUGEZIHENHAGP-UHFFFAOYSA-N,2.4106000000000027,504.21548912399993
"InChI=1S/C23H30N6O5S/c1-5-8-20-24-16(4)21-23(30)25-22(26-28(20)21)18-15-17(9-10-19(18)34-7-3)35(32,33)27-11-13-29(31,6-2)14-12-27/h5,9-10,15H,1,6-8,11-14H2,2-4H3,(H,25,26,30)",GPMXAUAHONMYLI-UHFFFAOYSA-N,C=CCC1=NC(=C2N1NC(=NC2=O)C3=C(C=CC(=C3)S(=O)(=O)N4CC[N+](CC4)(CC)[O-])OCC)C,,,C23H30N6O5S,502.19983906,2.0199000000000003,1,0,0,BTM00091,BTM00091,Terminal desaturation,BTMR1190,"CYP1A2
CYP2A6
CYP2C9
CYP2D6
CYP3A4",HUMAN,BTM00006,CCCC1=NC(=C2N1NC(=NC2=O)C3=C(C=CC(=C3)S(=O)(=O)N4CC[N+](CC4)(CC)[O-])OCC)C,"InChI=1S/C23H32N6O5S/c1-5-8-20-24-16(4)21-23(30)25-22(26-28(20)21)18-15-17(9-10-19(18)34-7-3)35(32,33)27-11-13-29(31,6-2)14-12-27/h9-10,15H,5-8,11-14H2,1-4H3,(H,25,26,30)",GXUGEZIHENHAGP-UHFFFAOYSA-N,2.4106000000000027,504.21548912399993
"InChI=1S/C21H28N6O5S/c1-4-16(28)20-23-13(3)18-21(29)24-19(25-27(18)20)15-12-14(6-7-17(15)32-5-2)33(30,31)26-10-8-22-9-11-26/h6-7,12,16,22,28H,4-5,8-11H2,1-3H3,(H,24,25,29)",HSZCCNDMYHRQAC-UHFFFAOYSA-N,CCC(C1=NC(=C2N1NC(=NC2=O)C3=C(C=CC(=C3)S(=O)(=O)N4CCNCC4)OCC)C)O,,,C21H28N6O5S,476.184188996,1.2229000000000005,0,1,1,BTM00054,BTM00054,Hydroxylation of antepenultimate aliphatic secondary carbon,BTMR1072,"CYP1A2
CYP2E1",HUMAN,BTM00007,CCCC1=NC(=C2N1NC(=NC2=O)C3=C(C=CC(=C3)S(=O)(=O)N4CCNCC4)OCC)C,"InChI=1S/C21H28N6O4S/c1-4-6-18-23-14(3)19-21(28)24-20(25-27(18)19)16-13-15(7-8-17(16)31-5-2)32(29,30)26-11-9-22-10-12-26/h7-8,13,22H,4-6,9-12H2,1-3H3,(H,24,25,28)",OKUKNGDVADFTHE-UHFFFAOYSA-N,1.9310000000000014,460.18927437599996
"InChI=1S/C19H24N6O4S/c1-3-4-16-21-12(2)17-19(27)22-18(23-25(16)17)14-11-13(5-6-15(14)26)30(28,29)24-9-7-20-8-10-24/h5-6,11,20,26H,3-4,7-10H2,1-2H3,(H,22,23,27)",GMWLTYKJAPIWQS-UHFFFAOYSA-N,CCCC1=NC(=C2N1NC(=NC2=O)C3=C(C=CC(=C3)S(=O)(=O)N4CCNCC4)O)C,,,C19H24N6O4S,432.15797424799996,1.331200000000002,0,1,1,BTM00065,BTM00065,O-Dealkylation,BTMR0052,"CYP1A2
CYP2A6
CYP2C9
CYP2C19
CYP2D6
CYP2E1
CYP3A4",HUMAN,BTM00007,CCCC1=NC(=C2N1NC(=NC2=O)C3=C(C=CC(=C3)S(=O)(=O)N4CCNCC4)OCC)C,"InChI=1S/C21H28N6O4S/c1-4-6-18-23-14(3)19-21(28)24-20(25-27(18)19)16-13-15(7-8-17(16)31-5-2)32(29,30)26-11-9-22-10-12-26/h7-8,13,22H,4-6,9-12H2,1-3H3,(H,24,25,28)",OKUKNGDVADFTHE-UHFFFAOYSA-N,1.9310000000000014,460.18927437599996
"InChI=1S/C2H4O/c1-2-3/h2H,1H3",IKHGUXGNUITLKF-UHFFFAOYSA-N,C(C)=O,,,C2H4O,44.026214748,-0.1825,0,0,0,BTM00004,BTM00004,O-Dealkylation,BTMR0052,"CYP1A2
CYP2A6
CYP2C9
CYP2C19
CYP2D6
CYP2E1
CYP3A4",HUMAN,BTM00007,CCCC1=NC(=C2N1NC(=NC2=O)C3=C(C=CC(=C3)S(=O)(=O)N4CCNCC4)OCC)C,"InChI=1S/C21H28N6O4S/c1-4-6-18-23-14(3)19-21(28)24-20(25-27(18)19)16-13-15(7-8-17(16)31-5-2)32(29,30)26-11-9-22-10-12-26/h7-8,13,22H,4-6,9-12H2,1-3H3,(H,24,25,28)",OKUKNGDVADFTHE-UHFFFAOYSA-N,1.9310000000000014,460.18927437599996
"InChI=1S/C21H28N6O5S/c1-3-5-18-23-16(13-28)19-21(29)24-20(25-27(18)19)15-12-14(6-7-17(15)32-4-2)33(30,31)26-10-8-22-9-11-26/h6-7,12,22,28H,3-5,8-11,13H2,1-2H3,(H,24,25,29)",QHMFJPYYOWLJPM-UHFFFAOYSA-N,CCCC1=NC(=C2N1NC(=NC2=O)C3=C(C=CC(=C3)S(=O)(=O)N4CCNCC4)OCC)CO,,,C21H28N6O5S,476.18418899599993,1.4723999999999988,0,1,1,BTM00075,BTM00075,Aliphatic hydroxylation of methyl carbon adjacent to aromatic ring,BTMR1058,"CYP1A2
CYP2A6
CYP2B6
CYP2C8
CYP2C9
CYP2C19
CYP2D6
CYP2E1
CYP3A4",HUMAN,BTM00007,CCCC1=NC(=C2N1NC(=NC2=O)C3=C(C=CC(=C3)S(=O)(=O)N4CCNCC4)OCC)C,"InChI=1S/C21H28N6O4S/c1-4-6-18-23-14(3)19-21(28)24-20(25-27(18)19)16-13-15(7-8-17(16)31-5-2)32(29,30)26-11-9-22-10-12-26/h7-8,13,22H,4-6,9-12H2,1-3H3,(H,24,25,28)",OKUKNGDVADFTHE-UHFFFAOYSA-N,1.9310000000000014,460.18927437599996
"InChI=1S/C21H28N6O5S/c1-4-32-17-6-5-15(33(30,31)26-9-7-22-8-10-26)12-16(17)20-24-21(29)19-14(3)23-18(11-13(2)28)27(19)25-20/h5-6,12-13,22,28H,4,7-11H2,1-3H3,(H,24,25,29)",ZDJOJVDURPWLAS-UHFFFAOYSA-N,CC(CC1=NC(=C2N1NC(=NC2=O)C3=C(C=CC(=C3)S(=O)(=O)N4CCNCC4)OCC)C)O,,,C21H28N6O5S,476.184188996,0.954800000000001,0,1,1,BTM00092,BTM00092,Hydroxylation of penultimate aliphatic secondary carbon,BTMR1074,"CYP1A2
CYP2A6
CYP2B6
CYP2C8
CYP2C9
CYP2C19
CYP2D6
CYP2E1
CYP3A4",HUMAN,BTM00007,CCCC1=NC(=C2N1NC(=NC2=O)C3=C(C=CC(=C3)S(=O)(=O)N4CCNCC4)OCC)C,"InChI=1S/C21H28N6O4S/c1-4-6-18-23-14(3)19-21(28)24-20(25-27(18)19)16-13-15(7-8-17(16)31-5-2)32(29,30)26-11-9-22-10-12-26/h7-8,13,22H,4-6,9-12H2,1-3H3,(H,24,25,28)",OKUKNGDVADFTHE-UHFFFAOYSA-N,1.9310000000000014,460.18927437599996
"InChI=1S/C21H28N6O5S/c1-4-6-17-23-13(3)19-21(29)24-20(25-27(17)19)15-11-14(7-8-16(15)32-5-2)33(30,31)26-10-9-22-12-18(26)28/h7-8,11,18,22,28H,4-6,9-10,12H2,1-3H3,(H,24,25,29)",NUYWQMSASZZRPE-UHFFFAOYSA-N,CCCC1=NC(=C2N1NC(=NC2=O)C3=C(C=CC(=C3)S(=O)(=O)N4C(CNCC4)O)OCC)C,,,C21H28N6O5S,476.184188996,1.5913000000000006,0,1,1,BTM00093,BTM00093,Hydroxylation of heteroalicyclic secondary carbon,BTMR1070,"CYP1A2
CYP2A6
CYP2C9
CYP2D6
CYP3A4",HUMAN,BTM00007,CCCC1=NC(=C2N1NC(=NC2=O)C3=C(C=CC(=C3)S(=O)(=O)N4CCNCC4)OCC)C,"InChI=1S/C21H28N6O4S/c1-4-6-18-23-14(3)19-21(28)24-20(25-27(18)19)16-13-15(7-8-17(16)31-5-2)32(29,30)26-11-9-22-10-12-26/h7-8,13,22H,4-6,9-12H2,1-3H3,(H,24,25,28)",OKUKNGDVADFTHE-UHFFFAOYSA-N,1.9310000000000014,460.18927437599996
"InChI=1S/C21H28N6O5S/c1-4-6-17-23-13(3)19-21(29)24-20(25-27(17)19)15-11-14(7-8-16(15)32-5-2)33(30,31)26-10-9-22-18(28)12-26/h7-8,11,18,22,28H,4-6,9-10,12H2,1-3H3,(H,24,25,29)",RAMIUPVIUJIJHI-UHFFFAOYSA-N,CCCC1=NC(=C2N1NC(=NC2=O)C3=C(C=CC(=C3)S(=O)(=O)N4CC(NCC4)O)OCC)C,,,C21H28N6O5S,476.184188996,1.5913000000000006,0,1,1,BTM00094,BTM00094,Hydroxylation of heteroalicyclic secondary carbon,BTMR1070,"CYP1A2
CYP2A6
CYP2C9
CYP2D6
CYP3A4",HUMAN,BTM00007,CCCC1=NC(=C2N1NC(=NC2=O)C3=C(C=CC(=C3)S(=O)(=O)N4CCNCC4)OCC)C,"InChI=1S/C21H28N6O4S/c1-4-6-18-23-14(3)19-21(28)24-20(25-27(18)19)16-13-15(7-8-17(16)31-5-2)32(29,30)26-11-9-22-10-12-26/h7-8,13,22H,4-6,9-12H2,1-3H3,(H,24,25,28)",OKUKNGDVADFTHE-UHFFFAOYSA-N,1.9310000000000014,460.18927437599996
"InChI=1S/C21H28N6O5S/c1-3-32-17-7-6-15(33(30,31)26-10-8-22-9-11-26)13-16(17)20-24-21(29)19-14(2)23-18(5-4-12-28)27(19)25-20/h6-7,13,22,28H,3-5,8-12H2,1-2H3,(H,24,25,29)",NBMUNSXUYVDNJB-UHFFFAOYSA-N,C(CCC1=NC(=C2N1NC(=NC2=O)C3=C(C=CC(=C3)S(=O)(=O)N4CCNCC4)OCC)C)O,,,C21H28N6O5S,476.184188996,0.7052999999999998,0,1,1,BTM00095,BTM00095,Hydroxylation of terminal methyl,BTMR1061,"CYP1A2
CYP2A6
CYP2B6
CYP2C8
CYP2C9
CYP2C19
CYP2D6
CYP2E1
CYP3A4",HUMAN,BTM00007,CCCC1=NC(=C2N1NC(=NC2=O)C3=C(C=CC(=C3)S(=O)(=O)N4CCNCC4)OCC)C,"InChI=1S/C21H28N6O4S/c1-4-6-18-23-14(3)19-21(28)24-20(25-27(18)19)16-13-15(7-8-17(16)31-5-2)32(29,30)26-11-9-22-10-12-26/h7-8,13,22H,4-6,9-12H2,1-3H3,(H,24,25,28)",OKUKNGDVADFTHE-UHFFFAOYSA-N,1.9310000000000014,460.18927437599996
"InChI=1S/C21H28N6O5S/c1-3-4-18-23-14(2)19-21(29)24-20(25-27(18)19)16-13-15(5-6-17(16)32-12-11-28)33(30,31)26-9-7-22-8-10-26/h5-6,13,22,28H,3-4,7-12H2,1-2H3,(H,24,25,29)",VOMSSBZFQMMNDQ-UHFFFAOYSA-N,CCCC1=NC(=C2N1NC(=NC2=O)C3=C(C=CC(=C3)S(=O)(=O)N4CCNCC4)OCCO)C,,,C21H28N6O5S,476.18418899600005,1.0427999999999993,0,1,1,BTM00096,BTM00096,Hydroxylation of terminal methyl,BTMR1061,"CYP1A2
CYP2A6
CYP2B6
CYP2C8
CYP2C9
CYP2C19
CYP2D6
CYP2E1
CYP3A4",HUMAN,BTM00007,CCCC1=NC(=C2N1NC(=NC2=O)C3=C(C=CC(=C3)S(=O)(=O)N4CCNCC4)OCC)C,"InChI=1S/C21H28N6O4S/c1-4-6-18-23-14(3)19-21(28)24-20(25-27(18)19)16-13-15(7-8-17(16)31-5-2)32(29,30)26-11-9-22-10-12-26/h7-8,13,22H,4-6,9-12H2,1-3H3,(H,24,25,28)",OKUKNGDVADFTHE-UHFFFAOYSA-N,1.9310000000000014,460.18927437599996
"InChI=1S/C21H26N6O4S/c1-4-6-18-23-14(3)19-21(28)24-20(25-27(18)19)16-13-15(7-8-17(16)31-5-2)32(29,30)26-11-9-22-10-12-26/h4,7-8,13,22H,1,5-6,9-12H2,2-3H3,(H,24,25,28)",UVCADDZQXRBRMH-UHFFFAOYSA-N,C=CCC1=NC(=C2N1NC(=NC2=O)C3=C(C=CC(=C3)S(=O)(=O)N4CCNCC4)OCC)C,,,C21H26N6O4S,458.173624312,1.5403000000000022,0,0,0,BTM00097,BTM00097,Terminal desaturation,BTMR1190,"CYP1A2
CYP2A6
CYP2C9
CYP2D6
CYP3A4",HUMAN,BTM00007,CCCC1=NC(=C2N1NC(=NC2=O)C3=C(C=CC(=C3)S(=O)(=O)N4CCNCC4)OCC)C,"InChI=1S/C21H28N6O4S/c1-4-6-18-23-14(3)19-21(28)24-20(25-27(18)19)16-13-15(7-8-17(16)31-5-2)32(29,30)26-11-9-22-10-12-26/h7-8,13,22H,4-6,9-12H2,1-3H3,(H,24,25,28)",OKUKNGDVADFTHE-UHFFFAOYSA-N,1.9310000000000014,460.18927437599996
"InChI=1S/C23H30N6O5S/c1-5-27-9-11-28(12-10-27)35(32,33)17-7-8-19(34-6-2)18(14-17)22-25-23(31)21-16(4)24-20(13-15(3)30)29(21)26-22/h7-8,14H,5-6,9-13H2,1-4H3,(H,25,26,31)",JKIYDLBZTVEESK-UHFFFAOYSA-N,CC(CC1=NC(=C2N1NC(=NC2=O)C3=C(C=CC(=C3)S(=O)(=O)N4CCN(CC4)CC)OCC)C)=O,,,C23H30N6O5S,502.19983905999993,1.4360000000000002,1,0,0,BTM00098,BTM00098,Oxidation of secondary alcohol to ketone,BTMR0079,"CYP1A2
CYP2C9
CYP2C19",HUMAN,BTM00008,CC(CC1=NC(=C2N1NC(=NC2=O)C3=C(C=CC(=C3)S(=O)(=O)N4CCN(CC4)CC)OCC)C)O,"InChI=1S/C23H32N6O5S/c1-5-27-9-11-28(12-10-27)35(32,33)17-7-8-19(34-6-2)18(14-17)22-25-23(31)21-16(4)24-20(13-15(3)30)29(21)26-22/h7-8,14-15,30H,5-6,9-13H2,1-4H3,(H,25,26,31)",KCECODYQAFIRSK-UHFFFAOYSA-N,1.8395000000000006,504.215489124
"InChI=1S/C23H32N6O6S/c1-5-27-9-11-28(12-10-27)36(33,34)16-7-8-18(35-6-2)17(13-16)21-25-23(32)19-14(3)24-22(29(19)26-21)20(31)15(4)30/h7-8,13,15,20,30-31H,5-6,9-12H2,1-4H3,(H,25,26,32)",HEKMVWFGKBSCAU-UHFFFAOYSA-N,CC(C(C1=NC(=C2N1NC(=NC2=O)C3=C(C=CC(=C3)S(=O)(=O)N4CCN(CC4)CC)OCC)C)O)O,,,C23H32N6O6S,520.210403744,1.0731999999999995,1,1,1,BTM00055,BTM00055,Hydroxylation of non-terminal aliphatic carbon adjacent to aromatic ring,BTMR1077,"CYP1A2
CYP2C8
CYP2C9
CYP2D6
CYP3A4",HUMAN,BTM00008,CC(CC1=NC(=C2N1NC(=NC2=O)C3=C(C=CC(=C3)S(=O)(=O)N4CCN(CC4)CC)OCC)C)O,"InChI=1S/C23H32N6O5S/c1-5-27-9-11-28(12-10-27)35(32,33)17-7-8-19(34-6-2)18(14-17)22-25-23(31)21-16(4)24-20(13-15(3)30)29(21)26-22/h7-8,14-15,30H,5-6,9-13H2,1-4H3,(H,25,26,31)",KCECODYQAFIRSK-UHFFFAOYSA-N,1.8395000000000006,504.215489124
"InChI=1S/C21H28N6O5S/c1-4-25-7-9-26(10-8-25)33(31,32)15-5-6-17(29)16(12-15)20-23-21(30)19-14(3)22-18(11-13(2)28)27(19)24-20/h5-6,12-13,28-29H,4,7-11H2,1-3H3,(H,23,24,30)",NSSMBNWHEOFOMJ-UHFFFAOYSA-N,CC(CC1=NC(=C2N1NC(=NC2=O)C3=C(C=CC(=C3)S(=O)(=O)N4CCN(CC4)CC)O)C)O,,,C21H28N6O5S,476.184188996,1.239700000000001,0,1,1,BTM00066,BTM00066,O-Dealkylation,BTMR0052,"CYP1A2
CYP2A6
CYP2C9
CYP2C19
CYP2D6
CYP2E1
CYP3A4",HUMAN,BTM00008,CC(CC1=NC(=C2N1NC(=NC2=O)C3=C(C=CC(=C3)S(=O)(=O)N4CCN(CC4)CC)OCC)C)O,"InChI=1S/C23H32N6O5S/c1-5-27-9-11-28(12-10-27)35(32,33)17-7-8-19(34-6-2)18(14-17)22-25-23(31)21-16(4)24-20(13-15(3)30)29(21)26-22/h7-8,14-15,30H,5-6,9-13H2,1-4H3,(H,25,26,31)",KCECODYQAFIRSK-UHFFFAOYSA-N,1.8395000000000006,504.215489124
"InChI=1S/C2H4O/c1-2-3/h2H,1H3",IKHGUXGNUITLKF-UHFFFAOYSA-N,C(C)=O,,,C2H4O,44.026214748,-0.1825,0,0,0,BTM00004,BTM00004,O-Dealkylation,BTMR0052,"CYP1A2
CYP2A6
CYP2C9
CYP2C19
CYP2D6
CYP2E1
CYP3A4",HUMAN,BTM00008,CC(CC1=NC(=C2N1NC(=NC2=O)C3=C(C=CC(=C3)S(=O)(=O)N4CCN(CC4)CC)OCC)C)O,"InChI=1S/C23H32N6O5S/c1-5-27-9-11-28(12-10-27)35(32,33)17-7-8-19(34-6-2)18(14-17)22-25-23(31)21-16(4)24-20(13-15(3)30)29(21)26-22/h7-8,14-15,30H,5-6,9-13H2,1-4H3,(H,25,26,31)",KCECODYQAFIRSK-UHFFFAOYSA-N,1.8395000000000006,504.215489124
"InChI=1S/C23H32N6O6S/c1-4-27-8-10-28(11-9-27)36(33,34)16-6-7-19(35-5-2)17(13-16)22-25-23(32)21-18(14-30)24-20(12-15(3)31)29(21)26-22/h6-7,13,15,30-31H,4-5,8-12,14H2,1-3H3,(H,25,26,32)",NOTNXMNBQVIYBJ-UHFFFAOYSA-N,CC(CC1=NC(=C2N1NC(=NC2=O)C3=C(C=CC(=C3)S(=O)(=O)N4CCN(CC4)CC)OCC)CO)O,,,C23H32N6O6S,520.210403744,1.3809000000000016,1,1,1,BTM00076,BTM00076,Aliphatic hydroxylation of methyl carbon adjacent to aromatic ring,BTMR1058,"CYP1A2
CYP2A6
CYP2B6
CYP2C8
CYP2C9
CYP2C19
CYP2D6
CYP2E1
CYP3A4",HUMAN,BTM00008,CC(CC1=NC(=C2N1NC(=NC2=O)C3=C(C=CC(=C3)S(=O)(=O)N4CCN(CC4)CC)OCC)C)O,"InChI=1S/C23H32N6O5S/c1-5-27-9-11-28(12-10-27)35(32,33)17-7-8-19(34-6-2)18(14-17)22-25-23(31)21-16(4)24-20(13-15(3)30)29(21)26-22/h7-8,14-15,30H,5-6,9-13H2,1-4H3,(H,25,26,31)",KCECODYQAFIRSK-UHFFFAOYSA-N,1.8395000000000006,504.215489124
"InChI=1S/C23H32N6O6S/c1-5-29(32)11-9-27(10-12-29)36(33,34)17-7-8-19(35-6-2)18(14-17)22-25-23(31)21-16(4)24-20(13-15(3)30)28(21)26-22/h7-8,14-15,30H,5-6,9-13H2,1-4H3,(H,25,26,31)",RUCNCDNSIFFUHP-UHFFFAOYSA-N,CC(CC1=NC(=C2N1NC(=NC2=O)C3=C(C=CC(=C3)S(=O)(=O)N4CC[N+](CC4)(CC)[O-])OCC)C)O,,,C23H32N6O6S,520.210403744,1.4344000000000008,1,0,0,BTM00085,BTM00085,N-Oxidation of alicyclic tertiary amine,BTMR1099,"CYP1A2
CYP2C8
CYP2C19
CYP2D6
CYP3A4",HUMAN,BTM00008,CC(CC1=NC(=C2N1NC(=NC2=O)C3=C(C=CC(=C3)S(=O)(=O)N4CCN(CC4)CC)OCC)C)O,"InChI=1S/C23H32N6O5S/c1-5-27-9-11-28(12-10-27)35(32,33)17-7-8-19(34-6-2)18(14-17)22-25-23(31)21-16(4)24-20(13-15(3)30)29(21)26-22/h7-8,14-15,30H,5-6,9-13H2,1-4H3,(H,25,26,31)",KCECODYQAFIRSK-UHFFFAOYSA-N,1.8395000000000006,504.215489124
"InChI=1S/C21H28N6O5S/c1-4-32-17-6-5-15(33(30,31)26-9-7-22-8-10-26)12-16(17)20-24-21(29)19-14(3)23-18(11-13(2)28)27(19)25-20/h5-6,12-13,22,28H,4,7-11H2,1-3H3,(H,24,25,29)",ZDJOJVDURPWLAS-UHFFFAOYSA-N,CC(CC1=NC(=C2N1NC(=NC2=O)C3=C(C=CC(=C3)S(=O)(=O)N4CCNCC4)OCC)C)O,,,C21H28N6O5S,476.184188996,0.954800000000001,0,1,1,BTM00092,BTM00092,N-Dealkylation of alicyclic tertiary amine,BTMR1144,"CYP1A2
CYP2A6
CYP2B6
CYP2C8
CYP2C9
CYP2C19
CYP2D6
CYP3A4",HUMAN,BTM00008,CC(CC1=NC(=C2N1NC(=NC2=O)C3=C(C=CC(=C3)S(=O)(=O)N4CCN(CC4)CC)OCC)C)O,"InChI=1S/C23H32N6O5S/c1-5-27-9-11-28(12-10-27)35(32,33)17-7-8-19(34-6-2)18(14-17)22-25-23(31)21-16(4)24-20(13-15(3)30)29(21)26-22/h7-8,14-15,30H,5-6,9-13H2,1-4H3,(H,25,26,31)",KCECODYQAFIRSK-UHFFFAOYSA-N,1.8395000000000006,504.215489124
"InChI=1S/C2H4O/c1-2-3/h2H,1H3",IKHGUXGNUITLKF-UHFFFAOYSA-N,C(C)=O,,,C2H4O,44.026214748,-0.1825,0,0,0,BTM00004,BTM00004,N-Dealkylation of alicyclic tertiary amine,BTMR1144,"CYP1A2
CYP2A6
CYP2B6
CYP2C8
CYP2C9
CYP2C19
CYP2D6
CYP3A4",HUMAN,BTM00008,CC(CC1=NC(=C2N1NC(=NC2=O)C3=C(C=CC(=C3)S(=O)(=O)N4CCN(CC4)CC)OCC)C)O,"InChI=1S/C23H32N6O5S/c1-5-27-9-11-28(12-10-27)35(32,33)17-7-8-19(34-6-2)18(14-17)22-25-23(31)21-16(4)24-20(13-15(3)30)29(21)26-22/h7-8,14-15,30H,5-6,9-13H2,1-4H3,(H,25,26,31)",KCECODYQAFIRSK-UHFFFAOYSA-N,1.8395000000000006,504.215489124
"InChI=1S/C23H32N6O6S/c1-5-27-9-10-28(20(31)13-27)36(33,34)16-7-8-18(35-6-2)17(12-16)22-25-23(32)21-15(4)24-19(11-14(3)30)29(21)26-22/h7-8,12,14,20,30-31H,5-6,9-11,13H2,1-4H3,(H,25,26,32)",AZQGCPXAINWFOK-UHFFFAOYSA-N,CC(CC1=NC(=C2N1NC(=NC2=O)C3=C(C=CC(=C3)S(=O)(=O)N4C(CN(CC4)CC)O)OCC)C)O,,,C23H32N6O6S,520.210403744,1.4998000000000034,1,1,1,BTM00099,BTM00099,Hydroxylation of heteroalicyclic secondary carbon,BTMR1070,"CYP1A2
CYP2A6
CYP2C9
CYP2D6
CYP3A4",HUMAN,BTM00008,CC(CC1=NC(=C2N1NC(=NC2=O)C3=C(C=CC(=C3)S(=O)(=O)N4CCN(CC4)CC)OCC)C)O,"InChI=1S/C23H32N6O5S/c1-5-27-9-11-28(12-10-27)35(32,33)17-7-8-19(34-6-2)18(14-17)22-25-23(31)21-16(4)24-20(13-15(3)30)29(21)26-22/h7-8,14-15,30H,5-6,9-13H2,1-4H3,(H,25,26,31)",KCECODYQAFIRSK-UHFFFAOYSA-N,1.8395000000000006,504.215489124
"InChI=1S/C23H32N6O6S/c1-5-27-9-10-28(13-20(27)31)36(33,34)16-7-8-18(35-6-2)17(12-16)22-25-23(32)21-15(4)24-19(11-14(3)30)29(21)26-22/h7-8,12,14,20,30-31H,5-6,9-11,13H2,1-4H3,(H,25,26,32)",PUIYAWOTXZONJX-UHFFFAOYSA-N,CC(CC1=NC(=C2N1NC(=NC2=O)C3=C(C=CC(=C3)S(=O)(=O)N4CC(N(CC4)CC)O)OCC)C)O,,,C23H32N6O6S,520.210403744,1.4998000000000034,1,1,1,BTM00100,BTM00100,Hydroxylation of heteroalicyclic secondary carbon,BTMR1070,"CYP1A2
CYP2A6
CYP2C9
CYP2D6
CYP3A4",HUMAN,BTM00008,CC(CC1=NC(=C2N1NC(=NC2=O)C3=C(C=CC(=C3)S(=O)(=O)N4CCN(CC4)CC)OCC)C)O,"InChI=1S/C23H32N6O5S/c1-5-27-9-11-28(12-10-27)35(32,33)17-7-8-19(34-6-2)18(14-17)22-25-23(31)21-16(4)24-20(13-15(3)30)29(21)26-22/h7-8,14-15,30H,5-6,9-13H2,1-4H3,(H,25,26,31)",KCECODYQAFIRSK-UHFFFAOYSA-N,1.8395000000000006,504.215489124
"InChI=1S/C23H32N6O6S/c1-4-27-8-10-28(11-9-27)36(33,34)17-6-7-19(35-5-2)18(13-17)22-25-23(32)21-15(3)24-20(29(21)26-22)12-16(31)14-30/h6-7,13,16,30-31H,4-5,8-12,14H2,1-3H3,(H,25,26,32)",HICRLAUGDJJODX-UHFFFAOYSA-N,C(C(CC1=NC(=C2N1NC(=NC2=O)C3=C(C=CC(=C3)S(=O)(=O)N4CCN(CC4)CC)OCC)C)O)O,,,C23H32N6O6S,520.2104037439999,0.951300000000002,1,1,1,BTM00101,BTM00101,Hydroxylation of terminal methyl,BTMR1061,"CYP1A2
CYP2A6
CYP2B6
CYP2C8
CYP2C9
CYP2C19
CYP2D6
CYP2E1
CYP3A4",HUMAN,BTM00008,CC(CC1=NC(=C2N1NC(=NC2=O)C3=C(C=CC(=C3)S(=O)(=O)N4CCN(CC4)CC)OCC)C)O,"InChI=1S/C23H32N6O5S/c1-5-27-9-11-28(12-10-27)35(32,33)17-7-8-19(34-6-2)18(14-17)22-25-23(31)21-16(4)24-20(13-15(3)30)29(21)26-22/h7-8,14-15,30H,5-6,9-13H2,1-4H3,(H,25,26,31)",KCECODYQAFIRSK-UHFFFAOYSA-N,1.8395000000000006,504.215489124
"InChI=1S/C23H32N6O6S/c1-4-27-7-9-28(10-8-27)36(33,34)17-5-6-19(35-12-11-30)18(14-17)22-25-23(32)21-16(3)24-20(13-15(2)31)29(21)26-22/h5-6,14-15,30-31H,4,7-13H2,1-3H3,(H,25,26,32)",QOFBCRMCVCONOG-UHFFFAOYSA-N,CC(CC1=NC(=C2N1NC(=NC2=O)C3=C(C=CC(=C3)S(=O)(=O)N4CCN(CC4)CC)OCCO)C)O,,,C23H32N6O6S,520.210403744,0.951300000000002,1,1,1,BTM00102,BTM00102,Hydroxylation of terminal methyl,BTMR1061,"CYP1A2
CYP2A6
CYP2B6
CYP2C8
CYP2C9
CYP2C19
CYP2D6
CYP2E1
CYP3A4",HUMAN,BTM00008,CC(CC1=NC(=C2N1NC(=NC2=O)C3=C(C=CC(=C3)S(=O)(=O)N4CCN(CC4)CC)OCC)C)O,"InChI=1S/C23H32N6O5S/c1-5-27-9-11-28(12-10-27)35(32,33)17-7-8-19(34-6-2)18(14-17)22-25-23(31)21-16(4)24-20(13-15(3)30)29(21)26-22/h7-8,14-15,30H,5-6,9-13H2,1-4H3,(H,25,26,31)",KCECODYQAFIRSK-UHFFFAOYSA-N,1.8395000000000006,504.215489124
"InChI=1S/C23H32N6O6S/c1-4-35-19-6-5-17(36(33,34)28-9-7-27(8-10-28)11-12-30)14-18(19)22-25-23(32)21-16(3)24-20(13-15(2)31)29(21)26-22/h5-6,14-15,30-31H,4,7-13H2,1-3H3,(H,25,26,32)",XUSKYHSNWBYDMY-UHFFFAOYSA-N,CC(CC1=NC(=C2N1NC(=NC2=O)C3=C(C=CC(=C3)S(=O)(=O)N4CCN(CC4)CCO)OCC)C)O,,,C23H32N6O6S,520.210403744,0.951300000000002,1,1,1,BTM00103,BTM00103,Hydroxylation of terminal methyl,BTMR1061,"CYP1A2
CYP2A6
CYP2B6
CYP2C8
CYP2C9
CYP2C19
CYP2D6
CYP2E1
CYP3A4",HUMAN,BTM00008,CC(CC1=NC(=C2N1NC(=NC2=O)C3=C(C=CC(=C3)S(=O)(=O)N4CCN(CC4)CC)OCC)C)O,"InChI=1S/C23H32N6O5S/c1-5-27-9-11-28(12-10-27)35(32,33)17-7-8-19(34-6-2)18(14-17)22-25-23(31)21-16(4)24-20(13-15(3)30)29(21)26-22/h7-8,14-15,30H,5-6,9-13H2,1-4H3,(H,25,26,31)",KCECODYQAFIRSK-UHFFFAOYSA-N,1.8395000000000006,504.215489124
"InChI=1S/C23H30N6O5S/c1-5-27-9-11-28(12-10-27)35(32,33)17-7-8-19(34-6-2)18(14-17)22-25-23(31)21-16(4)24-20(13-15(3)30)29(21)26-22/h7-8,14,30H,3,5-6,9-13H2,1-2,4H3,(H,25,26,31)",DVLORWHKUTZKOL-UHFFFAOYSA-N,C=C(CC1=NC(=C2N1NC(=NC2=O)C3=C(C=CC(=C3)S(=O)(=O)N4CCN(CC4)CC)OCC)C)O,,,C23H30N6O5S,502.19983906,2.0551000000000035,1,0,0,BTM00104,BTM00104,Terminal desaturation,BTMR1190,"CYP1A2
CYP2A6
CYP2C9
CYP2D6
CYP3A4",HUMAN,BTM00008,CC(CC1=NC(=C2N1NC(=NC2=O)C3=C(C=CC(=C3)S(=O)(=O)N4CCN(CC4)CC)OCC)C)O,"InChI=1S/C23H32N6O5S/c1-5-27-9-11-28(12-10-27)35(32,33)17-7-8-19(34-6-2)18(14-17)22-25-23(31)21-16(4)24-20(13-15(3)30)29(21)26-22/h7-8,14-15,30H,5-6,9-13H2,1-4H3,(H,25,26,31)",KCECODYQAFIRSK-UHFFFAOYSA-N,1.8395000000000006,504.215489124
"InChI=1S/C23H32N6O6S/c1-5-27-9-10-28(13-20(27)31)36(33,34)16-7-8-18(35-6-2)17(12-16)22-25-23(32)21-15(4)24-19(11-14(3)30)29(21)26-22/h7-8,12,14,20,30-31H,5-6,9-11,13H2,1-4H3,(H,25,26,32)",PUIYAWOTXZONJX-UHFFFAOYSA-N,CC(CC1=NC(=C2N1NC(=NC2=O)C3=C(C=CC(=C3)S(=O)(=O)N4CC(N(CC4)CC)O)OCC)C)O,,,C23H32N6O6S,520.210403744,1.4998000000000034,1,1,1,BTM00100,BTM00100,Aliphatic hydroxylation of carbon alpha to secondary or tertiary alkyl-N,BTMR1081,"CYP2B6
CYP2C19
CYP2D6",HUMAN,BTM00008,CC(CC1=NC(=C2N1NC(=NC2=O)C3=C(C=CC(=C3)S(=O)(=O)N4CCN(CC4)CC)OCC)C)O,"InChI=1S/C23H32N6O5S/c1-5-27-9-11-28(12-10-27)35(32,33)17-7-8-19(34-6-2)18(14-17)22-25-23(31)21-16(4)24-20(13-15(3)30)29(21)26-22/h7-8,14-15,30H,5-6,9-13H2,1-4H3,(H,25,26,31)",KCECODYQAFIRSK-UHFFFAOYSA-N,1.8395000000000006,504.215489124
"InChI=1S/C23H32N6O6S/c1-5-35-19-7-6-17(36(33,34)28-10-8-27(9-11-28)16(4)31)13-18(19)22-25-23(32)21-15(3)24-20(12-14(2)30)29(21)26-22/h6-7,13-14,16,30-31H,5,8-12H2,1-4H3,(H,25,26,32)",WCMRMUJHMOTJMP-UHFFFAOYSA-N,CC(CC1=NC(=C2N1NC(=NC2=O)C3=C(C=CC(=C3)S(=O)(=O)N4CCN(CC4)C(C)O)OCC)C)O,,,C23H32N6O6S,520.210403744,1.1116000000000041,1,1,1,BTM00105,BTM00105,Aliphatic hydroxylation of carbon alpha to secondary or tertiary alkyl-N,BTMR1081,"CYP2B6
CYP2C19
CYP2D6",HUMAN,BTM00008,CC(CC1=NC(=C2N1NC(=NC2=O)C3=C(C=CC(=C3)S(=O)(=O)N4CCN(CC4)CC)OCC)C)O,"InChI=1S/C23H32N6O5S/c1-5-27-9-11-28(12-10-27)35(32,33)17-7-8-19(34-6-2)18(14-17)22-25-23(31)21-16(4)24-20(13-15(3)30)29(21)26-22/h7-8,14-15,30H,5-6,9-13H2,1-4H3,(H,25,26,31)",KCECODYQAFIRSK-UHFFFAOYSA-N,1.8395000000000006,504.215489124
"InChI=1S/C23H32N6O6S/c1-5-17(30)22-24-14(4)20-23(32)25-21(26-29(20)22)16-12-15(8-9-18(16)35-7-3)36(33,34)28-11-10-27(6-2)13-19(28)31/h8-9,12,17,19,30-31H,5-7,10-11,13H2,1-4H3,(H,25,26,32)",IRIKIRVIQAFPJH-UHFFFAOYSA-N,CCC(C1=NC(=C2N1NC(=NC2=O)C3=C(C=CC(=C3)S(=O)(=O)N4C(CN(CC4)CC)O)OCC)C)O,,,C23H32N6O6S,520.210403744,1.7679000000000031,1,1,1,BTM00056,BTM00056,Hydroxylation of antepenultimate aliphatic secondary carbon,BTMR1072,"CYP1A2
CYP2E1",HUMAN,BTM00009,CCCC1=NC(=C2N1NC(=NC2=O)C3=C(C=CC(=C3)S(=O)(=O)N4C(CN(CC4)CC)O)OCC)C,"InChI=1S/C23H32N6O5S/c1-5-8-19-24-15(4)21-23(31)25-22(26-29(19)21)17-13-16(9-10-18(17)34-7-3)35(32,33)28-12-11-27(6-2)14-20(28)30/h9-10,13,20,30H,5-8,11-12,14H2,1-4H3,(H,25,26,31)",PUBCPOVEYTWFIC-UHFFFAOYSA-N,2.476000000000004,504.215489124
"InChI=1S/C21H28N6O5S/c1-4-6-17-22-13(3)19-21(30)23-20(24-27(17)19)15-11-14(7-8-16(15)28)33(31,32)26-10-9-25(5-2)12-18(26)29/h7-8,11,18,28-29H,4-6,9-10,12H2,1-3H3,(H,23,24,30)",CAHRBMGAAFANIR-UHFFFAOYSA-N,CCCC1=NC(=C2N1NC(=NC2=O)C3=C(C=CC(=C3)S(=O)(=O)N4C(CN(CC4)CC)O)O)C,,,C21H28N6O5S,476.184188996,1.8762000000000012,0,1,1,BTM00067,BTM00067,O-Dealkylation,BTMR0052,"CYP1A2
CYP2A6
CYP2C9
CYP2C19
CYP2D6
CYP2E1
CYP3A4",HUMAN,BTM00009,CCCC1=NC(=C2N1NC(=NC2=O)C3=C(C=CC(=C3)S(=O)(=O)N4C(CN(CC4)CC)O)OCC)C,"InChI=1S/C23H32N6O5S/c1-5-8-19-24-15(4)21-23(31)25-22(26-29(19)21)17-13-16(9-10-18(17)34-7-3)35(32,33)28-12-11-27(6-2)14-20(28)30/h9-10,13,20,30H,5-8,11-12,14H2,1-4H3,(H,25,26,31)",PUBCPOVEYTWFIC-UHFFFAOYSA-N,2.476000000000004,504.215489124
"InChI=1S/C2H4O/c1-2-3/h2H,1H3",IKHGUXGNUITLKF-UHFFFAOYSA-N,C(C)=O,,,C2H4O,44.026214748,-0.1825,0,0,0,BTM00004,BTM00004,O-Dealkylation,BTMR0052,"CYP1A2
CYP2A6
CYP2C9
CYP2C19
CYP2D6
CYP2E1
CYP3A4",HUMAN,BTM00009,CCCC1=NC(=C2N1NC(=NC2=O)C3=C(C=CC(=C3)S(=O)(=O)N4C(CN(CC4)CC)O)OCC)C,"InChI=1S/C23H32N6O5S/c1-5-8-19-24-15(4)21-23(31)25-22(26-29(19)21)17-13-16(9-10-18(17)34-7-3)35(32,33)28-12-11-27(6-2)14-20(28)30/h9-10,13,20,30H,5-8,11-12,14H2,1-4H3,(H,25,26,31)",PUBCPOVEYTWFIC-UHFFFAOYSA-N,2.476000000000004,504.215489124
"InChI=1S/C23H32N6O6S/c1-4-7-19-24-17(14-30)21-23(32)25-22(26-29(19)21)16-12-15(8-9-18(16)35-6-3)36(33,34)28-11-10-27(5-2)13-20(28)31/h8-9,12,20,30-31H,4-7,10-11,13-14H2,1-3H3,(H,25,26,32)",HNKJOZASTAZCBG-UHFFFAOYSA-N,CCCC1=NC(=C2N1NC(=NC2=O)C3=C(C=CC(=C3)S(=O)(=O)N4C(CN(CC4)CC)O)OCC)CO,,,C23H32N6O6S,520.210403744,2.0174000000000016,1,1,1,BTM00077,BTM00077,Aliphatic hydroxylation of methyl carbon adjacent to aromatic ring,BTMR1058,"CYP1A2
CYP2A6
CYP2B6
CYP2C8
CYP2C9
CYP2C19
CYP2D6
CYP2E1
CYP3A4",HUMAN,BTM00009,CCCC1=NC(=C2N1NC(=NC2=O)C3=C(C=CC(=C3)S(=O)(=O)N4C(CN(CC4)CC)O)OCC)C,"InChI=1S/C23H32N6O5S/c1-5-8-19-24-15(4)21-23(31)25-22(26-29(19)21)17-13-16(9-10-18(17)34-7-3)35(32,33)28-12-11-27(6-2)14-20(28)30/h9-10,13,20,30H,5-8,11-12,14H2,1-4H3,(H,25,26,31)",PUBCPOVEYTWFIC-UHFFFAOYSA-N,2.476000000000004,504.215489124
"InChI=1S/C23H32N6O6S/c1-5-8-19-24-15(4)21-23(31)25-22(26-28(19)21)17-13-16(9-10-18(17)35-7-3)36(33,34)27-11-12-29(32,6-2)14-20(27)30/h9-10,13,20,30H,5-8,11-12,14H2,1-4H3,(H,25,26,31)",AFQZWHBQOPLYHC-UHFFFAOYSA-N,CCCC1=NC(=C2N1NC(=NC2=O)C3=C(C=CC(=C3)S(=O)(=O)N4C(C[N+](CC4)(CC)[O-])O)OCC)C,,,C23H32N6O6S,520.210403744,2.070900000000004,1,0,0,BTM00086,BTM00086,N-Oxidation of alicyclic tertiary amine,BTMR1099,"CYP1A2
CYP2C8
CYP2C19
CYP2D6
CYP3A4",HUMAN,BTM00009,CCCC1=NC(=C2N1NC(=NC2=O)C3=C(C=CC(=C3)S(=O)(=O)N4C(CN(CC4)CC)O)OCC)C,"InChI=1S/C23H32N6O5S/c1-5-8-19-24-15(4)21-23(31)25-22(26-29(19)21)17-13-16(9-10-18(17)34-7-3)35(32,33)28-12-11-27(6-2)14-20(28)30/h9-10,13,20,30H,5-8,11-12,14H2,1-4H3,(H,25,26,31)",PUBCPOVEYTWFIC-UHFFFAOYSA-N,2.476000000000004,504.215489124
"InChI=1S/C21H28N6O5S/c1-4-6-17-23-13(3)19-21(29)24-20(25-27(17)19)15-11-14(7-8-16(15)32-5-2)33(30,31)26-10-9-22-12-18(26)28/h7-8,11,18,22,28H,4-6,9-10,12H2,1-3H3,(H,24,25,29)",NUYWQMSASZZRPE-UHFFFAOYSA-N,CCCC1=NC(=C2N1NC(=NC2=O)C3=C(C=CC(=C3)S(=O)(=O)N4C(CNCC4)O)OCC)C,,,C21H28N6O5S,476.184188996,1.5913000000000006,0,1,1,BTM00093,BTM00093,N-Dealkylation of alicyclic tertiary amine,BTMR1144,"CYP1A2
CYP2A6
CYP2B6
CYP2C8
CYP2C9
CYP2C19
CYP2D6
CYP3A4",HUMAN,BTM00009,CCCC1=NC(=C2N1NC(=NC2=O)C3=C(C=CC(=C3)S(=O)(=O)N4C(CN(CC4)CC)O)OCC)C,"InChI=1S/C23H32N6O5S/c1-5-8-19-24-15(4)21-23(31)25-22(26-29(19)21)17-13-16(9-10-18(17)34-7-3)35(32,33)28-12-11-27(6-2)14-20(28)30/h9-10,13,20,30H,5-8,11-12,14H2,1-4H3,(H,25,26,31)",PUBCPOVEYTWFIC-UHFFFAOYSA-N,2.476000000000004,504.215489124
"InChI=1S/C2H4O/c1-2-3/h2H,1H3",IKHGUXGNUITLKF-UHFFFAOYSA-N,C(C)=O,,,C2H4O,44.026214748,-0.1825,0,0,0,BTM00004,BTM00004,N-Dealkylation of alicyclic tertiary amine,BTMR1144,"CYP1A2
CYP2A6
CYP2B6
CYP2C8
CYP2C9
CYP2C19
CYP2D6
CYP3A4",HUMAN,BTM00009,CCCC1=NC(=C2N1NC(=NC2=O)C3=C(C=CC(=C3)S(=O)(=O)N4C(CN(CC4)CC)O)OCC)C,"InChI=1S/C23H32N6O5S/c1-5-8-19-24-15(4)21-23(31)25-22(26-29(19)21)17-13-16(9-10-18(17)34-7-3)35(32,33)28-12-11-27(6-2)14-20(28)30/h9-10,13,20,30H,5-8,11-12,14H2,1-4H3,(H,25,26,31)",PUBCPOVEYTWFIC-UHFFFAOYSA-N,2.476000000000004,504.215489124
"InChI=1S/C23H32N6O6S/c1-5-27-9-10-28(20(31)13-27)36(33,34)16-7-8-18(35-6-2)17(12-16)22-25-23(32)21-15(4)24-19(11-14(3)30)29(21)26-22/h7-8,12,14,20,30-31H,5-6,9-11,13H2,1-4H3,(H,25,26,32)",AZQGCPXAINWFOK-UHFFFAOYSA-N,CC(CC1=NC(=C2N1NC(=NC2=O)C3=C(C=CC(=C3)S(=O)(=O)N4C(CN(CC4)CC)O)OCC)C)O,,,C23H32N6O6S,520.210403744,1.4998000000000034,1,1,1,BTM00099,BTM00099,Hydroxylation of penultimate aliphatic secondary carbon,BTMR1074,"CYP1A2
CYP2A6
CYP2B6
CYP2C8
CYP2C9
CYP2C19
CYP2D6
CYP2E1
CYP3A4",HUMAN,BTM00009,CCCC1=NC(=C2N1NC(=NC2=O)C3=C(C=CC(=C3)S(=O)(=O)N4C(CN(CC4)CC)O)OCC)C,"InChI=1S/C23H32N6O5S/c1-5-8-19-24-15(4)21-23(31)25-22(26-29(19)21)17-13-16(9-10-18(17)34-7-3)35(32,33)28-12-11-27(6-2)14-20(28)30/h9-10,13,20,30H,5-8,11-12,14H2,1-4H3,(H,25,26,31)",PUBCPOVEYTWFIC-UHFFFAOYSA-N,2.476000000000004,504.215489124
"InChI=1S/C23H32N6O6S/c1-5-8-18-24-14(4)19-21(30)25-20(26-29(18)19)16-13-15(9-10-17(16)35-7-3)36(33,34)28-12-11-27(6-2)22(31)23(28)32/h9-10,13,22-23,31-32H,5-8,11-12H2,1-4H3,(H,25,26,30)",MLDPQTQAXMYDKU-UHFFFAOYSA-N,CCCC1=NC(=C2N1NC(=NC2=O)C3=C(C=CC(=C3)S(=O)(=O)N4C(C(N(CC4)CC)O)O)OCC)C,,,C23H32N6O6S,520.2104037439999,2.1363000000000034,1,1,1,BTM00106,BTM00106,Hydroxylation of heteroalicyclic secondary carbon,BTMR1070,"CYP1A2
CYP2A6
CYP2C9
CYP2D6
CYP3A4",HUMAN,BTM00009,CCCC1=NC(=C2N1NC(=NC2=O)C3=C(C=CC(=C3)S(=O)(=O)N4C(CN(CC4)CC)O)OCC)C,"InChI=1S/C23H32N6O5S/c1-5-8-19-24-15(4)21-23(31)25-22(26-29(19)21)17-13-16(9-10-18(17)34-7-3)35(32,33)28-12-11-27(6-2)14-20(28)30/h9-10,13,20,30H,5-8,11-12,14H2,1-4H3,(H,25,26,31)",PUBCPOVEYTWFIC-UHFFFAOYSA-N,2.476000000000004,504.215489124
"InChI=1S/C23H32N6O6S/c1-5-8-18-24-14(4)21-23(32)25-22(26-29(18)21)16-11-15(9-10-17(16)35-7-3)36(33,34)28-13-19(30)27(6-2)12-20(28)31/h9-11,19-20,30-31H,5-8,12-13H2,1-4H3,(H,25,26,32)",FADGBORPQZJDSW-UHFFFAOYSA-N,CCCC1=NC(=C2N1NC(=NC2=O)C3=C(C=CC(=C3)S(=O)(=O)N4C(CN(C(C4)O)CC)O)OCC)C,,,C23H32N6O6S,520.210403744,2.1363000000000034,1,1,1,BTM00107,BTM00107,Hydroxylation of heteroalicyclic secondary carbon,BTMR1070,"CYP1A2
CYP2A6
CYP2C9
CYP2D6
CYP3A4",HUMAN,BTM00009,CCCC1=NC(=C2N1NC(=NC2=O)C3=C(C=CC(=C3)S(=O)(=O)N4C(CN(CC4)CC)O)OCC)C,"InChI=1S/C23H32N6O5S/c1-5-8-19-24-15(4)21-23(31)25-22(26-29(19)21)17-13-16(9-10-18(17)34-7-3)35(32,33)28-12-11-27(6-2)14-20(28)30/h9-10,13,20,30H,5-8,11-12,14H2,1-4H3,(H,25,26,31)",PUBCPOVEYTWFIC-UHFFFAOYSA-N,2.476000000000004,504.215489124
"InChI=1S/C23H32N6O6S/c1-5-8-18-24-14(4)21-23(32)25-22(26-28(18)21)16-11-15(9-10-17(16)35-7-3)36(33,34)29-19(30)12-27(6-2)13-20(29)31/h9-11,19-20,30-31H,5-8,12-13H2,1-4H3,(H,25,26,32)",LSNBSSGPFLHOFD-UHFFFAOYSA-N,CCCC1=NC(=C2N1NC(=NC2=O)C3=C(C=CC(=C3)S(=O)(=O)N4C(CN(CC4O)CC)O)OCC)C,,,C23H32N6O6S,520.210403744,2.1363000000000034,1,1,1,BTM00108,BTM00108,Hydroxylation of heteroalicyclic secondary carbon,BTMR1070,"CYP1A2
CYP2A6
CYP2C9
CYP2D6
CYP3A4",HUMAN,BTM00009,CCCC1=NC(=C2N1NC(=NC2=O)C3=C(C=CC(=C3)S(=O)(=O)N4C(CN(CC4)CC)O)OCC)C,"InChI=1S/C23H32N6O5S/c1-5-8-19-24-15(4)21-23(31)25-22(26-29(19)21)17-13-16(9-10-18(17)34-7-3)35(32,33)28-12-11-27(6-2)14-20(28)30/h9-10,13,20,30H,5-8,11-12,14H2,1-4H3,(H,25,26,31)",PUBCPOVEYTWFIC-UHFFFAOYSA-N,2.476000000000004,504.215489124
"InChI=1S/C23H32N6O6S/c1-4-27-10-11-28(20(31)14-27)36(33,34)16-8-9-18(35-5-2)17(13-16)22-25-23(32)21-15(3)24-19(7-6-12-30)29(21)26-22/h8-9,13,20,30-31H,4-7,10-12,14H2,1-3H3,(H,25,26,32)",YBPDVYKNAIDIMU-UHFFFAOYSA-N,C(CCC1=NC(=C2N1NC(=NC2=O)C3=C(C=CC(=C3)S(=O)(=O)N4C(CN(CC4)CC)O)OCC)C)O,,,C23H32N6O6S,520.210403744,1.2503000000000006,1,1,1,BTM00109,BTM00109,Hydroxylation of terminal methyl,BTMR1061,"CYP1A2
CYP2A6
CYP2B6
CYP2C8
CYP2C9
CYP2C19
CYP2D6
CYP2E1
CYP3A4",HUMAN,BTM00009,CCCC1=NC(=C2N1NC(=NC2=O)C3=C(C=CC(=C3)S(=O)(=O)N4C(CN(CC4)CC)O)OCC)C,"InChI=1S/C23H32N6O5S/c1-5-8-19-24-15(4)21-23(31)25-22(26-29(19)21)17-13-16(9-10-18(17)34-7-3)35(32,33)28-12-11-27(6-2)14-20(28)30/h9-10,13,20,30H,5-8,11-12,14H2,1-4H3,(H,25,26,31)",PUBCPOVEYTWFIC-UHFFFAOYSA-N,2.476000000000004,504.215489124
"InChI=1S/C23H32N6O6S/c1-4-6-19-24-15(3)21-23(32)25-22(26-29(19)21)17-13-16(7-8-18(17)35-12-11-30)36(33,34)28-10-9-27(5-2)14-20(28)31/h7-8,13,20,30-31H,4-6,9-12,14H2,1-3H3,(H,25,26,32)",DSNMVCYIETZYKV-UHFFFAOYSA-N,CCCC1=NC(=C2N1NC(=NC2=O)C3=C(C=CC(=C3)S(=O)(=O)N4C(CN(CC4)CC)O)OCCO)C,,,C23H32N6O6S,520.210403744,1.5878000000000008,1,1,1,BTM00110,BTM00110,Hydroxylation of terminal methyl,BTMR1061,"CYP1A2
CYP2A6
CYP2B6
CYP2C8
CYP2C9
CYP2C19
CYP2D6
CYP2E1
CYP3A4",HUMAN,BTM00009,CCCC1=NC(=C2N1NC(=NC2=O)C3=C(C=CC(=C3)S(=O)(=O)N4C(CN(CC4)CC)O)OCC)C,"InChI=1S/C23H32N6O5S/c1-5-8-19-24-15(4)21-23(31)25-22(26-29(19)21)17-13-16(9-10-18(17)34-7-3)35(32,33)28-12-11-27(6-2)14-20(28)30/h9-10,13,20,30H,5-8,11-12,14H2,1-4H3,(H,25,26,31)",PUBCPOVEYTWFIC-UHFFFAOYSA-N,2.476000000000004,504.215489124
"InChI=1S/C23H32N6O6S/c1-4-6-19-24-15(3)21-23(32)25-22(26-29(19)21)17-13-16(7-8-18(17)35-5-2)36(33,34)28-10-9-27(11-12-30)14-20(28)31/h7-8,13,20,30-31H,4-6,9-12,14H2,1-3H3,(H,25,26,32)",JLEWDWOAFBEVDL-UHFFFAOYSA-N,CCCC1=NC(=C2N1NC(=NC2=O)C3=C(C=CC(=C3)S(=O)(=O)N4C(CN(CC4)CCO)O)OCC)C,,,C23H32N6O6S,520.210403744,1.5878000000000008,1,1,1,BTM00111,BTM00111,Hydroxylation of terminal methyl,BTMR1061,"CYP1A2
CYP2A6
CYP2B6
CYP2C8
CYP2C9
CYP2C19
CYP2D6
CYP2E1
CYP3A4",HUMAN,BTM00009,CCCC1=NC(=C2N1NC(=NC2=O)C3=C(C=CC(=C3)S(=O)(=O)N4C(CN(CC4)CC)O)OCC)C,"InChI=1S/C23H32N6O5S/c1-5-8-19-24-15(4)21-23(31)25-22(26-29(19)21)17-13-16(9-10-18(17)34-7-3)35(32,33)28-12-11-27(6-2)14-20(28)30/h9-10,13,20,30H,5-8,11-12,14H2,1-4H3,(H,25,26,31)",PUBCPOVEYTWFIC-UHFFFAOYSA-N,2.476000000000004,504.215489124
"InChI=1S/C23H30N6O5S/c1-5-8-19-24-15(4)21-23(31)25-22(26-29(19)21)17-13-16(9-10-18(17)34-7-3)35(32,33)28-12-11-27(6-2)14-20(28)30/h5,9-10,13,20,30H,1,6-8,11-12,14H2,2-4H3,(H,25,26,31)",WIEUSOMBIYYROJ-UHFFFAOYSA-N,C=CCC1=NC(=C2N1NC(=NC2=O)C3=C(C=CC(=C3)S(=O)(=O)N4C(CN(CC4)CC)O)OCC)C,,,C23H30N6O5S,502.19983905999993,2.0853000000000015,1,0,0,BTM00112,BTM00112,Terminal desaturation,BTMR1190,"CYP1A2
CYP2A6
CYP2C9
CYP2D6
CYP3A4",HUMAN,BTM00009,CCCC1=NC(=C2N1NC(=NC2=O)C3=C(C=CC(=C3)S(=O)(=O)N4C(CN(CC4)CC)O)OCC)C,"InChI=1S/C23H32N6O5S/c1-5-8-19-24-15(4)21-23(31)25-22(26-29(19)21)17-13-16(9-10-18(17)34-7-3)35(32,33)28-12-11-27(6-2)14-20(28)30/h9-10,13,20,30H,5-8,11-12,14H2,1-4H3,(H,25,26,31)",PUBCPOVEYTWFIC-UHFFFAOYSA-N,2.476000000000004,504.215489124
"InChI=1S/C23H32N6O6S/c1-5-8-18-24-14(4)19-21(30)25-20(26-29(18)19)16-13-15(9-10-17(16)35-7-3)36(33,34)28-12-11-27(6-2)22(31)23(28)32/h9-10,13,22-23,31-32H,5-8,11-12H2,1-4H3,(H,25,26,30)",MLDPQTQAXMYDKU-UHFFFAOYSA-N,CCCC1=NC(=C2N1NC(=NC2=O)C3=C(C=CC(=C3)S(=O)(=O)N4C(C(N(CC4)CC)O)O)OCC)C,,,C23H32N6O6S,520.2104037439999,2.1363000000000034,1,1,1,BTM00106,BTM00106,Aliphatic hydroxylation of carbon alpha to secondary or tertiary alkyl-N,BTMR1081,"CYP2B6
CYP2C19
CYP2D6",HUMAN,BTM00009,CCCC1=NC(=C2N1NC(=NC2=O)C3=C(C=CC(=C3)S(=O)(=O)N4C(CN(CC4)CC)O)OCC)C,"InChI=1S/C23H32N6O5S/c1-5-8-19-24-15(4)21-23(31)25-22(26-29(19)21)17-13-16(9-10-18(17)34-7-3)35(32,33)28-12-11-27(6-2)14-20(28)30/h9-10,13,20,30H,5-8,11-12,14H2,1-4H3,(H,25,26,31)",PUBCPOVEYTWFIC-UHFFFAOYSA-N,2.476000000000004,504.215489124
"InChI=1S/C23H32N6O6S/c1-5-7-19-24-14(3)21-23(32)25-22(26-29(19)21)17-12-16(8-9-18(17)35-6-2)36(33,34)28-11-10-27(15(4)30)13-20(28)31/h8-9,12,15,20,30-31H,5-7,10-11,13H2,1-4H3,(H,25,26,32)",IIRZEQVGHXPTCO-UHFFFAOYSA-N,CCCC1=NC(=C2N1NC(=NC2=O)C3=C(C=CC(=C3)S(=O)(=O)N4C(CN(CC4)C(C)O)O)OCC)C,,,C23H32N6O6S,520.210403744,1.748100000000004,1,1,1,BTM00113,BTM00113,Aliphatic hydroxylation of carbon alpha to secondary or tertiary alkyl-N,BTMR1081,"CYP2B6
CYP2C19
CYP2D6",HUMAN,BTM00009,CCCC1=NC(=C2N1NC(=NC2=O)C3=C(C=CC(=C3)S(=O)(=O)N4C(CN(CC4)CC)O)OCC)C,"InChI=1S/C23H32N6O5S/c1-5-8-19-24-15(4)21-23(31)25-22(26-29(19)21)17-13-16(9-10-18(17)34-7-3)35(32,33)28-12-11-27(6-2)14-20(28)30/h9-10,13,20,30H,5-8,11-12,14H2,1-4H3,(H,25,26,31)",PUBCPOVEYTWFIC-UHFFFAOYSA-N,2.476000000000004,504.215489124
"InChI=1S/C23H32N6O6S/c1-5-8-18-24-14(4)21-23(32)25-22(26-29(18)21)16-11-15(9-10-17(16)35-7-3)36(33,34)28-13-19(30)27(6-2)12-20(28)31/h9-11,19-20,30-31H,5-8,12-13H2,1-4H3,(H,25,26,32)",FADGBORPQZJDSW-UHFFFAOYSA-N,CCCC1=NC(=C2N1NC(=NC2=O)C3=C(C=CC(=C3)S(=O)(=O)N4C(CN(C(C4)O)CC)O)OCC)C,,,C23H32N6O6S,520.210403744,2.1363000000000034,1,1,1,BTM00107,BTM00107,Aliphatic hydroxylation of carbon alpha to secondary or tertiary alkyl-N,BTMR1081,"CYP2B6
CYP2C19
CYP2D6",HUMAN,BTM00009,CCCC1=NC(=C2N1NC(=NC2=O)C3=C(C=CC(=C3)S(=O)(=O)N4C(CN(CC4)CC)O)OCC)C,"InChI=1S/C23H32N6O5S/c1-5-8-19-24-15(4)21-23(31)25-22(26-29(19)21)17-13-16(9-10-18(17)34-7-3)35(32,33)28-12-11-27(6-2)14-20(28)30/h9-10,13,20,30H,5-8,11-12,14H2,1-4H3,(H,25,26,31)",PUBCPOVEYTWFIC-UHFFFAOYSA-N,2.476000000000004,504.215489124
"InChI=1S/C23H32N6O6S/c1-5-17(30)22-24-14(4)20-23(32)25-21(26-29(20)22)16-12-15(8-9-18(16)35-7-3)36(33,34)28-11-10-27(6-2)19(31)13-28/h8-9,12,17,19,30-31H,5-7,10-11,13H2,1-4H3,(H,25,26,32)",RDKDYEXLVFQPMW-UHFFFAOYSA-N,CCC(C1=NC(=C2N1NC(=NC2=O)C3=C(C=CC(=C3)S(=O)(=O)N4CC(N(CC4)CC)O)OCC)C)O,,,C23H32N6O6S,520.210403744,1.7679000000000031,1,1,1,BTM00057,BTM00057,Hydroxylation of antepenultimate aliphatic secondary carbon,BTMR1072,"CYP1A2
CYP2E1",HUMAN,BTM00010,CCCC1=NC(=C2N1NC(=NC2=O)C3=C(C=CC(=C3)S(=O)(=O)N4CC(N(CC4)CC)O)OCC)C,"InChI=1S/C23H32N6O5S/c1-5-8-19-24-15(4)21-23(31)25-22(26-29(19)21)17-13-16(9-10-18(17)34-7-3)35(32,33)28-12-11-27(6-2)20(30)14-28/h9-10,13,20,30H,5-8,11-12,14H2,1-4H3,(H,25,26,31)",XNNCJENEQNPUFR-UHFFFAOYSA-N,2.476000000000004,504.215489124
"InChI=1S/C21H28N6O5S/c1-4-6-17-22-13(3)19-21(30)23-20(24-27(17)19)15-11-14(7-8-16(15)28)33(31,32)26-10-9-25(5-2)18(29)12-26/h7-8,11,18,28-29H,4-6,9-10,12H2,1-3H3,(H,23,24,30)",HNSCVTHBCPZETD-UHFFFAOYSA-N,CCCC1=NC(=C2N1NC(=NC2=O)C3=C(C=CC(=C3)S(=O)(=O)N4CC(N(CC4)CC)O)O)C,,,C21H28N6O5S,476.184188996,1.8762000000000012,0,1,1,BTM00068,BTM00068,O-Dealkylation,BTMR0052,"CYP1A2
CYP2A6
CYP2C9
CYP2C19
CYP2D6
CYP2E1
CYP3A4",HUMAN,BTM00010,CCCC1=NC(=C2N1NC(=NC2=O)C3=C(C=CC(=C3)S(=O)(=O)N4CC(N(CC4)CC)O)OCC)C,"InChI=1S/C23H32N6O5S/c1-5-8-19-24-15(4)21-23(31)25-22(26-29(19)21)17-13-16(9-10-18(17)34-7-3)35(32,33)28-12-11-27(6-2)20(30)14-28/h9-10,13,20,30H,5-8,11-12,14H2,1-4H3,(H,25,26,31)",XNNCJENEQNPUFR-UHFFFAOYSA-N,2.476000000000004,504.215489124
"InChI=1S/C2H4O/c1-2-3/h2H,1H3",IKHGUXGNUITLKF-UHFFFAOYSA-N,C(C)=O,,,C2H4O,44.026214748,-0.1825,0,0,0,BTM00004,BTM00004,O-Dealkylation,BTMR0052,"CYP1A2
CYP2A6
CYP2C9
CYP2C19
CYP2D6
CYP2E1
CYP3A4",HUMAN,BTM00010,CCCC1=NC(=C2N1NC(=NC2=O)C3=C(C=CC(=C3)S(=O)(=O)N4CC(N(CC4)CC)O)OCC)C,"InChI=1S/C23H32N6O5S/c1-5-8-19-24-15(4)21-23(31)25-22(26-29(19)21)17-13-16(9-10-18(17)34-7-3)35(32,33)28-12-11-27(6-2)20(30)14-28/h9-10,13,20,30H,5-8,11-12,14H2,1-4H3,(H,25,26,31)",XNNCJENEQNPUFR-UHFFFAOYSA-N,2.476000000000004,504.215489124
"InChI=1S/C23H32N6O6S/c1-4-7-19-24-17(14-30)21-23(32)25-22(26-29(19)21)16-12-15(8-9-18(16)35-6-3)36(33,34)28-11-10-27(5-2)20(31)13-28/h8-9,12,20,30-31H,4-7,10-11,13-14H2,1-3H3,(H,25,26,32)",RVEBTVRHEGGHCA-UHFFFAOYSA-N,CCCC1=NC(=C2N1NC(=NC2=O)C3=C(C=CC(=C3)S(=O)(=O)N4CC(N(CC4)CC)O)OCC)CO,,,C23H32N6O6S,520.210403744,2.0174000000000016,1,1,1,BTM00078,BTM00078,Aliphatic hydroxylation of methyl carbon adjacent to aromatic ring,BTMR1058,"CYP1A2
CYP2A6
CYP2B6
CYP2C8
CYP2C9
CYP2C19
CYP2D6
CYP2E1
CYP3A4",HUMAN,BTM00010,CCCC1=NC(=C2N1NC(=NC2=O)C3=C(C=CC(=C3)S(=O)(=O)N4CC(N(CC4)CC)O)OCC)C,"InChI=1S/C23H32N6O5S/c1-5-8-19-24-15(4)21-23(31)25-22(26-29(19)21)17-13-16(9-10-18(17)34-7-3)35(32,33)28-12-11-27(6-2)20(30)14-28/h9-10,13,20,30H,5-8,11-12,14H2,1-4H3,(H,25,26,31)",XNNCJENEQNPUFR-UHFFFAOYSA-N,2.476000000000004,504.215489124
"InChI=1S/C21H28N6O5S/c1-4-6-17-23-13(3)19-21(29)24-20(25-27(17)19)15-11-14(7-8-16(15)32-5-2)33(30,31)26-10-9-22-18(28)12-26/h7-8,11,18,22,28H,4-6,9-10,12H2,1-3H3,(H,24,25,29)",RAMIUPVIUJIJHI-UHFFFAOYSA-N,CCCC1=NC(=C2N1NC(=NC2=O)C3=C(C=CC(=C3)S(=O)(=O)N4CC(NCC4)O)OCC)C,,,C21H28N6O5S,476.184188996,1.5913000000000006,0,1,1,BTM00094,BTM00094,N-Dealkylation of alicyclic tertiary amine,BTMR1144,"CYP1A2
CYP2A6
CYP2B6
CYP2C8
CYP2C9
CYP2C19
CYP2D6
CYP3A4",HUMAN,BTM00010,CCCC1=NC(=C2N1NC(=NC2=O)C3=C(C=CC(=C3)S(=O)(=O)N4CC(N(CC4)CC)O)OCC)C,"InChI=1S/C23H32N6O5S/c1-5-8-19-24-15(4)21-23(31)25-22(26-29(19)21)17-13-16(9-10-18(17)34-7-3)35(32,33)28-12-11-27(6-2)20(30)14-28/h9-10,13,20,30H,5-8,11-12,14H2,1-4H3,(H,25,26,31)",XNNCJENEQNPUFR-UHFFFAOYSA-N,2.476000000000004,504.215489124
"InChI=1S/C2H4O/c1-2-3/h2H,1H3",IKHGUXGNUITLKF-UHFFFAOYSA-N,C(C)=O,,,C2H4O,44.026214748,-0.1825,0,0,0,BTM00004,BTM00004,N-Dealkylation of alicyclic tertiary amine,BTMR1144,"CYP1A2
CYP2A6
CYP2B6
CYP2C8
CYP2C9
CYP2C19
CYP2D6
CYP3A4",HUMAN,BTM00010,CCCC1=NC(=C2N1NC(=NC2=O)C3=C(C=CC(=C3)S(=O)(=O)N4CC(N(CC4)CC)O)OCC)C,"InChI=1S/C23H32N6O5S/c1-5-8-19-24-15(4)21-23(31)25-22(26-29(19)21)17-13-16(9-10-18(17)34-7-3)35(32,33)28-12-11-27(6-2)20(30)14-28/h9-10,13,20,30H,5-8,11-12,14H2,1-4H3,(H,25,26,31)",XNNCJENEQNPUFR-UHFFFAOYSA-N,2.476000000000004,504.215489124
"InChI=1S/C23H32N6O6S/c1-5-8-19-24-15(4)21-23(31)25-22(26-28(19)21)17-13-16(9-10-18(17)35-7-3)36(33,34)27-11-12-29(32,6-2)20(30)14-27/h9-10,13,20,30H,5-8,11-12,14H2,1-4H3,(H,25,26,31)",IJIDPEJBMFLFJK-UHFFFAOYSA-N,CCCC1=NC(=C2N1NC(=NC2=O)C3=C(C=CC(=C3)S(=O)(=O)N4CC([N+](CC4)(CC)[O-])O)OCC)C,,,C23H32N6O6S,520.210403744,2.070900000000004,1,0,0,BTM00087,BTM00087,N-Oxidation of aliphatic tertiary amine,BTMR1100,"CYP1A2
CYP2D6
CYP3A4",HUMAN,BTM00010,CCCC1=NC(=C2N1NC(=NC2=O)C3=C(C=CC(=C3)S(=O)(=O)N4CC(N(CC4)CC)O)OCC)C,"InChI=1S/C23H32N6O5S/c1-5-8-19-24-15(4)21-23(31)25-22(26-29(19)21)17-13-16(9-10-18(17)34-7-3)35(32,33)28-12-11-27(6-2)20(30)14-28/h9-10,13,20,30H,5-8,11-12,14H2,1-4H3,(H,25,26,31)",XNNCJENEQNPUFR-UHFFFAOYSA-N,2.476000000000004,504.215489124
"InChI=1S/C23H32N6O6S/c1-5-27-9-10-28(13-20(27)31)36(33,34)16-7-8-18(35-6-2)17(12-16)22-25-23(32)21-15(4)24-19(11-14(3)30)29(21)26-22/h7-8,12,14,20,30-31H,5-6,9-11,13H2,1-4H3,(H,25,26,32)",PUIYAWOTXZONJX-UHFFFAOYSA-N,CC(CC1=NC(=C2N1NC(=NC2=O)C3=C(C=CC(=C3)S(=O)(=O)N4CC(N(CC4)CC)O)OCC)C)O,,,C23H32N6O6S,520.210403744,1.4998000000000034,1,1,1,BTM00100,BTM00100,Hydroxylation of penultimate aliphatic secondary carbon,BTMR1074,"CYP1A2
CYP2A6
CYP2B6
CYP2C8
CYP2C9
CYP2C19
CYP2D6
CYP2E1
CYP3A4",HUMAN,BTM00010,CCCC1=NC(=C2N1NC(=NC2=O)C3=C(C=CC(=C3)S(=O)(=O)N4CC(N(CC4)CC)O)OCC)C,"InChI=1S/C23H32N6O5S/c1-5-8-19-24-15(4)21-23(31)25-22(26-29(19)21)17-13-16(9-10-18(17)34-7-3)35(32,33)28-12-11-27(6-2)20(30)14-28/h9-10,13,20,30H,5-8,11-12,14H2,1-4H3,(H,25,26,31)",XNNCJENEQNPUFR-UHFFFAOYSA-N,2.476000000000004,504.215489124
"InChI=1S/C23H32N6O6S/c1-5-8-18-24-14(4)19-21(30)25-20(26-29(18)19)16-13-15(9-10-17(16)35-7-3)36(33,34)28-12-11-27(6-2)22(31)23(28)32/h9-10,13,22-23,31-32H,5-8,11-12H2,1-4H3,(H,25,26,30)",MLDPQTQAXMYDKU-UHFFFAOYSA-N,CCCC1=NC(=C2N1NC(=NC2=O)C3=C(C=CC(=C3)S(=O)(=O)N4C(C(N(CC4)CC)O)O)OCC)C,,,C23H32N6O6S,520.2104037439999,2.1363000000000034,1,1,1,BTM00106,BTM00106,Hydroxylation of heteroalicyclic secondary carbon,BTMR1070,"CYP1A2
CYP2A6
CYP2C9
CYP2D6
CYP3A4",HUMAN,BTM00010,CCCC1=NC(=C2N1NC(=NC2=O)C3=C(C=CC(=C3)S(=O)(=O)N4CC(N(CC4)CC)O)OCC)C,"InChI=1S/C23H32N6O5S/c1-5-8-19-24-15(4)21-23(31)25-22(26-29(19)21)17-13-16(9-10-18(17)34-7-3)35(32,33)28-12-11-27(6-2)20(30)14-28/h9-10,13,20,30H,5-8,11-12,14H2,1-4H3,(H,25,26,31)",XNNCJENEQNPUFR-UHFFFAOYSA-N,2.476000000000004,504.215489124
"InChI=1S/C23H32N6O6S/c1-5-8-18-24-14(4)21-23(32)25-22(26-29(18)21)16-11-15(9-10-17(16)35-7-3)36(33,34)27-12-19(30)28(6-2)20(31)13-27/h9-11,19-20,30-31H,5-8,12-13H2,1-4H3,(H,25,26,32)",VZCPRTCHWPHLAH-UHFFFAOYSA-N,CCCC1=NC(=C2N1NC(=NC2=O)C3=C(C=CC(=C3)S(=O)(=O)N4CC(N(C(C4)O)CC)O)OCC)C,,,C23H32N6O6S,520.210403744,2.1363000000000034,1,1,1,BTM00114,BTM00114,Hydroxylation of heteroalicyclic secondary carbon,BTMR1070,"CYP1A2
CYP2A6
CYP2C9
CYP2D6
CYP3A4",HUMAN,BTM00010,CCCC1=NC(=C2N1NC(=NC2=O)C3=C(C=CC(=C3)S(=O)(=O)N4CC(N(CC4)CC)O)OCC)C,"InChI=1S/C23H32N6O5S/c1-5-8-19-24-15(4)21-23(31)25-22(26-29(19)21)17-13-16(9-10-18(17)34-7-3)35(32,33)28-12-11-27(6-2)20(30)14-28/h9-10,13,20,30H,5-8,11-12,14H2,1-4H3,(H,25,26,31)",XNNCJENEQNPUFR-UHFFFAOYSA-N,2.476000000000004,504.215489124
"InChI=1S/C23H32N6O6S/c1-5-8-18-24-14(4)21-23(32)25-22(26-29(18)21)16-11-15(9-10-17(16)35-7-3)36(33,34)28-13-19(30)27(6-2)12-20(28)31/h9-11,19-20,30-31H,5-8,12-13H2,1-4H3,(H,25,26,32)",FADGBORPQZJDSW-UHFFFAOYSA-N,CCCC1=NC(=C2N1NC(=NC2=O)C3=C(C=CC(=C3)S(=O)(=O)N4C(CN(C(C4)O)CC)O)OCC)C,,,C23H32N6O6S,520.210403744,2.1363000000000034,1,1,1,BTM00107,BTM00107,Hydroxylation of heteroalicyclic secondary carbon,BTMR1070,"CYP1A2
CYP2A6
CYP2C9
CYP2D6
CYP3A4",HUMAN,BTM00010,CCCC1=NC(=C2N1NC(=NC2=O)C3=C(C=CC(=C3)S(=O)(=O)N4CC(N(CC4)CC)O)OCC)C,"InChI=1S/C23H32N6O5S/c1-5-8-19-24-15(4)21-23(31)25-22(26-29(19)21)17-13-16(9-10-18(17)34-7-3)35(32,33)28-12-11-27(6-2)20(30)14-28/h9-10,13,20,30H,5-8,11-12,14H2,1-4H3,(H,25,26,31)",XNNCJENEQNPUFR-UHFFFAOYSA-N,2.476000000000004,504.215489124
"InChI=1S/C23H32N6O6S/c1-4-27-10-11-28(14-20(27)31)36(33,34)16-8-9-18(35-5-2)17(13-16)22-25-23(32)21-15(3)24-19(7-6-12-30)29(21)26-22/h8-9,13,20,30-31H,4-7,10-12,14H2,1-3H3,(H,25,26,32)",PNMOMSORVZLTAG-UHFFFAOYSA-N,C(CCC1=NC(=C2N1NC(=NC2=O)C3=C(C=CC(=C3)S(=O)(=O)N4CC(N(CC4)CC)O)OCC)C)O,,,C23H32N6O6S,520.210403744,1.2503000000000006,1,1,1,BTM00115,BTM00115,Hydroxylation of terminal methyl,BTMR1061,"CYP1A2
CYP2A6
CYP2B6
CYP2C8
CYP2C9
CYP2C19
CYP2D6
CYP2E1
CYP3A4",HUMAN,BTM00010,CCCC1=NC(=C2N1NC(=NC2=O)C3=C(C=CC(=C3)S(=O)(=O)N4CC(N(CC4)CC)O)OCC)C,"InChI=1S/C23H32N6O5S/c1-5-8-19-24-15(4)21-23(31)25-22(26-29(19)21)17-13-16(9-10-18(17)34-7-3)35(32,33)28-12-11-27(6-2)20(30)14-28/h9-10,13,20,30H,5-8,11-12,14H2,1-4H3,(H,25,26,31)",XNNCJENEQNPUFR-UHFFFAOYSA-N,2.476000000000004,504.215489124
"InChI=1S/C23H32N6O6S/c1-4-6-19-24-15(3)21-23(32)25-22(26-29(19)21)17-13-16(7-8-18(17)35-12-11-30)36(33,34)28-10-9-27(5-2)20(31)14-28/h7-8,13,20,30-31H,4-6,9-12,14H2,1-3H3,(H,25,26,32)",JDAXHJFOWLSZFE-UHFFFAOYSA-N,CCCC1=NC(=C2N1NC(=NC2=O)C3=C(C=CC(=C3)S(=O)(=O)N4CC(N(CC4)CC)O)OCCO)C,,,C23H32N6O6S,520.210403744,1.5878000000000008,1,1,1,BTM00116,BTM00116,Hydroxylation of terminal methyl,BTMR1061,"CYP1A2
CYP2A6
CYP2B6
CYP2C8
CYP2C9
CYP2C19
CYP2D6
CYP2E1
CYP3A4",HUMAN,BTM00010,CCCC1=NC(=C2N1NC(=NC2=O)C3=C(C=CC(=C3)S(=O)(=O)N4CC(N(CC4)CC)O)OCC)C,"InChI=1S/C23H32N6O5S/c1-5-8-19-24-15(4)21-23(31)25-22(26-29(19)21)17-13-16(9-10-18(17)34-7-3)35(32,33)28-12-11-27(6-2)20(30)14-28/h9-10,13,20,30H,5-8,11-12,14H2,1-4H3,(H,25,26,31)",XNNCJENEQNPUFR-UHFFFAOYSA-N,2.476000000000004,504.215489124
"InChI=1S/C23H32N6O6S/c1-4-6-19-24-15(3)21-23(32)25-22(26-29(19)21)17-13-16(7-8-18(17)35-5-2)36(33,34)28-10-9-27(11-12-30)20(31)14-28/h7-8,13,20,30-31H,4-6,9-12,14H2,1-3H3,(H,25,26,32)",COZJTPFDDRUSJJ-UHFFFAOYSA-N,CCCC1=NC(=C2N1NC(=NC2=O)C3=C(C=CC(=C3)S(=O)(=O)N4CC(N(CC4)CCO)O)OCC)C,,,C23H32N6O6S,520.210403744,1.5878000000000008,1,1,1,BTM00117,BTM00117,Hydroxylation of terminal methyl,BTMR1061,"CYP1A2
CYP2A6
CYP2B6
CYP2C8
CYP2C9
CYP2C19
CYP2D6
CYP2E1
CYP3A4",HUMAN,BTM00010,CCCC1=NC(=C2N1NC(=NC2=O)C3=C(C=CC(=C3)S(=O)(=O)N4CC(N(CC4)CC)O)OCC)C,"InChI=1S/C23H32N6O5S/c1-5-8-19-24-15(4)21-23(31)25-22(26-29(19)21)17-13-16(9-10-18(17)34-7-3)35(32,33)28-12-11-27(6-2)20(30)14-28/h9-10,13,20,30H,5-8,11-12,14H2,1-4H3,(H,25,26,31)",XNNCJENEQNPUFR-UHFFFAOYSA-N,2.476000000000004,504.215489124
"InChI=1S/C23H30N6O5S/c1-5-8-19-24-15(4)21-23(31)25-22(26-29(19)21)17-13-16(9-10-18(17)34-7-3)35(32,33)28-12-11-27(6-2)20(30)14-28/h5,9-10,13,20,30H,1,6-8,11-12,14H2,2-4H3,(H,25,26,31)",JVWJQMLZLFJCTL-UHFFFAOYSA-N,C=CCC1=NC(=C2N1NC(=NC2=O)C3=C(C=CC(=C3)S(=O)(=O)N4CC(N(CC4)CC)O)OCC)C,,,C23H30N6O5S,502.19983906,2.0853000000000015,1,0,0,BTM00118,BTM00118,Terminal desaturation,BTMR1190,"CYP1A2
CYP2A6
CYP2C9
CYP2D6
CYP3A4",HUMAN,BTM00010,CCCC1=NC(=C2N1NC(=NC2=O)C3=C(C=CC(=C3)S(=O)(=O)N4CC(N(CC4)CC)O)OCC)C,"InChI=1S/C23H32N6O5S/c1-5-8-19-24-15(4)21-23(31)25-22(26-29(19)21)17-13-16(9-10-18(17)34-7-3)35(32,33)28-12-11-27(6-2)20(30)14-28/h9-10,13,20,30H,5-8,11-12,14H2,1-4H3,(H,25,26,31)",XNNCJENEQNPUFR-UHFFFAOYSA-N,2.476000000000004,504.215489124
"InChI=1S/C23H32N6O6S/c1-4-27-9-11-28(12-10-27)36(33,34)16-6-7-19(35-5-2)17(14-16)21-25-23(32)20-15(3)24-22(29(20)26-21)18(31)8-13-30/h6-7,14,18,30-31H,4-5,8-13H2,1-3H3,(H,25,26,32)",MLIQLACENISSRA-UHFFFAOYSA-N,C(CC(C1=NC(=C2N1NC(=NC2=O)C3=C(C=CC(=C3)S(=O)(=O)N4CCN(CC4)CC)OCC)C)O)O,,,C23H32N6O6S,520.210403744,0.758100000000002,1,1,1,BTM00058,BTM00058,Hydroxylation of non-terminal aliphatic carbon adjacent to aromatic ring,BTMR1077,"CYP1A2
CYP2C8
CYP2C9
CYP2D6
CYP3A4",HUMAN,BTM00011,C(CCC1=NC(=C2N1NC(=NC2=O)C3=C(C=CC(=C3)S(=O)(=O)N4CCN(CC4)CC)OCC)C)O,"InChI=1S/C23H32N6O5S/c1-4-27-10-12-28(13-11-27)35(32,33)17-8-9-19(34-5-2)18(15-17)22-25-23(31)21-16(3)24-20(7-6-14-30)29(21)26-22/h8-9,15,30H,4-7,10-14H2,1-3H3,(H,25,26,31)",HMQOLMCEGCBGSH-UHFFFAOYSA-N,1.590000000000001,504.215489124
"InChI=1S/C21H28N6O5S/c1-3-25-8-10-26(11-9-25)33(31,32)15-6-7-17(29)16(13-15)20-23-21(30)19-14(2)22-18(5-4-12-28)27(19)24-20/h6-7,13,28-29H,3-5,8-12H2,1-2H3,(H,23,24,30)",ALVPLFPDJMIELQ-UHFFFAOYSA-N,C(CCC1=NC(=C2N1NC(=NC2=O)C3=C(C=CC(=C3)S(=O)(=O)N4CCN(CC4)CC)O)C)O,,,C21H28N6O5S,476.184188996,0.9901999999999997,0,1,1,BTM00069,BTM00069,O-Dealkylation,BTMR0052,"CYP1A2
CYP2A6
CYP2C9
CYP2C19
CYP2D6
CYP2E1
CYP3A4",HUMAN,BTM00011,C(CCC1=NC(=C2N1NC(=NC2=O)C3=C(C=CC(=C3)S(=O)(=O)N4CCN(CC4)CC)OCC)C)O,"InChI=1S/C23H32N6O5S/c1-4-27-10-12-28(13-11-27)35(32,33)17-8-9-19(34-5-2)18(15-17)22-25-23(31)21-16(3)24-20(7-6-14-30)29(21)26-22/h8-9,15,30H,4-7,10-14H2,1-3H3,(H,25,26,31)",HMQOLMCEGCBGSH-UHFFFAOYSA-N,1.590000000000001,504.215489124
"InChI=1S/C2H4O/c1-2-3/h2H,1H3",IKHGUXGNUITLKF-UHFFFAOYSA-N,C(C)=O,,,C2H4O,44.026214748,-0.1825,0,0,0,BTM00004,BTM00004,O-Dealkylation,BTMR0052,"CYP1A2
CYP2A6
CYP2C9
CYP2C19
CYP2D6
CYP2E1
CYP3A4",HUMAN,BTM00011,C(CCC1=NC(=C2N1NC(=NC2=O)C3=C(C=CC(=C3)S(=O)(=O)N4CCN(CC4)CC)OCC)C)O,"InChI=1S/C23H32N6O5S/c1-4-27-10-12-28(13-11-27)35(32,33)17-8-9-19(34-5-2)18(15-17)22-25-23(31)21-16(3)24-20(7-6-14-30)29(21)26-22/h8-9,15,30H,4-7,10-14H2,1-3H3,(H,25,26,31)",HMQOLMCEGCBGSH-UHFFFAOYSA-N,1.590000000000001,504.215489124
"InChI=1S/C23H32N6O6S/c1-3-27-9-11-28(12-10-27)36(33,34)16-7-8-19(35-4-2)17(14-16)22-25-23(32)21-18(15-31)24-20(6-5-13-30)29(21)26-22/h7-8,14,30-31H,3-6,9-13,15H2,1-2H3,(H,25,26,32)",NKIBWYRRVLXHOL-UHFFFAOYSA-N,C(CCC1=NC(=C2N1NC(=NC2=O)C3=C(C=CC(=C3)S(=O)(=O)N4CCN(CC4)CC)OCC)CO)O,,,C23H32N6O6S,520.210403744,1.1314000000000033,1,1,1,BTM00080,BTM00080,Aliphatic hydroxylation of methyl carbon adjacent to aromatic ring,BTMR1058,"CYP1A2
CYP2A6
CYP2B6
CYP2C8
CYP2C9
CYP2C19
CYP2D6
CYP2E1
CYP3A4",HUMAN,BTM00011,C(CCC1=NC(=C2N1NC(=NC2=O)C3=C(C=CC(=C3)S(=O)(=O)N4CCN(CC4)CC)OCC)C)O,"InChI=1S/C23H32N6O5S/c1-4-27-10-12-28(13-11-27)35(32,33)17-8-9-19(34-5-2)18(15-17)22-25-23(31)21-16(3)24-20(7-6-14-30)29(21)26-22/h8-9,15,30H,4-7,10-14H2,1-3H3,(H,25,26,31)",HMQOLMCEGCBGSH-UHFFFAOYSA-N,1.590000000000001,504.215489124
"InChI=1S/C23H32N6O6S/c1-4-29(32)12-10-27(11-13-29)36(33,34)17-8-9-19(35-5-2)18(15-17)22-25-23(31)21-16(3)24-20(7-6-14-30)28(21)26-22/h8-9,15,30H,4-7,10-14H2,1-3H3,(H,25,26,31)",ANTVKQQEVRKGCC-UHFFFAOYSA-N,C(CCC1=NC(=C2N1NC(=NC2=O)C3=C(C=CC(=C3)S(=O)(=O)N4CC[N+](CC4)(CC)[O-])OCC)C)O,,,C23H32N6O6S,520.210403744,1.1849000000000014,1,0,0,BTM00088,BTM00088,N-Oxidation of alicyclic tertiary amine,BTMR1099,"CYP1A2
CYP2C8
CYP2C19
CYP2D6
CYP3A4",HUMAN,BTM00011,C(CCC1=NC(=C2N1NC(=NC2=O)C3=C(C=CC(=C3)S(=O)(=O)N4CCN(CC4)CC)OCC)C)O,"InChI=1S/C23H32N6O5S/c1-4-27-10-12-28(13-11-27)35(32,33)17-8-9-19(34-5-2)18(15-17)22-25-23(31)21-16(3)24-20(7-6-14-30)29(21)26-22/h8-9,15,30H,4-7,10-14H2,1-3H3,(H,25,26,31)",HMQOLMCEGCBGSH-UHFFFAOYSA-N,1.590000000000001,504.215489124
"InChI=1S/C21H28N6O5S/c1-3-32-17-7-6-15(33(30,31)26-10-8-22-9-11-26)13-16(17)20-24-21(29)19-14(2)23-18(5-4-12-28)27(19)25-20/h6-7,13,22,28H,3-5,8-12H2,1-2H3,(H,24,25,29)",NBMUNSXUYVDNJB-UHFFFAOYSA-N,C(CCC1=NC(=C2N1NC(=NC2=O)C3=C(C=CC(=C3)S(=O)(=O)N4CCNCC4)OCC)C)O,,,C21H28N6O5S,476.184188996,0.7052999999999998,0,1,1,BTM00095,BTM00095,N-Dealkylation of alicyclic tertiary amine,BTMR1144,"CYP1A2
CYP2A6
CYP2B6
CYP2C8
CYP2C9
CYP2C19
CYP2D6
CYP3A4",HUMAN,BTM00011,C(CCC1=NC(=C2N1NC(=NC2=O)C3=C(C=CC(=C3)S(=O)(=O)N4CCN(CC4)CC)OCC)C)O,"InChI=1S/C23H32N6O5S/c1-4-27-10-12-28(13-11-27)35(32,33)17-8-9-19(34-5-2)18(15-17)22-25-23(31)21-16(3)24-20(7-6-14-30)29(21)26-22/h8-9,15,30H,4-7,10-14H2,1-3H3,(H,25,26,31)",HMQOLMCEGCBGSH-UHFFFAOYSA-N,1.590000000000001,504.215489124
"InChI=1S/C2H4O/c1-2-3/h2H,1H3",IKHGUXGNUITLKF-UHFFFAOYSA-N,C(C)=O,,,C2H4O,44.026214748,-0.1825,0,0,0,BTM00004,BTM00004,N-Dealkylation of alicyclic tertiary amine,BTMR1144,"CYP1A2
CYP2A6
CYP2B6
CYP2C8
CYP2C9
CYP2C19
CYP2D6
CYP3A4",HUMAN,BTM00011,C(CCC1=NC(=C2N1NC(=NC2=O)C3=C(C=CC(=C3)S(=O)(=O)N4CCN(CC4)CC)OCC)C)O,"InChI=1S/C23H32N6O5S/c1-4-27-10-12-28(13-11-27)35(32,33)17-8-9-19(34-5-2)18(15-17)22-25-23(31)21-16(3)24-20(7-6-14-30)29(21)26-22/h8-9,15,30H,4-7,10-14H2,1-3H3,(H,25,26,31)",HMQOLMCEGCBGSH-UHFFFAOYSA-N,1.590000000000001,504.215489124
"InChI=1S/C23H32N6O6S/c1-4-27-10-11-28(20(31)14-27)36(33,34)16-8-9-18(35-5-2)17(13-16)22-25-23(32)21-15(3)24-19(7-6-12-30)29(21)26-22/h8-9,13,20,30-31H,4-7,10-12,14H2,1-3H3,(H,25,26,32)",YBPDVYKNAIDIMU-UHFFFAOYSA-N,C(CCC1=NC(=C2N1NC(=NC2=O)C3=C(C=CC(=C3)S(=O)(=O)N4C(CN(CC4)CC)O)OCC)C)O,,,C23H32N6O6S,520.210403744,1.2503000000000006,1,1,1,BTM00109,BTM00109,Hydroxylation of heteroalicyclic secondary carbon,BTMR1070,"CYP1A2
CYP2A6
CYP2C9
CYP2D6
CYP3A4",HUMAN,BTM00011,C(CCC1=NC(=C2N1NC(=NC2=O)C3=C(C=CC(=C3)S(=O)(=O)N4CCN(CC4)CC)OCC)C)O,"InChI=1S/C23H32N6O5S/c1-4-27-10-12-28(13-11-27)35(32,33)17-8-9-19(34-5-2)18(15-17)22-25-23(31)21-16(3)24-20(7-6-14-30)29(21)26-22/h8-9,15,30H,4-7,10-14H2,1-3H3,(H,25,26,31)",HMQOLMCEGCBGSH-UHFFFAOYSA-N,1.590000000000001,504.215489124
"InChI=1S/C23H32N6O6S/c1-4-27-10-11-28(14-20(27)31)36(33,34)16-8-9-18(35-5-2)17(13-16)22-25-23(32)21-15(3)24-19(7-6-12-30)29(21)26-22/h8-9,13,20,30-31H,4-7,10-12,14H2,1-3H3,(H,25,26,32)",PNMOMSORVZLTAG-UHFFFAOYSA-N,C(CCC1=NC(=C2N1NC(=NC2=O)C3=C(C=CC(=C3)S(=O)(=O)N4CC(N(CC4)CC)O)OCC)C)O,,,C23H32N6O6S,520.210403744,1.2503000000000006,1,1,1,BTM00115,BTM00115,Hydroxylation of heteroalicyclic secondary carbon,BTMR1070,"CYP1A2
CYP2A6
CYP2C9
CYP2D6
CYP3A4",HUMAN,BTM00011,C(CCC1=NC(=C2N1NC(=NC2=O)C3=C(C=CC(=C3)S(=O)(=O)N4CCN(CC4)CC)OCC)C)O,"InChI=1S/C23H32N6O5S/c1-4-27-10-12-28(13-11-27)35(32,33)17-8-9-19(34-5-2)18(15-17)22-25-23(31)21-16(3)24-20(7-6-14-30)29(21)26-22/h8-9,15,30H,4-7,10-14H2,1-3H3,(H,25,26,31)",HMQOLMCEGCBGSH-UHFFFAOYSA-N,1.590000000000001,504.215489124
"InChI=1S/C23H32N6O6S/c1-3-27-8-10-28(11-9-27)36(33,34)17-6-7-19(35-14-13-31)18(15-17)22-25-23(32)21-16(2)24-20(5-4-12-30)29(21)26-22/h6-7,15,30-31H,3-5,8-14H2,1-2H3,(H,25,26,32)",NRCOOOCCARTKGA-UHFFFAOYSA-N,C(CCC1=NC(=C2N1NC(=NC2=O)C3=C(C=CC(=C3)S(=O)(=O)N4CCN(CC4)CC)OCCO)C)O,,,C23H32N6O6S,520.210403744,0.7018000000000026,1,1,1,BTM00119,BTM00119,Hydroxylation of terminal methyl,BTMR1061,"CYP1A2
CYP2A6
CYP2B6
CYP2C8
CYP2C9
CYP2C19
CYP2D6
CYP2E1
CYP3A4",HUMAN,BTM00011,C(CCC1=NC(=C2N1NC(=NC2=O)C3=C(C=CC(=C3)S(=O)(=O)N4CCN(CC4)CC)OCC)C)O,"InChI=1S/C23H32N6O5S/c1-4-27-10-12-28(13-11-27)35(32,33)17-8-9-19(34-5-2)18(15-17)22-25-23(31)21-16(3)24-20(7-6-14-30)29(21)26-22/h8-9,15,30H,4-7,10-14H2,1-3H3,(H,25,26,31)",HMQOLMCEGCBGSH-UHFFFAOYSA-N,1.590000000000001,504.215489124
"InChI=1S/C23H32N6O6S/c1-3-35-19-7-6-17(36(33,34)28-10-8-27(9-11-28)12-14-31)15-18(19)22-25-23(32)21-16(2)24-20(5-4-13-30)29(21)26-22/h6-7,15,30-31H,3-5,8-14H2,1-2H3,(H,25,26,32)",VWJWPMJFZBLLSQ-UHFFFAOYSA-N,C(CCC1=NC(=C2N1NC(=NC2=O)C3=C(C=CC(=C3)S(=O)(=O)N4CCN(CC4)CCO)OCC)C)O,,,C23H32N6O6S,520.210403744,0.7018000000000026,1,1,1,BTM00120,BTM00120,Hydroxylation of terminal methyl,BTMR1061,"CYP1A2
CYP2A6
CYP2B6
CYP2C8
CYP2C9
CYP2C19
CYP2D6
CYP2E1
CYP3A4",HUMAN,BTM00011,C(CCC1=NC(=C2N1NC(=NC2=O)C3=C(C=CC(=C3)S(=O)(=O)N4CCN(CC4)CC)OCC)C)O,"InChI=1S/C23H32N6O5S/c1-4-27-10-12-28(13-11-27)35(32,33)17-8-9-19(34-5-2)18(15-17)22-25-23(31)21-16(3)24-20(7-6-14-30)29(21)26-22/h8-9,15,30H,4-7,10-14H2,1-3H3,(H,25,26,31)",HMQOLMCEGCBGSH-UHFFFAOYSA-N,1.590000000000001,504.215489124
"InChI=1S/C23H32N6O6S/c1-4-27-10-11-28(14-20(27)31)36(33,34)16-8-9-18(35-5-2)17(13-16)22-25-23(32)21-15(3)24-19(7-6-12-30)29(21)26-22/h8-9,13,20,30-31H,4-7,10-12,14H2,1-3H3,(H,25,26,32)",PNMOMSORVZLTAG-UHFFFAOYSA-N,C(CCC1=NC(=C2N1NC(=NC2=O)C3=C(C=CC(=C3)S(=O)(=O)N4CC(N(CC4)CC)O)OCC)C)O,,,C23H32N6O6S,520.210403744,1.2503000000000006,1,1,1,BTM00115,BTM00115,Aliphatic hydroxylation of carbon alpha to secondary or tertiary alkyl-N,BTMR1081,"CYP2B6
CYP2C19
CYP2D6",HUMAN,BTM00011,C(CCC1=NC(=C2N1NC(=NC2=O)C3=C(C=CC(=C3)S(=O)(=O)N4CCN(CC4)CC)OCC)C)O,"InChI=1S/C23H32N6O5S/c1-4-27-10-12-28(13-11-27)35(32,33)17-8-9-19(34-5-2)18(15-17)22-25-23(31)21-16(3)24-20(7-6-14-30)29(21)26-22/h8-9,15,30H,4-7,10-14H2,1-3H3,(H,25,26,31)",HMQOLMCEGCBGSH-UHFFFAOYSA-N,1.590000000000001,504.215489124
"InChI=1S/C23H32N6O6S/c1-4-35-19-8-7-17(36(33,34)28-11-9-27(10-12-28)16(3)31)14-18(19)22-25-23(32)21-15(2)24-20(6-5-13-30)29(21)26-22/h7-8,14,16,30-31H,4-6,9-13H2,1-3H3,(H,25,26,32)",RMVGSROAFYXEHG-UHFFFAOYSA-N,C(CCC1=NC(=C2N1NC(=NC2=O)C3=C(C=CC(=C3)S(=O)(=O)N4CCN(CC4)C(C)O)OCC)C)O,,,C23H32N6O6S,520.210403744,0.8621000000000008,1,1,1,BTM00121,BTM00121,Aliphatic hydroxylation of carbon alpha to secondary or tertiary alkyl-N,BTMR1081,"CYP2B6
CYP2C19
CYP2D6",HUMAN,BTM00011,C(CCC1=NC(=C2N1NC(=NC2=O)C3=C(C=CC(=C3)S(=O)(=O)N4CCN(CC4)CC)OCC)C)O,"InChI=1S/C23H32N6O5S/c1-4-27-10-12-28(13-11-27)35(32,33)17-8-9-19(34-5-2)18(15-17)22-25-23(31)21-16(3)24-20(7-6-14-30)29(21)26-22/h8-9,15,30H,4-7,10-14H2,1-3H3,(H,25,26,31)",HMQOLMCEGCBGSH-UHFFFAOYSA-N,1.590000000000001,504.215489124
"InChI=1S/C23H32N6O6S/c1-4-18(31)22-24-15(3)20-23(32)25-21(26-29(20)22)17-14-16(6-7-19(17)35-13-12-30)36(33,34)28-10-8-27(5-2)9-11-28/h6-7,14,18,30-31H,4-5,8-13H2,1-3H3,(H,25,26,32)",PUNYYDVWVZUGEI-UHFFFAOYSA-N,CCC(C1=NC(=C2N1NC(=NC2=O)C3=C(C=CC(=C3)S(=O)(=O)N4CCN(CC4)CC)OCCO)C)O,,,C23H32N6O6S,520.210403744,1.2194000000000034,1,1,1,BTM00059,BTM00059,Hydroxylation of antepenultimate aliphatic secondary carbon,BTMR1072,"CYP1A2
CYP2E1",HUMAN,BTM00012,CCCC1=NC(=C2N1NC(=NC2=O)C3=C(C=CC(=C3)S(=O)(=O)N4CCN(CC4)CC)OCCO)C,"InChI=1S/C23H32N6O5S/c1-4-6-20-24-16(3)21-23(31)25-22(26-29(20)21)18-15-17(7-8-19(18)34-14-13-30)35(32,33)28-11-9-27(5-2)10-12-28/h7-8,15,30H,4-6,9-14H2,1-3H3,(H,25,26,31)",XDQKKGPAFRTIIH-UHFFFAOYSA-N,1.9275000000000024,504.215489124
"InChI=1S/C21H28N6O4S/c1-4-6-18-22-14(3)19-21(29)23-20(24-27(18)19)16-13-15(7-8-17(16)28)32(30,31)26-11-9-25(5-2)10-12-26/h7-8,13,28H,4-6,9-12H2,1-3H3,(H,23,24,29)",VQNICHZYLGDJOY-UHFFFAOYSA-N,CCCC1=NC(=C2N1NC(=NC2=O)C3=C(C=CC(=C3)S(=O)(=O)N4CCN(CC4)CC)O)C,,,C21H28N6O4S,460.189274376,2.2159000000000018,0,0,0,BTM00003,BTM00003,O-Dealkylation,BTMR0052,"CYP1A2
CYP2A6
CYP2C9
CYP2C19
CYP2D6
CYP2E1
CYP3A4",HUMAN,BTM00012,CCCC1=NC(=C2N1NC(=NC2=O)C3=C(C=CC(=C3)S(=O)(=O)N4CCN(CC4)CC)OCCO)C,"InChI=1S/C23H32N6O5S/c1-4-6-20-24-16(3)21-23(31)25-22(26-29(20)21)18-15-17(7-8-19(18)34-14-13-30)35(32,33)28-11-9-27(5-2)10-12-28/h7-8,15,30H,4-6,9-14H2,1-3H3,(H,25,26,31)",XDQKKGPAFRTIIH-UHFFFAOYSA-N,1.9275000000000024,504.215489124
"InChI=1S/C2H4O2/c3-1-2-4/h1,4H,2H2",WGCNASOHLSPBMP-UHFFFAOYSA-N,C(CO)=O,,,C2H4O2,60.021129368,-0.6410999999999999,0,0,0,BTM00122,BTM00122,O-Dealkylation,BTMR0052,"CYP1A2
CYP2A6
CYP2C9
CYP2C19
CYP2D6
CYP2E1
CYP3A4",HUMAN,BTM00012,CCCC1=NC(=C2N1NC(=NC2=O)C3=C(C=CC(=C3)S(=O)(=O)N4CCN(CC4)CC)OCCO)C,"InChI=1S/C23H32N6O5S/c1-4-6-20-24-16(3)21-23(31)25-22(26-29(20)21)18-15-17(7-8-19(18)34-14-13-30)35(32,33)28-11-9-27(5-2)10-12-28/h7-8,15,30H,4-6,9-14H2,1-3H3,(H,25,26,31)",XDQKKGPAFRTIIH-UHFFFAOYSA-N,1.9275000000000024,504.215489124
"InChI=1S/C23H32N6O6S/c1-3-5-20-24-18(15-31)21-23(32)25-22(26-29(20)21)17-14-16(6-7-19(17)35-13-12-30)36(33,34)28-10-8-27(4-2)9-11-28/h6-7,14,30-31H,3-5,8-13,15H2,1-2H3,(H,25,26,32)",QQMUAMVHJGEEQM-UHFFFAOYSA-N,CCCC1=NC(=C2N1NC(=NC2=O)C3=C(C=CC(=C3)S(=O)(=O)N4CCN(CC4)CC)OCCO)CO,,,C23H32N6O6S,520.210403744,1.4689000000000034,1,1,1,BTM00081,BTM00081,Aliphatic hydroxylation of methyl carbon adjacent to aromatic ring,BTMR1058,"CYP1A2
CYP2A6
CYP2B6
CYP2C8
CYP2C9
CYP2C19
CYP2D6
CYP2E1
CYP3A4",HUMAN,BTM00012,CCCC1=NC(=C2N1NC(=NC2=O)C3=C(C=CC(=C3)S(=O)(=O)N4CCN(CC4)CC)OCCO)C,"InChI=1S/C23H32N6O5S/c1-4-6-20-24-16(3)21-23(31)25-22(26-29(20)21)18-15-17(7-8-19(18)34-14-13-30)35(32,33)28-11-9-27(5-2)10-12-28/h7-8,15,30H,4-6,9-14H2,1-3H3,(H,25,26,31)",XDQKKGPAFRTIIH-UHFFFAOYSA-N,1.9275000000000024,504.215489124
"InChI=1S/C23H32N6O6S/c1-4-6-20-24-16(3)21-23(31)25-22(26-28(20)21)18-15-17(7-8-19(18)35-14-13-30)36(33,34)27-9-11-29(32,5-2)12-10-27/h7-8,15,30H,4-6,9-14H2,1-3H3,(H,25,26,31)",RKKQJFWZPSFEIW-UHFFFAOYSA-N,CCCC1=NC(=C2N1NC(=NC2=O)C3=C(C=CC(=C3)S(=O)(=O)N4CC[N+](CC4)(CC)[O-])OCCO)C,,,C23H32N6O6S,520.210403744,1.5224000000000026,1,0,0,BTM00089,BTM00089,N-Oxidation of alicyclic tertiary amine,BTMR1099,"CYP1A2
CYP2C8
CYP2C19
CYP2D6
CYP3A4",HUMAN,BTM00012,CCCC1=NC(=C2N1NC(=NC2=O)C3=C(C=CC(=C3)S(=O)(=O)N4CCN(CC4)CC)OCCO)C,"InChI=1S/C23H32N6O5S/c1-4-6-20-24-16(3)21-23(31)25-22(26-29(20)21)18-15-17(7-8-19(18)34-14-13-30)35(32,33)28-11-9-27(5-2)10-12-28/h7-8,15,30H,4-6,9-14H2,1-3H3,(H,25,26,31)",XDQKKGPAFRTIIH-UHFFFAOYSA-N,1.9275000000000024,504.215489124
"InChI=1S/C21H28N6O5S/c1-3-4-18-23-14(2)19-21(29)24-20(25-27(18)19)16-13-15(5-6-17(16)32-12-11-28)33(30,31)26-9-7-22-8-10-26/h5-6,13,22,28H,3-4,7-12H2,1-2H3,(H,24,25,29)",VOMSSBZFQMMNDQ-UHFFFAOYSA-N,CCCC1=NC(=C2N1NC(=NC2=O)C3=C(C=CC(=C3)S(=O)(=O)N4CCNCC4)OCCO)C,,,C21H28N6O5S,476.18418899600005,1.0427999999999993,0,1,1,BTM00096,BTM00096,N-Dealkylation of alicyclic tertiary amine,BTMR1144,"CYP1A2
CYP2A6
CYP2B6
CYP2C8
CYP2C9
CYP2C19
CYP2D6
CYP3A4",HUMAN,BTM00012,CCCC1=NC(=C2N1NC(=NC2=O)C3=C(C=CC(=C3)S(=O)(=O)N4CCN(CC4)CC)OCCO)C,"InChI=1S/C23H32N6O5S/c1-4-6-20-24-16(3)21-23(31)25-22(26-29(20)21)18-15-17(7-8-19(18)34-14-13-30)35(32,33)28-11-9-27(5-2)10-12-28/h7-8,15,30H,4-6,9-14H2,1-3H3,(H,25,26,31)",XDQKKGPAFRTIIH-UHFFFAOYSA-N,1.9275000000000024,504.215489124
"InChI=1S/C2H4O/c1-2-3/h2H,1H3",IKHGUXGNUITLKF-UHFFFAOYSA-N,C(C)=O,,,C2H4O,44.026214748,-0.1825,0,0,0,BTM00004,BTM00004,N-Dealkylation of alicyclic tertiary amine,BTMR1144,"CYP1A2
CYP2A6
CYP2B6
CYP2C8
CYP2C9
CYP2C19
CYP2D6
CYP3A4",HUMAN,BTM00012,CCCC1=NC(=C2N1NC(=NC2=O)C3=C(C=CC(=C3)S(=O)(=O)N4CCN(CC4)CC)OCCO)C,"InChI=1S/C23H32N6O5S/c1-4-6-20-24-16(3)21-23(31)25-22(26-29(20)21)18-15-17(7-8-19(18)34-14-13-30)35(32,33)28-11-9-27(5-2)10-12-28/h7-8,15,30H,4-6,9-14H2,1-3H3,(H,25,26,31)",XDQKKGPAFRTIIH-UHFFFAOYSA-N,1.9275000000000024,504.215489124
"InChI=1S/C23H32N6O6S/c1-4-27-7-9-28(10-8-27)36(33,34)17-5-6-19(35-12-11-30)18(14-17)22-25-23(32)21-16(3)24-20(13-15(2)31)29(21)26-22/h5-6,14-15,30-31H,4,7-13H2,1-3H3,(H,25,26,32)",QOFBCRMCVCONOG-UHFFFAOYSA-N,CC(CC1=NC(=C2N1NC(=NC2=O)C3=C(C=CC(=C3)S(=O)(=O)N4CCN(CC4)CC)OCCO)C)O,,,C23H32N6O6S,520.210403744,0.951300000000002,1,1,1,BTM00102,BTM00102,Hydroxylation of penultimate aliphatic secondary carbon,BTMR1074,"CYP1A2
CYP2A6
CYP2B6
CYP2C8
CYP2C9
CYP2C19
CYP2D6
CYP2E1
CYP3A4",HUMAN,BTM00012,CCCC1=NC(=C2N1NC(=NC2=O)C3=C(C=CC(=C3)S(=O)(=O)N4CCN(CC4)CC)OCCO)C,"InChI=1S/C23H32N6O5S/c1-4-6-20-24-16(3)21-23(31)25-22(26-29(20)21)18-15-17(7-8-19(18)34-14-13-30)35(32,33)28-11-9-27(5-2)10-12-28/h7-8,15,30H,4-6,9-14H2,1-3H3,(H,25,26,31)",XDQKKGPAFRTIIH-UHFFFAOYSA-N,1.9275000000000024,504.215489124
"InChI=1S/C23H32N6O6S/c1-4-6-19-24-15(3)21-23(32)25-22(26-29(19)21)17-13-16(7-8-18(17)35-12-11-30)36(33,34)28-10-9-27(5-2)14-20(28)31/h7-8,13,20,30-31H,4-6,9-12,14H2,1-3H3,(H,25,26,32)",DSNMVCYIETZYKV-UHFFFAOYSA-N,CCCC1=NC(=C2N1NC(=NC2=O)C3=C(C=CC(=C3)S(=O)(=O)N4C(CN(CC4)CC)O)OCCO)C,,,C23H32N6O6S,520.210403744,1.5878000000000008,1,1,1,BTM00110,BTM00110,Hydroxylation of heteroalicyclic secondary carbon,BTMR1070,"CYP1A2
CYP2A6
CYP2C9
CYP2D6
CYP3A4",HUMAN,BTM00012,CCCC1=NC(=C2N1NC(=NC2=O)C3=C(C=CC(=C3)S(=O)(=O)N4CCN(CC4)CC)OCCO)C,"InChI=1S/C23H32N6O5S/c1-4-6-20-24-16(3)21-23(31)25-22(26-29(20)21)18-15-17(7-8-19(18)34-14-13-30)35(32,33)28-11-9-27(5-2)10-12-28/h7-8,15,30H,4-6,9-14H2,1-3H3,(H,25,26,31)",XDQKKGPAFRTIIH-UHFFFAOYSA-N,1.9275000000000024,504.215489124
"InChI=1S/C23H32N6O6S/c1-4-6-19-24-15(3)21-23(32)25-22(26-29(19)21)17-13-16(7-8-18(17)35-12-11-30)36(33,34)28-10-9-27(5-2)20(31)14-28/h7-8,13,20,30-31H,4-6,9-12,14H2,1-3H3,(H,25,26,32)",JDAXHJFOWLSZFE-UHFFFAOYSA-N,CCCC1=NC(=C2N1NC(=NC2=O)C3=C(C=CC(=C3)S(=O)(=O)N4CC(N(CC4)CC)O)OCCO)C,,,C23H32N6O6S,520.210403744,1.5878000000000008,1,1,1,BTM00116,BTM00116,Hydroxylation of heteroalicyclic secondary carbon,BTMR1070,"CYP1A2
CYP2A6
CYP2C9
CYP2D6
CYP3A4",HUMAN,BTM00012,CCCC1=NC(=C2N1NC(=NC2=O)C3=C(C=CC(=C3)S(=O)(=O)N4CCN(CC4)CC)OCCO)C,"InChI=1S/C23H32N6O5S/c1-4-6-20-24-16(3)21-23(31)25-22(26-29(20)21)18-15-17(7-8-19(18)34-14-13-30)35(32,33)28-11-9-27(5-2)10-12-28/h7-8,15,30H,4-6,9-14H2,1-3H3,(H,25,26,31)",XDQKKGPAFRTIIH-UHFFFAOYSA-N,1.9275000000000024,504.215489124
"InChI=1S/C23H30N6O5S/c1-4-6-20-24-16(3)21-23(31)25-22(26-29(20)21)18-15-17(7-8-19(18)34-14-13-30)35(32,33)28-11-9-27(5-2)10-12-28/h7-8,13,15H,4-6,9-12,14H2,1-3H3,(H,25,26,31)",CSPAOMSQBFXGJY-UHFFFAOYSA-N,CCCC1=NC(=C2N1NC(=NC2=O)C3=C(C=CC(=C3)S(=O)(=O)N4CCN(CC4)CC)OCC=O)C,,,C23H30N6O5S,502.19983905999993,2.1838,1,0,0,BTM00123,BTM00123,Oxidation of primary alcohol to aldehyde,BTMR0105,"CYP1A2
CYP2E1
CYP3A4",HUMAN,BTM00012,CCCC1=NC(=C2N1NC(=NC2=O)C3=C(C=CC(=C3)S(=O)(=O)N4CCN(CC4)CC)OCCO)C,"InChI=1S/C23H32N6O5S/c1-4-6-20-24-16(3)21-23(31)25-22(26-29(20)21)18-15-17(7-8-19(18)34-14-13-30)35(32,33)28-11-9-27(5-2)10-12-28/h7-8,15,30H,4-6,9-14H2,1-3H3,(H,25,26,31)",XDQKKGPAFRTIIH-UHFFFAOYSA-N,1.9275000000000024,504.215489124
"InChI=1S/C23H32N6O6S/c1-3-27-8-10-28(11-9-27)36(33,34)17-6-7-19(35-14-13-31)18(15-17)22-25-23(32)21-16(2)24-20(5-4-12-30)29(21)26-22/h6-7,15,30-31H,3-5,8-14H2,1-2H3,(H,25,26,32)",NRCOOOCCARTKGA-UHFFFAOYSA-N,C(CCC1=NC(=C2N1NC(=NC2=O)C3=C(C=CC(=C3)S(=O)(=O)N4CCN(CC4)CC)OCCO)C)O,,,C23H32N6O6S,520.210403744,0.7018000000000026,1,1,1,BTM00119,BTM00119,Hydroxylation of terminal methyl,BTMR1061,"CYP1A2
CYP2A6
CYP2B6
CYP2C8
CYP2C9
CYP2C19
CYP2D6
CYP2E1
CYP3A4",HUMAN,BTM00012,CCCC1=NC(=C2N1NC(=NC2=O)C3=C(C=CC(=C3)S(=O)(=O)N4CCN(CC4)CC)OCCO)C,"InChI=1S/C23H32N6O5S/c1-4-6-20-24-16(3)21-23(31)25-22(26-29(20)21)18-15-17(7-8-19(18)34-14-13-30)35(32,33)28-11-9-27(5-2)10-12-28/h7-8,15,30H,4-6,9-14H2,1-3H3,(H,25,26,31)",XDQKKGPAFRTIIH-UHFFFAOYSA-N,1.9275000000000024,504.215489124
"InChI=1S/C23H32N6O6S/c1-3-4-20-24-16(2)21-23(32)25-22(26-29(20)21)18-15-17(5-6-19(18)35-14-13-31)36(33,34)28-9-7-27(8-10-28)11-12-30/h5-6,15,30-31H,3-4,7-14H2,1-2H3,(H,25,26,32)",KEJNCOYQNAEVDC-UHFFFAOYSA-N,CCCC1=NC(=C2N1NC(=NC2=O)C3=C(C=CC(=C3)S(=O)(=O)N4CCN(CC4)CCO)OCCO)C,,,C23H32N6O6S,520.210403744,1.0393000000000039,1,1,1,BTM00124,BTM00124,Hydroxylation of terminal methyl,BTMR1061,"CYP1A2
CYP2A6
CYP2B6
CYP2C8
CYP2C9
CYP2C19
CYP2D6
CYP2E1
CYP3A4",HUMAN,BTM00012,CCCC1=NC(=C2N1NC(=NC2=O)C3=C(C=CC(=C3)S(=O)(=O)N4CCN(CC4)CC)OCCO)C,"InChI=1S/C23H32N6O5S/c1-4-6-20-24-16(3)21-23(31)25-22(26-29(20)21)18-15-17(7-8-19(18)34-14-13-30)35(32,33)28-11-9-27(5-2)10-12-28/h7-8,15,30H,4-6,9-14H2,1-3H3,(H,25,26,31)",XDQKKGPAFRTIIH-UHFFFAOYSA-N,1.9275000000000024,504.215489124
"InChI=1S/C23H30N6O5S/c1-4-6-20-24-16(3)21-23(31)25-22(26-29(20)21)18-15-17(7-8-19(18)34-14-13-30)35(32,33)28-11-9-27(5-2)10-12-28/h4,7-8,15,30H,1,5-6,9-14H2,2-3H3,(H,25,26,31)",QAZZLKOAIGGJGW-UHFFFAOYSA-N,C=CCC1=NC(=C2N1NC(=NC2=O)C3=C(C=CC(=C3)S(=O)(=O)N4CCN(CC4)CC)OCCO)C,,,C23H30N6O5S,502.19983906,1.5368000000000015,1,0,0,BTM00125,BTM00125,Terminal desaturation,BTMR1190,"CYP1A2
CYP2A6
CYP2C9
CYP2D6
CYP3A4",HUMAN,BTM00012,CCCC1=NC(=C2N1NC(=NC2=O)C3=C(C=CC(=C3)S(=O)(=O)N4CCN(CC4)CC)OCCO)C,"InChI=1S/C23H32N6O5S/c1-4-6-20-24-16(3)21-23(31)25-22(26-29(20)21)18-15-17(7-8-19(18)34-14-13-30)35(32,33)28-11-9-27(5-2)10-12-28/h7-8,15,30H,4-6,9-14H2,1-3H3,(H,25,26,31)",XDQKKGPAFRTIIH-UHFFFAOYSA-N,1.9275000000000024,504.215489124
"InChI=1S/C23H32N6O6S/c1-4-6-19-24-15(3)21-23(32)25-22(26-29(19)21)17-13-16(7-8-18(17)35-12-11-30)36(33,34)28-10-9-27(5-2)20(31)14-28/h7-8,13,20,30-31H,4-6,9-12,14H2,1-3H3,(H,25,26,32)",JDAXHJFOWLSZFE-UHFFFAOYSA-N,CCCC1=NC(=C2N1NC(=NC2=O)C3=C(C=CC(=C3)S(=O)(=O)N4CC(N(CC4)CC)O)OCCO)C,,,C23H32N6O6S,520.210403744,1.5878000000000008,1,1,1,BTM00116,BTM00116,Aliphatic hydroxylation of carbon alpha to secondary or tertiary alkyl-N,BTMR1081,"CYP2B6
CYP2C19
CYP2D6",HUMAN,BTM00012,CCCC1=NC(=C2N1NC(=NC2=O)C3=C(C=CC(=C3)S(=O)(=O)N4CCN(CC4)CC)OCCO)C,"InChI=1S/C23H32N6O5S/c1-4-6-20-24-16(3)21-23(31)25-22(26-29(20)21)18-15-17(7-8-19(18)34-14-13-30)35(32,33)28-11-9-27(5-2)10-12-28/h7-8,15,30H,4-6,9-14H2,1-3H3,(H,25,26,31)",XDQKKGPAFRTIIH-UHFFFAOYSA-N,1.9275000000000024,504.215489124
"InChI=1S/C23H32N6O6S/c1-4-5-20-24-15(2)21-23(32)25-22(26-29(20)21)18-14-17(6-7-19(18)35-13-12-30)36(33,34)28-10-8-27(9-11-28)16(3)31/h6-7,14,16,30-31H,4-5,8-13H2,1-3H3,(H,25,26,32)",OBWDPKLJORVUEP-UHFFFAOYSA-N,CCCC1=NC(=C2N1NC(=NC2=O)C3=C(C=CC(=C3)S(=O)(=O)N4CCN(CC4)C(C)O)OCCO)C,,,C23H32N6O6S,520.210403744,1.1996000000000016,1,1,1,BTM00126,BTM00126,Aliphatic hydroxylation of carbon alpha to secondary or tertiary alkyl-N,BTMR1081,"CYP2B6
CYP2C19
CYP2D6",HUMAN,BTM00012,CCCC1=NC(=C2N1NC(=NC2=O)C3=C(C=CC(=C3)S(=O)(=O)N4CCN(CC4)CC)OCCO)C,"InChI=1S/C23H32N6O5S/c1-4-6-20-24-16(3)21-23(31)25-22(26-29(20)21)18-15-17(7-8-19(18)34-14-13-30)35(32,33)28-11-9-27(5-2)10-12-28/h7-8,15,30H,4-6,9-14H2,1-3H3,(H,25,26,31)",XDQKKGPAFRTIIH-UHFFFAOYSA-N,1.9275000000000024,504.215489124
"InChI=1S/C23H32N6O6S/c1-4-18(31)22-24-15(3)20-23(32)25-21(26-29(20)22)17-14-16(6-7-19(17)35-5-2)36(33,34)28-10-8-27(9-11-28)12-13-30/h6-7,14,18,30-31H,4-5,8-13H2,1-3H3,(H,25,26,32)",YSOJGBVIGDZXAJ-UHFFFAOYSA-N,CCC(C1=NC(=C2N1NC(=NC2=O)C3=C(C=CC(=C3)S(=O)(=O)N4CCN(CC4)CCO)OCC)C)O,,,C23H32N6O6S,520.210403744,1.2194000000000034,1,1,1,BTM00060,BTM00060,Hydroxylation of antepenultimate aliphatic secondary carbon,BTMR1072,"CYP1A2
CYP2E1",HUMAN,BTM00013,CCCC1=NC(=C2N1NC(=NC2=O)C3=C(C=CC(=C3)S(=O)(=O)N4CCN(CC4)CCO)OCC)C,"InChI=1S/C23H32N6O5S/c1-4-6-20-24-16(3)21-23(31)25-22(26-29(20)21)18-15-17(7-8-19(18)34-5-2)35(32,33)28-11-9-27(10-12-28)13-14-30/h7-8,15,30H,4-6,9-14H2,1-3H3,(H,25,26,31)",KZFHUILKKFVOMB-UHFFFAOYSA-N,1.9275000000000024,504.215489124
"InChI=1S/C21H28N6O5S/c1-3-4-18-22-14(2)19-21(30)23-20(24-27(18)19)16-13-15(5-6-17(16)29)33(31,32)26-9-7-25(8-10-26)11-12-28/h5-6,13,28-29H,3-4,7-12H2,1-2H3,(H,23,24,30)",KJBOPRHATAJJFB-UHFFFAOYSA-N,CCCC1=NC(=C2N1NC(=NC2=O)C3=C(C=CC(=C3)S(=O)(=O)N4CCN(CC4)CCO)O)C,,,C21H28N6O5S,476.184188996,1.3276999999999994,0,1,1,BTM00070,BTM00070,O-Dealkylation,BTMR0052,"CYP1A2
CYP2A6
CYP2C9
CYP2C19
CYP2D6
CYP2E1
CYP3A4",HUMAN,BTM00013,CCCC1=NC(=C2N1NC(=NC2=O)C3=C(C=CC(=C3)S(=O)(=O)N4CCN(CC4)CCO)OCC)C,"InChI=1S/C23H32N6O5S/c1-4-6-20-24-16(3)21-23(31)25-22(26-29(20)21)18-15-17(7-8-19(18)34-5-2)35(32,33)28-11-9-27(10-12-28)13-14-30/h7-8,15,30H,4-6,9-14H2,1-3H3,(H,25,26,31)",KZFHUILKKFVOMB-UHFFFAOYSA-N,1.9275000000000024,504.215489124
"InChI=1S/C2H4O/c1-2-3/h2H,1H3",IKHGUXGNUITLKF-UHFFFAOYSA-N,C(C)=O,,,C2H4O,44.026214748,-0.1825,0,0,0,BTM00004,BTM00004,O-Dealkylation,BTMR0052,"CYP1A2
CYP2A6
CYP2C9
CYP2C19
CYP2D6
CYP2E1
CYP3A4",HUMAN,BTM00013,CCCC1=NC(=C2N1NC(=NC2=O)C3=C(C=CC(=C3)S(=O)(=O)N4CCN(CC4)CCO)OCC)C,"InChI=1S/C23H32N6O5S/c1-4-6-20-24-16(3)21-23(31)25-22(26-29(20)21)18-15-17(7-8-19(18)34-5-2)35(32,33)28-11-9-27(10-12-28)13-14-30/h7-8,15,30H,4-6,9-14H2,1-3H3,(H,25,26,31)",KZFHUILKKFVOMB-UHFFFAOYSA-N,1.9275000000000024,504.215489124
"InChI=1S/C23H32N6O6S/c1-3-5-20-24-18(15-31)21-23(32)25-22(26-29(20)21)17-14-16(6-7-19(17)35-4-2)36(33,34)28-10-8-27(9-11-28)12-13-30/h6-7,14,30-31H,3-5,8-13,15H2,1-2H3,(H,25,26,32)",KWMWARCVEVVHNM-UHFFFAOYSA-N,CCCC1=NC(=C2N1NC(=NC2=O)C3=C(C=CC(=C3)S(=O)(=O)N4CCN(CC4)CCO)OCC)CO,,,C23H32N6O6S,520.2104037439999,1.4689000000000034,1,1,1,BTM00082,BTM00082,Aliphatic hydroxylation of methyl carbon adjacent to aromatic ring,BTMR1058,"CYP1A2
CYP2A6
CYP2B6
CYP2C8
CYP2C9
CYP2C19
CYP2D6
CYP2E1
CYP3A4",HUMAN,BTM00013,CCCC1=NC(=C2N1NC(=NC2=O)C3=C(C=CC(=C3)S(=O)(=O)N4CCN(CC4)CCO)OCC)C,"InChI=1S/C23H32N6O5S/c1-4-6-20-24-16(3)21-23(31)25-22(26-29(20)21)18-15-17(7-8-19(18)34-5-2)35(32,33)28-11-9-27(10-12-28)13-14-30/h7-8,15,30H,4-6,9-14H2,1-3H3,(H,25,26,31)",KZFHUILKKFVOMB-UHFFFAOYSA-N,1.9275000000000024,504.215489124
"InChI=1S/C23H32N6O6S/c1-4-6-20-24-16(3)21-23(31)25-22(26-28(20)21)18-15-17(7-8-19(18)35-5-2)36(33,34)27-9-11-29(32,12-10-27)13-14-30/h7-8,15,30H,4-6,9-14H2,1-3H3,(H,25,26,31)",CIQMVNUPIDSKAX-UHFFFAOYSA-N,CCCC1=NC(=C2N1NC(=NC2=O)C3=C(C=CC(=C3)S(=O)(=O)N4CC[N+](CC4)(CCO)[O-])OCC)C,,,C23H32N6O6S,520.210403744,1.5224000000000026,1,0,0,BTM00090,BTM00090,N-Oxidation of alicyclic tertiary amine,BTMR1099,"CYP1A2
CYP2C8
CYP2C19
CYP2D6
CYP3A4",HUMAN,BTM00013,CCCC1=NC(=C2N1NC(=NC2=O)C3=C(C=CC(=C3)S(=O)(=O)N4CCN(CC4)CCO)OCC)C,"InChI=1S/C23H32N6O5S/c1-4-6-20-24-16(3)21-23(31)25-22(26-29(20)21)18-15-17(7-8-19(18)34-5-2)35(32,33)28-11-9-27(10-12-28)13-14-30/h7-8,15,30H,4-6,9-14H2,1-3H3,(H,25,26,31)",KZFHUILKKFVOMB-UHFFFAOYSA-N,1.9275000000000024,504.215489124
"InChI=1S/C21H28N6O4S/c1-4-6-18-23-14(3)19-21(28)24-20(25-27(18)19)16-13-15(7-8-17(16)31-5-2)32(29,30)26-11-9-22-10-12-26/h7-8,13,22H,4-6,9-12H2,1-3H3,(H,24,25,28)",OKUKNGDVADFTHE-UHFFFAOYSA-N,CCCC1=NC(=C2N1NC(=NC2=O)C3=C(C=CC(=C3)S(=O)(=O)N4CCNCC4)OCC)C,,,C21H28N6O4S,460.18927437599996,1.9310000000000014,0,0,0,BTM00007,BTM00007,N-Dealkylation of alicyclic tertiary amine,BTMR1144,"CYP1A2
CYP2A6
CYP2B6
CYP2C8
CYP2C9
CYP2C19
CYP2D6
CYP3A4",HUMAN,BTM00013,CCCC1=NC(=C2N1NC(=NC2=O)C3=C(C=CC(=C3)S(=O)(=O)N4CCN(CC4)CCO)OCC)C,"InChI=1S/C23H32N6O5S/c1-4-6-20-24-16(3)21-23(31)25-22(26-29(20)21)18-15-17(7-8-19(18)34-5-2)35(32,33)28-11-9-27(10-12-28)13-14-30/h7-8,15,30H,4-6,9-14H2,1-3H3,(H,25,26,31)",KZFHUILKKFVOMB-UHFFFAOYSA-N,1.9275000000000024,504.215489124
"InChI=1S/C2H4O2/c3-1-2-4/h1,4H,2H2",WGCNASOHLSPBMP-UHFFFAOYSA-N,C(CO)=O,,,C2H4O2,60.021129368,-0.6410999999999999,0,0,0,BTM00122,BTM00122,N-Dealkylation of alicyclic tertiary amine,BTMR1144,"CYP1A2
CYP2A6
CYP2B6
CYP2C8
CYP2C9
CYP2C19
CYP2D6
CYP3A4",HUMAN,BTM00013,CCCC1=NC(=C2N1NC(=NC2=O)C3=C(C=CC(=C3)S(=O)(=O)N4CCN(CC4)CCO)OCC)C,"InChI=1S/C23H32N6O5S/c1-4-6-20-24-16(3)21-23(31)25-22(26-29(20)21)18-15-17(7-8-19(18)34-5-2)35(32,33)28-11-9-27(10-12-28)13-14-30/h7-8,15,30H,4-6,9-14H2,1-3H3,(H,25,26,31)",KZFHUILKKFVOMB-UHFFFAOYSA-N,1.9275000000000024,504.215489124
"InChI=1S/C23H32N6O6S/c1-4-35-19-6-5-17(36(33,34)28-9-7-27(8-10-28)11-12-30)14-18(19)22-25-23(32)21-16(3)24-20(13-15(2)31)29(21)26-22/h5-6,14-15,30-31H,4,7-13H2,1-3H3,(H,25,26,32)",XUSKYHSNWBYDMY-UHFFFAOYSA-N,CC(CC1=NC(=C2N1NC(=NC2=O)C3=C(C=CC(=C3)S(=O)(=O)N4CCN(CC4)CCO)OCC)C)O,,,C23H32N6O6S,520.210403744,0.951300000000002,1,1,1,BTM00103,BTM00103,Hydroxylation of penultimate aliphatic secondary carbon,BTMR1074,"CYP1A2
CYP2A6
CYP2B6
CYP2C8
CYP2C9
CYP2C19
CYP2D6
CYP2E1
CYP3A4",HUMAN,BTM00013,CCCC1=NC(=C2N1NC(=NC2=O)C3=C(C=CC(=C3)S(=O)(=O)N4CCN(CC4)CCO)OCC)C,"InChI=1S/C23H32N6O5S/c1-4-6-20-24-16(3)21-23(31)25-22(26-29(20)21)18-15-17(7-8-19(18)34-5-2)35(32,33)28-11-9-27(10-12-28)13-14-30/h7-8,15,30H,4-6,9-14H2,1-3H3,(H,25,26,31)",KZFHUILKKFVOMB-UHFFFAOYSA-N,1.9275000000000024,504.215489124
"InChI=1S/C23H32N6O6S/c1-4-6-19-24-15(3)21-23(32)25-22(26-29(19)21)17-13-16(7-8-18(17)35-5-2)36(33,34)28-10-9-27(11-12-30)14-20(28)31/h7-8,13,20,30-31H,4-6,9-12,14H2,1-3H3,(H,25,26,32)",JLEWDWOAFBEVDL-UHFFFAOYSA-N,CCCC1=NC(=C2N1NC(=NC2=O)C3=C(C=CC(=C3)S(=O)(=O)N4C(CN(CC4)CCO)O)OCC)C,,,C23H32N6O6S,520.210403744,1.5878000000000008,1,1,1,BTM00111,BTM00111,Hydroxylation of heteroalicyclic secondary carbon,BTMR1070,"CYP1A2
CYP2A6
CYP2C9
CYP2D6
CYP3A4",HUMAN,BTM00013,CCCC1=NC(=C2N1NC(=NC2=O)C3=C(C=CC(=C3)S(=O)(=O)N4CCN(CC4)CCO)OCC)C,"InChI=1S/C23H32N6O5S/c1-4-6-20-24-16(3)21-23(31)25-22(26-29(20)21)18-15-17(7-8-19(18)34-5-2)35(32,33)28-11-9-27(10-12-28)13-14-30/h7-8,15,30H,4-6,9-14H2,1-3H3,(H,25,26,31)",KZFHUILKKFVOMB-UHFFFAOYSA-N,1.9275000000000024,504.215489124
"InChI=1S/C23H32N6O6S/c1-4-6-19-24-15(3)21-23(32)25-22(26-29(19)21)17-13-16(7-8-18(17)35-5-2)36(33,34)28-10-9-27(11-12-30)20(31)14-28/h7-8,13,20,30-31H,4-6,9-12,14H2,1-3H3,(H,25,26,32)",COZJTPFDDRUSJJ-UHFFFAOYSA-N,CCCC1=NC(=C2N1NC(=NC2=O)C3=C(C=CC(=C3)S(=O)(=O)N4CC(N(CC4)CCO)O)OCC)C,,,C23H32N6O6S,520.210403744,1.5878000000000008,1,1,1,BTM00117,BTM00117,Hydroxylation of heteroalicyclic secondary carbon,BTMR1070,"CYP1A2
CYP2A6
CYP2C9
CYP2D6
CYP3A4",HUMAN,BTM00013,CCCC1=NC(=C2N1NC(=NC2=O)C3=C(C=CC(=C3)S(=O)(=O)N4CCN(CC4)CCO)OCC)C,"InChI=1S/C23H32N6O5S/c1-4-6-20-24-16(3)21-23(31)25-22(26-29(20)21)18-15-17(7-8-19(18)34-5-2)35(32,33)28-11-9-27(10-12-28)13-14-30/h7-8,15,30H,4-6,9-14H2,1-3H3,(H,25,26,31)",KZFHUILKKFVOMB-UHFFFAOYSA-N,1.9275000000000024,504.215489124
"InChI=1S/C23H32N6O6S/c1-3-35-19-7-6-17(36(33,34)28-10-8-27(9-11-28)12-14-31)15-18(19)22-25-23(32)21-16(2)24-20(5-4-13-30)29(21)26-22/h6-7,15,30-31H,3-5,8-14H2,1-2H3,(H,25,26,32)",VWJWPMJFZBLLSQ-UHFFFAOYSA-N,C(CCC1=NC(=C2N1NC(=NC2=O)C3=C(C=CC(=C3)S(=O)(=O)N4CCN(CC4)CCO)OCC)C)O,,,C23H32N6O6S,520.210403744,0.7018000000000026,1,1,1,BTM00120,BTM00120,Hydroxylation of terminal methyl,BTMR1061,"CYP1A2
CYP2A6
CYP2B6
CYP2C8
CYP2C9
CYP2C19
CYP2D6
CYP2E1
CYP3A4",HUMAN,BTM00013,CCCC1=NC(=C2N1NC(=NC2=O)C3=C(C=CC(=C3)S(=O)(=O)N4CCN(CC4)CCO)OCC)C,"InChI=1S/C23H32N6O5S/c1-4-6-20-24-16(3)21-23(31)25-22(26-29(20)21)18-15-17(7-8-19(18)34-5-2)35(32,33)28-11-9-27(10-12-28)13-14-30/h7-8,15,30H,4-6,9-14H2,1-3H3,(H,25,26,31)",KZFHUILKKFVOMB-UHFFFAOYSA-N,1.9275000000000024,504.215489124
"InChI=1S/C23H32N6O6S/c1-3-4-20-24-16(2)21-23(32)25-22(26-29(20)21)18-15-17(5-6-19(18)35-14-13-31)36(33,34)28-9-7-27(8-10-28)11-12-30/h5-6,15,30-31H,3-4,7-14H2,1-2H3,(H,25,26,32)",KEJNCOYQNAEVDC-UHFFFAOYSA-N,CCCC1=NC(=C2N1NC(=NC2=O)C3=C(C=CC(=C3)S(=O)(=O)N4CCN(CC4)CCO)OCCO)C,,,C23H32N6O6S,520.210403744,1.0393000000000039,1,1,1,BTM00124,BTM00124,Hydroxylation of terminal methyl,BTMR1061,"CYP1A2
CYP2A6
CYP2B6
CYP2C8
CYP2C9
CYP2C19
CYP2D6
CYP2E1
CYP3A4",HUMAN,BTM00013,CCCC1=NC(=C2N1NC(=NC2=O)C3=C(C=CC(=C3)S(=O)(=O)N4CCN(CC4)CCO)OCC)C,"InChI=1S/C23H32N6O5S/c1-4-6-20-24-16(3)21-23(31)25-22(26-29(20)21)18-15-17(7-8-19(18)34-5-2)35(32,33)28-11-9-27(10-12-28)13-14-30/h7-8,15,30H,4-6,9-14H2,1-3H3,(H,25,26,31)",KZFHUILKKFVOMB-UHFFFAOYSA-N,1.9275000000000024,504.215489124
"InChI=1S/C23H30N6O5S/c1-4-6-20-24-16(3)21-23(31)25-22(26-29(20)21)18-15-17(7-8-19(18)34-5-2)35(32,33)28-11-9-27(10-12-28)13-14-30/h4,7-8,15,30H,1,5-6,9-14H2,2-3H3,(H,25,26,31)",AGMUZRTXWBTKCP-UHFFFAOYSA-N,C=CCC1=NC(=C2N1NC(=NC2=O)C3=C(C=CC(=C3)S(=O)(=O)N4CCN(CC4)CCO)OCC)C,,,C23H30N6O5S,502.19983906,1.5368000000000015,1,0,0,BTM00127,BTM00127,Terminal desaturation,BTMR1190,"CYP1A2
CYP2A6
CYP2C9
CYP2D6
CYP3A4",HUMAN,BTM00013,CCCC1=NC(=C2N1NC(=NC2=O)C3=C(C=CC(=C3)S(=O)(=O)N4CCN(CC4)CCO)OCC)C,"InChI=1S/C23H32N6O5S/c1-4-6-20-24-16(3)21-23(31)25-22(26-29(20)21)18-15-17(7-8-19(18)34-5-2)35(32,33)28-11-9-27(10-12-28)13-14-30/h7-8,15,30H,4-6,9-14H2,1-3H3,(H,25,26,31)",KZFHUILKKFVOMB-UHFFFAOYSA-N,1.9275000000000024,504.215489124
"InChI=1S/C23H32N6O6S/c1-4-6-19-24-15(3)21-23(32)25-22(26-29(19)21)17-13-16(7-8-18(17)35-5-2)36(33,34)28-10-9-27(11-12-30)20(31)14-28/h7-8,13,20,30-31H,4-6,9-12,14H2,1-3H3,(H,25,26,32)",COZJTPFDDRUSJJ-UHFFFAOYSA-N,CCCC1=NC(=C2N1NC(=NC2=O)C3=C(C=CC(=C3)S(=O)(=O)N4CC(N(CC4)CCO)O)OCC)C,,,C23H32N6O6S,520.210403744,1.5878000000000008,1,1,1,BTM00117,BTM00117,Aliphatic hydroxylation of carbon alpha to secondary or tertiary alkyl-N,BTMR1081,"CYP2B6
CYP2C19
CYP2D6",HUMAN,BTM00013,CCCC1=NC(=C2N1NC(=NC2=O)C3=C(C=CC(=C3)S(=O)(=O)N4CCN(CC4)CCO)OCC)C,"InChI=1S/C23H32N6O5S/c1-4-6-20-24-16(3)21-23(31)25-22(26-29(20)21)18-15-17(7-8-19(18)34-5-2)35(32,33)28-11-9-27(10-12-28)13-14-30/h7-8,15,30H,4-6,9-14H2,1-3H3,(H,25,26,31)",KZFHUILKKFVOMB-UHFFFAOYSA-N,1.9275000000000024,504.215489124
"InChI=1S/C23H32N6O6S/c1-4-6-19-24-15(3)21-23(32)25-22(26-29(19)21)17-13-16(7-8-18(17)35-5-2)36(33,34)28-11-9-27(10-12-28)20(31)14-30/h7-8,13,20,30-31H,4-6,9-12,14H2,1-3H3,(H,25,26,32)",IFDVFWRHLQIHAE-UHFFFAOYSA-N,CCCC1=NC(=C2N1NC(=NC2=O)C3=C(C=CC(=C3)S(=O)(=O)N4CCN(CC4)C(CO)O)OCC)C,,,C23H32N6O6S,520.210403744,1.5878000000000008,1,1,1,BTM00128,BTM00128,Aliphatic hydroxylation of carbon alpha to secondary or tertiary alkyl-N,BTMR1081,"CYP2B6
CYP2C19
CYP2D6",HUMAN,BTM00013,CCCC1=NC(=C2N1NC(=NC2=O)C3=C(C=CC(=C3)S(=O)(=O)N4CCN(CC4)CCO)OCC)C,"InChI=1S/C23H32N6O5S/c1-4-6-20-24-16(3)21-23(31)25-22(26-29(20)21)18-15-17(7-8-19(18)34-5-2)35(32,33)28-11-9-27(10-12-28)13-14-30/h7-8,15,30H,4-6,9-14H2,1-3H3,(H,25,26,31)",KZFHUILKKFVOMB-UHFFFAOYSA-N,1.9275000000000024,504.215489124
"InChI=1S/C23H30N6O5S/c1-5-18(30)22-24-15(4)20-23(31)25-21(26-29(20)22)17-14-16(8-9-19(17)34-7-3)35(32,33)28-12-10-27(6-2)11-13-28/h5,8-9,14,18,30H,1,6-7,10-13H2,2-4H3,(H,25,26,31)",DJPJWLZNQQZJIK-UHFFFAOYSA-N,C=CC(C1=NC(=C2N1NC(=NC2=O)C3=C(C=CC(=C3)S(=O)(=O)N4CCN(CC4)CC)OCC)C)O,,,C23H30N6O5S,502.19983905999993,1.8519000000000019,1,0,0,BTM00061,BTM00061,Hydroxylation of non-terminal aliphatic carbon adjacent to aromatic ring,BTMR1077,"CYP1A2
CYP2C8
CYP2C9
CYP2D6
CYP3A4",HUMAN,BTM00014,C=CCC1=NC(=C2N1NC(=NC2=O)C3=C(C=CC(=C3)S(=O)(=O)N4CCN(CC4)CC)OCC)C,"InChI=1S/C23H30N6O4S/c1-5-8-20-24-16(4)21-23(30)25-22(26-29(20)21)18-15-17(9-10-19(18)33-7-3)34(31,32)28-13-11-27(6-2)12-14-28/h5,9-10,15H,1,6-8,11-14H2,2-4H3,(H,25,26,30)",UYWCTAFEEZSBSG-UHFFFAOYSA-N,2.4250000000000003,486.20492444
"InChI=1S/C21H26N6O4S/c1-4-6-18-22-14(3)19-21(29)23-20(24-27(18)19)16-13-15(7-8-17(16)28)32(30,31)26-11-9-25(5-2)10-12-26/h4,7-8,13,28H,1,5-6,9-12H2,2-3H3,(H,23,24,29)",CGJKIQPXQJWEDG-UHFFFAOYSA-N,C=CCC1=NC(=C2N1NC(=NC2=O)C3=C(C=CC(=C3)S(=O)(=O)N4CCN(CC4)CC)O)C,,,C21H26N6O4S,458.173624312,1.8252000000000028,0,0,0,BTM00071,BTM00071,O-Dealkylation,BTMR0052,"CYP1A2
CYP2A6
CYP2C9
CYP2C19
CYP2D6
CYP2E1
CYP3A4",HUMAN,BTM00014,C=CCC1=NC(=C2N1NC(=NC2=O)C3=C(C=CC(=C3)S(=O)(=O)N4CCN(CC4)CC)OCC)C,"InChI=1S/C23H30N6O4S/c1-5-8-20-24-16(4)21-23(30)25-22(26-29(20)21)18-15-17(9-10-19(18)33-7-3)34(31,32)28-13-11-27(6-2)12-14-28/h5,9-10,15H,1,6-8,11-14H2,2-4H3,(H,25,26,30)",UYWCTAFEEZSBSG-UHFFFAOYSA-N,2.4250000000000003,486.20492444
"InChI=1S/C2H4O/c1-2-3/h2H,1H3",IKHGUXGNUITLKF-UHFFFAOYSA-N,C(C)=O,,,C2H4O,44.026214748,-0.1825,0,0,0,BTM00004,BTM00004,O-Dealkylation,BTMR0052,"CYP1A2
CYP2A6
CYP2C9
CYP2C19
CYP2D6
CYP2E1
CYP3A4",HUMAN,BTM00014,C=CCC1=NC(=C2N1NC(=NC2=O)C3=C(C=CC(=C3)S(=O)(=O)N4CCN(CC4)CC)OCC)C,"InChI=1S/C23H30N6O4S/c1-5-8-20-24-16(4)21-23(30)25-22(26-29(20)21)18-15-17(9-10-19(18)33-7-3)34(31,32)28-13-11-27(6-2)12-14-28/h5,9-10,15H,1,6-8,11-14H2,2-4H3,(H,25,26,30)",UYWCTAFEEZSBSG-UHFFFAOYSA-N,2.4250000000000003,486.20492444
"InChI=1S/C23H30N6O5S/c1-4-7-20-24-18(15-30)21-23(31)25-22(26-29(20)21)17-14-16(8-9-19(17)34-6-3)35(32,33)28-12-10-27(5-2)11-13-28/h4,8-9,14,30H,1,5-7,10-13,15H2,2-3H3,(H,25,26,31)",HOFKDTIOIXWEJU-UHFFFAOYSA-N,C=CCC1=NC(=C2N1NC(=NC2=O)C3=C(C=CC(=C3)S(=O)(=O)N4CCN(CC4)CC)OCC)CO,,,C23H30N6O5S,502.19983906000004,1.9664000000000015,1,0,0,BTM00083,BTM00083,Aliphatic hydroxylation of methyl carbon adjacent to aromatic ring,BTMR1058,"CYP1A2
CYP2A6
CYP2B6
CYP2C8
CYP2C9
CYP2C19
CYP2D6
CYP2E1
CYP3A4",HUMAN,BTM00014,C=CCC1=NC(=C2N1NC(=NC2=O)C3=C(C=CC(=C3)S(=O)(=O)N4CCN(CC4)CC)OCC)C,"InChI=1S/C23H30N6O4S/c1-5-8-20-24-16(4)21-23(30)25-22(26-29(20)21)18-15-17(9-10-19(18)33-7-3)34(31,32)28-13-11-27(6-2)12-14-28/h5,9-10,15H,1,6-8,11-14H2,2-4H3,(H,25,26,30)",UYWCTAFEEZSBSG-UHFFFAOYSA-N,2.4250000000000003,486.20492444
"InChI=1S/C23H30N6O5S/c1-5-8-20-24-16(4)21-23(30)25-22(26-28(20)21)18-15-17(9-10-19(18)34-7-3)35(32,33)27-11-13-29(31,6-2)14-12-27/h5,9-10,15H,1,6-8,11-14H2,2-4H3,(H,25,26,30)",GPMXAUAHONMYLI-UHFFFAOYSA-N,C=CCC1=NC(=C2N1NC(=NC2=O)C3=C(C=CC(=C3)S(=O)(=O)N4CC[N+](CC4)(CC)[O-])OCC)C,,,C23H30N6O5S,502.19983906,2.0199000000000003,1,0,0,BTM00091,BTM00091,N-Oxidation of alicyclic tertiary amine,BTMR1099,"CYP1A2
CYP2C8
CYP2C19
CYP2D6
CYP3A4",HUMAN,BTM00014,C=CCC1=NC(=C2N1NC(=NC2=O)C3=C(C=CC(=C3)S(=O)(=O)N4CCN(CC4)CC)OCC)C,"InChI=1S/C23H30N6O4S/c1-5-8-20-24-16(4)21-23(30)25-22(26-29(20)21)18-15-17(9-10-19(18)33-7-3)34(31,32)28-13-11-27(6-2)12-14-28/h5,9-10,15H,1,6-8,11-14H2,2-4H3,(H,25,26,30)",UYWCTAFEEZSBSG-UHFFFAOYSA-N,2.4250000000000003,486.20492444
"InChI=1S/C21H26N6O4S/c1-4-6-18-23-14(3)19-21(28)24-20(25-27(18)19)16-13-15(7-8-17(16)31-5-2)32(29,30)26-11-9-22-10-12-26/h4,7-8,13,22H,1,5-6,9-12H2,2-3H3,(H,24,25,28)",UVCADDZQXRBRMH-UHFFFAOYSA-N,C=CCC1=NC(=C2N1NC(=NC2=O)C3=C(C=CC(=C3)S(=O)(=O)N4CCNCC4)OCC)C,,,C21H26N6O4S,458.173624312,1.5403000000000022,0,0,0,BTM00097,BTM00097,N-Dealkylation of alicyclic tertiary amine,BTMR1144,"CYP1A2
CYP2A6
CYP2B6
CYP2C8
CYP2C9
CYP2C19
CYP2D6
CYP3A4",HUMAN,BTM00014,C=CCC1=NC(=C2N1NC(=NC2=O)C3=C(C=CC(=C3)S(=O)(=O)N4CCN(CC4)CC)OCC)C,"InChI=1S/C23H30N6O4S/c1-5-8-20-24-16(4)21-23(30)25-22(26-29(20)21)18-15-17(9-10-19(18)33-7-3)34(31,32)28-13-11-27(6-2)12-14-28/h5,9-10,15H,1,6-8,11-14H2,2-4H3,(H,25,26,30)",UYWCTAFEEZSBSG-UHFFFAOYSA-N,2.4250000000000003,486.20492444
"InChI=1S/C2H4O/c1-2-3/h2H,1H3",IKHGUXGNUITLKF-UHFFFAOYSA-N,C(C)=O,,,C2H4O,44.026214748,-0.1825,0,0,0,BTM00004,BTM00004,N-Dealkylation of alicyclic tertiary amine,BTMR1144,"CYP1A2
CYP2A6
CYP2B6
CYP2C8
CYP2C9
CYP2C19
CYP2D6
CYP3A4",HUMAN,BTM00014,C=CCC1=NC(=C2N1NC(=NC2=O)C3=C(C=CC(=C3)S(=O)(=O)N4CCN(CC4)CC)OCC)C,"InChI=1S/C23H30N6O4S/c1-5-8-20-24-16(4)21-23(30)25-22(26-29(20)21)18-15-17(9-10-19(18)33-7-3)34(31,32)28-13-11-27(6-2)12-14-28/h5,9-10,15H,1,6-8,11-14H2,2-4H3,(H,25,26,30)",UYWCTAFEEZSBSG-UHFFFAOYSA-N,2.4250000000000003,486.20492444
"InChI=1S/C23H30N6O5S/c1-5-8-19-24-15(4)21-23(31)25-22(26-29(19)21)17-13-16(9-10-18(17)34-7-3)35(32,33)28-12-11-27(6-2)14-20(28)30/h5,9-10,13,20,30H,1,6-8,11-12,14H2,2-4H3,(H,25,26,31)",WIEUSOMBIYYROJ-UHFFFAOYSA-N,C=CCC1=NC(=C2N1NC(=NC2=O)C3=C(C=CC(=C3)S(=O)(=O)N4C(CN(CC4)CC)O)OCC)C,,,C23H30N6O5S,502.19983905999993,2.0853000000000015,1,0,0,BTM00112,BTM00112,Hydroxylation of heteroalicyclic secondary carbon,BTMR1070,"CYP1A2
CYP2A6
CYP2C9
CYP2D6
CYP3A4",HUMAN,BTM00014,C=CCC1=NC(=C2N1NC(=NC2=O)C3=C(C=CC(=C3)S(=O)(=O)N4CCN(CC4)CC)OCC)C,"InChI=1S/C23H30N6O4S/c1-5-8-20-24-16(4)21-23(30)25-22(26-29(20)21)18-15-17(9-10-19(18)33-7-3)34(31,32)28-13-11-27(6-2)12-14-28/h5,9-10,15H,1,6-8,11-14H2,2-4H3,(H,25,26,30)",UYWCTAFEEZSBSG-UHFFFAOYSA-N,2.4250000000000003,486.20492444
"InChI=1S/C23H30N6O5S/c1-5-8-19-24-15(4)21-23(31)25-22(26-29(19)21)17-13-16(9-10-18(17)34-7-3)35(32,33)28-12-11-27(6-2)20(30)14-28/h5,9-10,13,20,30H,1,6-8,11-12,14H2,2-4H3,(H,25,26,31)",JVWJQMLZLFJCTL-UHFFFAOYSA-N,C=CCC1=NC(=C2N1NC(=NC2=O)C3=C(C=CC(=C3)S(=O)(=O)N4CC(N(CC4)CC)O)OCC)C,,,C23H30N6O5S,502.19983906,2.0853000000000015,1,0,0,BTM00118,BTM00118,Hydroxylation of heteroalicyclic secondary carbon,BTMR1070,"CYP1A2
CYP2A6
CYP2C9
CYP2D6
CYP3A4",HUMAN,BTM00014,C=CCC1=NC(=C2N1NC(=NC2=O)C3=C(C=CC(=C3)S(=O)(=O)N4CCN(CC4)CC)OCC)C,"InChI=1S/C23H30N6O4S/c1-5-8-20-24-16(4)21-23(30)25-22(26-29(20)21)18-15-17(9-10-19(18)33-7-3)34(31,32)28-13-11-27(6-2)12-14-28/h5,9-10,15H,1,6-8,11-14H2,2-4H3,(H,25,26,30)",UYWCTAFEEZSBSG-UHFFFAOYSA-N,2.4250000000000003,486.20492444
"InChI=1S/C23H30N6O5S/c1-4-27-8-10-28(11-9-27)35(31,32)17-6-7-19(33-5-2)18(13-17)22-25-23(30)21-15(3)24-20(29(21)26-22)12-16-14-34-16/h6-7,13,16H,4-5,8-12,14H2,1-3H3,(H,25,26,30)",NCGQNRKZALUVSF-UHFFFAOYSA-N,C1C(CC2=NC(=C3N2NC(=NC3=O)C4=C(C=CC(=C4)S(=O)(=O)N5CCN(CC5)CC)OCC)C)O1,,,C23H30N6O5S,502.19983906,1.7178000000000027,1,0,0,BTM00129,BTM00129,Epoxidation of alkene,BTMR0109,"CYP1A2
CYP2B6
CYP2B6
CYP2C8
CYP2C9
CYP2C19
CYP2D6
CYP2E1
CYP3A4",HUMAN,BTM00014,C=CCC1=NC(=C2N1NC(=NC2=O)C3=C(C=CC(=C3)S(=O)(=O)N4CCN(CC4)CC)OCC)C,"InChI=1S/C23H30N6O4S/c1-5-8-20-24-16(4)21-23(30)25-22(26-29(20)21)18-15-17(9-10-19(18)33-7-3)34(31,32)28-13-11-27(6-2)12-14-28/h5,9-10,15H,1,6-8,11-14H2,2-4H3,(H,25,26,30)",UYWCTAFEEZSBSG-UHFFFAOYSA-N,2.4250000000000003,486.20492444
"InChI=1S/C23H30N6O5S/c1-4-6-20-24-16(3)21-23(31)25-22(26-29(20)21)18-15-17(7-8-19(18)34-14-13-30)35(32,33)28-11-9-27(5-2)10-12-28/h4,7-8,15,30H,1,5-6,9-14H2,2-3H3,(H,25,26,31)",QAZZLKOAIGGJGW-UHFFFAOYSA-N,C=CCC1=NC(=C2N1NC(=NC2=O)C3=C(C=CC(=C3)S(=O)(=O)N4CCN(CC4)CC)OCCO)C,,,C23H30N6O5S,502.19983906,1.5368000000000015,1,0,0,BTM00125,BTM00125,Hydroxylation of terminal methyl,BTMR1061,"CYP1A2
CYP2A6
CYP2B6
CYP2C8
CYP2C9
CYP2C19
CYP2D6
CYP2E1
CYP3A4",HUMAN,BTM00014,C=CCC1=NC(=C2N1NC(=NC2=O)C3=C(C=CC(=C3)S(=O)(=O)N4CCN(CC4)CC)OCC)C,"InChI=1S/C23H30N6O4S/c1-5-8-20-24-16(4)21-23(30)25-22(26-29(20)21)18-15-17(9-10-19(18)33-7-3)34(31,32)28-13-11-27(6-2)12-14-28/h5,9-10,15H,1,6-8,11-14H2,2-4H3,(H,25,26,30)",UYWCTAFEEZSBSG-UHFFFAOYSA-N,2.4250000000000003,486.20492444
"InChI=1S/C23H30N6O5S/c1-4-6-20-24-16(3)21-23(31)25-22(26-29(20)21)18-15-17(7-8-19(18)34-5-2)35(32,33)28-11-9-27(10-12-28)13-14-30/h4,7-8,15,30H,1,5-6,9-14H2,2-3H3,(H,25,26,31)",AGMUZRTXWBTKCP-UHFFFAOYSA-N,C=CCC1=NC(=C2N1NC(=NC2=O)C3=C(C=CC(=C3)S(=O)(=O)N4CCN(CC4)CCO)OCC)C,,,C23H30N6O5S,502.19983906,1.5368000000000015,1,0,0,BTM00127,BTM00127,Hydroxylation of terminal methyl,BTMR1061,"CYP1A2
CYP2A6
CYP2B6
CYP2C8
CYP2C9
CYP2C19
CYP2D6
CYP2E1
CYP3A4",HUMAN,BTM00014,C=CCC1=NC(=C2N1NC(=NC2=O)C3=C(C=CC(=C3)S(=O)(=O)N4CCN(CC4)CC)OCC)C,"InChI=1S/C23H30N6O4S/c1-5-8-20-24-16(4)21-23(30)25-22(26-29(20)21)18-15-17(9-10-19(18)33-7-3)34(31,32)28-13-11-27(6-2)12-14-28/h5,9-10,15H,1,6-8,11-14H2,2-4H3,(H,25,26,30)",UYWCTAFEEZSBSG-UHFFFAOYSA-N,2.4250000000000003,486.20492444
"InChI=1S/C23H30N6O5S/c1-5-8-19-24-15(4)21-23(31)25-22(26-29(19)21)17-13-16(9-10-18(17)34-7-3)35(32,33)28-12-11-27(6-2)20(30)14-28/h5,9-10,13,20,30H,1,6-8,11-12,14H2,2-4H3,(H,25,26,31)",JVWJQMLZLFJCTL-UHFFFAOYSA-N,C=CCC1=NC(=C2N1NC(=NC2=O)C3=C(C=CC(=C3)S(=O)(=O)N4CC(N(CC4)CC)O)OCC)C,,,C23H30N6O5S,502.19983906,2.0853000000000015,1,0,0,BTM00118,BTM00118,Aliphatic hydroxylation of carbon alpha to secondary or tertiary alkyl-N,BTMR1081,"CYP2B6
CYP2C19
CYP2D6",HUMAN,BTM00014,C=CCC1=NC(=C2N1NC(=NC2=O)C3=C(C=CC(=C3)S(=O)(=O)N4CCN(CC4)CC)OCC)C,"InChI=1S/C23H30N6O4S/c1-5-8-20-24-16(4)21-23(30)25-22(26-29(20)21)18-15-17(9-10-19(18)33-7-3)34(31,32)28-13-11-27(6-2)12-14-28/h5,9-10,15H,1,6-8,11-14H2,2-4H3,(H,25,26,30)",UYWCTAFEEZSBSG-UHFFFAOYSA-N,2.4250000000000003,486.20492444
"InChI=1S/C23H30N6O5S/c1-5-7-20-24-15(3)21-23(31)25-22(26-29(20)21)18-14-17(8-9-19(18)34-6-2)35(32,33)28-12-10-27(11-13-28)16(4)30/h5,8-9,14,16,30H,1,6-7,10-13H2,2-4H3,(H,25,26,31)",MKBJYHXTOPYPHP-UHFFFAOYSA-N,C=CCC1=NC(=C2N1NC(=NC2=O)C3=C(C=CC(=C3)S(=O)(=O)N4CCN(CC4)C(C)O)OCC)C,,,C23H30N6O5S,502.19983906,1.6971000000000012,1,0,0,BTM00130,BTM00130,Aliphatic hydroxylation of carbon alpha to secondary or tertiary alkyl-N,BTMR1081,"CYP2B6
CYP2C19
CYP2D6",HUMAN,BTM00014,C=CCC1=NC(=C2N1NC(=NC2=O)C3=C(C=CC(=C3)S(=O)(=O)N4CCN(CC4)CC)OCC)C,"InChI=1S/C23H30N6O4S/c1-5-8-20-24-16(4)21-23(30)25-22(26-29(20)21)18-15-17(9-10-19(18)33-7-3)34(31,32)28-13-11-27(6-2)12-14-28/h5,9-10,15H,1,6-8,11-14H2,2-4H3,(H,25,26,30)",UYWCTAFEEZSBSG-UHFFFAOYSA-N,2.4250000000000003,486.20492444
"InChI=1S/C23H32N6O6S/c1-5-18(31)22-24-14(3)20-23(32)25-21(26-29(20)22)17-13-16(7-8-19(17)35-6-2)36(33,34)28-11-9-27(10-12-28)15(4)30/h7-8,13,15,18,30-31H,5-6,9-12H2,1-4H3,(H,25,26,32)",QOOOSIGDJRLDES-UHFFFAOYSA-N,CCC(C1=NC(=C2N1NC(=NC2=O)C3=C(C=CC(=C3)S(=O)(=O)N4CCN(CC4)C(C)O)OCC)C)O,,,C23H32N6O6S,520.210403744,1.3797000000000026,1,1,1,BTM00062,BTM00062,Hydroxylation of antepenultimate aliphatic secondary carbon,BTMR1072,"CYP1A2
CYP2E1",HUMAN,BTM00015,CCCC1=NC(=C2N1NC(=NC2=O)C3=C(C=CC(=C3)S(=O)(=O)N4CCN(CC4)C(C)O)OCC)C,"InChI=1S/C23H32N6O5S/c1-5-7-20-24-15(3)21-23(31)25-22(26-29(20)21)18-14-17(8-9-19(18)34-6-2)35(32,33)28-12-10-27(11-13-28)16(4)30/h8-9,14,16,30H,5-7,10-13H2,1-4H3,(H,25,26,31)",JCINJFZGHWVDAB-UHFFFAOYSA-N,2.0878000000000037,504.215489124
"InChI=1S/C21H28N6O5S/c1-4-5-18-22-13(2)19-21(30)23-20(24-27(18)19)16-12-15(6-7-17(16)29)33(31,32)26-10-8-25(9-11-26)14(3)28/h6-7,12,14,28-29H,4-5,8-11H2,1-3H3,(H,23,24,30)",DLKROMMYCIYPKC-UHFFFAOYSA-N,CCCC1=NC(=C2N1NC(=NC2=O)C3=C(C=CC(=C3)S(=O)(=O)N4CCN(CC4)C(C)O)O)C,,,C21H28N6O5S,476.184188996,1.4880000000000015,0,1,1,BTM00073,BTM00073,O-Dealkylation,BTMR0052,"CYP1A2
CYP2A6
CYP2C9
CYP2C19
CYP2D6
CYP2E1
CYP3A4",HUMAN,BTM00015,CCCC1=NC(=C2N1NC(=NC2=O)C3=C(C=CC(=C3)S(=O)(=O)N4CCN(CC4)C(C)O)OCC)C,"InChI=1S/C23H32N6O5S/c1-5-7-20-24-15(3)21-23(31)25-22(26-29(20)21)18-14-17(8-9-19(18)34-6-2)35(32,33)28-12-10-27(11-13-28)16(4)30/h8-9,14,16,30H,5-7,10-13H2,1-4H3,(H,25,26,31)",JCINJFZGHWVDAB-UHFFFAOYSA-N,2.0878000000000037,504.215489124
"InChI=1S/C2H4O/c1-2-3/h2H,1H3",IKHGUXGNUITLKF-UHFFFAOYSA-N,C(C)=O,,,C2H4O,44.026214748,-0.1825,0,0,0,BTM00004,BTM00004,O-Dealkylation,BTMR0052,"CYP1A2
CYP2A6
CYP2C9
CYP2C19
CYP2D6
CYP2E1
CYP3A4",HUMAN,BTM00015,CCCC1=NC(=C2N1NC(=NC2=O)C3=C(C=CC(=C3)S(=O)(=O)N4CCN(CC4)C(C)O)OCC)C,"InChI=1S/C23H32N6O5S/c1-5-7-20-24-15(3)21-23(31)25-22(26-29(20)21)18-14-17(8-9-19(18)34-6-2)35(32,33)28-12-10-27(11-13-28)16(4)30/h8-9,14,16,30H,5-7,10-13H2,1-4H3,(H,25,26,31)",JCINJFZGHWVDAB-UHFFFAOYSA-N,2.0878000000000037,504.215489124
"InChI=1S/C23H32N6O6S/c1-4-6-20-24-18(14-30)21-23(32)25-22(26-29(20)21)17-13-16(7-8-19(17)35-5-2)36(33,34)28-11-9-27(10-12-28)15(3)31/h7-8,13,15,30-31H,4-6,9-12,14H2,1-3H3,(H,25,26,32)",KZTAUILDXNEUDD-UHFFFAOYSA-N,CCCC1=NC(=C2N1NC(=NC2=O)C3=C(C=CC(=C3)S(=O)(=O)N4CCN(CC4)C(C)O)OCC)CO,,,C23H32N6O6S,520.210403744,1.6292000000000013,1,1,1,BTM00084,BTM00084,Aliphatic hydroxylation of methyl carbon adjacent to aromatic ring,BTMR1058,"CYP1A2
CYP2A6
CYP2B6
CYP2C8
CYP2C9
CYP2C19
CYP2D6
CYP2E1
CYP3A4",HUMAN,BTM00015,CCCC1=NC(=C2N1NC(=NC2=O)C3=C(C=CC(=C3)S(=O)(=O)N4CCN(CC4)C(C)O)OCC)C,"InChI=1S/C23H32N6O5S/c1-5-7-20-24-15(3)21-23(31)25-22(26-29(20)21)18-14-17(8-9-19(18)34-6-2)35(32,33)28-12-10-27(11-13-28)16(4)30/h8-9,14,16,30H,5-7,10-13H2,1-4H3,(H,25,26,31)",JCINJFZGHWVDAB-UHFFFAOYSA-N,2.0878000000000037,504.215489124
"InChI=1S/C21H28N6O4S/c1-4-6-18-23-14(3)19-21(28)24-20(25-27(18)19)16-13-15(7-8-17(16)31-5-2)32(29,30)26-11-9-22-10-12-26/h7-8,13,22H,4-6,9-12H2,1-3H3,(H,24,25,28)",OKUKNGDVADFTHE-UHFFFAOYSA-N,CCCC1=NC(=C2N1NC(=NC2=O)C3=C(C=CC(=C3)S(=O)(=O)N4CCNCC4)OCC)C,,,C21H28N6O4S,460.18927437599996,1.9310000000000014,0,0,0,BTM00007,BTM00007,N-Dealkylation of alicyclic tertiary amine,BTMR1144,"CYP1A2
CYP2A6
CYP2B6
CYP2C8
CYP2C9
CYP2C19
CYP2D6
CYP3A4",HUMAN,BTM00015,CCCC1=NC(=C2N1NC(=NC2=O)C3=C(C=CC(=C3)S(=O)(=O)N4CCN(CC4)C(C)O)OCC)C,"InChI=1S/C23H32N6O5S/c1-5-7-20-24-15(3)21-23(31)25-22(26-29(20)21)18-14-17(8-9-19(18)34-6-2)35(32,33)28-12-10-27(11-13-28)16(4)30/h8-9,14,16,30H,5-7,10-13H2,1-4H3,(H,25,26,31)",JCINJFZGHWVDAB-UHFFFAOYSA-N,2.0878000000000037,504.215489124
"InChI=1S/C2H4O2/c1-2(3)4/h1H3,(H,3,4)",QTBSBXVTEAMEQO-UHFFFAOYSA-N,C(C)(O)=O,,,C2H4O2,60.021129368,-0.22990000000000016,0,0,0,BTM00131,BTM00131,N-Dealkylation of alicyclic tertiary amine,BTMR1144,"CYP1A2
CYP2A6
CYP2B6
CYP2C8
CYP2C9
CYP2C19
CYP2D6
CYP3A4",HUMAN,BTM00015,CCCC1=NC(=C2N1NC(=NC2=O)C3=C(C=CC(=C3)S(=O)(=O)N4CCN(CC4)C(C)O)OCC)C,"InChI=1S/C23H32N6O5S/c1-5-7-20-24-15(3)21-23(31)25-22(26-29(20)21)18-14-17(8-9-19(18)34-6-2)35(32,33)28-12-10-27(11-13-28)16(4)30/h8-9,14,16,30H,5-7,10-13H2,1-4H3,(H,25,26,31)",JCINJFZGHWVDAB-UHFFFAOYSA-N,2.0878000000000037,504.215489124
"InChI=1S/C23H32N6O6S/c1-5-7-20-24-15(3)21-23(31)25-22(26-28(20)21)18-14-17(8-9-19(18)35-6-2)36(33,34)27-10-12-29(32,13-11-27)16(4)30/h8-9,14,16,30H,5-7,10-13H2,1-4H3,(H,25,26,31)",HKCJPNBYJYOCSE-UHFFFAOYSA-N,CCCC1=NC(=C2N1NC(=NC2=O)C3=C(C=CC(=C3)S(=O)(=O)N4CC[N+](CC4)(C(C)O)[O-])OCC)C,,,C23H32N6O6S,520.210403744,1.6827000000000036,1,0,0,BTM00132,BTM00132,N-Oxidation of aliphatic tertiary amine,BTMR1100,"CYP1A2
CYP2D6
CYP3A4",HUMAN,BTM00015,CCCC1=NC(=C2N1NC(=NC2=O)C3=C(C=CC(=C3)S(=O)(=O)N4CCN(CC4)C(C)O)OCC)C,"InChI=1S/C23H32N6O5S/c1-5-7-20-24-15(3)21-23(31)25-22(26-29(20)21)18-14-17(8-9-19(18)34-6-2)35(32,33)28-12-10-27(11-13-28)16(4)30/h8-9,14,16,30H,5-7,10-13H2,1-4H3,(H,25,26,31)",JCINJFZGHWVDAB-UHFFFAOYSA-N,2.0878000000000037,504.215489124
"InChI=1S/C23H32N6O6S/c1-5-35-19-7-6-17(36(33,34)28-10-8-27(9-11-28)16(4)31)13-18(19)22-25-23(32)21-15(3)24-20(12-14(2)30)29(21)26-22/h6-7,13-14,16,30-31H,5,8-12H2,1-4H3,(H,25,26,32)",WCMRMUJHMOTJMP-UHFFFAOYSA-N,CC(CC1=NC(=C2N1NC(=NC2=O)C3=C(C=CC(=C3)S(=O)(=O)N4CCN(CC4)C(C)O)OCC)C)O,,,C23H32N6O6S,520.210403744,1.1116000000000041,1,1,1,BTM00105,BTM00105,Hydroxylation of penultimate aliphatic secondary carbon,BTMR1074,"CYP1A2
CYP2A6
CYP2B6
CYP2C8
CYP2C9
CYP2C19
CYP2D6
CYP2E1
CYP3A4",HUMAN,BTM00015,CCCC1=NC(=C2N1NC(=NC2=O)C3=C(C=CC(=C3)S(=O)(=O)N4CCN(CC4)C(C)O)OCC)C,"InChI=1S/C23H32N6O5S/c1-5-7-20-24-15(3)21-23(31)25-22(26-29(20)21)18-14-17(8-9-19(18)34-6-2)35(32,33)28-12-10-27(11-13-28)16(4)30/h8-9,14,16,30H,5-7,10-13H2,1-4H3,(H,25,26,31)",JCINJFZGHWVDAB-UHFFFAOYSA-N,2.0878000000000037,504.215489124
"InChI=1S/C23H32N6O6S/c1-5-7-19-24-14(3)21-23(32)25-22(26-29(19)21)17-12-16(8-9-18(17)35-6-2)36(33,34)28-11-10-27(15(4)30)13-20(28)31/h8-9,12,15,20,30-31H,5-7,10-11,13H2,1-4H3,(H,25,26,32)",IIRZEQVGHXPTCO-UHFFFAOYSA-N,CCCC1=NC(=C2N1NC(=NC2=O)C3=C(C=CC(=C3)S(=O)(=O)N4C(CN(CC4)C(C)O)O)OCC)C,,,C23H32N6O6S,520.210403744,1.748100000000004,1,1,1,BTM00113,BTM00113,Hydroxylation of heteroalicyclic secondary carbon,BTMR1070,"CYP1A2
CYP2A6
CYP2C9
CYP2D6
CYP3A4",HUMAN,BTM00015,CCCC1=NC(=C2N1NC(=NC2=O)C3=C(C=CC(=C3)S(=O)(=O)N4CCN(CC4)C(C)O)OCC)C,"InChI=1S/C23H32N6O5S/c1-5-7-20-24-15(3)21-23(31)25-22(26-29(20)21)18-14-17(8-9-19(18)34-6-2)35(32,33)28-12-10-27(11-13-28)16(4)30/h8-9,14,16,30H,5-7,10-13H2,1-4H3,(H,25,26,31)",JCINJFZGHWVDAB-UHFFFAOYSA-N,2.0878000000000037,504.215489124
"InChI=1S/C23H32N6O6S/c1-5-7-19-24-14(3)21-23(32)25-22(26-29(19)21)17-12-16(8-9-18(17)35-6-2)36(33,34)27-10-11-28(15(4)30)20(31)13-27/h8-9,12,15,20,30-31H,5-7,10-11,13H2,1-4H3,(H,25,26,32)",BNUJTDCKEFCRLD-UHFFFAOYSA-N,CCCC1=NC(=C2N1NC(=NC2=O)C3=C(C=CC(=C3)S(=O)(=O)N4CC(N(CC4)C(C)O)O)OCC)C,,,C23H32N6O6S,520.210403744,1.748100000000004,1,1,1,BTM00133,BTM00133,Hydroxylation of heteroalicyclic secondary carbon,BTMR1070,"CYP1A2
CYP2A6
CYP2C9
CYP2D6
CYP3A4",HUMAN,BTM00015,CCCC1=NC(=C2N1NC(=NC2=O)C3=C(C=CC(=C3)S(=O)(=O)N4CCN(CC4)C(C)O)OCC)C,"InChI=1S/C23H32N6O5S/c1-5-7-20-24-15(3)21-23(31)25-22(26-29(20)21)18-14-17(8-9-19(18)34-6-2)35(32,33)28-12-10-27(11-13-28)16(4)30/h8-9,14,16,30H,5-7,10-13H2,1-4H3,(H,25,26,31)",JCINJFZGHWVDAB-UHFFFAOYSA-N,2.0878000000000037,504.215489124
"InChI=1S/C23H32N6O6S/c1-4-35-19-8-7-17(36(33,34)28-11-9-27(10-12-28)16(3)31)14-18(19)22-25-23(32)21-15(2)24-20(6-5-13-30)29(21)26-22/h7-8,14,16,30-31H,4-6,9-13H2,1-3H3,(H,25,26,32)",RMVGSROAFYXEHG-UHFFFAOYSA-N,C(CCC1=NC(=C2N1NC(=NC2=O)C3=C(C=CC(=C3)S(=O)(=O)N4CCN(CC4)C(C)O)OCC)C)O,,,C23H32N6O6S,520.210403744,0.8621000000000008,1,1,1,BTM00121,BTM00121,Hydroxylation of terminal methyl,BTMR1061,"CYP1A2
CYP2A6
CYP2B6
CYP2C8
CYP2C9
CYP2C19
CYP2D6
CYP2E1
CYP3A4",HUMAN,BTM00015,CCCC1=NC(=C2N1NC(=NC2=O)C3=C(C=CC(=C3)S(=O)(=O)N4CCN(CC4)C(C)O)OCC)C,"InChI=1S/C23H32N6O5S/c1-5-7-20-24-15(3)21-23(31)25-22(26-29(20)21)18-14-17(8-9-19(18)34-6-2)35(32,33)28-12-10-27(11-13-28)16(4)30/h8-9,14,16,30H,5-7,10-13H2,1-4H3,(H,25,26,31)",JCINJFZGHWVDAB-UHFFFAOYSA-N,2.0878000000000037,504.215489124
"InChI=1S/C23H32N6O6S/c1-4-5-20-24-15(2)21-23(32)25-22(26-29(20)21)18-14-17(6-7-19(18)35-13-12-30)36(33,34)28-10-8-27(9-11-28)16(3)31/h6-7,14,16,30-31H,4-5,8-13H2,1-3H3,(H,25,26,32)",OBWDPKLJORVUEP-UHFFFAOYSA-N,CCCC1=NC(=C2N1NC(=NC2=O)C3=C(C=CC(=C3)S(=O)(=O)N4CCN(CC4)C(C)O)OCCO)C,,,C23H32N6O6S,520.210403744,1.1996000000000016,1,1,1,BTM00126,BTM00126,Hydroxylation of terminal methyl,BTMR1061,"CYP1A2
CYP2A6
CYP2B6
CYP2C8
CYP2C9
CYP2C19
CYP2D6
CYP2E1
CYP3A4",HUMAN,BTM00015,CCCC1=NC(=C2N1NC(=NC2=O)C3=C(C=CC(=C3)S(=O)(=O)N4CCN(CC4)C(C)O)OCC)C,"InChI=1S/C23H32N6O5S/c1-5-7-20-24-15(3)21-23(31)25-22(26-29(20)21)18-14-17(8-9-19(18)34-6-2)35(32,33)28-12-10-27(11-13-28)16(4)30/h8-9,14,16,30H,5-7,10-13H2,1-4H3,(H,25,26,31)",JCINJFZGHWVDAB-UHFFFAOYSA-N,2.0878000000000037,504.215489124
"InChI=1S/C23H32N6O6S/c1-4-6-19-24-15(3)21-23(32)25-22(26-29(19)21)17-13-16(7-8-18(17)35-5-2)36(33,34)28-11-9-27(10-12-28)20(31)14-30/h7-8,13,20,30-31H,4-6,9-12,14H2,1-3H3,(H,25,26,32)",IFDVFWRHLQIHAE-UHFFFAOYSA-N,CCCC1=NC(=C2N1NC(=NC2=O)C3=C(C=CC(=C3)S(=O)(=O)N4CCN(CC4)C(CO)O)OCC)C,,,C23H32N6O6S,520.210403744,1.5878000000000008,1,1,1,BTM00128,BTM00128,Hydroxylation of terminal methyl,BTMR1061,"CYP1A2
CYP2A6
CYP2B6
CYP2C8
CYP2C9
CYP2C19
CYP2D6
CYP2E1
CYP3A4",HUMAN,BTM00015,CCCC1=NC(=C2N1NC(=NC2=O)C3=C(C=CC(=C3)S(=O)(=O)N4CCN(CC4)C(C)O)OCC)C,"InChI=1S/C23H32N6O5S/c1-5-7-20-24-15(3)21-23(31)25-22(26-29(20)21)18-14-17(8-9-19(18)34-6-2)35(32,33)28-12-10-27(11-13-28)16(4)30/h8-9,14,16,30H,5-7,10-13H2,1-4H3,(H,25,26,31)",JCINJFZGHWVDAB-UHFFFAOYSA-N,2.0878000000000037,504.215489124
"InChI=1S/C23H30N6O5S/c1-5-7-20-24-15(3)21-23(31)25-22(26-29(20)21)18-14-17(8-9-19(18)34-6-2)35(32,33)28-12-10-27(11-13-28)16(4)30/h5,8-9,14,16,30H,1,6-7,10-13H2,2-4H3,(H,25,26,31)",MKBJYHXTOPYPHP-UHFFFAOYSA-N,C=CCC1=NC(=C2N1NC(=NC2=O)C3=C(C=CC(=C3)S(=O)(=O)N4CCN(CC4)C(C)O)OCC)C,,,C23H30N6O5S,502.19983906,1.6971000000000012,1,0,0,BTM00130,BTM00130,Terminal desaturation,BTMR1190,"CYP1A2
CYP2A6
CYP2C9
CYP2D6
CYP3A4",HUMAN,BTM00015,CCCC1=NC(=C2N1NC(=NC2=O)C3=C(C=CC(=C3)S(=O)(=O)N4CCN(CC4)C(C)O)OCC)C,"InChI=1S/C23H32N6O5S/c1-5-7-20-24-15(3)21-23(31)25-22(26-29(20)21)18-14-17(8-9-19(18)34-6-2)35(32,33)28-12-10-27(11-13-28)16(4)30/h8-9,14,16,30H,5-7,10-13H2,1-4H3,(H,25,26,31)",JCINJFZGHWVDAB-UHFFFAOYSA-N,2.0878000000000037,504.215489124
