InChI,InChIKey,SMILES,Synonyms,PUBCHEM_CID,Molecular formula,Major Isotope Mass,ALogP,Lipinski_Violations,Insecticide_Likeness_Violations,Post_Em_Herbicide_Likeness_Violations,Metabolite ID,cdk:Title,Reaction,Reaction ID,Enzyme(s),Biosystem,Precursor ID,Precursor SMILES,Precursor InChI,Precursor InChIKey,Precursor ALogP,Precursor Major Isotope Mass
"InChI=1S/C23H27ClN2O6S/c1-26(2,22-20(29)18(27)19(28)21(32-22)23(30)31)11-5-10-25-14-6-3-4-7-16(14)33-17-9-8-13(24)12-15(17)25/h3-4,6-9,12,18-22,27-29H,5,10-11H2,1-2H3/p+1",WOWWOPLXFLBDAN-UHFFFAOYSA-O,C[N+](C)(CCCN1C2=CC=CC=C2SC3=C1C=C(C=C3)Cl)C4OC(C(O)=O)C(C(C4O)O)O,,,[C23H28ClN2O6S]+,495.13566029599997,1.4386000000000005,0,1,1,BTM00001,BTM00001,N-Glucuronidation of tertiary aliphatic amine,BTMR0244,EC 2.4.1.17,HUMAN,,CN(C)CCCN1C2=CC=CC=C2SC3=C1C=C(C=C3)Cl,"InChI=1S/C17H19ClN2S/c1-19(2)10-5-11-20-14-6-3-4-7-16(14)21-17-9-8-13(18)12-15(17)20/h3-4,6-9,12H,5,10-11H2,1-2H3",ZPEIMTDSQAKGNT-UHFFFAOYSA-N,,318.0957
"InChI=1S/C5H11NO/c1-6(2)4-3-5-7/h5H,3-4H2,1-2H3",GSZKLTJTSQMAOD-UHFFFAOYSA-N,CN(C)CCC=O,,,C5H11NO,101.084063972,0.07180000000000042,0,0,0,BTM00002,BTM00002,N-Dealkylation of mixed tertiary amine,BTMR1145,"CYP1A2
CYP2A6
CYP2B6
CYP2C8
CYP2C9
CYP2C19
CYP2D6
CYP3A4",HUMAN,,CN(C)CCCN1C2=CC=CC=C2SC3=C1C=C(C=C3)Cl,"InChI=1S/C17H19ClN2S/c1-19(2)10-5-11-20-14-6-3-4-7-16(14)21-17-9-8-13(18)12-15(17)20/h3-4,6-9,12H,5,10-11H2,1-2H3",ZPEIMTDSQAKGNT-UHFFFAOYSA-N,,318.0957
"InChI=1S/C12H8ClNS/c13-8-5-6-12-10(7-8)14-9-3-1-2-4-11(9)15-12/h1-7,14H",KFZGLJSYQXZIGP-UHFFFAOYSA-N,N1C2=CC=CC=C2SC3=C1C=C(C=C3)Cl,,,C12H8ClNS,233.006597936,4.3329,0,0,0,BTM00003,BTM00003,N-Dealkylation of mixed tertiary amine,BTMR1145,"CYP1A2
CYP2A6
CYP2B6
CYP2C8
CYP2C9
CYP2C19
CYP2D6
CYP3A4",HUMAN,,CN(C)CCCN1C2=CC=CC=C2SC3=C1C=C(C=C3)Cl,"InChI=1S/C17H19ClN2S/c1-19(2)10-5-11-20-14-6-3-4-7-16(14)21-17-9-8-13(18)12-15(17)20/h3-4,6-9,12H,5,10-11H2,1-2H3",ZPEIMTDSQAKGNT-UHFFFAOYSA-N,,318.0957
"InChI=1S/C17H19ClN2OS/c1-19(2)10-13(21)11-20-14-5-3-4-6-16(14)22-17-8-7-12(18)9-15(17)20/h3-9,13,21H,10-11H2,1-2H3",AAOBFUBMMARQGD-UHFFFAOYSA-N,CN(C)CC(CN1C2=CC=CC=C2SC3=C1C=C(C=C3)Cl)O,,,C17H19ClN2OS,334.090661908,4.166799999999999,0,0,0,BTM00004,BTM00004,Hydroxylation of acyclic aliphatic secondary carbon,BTMR1063,"CYP1A2
CYP2A6
CYP2B6
CYP2C9
CYP2E1
CYP3A4",HUMAN,,CN(C)CCCN1C2=CC=CC=C2SC3=C1C=C(C=C3)Cl,"InChI=1S/C17H19ClN2S/c1-19(2)10-5-11-20-14-6-3-4-7-16(14)21-17-9-8-13(18)12-15(17)20/h3-4,6-9,12H,5,10-11H2,1-2H3",ZPEIMTDSQAKGNT-UHFFFAOYSA-N,,318.0957
"InChI=1S/C17H19ClN2OS/c1-19(2)10-5-11-20-14-6-3-4-7-16(14)22(21)17-9-8-13(18)12-15(17)20/h3-4,6-9,12H,5,10-11H2,1-2H3",QEPPAOXKZOTMPM-UHFFFAOYSA-N,CN(C)CCCN1C2=CC=CC=C2S(C3=C1C=C(C=C3)Cl)=O,,,C17H19ClN2OS,334.090661908,3.6281000000000003,0,0,0,BTM00005,BTM00005,S-Oxidation of diarylthioether to sulfoxide,BTMR0059,"CYP1A2
CYP2B6
CYP2D6
CYP3A4",HUMAN,,CN(C)CCCN1C2=CC=CC=C2SC3=C1C=C(C=C3)Cl,"InChI=1S/C17H19ClN2S/c1-19(2)10-5-11-20-14-6-3-4-7-16(14)21-17-9-8-13(18)12-15(17)20/h3-4,6-9,12H,5,10-11H2,1-2H3",ZPEIMTDSQAKGNT-UHFFFAOYSA-N,,318.0957
"InChI=1S/C17H19ClN2OS/c1-19(2)8-3-9-20-14-10-12(18)4-6-16(14)22-17-7-5-13(21)11-15(17)20/h4-7,10-11,21H,3,8-9H2,1-2H3",UBUDVAYGFVRZCO-UHFFFAOYSA-N,CN(C)CCCN1C2=CC(=CC=C2SC3=C1C=C(C=C3)Cl)O,,,C17H19ClN2OS,334.09066190799996,4.472499999999999,0,0,0,BTM00006,BTM00006,Aromatic hydroxylation of fused benzene ring,BTMR1030,"CYP1A2
CYP2A6
CYP2B6
CYP2C8
CYP2C9
CYP2C19
CYP2D6
CYP2E1
CYP3A4",HUMAN,,CN(C)CCCN1C2=CC=CC=C2SC3=C1C=C(C=C3)Cl,"InChI=1S/C17H19ClN2S/c1-19(2)10-5-11-20-14-6-3-4-7-16(14)21-17-9-8-13(18)12-15(17)20/h3-4,6-9,12H,5,10-11H2,1-2H3",ZPEIMTDSQAKGNT-UHFFFAOYSA-N,,318.0957
"InChI=1S/C17H19ClN2OS/c1-19(2)8-3-9-20-14-6-5-13(21)11-17(14)22-16-7-4-12(18)10-15(16)20/h4-7,10-11,21H,3,8-9H2,1-2H3",HICFFJZGXWEIHN-UHFFFAOYSA-N,CN(C)CCCN1C2=CC=C(C=C2SC3=C1C=C(C=C3)Cl)O,,,C17H19ClN2OS,334.09066190799996,4.472499999999999,0,0,0,BTM00007,BTM00007,Aromatic hydroxylation of fused benzene ring,BTMR1030,"CYP1A2
CYP2A6
CYP2B6
CYP2C8
CYP2C9
CYP2C19
CYP2D6
CYP2E1
CYP3A4",HUMAN,,CN(C)CCCN1C2=CC=CC=C2SC3=C1C=C(C=C3)Cl,"InChI=1S/C17H19ClN2S/c1-19(2)10-5-11-20-14-6-3-4-7-16(14)21-17-9-8-13(18)12-15(17)20/h3-4,6-9,12H,5,10-11H2,1-2H3",ZPEIMTDSQAKGNT-UHFFFAOYSA-N,,318.0957
"InChI=1S/C17H19ClN2OS/c1-19(2)8-5-9-20-13-6-3-4-7-16(13)22-17-11-15(21)12(18)10-14(17)20/h3-4,6-7,10-11,21H,5,8-9H2,1-2H3",SOUCXKDIHOVGPW-UHFFFAOYSA-N,CN(C)CCCN1C2=CC=CC=C2SC3=C1C=C(C(=C3)O)Cl,,,C17H19ClN2OS,334.0906619080001,4.472499999999999,0,0,0,BTM00008,BTM00008,Aromatic hydroxylation of fused benzene ring,BTMR1030,"CYP1A2
CYP2A6
CYP2B6
CYP2C8
CYP2C9
CYP2C19
CYP2D6
CYP2E1
CYP3A4",HUMAN,,CN(C)CCCN1C2=CC=CC=C2SC3=C1C=C(C=C3)Cl,"InChI=1S/C17H19ClN2S/c1-19(2)10-5-11-20-14-6-3-4-7-16(14)21-17-9-8-13(18)12-15(17)20/h3-4,6-9,12H,5,10-11H2,1-2H3",ZPEIMTDSQAKGNT-UHFFFAOYSA-N,,318.0957
"InChI=1S/C17H19ClN2OS/c1-20(2,21)11-5-10-19-14-6-3-4-7-16(14)22-17-9-8-13(18)12-15(17)19/h3-4,6-9,12H,5,10-11H2,1-2H3",LFDFWIIFGRXCFR-UHFFFAOYSA-N,C[N+](C)(CCCN1C2=CC=CC=C2SC3=C1C=C(C=C3)Cl)[O-],,,C17H19ClN2OS,334.09066190799996,4.3348,0,0,0,BTM00009,BTM00009,N-Oxidation of aliphatic tertiary amine,BTMR1100,"CYP1A2
CYP2D6
CYP3A4",HUMAN,,CN(C)CCCN1C2=CC=CC=C2SC3=C1C=C(C=C3)Cl,"InChI=1S/C17H19ClN2S/c1-19(2)10-5-11-20-14-6-3-4-7-16(14)21-17-9-8-13(18)12-15(17)20/h3-4,6-9,12H,5,10-11H2,1-2H3",ZPEIMTDSQAKGNT-UHFFFAOYSA-N,,318.0957
"InChI=1S/C17H19ClN2OS/c1-19(2)10-5-11-20-13-6-3-4-7-14(13)22-15-9-8-12(18)17(21)16(15)20/h3-4,6-9,21H,5,10-11H2,1-2H3",FWNNYTKAPJEWGR-UHFFFAOYSA-N,CN(C)CCCN1C2=CC=CC=C2SC3=C1C(=C(C=C3)Cl)O,,,C17H19ClN2OS,334.090661908,4.472499999999999,0,0,0,BTM00010,BTM00010,Hydroxylation of aromatic carbon ortho to halide group,BTMR1040,"CYP1A2
CYP2A6
CYP2B6
CYP2C8
CYP2C9
CYP2C19
CYP2D6
CYP2E1
CYP3A4",HUMAN,,CN(C)CCCN1C2=CC=CC=C2SC3=C1C=C(C=C3)Cl,"InChI=1S/C17H19ClN2S/c1-19(2)10-5-11-20-14-6-3-4-7-16(14)21-17-9-8-13(18)12-15(17)20/h3-4,6-9,12H,5,10-11H2,1-2H3",ZPEIMTDSQAKGNT-UHFFFAOYSA-N,,318.0957
"InChI=1S/C17H19ClN2OS/c1-19(2)8-5-9-20-13-6-3-4-7-16(13)22-17-11-15(21)12(18)10-14(17)20/h3-4,6-7,10-11,21H,5,8-9H2,1-2H3",SOUCXKDIHOVGPW-UHFFFAOYSA-N,CN(C)CCCN1C2=CC=CC=C2SC3=C1C=C(C(=C3)O)Cl,,,C17H19ClN2OS,334.0906619080001,4.472499999999999,0,0,0,BTM00008,BTM00008,Hydroxylation of aromatic carbon ortho to halide group,BTMR1040,"CYP1A2
CYP2A6
CYP2B6
CYP2C8
CYP2C9
CYP2C19
CYP2D6
CYP2E1
CYP3A4",HUMAN,,CN(C)CCCN1C2=CC=CC=C2SC3=C1C=C(C=C3)Cl,"InChI=1S/C17H19ClN2S/c1-19(2)10-5-11-20-14-6-3-4-7-16(14)21-17-9-8-13(18)12-15(17)20/h3-4,6-9,12H,5,10-11H2,1-2H3",ZPEIMTDSQAKGNT-UHFFFAOYSA-N,,318.0957
"InChI=1S/C16H17ClN2S/c1-18-9-4-10-19-13-5-2-3-6-15(13)20-16-8-7-12(17)11-14(16)19/h2-3,5-8,11,18H,4,9-10H2,1H3",YHFXGBOUSIKGMZ-UHFFFAOYSA-N,N(C)CCCN1C2=CC=CC=C2SC3=C1C=C(C=C3)Cl,,,C16H17ClN2S,304.080097224,4.204,0,0,0,BTM00011,BTM00011,N-Dealkylation of acyclic tertiary amine,BTMR1142,"CYP1A2
CYP2A6
CYP2B6
CYP2C8
CYP2C9
CYP2C19
CYP2D6
CYP2E1
CYP3A4",HUMAN,,CN(C)CCCN1C2=CC=CC=C2SC3=C1C=C(C=C3)Cl,"InChI=1S/C17H19ClN2S/c1-19(2)10-5-11-20-14-6-3-4-7-16(14)21-17-9-8-13(18)12-15(17)20/h3-4,6-9,12H,5,10-11H2,1-2H3",ZPEIMTDSQAKGNT-UHFFFAOYSA-N,,318.0957
"InChI=1S/C2H7N/c1-3-2/h3H,1-2H3",ROSDSFDQCJNGOL-UHFFFAOYSA-N,CNC,,,C2H7N,45.057849223999995,-0.21580000000000035,0,0,0,BTM00012,BTM00012,N-Dealkylation of acyclic tertiary amine,BTMR1142,"CYP1A2
CYP2A6
CYP2B6
CYP2C8
CYP2C9
CYP2C19
CYP2D6
CYP2E1
CYP3A4",HUMAN,,CN(C)CCCN1C2=CC=CC=C2SC3=C1C=C(C=C3)Cl,"InChI=1S/C17H19ClN2S/c1-19(2)10-5-11-20-14-6-3-4-7-16(14)21-17-9-8-13(18)12-15(17)20/h3-4,6-9,12H,5,10-11H2,1-2H3",ZPEIMTDSQAKGNT-UHFFFAOYSA-N,,318.0957
"InChI=1S/C15H12ClNOS/c16-11-6-7-15-13(10-11)17(8-3-9-18)12-4-1-2-5-14(12)19-15/h1-2,4-7,9-10H,3,8H2",LCOVLCMLZVPYOH-UHFFFAOYSA-N,C(CCN1C2=CC=CC=C2SC3=C1C=C(C=C3)Cl)=O,,,C15H12ClNOS,289.03281268399996,4.290499999999999,0,0,0,BTM00013,BTM00013,N-Dealkylation of acyclic tertiary amine,BTMR1142,"CYP1A2
CYP2A6
CYP2B6
CYP2C8
CYP2C9
CYP2C19
CYP2D6
CYP2E1
CYP3A4",HUMAN,,CN(C)CCCN1C2=CC=CC=C2SC3=C1C=C(C=C3)Cl,"InChI=1S/C17H19ClN2S/c1-19(2)10-5-11-20-14-6-3-4-7-16(14)21-17-9-8-13(18)12-15(17)20/h3-4,6-9,12H,5,10-11H2,1-2H3",ZPEIMTDSQAKGNT-UHFFFAOYSA-N,,318.0957
"InChI=1S/C17H19ClN2OS/c1-19(2)8-5-9-20-13-6-3-4-7-16(13)22-17-14(20)10-12(18)11-15(17)21/h3-4,6-7,10-11,21H,5,8-9H2,1-2H3",DAUHTAANXSPWBG-UHFFFAOYSA-N,CN(C)CCCN1C2=CC=CC=C2SC3=C1C=C(C=C3O)Cl,,,C17H19ClN2OS,334.09066190799996,4.472499999999999,0,0,0,BTM00014,BTM00014,Hydroxylation of aromatic carbon meta to halide group,BTMR1039,"CYP2A6
CYP2B6
CYP2C9
CYP2C19
CYP2E1
CYP3A4",HUMAN,,CN(C)CCCN1C2=CC=CC=C2SC3=C1C=C(C=C3)Cl,"InChI=1S/C17H19ClN2S/c1-19(2)10-5-11-20-14-6-3-4-7-16(14)21-17-9-8-13(18)12-15(17)20/h3-4,6-9,12H,5,10-11H2,1-2H3",ZPEIMTDSQAKGNT-UHFFFAOYSA-N,,318.0957
"InChI=1S/C17H19ClN2OS/c1-19(2)17(21)9-10-20-13-5-3-4-6-15(13)22-16-8-7-12(18)11-14(16)20/h3-8,11,17,21H,9-10H2,1-2H3",MAHDATQQSIZCHF-UHFFFAOYSA-N,CN(C)C(CCN1C2=CC=CC=C2SC3=C1C=C(C=C3)Cl)O,,,C17H19ClN2OS,334.090661908,4.5934,0,0,0,BTM00015,BTM00015,Aliphatic hydroxylation of carbon alpha to secondary or tertiary alkyl-N,BTMR1081,"CYP2B6
CYP2C19
CYP2D6",HUMAN,,CN(C)CCCN1C2=CC=CC=C2SC3=C1C=C(C=C3)Cl,"InChI=1S/C17H19ClN2S/c1-19(2)10-5-11-20-14-6-3-4-7-16(14)21-17-9-8-13(18)12-15(17)20/h3-4,6-9,12H,5,10-11H2,1-2H3",ZPEIMTDSQAKGNT-UHFFFAOYSA-N,,318.0957
"InChI=1S/C17H19ClN2OS/c1-19(2)10-9-17(21)20-13-5-3-4-6-15(13)22-16-8-7-12(18)11-14(16)20/h3-8,11,17,21H,9-10H2,1-2H3",BQBPSWZTIHUXGP-UHFFFAOYSA-N,CN(C)CCC(N1C2=CC=CC=C2SC3=C1C=C(C=C3)Cl)O,,,C17H19ClN2OS,334.09066190799996,4.5934,0,0,0,BTM00016,BTM00016,Aliphatic hydroxylation of carbon alpha to secondary or tertiary alkyl-N,BTMR1081,"CYP2B6
CYP2C19
CYP2D6",HUMAN,,CN(C)CCCN1C2=CC=CC=C2SC3=C1C=C(C=C3)Cl,"InChI=1S/C17H19ClN2S/c1-19(2)10-5-11-20-14-6-3-4-7-16(14)21-17-9-8-13(18)12-15(17)20/h3-4,6-9,12H,5,10-11H2,1-2H3",ZPEIMTDSQAKGNT-UHFFFAOYSA-N,,318.0957
"InChI=1S/C5H13NO/c1-6(2)4-3-5-7/h7H,3-5H2,1-2H3",PYSGFFTXMUWEOT-UHFFFAOYSA-N,CN(C)CCCO,,,C5H13NO,103.099714036,-0.15690000000000026,0,0,0,BTM00017,BTM00017,Reduction of aldehyde,BTMR0367,EC 1.1.1.184,HUMAN,BTM00002,CN(C)CCC=O,"InChI=1S/C5H11NO/c1-6(2)4-3-5-7/h5H,3-4H2,1-2H3",GSZKLTJTSQMAOD-UHFFFAOYSA-N,0.07180000000000042,101.084063972
"InChI=1S/C5H11NO2/c1-6(2)4-3-5(7)8/h3-4H2,1-2H3,(H,7,8)",JMOXSQYGVIXBBZ-UHFFFAOYSA-N,CN(C)CCC(=O)O,,,C5H11NO2,117.078978592,0.024400000000000015,0,0,0,BTM00018,BTM00018,Aldehyde oxidation,BTMR0050,EC 1.2.3.1,HUMAN,BTM00002,CN(C)CCC=O,"InChI=1S/C5H11NO/c1-6(2)4-3-5-7/h5H,3-4H2,1-2H3",GSZKLTJTSQMAOD-UHFFFAOYSA-N,0.07180000000000042,101.084063972
"InChI=1S/C11H19NO7/c1-12(2,4-3-5-13)10-8(16)6(14)7(15)9(19-10)11(17)18/h5-10,14-16H,3-4H2,1-2H3/p+1",VZLUIPVQRWVKOI-UHFFFAOYSA-O,C[N+](C)(CCC=O)C1OC(C(O)=O)C(C(C1O)O)O,,,[C11H20NO7]+,278.12397697999995,-3.229499999999999,0,1,1,BTM00019,BTM00019,N-Glucuronidation of tertiary aliphatic amine,BTMR0244,EC 2.4.1.17,HUMAN,BTM00002,CN(C)CCC=O,"InChI=1S/C5H11NO/c1-6(2)4-3-5-7/h5H,3-4H2,1-2H3",GSZKLTJTSQMAOD-UHFFFAOYSA-N,0.07180000000000042,101.084063972
"InChI=1S/C23H27ClN2O7S/c1-25(2)10-13(32-23-20(29)18(27)19(28)21(33-23)22(30)31)11-26-14-5-3-4-6-16(14)34-17-8-7-12(24)9-15(17)26/h3-9,13,18-21,23,27-29H,10-11H2,1-2H3,(H,30,31)",IRYAAUJRKKERHX-UHFFFAOYSA-N,CN(C)CC(CN1C2=CC=CC=C2SC3=C1C=C(C=C3)Cl)OC4OC(C(O)=O)C(C(C4O)O)O,,,C23H27ClN2O7S,510.122749884,2.628800000000001,1,1,1,BTM00020,BTM00020,Alkyl-OH-glucuronidation,BTMR0165,EC 2.4.1.17,HUMAN,BTM00004,CN(C)CC(CN1C2=CC=CC=C2SC3=C1C=C(C=C3)Cl)O,"InChI=1S/C17H19ClN2OS/c1-19(2)10-13(21)11-20-14-5-3-4-6-16(14)22-17-8-7-12(18)9-15(17)20/h3-9,13,21H,10-11H2,1-2H3",AAOBFUBMMARQGD-UHFFFAOYSA-N,4.166799999999999,334.090661908
"InChI=1S/C23H27ClN2O7S/c1-26(2,22-20(30)18(28)19(29)21(33-22)23(31)32)11-13(27)10-25-14-5-3-4-6-16(14)34-17-8-7-12(24)9-15(17)25/h3-9,13,18-22,27-30H,10-11H2,1-2H3/p+1",JTXHHUTWAWHJRU-UHFFFAOYSA-O,C[N+](C)(CC(CN1C2=CC=CC=C2SC3=C1C=C(C=C3)Cl)O)C4OC(C(O)=O)C(C(C4O)O)O,,,[C23H28ClN2O7S]+,511.130574916,0.8655000000000012,1,1,1,BTM00021,BTM00021,N-Glucuronidation of tertiary aliphatic amine,BTMR0244,EC 2.4.1.17,HUMAN,BTM00004,CN(C)CC(CN1C2=CC=CC=C2SC3=C1C=C(C=C3)Cl)O,"InChI=1S/C17H19ClN2OS/c1-19(2)10-13(21)11-20-14-5-3-4-6-16(14)22-17-8-7-12(18)9-15(17)20/h3-9,13,21H,10-11H2,1-2H3",AAOBFUBMMARQGD-UHFFFAOYSA-N,4.166799999999999,334.090661908
"InChI=1S/C17H19ClN2O4S2/c1-19(2)10-13(24-26(21,22)23)11-20-14-5-3-4-6-16(14)25-17-8-7-12(18)9-15(17)20/h3-9,13H,10-11H2,1-2H3,(H,21,22,23)",BAGQUGVHULYIFK-UHFFFAOYSA-N,CN(C)CC(CN1C2=CC=CC=C2SC3=C1C=C(C=C3)Cl)OS(O)(=O)=O,,,C17H19ClN2O4S2,414.047476768,3.587499999999999,0,0,0,BTM00022,BTM00022,Sulfation of secondary alcohol,BTMR0502,EC 2.8.2.2,HUMAN,BTM00004,CN(C)CC(CN1C2=CC=CC=C2SC3=C1C=C(C=C3)Cl)O,"InChI=1S/C17H19ClN2OS/c1-19(2)10-13(21)11-20-14-5-3-4-6-16(14)22-17-8-7-12(18)9-15(17)20/h3-9,13,21H,10-11H2,1-2H3",AAOBFUBMMARQGD-UHFFFAOYSA-N,4.166799999999999,334.090661908
"InChI=1S/C17H19ClN2S/c1-19(2)10-5-11-20-14-6-3-4-7-16(14)21-17-9-8-13(18)12-15(17)20/h3-4,6-9,12H,5,10-11H2,1-2H3",ZPEIMTDSQAKGNT-UHFFFAOYSA-N,CN(C)CCCN1C2=CC=CC=C2SC3=C1C=C(C=C3)Cl,,,C17H19ClN2S,318.0957,,0,0,0,,,Reduction of sulfoxide to thioether,BTMR0152,EC 1.2.3.1,HUMAN,BTM00005,CN(C)CCCN1C2=CC=CC=C2S(C3=C1C=C(C=C3)Cl)=O,"InChI=1S/C17H19ClN2OS/c1-19(2)10-5-11-20-14-6-3-4-7-16(14)22(21)17-9-8-13(18)12-15(17)20/h3-4,6-9,12H,5,10-11H2,1-2H3",QEPPAOXKZOTMPM-UHFFFAOYSA-N,3.6281000000000003,334.090661908
"InChI=1S/C23H27ClN2O7S/c1-26(2,22-20(29)18(27)19(28)21(33-22)23(30)31)11-5-10-25-14-6-3-4-7-16(14)34(32)17-9-8-13(24)12-15(17)25/h3-4,6-9,12,18-22,27-29H,5,10-11H2,1-2H3/p+1",PSVLSLVXNPMAAI-UHFFFAOYSA-O,C[N+](C)(CCCN1C2=CC=CC=C2S(C3=C1C=C(C=C3)Cl)=O)C4OC(C(O)=O)C(C(C4O)O)O,,,[C23H28ClN2O7S]+,511.130574916,0.32680000000000053,1,1,1,BTM00023,BTM00023,N-Glucuronidation of tertiary aliphatic amine,BTMR0244,EC 2.4.1.17,HUMAN,BTM00005,CN(C)CCCN1C2=CC=CC=C2S(C3=C1C=C(C=C3)Cl)=O,"InChI=1S/C17H19ClN2OS/c1-19(2)10-5-11-20-14-6-3-4-7-16(14)22(21)17-9-8-13(18)12-15(17)20/h3-4,6-9,12H,5,10-11H2,1-2H3",QEPPAOXKZOTMPM-UHFFFAOYSA-N,3.6281000000000003,334.090661908
"InChI=1S/C23H27ClN2O7S/c1-25(2)8-3-9-26-14-10-12(24)4-6-16(14)34-17-7-5-13(11-15(17)26)32-23-20(29)18(27)19(28)21(33-23)22(30)31/h4-7,10-11,18-21,23,27-29H,3,8-9H2,1-2H3,(H,30,31)",TVYXBMFWYYDDBW-UHFFFAOYSA-N,CN(C)CCCN1C2=CC(=CC=C2SC3=C1C=C(C=C3)Cl)OC4OC(C(O)=O)C(C(C4O)O)O,,,C23H27ClN2O7S,510.122749884,2.777000000000003,1,1,1,BTM00024,BTM00024,Aromatic OH-glucuronidation,BTMR0166,EC 2.4.1.17,HUMAN,BTM00006,CN(C)CCCN1C2=CC(=CC=C2SC3=C1C=C(C=C3)Cl)O,"InChI=1S/C17H19ClN2OS/c1-19(2)8-3-9-20-14-10-12(18)4-6-16(14)22-17-7-5-13(21)11-15(17)20/h4-7,10-11,21H,3,8-9H2,1-2H3",UBUDVAYGFVRZCO-UHFFFAOYSA-N,4.472499999999999,334.09066190799996
"InChI=1S/C23H27ClN2O7S/c1-26(2,22-20(30)18(28)19(29)21(33-22)23(31)32)9-3-8-25-14-10-12(24)4-6-16(14)34-17-7-5-13(27)11-15(17)25/h4-7,10-11,18-22,28-30H,3,8-9H2,1-2H3,(H-,27,31,32)/p+1",NPKLZVNEYSBVIJ-UHFFFAOYSA-O,C[N+](C)(CCCN1C2=CC(=CC=C2SC3=C1C=C(C=C3)Cl)O)C4OC(C(O)=O)C(C(C4O)O)O,,,[C23H28ClN2O7S]+,511.13057491599994,1.1712000000000025,1,1,1,BTM00025,BTM00025,N-Glucuronidation of tertiary aliphatic amine,BTMR0244,EC 2.4.1.17,HUMAN,BTM00006,CN(C)CCCN1C2=CC(=CC=C2SC3=C1C=C(C=C3)Cl)O,"InChI=1S/C17H19ClN2OS/c1-19(2)8-3-9-20-14-10-12(18)4-6-16(14)22-17-7-5-13(21)11-15(17)20/h4-7,10-11,21H,3,8-9H2,1-2H3",UBUDVAYGFVRZCO-UHFFFAOYSA-N,4.472499999999999,334.09066190799996
"InChI=1S/C17H19ClN2O4S2/c1-19(2)8-3-9-20-14-10-12(18)4-6-16(14)25-17-7-5-13(11-15(17)20)24-26(21,22)23/h4-7,10-11H,3,8-9H2,1-2H3,(H,21,22,23)",FZASJZXEHZNDGA-UHFFFAOYSA-N,CN(C)CCCN1C2=CC(=CC=C2SC3=C1C=C(C=C3)Cl)OS(O)(=O)=O,,,C17H19ClN2O4S2,414.04747676799997,3.735699999999999,0,0,0,BTM00026,BTM00026,Sulfonation of phenolic compound,BTMR1376,EC 2.8.2.1,HUMAN,BTM00006,CN(C)CCCN1C2=CC(=CC=C2SC3=C1C=C(C=C3)Cl)O,"InChI=1S/C17H19ClN2OS/c1-19(2)8-3-9-20-14-10-12(18)4-6-16(14)22-17-7-5-13(21)11-15(17)20/h4-7,10-11,21H,3,8-9H2,1-2H3",UBUDVAYGFVRZCO-UHFFFAOYSA-N,4.472499999999999,334.09066190799996
"InChI=1S/C18H21ClN2OS/c1-20(2)9-4-10-21-15-11-13(19)5-7-17(15)23-18-8-6-14(22-3)12-16(18)21/h5-8,11-12H,4,9-10H2,1-3H3",PHFGHPHFFRTZMF-UHFFFAOYSA-N,CN(C)CCCN1C2=CC(=CC=C2SC3=C1C=C(C=C3)Cl)OC,,,C18H21ClN2OS,348.106311972,4.723500000000002,0,0,0,BTM00027,BTM00027,Methylation of phenolic compound,BTMR1377,EC 2.1.1.25,HUMAN,BTM00006,CN(C)CCCN1C2=CC(=CC=C2SC3=C1C=C(C=C3)Cl)O,"InChI=1S/C17H19ClN2OS/c1-19(2)8-3-9-20-14-10-12(18)4-6-16(14)22-17-7-5-13(21)11-15(17)20/h4-7,10-11,21H,3,8-9H2,1-2H3",UBUDVAYGFVRZCO-UHFFFAOYSA-N,4.472499999999999,334.09066190799996
"InChI=1S/C23H27ClN2O7S/c1-25(2)8-3-9-26-14-6-5-13(11-17(14)34-16-7-4-12(24)10-15(16)26)32-23-20(29)18(27)19(28)21(33-23)22(30)31/h4-7,10-11,18-21,23,27-29H,3,8-9H2,1-2H3,(H,30,31)",WLFAHTNGYCRUOM-UHFFFAOYSA-N,CN(C)CCCN1C2=CC=C(C=C2SC3=C1C=C(C=C3)Cl)OC4OC(C(O)=O)C(C(C4O)O)O,,,C23H27ClN2O7S,510.122749884,2.777000000000003,1,1,1,BTM00028,BTM00028,Aromatic OH-glucuronidation,BTMR0166,EC 2.4.1.17,HUMAN,BTM00007,CN(C)CCCN1C2=CC=C(C=C2SC3=C1C=C(C=C3)Cl)O,"InChI=1S/C17H19ClN2OS/c1-19(2)8-3-9-20-14-6-5-13(21)11-17(14)22-16-7-4-12(18)10-15(16)20/h4-7,10-11,21H,3,8-9H2,1-2H3",HICFFJZGXWEIHN-UHFFFAOYSA-N,4.472499999999999,334.09066190799996
"InChI=1S/C23H27ClN2O7S/c1-26(2,22-20(30)18(28)19(29)21(33-22)23(31)32)9-3-8-25-14-6-5-13(27)11-17(14)34-16-7-4-12(24)10-15(16)25/h4-7,10-11,18-22,28-30H,3,8-9H2,1-2H3,(H-,27,31,32)/p+1",PZVSWZSPMKYAMG-UHFFFAOYSA-O,C[N+](C)(CCCN1C2=CC=C(C=C2SC3=C1C=C(C=C3)Cl)O)C4OC(C(O)=O)C(C(C4O)O)O,,,[C23H28ClN2O7S]+,511.130574916,1.1712000000000025,1,1,1,BTM00029,BTM00029,N-Glucuronidation of tertiary aliphatic amine,BTMR0244,EC 2.4.1.17,HUMAN,BTM00007,CN(C)CCCN1C2=CC=C(C=C2SC3=C1C=C(C=C3)Cl)O,"InChI=1S/C17H19ClN2OS/c1-19(2)8-3-9-20-14-6-5-13(21)11-17(14)22-16-7-4-12(18)10-15(16)20/h4-7,10-11,21H,3,8-9H2,1-2H3",HICFFJZGXWEIHN-UHFFFAOYSA-N,4.472499999999999,334.09066190799996
"InChI=1S/C17H19ClN2O4S2/c1-19(2)8-3-9-20-14-6-5-13(24-26(21,22)23)11-17(14)25-16-7-4-12(18)10-15(16)20/h4-7,10-11H,3,8-9H2,1-2H3,(H,21,22,23)",SYSLWGPMSPIBNJ-UHFFFAOYSA-N,CN(C)CCCN1C2=CC=C(C=C2SC3=C1C=C(C=C3)Cl)OS(O)(=O)=O,,,C17H19ClN2O4S2,414.047476768,3.735699999999999,0,0,0,BTM00030,BTM00030,Sulfonation of phenolic compound,BTMR1376,EC 2.8.2.1,HUMAN,BTM00007,CN(C)CCCN1C2=CC=C(C=C2SC3=C1C=C(C=C3)Cl)O,"InChI=1S/C17H19ClN2OS/c1-19(2)8-3-9-20-14-6-5-13(21)11-17(14)22-16-7-4-12(18)10-15(16)20/h4-7,10-11,21H,3,8-9H2,1-2H3",HICFFJZGXWEIHN-UHFFFAOYSA-N,4.472499999999999,334.09066190799996
"InChI=1S/C18H21ClN2OS/c1-20(2)9-4-10-21-15-7-6-14(22-3)12-18(15)23-17-8-5-13(19)11-16(17)21/h5-8,11-12H,4,9-10H2,1-3H3",CHMLDEAVRCQBPF-UHFFFAOYSA-N,CN(C)CCCN1C2=CC=C(C=C2SC3=C1C=C(C=C3)Cl)OC,,,C18H21ClN2OS,348.106311972,4.723500000000002,0,0,0,BTM00031,BTM00031,Methylation of phenolic compound,BTMR1377,EC 2.1.1.25,HUMAN,BTM00007,CN(C)CCCN1C2=CC=C(C=C2SC3=C1C=C(C=C3)Cl)O,"InChI=1S/C17H19ClN2OS/c1-19(2)8-3-9-20-14-6-5-13(21)11-17(14)22-16-7-4-12(18)10-15(16)20/h4-7,10-11,21H,3,8-9H2,1-2H3",HICFFJZGXWEIHN-UHFFFAOYSA-N,4.472499999999999,334.09066190799996
"InChI=1S/C23H27ClN2O7S/c1-25(2)8-5-9-26-13-6-3-4-7-16(13)34-17-11-15(12(24)10-14(17)26)32-23-20(29)18(27)19(28)21(33-23)22(30)31/h3-4,6-7,10-11,18-21,23,27-29H,5,8-9H2,1-2H3,(H,30,31)",UKYXPAQOLQYGSC-UHFFFAOYSA-N,CN(C)CCCN1C2=CC=CC=C2SC3=C1C=C(C(=C3)OC4OC(C(O)=O)C(C(C4O)O)O)Cl,,,C23H27ClN2O7S,510.122749884,2.777000000000003,1,1,1,BTM00032,BTM00032,Aromatic OH-glucuronidation,BTMR0166,EC 2.4.1.17,HUMAN,BTM00008,CN(C)CCCN1C2=CC=CC=C2SC3=C1C=C(C(=C3)O)Cl,"InChI=1S/C17H19ClN2OS/c1-19(2)8-5-9-20-13-6-3-4-7-16(13)22-17-11-15(21)12(18)10-14(17)20/h3-4,6-7,10-11,21H,5,8-9H2,1-2H3",SOUCXKDIHOVGPW-UHFFFAOYSA-N,4.472499999999999,334.0906619080001
"InChI=1S/C23H27ClN2O7S/c1-26(2,22-20(30)18(28)19(29)21(33-22)23(31)32)9-5-8-25-13-6-3-4-7-16(13)34-17-11-15(27)12(24)10-14(17)25/h3-4,6-7,10-11,18-22,28-30H,5,8-9H2,1-2H3,(H-,27,31,32)/p+1",HSZNYYSJPGDYFZ-UHFFFAOYSA-O,C[N+](C)(CCCN1C2=CC=CC=C2SC3=C1C=C(C(=C3)O)Cl)C4OC(C(O)=O)C(C(C4O)O)O,,,[C23H28ClN2O7S]+,511.13057491599994,1.1712000000000025,1,1,1,BTM00033,BTM00033,N-Glucuronidation of tertiary aliphatic amine,BTMR0244,EC 2.4.1.17,HUMAN,BTM00008,CN(C)CCCN1C2=CC=CC=C2SC3=C1C=C(C(=C3)O)Cl,"InChI=1S/C17H19ClN2OS/c1-19(2)8-5-9-20-13-6-3-4-7-16(13)22-17-11-15(21)12(18)10-14(17)20/h3-4,6-7,10-11,21H,5,8-9H2,1-2H3",SOUCXKDIHOVGPW-UHFFFAOYSA-N,4.472499999999999,334.0906619080001
"InChI=1S/C17H19ClN2O4S2/c1-19(2)8-5-9-20-13-6-3-4-7-16(13)25-17-11-15(24-26(21,22)23)12(18)10-14(17)20/h3-4,6-7,10-11H,5,8-9H2,1-2H3,(H,21,22,23)",VNKVUAIOBYTLEV-UHFFFAOYSA-N,CN(C)CCCN1C2=CC=CC=C2SC3=C1C=C(C(=C3)OS(O)(=O)=O)Cl,,,C17H19ClN2O4S2,414.04747676799997,3.735699999999999,0,0,0,BTM00034,BTM00034,Sulfonation of phenolic compound,BTMR1376,EC 2.8.2.1,HUMAN,BTM00008,CN(C)CCCN1C2=CC=CC=C2SC3=C1C=C(C(=C3)O)Cl,"InChI=1S/C17H19ClN2OS/c1-19(2)8-5-9-20-13-6-3-4-7-16(13)22-17-11-15(21)12(18)10-14(17)20/h3-4,6-7,10-11,21H,5,8-9H2,1-2H3",SOUCXKDIHOVGPW-UHFFFAOYSA-N,4.472499999999999,334.0906619080001
"InChI=1S/C18H21ClN2OS/c1-20(2)9-6-10-21-14-7-4-5-8-17(14)23-18-12-16(22-3)13(19)11-15(18)21/h4-5,7-8,11-12H,6,9-10H2,1-3H3",CEHKBRONOPQZSA-UHFFFAOYSA-N,CN(C)CCCN1C2=CC=CC=C2SC3=C1C=C(C(=C3)OC)Cl,,,C18H21ClN2OS,348.10631197199996,4.723500000000002,0,0,0,BTM00035,BTM00035,Methylation of phenolic compound,BTMR1377,EC 2.1.1.25,HUMAN,BTM00008,CN(C)CCCN1C2=CC=CC=C2SC3=C1C=C(C(=C3)O)Cl,"InChI=1S/C17H19ClN2OS/c1-19(2)8-5-9-20-13-6-3-4-7-16(13)22-17-11-15(21)12(18)10-14(17)20/h3-4,6-7,10-11,21H,5,8-9H2,1-2H3",SOUCXKDIHOVGPW-UHFFFAOYSA-N,4.472499999999999,334.0906619080001
"InChI=1S/C23H27ClN2O7S/c1-26(2,33-23-20(29)18(27)19(28)21(32-23)22(30)31)11-5-10-25-14-6-3-4-7-16(14)34-17-9-8-13(24)12-15(17)25/h3-4,6-9,12,18-21,23,27-29H,5,10-11H2,1-2H3/p+1",IFSLSDJWQFYEOE-UHFFFAOYSA-O,C[N+](C)(CCCN1C2=CC=CC=C2SC3=C1C=C(C=C3)Cl)OC4OC(C(O)C(O)C4O)C(O)=O,,,[C23H28ClN2O7S]+,511.130574916,1.2845000000000004,1,1,1,BTM00036,BTM00036,O-Glucuronidation of N-oxide,BTMR0184,EC 2.4.1.17,HUMAN,BTM00009,C[N+](C)(CCCN1C2=CC=CC=C2SC3=C1C=C(C=C3)Cl)[O-],"InChI=1S/C17H19ClN2OS/c1-20(2,21)11-5-10-19-14-6-3-4-7-16(14)22-17-9-8-13(18)12-15(17)19/h3-4,6-9,12H,5,10-11H2,1-2H3",LFDFWIIFGRXCFR-UHFFFAOYSA-N,4.3348,334.09066190799996
"InChI=1S/C23H27ClN2O7S/c1-25(2)10-5-11-26-13-6-3-4-7-14(13)34-15-9-8-12(24)20(16(15)26)32-23-19(29)17(27)18(28)21(33-23)22(30)31/h3-4,6-9,17-19,21,23,27-29H,5,10-11H2,1-2H3,(H,30,31)",YIFGDHWLQPMAMZ-UHFFFAOYSA-N,CN(C)CCCN1C2=CC=CC=C2SC3=C1C(=C(C=C3)Cl)OC4OC(C(O)=O)C(C(C4O)O)O,,,C23H27ClN2O7S,510.122749884,2.777000000000003,1,1,1,BTM00037,BTM00037,Aromatic OH-glucuronidation,BTMR0166,EC 2.4.1.17,HUMAN,BTM00010,CN(C)CCCN1C2=CC=CC=C2SC3=C1C(=C(C=C3)Cl)O,"InChI=1S/C17H19ClN2OS/c1-19(2)10-5-11-20-13-6-3-4-7-14(13)22-15-9-8-12(18)17(21)16(15)20/h3-4,6-9,21H,5,10-11H2,1-2H3",FWNNYTKAPJEWGR-UHFFFAOYSA-N,4.472499999999999,334.090661908
"InChI=1S/C23H27ClN2O7S/c1-26(2,22-20(30)18(28)19(29)21(33-22)23(31)32)11-5-10-25-13-6-3-4-7-14(13)34-15-9-8-12(24)17(27)16(15)25/h3-4,6-9,18-22,28-30H,5,10-11H2,1-2H3,(H-,27,31,32)/p+1",YVNDAOYZWPDSEQ-UHFFFAOYSA-O,C[N+](C)(CCCN1C2=CC=CC=C2SC3=C1C(=C(C=C3)Cl)O)C4OC(C(O)=O)C(C(C4O)O)O,,,[C23H28ClN2O7S]+,511.130574916,1.1712000000000025,1,1,1,BTM00038,BTM00038,N-Glucuronidation of tertiary aliphatic amine,BTMR0244,EC 2.4.1.17,HUMAN,BTM00010,CN(C)CCCN1C2=CC=CC=C2SC3=C1C(=C(C=C3)Cl)O,"InChI=1S/C17H19ClN2OS/c1-19(2)10-5-11-20-13-6-3-4-7-14(13)22-15-9-8-12(18)17(21)16(15)20/h3-4,6-9,21H,5,10-11H2,1-2H3",FWNNYTKAPJEWGR-UHFFFAOYSA-N,4.472499999999999,334.090661908
"InChI=1S/C17H19ClN2O4S2/c1-19(2)10-5-11-20-13-6-3-4-7-14(13)25-15-9-8-12(18)17(16(15)20)24-26(21,22)23/h3-4,6-9H,5,10-11H2,1-2H3,(H,21,22,23)",MIULXZICTWLBEC-UHFFFAOYSA-N,CN(C)CCCN1C2=CC=CC=C2SC3=C1C(=C(C=C3)Cl)OS(O)(=O)=O,,,C17H19ClN2O4S2,414.047476768,3.735699999999999,0,0,0,BTM00039,BTM00039,Sulfonation of phenolic compound,BTMR1376,EC 2.8.2.1,HUMAN,BTM00010,CN(C)CCCN1C2=CC=CC=C2SC3=C1C(=C(C=C3)Cl)O,"InChI=1S/C17H19ClN2OS/c1-19(2)10-5-11-20-13-6-3-4-7-14(13)22-15-9-8-12(18)17(21)16(15)20/h3-4,6-9,21H,5,10-11H2,1-2H3",FWNNYTKAPJEWGR-UHFFFAOYSA-N,4.472499999999999,334.090661908
"InChI=1S/C18H21ClN2OS/c1-20(2)11-6-12-21-14-7-4-5-8-15(14)23-16-10-9-13(19)18(22-3)17(16)21/h4-5,7-10H,6,11-12H2,1-3H3",LGFWMCNEDIXKBD-UHFFFAOYSA-N,CN(C)CCCN1C2=CC=CC=C2SC3=C1C(=C(C=C3)Cl)OC,,,C18H21ClN2OS,348.10631197199996,4.723500000000002,0,0,0,BTM00040,BTM00040,Methylation of phenolic compound,BTMR1377,EC 2.1.1.25,HUMAN,BTM00010,CN(C)CCCN1C2=CC=CC=C2SC3=C1C(=C(C=C3)Cl)O,"InChI=1S/C17H19ClN2OS/c1-19(2)10-5-11-20-13-6-3-4-7-14(13)22-15-9-8-12(18)17(21)16(15)20/h3-4,6-9,21H,5,10-11H2,1-2H3",FWNNYTKAPJEWGR-UHFFFAOYSA-N,4.472499999999999,334.090661908
"InChI=1S/C15H14ClNOS/c16-11-6-7-15-13(10-11)17(8-3-9-18)12-4-1-2-5-14(12)19-15/h1-2,4-7,10,18H,3,8-9H2",HGMRAVXAXMAVSQ-UHFFFAOYSA-N,C(CCN1C2=CC=CC=C2SC3=C1C=C(C=C3)Cl)O,,,C15H14ClNOS,291.04846274799996,4.0618,0,0,0,BTM00041,BTM00041,Reduction of aldehyde,BTMR0367,EC 1.1.1.184,HUMAN,BTM00013,C(CCN1C2=CC=CC=C2SC3=C1C=C(C=C3)Cl)=O,"InChI=1S/C15H12ClNOS/c16-11-6-7-15-13(10-11)17(8-3-9-18)12-4-1-2-5-14(12)19-15/h1-2,4-7,9-10H,3,8H2",LCOVLCMLZVPYOH-UHFFFAOYSA-N,4.290499999999999,289.03281268399996
"InChI=1S/C15H12ClNO2S/c16-10-5-6-14-12(9-10)17(8-7-15(18)19)11-3-1-2-4-13(11)20-14/h1-6,9H,7-8H2,(H,18,19)",UJCWHJMOVUXQPX-UHFFFAOYSA-N,C(CCN1C2=CC=CC=C2SC3=C1C=C(C=C3)Cl)(=O)O,,,C15H12ClNO2S,305.027727304,4.243099999999999,0,0,0,BTM00042,BTM00042,Aldehyde oxidation,BTMR0050,EC 1.2.3.1,HUMAN,BTM00013,C(CCN1C2=CC=CC=C2SC3=C1C=C(C=C3)Cl)=O,"InChI=1S/C15H12ClNOS/c16-11-6-7-15-13(10-11)17(8-3-9-18)12-4-1-2-5-14(12)19-15/h1-2,4-7,9-10H,3,8H2",LCOVLCMLZVPYOH-UHFFFAOYSA-N,4.290499999999999,289.03281268399996
"InChI=1S/C23H27ClN2O7S/c1-25(2)8-5-9-26-13-6-3-4-7-16(13)34-21-14(26)10-12(24)11-15(21)32-23-19(29)17(27)18(28)20(33-23)22(30)31/h3-4,6-7,10-11,17-20,23,27-29H,5,8-9H2,1-2H3,(H,30,31)",QMNZVBSNMZJFJC-UHFFFAOYSA-N,CN(C)CCCN1C2=CC=CC=C2SC3=C1C=C(C=C3OC4OC(C(O)=O)C(C(C4O)O)O)Cl,,,C23H27ClN2O7S,510.122749884,2.777000000000003,1,1,1,BTM00043,BTM00043,Aromatic OH-glucuronidation,BTMR0166,EC 2.4.1.17,HUMAN,BTM00014,CN(C)CCCN1C2=CC=CC=C2SC3=C1C=C(C=C3O)Cl,"InChI=1S/C17H19ClN2OS/c1-19(2)8-5-9-20-13-6-3-4-7-16(13)22-17-14(20)10-12(18)11-15(17)21/h3-4,6-7,10-11,21H,5,8-9H2,1-2H3",DAUHTAANXSPWBG-UHFFFAOYSA-N,4.472499999999999,334.09066190799996
"InChI=1S/C23H27ClN2O7S/c1-26(2,22-19(30)17(28)18(29)20(33-22)23(31)32)9-5-8-25-13-6-3-4-7-16(13)34-21-14(25)10-12(24)11-15(21)27/h3-4,6-7,10-11,17-20,22,28-30H,5,8-9H2,1-2H3,(H-,27,31,32)/p+1",YQDHRHZQNJEINY-UHFFFAOYSA-O,C[N+](C)(CCCN1C2=CC=CC=C2SC3=C1C=C(C=C3O)Cl)C4OC(C(O)=O)C(C(C4O)O)O,,,[C23H28ClN2O7S]+,511.130574916,1.1712000000000025,1,1,1,BTM00044,BTM00044,N-Glucuronidation of tertiary aliphatic amine,BTMR0244,EC 2.4.1.17,HUMAN,BTM00014,CN(C)CCCN1C2=CC=CC=C2SC3=C1C=C(C=C3O)Cl,"InChI=1S/C17H19ClN2OS/c1-19(2)8-5-9-20-13-6-3-4-7-16(13)22-17-14(20)10-12(18)11-15(17)21/h3-4,6-7,10-11,21H,5,8-9H2,1-2H3",DAUHTAANXSPWBG-UHFFFAOYSA-N,4.472499999999999,334.09066190799996
"InChI=1S/C17H19ClN2O4S2/c1-19(2)8-5-9-20-13-6-3-4-7-16(13)25-17-14(20)10-12(18)11-15(17)24-26(21,22)23/h3-4,6-7,10-11H,5,8-9H2,1-2H3,(H,21,22,23)",ABHQQEFHMYSCOZ-UHFFFAOYSA-N,CN(C)CCCN1C2=CC=CC=C2SC3=C1C=C(C=C3OS(O)(=O)=O)Cl,,,C17H19ClN2O4S2,414.04747676799997,3.735699999999999,0,0,0,BTM00045,BTM00045,Sulfonation of phenolic compound,BTMR1376,EC 2.8.2.1,HUMAN,BTM00014,CN(C)CCCN1C2=CC=CC=C2SC3=C1C=C(C=C3O)Cl,"InChI=1S/C17H19ClN2OS/c1-19(2)8-5-9-20-13-6-3-4-7-16(13)22-17-14(20)10-12(18)11-15(17)21/h3-4,6-7,10-11,21H,5,8-9H2,1-2H3",DAUHTAANXSPWBG-UHFFFAOYSA-N,4.472499999999999,334.09066190799996
"InChI=1S/C18H21ClN2OS/c1-20(2)9-6-10-21-14-7-4-5-8-17(14)23-18-15(21)11-13(19)12-16(18)22-3/h4-5,7-8,11-12H,6,9-10H2,1-3H3",YVFINWRFEHRJTD-UHFFFAOYSA-N,CN(C)CCCN1C2=CC=CC=C2SC3=C1C=C(C=C3OC)Cl,,,C18H21ClN2OS,348.10631197199996,4.723500000000002,0,0,0,BTM00046,BTM00046,Methylation of phenolic compound,BTMR1377,EC 2.1.1.25,HUMAN,BTM00014,CN(C)CCCN1C2=CC=CC=C2SC3=C1C=C(C=C3O)Cl,"InChI=1S/C17H19ClN2OS/c1-19(2)8-5-9-20-13-6-3-4-7-16(13)22-17-14(20)10-12(18)11-15(17)21/h3-4,6-7,10-11,21H,5,8-9H2,1-2H3",DAUHTAANXSPWBG-UHFFFAOYSA-N,4.472499999999999,334.09066190799996
"InChI=1S/C23H27ClN2O7S/c1-26(2,22-20(30)18(28)19(29)21(33-22)23(31)32)17(27)9-10-25-13-5-3-4-6-15(13)34-16-8-7-12(24)11-14(16)25/h3-8,11,17-22,27-30H,9-10H2,1-2H3/p+1",IWTKFVRROKEXSI-UHFFFAOYSA-O,C[N+](C)(C(CCN1C2=CC=CC=C2SC3=C1C=C(C=C3)Cl)O)C4OC(C(O)=O)C(C(C4O)O)O,,,[C23H28ClN2O7S]+,511.130574916,1.2921000000000014,1,1,1,BTM00047,BTM00047,N-Glucuronidation of tertiary aliphatic amine,BTMR0244,EC 2.4.1.17,HUMAN,BTM00015,CN(C)C(CCN1C2=CC=CC=C2SC3=C1C=C(C=C3)Cl)O,"InChI=1S/C17H19ClN2OS/c1-19(2)17(21)9-10-20-13-5-3-4-6-15(13)22-16-8-7-12(18)11-14(16)20/h3-8,11,17,21H,9-10H2,1-2H3",MAHDATQQSIZCHF-UHFFFAOYSA-N,4.5934,334.090661908
"InChI=1S/C23H27ClN2O7S/c1-26(2,22-20(30)18(28)19(29)21(33-22)23(31)32)10-9-17(27)25-13-5-3-4-6-15(13)34-16-8-7-12(24)11-14(16)25/h3-8,11,17-22,27-30H,9-10H2,1-2H3/p+1",HFWBWHIJIMLRRO-UHFFFAOYSA-O,C[N+](C)(CCC(N1C2=CC=CC=C2SC3=C1C=C(C=C3)Cl)O)C4OC(C(O)=O)C(C(C4O)O)O,,,[C23H28ClN2O7S]+,511.130574916,1.2921000000000014,1,1,1,BTM00048,BTM00048,N-Glucuronidation of tertiary aliphatic amine,BTMR0244,EC 2.4.1.17,HUMAN,BTM00016,CN(C)CCC(N1C2=CC=CC=C2SC3=C1C=C(C=C3)Cl)O,"InChI=1S/C17H19ClN2OS/c1-19(2)10-9-17(21)20-13-5-3-4-6-15(13)22-16-8-7-12(18)11-14(16)20/h3-8,11,17,21H,9-10H2,1-2H3",BQBPSWZTIHUXGP-UHFFFAOYSA-N,4.5934,334.09066190799996
"InChI=1S/C5H11NO2/c1-6(2,8)4-3-5-7/h5H,3-4H2,1-2H3",GPKWGLGIJSMDKT-UHFFFAOYSA-N,C[N+](C)(CCC=O)[O-],,,C5H11NO2,117.078978592,-0.3332999999999995,0,0,0,BTM00049,BTM00049,N-Oxidation of aliphatic tertiary amine,BTMR1100,"CYP1A2
CYP2D6
CYP3A4",HUMAN,BTM00002,CN(C)CCC=O,"InChI=1S/C5H11NO/c1-6(2)4-3-5-7/h5H,3-4H2,1-2H3",GSZKLTJTSQMAOD-UHFFFAOYSA-N,0.07180000000000042,101.084063972
"InChI=1S/C5H11NO2/c1-6(2)3-5(8)4-7/h4-5,8H,3H2,1-2H3",KJWQSYPEMHUDPX-UHFFFAOYSA-N,CN(C)CC(C=O)O,,,C5H11NO2,117.078978592,-0.4737000000000006,0,0,0,BTM00050,BTM00050,alpha-Hydroxylation of carbonyl group,BTMR1054,"CYP1A2
CYP2A6
CYP2B6
CYP2C8
CYP2C9
CYP2C19
CYP2D6
CYP3A4",HUMAN,BTM00002,CN(C)CCC=O,"InChI=1S/C5H11NO/c1-6(2)4-3-5-7/h5H,3-4H2,1-2H3",GSZKLTJTSQMAOD-UHFFFAOYSA-N,0.07180000000000042,101.084063972
"InChI=1S/C4H9NO/c1-5-3-2-4-6/h4-5H,2-3H2,1H3",AAOIVJJZEDSKPA-UHFFFAOYSA-N,N(C)CCC=O,,,C4H9NO,87.068413908,-0.464099999999999,0,0,0,BTM00051,BTM00051,N-Dealkylation of acyclic tertiary amine,BTMR1142,"CYP1A2
CYP2A6
CYP2B6
CYP2C8
CYP2C9
CYP2C19
CYP2D6
CYP2E1
CYP3A4",HUMAN,BTM00002,CN(C)CCC=O,"InChI=1S/C5H11NO/c1-6(2)4-3-5-7/h5H,3-4H2,1-2H3",GSZKLTJTSQMAOD-UHFFFAOYSA-N,0.07180000000000042,101.084063972
"InChI=1S/C2H7N/c1-3-2/h3H,1-2H3",ROSDSFDQCJNGOL-UHFFFAOYSA-N,CNC,,,C2H7N,45.057849223999995,-0.21580000000000035,0,0,0,BTM00012,BTM00012,N-Dealkylation of acyclic tertiary amine,BTMR1142,"CYP1A2
CYP2A6
CYP2B6
CYP2C8
CYP2C9
CYP2C19
CYP2D6
CYP2E1
CYP3A4",HUMAN,BTM00002,CN(C)CCC=O,"InChI=1S/C5H11NO/c1-6(2)4-3-5-7/h5H,3-4H2,1-2H3",GSZKLTJTSQMAOD-UHFFFAOYSA-N,0.07180000000000042,101.084063972
"InChI=1S/C3H4O2/c4-2-1-3-5/h2-3H,1H2",WSMYVTOQOOLQHP-UHFFFAOYSA-N,C(CC=O)=O,,,C3H4O2,72.021129368,-0.3500000000000001,0,0,0,BTM00052,BTM00052,N-Dealkylation of acyclic tertiary amine,BTMR1142,"CYP1A2
CYP2A6
CYP2B6
CYP2C8
CYP2C9
CYP2C19
CYP2D6
CYP2E1
CYP3A4",HUMAN,BTM00002,CN(C)CCC=O,"InChI=1S/C5H11NO/c1-6(2)4-3-5-7/h5H,3-4H2,1-2H3",GSZKLTJTSQMAOD-UHFFFAOYSA-N,0.07180000000000042,101.084063972
"InChI=1S/C5H11NO2/c1-6(2)5(8)3-4-7/h4-5,8H,3H2,1-2H3",GOXKADMCYGGOFE-UHFFFAOYSA-N,CN(C)C(CC=O)O,,,C5H11NO2,117.078978592,-0.2678999999999998,0,0,0,BTM00053,BTM00053,Aliphatic hydroxylation of carbon alpha to secondary or tertiary alkyl-N,BTMR1081,"CYP2B6
CYP2C19
CYP2D6",HUMAN,BTM00002,CN(C)CCC=O,"InChI=1S/C5H11NO/c1-6(2)4-3-5-7/h5H,3-4H2,1-2H3",GSZKLTJTSQMAOD-UHFFFAOYSA-N,0.07180000000000042,101.084063972
"InChI=1S/C12H8ClNOS/c13-8-5-6-12-10(7-8)14-9-3-1-2-4-11(9)16(12)15/h1-7,14H",HFIIJPQBZFAIHU-UHFFFAOYSA-N,N1C2=CC=CC=C2S(C3=C1C=C(C=C3)Cl)=O,,,C12H8ClNOS,249.001512556,3.2211000000000007,0,0,0,BTM00054,BTM00054,S-Oxidation of diarylthioether to sulfoxide,BTMR0059,"CYP1A2
CYP2B6
CYP2D6
CYP3A4",HUMAN,BTM00003,N1C2=CC=CC=C2SC3=C1C=C(C=C3)Cl,"InChI=1S/C12H8ClNS/c13-8-5-6-12-10(7-8)14-9-3-1-2-4-11(9)15-12/h1-7,14H",KFZGLJSYQXZIGP-UHFFFAOYSA-N,4.3329,233.006597936
"InChI=1S/C12H8ClNOS/c13-7-1-3-11-9(5-7)14-10-6-8(15)2-4-12(10)16-11/h1-6,14-15H",IVVXEUJFLBKGHN-UHFFFAOYSA-N,N1C2=CC(=CC=C2SC3=C1C=C(C=C3)Cl)O,,,C12H8ClNOS,249.001512556,4.0655,0,0,0,BTM00055,BTM00055,Aromatic hydroxylation of fused benzene ring,BTMR1030,"CYP1A2
CYP2A6
CYP2B6
CYP2C8
CYP2C9
CYP2C19
CYP2D6
CYP2E1
CYP3A4",HUMAN,BTM00003,N1C2=CC=CC=C2SC3=C1C=C(C=C3)Cl,"InChI=1S/C12H8ClNS/c13-8-5-6-12-10(7-8)14-9-3-1-2-4-11(9)15-12/h1-7,14H",KFZGLJSYQXZIGP-UHFFFAOYSA-N,4.3329,233.006597936
"InChI=1S/C12H8ClNOS/c13-7-1-4-11-10(5-7)14-9-3-2-8(15)6-12(9)16-11/h1-6,14-15H",CIAFBHJSFCQEBJ-UHFFFAOYSA-N,N1C2=CC=C(C=C2SC3=C1C=C(C=C3)Cl)O,,,C12H8ClNOS,249.001512556,4.0655,0,0,0,BTM00056,BTM00056,Aromatic hydroxylation of fused benzene ring,BTMR1030,"CYP1A2
CYP2A6
CYP2B6
CYP2C8
CYP2C9
CYP2C19
CYP2D6
CYP2E1
CYP3A4",HUMAN,BTM00003,N1C2=CC=CC=C2SC3=C1C=C(C=C3)Cl,"InChI=1S/C12H8ClNS/c13-8-5-6-12-10(7-8)14-9-3-1-2-4-11(9)15-12/h1-7,14H",KFZGLJSYQXZIGP-UHFFFAOYSA-N,4.3329,233.006597936
"InChI=1S/C12H8ClNOS/c13-7-5-9-12(6-10(7)15)16-11-4-2-1-3-8(11)14-9/h1-6,14-15H",PJNBXGVHMSNERP-UHFFFAOYSA-N,N1C2=CC=CC=C2SC3=C1C=C(C(=C3)O)Cl,,,C12H8ClNOS,249.001512556,4.0655,0,0,0,BTM00057,BTM00057,Aromatic hydroxylation of fused benzene ring,BTMR1030,"CYP1A2
CYP2A6
CYP2B6
CYP2C8
CYP2C9
CYP2C19
CYP2D6
CYP2E1
CYP3A4",HUMAN,BTM00003,N1C2=CC=CC=C2SC3=C1C=C(C=C3)Cl,"InChI=1S/C12H8ClNS/c13-8-5-6-12-10(7-8)14-9-3-1-2-4-11(9)15-12/h1-7,14H",KFZGLJSYQXZIGP-UHFFFAOYSA-N,4.3329,233.006597936
"InChI=1S/C12H8ClNOS/c13-7-5-6-10-11(12(7)15)14-8-3-1-2-4-9(8)16-10/h1-6,14-15H",ZNEHHSXLJXBSQR-UHFFFAOYSA-N,N1C2=CC=CC=C2SC3=C1C(=C(C=C3)Cl)O,,,C12H8ClNOS,249.001512556,4.0655,0,0,0,BTM00058,BTM00058,Hydroxylation of aromatic carbon ortho to halide group,BTMR1040,"CYP1A2
CYP2A6
CYP2B6
CYP2C8
CYP2C9
CYP2C19
CYP2D6
CYP2E1
CYP3A4",HUMAN,BTM00003,N1C2=CC=CC=C2SC3=C1C=C(C=C3)Cl,"InChI=1S/C12H8ClNS/c13-8-5-6-12-10(7-8)14-9-3-1-2-4-11(9)15-12/h1-7,14H",KFZGLJSYQXZIGP-UHFFFAOYSA-N,4.3329,233.006597936
"InChI=1S/C12H8ClNOS/c13-7-5-9-12(6-10(7)15)16-11-4-2-1-3-8(11)14-9/h1-6,14-15H",PJNBXGVHMSNERP-UHFFFAOYSA-N,N1C2=CC=CC=C2SC3=C1C=C(C(=C3)O)Cl,,,C12H8ClNOS,249.001512556,4.0655,0,0,0,BTM00057,BTM00057,Hydroxylation of aromatic carbon ortho to halide group,BTMR1040,"CYP1A2
CYP2A6
CYP2B6
CYP2C8
CYP2C9
CYP2C19
CYP2D6
CYP2E1
CYP3A4",HUMAN,BTM00003,N1C2=CC=CC=C2SC3=C1C=C(C=C3)Cl,"InChI=1S/C12H8ClNS/c13-8-5-6-12-10(7-8)14-9-3-1-2-4-11(9)15-12/h1-7,14H",KFZGLJSYQXZIGP-UHFFFAOYSA-N,4.3329,233.006597936
"InChI=1S/C12H8ClNOS/c13-7-5-9-12(10(15)6-7)16-11-4-2-1-3-8(11)14-9/h1-6,14-15H",WYBOARXJDPYPQK-UHFFFAOYSA-N,N1C2=CC=CC=C2SC3=C1C=C(C=C3O)Cl,,,C12H8ClNOS,249.001512556,4.0655,0,0,0,BTM00059,BTM00059,Hydroxylation of aromatic carbon meta to halide group,BTMR1039,"CYP2A6
CYP2B6
CYP2C9
CYP2C19
CYP2E1
CYP3A4",HUMAN,BTM00003,N1C2=CC=CC=C2SC3=C1C=C(C=C3)Cl,"InChI=1S/C12H8ClNS/c13-8-5-6-12-10(7-8)14-9-3-1-2-4-11(9)15-12/h1-7,14H",KFZGLJSYQXZIGP-UHFFFAOYSA-N,4.3329,233.006597936
"InChI=1S/C5H11NO2/c1-6(2)3-5(8)4-7/h4-5,8H,3H2,1-2H3",KJWQSYPEMHUDPX-UHFFFAOYSA-N,CN(C)CC(C=O)O,,,C5H11NO2,117.078978592,-0.4737000000000006,0,0,0,BTM00050,BTM00050,N-Dealkylation of mixed tertiary amine,BTMR1145,"CYP1A2
CYP2A6
CYP2B6
CYP2C8
CYP2C9
CYP2C19
CYP2D6
CYP3A4",HUMAN,BTM00004,CN(C)CC(CN1C2=CC=CC=C2SC3=C1C=C(C=C3)Cl)O,"InChI=1S/C17H19ClN2OS/c1-19(2)10-13(21)11-20-14-5-3-4-6-16(14)22-17-8-7-12(18)9-15(17)20/h3-9,13,21H,10-11H2,1-2H3",AAOBFUBMMARQGD-UHFFFAOYSA-N,4.166799999999999,334.090661908
"InChI=1S/C12H8ClNS/c13-8-5-6-12-10(7-8)14-9-3-1-2-4-11(9)15-12/h1-7,14H",KFZGLJSYQXZIGP-UHFFFAOYSA-N,N1C2=CC=CC=C2SC3=C1C=C(C=C3)Cl,,,C12H8ClNS,233.006597936,4.3329,0,0,0,BTM00003,BTM00003,N-Dealkylation of mixed tertiary amine,BTMR1145,"CYP1A2
CYP2A6
CYP2B6
CYP2C8
CYP2C9
CYP2C19
CYP2D6
CYP3A4",HUMAN,BTM00004,CN(C)CC(CN1C2=CC=CC=C2SC3=C1C=C(C=C3)Cl)O,"InChI=1S/C17H19ClN2OS/c1-19(2)10-13(21)11-20-14-5-3-4-6-16(14)22-17-8-7-12(18)9-15(17)20/h3-9,13,21H,10-11H2,1-2H3",AAOBFUBMMARQGD-UHFFFAOYSA-N,4.166799999999999,334.090661908
"InChI=1S/C17H19ClN2O2S/c1-19(2)10-13(21)11-20-14-5-3-4-6-16(14)23(22)17-8-7-12(18)9-15(17)20/h3-9,13,21H,10-11H2,1-2H3",RKYFWWYYRFUSBV-UHFFFAOYSA-N,CN(C)CC(CN1C2=CC=CC=C2S(C3=C1C=C(C=C3)Cl)=O)O,,,C17H19ClN2O2S,350.085576528,3.0549999999999993,0,0,0,BTM00060,BTM00060,S-Oxidation of diarylthioether to sulfoxide,BTMR0059,"CYP1A2
CYP2B6
CYP2D6
CYP3A4",HUMAN,BTM00004,CN(C)CC(CN1C2=CC=CC=C2SC3=C1C=C(C=C3)Cl)O,"InChI=1S/C17H19ClN2OS/c1-19(2)10-13(21)11-20-14-5-3-4-6-16(14)22-17-8-7-12(18)9-15(17)20/h3-9,13,21H,10-11H2,1-2H3",AAOBFUBMMARQGD-UHFFFAOYSA-N,4.166799999999999,334.090661908
"InChI=1S/C17H17ClN2OS/c1-19(2)10-13(21)11-20-14-5-3-4-6-16(14)22-17-8-7-12(18)9-15(17)20/h3-9H,10-11H2,1-2H3",LIOXLLDOUACJHS-UHFFFAOYSA-N,CN(C)CC(CN1C2=CC=CC=C2SC3=C1C=C(C=C3)Cl)=O,,,C17H17ClN2OS,332.07501184399996,4.4137,0,0,0,BTM00061,BTM00061,Oxidation of secondary alcohol to ketone,BTMR0079,"CYP1A2
CYP2C9
CYP2C19",HUMAN,BTM00004,CN(C)CC(CN1C2=CC=CC=C2SC3=C1C=C(C=C3)Cl)O,"InChI=1S/C17H19ClN2OS/c1-19(2)10-13(21)11-20-14-5-3-4-6-16(14)22-17-8-7-12(18)9-15(17)20/h3-9,13,21H,10-11H2,1-2H3",AAOBFUBMMARQGD-UHFFFAOYSA-N,4.166799999999999,334.090661908
"InChI=1S/C17H19ClN2O2S/c1-19(2)9-13(22)10-20-14-7-11(18)3-5-16(14)23-17-6-4-12(21)8-15(17)20/h3-8,13,21-22H,9-10H2,1-2H3",OPNGSESVCIQDFQ-UHFFFAOYSA-N,CN(C)CC(CN1C2=CC(=CC=C2SC3=C1C=C(C=C3)Cl)O)O,,,C17H19ClN2O2S,350.08557652800005,3.899400000000001,0,0,0,BTM00062,BTM00062,Aromatic hydroxylation of fused benzene ring,BTMR1030,"CYP1A2
CYP2A6
CYP2B6
CYP2C8
CYP2C9
CYP2C19
CYP2D6
CYP2E1
CYP3A4",HUMAN,BTM00004,CN(C)CC(CN1C2=CC=CC=C2SC3=C1C=C(C=C3)Cl)O,"InChI=1S/C17H19ClN2OS/c1-19(2)10-13(21)11-20-14-5-3-4-6-16(14)22-17-8-7-12(18)9-15(17)20/h3-9,13,21H,10-11H2,1-2H3",AAOBFUBMMARQGD-UHFFFAOYSA-N,4.166799999999999,334.090661908
"InChI=1S/C17H19ClN2O2S/c1-19(2)9-13(22)10-20-14-5-4-12(21)8-17(14)23-16-6-3-11(18)7-15(16)20/h3-8,13,21-22H,9-10H2,1-2H3",CWWJDOSXZYUPRH-UHFFFAOYSA-N,CN(C)CC(CN1C2=CC=C(C=C2SC3=C1C=C(C=C3)Cl)O)O,,,C17H19ClN2O2S,350.085576528,3.899400000000001,0,0,0,BTM00063,BTM00063,Aromatic hydroxylation of fused benzene ring,BTMR1030,"CYP1A2
CYP2A6
CYP2B6
CYP2C8
CYP2C9
CYP2C19
CYP2D6
CYP2E1
CYP3A4",HUMAN,BTM00004,CN(C)CC(CN1C2=CC=CC=C2SC3=C1C=C(C=C3)Cl)O,"InChI=1S/C17H19ClN2OS/c1-19(2)10-13(21)11-20-14-5-3-4-6-16(14)22-17-8-7-12(18)9-15(17)20/h3-9,13,21H,10-11H2,1-2H3",AAOBFUBMMARQGD-UHFFFAOYSA-N,4.166799999999999,334.090661908
"InChI=1S/C17H19ClN2O2S/c1-19(2)9-11(21)10-20-13-5-3-4-6-16(13)23-17-8-15(22)12(18)7-14(17)20/h3-8,11,21-22H,9-10H2,1-2H3",YETYQXCCMUUECN-UHFFFAOYSA-N,CN(C)CC(CN1C2=CC=CC=C2SC3=C1C=C(C(=C3)O)Cl)O,,,C17H19ClN2O2S,350.085576528,3.899400000000001,0,0,0,BTM00064,BTM00064,Aromatic hydroxylation of fused benzene ring,BTMR1030,"CYP1A2
CYP2A6
CYP2B6
CYP2C8
CYP2C9
CYP2C19
CYP2D6
CYP2E1
CYP3A4",HUMAN,BTM00004,CN(C)CC(CN1C2=CC=CC=C2SC3=C1C=C(C=C3)Cl)O,"InChI=1S/C17H19ClN2OS/c1-19(2)10-13(21)11-20-14-5-3-4-6-16(14)22-17-8-7-12(18)9-15(17)20/h3-9,13,21H,10-11H2,1-2H3",AAOBFUBMMARQGD-UHFFFAOYSA-N,4.166799999999999,334.090661908
"InChI=1S/C17H19ClN2O2S/c1-20(2,22)11-13(21)10-19-14-5-3-4-6-16(14)23-17-8-7-12(18)9-15(17)19/h3-9,13,21H,10-11H2,1-2H3",GODLAPQONPKQTJ-UHFFFAOYSA-N,C[N+](C)(CC(CN1C2=CC=CC=C2SC3=C1C=C(C=C3)Cl)O)[O-],,,C17H19ClN2O2S,350.08557652800005,3.7616999999999994,0,0,0,BTM00065,BTM00065,N-Oxidation of aliphatic tertiary amine,BTMR1100,"CYP1A2
CYP2D6
CYP3A4",HUMAN,BTM00004,CN(C)CC(CN1C2=CC=CC=C2SC3=C1C=C(C=C3)Cl)O,"InChI=1S/C17H19ClN2OS/c1-19(2)10-13(21)11-20-14-5-3-4-6-16(14)22-17-8-7-12(18)9-15(17)20/h3-9,13,21H,10-11H2,1-2H3",AAOBFUBMMARQGD-UHFFFAOYSA-N,4.166799999999999,334.090661908
"InChI=1S/C17H19ClN2O2S/c1-19(2)9-11(21)10-20-13-5-3-4-6-14(13)23-15-8-7-12(18)17(22)16(15)20/h3-8,11,21-22H,9-10H2,1-2H3",GFXLHJZOVVDXMN-UHFFFAOYSA-N,CN(C)CC(CN1C2=CC=CC=C2SC3=C1C(=C(C=C3)Cl)O)O,,,C17H19ClN2O2S,350.085576528,3.899400000000001,0,0,0,BTM00066,BTM00066,Hydroxylation of aromatic carbon ortho to halide group,BTMR1040,"CYP1A2
CYP2A6
CYP2B6
CYP2C8
CYP2C9
CYP2C19
CYP2D6
CYP2E1
CYP3A4",HUMAN,BTM00004,CN(C)CC(CN1C2=CC=CC=C2SC3=C1C=C(C=C3)Cl)O,"InChI=1S/C17H19ClN2OS/c1-19(2)10-13(21)11-20-14-5-3-4-6-16(14)22-17-8-7-12(18)9-15(17)20/h3-9,13,21H,10-11H2,1-2H3",AAOBFUBMMARQGD-UHFFFAOYSA-N,4.166799999999999,334.090661908
"InChI=1S/C17H19ClN2O2S/c1-19(2)9-11(21)10-20-13-5-3-4-6-16(13)23-17-8-15(22)12(18)7-14(17)20/h3-8,11,21-22H,9-10H2,1-2H3",YETYQXCCMUUECN-UHFFFAOYSA-N,CN(C)CC(CN1C2=CC=CC=C2SC3=C1C=C(C(=C3)O)Cl)O,,,C17H19ClN2O2S,350.085576528,3.899400000000001,0,0,0,BTM00064,BTM00064,Hydroxylation of aromatic carbon ortho to halide group,BTMR1040,"CYP1A2
CYP2A6
CYP2B6
CYP2C8
CYP2C9
CYP2C19
CYP2D6
CYP2E1
CYP3A4",HUMAN,BTM00004,CN(C)CC(CN1C2=CC=CC=C2SC3=C1C=C(C=C3)Cl)O,"InChI=1S/C17H19ClN2OS/c1-19(2)10-13(21)11-20-14-5-3-4-6-16(14)22-17-8-7-12(18)9-15(17)20/h3-9,13,21H,10-11H2,1-2H3",AAOBFUBMMARQGD-UHFFFAOYSA-N,4.166799999999999,334.090661908
"InChI=1S/C16H17ClN2OS/c1-18-9-12(20)10-19-13-4-2-3-5-15(13)21-16-7-6-11(17)8-14(16)19/h2-8,12,18,20H,9-10H2,1H3",WHWNUWUTYGUJFG-UHFFFAOYSA-N,N(C)CC(CN1C2=CC=CC=C2SC3=C1C=C(C=C3)Cl)O,,,C16H17ClN2OS,320.075011844,3.6308999999999987,0,0,0,BTM00067,BTM00067,N-Dealkylation of acyclic tertiary amine,BTMR1142,"CYP1A2
CYP2A6
CYP2B6
CYP2C8
CYP2C9
CYP2C19
CYP2D6
CYP2E1
CYP3A4",HUMAN,BTM00004,CN(C)CC(CN1C2=CC=CC=C2SC3=C1C=C(C=C3)Cl)O,"InChI=1S/C17H19ClN2OS/c1-19(2)10-13(21)11-20-14-5-3-4-6-16(14)22-17-8-7-12(18)9-15(17)20/h3-9,13,21H,10-11H2,1-2H3",AAOBFUBMMARQGD-UHFFFAOYSA-N,4.166799999999999,334.090661908
"InChI=1S/C2H7N/c1-3-2/h3H,1-2H3",ROSDSFDQCJNGOL-UHFFFAOYSA-N,CNC,,,C2H7N,45.057849223999995,-0.21580000000000035,0,0,0,BTM00012,BTM00012,N-Dealkylation of acyclic tertiary amine,BTMR1142,"CYP1A2
CYP2A6
CYP2B6
CYP2C8
CYP2C9
CYP2C19
CYP2D6
CYP2E1
CYP3A4",HUMAN,BTM00004,CN(C)CC(CN1C2=CC=CC=C2SC3=C1C=C(C=C3)Cl)O,"InChI=1S/C17H19ClN2OS/c1-19(2)10-13(21)11-20-14-5-3-4-6-16(14)22-17-8-7-12(18)9-15(17)20/h3-9,13,21H,10-11H2,1-2H3",AAOBFUBMMARQGD-UHFFFAOYSA-N,4.166799999999999,334.090661908
"InChI=1S/C15H12ClNO2S/c16-10-5-6-15-13(7-10)17(8-11(19)9-18)12-3-1-2-4-14(12)20-15/h1-7,9,11,19H,8H2",JXGDXORPZNDMHY-UHFFFAOYSA-N,C(C(CN1C2=CC=CC=C2SC3=C1C=C(C=C3)Cl)O)=O,,,C15H12ClNO2S,305.027727304,3.744999999999999,0,0,0,BTM00068,BTM00068,N-Dealkylation of acyclic tertiary amine,BTMR1142,"CYP1A2
CYP2A6
CYP2B6
CYP2C8
CYP2C9
CYP2C19
CYP2D6
CYP2E1
CYP3A4",HUMAN,BTM00004,CN(C)CC(CN1C2=CC=CC=C2SC3=C1C=C(C=C3)Cl)O,"InChI=1S/C17H19ClN2OS/c1-19(2)10-13(21)11-20-14-5-3-4-6-16(14)22-17-8-7-12(18)9-15(17)20/h3-9,13,21H,10-11H2,1-2H3",AAOBFUBMMARQGD-UHFFFAOYSA-N,4.166799999999999,334.090661908
"InChI=1S/C17H19ClN2O2S/c1-19(2)9-12(21)10-20-13-5-3-4-6-16(13)23-17-14(20)7-11(18)8-15(17)22/h3-8,12,21-22H,9-10H2,1-2H3",JMQWQSYNUUSRRL-UHFFFAOYSA-N,CN(C)CC(CN1C2=CC=CC=C2SC3=C1C=C(C=C3O)Cl)O,,,C17H19ClN2O2S,350.085576528,3.899400000000001,0,0,0,BTM00069,BTM00069,Hydroxylation of aromatic carbon meta to halide group,BTMR1039,"CYP2A6
CYP2B6
CYP2C9
CYP2C19
CYP2E1
CYP3A4",HUMAN,BTM00004,CN(C)CC(CN1C2=CC=CC=C2SC3=C1C=C(C=C3)Cl)O,"InChI=1S/C17H19ClN2OS/c1-19(2)10-13(21)11-20-14-5-3-4-6-16(14)22-17-8-7-12(18)9-15(17)20/h3-9,13,21H,10-11H2,1-2H3",AAOBFUBMMARQGD-UHFFFAOYSA-N,4.166799999999999,334.090661908
"InChI=1S/C17H19ClN2O2S/c1-19(2)17(22)14(21)10-20-12-5-3-4-6-15(12)23-16-8-7-11(18)9-13(16)20/h3-9,14,17,21-22H,10H2,1-2H3",WBWDBIDGIYAHLR-UHFFFAOYSA-N,CN(C)C(C(CN1C2=CC=CC=C2SC3=C1C=C(C=C3)Cl)O)O,,,C17H19ClN2O2S,350.08557652799993,3.827099999999999,0,0,0,BTM00070,BTM00070,Aliphatic hydroxylation of carbon alpha to secondary or tertiary alkyl-N,BTMR1081,"CYP2B6
CYP2C19
CYP2D6",HUMAN,BTM00004,CN(C)CC(CN1C2=CC=CC=C2SC3=C1C=C(C=C3)Cl)O,"InChI=1S/C17H19ClN2OS/c1-19(2)10-13(21)11-20-14-5-3-4-6-16(14)22-17-8-7-12(18)9-15(17)20/h3-9,13,21H,10-11H2,1-2H3",AAOBFUBMMARQGD-UHFFFAOYSA-N,4.166799999999999,334.090661908
"InChI=1S/C17H19ClN2O2S/c1-19(2)10-14(21)17(22)20-12-5-3-4-6-15(12)23-16-8-7-11(18)9-13(16)20/h3-9,14,17,21-22H,10H2,1-2H3",MSYHVQDOROCTDM-UHFFFAOYSA-N,CN(C)CC(C(N1C2=CC=CC=C2SC3=C1C=C(C=C3)Cl)O)O,,,C17H19ClN2O2S,350.08557652799993,3.827099999999999,0,0,0,BTM00071,BTM00071,Aliphatic hydroxylation of carbon alpha to secondary or tertiary alkyl-N,BTMR1081,"CYP2B6
CYP2C19
CYP2D6",HUMAN,BTM00004,CN(C)CC(CN1C2=CC=CC=C2SC3=C1C=C(C=C3)Cl)O,"InChI=1S/C17H19ClN2OS/c1-19(2)10-13(21)11-20-14-5-3-4-6-16(14)22-17-8-7-12(18)9-15(17)20/h3-9,13,21H,10-11H2,1-2H3",AAOBFUBMMARQGD-UHFFFAOYSA-N,4.166799999999999,334.090661908
"InChI=1S/C5H11NO/c1-6(2)4-3-5-7/h5H,3-4H2,1-2H3",GSZKLTJTSQMAOD-UHFFFAOYSA-N,CN(C)CCC=O,,,C5H11NO,101.084063972,0.07180000000000042,0,0,0,BTM00002,BTM00002,N-Dealkylation of mixed tertiary amine,BTMR1145,"CYP1A2
CYP2A6
CYP2B6
CYP2C8
CYP2C9
CYP2C19
CYP2D6
CYP3A4",HUMAN,BTM00005,CN(C)CCCN1C2=CC=CC=C2S(C3=C1C=C(C=C3)Cl)=O,"InChI=1S/C17H19ClN2OS/c1-19(2)10-5-11-20-14-6-3-4-7-16(14)22(21)17-9-8-13(18)12-15(17)20/h3-4,6-9,12H,5,10-11H2,1-2H3",QEPPAOXKZOTMPM-UHFFFAOYSA-N,3.6281000000000003,334.090661908
"InChI=1S/C12H8ClNOS/c13-8-5-6-12-10(7-8)14-9-3-1-2-4-11(9)16(12)15/h1-7,14H",HFIIJPQBZFAIHU-UHFFFAOYSA-N,N1C2=CC=CC=C2S(C3=C1C=C(C=C3)Cl)=O,,,C12H8ClNOS,249.001512556,3.2211000000000007,0,0,0,BTM00054,BTM00054,N-Dealkylation of mixed tertiary amine,BTMR1145,"CYP1A2
CYP2A6
CYP2B6
CYP2C8
CYP2C9
CYP2C19
CYP2D6
CYP3A4",HUMAN,BTM00005,CN(C)CCCN1C2=CC=CC=C2S(C3=C1C=C(C=C3)Cl)=O,"InChI=1S/C17H19ClN2OS/c1-19(2)10-5-11-20-14-6-3-4-7-16(14)22(21)17-9-8-13(18)12-15(17)20/h3-4,6-9,12H,5,10-11H2,1-2H3",QEPPAOXKZOTMPM-UHFFFAOYSA-N,3.6281000000000003,334.090661908
"InChI=1S/C17H19ClN2O2S/c1-19(2)10-13(21)11-20-14-5-3-4-6-16(14)23(22)17-8-7-12(18)9-15(17)20/h3-9,13,21H,10-11H2,1-2H3",RKYFWWYYRFUSBV-UHFFFAOYSA-N,CN(C)CC(CN1C2=CC=CC=C2S(C3=C1C=C(C=C3)Cl)=O)O,,,C17H19ClN2O2S,350.085576528,3.0549999999999993,0,0,0,BTM00060,BTM00060,Hydroxylation of acyclic aliphatic secondary carbon,BTMR1063,"CYP1A2
CYP2A6
CYP2B6
CYP2C9
CYP2E1
CYP3A4",HUMAN,BTM00005,CN(C)CCCN1C2=CC=CC=C2S(C3=C1C=C(C=C3)Cl)=O,"InChI=1S/C17H19ClN2OS/c1-19(2)10-5-11-20-14-6-3-4-7-16(14)22(21)17-9-8-13(18)12-15(17)20/h3-4,6-9,12H,5,10-11H2,1-2H3",QEPPAOXKZOTMPM-UHFFFAOYSA-N,3.6281000000000003,334.090661908
"InChI=1S/C17H19ClN2O2S/c1-19(2)8-3-9-20-14-10-12(18)4-6-16(14)23(22)17-7-5-13(21)11-15(17)20/h4-7,10-11,21H,3,8-9H2,1-2H3",IGIWIPFXJNLSBV-UHFFFAOYSA-N,CN(C)CCCN1C2=CC(=CC=C2S(C3=C1C=C(C=C3)Cl)=O)O,,,C17H19ClN2O2S,350.085576528,3.360699999999999,0,0,0,BTM00072,BTM00072,Aromatic hydroxylation of fused benzene ring,BTMR1030,"CYP1A2
CYP2A6
CYP2B6
CYP2C8
CYP2C9
CYP2C19
CYP2D6
CYP2E1
CYP3A4",HUMAN,BTM00005,CN(C)CCCN1C2=CC=CC=C2S(C3=C1C=C(C=C3)Cl)=O,"InChI=1S/C17H19ClN2OS/c1-19(2)10-5-11-20-14-6-3-4-7-16(14)22(21)17-9-8-13(18)12-15(17)20/h3-4,6-9,12H,5,10-11H2,1-2H3",QEPPAOXKZOTMPM-UHFFFAOYSA-N,3.6281000000000003,334.090661908
"InChI=1S/C17H19ClN2O2S/c1-19(2)8-3-9-20-14-6-5-13(21)11-17(14)23(22)16-7-4-12(18)10-15(16)20/h4-7,10-11,21H,3,8-9H2,1-2H3",AAJYBUQNKZIVRN-UHFFFAOYSA-N,CN(C)CCCN1C2=CC=C(C=C2S(C3=C1C=C(C=C3)Cl)=O)O,,,C17H19ClN2O2S,350.085576528,3.360699999999999,0,0,0,BTM00073,BTM00073,Aromatic hydroxylation of fused benzene ring,BTMR1030,"CYP1A2
CYP2A6
CYP2B6
CYP2C8
CYP2C9
CYP2C19
CYP2D6
CYP2E1
CYP3A4",HUMAN,BTM00005,CN(C)CCCN1C2=CC=CC=C2S(C3=C1C=C(C=C3)Cl)=O,"InChI=1S/C17H19ClN2OS/c1-19(2)10-5-11-20-14-6-3-4-7-16(14)22(21)17-9-8-13(18)12-15(17)20/h3-4,6-9,12H,5,10-11H2,1-2H3",QEPPAOXKZOTMPM-UHFFFAOYSA-N,3.6281000000000003,334.090661908
"InChI=1S/C17H19ClN2O2S/c1-19(2)8-5-9-20-13-6-3-4-7-16(13)23(22)17-11-15(21)12(18)10-14(17)20/h3-4,6-7,10-11,21H,5,8-9H2,1-2H3",LCWBQBZRHWEQOD-UHFFFAOYSA-N,CN(C)CCCN1C2=CC=CC=C2S(C3=C1C=C(C(=C3)O)Cl)=O,,,C17H19ClN2O2S,350.08557652800005,3.360699999999999,0,0,0,BTM00074,BTM00074,Aromatic hydroxylation of fused benzene ring,BTMR1030,"CYP1A2
CYP2A6
CYP2B6
CYP2C8
CYP2C9
CYP2C19
CYP2D6
CYP2E1
CYP3A4",HUMAN,BTM00005,CN(C)CCCN1C2=CC=CC=C2S(C3=C1C=C(C=C3)Cl)=O,"InChI=1S/C17H19ClN2OS/c1-19(2)10-5-11-20-14-6-3-4-7-16(14)22(21)17-9-8-13(18)12-15(17)20/h3-4,6-9,12H,5,10-11H2,1-2H3",QEPPAOXKZOTMPM-UHFFFAOYSA-N,3.6281000000000003,334.090661908
"InChI=1S/C17H19ClN2O2S/c1-20(2,21)11-5-10-19-14-6-3-4-7-16(14)23(22)17-9-8-13(18)12-15(17)19/h3-4,6-9,12H,5,10-11H2,1-2H3",OJDQKXZCHZEEAO-UHFFFAOYSA-N,C[N+](C)(CCCN1C2=CC=CC=C2S(C3=C1C=C(C=C3)Cl)=O)[O-],,,C17H19ClN2O2S,350.08557652800005,3.2229999999999994,0,0,0,BTM00075,BTM00075,N-Oxidation of aliphatic tertiary amine,BTMR1100,"CYP1A2
CYP2D6
CYP3A4",HUMAN,BTM00005,CN(C)CCCN1C2=CC=CC=C2S(C3=C1C=C(C=C3)Cl)=O,"InChI=1S/C17H19ClN2OS/c1-19(2)10-5-11-20-14-6-3-4-7-16(14)22(21)17-9-8-13(18)12-15(17)20/h3-4,6-9,12H,5,10-11H2,1-2H3",QEPPAOXKZOTMPM-UHFFFAOYSA-N,3.6281000000000003,334.090661908
"InChI=1S/C17H19ClN2O2S/c1-19(2)10-5-11-20-13-6-3-4-7-14(13)23(22)15-9-8-12(18)17(21)16(15)20/h3-4,6-9,21H,5,10-11H2,1-2H3",GSOBVTHDUPQXIJ-UHFFFAOYSA-N,CN(C)CCCN1C2=CC=CC=C2S(C3=C1C(=C(C=C3)Cl)O)=O,,,C17H19ClN2O2S,350.085576528,3.360699999999999,0,0,0,BTM00076,BTM00076,Hydroxylation of aromatic carbon ortho to halide group,BTMR1040,"CYP1A2
CYP2A6
CYP2B6
CYP2C8
CYP2C9
CYP2C19
CYP2D6
CYP2E1
CYP3A4",HUMAN,BTM00005,CN(C)CCCN1C2=CC=CC=C2S(C3=C1C=C(C=C3)Cl)=O,"InChI=1S/C17H19ClN2OS/c1-19(2)10-5-11-20-14-6-3-4-7-16(14)22(21)17-9-8-13(18)12-15(17)20/h3-4,6-9,12H,5,10-11H2,1-2H3",QEPPAOXKZOTMPM-UHFFFAOYSA-N,3.6281000000000003,334.090661908
"InChI=1S/C17H19ClN2O2S/c1-19(2)8-5-9-20-13-6-3-4-7-16(13)23(22)17-11-15(21)12(18)10-14(17)20/h3-4,6-7,10-11,21H,5,8-9H2,1-2H3",LCWBQBZRHWEQOD-UHFFFAOYSA-N,CN(C)CCCN1C2=CC=CC=C2S(C3=C1C=C(C(=C3)O)Cl)=O,,,C17H19ClN2O2S,350.08557652800005,3.360699999999999,0,0,0,BTM00074,BTM00074,Hydroxylation of aromatic carbon ortho to halide group,BTMR1040,"CYP1A2
CYP2A6
CYP2B6
CYP2C8
CYP2C9
CYP2C19
CYP2D6
CYP2E1
CYP3A4",HUMAN,BTM00005,CN(C)CCCN1C2=CC=CC=C2S(C3=C1C=C(C=C3)Cl)=O,"InChI=1S/C17H19ClN2OS/c1-19(2)10-5-11-20-14-6-3-4-7-16(14)22(21)17-9-8-13(18)12-15(17)20/h3-4,6-9,12H,5,10-11H2,1-2H3",QEPPAOXKZOTMPM-UHFFFAOYSA-N,3.6281000000000003,334.090661908
"InChI=1S/C16H17ClN2OS/c1-18-9-4-10-19-13-5-2-3-6-15(13)21(20)16-8-7-12(17)11-14(16)19/h2-3,5-8,11,18H,4,9-10H2,1H3",XLXKFIZSUWGEEC-UHFFFAOYSA-N,N(C)CCCN1C2=CC=CC=C2S(C3=C1C=C(C=C3)Cl)=O,,,C16H17ClN2OS,320.075011844,3.0922,0,0,0,BTM00077,BTM00077,N-Dealkylation of acyclic tertiary amine,BTMR1142,"CYP1A2
CYP2A6
CYP2B6
CYP2C8
CYP2C9
CYP2C19
CYP2D6
CYP2E1
CYP3A4",HUMAN,BTM00005,CN(C)CCCN1C2=CC=CC=C2S(C3=C1C=C(C=C3)Cl)=O,"InChI=1S/C17H19ClN2OS/c1-19(2)10-5-11-20-14-6-3-4-7-16(14)22(21)17-9-8-13(18)12-15(17)20/h3-4,6-9,12H,5,10-11H2,1-2H3",QEPPAOXKZOTMPM-UHFFFAOYSA-N,3.6281000000000003,334.090661908
"InChI=1S/C2H7N/c1-3-2/h3H,1-2H3",ROSDSFDQCJNGOL-UHFFFAOYSA-N,CNC,,,C2H7N,45.057849223999995,-0.21580000000000035,0,0,0,BTM00012,BTM00012,N-Dealkylation of acyclic tertiary amine,BTMR1142,"CYP1A2
CYP2A6
CYP2B6
CYP2C8
CYP2C9
CYP2C19
CYP2D6
CYP2E1
CYP3A4",HUMAN,BTM00005,CN(C)CCCN1C2=CC=CC=C2S(C3=C1C=C(C=C3)Cl)=O,"InChI=1S/C17H19ClN2OS/c1-19(2)10-5-11-20-14-6-3-4-7-16(14)22(21)17-9-8-13(18)12-15(17)20/h3-4,6-9,12H,5,10-11H2,1-2H3",QEPPAOXKZOTMPM-UHFFFAOYSA-N,3.6281000000000003,334.090661908
"InChI=1S/C15H12ClNO2S/c16-11-6-7-15-13(10-11)17(8-3-9-18)12-4-1-2-5-14(12)20(15)19/h1-2,4-7,9-10H,3,8H2",WTNWDUUXBZPUDX-UHFFFAOYSA-N,C(CCN1C2=CC=CC=C2S(C3=C1C=C(C=C3)Cl)=O)=O,,,C15H12ClNO2S,305.027727304,3.1786999999999987,0,0,0,BTM00078,BTM00078,N-Dealkylation of acyclic tertiary amine,BTMR1142,"CYP1A2
CYP2A6
CYP2B6
CYP2C8
CYP2C9
CYP2C19
CYP2D6
CYP2E1
CYP3A4",HUMAN,BTM00005,CN(C)CCCN1C2=CC=CC=C2S(C3=C1C=C(C=C3)Cl)=O,"InChI=1S/C17H19ClN2OS/c1-19(2)10-5-11-20-14-6-3-4-7-16(14)22(21)17-9-8-13(18)12-15(17)20/h3-4,6-9,12H,5,10-11H2,1-2H3",QEPPAOXKZOTMPM-UHFFFAOYSA-N,3.6281000000000003,334.090661908
"InChI=1S/C17H19ClN2O2S/c1-19(2)8-5-9-20-13-6-3-4-7-16(13)23(22)17-14(20)10-12(18)11-15(17)21/h3-4,6-7,10-11,21H,5,8-9H2,1-2H3",DPJSPHJHSWDYNQ-UHFFFAOYSA-N,CN(C)CCCN1C2=CC=CC=C2S(C3=C1C=C(C=C3O)Cl)=O,,,C17H19ClN2O2S,350.08557652800005,3.360699999999999,0,0,0,BTM00079,BTM00079,Hydroxylation of aromatic carbon meta to halide group,BTMR1039,"CYP2A6
CYP2B6
CYP2C9
CYP2C19
CYP2E1
CYP3A4",HUMAN,BTM00005,CN(C)CCCN1C2=CC=CC=C2S(C3=C1C=C(C=C3)Cl)=O,"InChI=1S/C17H19ClN2OS/c1-19(2)10-5-11-20-14-6-3-4-7-16(14)22(21)17-9-8-13(18)12-15(17)20/h3-4,6-9,12H,5,10-11H2,1-2H3",QEPPAOXKZOTMPM-UHFFFAOYSA-N,3.6281000000000003,334.090661908
"InChI=1S/C17H19ClN2O2S/c1-19(2)17(21)9-10-20-13-5-3-4-6-15(13)23(22)16-8-7-12(18)11-14(16)20/h3-8,11,17,21H,9-10H2,1-2H3",YFVRAUWJKBBLEQ-UHFFFAOYSA-N,CN(C)C(CCN1C2=CC=CC=C2S(C3=C1C=C(C=C3)Cl)=O)O,,,C17H19ClN2O2S,350.08557652800005,3.4816,0,0,0,BTM00080,BTM00080,Aliphatic hydroxylation of carbon alpha to secondary or tertiary alkyl-N,BTMR1081,"CYP2B6
CYP2C19
CYP2D6",HUMAN,BTM00005,CN(C)CCCN1C2=CC=CC=C2S(C3=C1C=C(C=C3)Cl)=O,"InChI=1S/C17H19ClN2OS/c1-19(2)10-5-11-20-14-6-3-4-7-16(14)22(21)17-9-8-13(18)12-15(17)20/h3-4,6-9,12H,5,10-11H2,1-2H3",QEPPAOXKZOTMPM-UHFFFAOYSA-N,3.6281000000000003,334.090661908
"InChI=1S/C17H19ClN2O2S/c1-19(2)10-9-17(21)20-13-5-3-4-6-15(13)23(22)16-8-7-12(18)11-14(16)20/h3-8,11,17,21H,9-10H2,1-2H3",NLYKSKGNKBTXCL-UHFFFAOYSA-N,CN(C)CCC(N1C2=CC=CC=C2S(C3=C1C=C(C=C3)Cl)=O)O,,,C17H19ClN2O2S,350.085576528,3.4816,0,0,0,BTM00081,BTM00081,Aliphatic hydroxylation of carbon alpha to secondary or tertiary alkyl-N,BTMR1081,"CYP2B6
CYP2C19
CYP2D6",HUMAN,BTM00005,CN(C)CCCN1C2=CC=CC=C2S(C3=C1C=C(C=C3)Cl)=O,"InChI=1S/C17H19ClN2OS/c1-19(2)10-5-11-20-14-6-3-4-7-16(14)22(21)17-9-8-13(18)12-15(17)20/h3-4,6-9,12H,5,10-11H2,1-2H3",QEPPAOXKZOTMPM-UHFFFAOYSA-N,3.6281000000000003,334.090661908
"InChI=1S/C17H19ClN2O2S/c1-19(2)10-5-11-20-14-6-3-4-7-16(14)23(21,22)17-9-8-13(18)12-15(17)20/h3-4,6-9,12H,5,10-11H2,1-2H3",QBZBVQGQXSKQPX-UHFFFAOYSA-N,CN(C)CCCN1C2=CC=CC=C2S(C3=C1C=C(C=C3)Cl)(=O)=O,,,C17H19ClN2O2S,350.08557652799993,3.7240999999999995,0,0,0,BTM00082,BTM00082,S-Oxidation of sulfoxide to sulfone,BTMR0060,"CYP2C9
CYP3A4",HUMAN,BTM00005,CN(C)CCCN1C2=CC=CC=C2S(C3=C1C=C(C=C3)Cl)=O,"InChI=1S/C17H19ClN2OS/c1-19(2)10-5-11-20-14-6-3-4-7-16(14)22(21)17-9-8-13(18)12-15(17)20/h3-4,6-9,12H,5,10-11H2,1-2H3",QEPPAOXKZOTMPM-UHFFFAOYSA-N,3.6281000000000003,334.090661908
"InChI=1S/C5H11NO/c1-6(2)4-3-5-7/h5H,3-4H2,1-2H3",GSZKLTJTSQMAOD-UHFFFAOYSA-N,CN(C)CCC=O,,,C5H11NO,101.084063972,0.07180000000000042,0,0,0,BTM00002,BTM00002,N-Dealkylation of mixed tertiary amine,BTMR1145,"CYP1A2
CYP2A6
CYP2B6
CYP2C8
CYP2C9
CYP2C19
CYP2D6
CYP3A4",HUMAN,BTM00006,CN(C)CCCN1C2=CC(=CC=C2SC3=C1C=C(C=C3)Cl)O,"InChI=1S/C17H19ClN2OS/c1-19(2)8-3-9-20-14-10-12(18)4-6-16(14)22-17-7-5-13(21)11-15(17)20/h4-7,10-11,21H,3,8-9H2,1-2H3",UBUDVAYGFVRZCO-UHFFFAOYSA-N,4.472499999999999,334.09066190799996
"InChI=1S/C12H8ClNOS/c13-7-1-3-11-9(5-7)14-10-6-8(15)2-4-12(10)16-11/h1-6,14-15H",IVVXEUJFLBKGHN-UHFFFAOYSA-N,N1C2=CC(=CC=C2SC3=C1C=C(C=C3)Cl)O,,,C12H8ClNOS,249.001512556,4.0655,0,0,0,BTM00055,BTM00055,N-Dealkylation of mixed tertiary amine,BTMR1145,"CYP1A2
CYP2A6
CYP2B6
CYP2C8
CYP2C9
CYP2C19
CYP2D6
CYP3A4",HUMAN,BTM00006,CN(C)CCCN1C2=CC(=CC=C2SC3=C1C=C(C=C3)Cl)O,"InChI=1S/C17H19ClN2OS/c1-19(2)8-3-9-20-14-10-12(18)4-6-16(14)22-17-7-5-13(21)11-15(17)20/h4-7,10-11,21H,3,8-9H2,1-2H3",UBUDVAYGFVRZCO-UHFFFAOYSA-N,4.472499999999999,334.09066190799996
"InChI=1S/C17H19ClN2O2S/c1-19(2)9-13(22)10-20-14-7-11(18)3-5-16(14)23-17-6-4-12(21)8-15(17)20/h3-8,13,21-22H,9-10H2,1-2H3",OPNGSESVCIQDFQ-UHFFFAOYSA-N,CN(C)CC(CN1C2=CC(=CC=C2SC3=C1C=C(C=C3)Cl)O)O,,,C17H19ClN2O2S,350.08557652800005,3.899400000000001,0,0,0,BTM00062,BTM00062,Hydroxylation of acyclic aliphatic secondary carbon,BTMR1063,"CYP1A2
CYP2A6
CYP2B6
CYP2C9
CYP2E1
CYP3A4",HUMAN,BTM00006,CN(C)CCCN1C2=CC(=CC=C2SC3=C1C=C(C=C3)Cl)O,"InChI=1S/C17H19ClN2OS/c1-19(2)8-3-9-20-14-10-12(18)4-6-16(14)22-17-7-5-13(21)11-15(17)20/h4-7,10-11,21H,3,8-9H2,1-2H3",UBUDVAYGFVRZCO-UHFFFAOYSA-N,4.472499999999999,334.09066190799996
"InChI=1S/C17H19ClN2O2S/c1-19(2)8-3-9-20-14-10-12(18)4-6-16(14)23(22)17-7-5-13(21)11-15(17)20/h4-7,10-11,21H,3,8-9H2,1-2H3",IGIWIPFXJNLSBV-UHFFFAOYSA-N,CN(C)CCCN1C2=CC(=CC=C2S(C3=C1C=C(C=C3)Cl)=O)O,,,C17H19ClN2O2S,350.085576528,3.360699999999999,0,0,0,BTM00072,BTM00072,S-Oxidation of diarylthioether to sulfoxide,BTMR0059,"CYP1A2
CYP2B6
CYP2D6
CYP3A4",HUMAN,BTM00006,CN(C)CCCN1C2=CC(=CC=C2SC3=C1C=C(C=C3)Cl)O,"InChI=1S/C17H19ClN2OS/c1-19(2)8-3-9-20-14-10-12(18)4-6-16(14)22-17-7-5-13(21)11-15(17)20/h4-7,10-11,21H,3,8-9H2,1-2H3",UBUDVAYGFVRZCO-UHFFFAOYSA-N,4.472499999999999,334.09066190799996
"InChI=1S/C17H19ClN2O2S/c1-19(2)6-3-7-20-12-8-11(18)4-5-16(12)23-17-10-15(22)14(21)9-13(17)20/h4-5,8-10,21-22H,3,6-7H2,1-2H3",ZCBSXRWEKNAYOU-UHFFFAOYSA-N,CN(C)CCCN1C2=CC(=C(C=C2SC3=C1C=C(C=C3)Cl)O)O,,,C17H19ClN2O2S,350.08557652800005,4.205099999999999,0,0,0,BTM00083,BTM00083,Aromatic hydroxylation of fused benzene ring,BTMR1030,"CYP1A2
CYP2A6
CYP2B6
CYP2C8
CYP2C9
CYP2C19
CYP2D6
CYP2E1
CYP3A4",HUMAN,BTM00006,CN(C)CCCN1C2=CC(=CC=C2SC3=C1C=C(C=C3)Cl)O,"InChI=1S/C17H19ClN2OS/c1-19(2)8-3-9-20-14-10-12(18)4-6-16(14)22-17-7-5-13(21)11-15(17)20/h4-7,10-11,21H,3,8-9H2,1-2H3",UBUDVAYGFVRZCO-UHFFFAOYSA-N,4.472499999999999,334.09066190799996
"InChI=1S/C17H19ClN2O2S/c1-19(2)6-3-7-20-13-8-11(21)4-5-16(13)23-17-10-15(22)12(18)9-14(17)20/h4-5,8-10,21-22H,3,6-7H2,1-2H3",BECGZYKNPMWKFC-UHFFFAOYSA-N,CN(C)CCCN1C2=CC(=CC=C2SC3=C1C=C(C(=C3)O)Cl)O,,,C17H19ClN2O2S,350.085576528,4.205099999999999,0,0,0,BTM00084,BTM00084,Aromatic hydroxylation of fused benzene ring,BTMR1030,"CYP1A2
CYP2A6
CYP2B6
CYP2C8
CYP2C9
CYP2C19
CYP2D6
CYP2E1
CYP3A4",HUMAN,BTM00006,CN(C)CCCN1C2=CC(=CC=C2SC3=C1C=C(C=C3)Cl)O,"InChI=1S/C17H19ClN2OS/c1-19(2)8-3-9-20-14-10-12(18)4-6-16(14)22-17-7-5-13(21)11-15(17)20/h4-7,10-11,21H,3,8-9H2,1-2H3",UBUDVAYGFVRZCO-UHFFFAOYSA-N,4.472499999999999,334.09066190799996
"InChI=1S/C17H19ClN2O2S/c1-20(2,22)9-3-8-19-14-10-12(18)4-6-16(14)23-17-7-5-13(21)11-15(17)19/h4-7,10-11,21H,3,8-9H2,1-2H3",KPUOMMGVTJXEGN-UHFFFAOYSA-N,C[N+](C)(CCCN1C2=CC(=CC=C2SC3=C1C=C(C=C3)Cl)O)[O-],,,C17H19ClN2O2S,350.085576528,4.067399999999999,0,0,0,BTM00085,BTM00085,N-Oxidation of aliphatic tertiary amine,BTMR1100,"CYP1A2
CYP2D6
CYP3A4",HUMAN,BTM00006,CN(C)CCCN1C2=CC(=CC=C2SC3=C1C=C(C=C3)Cl)O,"InChI=1S/C17H19ClN2OS/c1-19(2)8-3-9-20-14-10-12(18)4-6-16(14)22-17-7-5-13(21)11-15(17)20/h4-7,10-11,21H,3,8-9H2,1-2H3",UBUDVAYGFVRZCO-UHFFFAOYSA-N,4.472499999999999,334.09066190799996
"InChI=1S/C17H19ClN2O2S/c1-19(2)8-3-9-20-13-10-11(21)4-6-14(13)23-15-7-5-12(18)17(22)16(15)20/h4-7,10,21-22H,3,8-9H2,1-2H3",WWRLGOLDDFLPHI-UHFFFAOYSA-N,CN(C)CCCN1C2=CC(=CC=C2SC3=C1C(=C(C=C3)Cl)O)O,,,C17H19ClN2O2S,350.085576528,4.205099999999999,0,0,0,BTM00086,BTM00086,Hydroxylation of aromatic carbon ortho to halide group,BTMR1040,"CYP1A2
CYP2A6
CYP2B6
CYP2C8
CYP2C9
CYP2C19
CYP2D6
CYP2E1
CYP3A4",HUMAN,BTM00006,CN(C)CCCN1C2=CC(=CC=C2SC3=C1C=C(C=C3)Cl)O,"InChI=1S/C17H19ClN2OS/c1-19(2)8-3-9-20-14-10-12(18)4-6-16(14)22-17-7-5-13(21)11-15(17)20/h4-7,10-11,21H,3,8-9H2,1-2H3",UBUDVAYGFVRZCO-UHFFFAOYSA-N,4.472499999999999,334.09066190799996
"InChI=1S/C17H19ClN2O2S/c1-19(2)6-3-7-20-13-8-11(21)4-5-16(13)23-17-10-15(22)12(18)9-14(17)20/h4-5,8-10,21-22H,3,6-7H2,1-2H3",BECGZYKNPMWKFC-UHFFFAOYSA-N,CN(C)CCCN1C2=CC(=CC=C2SC3=C1C=C(C(=C3)O)Cl)O,,,C17H19ClN2O2S,350.085576528,4.205099999999999,0,0,0,BTM00084,BTM00084,Hydroxylation of aromatic carbon ortho to halide group,BTMR1040,"CYP1A2
CYP2A6
CYP2B6
CYP2C8
CYP2C9
CYP2C19
CYP2D6
CYP2E1
CYP3A4",HUMAN,BTM00006,CN(C)CCCN1C2=CC(=CC=C2SC3=C1C=C(C=C3)Cl)O,"InChI=1S/C17H19ClN2OS/c1-19(2)8-3-9-20-14-10-12(18)4-6-16(14)22-17-7-5-13(21)11-15(17)20/h4-7,10-11,21H,3,8-9H2,1-2H3",UBUDVAYGFVRZCO-UHFFFAOYSA-N,4.472499999999999,334.09066190799996
"InChI=1S/C16H17ClN2OS/c1-18-7-2-8-19-13-9-11(17)3-5-15(13)21-16-6-4-12(20)10-14(16)19/h3-6,9-10,18,20H,2,7-8H2,1H3",XTFOODAYNFDWNT-UHFFFAOYSA-N,N(C)CCCN1C2=CC(=CC=C2SC3=C1C=C(C=C3)Cl)O,,,C16H17ClN2OS,320.07501184399996,3.9366000000000003,0,0,0,BTM00087,BTM00087,N-Dealkylation of acyclic tertiary amine,BTMR1142,"CYP1A2
CYP2A6
CYP2B6
CYP2C8
CYP2C9
CYP2C19
CYP2D6
CYP2E1
CYP3A4",HUMAN,BTM00006,CN(C)CCCN1C2=CC(=CC=C2SC3=C1C=C(C=C3)Cl)O,"InChI=1S/C17H19ClN2OS/c1-19(2)8-3-9-20-14-10-12(18)4-6-16(14)22-17-7-5-13(21)11-15(17)20/h4-7,10-11,21H,3,8-9H2,1-2H3",UBUDVAYGFVRZCO-UHFFFAOYSA-N,4.472499999999999,334.09066190799996
"InChI=1S/C2H7N/c1-3-2/h3H,1-2H3",ROSDSFDQCJNGOL-UHFFFAOYSA-N,CNC,,,C2H7N,45.057849223999995,-0.21580000000000035,0,0,0,BTM00012,BTM00012,N-Dealkylation of acyclic tertiary amine,BTMR1142,"CYP1A2
CYP2A6
CYP2B6
CYP2C8
CYP2C9
CYP2C19
CYP2D6
CYP2E1
CYP3A4",HUMAN,BTM00006,CN(C)CCCN1C2=CC(=CC=C2SC3=C1C=C(C=C3)Cl)O,"InChI=1S/C17H19ClN2OS/c1-19(2)8-3-9-20-14-10-12(18)4-6-16(14)22-17-7-5-13(21)11-15(17)20/h4-7,10-11,21H,3,8-9H2,1-2H3",UBUDVAYGFVRZCO-UHFFFAOYSA-N,4.472499999999999,334.09066190799996
"InChI=1S/C15H12ClNO2S/c16-10-2-4-14-12(8-10)17(6-1-7-18)13-9-11(19)3-5-15(13)20-14/h2-5,7-9,19H,1,6H2",DGBIURSSFXCQEM-UHFFFAOYSA-N,C(CCN1C2=CC(=CC=C2SC3=C1C=C(C=C3)Cl)O)=O,,,C15H12ClNO2S,305.027727304,4.0231,0,0,0,BTM00088,BTM00088,N-Dealkylation of acyclic tertiary amine,BTMR1142,"CYP1A2
CYP2A6
CYP2B6
CYP2C8
CYP2C9
CYP2C19
CYP2D6
CYP2E1
CYP3A4",HUMAN,BTM00006,CN(C)CCCN1C2=CC(=CC=C2SC3=C1C=C(C=C3)Cl)O,"InChI=1S/C17H19ClN2OS/c1-19(2)8-3-9-20-14-10-12(18)4-6-16(14)22-17-7-5-13(21)11-15(17)20/h4-7,10-11,21H,3,8-9H2,1-2H3",UBUDVAYGFVRZCO-UHFFFAOYSA-N,4.472499999999999,334.09066190799996
"InChI=1S/C17H19ClN2O2S/c1-19(2)6-3-7-20-13-10-12(21)4-5-16(13)23-17-14(20)8-11(18)9-15(17)22/h4-5,8-10,21-22H,3,6-7H2,1-2H3",IKAFDCNPWKGXNI-UHFFFAOYSA-N,CN(C)CCCN1C2=CC(=CC=C2SC3=C1C=C(C=C3O)Cl)O,,,C17H19ClN2O2S,350.08557652799993,4.205099999999999,0,0,0,BTM00089,BTM00089,Hydroxylation of aromatic carbon meta to halide group,BTMR1039,"CYP2A6
CYP2B6
CYP2C9
CYP2C19
CYP2E1
CYP3A4",HUMAN,BTM00006,CN(C)CCCN1C2=CC(=CC=C2SC3=C1C=C(C=C3)Cl)O,"InChI=1S/C17H19ClN2OS/c1-19(2)8-3-9-20-14-10-12(18)4-6-16(14)22-17-7-5-13(21)11-15(17)20/h4-7,10-11,21H,3,8-9H2,1-2H3",UBUDVAYGFVRZCO-UHFFFAOYSA-N,4.472499999999999,334.09066190799996
"InChI=1S/C17H19ClN2O2S/c1-19(2)17(22)7-8-20-13-9-11(18)3-5-15(13)23-16-6-4-12(21)10-14(16)20/h3-6,9-10,17,21-22H,7-8H2,1-2H3",SWGIBIVKJRWIJS-UHFFFAOYSA-N,CN(C)C(CCN1C2=CC(=CC=C2SC3=C1C=C(C=C3)Cl)O)O,,,C17H19ClN2O2S,350.08557652800005,4.3260000000000005,0,0,0,BTM00090,BTM00090,Aliphatic hydroxylation of carbon alpha to secondary or tertiary alkyl-N,BTMR1081,"CYP2B6
CYP2C19
CYP2D6",HUMAN,BTM00006,CN(C)CCCN1C2=CC(=CC=C2SC3=C1C=C(C=C3)Cl)O,"InChI=1S/C17H19ClN2OS/c1-19(2)8-3-9-20-14-10-12(18)4-6-16(14)22-17-7-5-13(21)11-15(17)20/h4-7,10-11,21H,3,8-9H2,1-2H3",UBUDVAYGFVRZCO-UHFFFAOYSA-N,4.472499999999999,334.09066190799996
"InChI=1S/C17H19ClN2O2S/c1-19(2)8-7-17(22)20-13-9-11(18)3-5-15(13)23-16-6-4-12(21)10-14(16)20/h3-6,9-10,17,21-22H,7-8H2,1-2H3",WYSIVKMYOZKFHK-UHFFFAOYSA-N,CN(C)CCC(N1C2=CC(=CC=C2SC3=C1C=C(C=C3)Cl)O)O,,,C17H19ClN2O2S,350.085576528,4.3260000000000005,0,0,0,BTM00091,BTM00091,Aliphatic hydroxylation of carbon alpha to secondary or tertiary alkyl-N,BTMR1081,"CYP2B6
CYP2C19
CYP2D6",HUMAN,BTM00006,CN(C)CCCN1C2=CC(=CC=C2SC3=C1C=C(C=C3)Cl)O,"InChI=1S/C17H19ClN2OS/c1-19(2)8-3-9-20-14-10-12(18)4-6-16(14)22-17-7-5-13(21)11-15(17)20/h4-7,10-11,21H,3,8-9H2,1-2H3",UBUDVAYGFVRZCO-UHFFFAOYSA-N,4.472499999999999,334.09066190799996
"InChI=1S/C5H11NO/c1-6(2)4-3-5-7/h5H,3-4H2,1-2H3",GSZKLTJTSQMAOD-UHFFFAOYSA-N,CN(C)CCC=O,,,C5H11NO,101.084063972,0.07180000000000042,0,0,0,BTM00002,BTM00002,N-Dealkylation of mixed tertiary amine,BTMR1145,"CYP1A2
CYP2A6
CYP2B6
CYP2C8
CYP2C9
CYP2C19
CYP2D6
CYP3A4",HUMAN,BTM00007,CN(C)CCCN1C2=CC=C(C=C2SC3=C1C=C(C=C3)Cl)O,"InChI=1S/C17H19ClN2OS/c1-19(2)8-3-9-20-14-6-5-13(21)11-17(14)22-16-7-4-12(18)10-15(16)20/h4-7,10-11,21H,3,8-9H2,1-2H3",HICFFJZGXWEIHN-UHFFFAOYSA-N,4.472499999999999,334.09066190799996
"InChI=1S/C12H8ClNOS/c13-7-1-4-11-10(5-7)14-9-3-2-8(15)6-12(9)16-11/h1-6,14-15H",CIAFBHJSFCQEBJ-UHFFFAOYSA-N,N1C2=CC=C(C=C2SC3=C1C=C(C=C3)Cl)O,,,C12H8ClNOS,249.001512556,4.0655,0,0,0,BTM00056,BTM00056,N-Dealkylation of mixed tertiary amine,BTMR1145,"CYP1A2
CYP2A6
CYP2B6
CYP2C8
CYP2C9
CYP2C19
CYP2D6
CYP3A4",HUMAN,BTM00007,CN(C)CCCN1C2=CC=C(C=C2SC3=C1C=C(C=C3)Cl)O,"InChI=1S/C17H19ClN2OS/c1-19(2)8-3-9-20-14-6-5-13(21)11-17(14)22-16-7-4-12(18)10-15(16)20/h4-7,10-11,21H,3,8-9H2,1-2H3",HICFFJZGXWEIHN-UHFFFAOYSA-N,4.472499999999999,334.09066190799996
"InChI=1S/C17H19ClN2O2S/c1-19(2)9-13(22)10-20-14-5-4-12(21)8-17(14)23-16-6-3-11(18)7-15(16)20/h3-8,13,21-22H,9-10H2,1-2H3",CWWJDOSXZYUPRH-UHFFFAOYSA-N,CN(C)CC(CN1C2=CC=C(C=C2SC3=C1C=C(C=C3)Cl)O)O,,,C17H19ClN2O2S,350.085576528,3.899400000000001,0,0,0,BTM00063,BTM00063,Hydroxylation of acyclic aliphatic secondary carbon,BTMR1063,"CYP1A2
CYP2A6
CYP2B6
CYP2C9
CYP2E1
CYP3A4",HUMAN,BTM00007,CN(C)CCCN1C2=CC=C(C=C2SC3=C1C=C(C=C3)Cl)O,"InChI=1S/C17H19ClN2OS/c1-19(2)8-3-9-20-14-6-5-13(21)11-17(14)22-16-7-4-12(18)10-15(16)20/h4-7,10-11,21H,3,8-9H2,1-2H3",HICFFJZGXWEIHN-UHFFFAOYSA-N,4.472499999999999,334.09066190799996
"InChI=1S/C17H19ClN2O2S/c1-19(2)8-3-9-20-14-6-5-13(21)11-17(14)23(22)16-7-4-12(18)10-15(16)20/h4-7,10-11,21H,3,8-9H2,1-2H3",AAJYBUQNKZIVRN-UHFFFAOYSA-N,CN(C)CCCN1C2=CC=C(C=C2S(C3=C1C=C(C=C3)Cl)=O)O,,,C17H19ClN2O2S,350.085576528,3.360699999999999,0,0,0,BTM00073,BTM00073,S-Oxidation of diarylthioether to sulfoxide,BTMR0059,"CYP1A2
CYP2B6
CYP2D6
CYP3A4",HUMAN,BTM00007,CN(C)CCCN1C2=CC=C(C=C2SC3=C1C=C(C=C3)Cl)O,"InChI=1S/C17H19ClN2OS/c1-19(2)8-3-9-20-14-6-5-13(21)11-17(14)22-16-7-4-12(18)10-15(16)20/h4-7,10-11,21H,3,8-9H2,1-2H3",HICFFJZGXWEIHN-UHFFFAOYSA-N,4.472499999999999,334.09066190799996
"InChI=1S/C17H19ClN2O2S/c1-19(2)6-3-7-20-12-8-11(18)4-5-16(12)23-17-10-15(22)14(21)9-13(17)20/h4-5,8-10,21-22H,3,6-7H2,1-2H3",ZCBSXRWEKNAYOU-UHFFFAOYSA-N,CN(C)CCCN1C2=CC(=C(C=C2SC3=C1C=C(C=C3)Cl)O)O,,,C17H19ClN2O2S,350.08557652800005,4.205099999999999,0,0,0,BTM00083,BTM00083,Aromatic hydroxylation of fused benzene ring,BTMR1030,"CYP1A2
CYP2A6
CYP2B6
CYP2C8
CYP2C9
CYP2C19
CYP2D6
CYP2E1
CYP3A4",HUMAN,BTM00007,CN(C)CCCN1C2=CC=C(C=C2SC3=C1C=C(C=C3)Cl)O,"InChI=1S/C17H19ClN2OS/c1-19(2)8-3-9-20-14-6-5-13(21)11-17(14)22-16-7-4-12(18)10-15(16)20/h4-7,10-11,21H,3,8-9H2,1-2H3",HICFFJZGXWEIHN-UHFFFAOYSA-N,4.472499999999999,334.09066190799996
"InChI=1S/C17H19ClN2O2S/c1-19(2)6-3-7-20-13-5-4-11(21)8-16(13)23-17-10-15(22)12(18)9-14(17)20/h4-5,8-10,21-22H,3,6-7H2,1-2H3",XEOKALCMOZKIBM-UHFFFAOYSA-N,CN(C)CCCN1C2=CC=C(C=C2SC3=C1C=C(C(=C3)O)Cl)O,,,C17H19ClN2O2S,350.085576528,4.205099999999999,0,0,0,BTM00092,BTM00092,Aromatic hydroxylation of fused benzene ring,BTMR1030,"CYP1A2
CYP2A6
CYP2B6
CYP2C8
CYP2C9
CYP2C19
CYP2D6
CYP2E1
CYP3A4",HUMAN,BTM00007,CN(C)CCCN1C2=CC=C(C=C2SC3=C1C=C(C=C3)Cl)O,"InChI=1S/C17H19ClN2OS/c1-19(2)8-3-9-20-14-6-5-13(21)11-17(14)22-16-7-4-12(18)10-15(16)20/h4-7,10-11,21H,3,8-9H2,1-2H3",HICFFJZGXWEIHN-UHFFFAOYSA-N,4.472499999999999,334.09066190799996
"InChI=1S/C17H19ClN2O2S/c1-20(2,22)9-3-8-19-14-6-5-13(21)11-17(14)23-16-7-4-12(18)10-15(16)19/h4-7,10-11,21H,3,8-9H2,1-2H3",HFTVDGMOABYGTO-UHFFFAOYSA-N,C[N+](C)(CCCN1C2=CC=C(C=C2SC3=C1C=C(C=C3)Cl)O)[O-],,,C17H19ClN2O2S,350.085576528,4.067399999999999,0,0,0,BTM00093,BTM00093,N-Oxidation of aliphatic tertiary amine,BTMR1100,"CYP1A2
CYP2D6
CYP3A4",HUMAN,BTM00007,CN(C)CCCN1C2=CC=C(C=C2SC3=C1C=C(C=C3)Cl)O,"InChI=1S/C17H19ClN2OS/c1-19(2)8-3-9-20-14-6-5-13(21)11-17(14)22-16-7-4-12(18)10-15(16)20/h4-7,10-11,21H,3,8-9H2,1-2H3",HICFFJZGXWEIHN-UHFFFAOYSA-N,4.472499999999999,334.09066190799996
"InChI=1S/C17H19ClN2O2S/c1-19(2)8-3-9-20-13-6-4-11(21)10-15(13)23-14-7-5-12(18)17(22)16(14)20/h4-7,10,21-22H,3,8-9H2,1-2H3",ARGCEUVRXXLHLE-UHFFFAOYSA-N,CN(C)CCCN1C2=CC=C(C=C2SC3=C1C(=C(C=C3)Cl)O)O,,,C17H19ClN2O2S,350.08557652800005,4.205099999999999,0,0,0,BTM00094,BTM00094,Hydroxylation of aromatic carbon ortho to halide group,BTMR1040,"CYP1A2
CYP2A6
CYP2B6
CYP2C8
CYP2C9
CYP2C19
CYP2D6
CYP2E1
CYP3A4",HUMAN,BTM00007,CN(C)CCCN1C2=CC=C(C=C2SC3=C1C=C(C=C3)Cl)O,"InChI=1S/C17H19ClN2OS/c1-19(2)8-3-9-20-14-6-5-13(21)11-17(14)22-16-7-4-12(18)10-15(16)20/h4-7,10-11,21H,3,8-9H2,1-2H3",HICFFJZGXWEIHN-UHFFFAOYSA-N,4.472499999999999,334.09066190799996
"InChI=1S/C17H19ClN2O2S/c1-19(2)6-3-7-20-13-5-4-11(21)8-16(13)23-17-10-15(22)12(18)9-14(17)20/h4-5,8-10,21-22H,3,6-7H2,1-2H3",XEOKALCMOZKIBM-UHFFFAOYSA-N,CN(C)CCCN1C2=CC=C(C=C2SC3=C1C=C(C(=C3)O)Cl)O,,,C17H19ClN2O2S,350.085576528,4.205099999999999,0,0,0,BTM00092,BTM00092,Hydroxylation of aromatic carbon ortho to halide group,BTMR1040,"CYP1A2
CYP2A6
CYP2B6
CYP2C8
CYP2C9
CYP2C19
CYP2D6
CYP2E1
CYP3A4",HUMAN,BTM00007,CN(C)CCCN1C2=CC=C(C=C2SC3=C1C=C(C=C3)Cl)O,"InChI=1S/C17H19ClN2OS/c1-19(2)8-3-9-20-14-6-5-13(21)11-17(14)22-16-7-4-12(18)10-15(16)20/h4-7,10-11,21H,3,8-9H2,1-2H3",HICFFJZGXWEIHN-UHFFFAOYSA-N,4.472499999999999,334.09066190799996
"InChI=1S/C16H17ClN2OS/c1-18-7-2-8-19-13-5-4-12(20)10-16(13)21-15-6-3-11(17)9-14(15)19/h3-6,9-10,18,20H,2,7-8H2,1H3",SQSNGPIVSCOKRR-UHFFFAOYSA-N,N(C)CCCN1C2=CC=C(C=C2SC3=C1C=C(C=C3)Cl)O,,,C16H17ClN2OS,320.075011844,3.9366000000000003,0,0,0,BTM00095,BTM00095,N-Dealkylation of acyclic tertiary amine,BTMR1142,"CYP1A2
CYP2A6
CYP2B6
CYP2C8
CYP2C9
CYP2C19
CYP2D6
CYP2E1
CYP3A4",HUMAN,BTM00007,CN(C)CCCN1C2=CC=C(C=C2SC3=C1C=C(C=C3)Cl)O,"InChI=1S/C17H19ClN2OS/c1-19(2)8-3-9-20-14-6-5-13(21)11-17(14)22-16-7-4-12(18)10-15(16)20/h4-7,10-11,21H,3,8-9H2,1-2H3",HICFFJZGXWEIHN-UHFFFAOYSA-N,4.472499999999999,334.09066190799996
"InChI=1S/C2H7N/c1-3-2/h3H,1-2H3",ROSDSFDQCJNGOL-UHFFFAOYSA-N,CNC,,,C2H7N,45.057849223999995,-0.21580000000000035,0,0,0,BTM00012,BTM00012,N-Dealkylation of acyclic tertiary amine,BTMR1142,"CYP1A2
CYP2A6
CYP2B6
CYP2C8
CYP2C9
CYP2C19
CYP2D6
CYP2E1
CYP3A4",HUMAN,BTM00007,CN(C)CCCN1C2=CC=C(C=C2SC3=C1C=C(C=C3)Cl)O,"InChI=1S/C17H19ClN2OS/c1-19(2)8-3-9-20-14-6-5-13(21)11-17(14)22-16-7-4-12(18)10-15(16)20/h4-7,10-11,21H,3,8-9H2,1-2H3",HICFFJZGXWEIHN-UHFFFAOYSA-N,4.472499999999999,334.09066190799996
"InChI=1S/C15H12ClNO2S/c16-10-2-5-14-13(8-10)17(6-1-7-18)12-4-3-11(19)9-15(12)20-14/h2-5,7-9,19H,1,6H2",BHNHRZZLMUQGHG-UHFFFAOYSA-N,C(CCN1C2=CC=C(C=C2SC3=C1C=C(C=C3)Cl)O)=O,,,C15H12ClNO2S,305.027727304,4.0231,0,0,0,BTM00096,BTM00096,N-Dealkylation of acyclic tertiary amine,BTMR1142,"CYP1A2
CYP2A6
CYP2B6
CYP2C8
CYP2C9
CYP2C19
CYP2D6
CYP2E1
CYP3A4",HUMAN,BTM00007,CN(C)CCCN1C2=CC=C(C=C2SC3=C1C=C(C=C3)Cl)O,"InChI=1S/C17H19ClN2OS/c1-19(2)8-3-9-20-14-6-5-13(21)11-17(14)22-16-7-4-12(18)10-15(16)20/h4-7,10-11,21H,3,8-9H2,1-2H3",HICFFJZGXWEIHN-UHFFFAOYSA-N,4.472499999999999,334.09066190799996
"InChI=1S/C17H19ClN2O2S/c1-19(2)6-3-7-20-13-5-4-12(21)10-16(13)23-17-14(20)8-11(18)9-15(17)22/h4-5,8-10,21-22H,3,6-7H2,1-2H3",TUQKYPDGLHLJTR-UHFFFAOYSA-N,CN(C)CCCN1C2=CC=C(C=C2SC3=C1C=C(C=C3O)Cl)O,,,C17H19ClN2O2S,350.08557652800005,4.205099999999999,0,0,0,BTM00097,BTM00097,Hydroxylation of aromatic carbon meta to halide group,BTMR1039,"CYP2A6
CYP2B6
CYP2C9
CYP2C19
CYP2E1
CYP3A4",HUMAN,BTM00007,CN(C)CCCN1C2=CC=C(C=C2SC3=C1C=C(C=C3)Cl)O,"InChI=1S/C17H19ClN2OS/c1-19(2)8-3-9-20-14-6-5-13(21)11-17(14)22-16-7-4-12(18)10-15(16)20/h4-7,10-11,21H,3,8-9H2,1-2H3",HICFFJZGXWEIHN-UHFFFAOYSA-N,4.472499999999999,334.09066190799996
"InChI=1S/C17H19ClN2O2S/c1-19(2)17(22)7-8-20-13-5-4-12(21)10-16(13)23-15-6-3-11(18)9-14(15)20/h3-6,9-10,17,21-22H,7-8H2,1-2H3",JYUYJIQGGOCQLG-UHFFFAOYSA-N,CN(C)C(CCN1C2=CC=C(C=C2SC3=C1C=C(C=C3)Cl)O)O,,,C17H19ClN2O2S,350.085576528,4.3260000000000005,0,0,0,BTM00098,BTM00098,Aliphatic hydroxylation of carbon alpha to secondary or tertiary alkyl-N,BTMR1081,"CYP2B6
CYP2C19
CYP2D6",HUMAN,BTM00007,CN(C)CCCN1C2=CC=C(C=C2SC3=C1C=C(C=C3)Cl)O,"InChI=1S/C17H19ClN2OS/c1-19(2)8-3-9-20-14-6-5-13(21)11-17(14)22-16-7-4-12(18)10-15(16)20/h4-7,10-11,21H,3,8-9H2,1-2H3",HICFFJZGXWEIHN-UHFFFAOYSA-N,4.472499999999999,334.09066190799996
"InChI=1S/C17H19ClN2O2S/c1-19(2)8-7-17(22)20-13-5-4-12(21)10-16(13)23-15-6-3-11(18)9-14(15)20/h3-6,9-10,17,21-22H,7-8H2,1-2H3",OVDMCVNJTUCTOF-UHFFFAOYSA-N,CN(C)CCC(N1C2=CC=C(C=C2SC3=C1C=C(C=C3)Cl)O)O,,,C17H19ClN2O2S,350.085576528,4.3260000000000005,0,0,0,BTM00099,BTM00099,Aliphatic hydroxylation of carbon alpha to secondary or tertiary alkyl-N,BTMR1081,"CYP2B6
CYP2C19
CYP2D6",HUMAN,BTM00007,CN(C)CCCN1C2=CC=C(C=C2SC3=C1C=C(C=C3)Cl)O,"InChI=1S/C17H19ClN2OS/c1-19(2)8-3-9-20-14-6-5-13(21)11-17(14)22-16-7-4-12(18)10-15(16)20/h4-7,10-11,21H,3,8-9H2,1-2H3",HICFFJZGXWEIHN-UHFFFAOYSA-N,4.472499999999999,334.09066190799996
"InChI=1S/C5H11NO/c1-6(2)4-3-5-7/h5H,3-4H2,1-2H3",GSZKLTJTSQMAOD-UHFFFAOYSA-N,CN(C)CCC=O,,,C5H11NO,101.084063972,0.07180000000000042,0,0,0,BTM00002,BTM00002,N-Dealkylation of mixed tertiary amine,BTMR1145,"CYP1A2
CYP2A6
CYP2B6
CYP2C8
CYP2C9
CYP2C19
CYP2D6
CYP3A4",HUMAN,BTM00008,CN(C)CCCN1C2=CC=CC=C2SC3=C1C=C(C(=C3)O)Cl,"InChI=1S/C17H19ClN2OS/c1-19(2)8-5-9-20-13-6-3-4-7-16(13)22-17-11-15(21)12(18)10-14(17)20/h3-4,6-7,10-11,21H,5,8-9H2,1-2H3",SOUCXKDIHOVGPW-UHFFFAOYSA-N,4.472499999999999,334.0906619080001
"InChI=1S/C12H8ClNOS/c13-7-5-9-12(6-10(7)15)16-11-4-2-1-3-8(11)14-9/h1-6,14-15H",PJNBXGVHMSNERP-UHFFFAOYSA-N,N1C2=CC=CC=C2SC3=C1C=C(C(=C3)O)Cl,,,C12H8ClNOS,249.001512556,4.0655,0,0,0,BTM00057,BTM00057,N-Dealkylation of mixed tertiary amine,BTMR1145,"CYP1A2
CYP2A6
CYP2B6
CYP2C8
CYP2C9
CYP2C19
CYP2D6
CYP3A4",HUMAN,BTM00008,CN(C)CCCN1C2=CC=CC=C2SC3=C1C=C(C(=C3)O)Cl,"InChI=1S/C17H19ClN2OS/c1-19(2)8-5-9-20-13-6-3-4-7-16(13)22-17-11-15(21)12(18)10-14(17)20/h3-4,6-7,10-11,21H,5,8-9H2,1-2H3",SOUCXKDIHOVGPW-UHFFFAOYSA-N,4.472499999999999,334.0906619080001
"InChI=1S/C17H19ClN2O2S/c1-19(2)9-11(21)10-20-13-5-3-4-6-16(13)23-17-8-15(22)12(18)7-14(17)20/h3-8,11,21-22H,9-10H2,1-2H3",YETYQXCCMUUECN-UHFFFAOYSA-N,CN(C)CC(CN1C2=CC=CC=C2SC3=C1C=C(C(=C3)O)Cl)O,,,C17H19ClN2O2S,350.085576528,3.899400000000001,0,0,0,BTM00064,BTM00064,Hydroxylation of acyclic aliphatic secondary carbon,BTMR1063,"CYP1A2
CYP2A6
CYP2B6
CYP2C9
CYP2E1
CYP3A4",HUMAN,BTM00008,CN(C)CCCN1C2=CC=CC=C2SC3=C1C=C(C(=C3)O)Cl,"InChI=1S/C17H19ClN2OS/c1-19(2)8-5-9-20-13-6-3-4-7-16(13)22-17-11-15(21)12(18)10-14(17)20/h3-4,6-7,10-11,21H,5,8-9H2,1-2H3",SOUCXKDIHOVGPW-UHFFFAOYSA-N,4.472499999999999,334.0906619080001
"InChI=1S/C17H19ClN2O2S/c1-19(2)8-5-9-20-13-6-3-4-7-16(13)23(22)17-11-15(21)12(18)10-14(17)20/h3-4,6-7,10-11,21H,5,8-9H2,1-2H3",LCWBQBZRHWEQOD-UHFFFAOYSA-N,CN(C)CCCN1C2=CC=CC=C2S(C3=C1C=C(C(=C3)O)Cl)=O,,,C17H19ClN2O2S,350.08557652800005,3.360699999999999,0,0,0,BTM00074,BTM00074,S-Oxidation of diarylthioether to sulfoxide,BTMR0059,"CYP1A2
CYP2B6
CYP2D6
CYP3A4",HUMAN,BTM00008,CN(C)CCCN1C2=CC=CC=C2SC3=C1C=C(C(=C3)O)Cl,"InChI=1S/C17H19ClN2OS/c1-19(2)8-5-9-20-13-6-3-4-7-16(13)22-17-11-15(21)12(18)10-14(17)20/h3-4,6-7,10-11,21H,5,8-9H2,1-2H3",SOUCXKDIHOVGPW-UHFFFAOYSA-N,4.472499999999999,334.0906619080001
"InChI=1S/C17H19ClN2O2S/c1-19(2)6-3-7-20-13-8-11(21)4-5-16(13)23-17-10-15(22)12(18)9-14(17)20/h4-5,8-10,21-22H,3,6-7H2,1-2H3",BECGZYKNPMWKFC-UHFFFAOYSA-N,CN(C)CCCN1C2=CC(=CC=C2SC3=C1C=C(C(=C3)O)Cl)O,,,C17H19ClN2O2S,350.085576528,4.205099999999999,0,0,0,BTM00084,BTM00084,Aromatic hydroxylation of fused benzene ring,BTMR1030,"CYP1A2
CYP2A6
CYP2B6
CYP2C8
CYP2C9
CYP2C19
CYP2D6
CYP2E1
CYP3A4",HUMAN,BTM00008,CN(C)CCCN1C2=CC=CC=C2SC3=C1C=C(C(=C3)O)Cl,"InChI=1S/C17H19ClN2OS/c1-19(2)8-5-9-20-13-6-3-4-7-16(13)22-17-11-15(21)12(18)10-14(17)20/h3-4,6-7,10-11,21H,5,8-9H2,1-2H3",SOUCXKDIHOVGPW-UHFFFAOYSA-N,4.472499999999999,334.0906619080001
"InChI=1S/C17H19ClN2O2S/c1-19(2)6-3-7-20-13-5-4-11(21)8-16(13)23-17-10-15(22)12(18)9-14(17)20/h4-5,8-10,21-22H,3,6-7H2,1-2H3",XEOKALCMOZKIBM-UHFFFAOYSA-N,CN(C)CCCN1C2=CC=C(C=C2SC3=C1C=C(C(=C3)O)Cl)O,,,C17H19ClN2O2S,350.085576528,4.205099999999999,0,0,0,BTM00092,BTM00092,Aromatic hydroxylation of fused benzene ring,BTMR1030,"CYP1A2
CYP2A6
CYP2B6
CYP2C8
CYP2C9
CYP2C19
CYP2D6
CYP2E1
CYP3A4",HUMAN,BTM00008,CN(C)CCCN1C2=CC=CC=C2SC3=C1C=C(C(=C3)O)Cl,"InChI=1S/C17H19ClN2OS/c1-19(2)8-5-9-20-13-6-3-4-7-16(13)22-17-11-15(21)12(18)10-14(17)20/h3-4,6-7,10-11,21H,5,8-9H2,1-2H3",SOUCXKDIHOVGPW-UHFFFAOYSA-N,4.472499999999999,334.0906619080001
"InChI=1S/C17H19ClN2O2S/c1-20(2,22)9-5-8-19-13-6-3-4-7-16(13)23-17-11-15(21)12(18)10-14(17)19/h3-4,6-7,10-11,21H,5,8-9H2,1-2H3",OROWQQQSHIYBPJ-UHFFFAOYSA-N,C[N+](C)(CCCN1C2=CC=CC=C2SC3=C1C=C(C(=C3)O)Cl)[O-],,,C17H19ClN2O2S,350.085576528,4.067399999999999,0,0,0,BTM00100,BTM00100,N-Oxidation of aliphatic tertiary amine,BTMR1100,"CYP1A2
CYP2D6
CYP3A4",HUMAN,BTM00008,CN(C)CCCN1C2=CC=CC=C2SC3=C1C=C(C(=C3)O)Cl,"InChI=1S/C17H19ClN2OS/c1-19(2)8-5-9-20-13-6-3-4-7-16(13)22-17-11-15(21)12(18)10-14(17)20/h3-4,6-7,10-11,21H,5,8-9H2,1-2H3",SOUCXKDIHOVGPW-UHFFFAOYSA-N,4.472499999999999,334.0906619080001
"InChI=1S/C17H19ClN2O2S/c1-19(2)8-5-9-20-11-6-3-4-7-13(11)23-14-10-12(21)15(18)17(22)16(14)20/h3-4,6-7,10,21-22H,5,8-9H2,1-2H3",MXSBZMQEICVMEU-UHFFFAOYSA-N,CN(C)CCCN1C2=CC=CC=C2SC3=C1C(=C(C(=C3)O)Cl)O,,,C17H19ClN2O2S,350.085576528,4.205099999999999,0,0,0,BTM00101,BTM00101,Hydroxylation of aromatic carbon ortho to halide group,BTMR1040,"CYP1A2
CYP2A6
CYP2B6
CYP2C8
CYP2C9
CYP2C19
CYP2D6
CYP2E1
CYP3A4",HUMAN,BTM00008,CN(C)CCCN1C2=CC=CC=C2SC3=C1C=C(C(=C3)O)Cl,"InChI=1S/C17H19ClN2OS/c1-19(2)8-5-9-20-13-6-3-4-7-16(13)22-17-11-15(21)12(18)10-14(17)20/h3-4,6-7,10-11,21H,5,8-9H2,1-2H3",SOUCXKDIHOVGPW-UHFFFAOYSA-N,4.472499999999999,334.0906619080001
"InChI=1S/C16H17ClN2OS/c1-18-7-4-8-19-12-5-2-3-6-15(12)21-16-10-14(20)11(17)9-13(16)19/h2-3,5-6,9-10,18,20H,4,7-8H2,1H3",KNGLTFUHQMUZES-UHFFFAOYSA-N,N(C)CCCN1C2=CC=CC=C2SC3=C1C=C(C(=C3)O)Cl,,,C16H17ClN2OS,320.07501184399996,3.9366000000000003,0,0,0,BTM00102,BTM00102,N-Dealkylation of acyclic tertiary amine,BTMR1142,"CYP1A2
CYP2A6
CYP2B6
CYP2C8
CYP2C9
CYP2C19
CYP2D6
CYP2E1
CYP3A4",HUMAN,BTM00008,CN(C)CCCN1C2=CC=CC=C2SC3=C1C=C(C(=C3)O)Cl,"InChI=1S/C17H19ClN2OS/c1-19(2)8-5-9-20-13-6-3-4-7-16(13)22-17-11-15(21)12(18)10-14(17)20/h3-4,6-7,10-11,21H,5,8-9H2,1-2H3",SOUCXKDIHOVGPW-UHFFFAOYSA-N,4.472499999999999,334.0906619080001
"InChI=1S/C2H7N/c1-3-2/h3H,1-2H3",ROSDSFDQCJNGOL-UHFFFAOYSA-N,CNC,,,C2H7N,45.057849223999995,-0.21580000000000035,0,0,0,BTM00012,BTM00012,N-Dealkylation of acyclic tertiary amine,BTMR1142,"CYP1A2
CYP2A6
CYP2B6
CYP2C8
CYP2C9
CYP2C19
CYP2D6
CYP2E1
CYP3A4",HUMAN,BTM00008,CN(C)CCCN1C2=CC=CC=C2SC3=C1C=C(C(=C3)O)Cl,"InChI=1S/C17H19ClN2OS/c1-19(2)8-5-9-20-13-6-3-4-7-16(13)22-17-11-15(21)12(18)10-14(17)20/h3-4,6-7,10-11,21H,5,8-9H2,1-2H3",SOUCXKDIHOVGPW-UHFFFAOYSA-N,4.472499999999999,334.0906619080001
"InChI=1S/C15H12ClNO2S/c16-10-8-12-15(9-13(10)19)20-14-5-2-1-4-11(14)17(12)6-3-7-18/h1-2,4-5,7-9,19H,3,6H2",UZYNQDHCRQJXFC-UHFFFAOYSA-N,C(CCN1C2=CC=CC=C2SC3=C1C=C(C(=C3)O)Cl)=O,,,C15H12ClNO2S,305.02772730400005,4.0231,0,0,0,BTM00103,BTM00103,N-Dealkylation of acyclic tertiary amine,BTMR1142,"CYP1A2
CYP2A6
CYP2B6
CYP2C8
CYP2C9
CYP2C19
CYP2D6
CYP2E1
CYP3A4",HUMAN,BTM00008,CN(C)CCCN1C2=CC=CC=C2SC3=C1C=C(C(=C3)O)Cl,"InChI=1S/C17H19ClN2OS/c1-19(2)8-5-9-20-13-6-3-4-7-16(13)22-17-11-15(21)12(18)10-14(17)20/h3-4,6-7,10-11,21H,5,8-9H2,1-2H3",SOUCXKDIHOVGPW-UHFFFAOYSA-N,4.472499999999999,334.0906619080001
"InChI=1S/C17H19ClN2O2S/c1-19(2)8-5-9-20-12-6-3-4-7-14(12)23-17-13(20)10-11(18)15(21)16(17)22/h3-4,6-7,10,21-22H,5,8-9H2,1-2H3",LIMKVOCUHXLAST-UHFFFAOYSA-N,CN(C)CCCN1C2=CC=CC=C2SC3=C1C=C(C(=C3O)O)Cl,,,C17H19ClN2O2S,350.085576528,4.205099999999999,0,0,0,BTM00104,BTM00104,Hydroxylation of aromatic carbon meta to halide group,BTMR1039,"CYP2A6
CYP2B6
CYP2C9
CYP2C19
CYP2E1
CYP3A4",HUMAN,BTM00008,CN(C)CCCN1C2=CC=CC=C2SC3=C1C=C(C(=C3)O)Cl,"InChI=1S/C17H19ClN2OS/c1-19(2)8-5-9-20-13-6-3-4-7-16(13)22-17-11-15(21)12(18)10-14(17)20/h3-4,6-7,10-11,21H,5,8-9H2,1-2H3",SOUCXKDIHOVGPW-UHFFFAOYSA-N,4.472499999999999,334.0906619080001
"InChI=1S/C17H19ClN2O2S/c1-19(2)17(22)7-8-20-12-5-3-4-6-15(12)23-16-10-14(21)11(18)9-13(16)20/h3-6,9-10,17,21-22H,7-8H2,1-2H3",OXZOSFOHIMRJND-UHFFFAOYSA-N,CN(C)C(CCN1C2=CC=CC=C2SC3=C1C=C(C(=C3)O)Cl)O,,,C17H19ClN2O2S,350.085576528,4.3260000000000005,0,0,0,BTM00105,BTM00105,Aliphatic hydroxylation of carbon alpha to secondary or tertiary alkyl-N,BTMR1081,"CYP2B6
CYP2C19
CYP2D6",HUMAN,BTM00008,CN(C)CCCN1C2=CC=CC=C2SC3=C1C=C(C(=C3)O)Cl,"InChI=1S/C17H19ClN2OS/c1-19(2)8-5-9-20-13-6-3-4-7-16(13)22-17-11-15(21)12(18)10-14(17)20/h3-4,6-7,10-11,21H,5,8-9H2,1-2H3",SOUCXKDIHOVGPW-UHFFFAOYSA-N,4.472499999999999,334.0906619080001
"InChI=1S/C17H19ClN2O2S/c1-19(2)8-7-17(22)20-12-5-3-4-6-15(12)23-16-10-14(21)11(18)9-13(16)20/h3-6,9-10,17,21-22H,7-8H2,1-2H3",CCKLNUQTAWDFHC-UHFFFAOYSA-N,CN(C)CCC(N1C2=CC=CC=C2SC3=C1C=C(C(=C3)O)Cl)O,,,C17H19ClN2O2S,350.085576528,4.3260000000000005,0,0,0,BTM00106,BTM00106,Aliphatic hydroxylation of carbon alpha to secondary or tertiary alkyl-N,BTMR1081,"CYP2B6
CYP2C19
CYP2D6",HUMAN,BTM00008,CN(C)CCCN1C2=CC=CC=C2SC3=C1C=C(C(=C3)O)Cl,"InChI=1S/C17H19ClN2OS/c1-19(2)8-5-9-20-13-6-3-4-7-16(13)22-17-11-15(21)12(18)10-14(17)20/h3-4,6-7,10-11,21H,5,8-9H2,1-2H3",SOUCXKDIHOVGPW-UHFFFAOYSA-N,4.472499999999999,334.0906619080001
"InChI=1S/C5H11NO2/c1-6(2,8)4-3-5-7/h5H,3-4H2,1-2H3",GPKWGLGIJSMDKT-UHFFFAOYSA-N,C[N+](C)(CCC=O)[O-],,,C5H11NO2,117.078978592,-0.3332999999999995,0,0,0,BTM00049,BTM00049,N-Dealkylation of mixed tertiary amine,BTMR1145,"CYP1A2
CYP2A6
CYP2B6
CYP2C8
CYP2C9
CYP2C19
CYP2D6
CYP3A4",HUMAN,BTM00009,C[N+](C)(CCCN1C2=CC=CC=C2SC3=C1C=C(C=C3)Cl)[O-],"InChI=1S/C17H19ClN2OS/c1-20(2,21)11-5-10-19-14-6-3-4-7-16(14)22-17-9-8-13(18)12-15(17)19/h3-4,6-9,12H,5,10-11H2,1-2H3",LFDFWIIFGRXCFR-UHFFFAOYSA-N,4.3348,334.09066190799996
"InChI=1S/C12H8ClNS/c13-8-5-6-12-10(7-8)14-9-3-1-2-4-11(9)15-12/h1-7,14H",KFZGLJSYQXZIGP-UHFFFAOYSA-N,N1C2=CC=CC=C2SC3=C1C=C(C=C3)Cl,,,C12H8ClNS,233.006597936,4.3329,0,0,0,BTM00003,BTM00003,N-Dealkylation of mixed tertiary amine,BTMR1145,"CYP1A2
CYP2A6
CYP2B6
CYP2C8
CYP2C9
CYP2C19
CYP2D6
CYP3A4",HUMAN,BTM00009,C[N+](C)(CCCN1C2=CC=CC=C2SC3=C1C=C(C=C3)Cl)[O-],"InChI=1S/C17H19ClN2OS/c1-20(2,21)11-5-10-19-14-6-3-4-7-16(14)22-17-9-8-13(18)12-15(17)19/h3-4,6-9,12H,5,10-11H2,1-2H3",LFDFWIIFGRXCFR-UHFFFAOYSA-N,4.3348,334.09066190799996
"InChI=1S/C17H19ClN2O2S/c1-20(2,22)11-13(21)10-19-14-5-3-4-6-16(14)23-17-8-7-12(18)9-15(17)19/h3-9,13,21H,10-11H2,1-2H3",GODLAPQONPKQTJ-UHFFFAOYSA-N,C[N+](C)(CC(CN1C2=CC=CC=C2SC3=C1C=C(C=C3)Cl)O)[O-],,,C17H19ClN2O2S,350.08557652800005,3.7616999999999994,0,0,0,BTM00065,BTM00065,Hydroxylation of acyclic aliphatic secondary carbon,BTMR1063,"CYP1A2
CYP2A6
CYP2B6
CYP2C9
CYP2E1
CYP3A4",HUMAN,BTM00009,C[N+](C)(CCCN1C2=CC=CC=C2SC3=C1C=C(C=C3)Cl)[O-],"InChI=1S/C17H19ClN2OS/c1-20(2,21)11-5-10-19-14-6-3-4-7-16(14)22-17-9-8-13(18)12-15(17)19/h3-4,6-9,12H,5,10-11H2,1-2H3",LFDFWIIFGRXCFR-UHFFFAOYSA-N,4.3348,334.09066190799996
"InChI=1S/C17H19ClN2O2S/c1-20(2,21)11-5-10-19-14-6-3-4-7-16(14)23(22)17-9-8-13(18)12-15(17)19/h3-4,6-9,12H,5,10-11H2,1-2H3",OJDQKXZCHZEEAO-UHFFFAOYSA-N,C[N+](C)(CCCN1C2=CC=CC=C2S(C3=C1C=C(C=C3)Cl)=O)[O-],,,C17H19ClN2O2S,350.08557652800005,3.2229999999999994,0,0,0,BTM00075,BTM00075,S-Oxidation of diarylthioether to sulfoxide,BTMR0059,"CYP1A2
CYP2B6
CYP2D6
CYP3A4",HUMAN,BTM00009,C[N+](C)(CCCN1C2=CC=CC=C2SC3=C1C=C(C=C3)Cl)[O-],"InChI=1S/C17H19ClN2OS/c1-20(2,21)11-5-10-19-14-6-3-4-7-16(14)22-17-9-8-13(18)12-15(17)19/h3-4,6-9,12H,5,10-11H2,1-2H3",LFDFWIIFGRXCFR-UHFFFAOYSA-N,4.3348,334.09066190799996
"InChI=1S/C17H19ClN2O2S/c1-20(2,22)9-3-8-19-14-10-12(18)4-6-16(14)23-17-7-5-13(21)11-15(17)19/h4-7,10-11,21H,3,8-9H2,1-2H3",KPUOMMGVTJXEGN-UHFFFAOYSA-N,C[N+](C)(CCCN1C2=CC(=CC=C2SC3=C1C=C(C=C3)Cl)O)[O-],,,C17H19ClN2O2S,350.085576528,4.067399999999999,0,0,0,BTM00085,BTM00085,Aromatic hydroxylation of fused benzene ring,BTMR1030,"CYP1A2
CYP2A6
CYP2B6
CYP2C8
CYP2C9
CYP2C19
CYP2D6
CYP2E1
CYP3A4",HUMAN,BTM00009,C[N+](C)(CCCN1C2=CC=CC=C2SC3=C1C=C(C=C3)Cl)[O-],"InChI=1S/C17H19ClN2OS/c1-20(2,21)11-5-10-19-14-6-3-4-7-16(14)22-17-9-8-13(18)12-15(17)19/h3-4,6-9,12H,5,10-11H2,1-2H3",LFDFWIIFGRXCFR-UHFFFAOYSA-N,4.3348,334.09066190799996
"InChI=1S/C17H19ClN2O2S/c1-20(2,22)9-3-8-19-14-6-5-13(21)11-17(14)23-16-7-4-12(18)10-15(16)19/h4-7,10-11,21H,3,8-9H2,1-2H3",HFTVDGMOABYGTO-UHFFFAOYSA-N,C[N+](C)(CCCN1C2=CC=C(C=C2SC3=C1C=C(C=C3)Cl)O)[O-],,,C17H19ClN2O2S,350.085576528,4.067399999999999,0,0,0,BTM00093,BTM00093,Aromatic hydroxylation of fused benzene ring,BTMR1030,"CYP1A2
CYP2A6
CYP2B6
CYP2C8
CYP2C9
CYP2C19
CYP2D6
CYP2E1
CYP3A4",HUMAN,BTM00009,C[N+](C)(CCCN1C2=CC=CC=C2SC3=C1C=C(C=C3)Cl)[O-],"InChI=1S/C17H19ClN2OS/c1-20(2,21)11-5-10-19-14-6-3-4-7-16(14)22-17-9-8-13(18)12-15(17)19/h3-4,6-9,12H,5,10-11H2,1-2H3",LFDFWIIFGRXCFR-UHFFFAOYSA-N,4.3348,334.09066190799996
"InChI=1S/C17H19ClN2O2S/c1-20(2,22)9-5-8-19-13-6-3-4-7-16(13)23-17-11-15(21)12(18)10-14(17)19/h3-4,6-7,10-11,21H,5,8-9H2,1-2H3",OROWQQQSHIYBPJ-UHFFFAOYSA-N,C[N+](C)(CCCN1C2=CC=CC=C2SC3=C1C=C(C(=C3)O)Cl)[O-],,,C17H19ClN2O2S,350.085576528,4.067399999999999,0,0,0,BTM00100,BTM00100,Aromatic hydroxylation of fused benzene ring,BTMR1030,"CYP1A2
CYP2A6
CYP2B6
CYP2C8
CYP2C9
CYP2C19
CYP2D6
CYP2E1
CYP3A4",HUMAN,BTM00009,C[N+](C)(CCCN1C2=CC=CC=C2SC3=C1C=C(C=C3)Cl)[O-],"InChI=1S/C17H19ClN2OS/c1-20(2,21)11-5-10-19-14-6-3-4-7-16(14)22-17-9-8-13(18)12-15(17)19/h3-4,6-9,12H,5,10-11H2,1-2H3",LFDFWIIFGRXCFR-UHFFFAOYSA-N,4.3348,334.09066190799996
"InChI=1S/C17H19ClN2O2S/c1-20(2,22)11-5-10-19-13-6-3-4-7-14(13)23-15-9-8-12(18)17(21)16(15)19/h3-4,6-9,21H,5,10-11H2,1-2H3",HWFAEXUIICBPHT-UHFFFAOYSA-N,C[N+](C)(CCCN1C2=CC=CC=C2SC3=C1C(=C(C=C3)Cl)O)[O-],,,C17H19ClN2O2S,350.085576528,4.067399999999999,0,0,0,BTM00107,BTM00107,Hydroxylation of aromatic carbon ortho to halide group,BTMR1040,"CYP1A2
CYP2A6
CYP2B6
CYP2C8
CYP2C9
CYP2C19
CYP2D6
CYP2E1
CYP3A4",HUMAN,BTM00009,C[N+](C)(CCCN1C2=CC=CC=C2SC3=C1C=C(C=C3)Cl)[O-],"InChI=1S/C17H19ClN2OS/c1-20(2,21)11-5-10-19-14-6-3-4-7-16(14)22-17-9-8-13(18)12-15(17)19/h3-4,6-9,12H,5,10-11H2,1-2H3",LFDFWIIFGRXCFR-UHFFFAOYSA-N,4.3348,334.09066190799996
"InChI=1S/C17H19ClN2O2S/c1-20(2,22)9-5-8-19-13-6-3-4-7-16(13)23-17-11-15(21)12(18)10-14(17)19/h3-4,6-7,10-11,21H,5,8-9H2,1-2H3",OROWQQQSHIYBPJ-UHFFFAOYSA-N,C[N+](C)(CCCN1C2=CC=CC=C2SC3=C1C=C(C(=C3)O)Cl)[O-],,,C17H19ClN2O2S,350.085576528,4.067399999999999,0,0,0,BTM00100,BTM00100,Hydroxylation of aromatic carbon ortho to halide group,BTMR1040,"CYP1A2
CYP2A6
CYP2B6
CYP2C8
CYP2C9
CYP2C19
CYP2D6
CYP2E1
CYP3A4",HUMAN,BTM00009,C[N+](C)(CCCN1C2=CC=CC=C2SC3=C1C=C(C=C3)Cl)[O-],"InChI=1S/C17H19ClN2OS/c1-20(2,21)11-5-10-19-14-6-3-4-7-16(14)22-17-9-8-13(18)12-15(17)19/h3-4,6-9,12H,5,10-11H2,1-2H3",LFDFWIIFGRXCFR-UHFFFAOYSA-N,4.3348,334.09066190799996
"InChI=1S/C17H19ClN2O2S/c1-20(2,22)9-5-8-19-13-6-3-4-7-16(13)23-17-14(19)10-12(18)11-15(17)21/h3-4,6-7,10-11,21H,5,8-9H2,1-2H3",DAGIZHJQZXUYGX-UHFFFAOYSA-N,C[N+](C)(CCCN1C2=CC=CC=C2SC3=C1C=C(C=C3O)Cl)[O-],,,C17H19ClN2O2S,350.085576528,4.067399999999999,0,0,0,BTM00108,BTM00108,Hydroxylation of aromatic carbon meta to halide group,BTMR1039,"CYP2A6
CYP2B6
CYP2C9
CYP2C19
CYP2E1
CYP3A4",HUMAN,BTM00009,C[N+](C)(CCCN1C2=CC=CC=C2SC3=C1C=C(C=C3)Cl)[O-],"InChI=1S/C17H19ClN2OS/c1-20(2,21)11-5-10-19-14-6-3-4-7-16(14)22-17-9-8-13(18)12-15(17)19/h3-4,6-9,12H,5,10-11H2,1-2H3",LFDFWIIFGRXCFR-UHFFFAOYSA-N,4.3348,334.09066190799996
"InChI=1S/C17H19ClN2O2S/c1-20(2,22)10-9-17(21)19-13-5-3-4-6-15(13)23-16-8-7-12(18)11-14(16)19/h3-8,11,17,21H,9-10H2,1-2H3",JZLJDYUPHZGZOM-UHFFFAOYSA-N,C[N+](C)(CCC(N1C2=CC=CC=C2SC3=C1C=C(C=C3)Cl)O)[O-],,,C17H19ClN2O2S,350.085576528,4.188299999999999,0,0,0,BTM00109,BTM00109,Aliphatic hydroxylation of carbon alpha to secondary or tertiary alkyl-N,BTMR1081,"CYP2B6
CYP2C19
CYP2D6",HUMAN,BTM00009,C[N+](C)(CCCN1C2=CC=CC=C2SC3=C1C=C(C=C3)Cl)[O-],"InChI=1S/C17H19ClN2OS/c1-20(2,21)11-5-10-19-14-6-3-4-7-16(14)22-17-9-8-13(18)12-15(17)19/h3-4,6-9,12H,5,10-11H2,1-2H3",LFDFWIIFGRXCFR-UHFFFAOYSA-N,4.3348,334.09066190799996
"InChI=1S/C5H11NO/c1-6(2)4-3-5-7/h5H,3-4H2,1-2H3",GSZKLTJTSQMAOD-UHFFFAOYSA-N,CN(C)CCC=O,,,C5H11NO,101.084063972,0.07180000000000042,0,0,0,BTM00002,BTM00002,N-Dealkylation of mixed tertiary amine,BTMR1145,"CYP1A2
CYP2A6
CYP2B6
CYP2C8
CYP2C9
CYP2C19
CYP2D6
CYP3A4",HUMAN,BTM00010,CN(C)CCCN1C2=CC=CC=C2SC3=C1C(=C(C=C3)Cl)O,"InChI=1S/C17H19ClN2OS/c1-19(2)10-5-11-20-13-6-3-4-7-14(13)22-15-9-8-12(18)17(21)16(15)20/h3-4,6-9,21H,5,10-11H2,1-2H3",FWNNYTKAPJEWGR-UHFFFAOYSA-N,4.472499999999999,334.090661908
"InChI=1S/C12H8ClNOS/c13-7-5-6-10-11(12(7)15)14-8-3-1-2-4-9(8)16-10/h1-6,14-15H",ZNEHHSXLJXBSQR-UHFFFAOYSA-N,N1C2=CC=CC=C2SC3=C1C(=C(C=C3)Cl)O,,,C12H8ClNOS,249.001512556,4.0655,0,0,0,BTM00058,BTM00058,N-Dealkylation of mixed tertiary amine,BTMR1145,"CYP1A2
CYP2A6
CYP2B6
CYP2C8
CYP2C9
CYP2C19
CYP2D6
CYP3A4",HUMAN,BTM00010,CN(C)CCCN1C2=CC=CC=C2SC3=C1C(=C(C=C3)Cl)O,"InChI=1S/C17H19ClN2OS/c1-19(2)10-5-11-20-13-6-3-4-7-14(13)22-15-9-8-12(18)17(21)16(15)20/h3-4,6-9,21H,5,10-11H2,1-2H3",FWNNYTKAPJEWGR-UHFFFAOYSA-N,4.472499999999999,334.090661908
"InChI=1S/C17H19ClN2O2S/c1-19(2)9-11(21)10-20-13-5-3-4-6-14(13)23-15-8-7-12(18)17(22)16(15)20/h3-8,11,21-22H,9-10H2,1-2H3",GFXLHJZOVVDXMN-UHFFFAOYSA-N,CN(C)CC(CN1C2=CC=CC=C2SC3=C1C(=C(C=C3)Cl)O)O,,,C17H19ClN2O2S,350.085576528,3.899400000000001,0,0,0,BTM00066,BTM00066,Hydroxylation of acyclic aliphatic secondary carbon,BTMR1063,"CYP1A2
CYP2A6
CYP2B6
CYP2C9
CYP2E1
CYP3A4",HUMAN,BTM00010,CN(C)CCCN1C2=CC=CC=C2SC3=C1C(=C(C=C3)Cl)O,"InChI=1S/C17H19ClN2OS/c1-19(2)10-5-11-20-13-6-3-4-7-14(13)22-15-9-8-12(18)17(21)16(15)20/h3-4,6-9,21H,5,10-11H2,1-2H3",FWNNYTKAPJEWGR-UHFFFAOYSA-N,4.472499999999999,334.090661908
"InChI=1S/C17H19ClN2O2S/c1-19(2)10-5-11-20-13-6-3-4-7-14(13)23(22)15-9-8-12(18)17(21)16(15)20/h3-4,6-9,21H,5,10-11H2,1-2H3",GSOBVTHDUPQXIJ-UHFFFAOYSA-N,CN(C)CCCN1C2=CC=CC=C2S(C3=C1C(=C(C=C3)Cl)O)=O,,,C17H19ClN2O2S,350.085576528,3.360699999999999,0,0,0,BTM00076,BTM00076,S-Oxidation of diarylthioether to sulfoxide,BTMR0059,"CYP1A2
CYP2B6
CYP2D6
CYP3A4",HUMAN,BTM00010,CN(C)CCCN1C2=CC=CC=C2SC3=C1C(=C(C=C3)Cl)O,"InChI=1S/C17H19ClN2OS/c1-19(2)10-5-11-20-13-6-3-4-7-14(13)22-15-9-8-12(18)17(21)16(15)20/h3-4,6-9,21H,5,10-11H2,1-2H3",FWNNYTKAPJEWGR-UHFFFAOYSA-N,4.472499999999999,334.090661908
"InChI=1S/C17H19ClN2O2S/c1-19(2)8-3-9-20-13-10-11(21)4-6-14(13)23-15-7-5-12(18)17(22)16(15)20/h4-7,10,21-22H,3,8-9H2,1-2H3",WWRLGOLDDFLPHI-UHFFFAOYSA-N,CN(C)CCCN1C2=CC(=CC=C2SC3=C1C(=C(C=C3)Cl)O)O,,,C17H19ClN2O2S,350.085576528,4.205099999999999,0,0,0,BTM00086,BTM00086,Aromatic hydroxylation of fused benzene ring,BTMR1030,"CYP1A2
CYP2A6
CYP2B6
CYP2C8
CYP2C9
CYP2C19
CYP2D6
CYP2E1
CYP3A4",HUMAN,BTM00010,CN(C)CCCN1C2=CC=CC=C2SC3=C1C(=C(C=C3)Cl)O,"InChI=1S/C17H19ClN2OS/c1-19(2)10-5-11-20-13-6-3-4-7-14(13)22-15-9-8-12(18)17(21)16(15)20/h3-4,6-9,21H,5,10-11H2,1-2H3",FWNNYTKAPJEWGR-UHFFFAOYSA-N,4.472499999999999,334.090661908
"InChI=1S/C17H19ClN2O2S/c1-19(2)8-3-9-20-13-6-4-11(21)10-15(13)23-14-7-5-12(18)17(22)16(14)20/h4-7,10,21-22H,3,8-9H2,1-2H3",ARGCEUVRXXLHLE-UHFFFAOYSA-N,CN(C)CCCN1C2=CC=C(C=C2SC3=C1C(=C(C=C3)Cl)O)O,,,C17H19ClN2O2S,350.08557652800005,4.205099999999999,0,0,0,BTM00094,BTM00094,Aromatic hydroxylation of fused benzene ring,BTMR1030,"CYP1A2
CYP2A6
CYP2B6
CYP2C8
CYP2C9
CYP2C19
CYP2D6
CYP2E1
CYP3A4",HUMAN,BTM00010,CN(C)CCCN1C2=CC=CC=C2SC3=C1C(=C(C=C3)Cl)O,"InChI=1S/C17H19ClN2OS/c1-19(2)10-5-11-20-13-6-3-4-7-14(13)22-15-9-8-12(18)17(21)16(15)20/h3-4,6-9,21H,5,10-11H2,1-2H3",FWNNYTKAPJEWGR-UHFFFAOYSA-N,4.472499999999999,334.090661908
"InChI=1S/C17H19ClN2O2S/c1-19(2)8-5-9-20-11-6-3-4-7-13(11)23-14-10-12(21)15(18)17(22)16(14)20/h3-4,6-7,10,21-22H,5,8-9H2,1-2H3",MXSBZMQEICVMEU-UHFFFAOYSA-N,CN(C)CCCN1C2=CC=CC=C2SC3=C1C(=C(C(=C3)O)Cl)O,,,C17H19ClN2O2S,350.085576528,4.205099999999999,0,0,0,BTM00101,BTM00101,Aromatic hydroxylation of fused benzene ring,BTMR1030,"CYP1A2
CYP2A6
CYP2B6
CYP2C8
CYP2C9
CYP2C19
CYP2D6
CYP2E1
CYP3A4",HUMAN,BTM00010,CN(C)CCCN1C2=CC=CC=C2SC3=C1C(=C(C=C3)Cl)O,"InChI=1S/C17H19ClN2OS/c1-19(2)10-5-11-20-13-6-3-4-7-14(13)22-15-9-8-12(18)17(21)16(15)20/h3-4,6-9,21H,5,10-11H2,1-2H3",FWNNYTKAPJEWGR-UHFFFAOYSA-N,4.472499999999999,334.090661908
"InChI=1S/C17H19ClN2O2S/c1-20(2,22)11-5-10-19-13-6-3-4-7-14(13)23-15-9-8-12(18)17(21)16(15)19/h3-4,6-9,21H,5,10-11H2,1-2H3",HWFAEXUIICBPHT-UHFFFAOYSA-N,C[N+](C)(CCCN1C2=CC=CC=C2SC3=C1C(=C(C=C3)Cl)O)[O-],,,C17H19ClN2O2S,350.085576528,4.067399999999999,0,0,0,BTM00107,BTM00107,N-Oxidation of aliphatic tertiary amine,BTMR1100,"CYP1A2
CYP2D6
CYP3A4",HUMAN,BTM00010,CN(C)CCCN1C2=CC=CC=C2SC3=C1C(=C(C=C3)Cl)O,"InChI=1S/C17H19ClN2OS/c1-19(2)10-5-11-20-13-6-3-4-7-14(13)22-15-9-8-12(18)17(21)16(15)20/h3-4,6-9,21H,5,10-11H2,1-2H3",FWNNYTKAPJEWGR-UHFFFAOYSA-N,4.472499999999999,334.090661908
"InChI=1S/C16H17ClN2OS/c1-18-9-4-10-19-12-5-2-3-6-13(12)21-14-8-7-11(17)16(20)15(14)19/h2-3,5-8,18,20H,4,9-10H2,1H3",HKLRIUGHIFJYKA-UHFFFAOYSA-N,N(C)CCCN1C2=CC=CC=C2SC3=C1C(=C(C=C3)Cl)O,,,C16H17ClN2OS,320.07501184399996,3.9366000000000003,0,0,0,BTM00110,BTM00110,N-Dealkylation of acyclic tertiary amine,BTMR1142,"CYP1A2
CYP2A6
CYP2B6
CYP2C8
CYP2C9
CYP2C19
CYP2D6
CYP2E1
CYP3A4",HUMAN,BTM00010,CN(C)CCCN1C2=CC=CC=C2SC3=C1C(=C(C=C3)Cl)O,"InChI=1S/C17H19ClN2OS/c1-19(2)10-5-11-20-13-6-3-4-7-14(13)22-15-9-8-12(18)17(21)16(15)20/h3-4,6-9,21H,5,10-11H2,1-2H3",FWNNYTKAPJEWGR-UHFFFAOYSA-N,4.472499999999999,334.090661908
"InChI=1S/C2H7N/c1-3-2/h3H,1-2H3",ROSDSFDQCJNGOL-UHFFFAOYSA-N,CNC,,,C2H7N,45.057849223999995,-0.21580000000000035,0,0,0,BTM00012,BTM00012,N-Dealkylation of acyclic tertiary amine,BTMR1142,"CYP1A2
CYP2A6
CYP2B6
CYP2C8
CYP2C9
CYP2C19
CYP2D6
CYP2E1
CYP3A4",HUMAN,BTM00010,CN(C)CCCN1C2=CC=CC=C2SC3=C1C(=C(C=C3)Cl)O,"InChI=1S/C17H19ClN2OS/c1-19(2)10-5-11-20-13-6-3-4-7-14(13)22-15-9-8-12(18)17(21)16(15)20/h3-4,6-9,21H,5,10-11H2,1-2H3",FWNNYTKAPJEWGR-UHFFFAOYSA-N,4.472499999999999,334.090661908
"InChI=1S/C15H12ClNO2S/c16-10-6-7-13-14(15(10)19)17(8-3-9-18)11-4-1-2-5-12(11)20-13/h1-2,4-7,9,19H,3,8H2",CWPRCHMGUFOALS-UHFFFAOYSA-N,C(CCN1C2=CC=CC=C2SC3=C1C(=C(C=C3)Cl)O)=O,,,C15H12ClNO2S,305.027727304,4.0231,0,0,0,BTM00111,BTM00111,N-Dealkylation of acyclic tertiary amine,BTMR1142,"CYP1A2
CYP2A6
CYP2B6
CYP2C8
CYP2C9
CYP2C19
CYP2D6
CYP2E1
CYP3A4",HUMAN,BTM00010,CN(C)CCCN1C2=CC=CC=C2SC3=C1C(=C(C=C3)Cl)O,"InChI=1S/C17H19ClN2OS/c1-19(2)10-5-11-20-13-6-3-4-7-14(13)22-15-9-8-12(18)17(21)16(15)20/h3-4,6-9,21H,5,10-11H2,1-2H3",FWNNYTKAPJEWGR-UHFFFAOYSA-N,4.472499999999999,334.090661908
"InChI=1S/C17H19ClN2O2S/c1-19(2)8-5-9-20-12-6-3-4-7-14(12)23-17-13(21)10-11(18)16(22)15(17)20/h3-4,6-7,10,21-22H,5,8-9H2,1-2H3",UTBCHFBAIAHNRM-UHFFFAOYSA-N,CN(C)CCCN1C2=CC=CC=C2SC3=C1C(=C(C=C3O)Cl)O,,,C17H19ClN2O2S,350.08557652799993,4.205099999999999,0,0,0,BTM00112,BTM00112,Hydroxylation of aromatic carbon meta to halide group,BTMR1039,"CYP2A6
CYP2B6
CYP2C9
CYP2C19
CYP2E1
CYP3A4",HUMAN,BTM00010,CN(C)CCCN1C2=CC=CC=C2SC3=C1C(=C(C=C3)Cl)O,"InChI=1S/C17H19ClN2OS/c1-19(2)10-5-11-20-13-6-3-4-7-14(13)22-15-9-8-12(18)17(21)16(15)20/h3-4,6-9,21H,5,10-11H2,1-2H3",FWNNYTKAPJEWGR-UHFFFAOYSA-N,4.472499999999999,334.090661908
"InChI=1S/C17H19ClN2O2S/c1-19(2)15(21)9-10-20-12-5-3-4-6-13(12)23-14-8-7-11(18)17(22)16(14)20/h3-8,15,21-22H,9-10H2,1-2H3",BHLXTDIKBNNRSG-UHFFFAOYSA-N,CN(C)C(CCN1C2=CC=CC=C2SC3=C1C(=C(C=C3)Cl)O)O,,,C17H19ClN2O2S,350.085576528,4.3260000000000005,0,0,0,BTM00113,BTM00113,Aliphatic hydroxylation of carbon alpha to secondary or tertiary alkyl-N,BTMR1081,"CYP2B6
CYP2C19
CYP2D6",HUMAN,BTM00010,CN(C)CCCN1C2=CC=CC=C2SC3=C1C(=C(C=C3)Cl)O,"InChI=1S/C17H19ClN2OS/c1-19(2)10-5-11-20-13-6-3-4-7-14(13)22-15-9-8-12(18)17(21)16(15)20/h3-4,6-9,21H,5,10-11H2,1-2H3",FWNNYTKAPJEWGR-UHFFFAOYSA-N,4.472499999999999,334.090661908
"InChI=1S/C17H19ClN2O2S/c1-19(2)10-9-15(21)20-12-5-3-4-6-13(12)23-14-8-7-11(18)17(22)16(14)20/h3-8,15,21-22H,9-10H2,1-2H3",MDONIJYOYPEZEZ-UHFFFAOYSA-N,CN(C)CCC(N1C2=CC=CC=C2SC3=C1C(=C(C=C3)Cl)O)O,,,C17H19ClN2O2S,350.085576528,4.3260000000000005,0,0,0,BTM00114,BTM00114,Aliphatic hydroxylation of carbon alpha to secondary or tertiary alkyl-N,BTMR1081,"CYP2B6
CYP2C19
CYP2D6",HUMAN,BTM00010,CN(C)CCCN1C2=CC=CC=C2SC3=C1C(=C(C=C3)Cl)O,"InChI=1S/C17H19ClN2OS/c1-19(2)10-5-11-20-13-6-3-4-7-14(13)22-15-9-8-12(18)17(21)16(15)20/h3-4,6-9,21H,5,10-11H2,1-2H3",FWNNYTKAPJEWGR-UHFFFAOYSA-N,4.472499999999999,334.090661908
"InChI=1S/C4H9NO/c1-5-3-2-4-6/h4-5H,2-3H2,1H3",AAOIVJJZEDSKPA-UHFFFAOYSA-N,N(C)CCC=O,,,C4H9NO,87.068413908,-0.464099999999999,0,0,0,BTM00051,BTM00051,N-Dealkylation of mixed tertiary amine,BTMR1145,"CYP1A2
CYP2A6
CYP2B6
CYP2C8
CYP2C9
CYP2C19
CYP2D6
CYP3A4",HUMAN,BTM00011,N(C)CCCN1C2=CC=CC=C2SC3=C1C=C(C=C3)Cl,"InChI=1S/C16H17ClN2S/c1-18-9-4-10-19-13-5-2-3-6-15(13)20-16-8-7-12(17)11-14(16)19/h2-3,5-8,11,18H,4,9-10H2,1H3",YHFXGBOUSIKGMZ-UHFFFAOYSA-N,4.204,304.080097224
"InChI=1S/C12H8ClNS/c13-8-5-6-12-10(7-8)14-9-3-1-2-4-11(9)15-12/h1-7,14H",KFZGLJSYQXZIGP-UHFFFAOYSA-N,N1C2=CC=CC=C2SC3=C1C=C(C=C3)Cl,,,C12H8ClNS,233.006597936,4.3329,0,0,0,BTM00003,BTM00003,N-Dealkylation of mixed tertiary amine,BTMR1145,"CYP1A2
CYP2A6
CYP2B6
CYP2C8
CYP2C9
CYP2C19
CYP2D6
CYP3A4",HUMAN,BTM00011,N(C)CCCN1C2=CC=CC=C2SC3=C1C=C(C=C3)Cl,"InChI=1S/C16H17ClN2S/c1-18-9-4-10-19-13-5-2-3-6-15(13)20-16-8-7-12(17)11-14(16)19/h2-3,5-8,11,18H,4,9-10H2,1H3",YHFXGBOUSIKGMZ-UHFFFAOYSA-N,4.204,304.080097224
"InChI=1S/C16H17ClN2OS/c1-18-9-12(20)10-19-13-4-2-3-5-15(13)21-16-7-6-11(17)8-14(16)19/h2-8,12,18,20H,9-10H2,1H3",WHWNUWUTYGUJFG-UHFFFAOYSA-N,N(C)CC(CN1C2=CC=CC=C2SC3=C1C=C(C=C3)Cl)O,,,C16H17ClN2OS,320.075011844,3.6308999999999987,0,0,0,BTM00067,BTM00067,Hydroxylation of acyclic aliphatic secondary carbon,BTMR1063,"CYP1A2
CYP2A6
CYP2B6
CYP2C9
CYP2E1
CYP3A4",HUMAN,BTM00011,N(C)CCCN1C2=CC=CC=C2SC3=C1C=C(C=C3)Cl,"InChI=1S/C16H17ClN2S/c1-18-9-4-10-19-13-5-2-3-6-15(13)20-16-8-7-12(17)11-14(16)19/h2-3,5-8,11,18H,4,9-10H2,1H3",YHFXGBOUSIKGMZ-UHFFFAOYSA-N,4.204,304.080097224
"InChI=1S/C16H17ClN2OS/c1-18-9-4-10-19-13-5-2-3-6-15(13)21(20)16-8-7-12(17)11-14(16)19/h2-3,5-8,11,18H,4,9-10H2,1H3",XLXKFIZSUWGEEC-UHFFFAOYSA-N,N(C)CCCN1C2=CC=CC=C2S(C3=C1C=C(C=C3)Cl)=O,,,C16H17ClN2OS,320.075011844,3.0922,0,0,0,BTM00077,BTM00077,S-Oxidation of diarylthioether to sulfoxide,BTMR0059,"CYP1A2
CYP2B6
CYP2D6
CYP3A4",HUMAN,BTM00011,N(C)CCCN1C2=CC=CC=C2SC3=C1C=C(C=C3)Cl,"InChI=1S/C16H17ClN2S/c1-18-9-4-10-19-13-5-2-3-6-15(13)20-16-8-7-12(17)11-14(16)19/h2-3,5-8,11,18H,4,9-10H2,1H3",YHFXGBOUSIKGMZ-UHFFFAOYSA-N,4.204,304.080097224
"InChI=1S/C16H17ClN2OS/c1-18-7-2-8-19-13-9-11(17)3-5-15(13)21-16-6-4-12(20)10-14(16)19/h3-6,9-10,18,20H,2,7-8H2,1H3",XTFOODAYNFDWNT-UHFFFAOYSA-N,N(C)CCCN1C2=CC(=CC=C2SC3=C1C=C(C=C3)Cl)O,,,C16H17ClN2OS,320.07501184399996,3.9366000000000003,0,0,0,BTM00087,BTM00087,Aromatic hydroxylation of fused benzene ring,BTMR1030,"CYP1A2
CYP2A6
CYP2B6
CYP2C8
CYP2C9
CYP2C19
CYP2D6
CYP2E1
CYP3A4",HUMAN,BTM00011,N(C)CCCN1C2=CC=CC=C2SC3=C1C=C(C=C3)Cl,"InChI=1S/C16H17ClN2S/c1-18-9-4-10-19-13-5-2-3-6-15(13)20-16-8-7-12(17)11-14(16)19/h2-3,5-8,11,18H,4,9-10H2,1H3",YHFXGBOUSIKGMZ-UHFFFAOYSA-N,4.204,304.080097224
"InChI=1S/C16H17ClN2OS/c1-18-7-2-8-19-13-5-4-12(20)10-16(13)21-15-6-3-11(17)9-14(15)19/h3-6,9-10,18,20H,2,7-8H2,1H3",SQSNGPIVSCOKRR-UHFFFAOYSA-N,N(C)CCCN1C2=CC=C(C=C2SC3=C1C=C(C=C3)Cl)O,,,C16H17ClN2OS,320.075011844,3.9366000000000003,0,0,0,BTM00095,BTM00095,Aromatic hydroxylation of fused benzene ring,BTMR1030,"CYP1A2
CYP2A6
CYP2B6
CYP2C8
CYP2C9
CYP2C19
CYP2D6
CYP2E1
CYP3A4",HUMAN,BTM00011,N(C)CCCN1C2=CC=CC=C2SC3=C1C=C(C=C3)Cl,"InChI=1S/C16H17ClN2S/c1-18-9-4-10-19-13-5-2-3-6-15(13)20-16-8-7-12(17)11-14(16)19/h2-3,5-8,11,18H,4,9-10H2,1H3",YHFXGBOUSIKGMZ-UHFFFAOYSA-N,4.204,304.080097224
"InChI=1S/C16H17ClN2OS/c1-18-7-4-8-19-12-5-2-3-6-15(12)21-16-10-14(20)11(17)9-13(16)19/h2-3,5-6,9-10,18,20H,4,7-8H2,1H3",KNGLTFUHQMUZES-UHFFFAOYSA-N,N(C)CCCN1C2=CC=CC=C2SC3=C1C=C(C(=C3)O)Cl,,,C16H17ClN2OS,320.07501184399996,3.9366000000000003,0,0,0,BTM00102,BTM00102,Aromatic hydroxylation of fused benzene ring,BTMR1030,"CYP1A2
CYP2A6
CYP2B6
CYP2C8
CYP2C9
CYP2C19
CYP2D6
CYP2E1
CYP3A4",HUMAN,BTM00011,N(C)CCCN1C2=CC=CC=C2SC3=C1C=C(C=C3)Cl,"InChI=1S/C16H17ClN2S/c1-18-9-4-10-19-13-5-2-3-6-15(13)20-16-8-7-12(17)11-14(16)19/h2-3,5-8,11,18H,4,9-10H2,1H3",YHFXGBOUSIKGMZ-UHFFFAOYSA-N,4.204,304.080097224
"InChI=1S/C16H17ClN2OS/c1-18-9-4-10-19-12-5-2-3-6-13(12)21-14-8-7-11(17)16(20)15(14)19/h2-3,5-8,18,20H,4,9-10H2,1H3",HKLRIUGHIFJYKA-UHFFFAOYSA-N,N(C)CCCN1C2=CC=CC=C2SC3=C1C(=C(C=C3)Cl)O,,,C16H17ClN2OS,320.07501184399996,3.9366000000000003,0,0,0,BTM00110,BTM00110,Hydroxylation of aromatic carbon ortho to halide group,BTMR1040,"CYP1A2
CYP2A6
CYP2B6
CYP2C8
CYP2C9
CYP2C19
CYP2D6
CYP2E1
CYP3A4",HUMAN,BTM00011,N(C)CCCN1C2=CC=CC=C2SC3=C1C=C(C=C3)Cl,"InChI=1S/C16H17ClN2S/c1-18-9-4-10-19-13-5-2-3-6-15(13)20-16-8-7-12(17)11-14(16)19/h2-3,5-8,11,18H,4,9-10H2,1H3",YHFXGBOUSIKGMZ-UHFFFAOYSA-N,4.204,304.080097224
"InChI=1S/C16H17ClN2OS/c1-18-7-4-8-19-12-5-2-3-6-15(12)21-16-10-14(20)11(17)9-13(16)19/h2-3,5-6,9-10,18,20H,4,7-8H2,1H3",KNGLTFUHQMUZES-UHFFFAOYSA-N,N(C)CCCN1C2=CC=CC=C2SC3=C1C=C(C(=C3)O)Cl,,,C16H17ClN2OS,320.07501184399996,3.9366000000000003,0,0,0,BTM00102,BTM00102,Hydroxylation of aromatic carbon ortho to halide group,BTMR1040,"CYP1A2
CYP2A6
CYP2B6
CYP2C8
CYP2C9
CYP2C19
CYP2D6
CYP2E1
CYP3A4",HUMAN,BTM00011,N(C)CCCN1C2=CC=CC=C2SC3=C1C=C(C=C3)Cl,"InChI=1S/C16H17ClN2S/c1-18-9-4-10-19-13-5-2-3-6-15(13)20-16-8-7-12(17)11-14(16)19/h2-3,5-8,11,18H,4,9-10H2,1H3",YHFXGBOUSIKGMZ-UHFFFAOYSA-N,4.204,304.080097224
"InChI=1S/CH5N/c1-2/h2H2,1H3",BAVYZALUXZFZLV-UHFFFAOYSA-N,NC,,,CH5N,31.04219916,-0.6476000000000002,0,0,0,BTM00115,BTM00115,N-Dealkylation of acyclic secondary amine,BTMR1140,"CYP1A2
CYP2B6
CYP2C8
CYP2C9
CYP2C19
CYP2D6
CYP3A4",HUMAN,BTM00011,N(C)CCCN1C2=CC=CC=C2SC3=C1C=C(C=C3)Cl,"InChI=1S/C16H17ClN2S/c1-18-9-4-10-19-13-5-2-3-6-15(13)20-16-8-7-12(17)11-14(16)19/h2-3,5-8,11,18H,4,9-10H2,1H3",YHFXGBOUSIKGMZ-UHFFFAOYSA-N,4.204,304.080097224
"InChI=1S/C15H12ClNOS/c16-11-6-7-15-13(10-11)17(8-3-9-18)12-4-1-2-5-14(12)19-15/h1-2,4-7,9-10H,3,8H2",LCOVLCMLZVPYOH-UHFFFAOYSA-N,C(CCN1C2=CC=CC=C2SC3=C1C=C(C=C3)Cl)=O,,,C15H12ClNOS,289.03281268399996,4.290499999999999,0,0,0,BTM00013,BTM00013,N-Dealkylation of acyclic secondary amine,BTMR1140,"CYP1A2
CYP2B6
CYP2C8
CYP2C9
CYP2C19
CYP2D6
CYP3A4",HUMAN,BTM00011,N(C)CCCN1C2=CC=CC=C2SC3=C1C=C(C=C3)Cl,"InChI=1S/C16H17ClN2S/c1-18-9-4-10-19-13-5-2-3-6-15(13)20-16-8-7-12(17)11-14(16)19/h2-3,5-8,11,18H,4,9-10H2,1H3",YHFXGBOUSIKGMZ-UHFFFAOYSA-N,4.204,304.080097224
"InChI=1S/C15H15ClN2S/c16-11-6-7-15-13(10-11)18(9-3-8-17)12-4-1-2-5-14(12)19-15/h1-2,4-7,10H,3,8-9,17H2",ZTQZBABFEUDZFE-UHFFFAOYSA-N,NCCCN1C2=CC=CC=C2SC3=C1C=C(C=C3)Cl,,,C15H15ClN2S,290.06444716000004,3.7721999999999998,0,0,0,BTM00116,BTM00116,N-Dealkylation of acyclic secondary amine,BTMR1140,"CYP1A2
CYP2B6
CYP2C8
CYP2C9
CYP2C19
CYP2D6
CYP3A4",HUMAN,BTM00011,N(C)CCCN1C2=CC=CC=C2SC3=C1C=C(C=C3)Cl,"InChI=1S/C16H17ClN2S/c1-18-9-4-10-19-13-5-2-3-6-15(13)20-16-8-7-12(17)11-14(16)19/h2-3,5-8,11,18H,4,9-10H2,1H3",YHFXGBOUSIKGMZ-UHFFFAOYSA-N,4.204,304.080097224
"InChI=1S/C16H17ClN2OS/c1-18-7-4-8-19-12-5-2-3-6-15(12)21-16-13(19)9-11(17)10-14(16)20/h2-3,5-6,9-10,18,20H,4,7-8H2,1H3",WNGJYBUUOJQFAS-UHFFFAOYSA-N,N(C)CCCN1C2=CC=CC=C2SC3=C1C=C(C=C3O)Cl,,,C16H17ClN2OS,320.0750118440001,3.9366000000000003,0,0,0,BTM00117,BTM00117,Hydroxylation of aromatic carbon meta to halide group,BTMR1039,"CYP2A6
CYP2B6
CYP2C9
CYP2C19
CYP2E1
CYP3A4",HUMAN,BTM00011,N(C)CCCN1C2=CC=CC=C2SC3=C1C=C(C=C3)Cl,"InChI=1S/C16H17ClN2S/c1-18-9-4-10-19-13-5-2-3-6-15(13)20-16-8-7-12(17)11-14(16)19/h2-3,5-8,11,18H,4,9-10H2,1H3",YHFXGBOUSIKGMZ-UHFFFAOYSA-N,4.204,304.080097224
"InChI=1S/C16H17ClN2OS/c1-18-9-8-16(20)19-12-4-2-3-5-14(12)21-15-7-6-11(17)10-13(15)19/h2-7,10,16,18,20H,8-9H2,1H3",YAHFFOFDLVOWIL-UHFFFAOYSA-N,N(C)CCC(N1C2=CC=CC=C2SC3=C1C=C(C=C3)Cl)O,,,C16H17ClN2OS,320.075011844,4.0575,0,0,0,BTM00118,BTM00118,Aliphatic hydroxylation of carbon alpha to secondary or tertiary alkyl-N,BTMR1081,"CYP2B6
CYP2C19
CYP2D6",HUMAN,BTM00011,N(C)CCCN1C2=CC=CC=C2SC3=C1C=C(C=C3)Cl,"InChI=1S/C16H17ClN2S/c1-18-9-4-10-19-13-5-2-3-6-15(13)20-16-8-7-12(17)11-14(16)19/h2-3,5-8,11,18H,4,9-10H2,1H3",YHFXGBOUSIKGMZ-UHFFFAOYSA-N,4.204,304.080097224
"InChI=1S/C3H4O2/c4-2-1-3-5/h2-3H,1H2",WSMYVTOQOOLQHP-UHFFFAOYSA-N,C(CC=O)=O,,,C3H4O2,72.021129368,-0.3500000000000001,0,0,0,BTM00052,BTM00052,N-Dealkylation of mixed tertiary amine,BTMR1145,"CYP1A2
CYP2A6
CYP2B6
CYP2C8
CYP2C9
CYP2C19
CYP2D6
CYP3A4",HUMAN,BTM00013,C(CCN1C2=CC=CC=C2SC3=C1C=C(C=C3)Cl)=O,"InChI=1S/C15H12ClNOS/c16-11-6-7-15-13(10-11)17(8-3-9-18)12-4-1-2-5-14(12)19-15/h1-2,4-7,9-10H,3,8H2",LCOVLCMLZVPYOH-UHFFFAOYSA-N,4.290499999999999,289.03281268399996
"InChI=1S/C12H8ClNS/c13-8-5-6-12-10(7-8)14-9-3-1-2-4-11(9)15-12/h1-7,14H",KFZGLJSYQXZIGP-UHFFFAOYSA-N,N1C2=CC=CC=C2SC3=C1C=C(C=C3)Cl,,,C12H8ClNS,233.006597936,4.3329,0,0,0,BTM00003,BTM00003,N-Dealkylation of mixed tertiary amine,BTMR1145,"CYP1A2
CYP2A6
CYP2B6
CYP2C8
CYP2C9
CYP2C19
CYP2D6
CYP3A4",HUMAN,BTM00013,C(CCN1C2=CC=CC=C2SC3=C1C=C(C=C3)Cl)=O,"InChI=1S/C15H12ClNOS/c16-11-6-7-15-13(10-11)17(8-3-9-18)12-4-1-2-5-14(12)19-15/h1-2,4-7,9-10H,3,8H2",LCOVLCMLZVPYOH-UHFFFAOYSA-N,4.290499999999999,289.03281268399996
"InChI=1S/C15H12ClNO2S/c16-11-6-7-15-13(10-11)17(8-3-9-18)12-4-1-2-5-14(12)20(15)19/h1-2,4-7,9-10H,3,8H2",WTNWDUUXBZPUDX-UHFFFAOYSA-N,C(CCN1C2=CC=CC=C2S(C3=C1C=C(C=C3)Cl)=O)=O,,,C15H12ClNO2S,305.027727304,3.1786999999999987,0,0,0,BTM00078,BTM00078,S-Oxidation of diarylthioether to sulfoxide,BTMR0059,"CYP1A2
CYP2B6
CYP2D6
CYP3A4",HUMAN,BTM00013,C(CCN1C2=CC=CC=C2SC3=C1C=C(C=C3)Cl)=O,"InChI=1S/C15H12ClNOS/c16-11-6-7-15-13(10-11)17(8-3-9-18)12-4-1-2-5-14(12)19-15/h1-2,4-7,9-10H,3,8H2",LCOVLCMLZVPYOH-UHFFFAOYSA-N,4.290499999999999,289.03281268399996
"InChI=1S/C15H12ClNO2S/c16-10-2-4-14-12(8-10)17(6-1-7-18)13-9-11(19)3-5-15(13)20-14/h2-5,7-9,19H,1,6H2",DGBIURSSFXCQEM-UHFFFAOYSA-N,C(CCN1C2=CC(=CC=C2SC3=C1C=C(C=C3)Cl)O)=O,,,C15H12ClNO2S,305.027727304,4.0231,0,0,0,BTM00088,BTM00088,Aromatic hydroxylation of fused benzene ring,BTMR1030,"CYP1A2
CYP2A6
CYP2B6
CYP2C8
CYP2C9
CYP2C19
CYP2D6
CYP2E1
CYP3A4",HUMAN,BTM00013,C(CCN1C2=CC=CC=C2SC3=C1C=C(C=C3)Cl)=O,"InChI=1S/C15H12ClNOS/c16-11-6-7-15-13(10-11)17(8-3-9-18)12-4-1-2-5-14(12)19-15/h1-2,4-7,9-10H,3,8H2",LCOVLCMLZVPYOH-UHFFFAOYSA-N,4.290499999999999,289.03281268399996
"InChI=1S/C15H12ClNO2S/c16-10-2-5-14-13(8-10)17(6-1-7-18)12-4-3-11(19)9-15(12)20-14/h2-5,7-9,19H,1,6H2",BHNHRZZLMUQGHG-UHFFFAOYSA-N,C(CCN1C2=CC=C(C=C2SC3=C1C=C(C=C3)Cl)O)=O,,,C15H12ClNO2S,305.027727304,4.0231,0,0,0,BTM00096,BTM00096,Aromatic hydroxylation of fused benzene ring,BTMR1030,"CYP1A2
CYP2A6
CYP2B6
CYP2C8
CYP2C9
CYP2C19
CYP2D6
CYP2E1
CYP3A4",HUMAN,BTM00013,C(CCN1C2=CC=CC=C2SC3=C1C=C(C=C3)Cl)=O,"InChI=1S/C15H12ClNOS/c16-11-6-7-15-13(10-11)17(8-3-9-18)12-4-1-2-5-14(12)19-15/h1-2,4-7,9-10H,3,8H2",LCOVLCMLZVPYOH-UHFFFAOYSA-N,4.290499999999999,289.03281268399996
"InChI=1S/C15H12ClNO2S/c16-10-8-12-15(9-13(10)19)20-14-5-2-1-4-11(14)17(12)6-3-7-18/h1-2,4-5,7-9,19H,3,6H2",UZYNQDHCRQJXFC-UHFFFAOYSA-N,C(CCN1C2=CC=CC=C2SC3=C1C=C(C(=C3)O)Cl)=O,,,C15H12ClNO2S,305.02772730400005,4.0231,0,0,0,BTM00103,BTM00103,Aromatic hydroxylation of fused benzene ring,BTMR1030,"CYP1A2
CYP2A6
CYP2B6
CYP2C8
CYP2C9
CYP2C19
CYP2D6
CYP2E1
CYP3A4",HUMAN,BTM00013,C(CCN1C2=CC=CC=C2SC3=C1C=C(C=C3)Cl)=O,"InChI=1S/C15H12ClNOS/c16-11-6-7-15-13(10-11)17(8-3-9-18)12-4-1-2-5-14(12)19-15/h1-2,4-7,9-10H,3,8H2",LCOVLCMLZVPYOH-UHFFFAOYSA-N,4.290499999999999,289.03281268399996
"InChI=1S/C15H12ClNO2S/c16-10-6-7-13-14(15(10)19)17(8-3-9-18)11-4-1-2-5-12(11)20-13/h1-2,4-7,9,19H,3,8H2",CWPRCHMGUFOALS-UHFFFAOYSA-N,C(CCN1C2=CC=CC=C2SC3=C1C(=C(C=C3)Cl)O)=O,,,C15H12ClNO2S,305.027727304,4.0231,0,0,0,BTM00111,BTM00111,Hydroxylation of aromatic carbon ortho to halide group,BTMR1040,"CYP1A2
CYP2A6
CYP2B6
CYP2C8
CYP2C9
CYP2C19
CYP2D6
CYP2E1
CYP3A4",HUMAN,BTM00013,C(CCN1C2=CC=CC=C2SC3=C1C=C(C=C3)Cl)=O,"InChI=1S/C15H12ClNOS/c16-11-6-7-15-13(10-11)17(8-3-9-18)12-4-1-2-5-14(12)19-15/h1-2,4-7,9-10H,3,8H2",LCOVLCMLZVPYOH-UHFFFAOYSA-N,4.290499999999999,289.03281268399996
"InChI=1S/C15H12ClNO2S/c16-10-8-12-15(9-13(10)19)20-14-5-2-1-4-11(14)17(12)6-3-7-18/h1-2,4-5,7-9,19H,3,6H2",UZYNQDHCRQJXFC-UHFFFAOYSA-N,C(CCN1C2=CC=CC=C2SC3=C1C=C(C(=C3)O)Cl)=O,,,C15H12ClNO2S,305.02772730400005,4.0231,0,0,0,BTM00103,BTM00103,Hydroxylation of aromatic carbon ortho to halide group,BTMR1040,"CYP1A2
CYP2A6
CYP2B6
CYP2C8
CYP2C9
CYP2C19
CYP2D6
CYP2E1
CYP3A4",HUMAN,BTM00013,C(CCN1C2=CC=CC=C2SC3=C1C=C(C=C3)Cl)=O,"InChI=1S/C15H12ClNOS/c16-11-6-7-15-13(10-11)17(8-3-9-18)12-4-1-2-5-14(12)19-15/h1-2,4-7,9-10H,3,8H2",LCOVLCMLZVPYOH-UHFFFAOYSA-N,4.290499999999999,289.03281268399996
"InChI=1S/C15H12ClNO2S/c16-10-5-6-15-13(7-10)17(8-11(19)9-18)12-3-1-2-4-14(12)20-15/h1-7,9,11,19H,8H2",JXGDXORPZNDMHY-UHFFFAOYSA-N,C(C(CN1C2=CC=CC=C2SC3=C1C=C(C=C3)Cl)O)=O,,,C15H12ClNO2S,305.027727304,3.744999999999999,0,0,0,BTM00068,BTM00068,alpha-Hydroxylation of carbonyl group,BTMR1054,"CYP1A2
CYP2A6
CYP2B6
CYP2C8
CYP2C9
CYP2C19
CYP2D6
CYP3A4",HUMAN,BTM00013,C(CCN1C2=CC=CC=C2SC3=C1C=C(C=C3)Cl)=O,"InChI=1S/C15H12ClNOS/c16-11-6-7-15-13(10-11)17(8-3-9-18)12-4-1-2-5-14(12)19-15/h1-2,4-7,9-10H,3,8H2",LCOVLCMLZVPYOH-UHFFFAOYSA-N,4.290499999999999,289.03281268399996
"InChI=1S/C15H12ClNO2S/c16-10-8-12-15(13(19)9-10)20-14-5-2-1-4-11(14)17(12)6-3-7-18/h1-2,4-5,7-9,19H,3,6H2",HTRAVRCIAHFYBZ-UHFFFAOYSA-N,C(CCN1C2=CC=CC=C2SC3=C1C=C(C=C3O)Cl)=O,,,C15H12ClNO2S,305.027727304,4.0231,0,0,0,BTM00119,BTM00119,Hydroxylation of aromatic carbon meta to halide group,BTMR1039,"CYP2A6
CYP2B6
CYP2C9
CYP2C19
CYP2E1
CYP3A4",HUMAN,BTM00013,C(CCN1C2=CC=CC=C2SC3=C1C=C(C=C3)Cl)=O,"InChI=1S/C15H12ClNOS/c16-11-6-7-15-13(10-11)17(8-3-9-18)12-4-1-2-5-14(12)19-15/h1-2,4-7,9-10H,3,8H2",LCOVLCMLZVPYOH-UHFFFAOYSA-N,4.290499999999999,289.03281268399996
"InChI=1S/C15H12ClNO2S/c16-10-5-6-14-12(9-10)17(15(19)7-8-18)11-3-1-2-4-13(11)20-14/h1-6,8-9,15,19H,7H2",VYUKQPJGQIDKEI-UHFFFAOYSA-N,C(CC(N1C2=CC=CC=C2SC3=C1C=C(C=C3)Cl)O)=O,,,C15H12ClNO2S,305.027727304,3.950800000000001,0,0,0,BTM00120,BTM00120,Aliphatic hydroxylation of carbon alpha to secondary or tertiary alkyl-N,BTMR1081,"CYP2B6
CYP2C19
CYP2D6",HUMAN,BTM00013,C(CCN1C2=CC=CC=C2SC3=C1C=C(C=C3)Cl)=O,"InChI=1S/C15H12ClNOS/c16-11-6-7-15-13(10-11)17(8-3-9-18)12-4-1-2-5-14(12)19-15/h1-2,4-7,9-10H,3,8H2",LCOVLCMLZVPYOH-UHFFFAOYSA-N,4.290499999999999,289.03281268399996
"InChI=1S/C5H11NO/c1-6(2)4-3-5-7/h5H,3-4H2,1-2H3",GSZKLTJTSQMAOD-UHFFFAOYSA-N,CN(C)CCC=O,,,C5H11NO,101.084063972,0.07180000000000042,0,0,0,BTM00002,BTM00002,N-Dealkylation of mixed tertiary amine,BTMR1145,"CYP1A2
CYP2A6
CYP2B6
CYP2C8
CYP2C9
CYP2C19
CYP2D6
CYP3A4",HUMAN,BTM00014,CN(C)CCCN1C2=CC=CC=C2SC3=C1C=C(C=C3O)Cl,"InChI=1S/C17H19ClN2OS/c1-19(2)8-5-9-20-13-6-3-4-7-16(13)22-17-14(20)10-12(18)11-15(17)21/h3-4,6-7,10-11,21H,5,8-9H2,1-2H3",DAUHTAANXSPWBG-UHFFFAOYSA-N,4.472499999999999,334.09066190799996
"InChI=1S/C12H8ClNOS/c13-7-5-9-12(10(15)6-7)16-11-4-2-1-3-8(11)14-9/h1-6,14-15H",WYBOARXJDPYPQK-UHFFFAOYSA-N,N1C2=CC=CC=C2SC3=C1C=C(C=C3O)Cl,,,C12H8ClNOS,249.001512556,4.0655,0,0,0,BTM00059,BTM00059,N-Dealkylation of mixed tertiary amine,BTMR1145,"CYP1A2
CYP2A6
CYP2B6
CYP2C8
CYP2C9
CYP2C19
CYP2D6
CYP3A4",HUMAN,BTM00014,CN(C)CCCN1C2=CC=CC=C2SC3=C1C=C(C=C3O)Cl,"InChI=1S/C17H19ClN2OS/c1-19(2)8-5-9-20-13-6-3-4-7-16(13)22-17-14(20)10-12(18)11-15(17)21/h3-4,6-7,10-11,21H,5,8-9H2,1-2H3",DAUHTAANXSPWBG-UHFFFAOYSA-N,4.472499999999999,334.09066190799996
"InChI=1S/C17H19ClN2O2S/c1-19(2)9-12(21)10-20-13-5-3-4-6-16(13)23-17-14(20)7-11(18)8-15(17)22/h3-8,12,21-22H,9-10H2,1-2H3",JMQWQSYNUUSRRL-UHFFFAOYSA-N,CN(C)CC(CN1C2=CC=CC=C2SC3=C1C=C(C=C3O)Cl)O,,,C17H19ClN2O2S,350.085576528,3.899400000000001,0,0,0,BTM00069,BTM00069,Hydroxylation of acyclic aliphatic secondary carbon,BTMR1063,"CYP1A2
CYP2A6
CYP2B6
CYP2C9
CYP2E1
CYP3A4",HUMAN,BTM00014,CN(C)CCCN1C2=CC=CC=C2SC3=C1C=C(C=C3O)Cl,"InChI=1S/C17H19ClN2OS/c1-19(2)8-5-9-20-13-6-3-4-7-16(13)22-17-14(20)10-12(18)11-15(17)21/h3-4,6-7,10-11,21H,5,8-9H2,1-2H3",DAUHTAANXSPWBG-UHFFFAOYSA-N,4.472499999999999,334.09066190799996
"InChI=1S/C17H19ClN2O2S/c1-19(2)8-5-9-20-13-6-3-4-7-16(13)23(22)17-14(20)10-12(18)11-15(17)21/h3-4,6-7,10-11,21H,5,8-9H2,1-2H3",DPJSPHJHSWDYNQ-UHFFFAOYSA-N,CN(C)CCCN1C2=CC=CC=C2S(C3=C1C=C(C=C3O)Cl)=O,,,C17H19ClN2O2S,350.08557652800005,3.360699999999999,0,0,0,BTM00079,BTM00079,S-Oxidation of diarylthioether to sulfoxide,BTMR0059,"CYP1A2
CYP2B6
CYP2D6
CYP3A4",HUMAN,BTM00014,CN(C)CCCN1C2=CC=CC=C2SC3=C1C=C(C=C3O)Cl,"InChI=1S/C17H19ClN2OS/c1-19(2)8-5-9-20-13-6-3-4-7-16(13)22-17-14(20)10-12(18)11-15(17)21/h3-4,6-7,10-11,21H,5,8-9H2,1-2H3",DAUHTAANXSPWBG-UHFFFAOYSA-N,4.472499999999999,334.09066190799996
"InChI=1S/C17H19ClN2O2S/c1-19(2)6-3-7-20-13-10-12(21)4-5-16(13)23-17-14(20)8-11(18)9-15(17)22/h4-5,8-10,21-22H,3,6-7H2,1-2H3",IKAFDCNPWKGXNI-UHFFFAOYSA-N,CN(C)CCCN1C2=CC(=CC=C2SC3=C1C=C(C=C3O)Cl)O,,,C17H19ClN2O2S,350.08557652799993,4.205099999999999,0,0,0,BTM00089,BTM00089,Aromatic hydroxylation of fused benzene ring,BTMR1030,"CYP1A2
CYP2A6
CYP2B6
CYP2C8
CYP2C9
CYP2C19
CYP2D6
CYP2E1
CYP3A4",HUMAN,BTM00014,CN(C)CCCN1C2=CC=CC=C2SC3=C1C=C(C=C3O)Cl,"InChI=1S/C17H19ClN2OS/c1-19(2)8-5-9-20-13-6-3-4-7-16(13)22-17-14(20)10-12(18)11-15(17)21/h3-4,6-7,10-11,21H,5,8-9H2,1-2H3",DAUHTAANXSPWBG-UHFFFAOYSA-N,4.472499999999999,334.09066190799996
"InChI=1S/C17H19ClN2O2S/c1-19(2)6-3-7-20-13-5-4-12(21)10-16(13)23-17-14(20)8-11(18)9-15(17)22/h4-5,8-10,21-22H,3,6-7H2,1-2H3",TUQKYPDGLHLJTR-UHFFFAOYSA-N,CN(C)CCCN1C2=CC=C(C=C2SC3=C1C=C(C=C3O)Cl)O,,,C17H19ClN2O2S,350.08557652800005,4.205099999999999,0,0,0,BTM00097,BTM00097,Aromatic hydroxylation of fused benzene ring,BTMR1030,"CYP1A2
CYP2A6
CYP2B6
CYP2C8
CYP2C9
CYP2C19
CYP2D6
CYP2E1
CYP3A4",HUMAN,BTM00014,CN(C)CCCN1C2=CC=CC=C2SC3=C1C=C(C=C3O)Cl,"InChI=1S/C17H19ClN2OS/c1-19(2)8-5-9-20-13-6-3-4-7-16(13)22-17-14(20)10-12(18)11-15(17)21/h3-4,6-7,10-11,21H,5,8-9H2,1-2H3",DAUHTAANXSPWBG-UHFFFAOYSA-N,4.472499999999999,334.09066190799996
"InChI=1S/C17H19ClN2O2S/c1-20(2,22)9-5-8-19-13-6-3-4-7-16(13)23-17-14(19)10-12(18)11-15(17)21/h3-4,6-7,10-11,21H,5,8-9H2,1-2H3",DAGIZHJQZXUYGX-UHFFFAOYSA-N,C[N+](C)(CCCN1C2=CC=CC=C2SC3=C1C=C(C=C3O)Cl)[O-],,,C17H19ClN2O2S,350.085576528,4.067399999999999,0,0,0,BTM00108,BTM00108,N-Oxidation of aliphatic tertiary amine,BTMR1100,"CYP1A2
CYP2D6
CYP3A4",HUMAN,BTM00014,CN(C)CCCN1C2=CC=CC=C2SC3=C1C=C(C=C3O)Cl,"InChI=1S/C17H19ClN2OS/c1-19(2)8-5-9-20-13-6-3-4-7-16(13)22-17-14(20)10-12(18)11-15(17)21/h3-4,6-7,10-11,21H,5,8-9H2,1-2H3",DAUHTAANXSPWBG-UHFFFAOYSA-N,4.472499999999999,334.09066190799996
"InChI=1S/C17H19ClN2O2S/c1-19(2)8-5-9-20-12-6-3-4-7-14(12)23-17-13(21)10-11(18)16(22)15(17)20/h3-4,6-7,10,21-22H,5,8-9H2,1-2H3",UTBCHFBAIAHNRM-UHFFFAOYSA-N,CN(C)CCCN1C2=CC=CC=C2SC3=C1C(=C(C=C3O)Cl)O,,,C17H19ClN2O2S,350.08557652799993,4.205099999999999,0,0,0,BTM00112,BTM00112,Hydroxylation of aromatic carbon ortho to halide group,BTMR1040,"CYP1A2
CYP2A6
CYP2B6
CYP2C8
CYP2C9
CYP2C19
CYP2D6
CYP2E1
CYP3A4",HUMAN,BTM00014,CN(C)CCCN1C2=CC=CC=C2SC3=C1C=C(C=C3O)Cl,"InChI=1S/C17H19ClN2OS/c1-19(2)8-5-9-20-13-6-3-4-7-16(13)22-17-14(20)10-12(18)11-15(17)21/h3-4,6-7,10-11,21H,5,8-9H2,1-2H3",DAUHTAANXSPWBG-UHFFFAOYSA-N,4.472499999999999,334.09066190799996
"InChI=1S/C17H19ClN2O2S/c1-19(2)8-5-9-20-12-6-3-4-7-14(12)23-17-13(20)10-11(18)15(21)16(17)22/h3-4,6-7,10,21-22H,5,8-9H2,1-2H3",LIMKVOCUHXLAST-UHFFFAOYSA-N,CN(C)CCCN1C2=CC=CC=C2SC3=C1C=C(C(=C3O)O)Cl,,,C17H19ClN2O2S,350.085576528,4.205099999999999,0,0,0,BTM00104,BTM00104,Hydroxylation of aromatic carbon ortho to halide group,BTMR1040,"CYP1A2
CYP2A6
CYP2B6
CYP2C8
CYP2C9
CYP2C19
CYP2D6
CYP2E1
CYP3A4",HUMAN,BTM00014,CN(C)CCCN1C2=CC=CC=C2SC3=C1C=C(C=C3O)Cl,"InChI=1S/C17H19ClN2OS/c1-19(2)8-5-9-20-13-6-3-4-7-16(13)22-17-14(20)10-12(18)11-15(17)21/h3-4,6-7,10-11,21H,5,8-9H2,1-2H3",DAUHTAANXSPWBG-UHFFFAOYSA-N,4.472499999999999,334.09066190799996
"InChI=1S/C16H17ClN2OS/c1-18-7-4-8-19-12-5-2-3-6-15(12)21-16-13(19)9-11(17)10-14(16)20/h2-3,5-6,9-10,18,20H,4,7-8H2,1H3",WNGJYBUUOJQFAS-UHFFFAOYSA-N,N(C)CCCN1C2=CC=CC=C2SC3=C1C=C(C=C3O)Cl,,,C16H17ClN2OS,320.0750118440001,3.9366000000000003,0,0,0,BTM00117,BTM00117,N-Dealkylation of acyclic tertiary amine,BTMR1142,"CYP1A2
CYP2A6
CYP2B6
CYP2C8
CYP2C9
CYP2C19
CYP2D6
CYP2E1
CYP3A4",HUMAN,BTM00014,CN(C)CCCN1C2=CC=CC=C2SC3=C1C=C(C=C3O)Cl,"InChI=1S/C17H19ClN2OS/c1-19(2)8-5-9-20-13-6-3-4-7-16(13)22-17-14(20)10-12(18)11-15(17)21/h3-4,6-7,10-11,21H,5,8-9H2,1-2H3",DAUHTAANXSPWBG-UHFFFAOYSA-N,4.472499999999999,334.09066190799996
"InChI=1S/C2H7N/c1-3-2/h3H,1-2H3",ROSDSFDQCJNGOL-UHFFFAOYSA-N,CNC,,,C2H7N,45.057849223999995,-0.21580000000000035,0,0,0,BTM00012,BTM00012,N-Dealkylation of acyclic tertiary amine,BTMR1142,"CYP1A2
CYP2A6
CYP2B6
CYP2C8
CYP2C9
CYP2C19
CYP2D6
CYP2E1
CYP3A4",HUMAN,BTM00014,CN(C)CCCN1C2=CC=CC=C2SC3=C1C=C(C=C3O)Cl,"InChI=1S/C17H19ClN2OS/c1-19(2)8-5-9-20-13-6-3-4-7-16(13)22-17-14(20)10-12(18)11-15(17)21/h3-4,6-7,10-11,21H,5,8-9H2,1-2H3",DAUHTAANXSPWBG-UHFFFAOYSA-N,4.472499999999999,334.09066190799996
"InChI=1S/C15H12ClNO2S/c16-10-8-12-15(13(19)9-10)20-14-5-2-1-4-11(14)17(12)6-3-7-18/h1-2,4-5,7-9,19H,3,6H2",HTRAVRCIAHFYBZ-UHFFFAOYSA-N,C(CCN1C2=CC=CC=C2SC3=C1C=C(C=C3O)Cl)=O,,,C15H12ClNO2S,305.027727304,4.0231,0,0,0,BTM00119,BTM00119,N-Dealkylation of acyclic tertiary amine,BTMR1142,"CYP1A2
CYP2A6
CYP2B6
CYP2C8
CYP2C9
CYP2C19
CYP2D6
CYP2E1
CYP3A4",HUMAN,BTM00014,CN(C)CCCN1C2=CC=CC=C2SC3=C1C=C(C=C3O)Cl,"InChI=1S/C17H19ClN2OS/c1-19(2)8-5-9-20-13-6-3-4-7-16(13)22-17-14(20)10-12(18)11-15(17)21/h3-4,6-7,10-11,21H,5,8-9H2,1-2H3",DAUHTAANXSPWBG-UHFFFAOYSA-N,4.472499999999999,334.09066190799996
"InChI=1S/C17H19ClN2O2S/c1-19(2)16(22)7-8-20-12-5-3-4-6-15(12)23-17-13(20)9-11(18)10-14(17)21/h3-6,9-10,16,21-22H,7-8H2,1-2H3",IOWRJBWWTKJYAX-UHFFFAOYSA-N,CN(C)C(CCN1C2=CC=CC=C2SC3=C1C=C(C=C3O)Cl)O,,,C17H19ClN2O2S,350.085576528,4.3260000000000005,0,0,0,BTM00121,BTM00121,Aliphatic hydroxylation of carbon alpha to secondary or tertiary alkyl-N,BTMR1081,"CYP2B6
CYP2C19
CYP2D6",HUMAN,BTM00014,CN(C)CCCN1C2=CC=CC=C2SC3=C1C=C(C=C3O)Cl,"InChI=1S/C17H19ClN2OS/c1-19(2)8-5-9-20-13-6-3-4-7-16(13)22-17-14(20)10-12(18)11-15(17)21/h3-4,6-7,10-11,21H,5,8-9H2,1-2H3",DAUHTAANXSPWBG-UHFFFAOYSA-N,4.472499999999999,334.09066190799996
"InChI=1S/C17H19ClN2O2S/c1-19(2)8-7-16(22)20-12-5-3-4-6-15(12)23-17-13(20)9-11(18)10-14(17)21/h3-6,9-10,16,21-22H,7-8H2,1-2H3",HGOHAVXLGHCQQX-UHFFFAOYSA-N,CN(C)CCC(N1C2=CC=CC=C2SC3=C1C=C(C=C3O)Cl)O,,,C17H19ClN2O2S,350.08557652800005,4.3260000000000005,0,0,0,BTM00122,BTM00122,Aliphatic hydroxylation of carbon alpha to secondary or tertiary alkyl-N,BTMR1081,"CYP2B6
CYP2C19
CYP2D6",HUMAN,BTM00014,CN(C)CCCN1C2=CC=CC=C2SC3=C1C=C(C=C3O)Cl,"InChI=1S/C17H19ClN2OS/c1-19(2)8-5-9-20-13-6-3-4-7-16(13)22-17-14(20)10-12(18)11-15(17)21/h3-4,6-7,10-11,21H,5,8-9H2,1-2H3",DAUHTAANXSPWBG-UHFFFAOYSA-N,4.472499999999999,334.09066190799996
"InChI=1S/C5H11NO2/c1-6(2)5(8)3-4-7/h4-5,8H,3H2,1-2H3",GOXKADMCYGGOFE-UHFFFAOYSA-N,CN(C)C(CC=O)O,,,C5H11NO2,117.078978592,-0.2678999999999998,0,0,0,BTM00053,BTM00053,N-Dealkylation of mixed tertiary amine,BTMR1145,"CYP1A2
CYP2A6
CYP2B6
CYP2C8
CYP2C9
CYP2C19
CYP2D6
CYP3A4",HUMAN,BTM00015,CN(C)C(CCN1C2=CC=CC=C2SC3=C1C=C(C=C3)Cl)O,"InChI=1S/C17H19ClN2OS/c1-19(2)17(21)9-10-20-13-5-3-4-6-15(13)22-16-8-7-12(18)11-14(16)20/h3-8,11,17,21H,9-10H2,1-2H3",MAHDATQQSIZCHF-UHFFFAOYSA-N,4.5934,334.090661908
"InChI=1S/C12H8ClNS/c13-8-5-6-12-10(7-8)14-9-3-1-2-4-11(9)15-12/h1-7,14H",KFZGLJSYQXZIGP-UHFFFAOYSA-N,N1C2=CC=CC=C2SC3=C1C=C(C=C3)Cl,,,C12H8ClNS,233.006597936,4.3329,0,0,0,BTM00003,BTM00003,N-Dealkylation of mixed tertiary amine,BTMR1145,"CYP1A2
CYP2A6
CYP2B6
CYP2C8
CYP2C9
CYP2C19
CYP2D6
CYP3A4",HUMAN,BTM00015,CN(C)C(CCN1C2=CC=CC=C2SC3=C1C=C(C=C3)Cl)O,"InChI=1S/C17H19ClN2OS/c1-19(2)17(21)9-10-20-13-5-3-4-6-15(13)22-16-8-7-12(18)11-14(16)20/h3-8,11,17,21H,9-10H2,1-2H3",MAHDATQQSIZCHF-UHFFFAOYSA-N,4.5934,334.090661908
"InChI=1S/C17H19ClN2O2S/c1-19(2)17(21)9-10-20-13-5-3-4-6-15(13)23(22)16-8-7-12(18)11-14(16)20/h3-8,11,17,21H,9-10H2,1-2H3",YFVRAUWJKBBLEQ-UHFFFAOYSA-N,CN(C)C(CCN1C2=CC=CC=C2S(C3=C1C=C(C=C3)Cl)=O)O,,,C17H19ClN2O2S,350.08557652800005,3.4816,0,0,0,BTM00080,BTM00080,S-Oxidation of diarylthioether to sulfoxide,BTMR0059,"CYP1A2
CYP2B6
CYP2D6
CYP3A4",HUMAN,BTM00015,CN(C)C(CCN1C2=CC=CC=C2SC3=C1C=C(C=C3)Cl)O,"InChI=1S/C17H19ClN2OS/c1-19(2)17(21)9-10-20-13-5-3-4-6-15(13)22-16-8-7-12(18)11-14(16)20/h3-8,11,17,21H,9-10H2,1-2H3",MAHDATQQSIZCHF-UHFFFAOYSA-N,4.5934,334.090661908
"InChI=1S/C17H19ClN2O2S/c1-19(2)17(22)7-8-20-13-9-11(18)3-5-15(13)23-16-6-4-12(21)10-14(16)20/h3-6,9-10,17,21-22H,7-8H2,1-2H3",SWGIBIVKJRWIJS-UHFFFAOYSA-N,CN(C)C(CCN1C2=CC(=CC=C2SC3=C1C=C(C=C3)Cl)O)O,,,C17H19ClN2O2S,350.08557652800005,4.3260000000000005,0,0,0,BTM00090,BTM00090,Aromatic hydroxylation of fused benzene ring,BTMR1030,"CYP1A2
CYP2A6
CYP2B6
CYP2C8
CYP2C9
CYP2C19
CYP2D6
CYP2E1
CYP3A4",HUMAN,BTM00015,CN(C)C(CCN1C2=CC=CC=C2SC3=C1C=C(C=C3)Cl)O,"InChI=1S/C17H19ClN2OS/c1-19(2)17(21)9-10-20-13-5-3-4-6-15(13)22-16-8-7-12(18)11-14(16)20/h3-8,11,17,21H,9-10H2,1-2H3",MAHDATQQSIZCHF-UHFFFAOYSA-N,4.5934,334.090661908
"InChI=1S/C17H19ClN2O2S/c1-19(2)17(22)7-8-20-13-5-4-12(21)10-16(13)23-15-6-3-11(18)9-14(15)20/h3-6,9-10,17,21-22H,7-8H2,1-2H3",JYUYJIQGGOCQLG-UHFFFAOYSA-N,CN(C)C(CCN1C2=CC=C(C=C2SC3=C1C=C(C=C3)Cl)O)O,,,C17H19ClN2O2S,350.085576528,4.3260000000000005,0,0,0,BTM00098,BTM00098,Aromatic hydroxylation of fused benzene ring,BTMR1030,"CYP1A2
CYP2A6
CYP2B6
CYP2C8
CYP2C9
CYP2C19
CYP2D6
CYP2E1
CYP3A4",HUMAN,BTM00015,CN(C)C(CCN1C2=CC=CC=C2SC3=C1C=C(C=C3)Cl)O,"InChI=1S/C17H19ClN2OS/c1-19(2)17(21)9-10-20-13-5-3-4-6-15(13)22-16-8-7-12(18)11-14(16)20/h3-8,11,17,21H,9-10H2,1-2H3",MAHDATQQSIZCHF-UHFFFAOYSA-N,4.5934,334.090661908
"InChI=1S/C17H19ClN2O2S/c1-19(2)17(22)7-8-20-12-5-3-4-6-15(12)23-16-10-14(21)11(18)9-13(16)20/h3-6,9-10,17,21-22H,7-8H2,1-2H3",OXZOSFOHIMRJND-UHFFFAOYSA-N,CN(C)C(CCN1C2=CC=CC=C2SC3=C1C=C(C(=C3)O)Cl)O,,,C17H19ClN2O2S,350.085576528,4.3260000000000005,0,0,0,BTM00105,BTM00105,Aromatic hydroxylation of fused benzene ring,BTMR1030,"CYP1A2
CYP2A6
CYP2B6
CYP2C8
CYP2C9
CYP2C19
CYP2D6
CYP2E1
CYP3A4",HUMAN,BTM00015,CN(C)C(CCN1C2=CC=CC=C2SC3=C1C=C(C=C3)Cl)O,"InChI=1S/C17H19ClN2OS/c1-19(2)17(21)9-10-20-13-5-3-4-6-15(13)22-16-8-7-12(18)11-14(16)20/h3-8,11,17,21H,9-10H2,1-2H3",MAHDATQQSIZCHF-UHFFFAOYSA-N,4.5934,334.090661908
"InChI=1S/C17H19ClN2O2S/c1-20(2,22)17(21)9-10-19-13-5-3-4-6-15(13)23-16-8-7-12(18)11-14(16)19/h3-8,11,17,21H,9-10H2,1-2H3",BOQPGCLOPHBNQA-UHFFFAOYSA-N,C[N+](C)(C(CCN1C2=CC=CC=C2SC3=C1C=C(C=C3)Cl)O)[O-],,,C17H19ClN2O2S,350.085576528,4.188299999999999,0,0,0,BTM00123,BTM00123,N-Oxidation of aliphatic tertiary amine,BTMR1100,"CYP1A2
CYP2D6
CYP3A4",HUMAN,BTM00015,CN(C)C(CCN1C2=CC=CC=C2SC3=C1C=C(C=C3)Cl)O,"InChI=1S/C17H19ClN2OS/c1-19(2)17(21)9-10-20-13-5-3-4-6-15(13)22-16-8-7-12(18)11-14(16)20/h3-8,11,17,21H,9-10H2,1-2H3",MAHDATQQSIZCHF-UHFFFAOYSA-N,4.5934,334.090661908
"InChI=1S/C17H19ClN2O2S/c1-19(2)15(21)9-10-20-12-5-3-4-6-13(12)23-14-8-7-11(18)17(22)16(14)20/h3-8,15,21-22H,9-10H2,1-2H3",BHLXTDIKBNNRSG-UHFFFAOYSA-N,CN(C)C(CCN1C2=CC=CC=C2SC3=C1C(=C(C=C3)Cl)O)O,,,C17H19ClN2O2S,350.085576528,4.3260000000000005,0,0,0,BTM00113,BTM00113,Hydroxylation of aromatic carbon ortho to halide group,BTMR1040,"CYP1A2
CYP2A6
CYP2B6
CYP2C8
CYP2C9
CYP2C19
CYP2D6
CYP2E1
CYP3A4",HUMAN,BTM00015,CN(C)C(CCN1C2=CC=CC=C2SC3=C1C=C(C=C3)Cl)O,"InChI=1S/C17H19ClN2OS/c1-19(2)17(21)9-10-20-13-5-3-4-6-15(13)22-16-8-7-12(18)11-14(16)20/h3-8,11,17,21H,9-10H2,1-2H3",MAHDATQQSIZCHF-UHFFFAOYSA-N,4.5934,334.090661908
"InChI=1S/C17H19ClN2O2S/c1-19(2)17(22)7-8-20-12-5-3-4-6-15(12)23-16-10-14(21)11(18)9-13(16)20/h3-6,9-10,17,21-22H,7-8H2,1-2H3",OXZOSFOHIMRJND-UHFFFAOYSA-N,CN(C)C(CCN1C2=CC=CC=C2SC3=C1C=C(C(=C3)O)Cl)O,,,C17H19ClN2O2S,350.085576528,4.3260000000000005,0,0,0,BTM00105,BTM00105,Hydroxylation of aromatic carbon ortho to halide group,BTMR1040,"CYP1A2
CYP2A6
CYP2B6
CYP2C8
CYP2C9
CYP2C19
CYP2D6
CYP2E1
CYP3A4",HUMAN,BTM00015,CN(C)C(CCN1C2=CC=CC=C2SC3=C1C=C(C=C3)Cl)O,"InChI=1S/C17H19ClN2OS/c1-19(2)17(21)9-10-20-13-5-3-4-6-15(13)22-16-8-7-12(18)11-14(16)20/h3-8,11,17,21H,9-10H2,1-2H3",MAHDATQQSIZCHF-UHFFFAOYSA-N,4.5934,334.090661908
"InChI=1S/C16H17ClN2OS/c1-18-16(20)8-9-19-12-4-2-3-5-14(12)21-15-7-6-11(17)10-13(15)19/h2-7,10,16,18,20H,8-9H2,1H3",QLUDHGPSTFQGIO-UHFFFAOYSA-N,N(C)C(CCN1C2=CC=CC=C2SC3=C1C=C(C=C3)Cl)O,,,C16H17ClN2OS,320.075011844,4.0575,0,0,0,BTM00124,BTM00124,N-Dealkylation of acyclic tertiary amine,BTMR1142,"CYP1A2
CYP2A6
CYP2B6
CYP2C8
CYP2C9
CYP2C19
CYP2D6
CYP2E1
CYP3A4",HUMAN,BTM00015,CN(C)C(CCN1C2=CC=CC=C2SC3=C1C=C(C=C3)Cl)O,"InChI=1S/C17H19ClN2OS/c1-19(2)17(21)9-10-20-13-5-3-4-6-15(13)22-16-8-7-12(18)11-14(16)20/h3-8,11,17,21H,9-10H2,1-2H3",MAHDATQQSIZCHF-UHFFFAOYSA-N,4.5934,334.090661908
"InChI=1S/C2H7N/c1-3-2/h3H,1-2H3",ROSDSFDQCJNGOL-UHFFFAOYSA-N,CNC,,,C2H7N,45.057849223999995,-0.21580000000000035,0,0,0,BTM00012,BTM00012,N-Dealkylation of acyclic tertiary amine,BTMR1142,"CYP1A2
CYP2A6
CYP2B6
CYP2C8
CYP2C9
CYP2C19
CYP2D6
CYP2E1
CYP3A4",HUMAN,BTM00015,CN(C)C(CCN1C2=CC=CC=C2SC3=C1C=C(C=C3)Cl)O,"InChI=1S/C17H19ClN2OS/c1-19(2)17(21)9-10-20-13-5-3-4-6-15(13)22-16-8-7-12(18)11-14(16)20/h3-8,11,17,21H,9-10H2,1-2H3",MAHDATQQSIZCHF-UHFFFAOYSA-N,4.5934,334.090661908
"InChI=1S/C15H12ClNO2S/c16-10-5-6-14-12(9-10)17(8-7-15(18)19)11-3-1-2-4-13(11)20-14/h1-6,9H,7-8H2,(H,18,19)",UJCWHJMOVUXQPX-UHFFFAOYSA-N,C(CCN1C2=CC=CC=C2SC3=C1C=C(C=C3)Cl)(=O)O,,,C15H12ClNO2S,305.027727304,4.243099999999999,0,0,0,BTM00042,BTM00042,N-Dealkylation of acyclic tertiary amine,BTMR1142,"CYP1A2
CYP2A6
CYP2B6
CYP2C8
CYP2C9
CYP2C19
CYP2D6
CYP2E1
CYP3A4",HUMAN,BTM00015,CN(C)C(CCN1C2=CC=CC=C2SC3=C1C=C(C=C3)Cl)O,"InChI=1S/C17H19ClN2OS/c1-19(2)17(21)9-10-20-13-5-3-4-6-15(13)22-16-8-7-12(18)11-14(16)20/h3-8,11,17,21H,9-10H2,1-2H3",MAHDATQQSIZCHF-UHFFFAOYSA-N,4.5934,334.090661908
"InChI=1S/C17H19ClN2O2S/c1-19(2)16(22)7-8-20-12-5-3-4-6-15(12)23-17-13(20)9-11(18)10-14(17)21/h3-6,9-10,16,21-22H,7-8H2,1-2H3",IOWRJBWWTKJYAX-UHFFFAOYSA-N,CN(C)C(CCN1C2=CC=CC=C2SC3=C1C=C(C=C3O)Cl)O,,,C17H19ClN2O2S,350.085576528,4.3260000000000005,0,0,0,BTM00121,BTM00121,Hydroxylation of aromatic carbon meta to halide group,BTMR1039,"CYP2A6
CYP2B6
CYP2C9
CYP2C19
CYP2E1
CYP3A4",HUMAN,BTM00015,CN(C)C(CCN1C2=CC=CC=C2SC3=C1C=C(C=C3)Cl)O,"InChI=1S/C17H19ClN2OS/c1-19(2)17(21)9-10-20-13-5-3-4-6-15(13)22-16-8-7-12(18)11-14(16)20/h3-8,11,17,21H,9-10H2,1-2H3",MAHDATQQSIZCHF-UHFFFAOYSA-N,4.5934,334.090661908
"InChI=1S/C17H19ClN2O2S/c1-19(2)16(21)10-17(22)20-12-5-3-4-6-14(12)23-15-8-7-11(18)9-13(15)20/h3-9,16-17,21-22H,10H2,1-2H3",AKMNZCCCXGPVHM-UHFFFAOYSA-N,CN(C)C(CC(N1C2=CC=CC=C2SC3=C1C=C(C=C3)Cl)O)O,,,C17H19ClN2O2S,350.085576528,3.7100999999999997,0,0,0,BTM00125,BTM00125,Aliphatic hydroxylation of carbon alpha to secondary or tertiary alkyl-N,BTMR1081,"CYP2B6
CYP2C19
CYP2D6",HUMAN,BTM00015,CN(C)C(CCN1C2=CC=CC=C2SC3=C1C=C(C=C3)Cl)O,"InChI=1S/C17H19ClN2OS/c1-19(2)17(21)9-10-20-13-5-3-4-6-15(13)22-16-8-7-12(18)11-14(16)20/h3-8,11,17,21H,9-10H2,1-2H3",MAHDATQQSIZCHF-UHFFFAOYSA-N,4.5934,334.090661908
"InChI=1S/C5H11NO2/c1-6(2)4-3-5(7)8/h3-4H2,1-2H3,(H,7,8)",JMOXSQYGVIXBBZ-UHFFFAOYSA-N,CN(C)CCC(=O)O,,,C5H11NO2,117.078978592,0.024400000000000015,0,0,0,BTM00018,BTM00018,N-Dealkylation of mixed tertiary amine,BTMR1145,"CYP1A2
CYP2A6
CYP2B6
CYP2C8
CYP2C9
CYP2C19
CYP2D6
CYP3A4",HUMAN,BTM00016,CN(C)CCC(N1C2=CC=CC=C2SC3=C1C=C(C=C3)Cl)O,"InChI=1S/C17H19ClN2OS/c1-19(2)10-9-17(21)20-13-5-3-4-6-15(13)22-16-8-7-12(18)11-14(16)20/h3-8,11,17,21H,9-10H2,1-2H3",BQBPSWZTIHUXGP-UHFFFAOYSA-N,4.5934,334.09066190799996
"InChI=1S/C12H8ClNS/c13-8-5-6-12-10(7-8)14-9-3-1-2-4-11(9)15-12/h1-7,14H",KFZGLJSYQXZIGP-UHFFFAOYSA-N,N1C2=CC=CC=C2SC3=C1C=C(C=C3)Cl,,,C12H8ClNS,233.006597936,4.3329,0,0,0,BTM00003,BTM00003,N-Dealkylation of mixed tertiary amine,BTMR1145,"CYP1A2
CYP2A6
CYP2B6
CYP2C8
CYP2C9
CYP2C19
CYP2D6
CYP3A4",HUMAN,BTM00016,CN(C)CCC(N1C2=CC=CC=C2SC3=C1C=C(C=C3)Cl)O,"InChI=1S/C17H19ClN2OS/c1-19(2)10-9-17(21)20-13-5-3-4-6-15(13)22-16-8-7-12(18)11-14(16)20/h3-8,11,17,21H,9-10H2,1-2H3",BQBPSWZTIHUXGP-UHFFFAOYSA-N,4.5934,334.09066190799996
"InChI=1S/C17H19ClN2O2S/c1-19(2)10-9-17(21)20-13-5-3-4-6-15(13)23(22)16-8-7-12(18)11-14(16)20/h3-8,11,17,21H,9-10H2,1-2H3",NLYKSKGNKBTXCL-UHFFFAOYSA-N,CN(C)CCC(N1C2=CC=CC=C2S(C3=C1C=C(C=C3)Cl)=O)O,,,C17H19ClN2O2S,350.085576528,3.4816,0,0,0,BTM00081,BTM00081,S-Oxidation of diarylthioether to sulfoxide,BTMR0059,"CYP1A2
CYP2B6
CYP2D6
CYP3A4",HUMAN,BTM00016,CN(C)CCC(N1C2=CC=CC=C2SC3=C1C=C(C=C3)Cl)O,"InChI=1S/C17H19ClN2OS/c1-19(2)10-9-17(21)20-13-5-3-4-6-15(13)22-16-8-7-12(18)11-14(16)20/h3-8,11,17,21H,9-10H2,1-2H3",BQBPSWZTIHUXGP-UHFFFAOYSA-N,4.5934,334.09066190799996
"InChI=1S/C17H19ClN2O2S/c1-19(2)8-7-17(22)20-13-9-11(18)3-5-15(13)23-16-6-4-12(21)10-14(16)20/h3-6,9-10,17,21-22H,7-8H2,1-2H3",WYSIVKMYOZKFHK-UHFFFAOYSA-N,CN(C)CCC(N1C2=CC(=CC=C2SC3=C1C=C(C=C3)Cl)O)O,,,C17H19ClN2O2S,350.085576528,4.3260000000000005,0,0,0,BTM00091,BTM00091,Aromatic hydroxylation of fused benzene ring,BTMR1030,"CYP1A2
CYP2A6
CYP2B6
CYP2C8
CYP2C9
CYP2C19
CYP2D6
CYP2E1
CYP3A4",HUMAN,BTM00016,CN(C)CCC(N1C2=CC=CC=C2SC3=C1C=C(C=C3)Cl)O,"InChI=1S/C17H19ClN2OS/c1-19(2)10-9-17(21)20-13-5-3-4-6-15(13)22-16-8-7-12(18)11-14(16)20/h3-8,11,17,21H,9-10H2,1-2H3",BQBPSWZTIHUXGP-UHFFFAOYSA-N,4.5934,334.09066190799996
"InChI=1S/C17H19ClN2O2S/c1-19(2)8-7-17(22)20-13-5-4-12(21)10-16(13)23-15-6-3-11(18)9-14(15)20/h3-6,9-10,17,21-22H,7-8H2,1-2H3",OVDMCVNJTUCTOF-UHFFFAOYSA-N,CN(C)CCC(N1C2=CC=C(C=C2SC3=C1C=C(C=C3)Cl)O)O,,,C17H19ClN2O2S,350.085576528,4.3260000000000005,0,0,0,BTM00099,BTM00099,Aromatic hydroxylation of fused benzene ring,BTMR1030,"CYP1A2
CYP2A6
CYP2B6
CYP2C8
CYP2C9
CYP2C19
CYP2D6
CYP2E1
CYP3A4",HUMAN,BTM00016,CN(C)CCC(N1C2=CC=CC=C2SC3=C1C=C(C=C3)Cl)O,"InChI=1S/C17H19ClN2OS/c1-19(2)10-9-17(21)20-13-5-3-4-6-15(13)22-16-8-7-12(18)11-14(16)20/h3-8,11,17,21H,9-10H2,1-2H3",BQBPSWZTIHUXGP-UHFFFAOYSA-N,4.5934,334.09066190799996
"InChI=1S/C17H19ClN2O2S/c1-19(2)8-7-17(22)20-12-5-3-4-6-15(12)23-16-10-14(21)11(18)9-13(16)20/h3-6,9-10,17,21-22H,7-8H2,1-2H3",CCKLNUQTAWDFHC-UHFFFAOYSA-N,CN(C)CCC(N1C2=CC=CC=C2SC3=C1C=C(C(=C3)O)Cl)O,,,C17H19ClN2O2S,350.085576528,4.3260000000000005,0,0,0,BTM00106,BTM00106,Aromatic hydroxylation of fused benzene ring,BTMR1030,"CYP1A2
CYP2A6
CYP2B6
CYP2C8
CYP2C9
CYP2C19
CYP2D6
CYP2E1
CYP3A4",HUMAN,BTM00016,CN(C)CCC(N1C2=CC=CC=C2SC3=C1C=C(C=C3)Cl)O,"InChI=1S/C17H19ClN2OS/c1-19(2)10-9-17(21)20-13-5-3-4-6-15(13)22-16-8-7-12(18)11-14(16)20/h3-8,11,17,21H,9-10H2,1-2H3",BQBPSWZTIHUXGP-UHFFFAOYSA-N,4.5934,334.09066190799996
"InChI=1S/C17H19ClN2O2S/c1-20(2,22)10-9-17(21)19-13-5-3-4-6-15(13)23-16-8-7-12(18)11-14(16)19/h3-8,11,17,21H,9-10H2,1-2H3",JZLJDYUPHZGZOM-UHFFFAOYSA-N,C[N+](C)(CCC(N1C2=CC=CC=C2SC3=C1C=C(C=C3)Cl)O)[O-],,,C17H19ClN2O2S,350.085576528,4.188299999999999,0,0,0,BTM00109,BTM00109,N-Oxidation of aliphatic tertiary amine,BTMR1100,"CYP1A2
CYP2D6
CYP3A4",HUMAN,BTM00016,CN(C)CCC(N1C2=CC=CC=C2SC3=C1C=C(C=C3)Cl)O,"InChI=1S/C17H19ClN2OS/c1-19(2)10-9-17(21)20-13-5-3-4-6-15(13)22-16-8-7-12(18)11-14(16)20/h3-8,11,17,21H,9-10H2,1-2H3",BQBPSWZTIHUXGP-UHFFFAOYSA-N,4.5934,334.09066190799996
"InChI=1S/C17H19ClN2O2S/c1-19(2)10-9-15(21)20-12-5-3-4-6-13(12)23-14-8-7-11(18)17(22)16(14)20/h3-8,15,21-22H,9-10H2,1-2H3",MDONIJYOYPEZEZ-UHFFFAOYSA-N,CN(C)CCC(N1C2=CC=CC=C2SC3=C1C(=C(C=C3)Cl)O)O,,,C17H19ClN2O2S,350.085576528,4.3260000000000005,0,0,0,BTM00114,BTM00114,Hydroxylation of aromatic carbon ortho to halide group,BTMR1040,"CYP1A2
CYP2A6
CYP2B6
CYP2C8
CYP2C9
CYP2C19
CYP2D6
CYP2E1
CYP3A4",HUMAN,BTM00016,CN(C)CCC(N1C2=CC=CC=C2SC3=C1C=C(C=C3)Cl)O,"InChI=1S/C17H19ClN2OS/c1-19(2)10-9-17(21)20-13-5-3-4-6-15(13)22-16-8-7-12(18)11-14(16)20/h3-8,11,17,21H,9-10H2,1-2H3",BQBPSWZTIHUXGP-UHFFFAOYSA-N,4.5934,334.09066190799996
"InChI=1S/C17H19ClN2O2S/c1-19(2)8-7-17(22)20-12-5-3-4-6-15(12)23-16-10-14(21)11(18)9-13(16)20/h3-6,9-10,17,21-22H,7-8H2,1-2H3",CCKLNUQTAWDFHC-UHFFFAOYSA-N,CN(C)CCC(N1C2=CC=CC=C2SC3=C1C=C(C(=C3)O)Cl)O,,,C17H19ClN2O2S,350.085576528,4.3260000000000005,0,0,0,BTM00106,BTM00106,Hydroxylation of aromatic carbon ortho to halide group,BTMR1040,"CYP1A2
CYP2A6
CYP2B6
CYP2C8
CYP2C9
CYP2C19
CYP2D6
CYP2E1
CYP3A4",HUMAN,BTM00016,CN(C)CCC(N1C2=CC=CC=C2SC3=C1C=C(C=C3)Cl)O,"InChI=1S/C17H19ClN2OS/c1-19(2)10-9-17(21)20-13-5-3-4-6-15(13)22-16-8-7-12(18)11-14(16)20/h3-8,11,17,21H,9-10H2,1-2H3",BQBPSWZTIHUXGP-UHFFFAOYSA-N,4.5934,334.09066190799996
"InChI=1S/C16H17ClN2OS/c1-18-9-8-16(20)19-12-4-2-3-5-14(12)21-15-7-6-11(17)10-13(15)19/h2-7,10,16,18,20H,8-9H2,1H3",YAHFFOFDLVOWIL-UHFFFAOYSA-N,N(C)CCC(N1C2=CC=CC=C2SC3=C1C=C(C=C3)Cl)O,,,C16H17ClN2OS,320.075011844,4.0575,0,0,0,BTM00118,BTM00118,N-Dealkylation of acyclic tertiary amine,BTMR1142,"CYP1A2
CYP2A6
CYP2B6
CYP2C8
CYP2C9
CYP2C19
CYP2D6
CYP2E1
CYP3A4",HUMAN,BTM00016,CN(C)CCC(N1C2=CC=CC=C2SC3=C1C=C(C=C3)Cl)O,"InChI=1S/C17H19ClN2OS/c1-19(2)10-9-17(21)20-13-5-3-4-6-15(13)22-16-8-7-12(18)11-14(16)20/h3-8,11,17,21H,9-10H2,1-2H3",BQBPSWZTIHUXGP-UHFFFAOYSA-N,4.5934,334.09066190799996
"InChI=1S/C2H7N/c1-3-2/h3H,1-2H3",ROSDSFDQCJNGOL-UHFFFAOYSA-N,CNC,,,C2H7N,45.057849223999995,-0.21580000000000035,0,0,0,BTM00012,BTM00012,N-Dealkylation of acyclic tertiary amine,BTMR1142,"CYP1A2
CYP2A6
CYP2B6
CYP2C8
CYP2C9
CYP2C19
CYP2D6
CYP2E1
CYP3A4",HUMAN,BTM00016,CN(C)CCC(N1C2=CC=CC=C2SC3=C1C=C(C=C3)Cl)O,"InChI=1S/C17H19ClN2OS/c1-19(2)10-9-17(21)20-13-5-3-4-6-15(13)22-16-8-7-12(18)11-14(16)20/h3-8,11,17,21H,9-10H2,1-2H3",BQBPSWZTIHUXGP-UHFFFAOYSA-N,4.5934,334.09066190799996
"InChI=1S/C15H12ClNO2S/c16-10-5-6-14-12(9-10)17(15(19)7-8-18)11-3-1-2-4-13(11)20-14/h1-6,8-9,15,19H,7H2",VYUKQPJGQIDKEI-UHFFFAOYSA-N,C(CC(N1C2=CC=CC=C2SC3=C1C=C(C=C3)Cl)O)=O,,,C15H12ClNO2S,305.027727304,3.950800000000001,0,0,0,BTM00120,BTM00120,N-Dealkylation of acyclic tertiary amine,BTMR1142,"CYP1A2
CYP2A6
CYP2B6
CYP2C8
CYP2C9
CYP2C19
CYP2D6
CYP2E1
CYP3A4",HUMAN,BTM00016,CN(C)CCC(N1C2=CC=CC=C2SC3=C1C=C(C=C3)Cl)O,"InChI=1S/C17H19ClN2OS/c1-19(2)10-9-17(21)20-13-5-3-4-6-15(13)22-16-8-7-12(18)11-14(16)20/h3-8,11,17,21H,9-10H2,1-2H3",BQBPSWZTIHUXGP-UHFFFAOYSA-N,4.5934,334.09066190799996
"InChI=1S/C17H19ClN2O2S/c1-19(2)8-7-16(22)20-12-5-3-4-6-15(12)23-17-13(20)9-11(18)10-14(17)21/h3-6,9-10,16,21-22H,7-8H2,1-2H3",HGOHAVXLGHCQQX-UHFFFAOYSA-N,CN(C)CCC(N1C2=CC=CC=C2SC3=C1C=C(C=C3O)Cl)O,,,C17H19ClN2O2S,350.08557652800005,4.3260000000000005,0,0,0,BTM00122,BTM00122,Hydroxylation of aromatic carbon meta to halide group,BTMR1039,"CYP2A6
CYP2B6
CYP2C9
CYP2C19
CYP2E1
CYP3A4",HUMAN,BTM00016,CN(C)CCC(N1C2=CC=CC=C2SC3=C1C=C(C=C3)Cl)O,"InChI=1S/C17H19ClN2OS/c1-19(2)10-9-17(21)20-13-5-3-4-6-15(13)22-16-8-7-12(18)11-14(16)20/h3-8,11,17,21H,9-10H2,1-2H3",BQBPSWZTIHUXGP-UHFFFAOYSA-N,4.5934,334.09066190799996
"InChI=1S/C17H19ClN2O2S/c1-19(2)16(21)10-17(22)20-12-5-3-4-6-14(12)23-15-8-7-11(18)9-13(15)20/h3-9,16-17,21-22H,10H2,1-2H3",AKMNZCCCXGPVHM-UHFFFAOYSA-N,CN(C)C(CC(N1C2=CC=CC=C2SC3=C1C=C(C=C3)Cl)O)O,,,C17H19ClN2O2S,350.085576528,3.7100999999999997,0,0,0,BTM00125,BTM00125,Aliphatic hydroxylation of carbon alpha to secondary or tertiary alkyl-N,BTMR1081,"CYP2B6
CYP2C19
CYP2D6",HUMAN,BTM00016,CN(C)CCC(N1C2=CC=CC=C2SC3=C1C=C(C=C3)Cl)O,"InChI=1S/C17H19ClN2OS/c1-19(2)10-9-17(21)20-13-5-3-4-6-15(13)22-16-8-7-12(18)11-14(16)20/h3-8,11,17,21H,9-10H2,1-2H3",BQBPSWZTIHUXGP-UHFFFAOYSA-N,4.5934,334.09066190799996
