InChI,InChIKey,SMILES,Synonyms,PUBCHEM_CID,Molecular formula,Major Isotope Mass,ALogP,Lipinski_Violations,Insecticide_Likeness_Violations,Post_Em_Herbicide_Likeness_Violations,Metabolite ID,cdk:Title,Reaction,Reaction ID,Enzyme(s),Biosystem,Precursor ID,Precursor SMILES,Precursor InChI,Precursor InChIKey,Precursor ALogP,Precursor Major Isotope Mass
"InChI=1S/C26H28Cl2N4O5/c1-19(34)32(12-13-33)11-9-30-21-3-5-22(6-4-21)35-15-23-16-36-26(37-23,17-31-10-8-29-18-31)24-7-2-20(27)14-25(24)28/h2-8,10,13-14,18,23,30H,9,11-12,15-17H2,1H3",FAURSTAOHLXBQZ-UHFFFAOYSA-N,CC(=O)N(CC=O)CCNC1=CC=C(C=C1)OCC2COC(O2)(CN3C=CN=C3)C4=C(C=C(C=C4)Cl)Cl,,,C26H28Cl2N4O5,546.143675356,3.1552000000000024,1,1,1,BTM00001,BTM00001,N-Dealkylation of mixed tertiary amine,BTMR1145,"CYP1A2
CYP2A6
CYP2B6
CYP2C8
CYP2C9
CYP2C19
CYP2D6
CYP3A4",HUMAN,,CC(=O)N1CCN(CC1)C2=CC=C(C=C2)OCC3COC(O3)(CN4C=CN=C4)C5=C(C=C(C=C5)Cl)Cl,"InChI=1S/C26H28Cl2N4O4/c1-19(33)31-10-12-32(13-11-31)21-3-5-22(6-4-21)34-15-23-16-35-26(36-23,17-30-9-8-29-18-30)24-7-2-20(27)14-25(24)28/h2-9,14,18,23H,10-13,15-17H2,1H3",XMAYWYJOQHXEEK-UHFFFAOYSA-N,,530.1487
"InChI=1S/C12H16N2O2/c1-10(15)13-6-8-14(9-7-13)11-2-4-12(16)5-3-11/h2-5,16H,6-9H2,1H3",AGVNLFCRZULMKK-UHFFFAOYSA-N,CC(=O)N1CCN(CC1)C2=CC=C(C=C2)O,,,C12H16N2O2,220.121177752,0.9417000000000003,0,0,0,BTM00002,BTM00002,O-Dealkylation,BTMR0052,"CYP1A2
CYP2A6
CYP2C9
CYP2C19
CYP2D6
CYP2E1
CYP3A4",HUMAN,,CC(=O)N1CCN(CC1)C2=CC=C(C=C2)OCC3COC(O3)(CN4C=CN=C4)C5=C(C=C(C=C5)Cl)Cl,"InChI=1S/C26H28Cl2N4O4/c1-19(33)31-10-12-32(13-11-31)21-3-5-22(6-4-21)34-15-23-16-35-26(36-23,17-30-9-8-29-18-30)24-7-2-20(27)14-25(24)28/h2-9,14,18,23H,10-13,15-17H2,1H3",XMAYWYJOQHXEEK-UHFFFAOYSA-N,,530.1487
"InChI=1S/C14H12Cl2N2O3/c15-10-1-2-12(13(16)5-10)14(8-18-4-3-17-9-18)20-7-11(6-19)21-14/h1-6,9,11H,7-8H2",GGFJISNCAHALQL-UHFFFAOYSA-N,C(C1COC(O1)(CN2C=CN=C2)C3=C(C=C(C=C3)Cl)Cl)=O,,,C14H12Cl2N2O3,326.02249760399997,2.3160000000000007,0,0,0,BTM00003,BTM00003,O-Dealkylation,BTMR0052,"CYP1A2
CYP2A6
CYP2C9
CYP2C19
CYP2D6
CYP2E1
CYP3A4",HUMAN,,CC(=O)N1CCN(CC1)C2=CC=C(C=C2)OCC3COC(O3)(CN4C=CN=C4)C5=C(C=C(C=C5)Cl)Cl,"InChI=1S/C26H28Cl2N4O4/c1-19(33)31-10-12-32(13-11-31)21-3-5-22(6-4-21)34-15-23-16-35-26(36-23,17-30-9-8-29-18-30)24-7-2-20(27)14-25(24)28/h2-9,14,18,23H,10-13,15-17H2,1H3",XMAYWYJOQHXEEK-UHFFFAOYSA-N,,530.1487
"InChI=1S/C26H28Cl2N4O5/c1-19(33)31-10-12-32(34,13-11-31)21-3-5-22(6-4-21)35-15-23-16-36-26(37-23,17-30-9-8-29-18-30)24-7-2-20(27)14-25(24)28/h2-9,14,18,23H,10-13,15-17H2,1H3",TVMVVRYAPWZNJP-UHFFFAOYSA-N,CC(=O)N1CC[N+](CC1)(C2=CC=C(C=C2)OCC3COC(O3)(CN4C=CN=C4)C5=C(C=C(C=C5)Cl)Cl)[O-],,,C26H28Cl2N4O5,546.143675356,3.109800000000002,1,0,0,BTM00004,BTM00004,N-Oxidation of alicyclic tertiary amine,BTMR1099,"CYP1A2
CYP2C8
CYP2C19
CYP2D6
CYP3A4",HUMAN,,CC(=O)N1CCN(CC1)C2=CC=C(C=C2)OCC3COC(O3)(CN4C=CN=C4)C5=C(C=C(C=C5)Cl)Cl,"InChI=1S/C26H28Cl2N4O4/c1-19(33)31-10-12-32(13-11-31)21-3-5-22(6-4-21)34-15-23-16-35-26(36-23,17-30-9-8-29-18-30)24-7-2-20(27)14-25(24)28/h2-9,14,18,23H,10-13,15-17H2,1H3",XMAYWYJOQHXEEK-UHFFFAOYSA-N,,530.1487
"InChI=1S/C26H28Cl2N4O5/c1-18(33)31-8-10-32(11-9-31)19-2-4-20(5-3-19)35-14-21-15-36-26(37-21,16-30-7-6-29-17-30)22-12-25(34)24(28)13-23(22)27/h2-7,12-13,17,21,34H,8-11,14-16H2,1H3",UOJAHAQDCYUFPA-UHFFFAOYSA-N,CC(=O)N1CCN(CC1)C2=CC=C(C=C2)OCC3COC(O3)(CN4C=CN=C4)C5=C(C=C(C(=C5)O)Cl)Cl,,,C26H28Cl2N4O5,546.143675356,3.3430000000000017,1,0,0,BTM00005,BTM00005,Hydroxylation of aromatic carbon para to halide group,BTMR1041,"CYP1A2
CYP2E1
CYP3A4",HUMAN,,CC(=O)N1CCN(CC1)C2=CC=C(C=C2)OCC3COC(O3)(CN4C=CN=C4)C5=C(C=C(C=C5)Cl)Cl,"InChI=1S/C26H28Cl2N4O4/c1-19(33)31-10-12-32(13-11-31)21-3-5-22(6-4-21)34-15-23-16-35-26(36-23,17-30-9-8-29-18-30)24-7-2-20(27)14-25(24)28/h2-9,14,18,23H,10-13,15-17H2,1H3",XMAYWYJOQHXEEK-UHFFFAOYSA-N,,530.1487
"InChI=1S/C26H28Cl2N4O5/c1-18(33)32-11-10-31(13-25(32)34)20-3-5-21(6-4-20)35-14-22-15-36-26(37-22,16-30-9-8-29-17-30)23-7-2-19(27)12-24(23)28/h2-9,12,17,22,25,34H,10-11,13-16H2,1H3",GJNMJDZYFXVBJE-UHFFFAOYSA-N,CC(=O)N1C(CN(CC1)C2=CC=C(C=C2)OCC3COC(O3)(CN4C=CN=C4)C5=C(C=C(C=C5)Cl)Cl)O,,,C26H28Cl2N4O5,546.143675356,3.2707000000000024,1,0,0,BTM00006,BTM00006,Hydroxylation of heteroalicyclic secondary carbon,BTMR1070,"CYP1A2
CYP2A6
CYP2C9
CYP2D6
CYP3A4",HUMAN,,CC(=O)N1CCN(CC1)C2=CC=C(C=C2)OCC3COC(O3)(CN4C=CN=C4)C5=C(C=C(C=C5)Cl)Cl,"InChI=1S/C26H28Cl2N4O4/c1-19(33)31-10-12-32(13-11-31)21-3-5-22(6-4-21)34-15-23-16-35-26(36-23,17-30-9-8-29-18-30)24-7-2-20(27)14-25(24)28/h2-9,14,18,23H,10-13,15-17H2,1H3",XMAYWYJOQHXEEK-UHFFFAOYSA-N,,530.1487
"InChI=1S/C26H28Cl2N4O5/c1-18(33)31-10-11-32(25(34)13-31)20-3-5-21(6-4-20)35-14-22-15-36-26(37-22,16-30-9-8-29-17-30)23-7-2-19(27)12-24(23)28/h2-9,12,17,22,25,34H,10-11,13-16H2,1H3",IRTCXTAYXJHAIO-UHFFFAOYSA-N,CC(=O)N1CC(N(CC1)C2=CC=C(C=C2)OCC3COC(O3)(CN4C=CN=C4)C5=C(C=C(C=C5)Cl)Cl)O,,,C26H28Cl2N4O5,546.143675356,3.2707000000000024,1,0,0,BTM00007,BTM00007,Hydroxylation of heteroalicyclic secondary carbon,BTMR1070,"CYP1A2
CYP2A6
CYP2C9
CYP2D6
CYP3A4",HUMAN,,CC(=O)N1CCN(CC1)C2=CC=C(C=C2)OCC3COC(O3)(CN4C=CN=C4)C5=C(C=C(C=C5)Cl)Cl,"InChI=1S/C26H28Cl2N4O4/c1-19(33)31-10-12-32(13-11-31)21-3-5-22(6-4-21)34-15-23-16-35-26(36-23,17-30-9-8-29-18-30)24-7-2-20(27)14-25(24)28/h2-9,14,18,23H,10-13,15-17H2,1H3",XMAYWYJOQHXEEK-UHFFFAOYSA-N,,530.1487
"InChI=1S/C26H28Cl2N4O5/c1-18(33)32-11-10-31(13-25(32)34)20-3-5-21(6-4-20)35-14-22-15-36-26(37-22,16-30-9-8-29-17-30)23-7-2-19(27)12-24(23)28/h2-9,12,17,22,25,34H,10-11,13-16H2,1H3",GJNMJDZYFXVBJE-UHFFFAOYSA-N,CC(=O)N1C(CN(CC1)C2=CC=C(C=C2)OCC3COC(O3)(CN4C=CN=C4)C5=C(C=C(C=C5)Cl)Cl)O,,,C26H28Cl2N4O5,546.143675356,3.2707000000000024,1,0,0,BTM00006,BTM00006,Hydroxylation of heteroalicyclic secondary carbon,BTMR1071,CYP1A2,HUMAN,,CC(=O)N1CCN(CC1)C2=CC=C(C=C2)OCC3COC(O3)(CN4C=CN=C4)C5=C(C=C(C=C5)Cl)Cl,"InChI=1S/C26H28Cl2N4O4/c1-19(33)31-10-12-32(13-11-31)21-3-5-22(6-4-21)34-15-23-16-35-26(36-23,17-30-9-8-29-18-30)24-7-2-20(27)14-25(24)28/h2-9,14,18,23H,10-13,15-17H2,1H3",XMAYWYJOQHXEEK-UHFFFAOYSA-N,,530.1487
"InChI=1S/C26H28Cl2N4O5/c1-18(33)31-10-11-32(25(34)13-31)20-3-5-21(6-4-20)35-14-22-15-36-26(37-22,16-30-9-8-29-17-30)23-7-2-19(27)12-24(23)28/h2-9,12,17,22,25,34H,10-11,13-16H2,1H3",IRTCXTAYXJHAIO-UHFFFAOYSA-N,CC(=O)N1CC(N(CC1)C2=CC=C(C=C2)OCC3COC(O3)(CN4C=CN=C4)C5=C(C=C(C=C5)Cl)Cl)O,,,C26H28Cl2N4O5,546.143675356,3.2707000000000024,1,0,0,BTM00007,BTM00007,Hydroxylation of heteroalicyclic secondary carbon,BTMR1071,CYP1A2,HUMAN,,CC(=O)N1CCN(CC1)C2=CC=C(C=C2)OCC3COC(O3)(CN4C=CN=C4)C5=C(C=C(C=C5)Cl)Cl,"InChI=1S/C26H28Cl2N4O4/c1-19(33)31-10-12-32(13-11-31)21-3-5-22(6-4-21)34-15-23-16-35-26(36-23,17-30-9-8-29-18-30)24-7-2-20(27)14-25(24)28/h2-9,14,18,23H,10-13,15-17H2,1H3",XMAYWYJOQHXEEK-UHFFFAOYSA-N,,530.1487
"InChI=1S/C26H28Cl2N4O5/c1-18(33)31-10-12-32(13-11-31)20-3-5-21(6-4-20)35-15-24-25(34)37-26(36-24,16-30-9-8-29-17-30)22-7-2-19(27)14-23(22)28/h2-9,14,17,24-25,34H,10-13,15-16H2,1H3",JIDMPRGCXMNMGV-UHFFFAOYSA-N,CC(=O)N1CCN(CC1)C2=CC=C(C=C2)OCC3C(OC(O3)(CN4C=CN=C4)C5=C(C=C(C=C5)Cl)Cl)O,,,C26H28Cl2N4O5,546.143675356,3.2707000000000024,1,0,0,BTM00008,BTM00008,Hydroxylation of heteroalicyclic secondary carbon,BTMR1071,CYP1A2,HUMAN,,CC(=O)N1CCN(CC1)C2=CC=C(C=C2)OCC3COC(O3)(CN4C=CN=C4)C5=C(C=C(C=C5)Cl)Cl,"InChI=1S/C26H28Cl2N4O4/c1-19(33)31-10-12-32(13-11-31)21-3-5-22(6-4-21)34-15-23-16-35-26(36-23,17-30-9-8-29-18-30)24-7-2-20(27)14-25(24)28/h2-9,14,18,23H,10-13,15-17H2,1H3",XMAYWYJOQHXEEK-UHFFFAOYSA-N,,530.1487
"InChI=1S/C26H28Cl2N4O5/c1-18(33)31-10-12-32(13-11-31)19-2-4-20(5-3-19)35-14-21-15-36-26(37-21,16-30-9-8-29-17-30)22-6-7-23(27)25(34)24(22)28/h2-9,17,21,34H,10-16H2,1H3",ZJVRWOODVFDDMK-UHFFFAOYSA-N,CC(=O)N1CCN(CC1)C2=CC=C(C=C2)OCC3COC(O3)(CN4C=CN=C4)C5=C(C(=C(C=C5)Cl)O)Cl,,,C26H28Cl2N4O5,546.1436753559999,3.3430000000000017,1,0,0,BTM00009,BTM00009,Hydroxylation of aromatic carbon ortho to halide group,BTMR1040,"CYP1A2
CYP2A6
CYP2B6
CYP2C8
CYP2C9
CYP2C19
CYP2D6
CYP2E1
CYP3A4",HUMAN,,CC(=O)N1CCN(CC1)C2=CC=C(C=C2)OCC3COC(O3)(CN4C=CN=C4)C5=C(C=C(C=C5)Cl)Cl,"InChI=1S/C26H28Cl2N4O4/c1-19(33)31-10-12-32(13-11-31)21-3-5-22(6-4-21)34-15-23-16-35-26(36-23,17-30-9-8-29-18-30)24-7-2-20(27)14-25(24)28/h2-9,14,18,23H,10-13,15-17H2,1H3",XMAYWYJOQHXEEK-UHFFFAOYSA-N,,530.1487
"InChI=1S/C26H28Cl2N4O5/c1-18(33)31-8-10-32(11-9-31)19-2-4-20(5-3-19)35-14-21-15-36-26(37-21,16-30-7-6-29-17-30)22-12-25(34)24(28)13-23(22)27/h2-7,12-13,17,21,34H,8-11,14-16H2,1H3",UOJAHAQDCYUFPA-UHFFFAOYSA-N,CC(=O)N1CCN(CC1)C2=CC=C(C=C2)OCC3COC(O3)(CN4C=CN=C4)C5=C(C=C(C(=C5)O)Cl)Cl,,,C26H28Cl2N4O5,546.143675356,3.3430000000000017,1,0,0,BTM00005,BTM00005,Hydroxylation of aromatic carbon ortho to halide group,BTMR1040,"CYP1A2
CYP2A6
CYP2B6
CYP2C8
CYP2C9
CYP2C19
CYP2D6
CYP2E1
CYP3A4",HUMAN,,CC(=O)N1CCN(CC1)C2=CC=C(C=C2)OCC3COC(O3)(CN4C=CN=C4)C5=C(C=C(C=C5)Cl)Cl,"InChI=1S/C26H28Cl2N4O4/c1-19(33)31-10-12-32(13-11-31)21-3-5-22(6-4-21)34-15-23-16-35-26(36-23,17-30-9-8-29-18-30)24-7-2-20(27)14-25(24)28/h2-9,14,18,23H,10-13,15-17H2,1H3",XMAYWYJOQHXEEK-UHFFFAOYSA-N,,530.1487
"InChI=1S/C26H28Cl2N4O5/c27-19-1-6-23(24(28)13-19)26(17-30-8-7-29-18-30)36-16-22(37-26)15-35-21-4-2-20(3-5-21)31-9-11-32(12-10-31)25(34)14-33/h1-8,13,18,22,33H,9-12,14-17H2",ZOHQNWNBEQCXIU-UHFFFAOYSA-N,C(C(=O)N1CCN(CC1)C2=CC=C(C=C2)OCC3COC(O3)(CN4C=CN=C4)C5=C(C=C(C=C5)Cl)Cl)O,,,C26H28Cl2N4O5,546.143675356,3.1518000000000015,1,0,0,BTM00010,BTM00010,alpha-Hydroxylation of carbonyl group,BTMR1054,"CYP1A2
CYP2A6
CYP2B6
CYP2C8
CYP2C9
CYP2C19
CYP2D6
CYP3A4",HUMAN,,CC(=O)N1CCN(CC1)C2=CC=C(C=C2)OCC3COC(O3)(CN4C=CN=C4)C5=C(C=C(C=C5)Cl)Cl,"InChI=1S/C26H28Cl2N4O4/c1-19(33)31-10-12-32(13-11-31)21-3-5-22(6-4-21)34-15-23-16-35-26(36-23,17-30-9-8-29-18-30)24-7-2-20(27)14-25(24)28/h2-9,14,18,23H,10-13,15-17H2,1H3",XMAYWYJOQHXEEK-UHFFFAOYSA-N,,530.1487
"InChI=1S/C26H28Cl2N4O5/c1-18(33)31-8-10-32(11-9-31)20-2-4-21(5-3-20)35-14-22-15-36-26(37-22,16-30-7-6-29-17-30)25-23(28)12-19(27)13-24(25)34/h2-7,12-13,17,22,34H,8-11,14-16H2,1H3",BHQYLJSIRANHPS-UHFFFAOYSA-N,CC(=O)N1CCN(CC1)C2=CC=C(C=C2)OCC3COC(O3)(CN4C=CN=C4)C5=C(C=C(C=C5O)Cl)Cl,,,C26H28Cl2N4O5,546.143675356,3.3430000000000017,1,0,0,BTM00011,BTM00011,Hydroxylation of aromatic carbon meta to halide group,BTMR1039,"CYP2A6
CYP2B6
CYP2C9
CYP2C19
CYP2E1
CYP3A4",HUMAN,,CC(=O)N1CCN(CC1)C2=CC=C(C=C2)OCC3COC(O3)(CN4C=CN=C4)C5=C(C=C(C=C5)Cl)Cl,"InChI=1S/C26H28Cl2N4O4/c1-19(33)31-10-12-32(13-11-31)21-3-5-22(6-4-21)34-15-23-16-35-26(36-23,17-30-9-8-29-18-30)24-7-2-20(27)14-25(24)28/h2-9,14,18,23H,10-13,15-17H2,1H3",XMAYWYJOQHXEEK-UHFFFAOYSA-N,,530.1487
"InChI=1S/C26H30Cl2N4O5/c1-19(34)32(12-13-33)11-9-30-21-3-5-22(6-4-21)35-15-23-16-36-26(37-23,17-31-10-8-29-18-31)24-7-2-20(27)14-25(24)28/h2-8,10,14,18,23,30,33H,9,11-13,15-17H2,1H3",XMORQVHZGSYMDC-UHFFFAOYSA-N,CC(=O)N(CCO)CCNC1=CC=C(C=C1)OCC2COC(O2)(CN3C=CN=C3)C4=C(C=C(C=C4)Cl)Cl,,,C26H30Cl2N4O5,548.15932542,2.898900000000002,1,1,1,BTM00012,BTM00012,Reduction of aldehyde,BTMR0367,EC 1.1.1.184,HUMAN,BTM00001,CC(=O)N(CC=O)CCNC1=CC=C(C=C1)OCC2COC(O2)(CN3C=CN=C3)C4=C(C=C(C=C4)Cl)Cl,"InChI=1S/C26H28Cl2N4O5/c1-19(34)32(12-13-33)11-9-30-21-3-5-22(6-4-21)35-15-23-16-36-26(37-23,17-31-10-8-29-18-31)24-7-2-20(27)14-25(24)28/h2-8,10,13-14,18,23,30H,9,11-12,15-17H2,1H3",FAURSTAOHLXBQZ-UHFFFAOYSA-N,3.1552000000000024,546.143675356
"InChI=1S/C26H28Cl2N4O6/c1-18(33)32(13-25(34)35)11-9-30-20-3-5-21(6-4-20)36-14-22-15-37-26(38-22,16-31-10-8-29-17-31)23-7-2-19(27)12-24(23)28/h2-8,10,12,17,22,30H,9,11,13-16H2,1H3,(H,34,35)",FEYGDZKCIMJBOZ-UHFFFAOYSA-N,CC(=O)N(CC(=O)O)CCNC1=CC=C(C=C1)OCC2COC(O2)(CN3C=CN=C3)C4=C(C=C(C=C4)Cl)Cl,,,C26H28Cl2N4O6,562.1385899759999,3.107800000000001,1,1,1,BTM00013,BTM00013,Aldehyde oxidation,BTMR0050,EC 1.2.3.1,HUMAN,BTM00001,CC(=O)N(CC=O)CCNC1=CC=C(C=C1)OCC2COC(O2)(CN3C=CN=C3)C4=C(C=C(C=C4)Cl)Cl,"InChI=1S/C26H28Cl2N4O5/c1-19(34)32(12-13-33)11-9-30-21-3-5-22(6-4-21)35-15-23-16-36-26(37-23,17-31-10-8-29-18-31)24-7-2-20(27)14-25(24)28/h2-8,10,13-14,18,23,30H,9,11-12,15-17H2,1H3",FAURSTAOHLXBQZ-UHFFFAOYSA-N,3.1552000000000024,546.143675356
"InChI=1S/C18H24N2O8/c1-10(21)19-6-8-20(9-7-19)11-2-4-12(5-3-11)27-18-15(24)13(22)14(23)16(28-18)17(25)26/h2-5,13-16,18,22-24H,6-9H2,1H3,(H,25,26)",YOFUHNACRPYENI-UHFFFAOYSA-N,CC(=O)N1CCN(CC1)C2=CC=C(C=C2)OC3OC(C(O)=O)C(C(C3O)O)O,,,C18H24N2O8,396.153265728,-0.7537999999999996,0,1,1,BTM00014,BTM00014,Aromatic OH-glucuronidation,BTMR0166,EC 2.4.1.17,HUMAN,BTM00002,CC(=O)N1CCN(CC1)C2=CC=C(C=C2)O,"InChI=1S/C12H16N2O2/c1-10(15)13-6-8-14(9-7-13)11-2-4-12(16)5-3-11/h2-5,16H,6-9H2,1H3",AGVNLFCRZULMKK-UHFFFAOYSA-N,0.9417000000000003,220.121177752
"InChI=1S/C12H16N2O5S/c1-10(15)13-6-8-14(9-7-13)11-2-4-12(5-3-11)19-20(16,17)18/h2-5H,6-9H2,1H3,(H,16,17,18)",KUVIROTXIPANEW-UHFFFAOYSA-N,CC(=O)N1CCN(CC1)C2=CC=C(C=C2)OS(O)(=O)=O,,,C12H16N2O5S,300.077992612,0.20490000000000025,0,0,0,BTM00015,BTM00015,Sulfonation of phenolic compound,BTMR1376,EC 2.8.2.1,HUMAN,BTM00002,CC(=O)N1CCN(CC1)C2=CC=C(C=C2)O,"InChI=1S/C12H16N2O2/c1-10(15)13-6-8-14(9-7-13)11-2-4-12(16)5-3-11/h2-5,16H,6-9H2,1H3",AGVNLFCRZULMKK-UHFFFAOYSA-N,0.9417000000000003,220.121177752
"InChI=1S/C13H18N2O2/c1-11(16)14-7-9-15(10-8-14)12-3-5-13(17-2)6-4-12/h3-6H,7-10H2,1-2H3",AVCQLYXAEKNILW-UHFFFAOYSA-N,CC(=O)N1CCN(CC1)C2=CC=C(C=C2)OC,,,C13H18N2O2,234.136827816,1.1926999999999999,0,0,0,BTM00016,BTM00016,Methylation of phenolic compound,BTMR1377,EC 2.1.1.25,HUMAN,BTM00002,CC(=O)N1CCN(CC1)C2=CC=C(C=C2)O,"InChI=1S/C12H16N2O2/c1-10(15)13-6-8-14(9-7-13)11-2-4-12(16)5-3-11/h2-5,16H,6-9H2,1H3",AGVNLFCRZULMKK-UHFFFAOYSA-N,0.9417000000000003,220.121177752
"InChI=1S/C14H14Cl2N2O3/c15-10-1-2-12(13(16)5-10)14(8-18-4-3-17-9-18)20-7-11(6-19)21-14/h1-5,9,11,19H,6-8H2",VJZJGRMLFMJRGG-UHFFFAOYSA-N,C(C1COC(O1)(CN2C=CN=C2)C3=C(C=C(C=C3)Cl)Cl)O,,,C14H14Cl2N2O3,328.03814766799997,2.0597000000000003,0,0,0,BTM00017,BTM00017,Reduction of aldehyde,BTMR0367,EC 1.1.1.184,HUMAN,BTM00003,C(C1COC(O1)(CN2C=CN=C2)C3=C(C=C(C=C3)Cl)Cl)=O,"InChI=1S/C14H12Cl2N2O3/c15-10-1-2-12(13(16)5-10)14(8-18-4-3-17-9-18)20-7-11(6-19)21-14/h1-6,9,11H,7-8H2",GGFJISNCAHALQL-UHFFFAOYSA-N,2.3160000000000007,326.02249760399997
"InChI=1S/C14H12Cl2N2O4/c15-9-1-2-10(11(16)5-9)14(7-18-4-3-17-8-18)21-6-12(22-14)13(19)20/h1-5,8,12H,6-7H2,(H,19,20)",JFNRSRWSCWFGAW-UHFFFAOYSA-N,C(C1COC(O1)(CN2C=CN=C2)C3=C(C=C(C=C3)Cl)Cl)(=O)O,,,C14H12Cl2N2O4,342.017412224,2.268600000000001,0,0,0,BTM00018,BTM00018,Aldehyde oxidation,BTMR0050,EC 1.2.3.1,HUMAN,BTM00003,C(C1COC(O1)(CN2C=CN=C2)C3=C(C=C(C=C3)Cl)Cl)=O,"InChI=1S/C14H12Cl2N2O3/c15-10-1-2-12(13(16)5-10)14(8-18-4-3-17-9-18)20-7-11(6-19)21-14/h1-6,9,11H,7-8H2",GGFJISNCAHALQL-UHFFFAOYSA-N,2.3160000000000007,326.02249760399997
"InChI=1S/C32H36Cl2N4O11/c1-19(39)37-10-12-38(13-11-37,49-31-28(42)26(40)27(41)29(47-31)30(43)44)21-3-5-22(6-4-21)45-15-23-16-46-32(48-23,17-36-9-8-35-18-36)24-7-2-20(33)14-25(24)34/h2-9,14,18,23,26-29,31,40-42H,10-13,15-17H2,1H3/p+1",OKTINTCTXMDCFL-UHFFFAOYSA-O,CC(=O)N1CC[N+](CC1)(C2=CC=C(C=C2)OCC3COC(O3)(CN4C=CN=C4)C5=C(C=C(C=C5)Cl)Cl)OC6OC(C(O)C(O)C6O)C(O)=O,,,[C32H37Cl2N4O11]+,723.183588364,0.059500000000001885,2,1,1,BTM00019,BTM00019,O-Glucuronidation of N-oxide,BTMR0184,EC 2.4.1.17,HUMAN,BTM00004,CC(=O)N1CC[N+](CC1)(C2=CC=C(C=C2)OCC3COC(O3)(CN4C=CN=C4)C5=C(C=C(C=C5)Cl)Cl)[O-],"InChI=1S/C26H28Cl2N4O5/c1-19(33)31-10-12-32(34,13-11-31)21-3-5-22(6-4-21)35-15-23-16-36-26(37-23,17-30-9-8-29-18-30)24-7-2-20(27)14-25(24)28/h2-9,14,18,23H,10-13,15-17H2,1H3",TVMVVRYAPWZNJP-UHFFFAOYSA-N,3.109800000000002,546.143675356
"InChI=1S/C32H36Cl2N4O11/c1-18(39)37-8-10-38(11-9-37)19-2-4-20(5-3-19)45-14-21-15-46-32(49-21,16-36-7-6-35-17-36)22-12-25(24(34)13-23(22)33)47-31-28(42)26(40)27(41)29(48-31)30(43)44/h2-7,12-13,17,21,26-29,31,40-42H,8-11,14-16H2,1H3,(H,43,44)",SMAZMNZRYFFMGP-UHFFFAOYSA-N,CC(=O)N1CCN(CC1)C2=CC=C(C=C2)OCC3COC(O3)(CN4C=CN=C4)C5=C(C=C(C(=C5)OC6OC(C(O)=O)C(C(C6O)O)O)Cl)Cl,,,C32H36Cl2N4O11,722.175763332,1.6475000000000004,2,1,1,BTM00020,BTM00020,Aromatic OH-glucuronidation,BTMR0166,EC 2.4.1.17,HUMAN,BTM00005,CC(=O)N1CCN(CC1)C2=CC=C(C=C2)OCC3COC(O3)(CN4C=CN=C4)C5=C(C=C(C(=C5)O)Cl)Cl,"InChI=1S/C26H28Cl2N4O5/c1-18(33)31-8-10-32(11-9-31)19-2-4-20(5-3-19)35-14-21-15-36-26(37-21,16-30-7-6-29-17-30)22-12-25(34)24(28)13-23(22)27/h2-7,12-13,17,21,34H,8-11,14-16H2,1H3",UOJAHAQDCYUFPA-UHFFFAOYSA-N,3.3430000000000017,546.143675356
"InChI=1S/C36H44ClN7O11S/c1-22(45)43-10-12-44(13-11-43)23-2-4-24(5-3-23)53-17-25-18-54-36(55-25,20-42-9-8-39-21-42)26-14-30(46)31(15-27(26)37)56-19-29(34(50)40-16-33(48)49)41-32(47)7-6-28(38)35(51)52/h2-5,8-9,14-15,21,25,28-29,46H,6-7,10-13,16-20,38H2,1H3,(H,40,50)(H,41,47)(H,48,49)(H,51,52)",OLDBQHUMIABOMG-UHFFFAOYSA-N,CC(=O)N1CCN(CC1)C2=CC=C(C=C2)OCC3COC(O3)(CN4C=CN=C4)C5=C(C=C(C(=C5)O)SCC(NC(=O)CCC(N)C(O)=O)C(=O)NCC(O)=O)Cl,,,C36H44ClN7O11S,817.250803908,0.6901999999999967,3,2,2,BTM00021,BTM00021,GSH-conjugation of aryl halide,BTMR0235,EC 2.5.1.18,HUMAN,BTM00005,CC(=O)N1CCN(CC1)C2=CC=C(C=C2)OCC3COC(O3)(CN4C=CN=C4)C5=C(C=C(C(=C5)O)Cl)Cl,"InChI=1S/C26H28Cl2N4O5/c1-18(33)31-8-10-32(11-9-31)19-2-4-20(5-3-19)35-14-21-15-36-26(37-21,16-30-7-6-29-17-30)22-12-25(34)24(28)13-23(22)27/h2-7,12-13,17,21,34H,8-11,14-16H2,1H3",UOJAHAQDCYUFPA-UHFFFAOYSA-N,3.3430000000000017,546.143675356
"InChI=1S/C26H28Cl2N4O8S/c1-18(33)31-8-10-32(11-9-31)19-2-4-20(5-3-19)37-14-21-15-38-26(39-21,16-30-7-6-29-17-30)22-12-25(40-41(34,35)36)24(28)13-23(22)27/h2-7,12-13,17,21H,8-11,14-16H2,1H3,(H,34,35,36)",NLQJYBZSHCLCFX-UHFFFAOYSA-N,CC(=O)N1CCN(CC1)C2=CC=C(C=C2)OCC3COC(O3)(CN4C=CN=C4)C5=C(C=C(C(=C5)OS(O)(=O)=O)Cl)Cl,,,C26H28Cl2N4O8S,626.100490216,2.6062000000000016,1,0,0,BTM00022,BTM00022,Sulfonation of phenolic compound,BTMR1376,EC 2.8.2.1,HUMAN,BTM00005,CC(=O)N1CCN(CC1)C2=CC=C(C=C2)OCC3COC(O3)(CN4C=CN=C4)C5=C(C=C(C(=C5)O)Cl)Cl,"InChI=1S/C26H28Cl2N4O5/c1-18(33)31-8-10-32(11-9-31)19-2-4-20(5-3-19)35-14-21-15-36-26(37-21,16-30-7-6-29-17-30)22-12-25(34)24(28)13-23(22)27/h2-7,12-13,17,21,34H,8-11,14-16H2,1H3",UOJAHAQDCYUFPA-UHFFFAOYSA-N,3.3430000000000017,546.143675356
"InChI=1S/C27H30Cl2N4O5/c1-19(34)32-9-11-33(12-10-32)20-3-5-21(6-4-20)36-15-22-16-37-27(38-22,17-31-8-7-30-18-31)23-13-26(35-2)25(29)14-24(23)28/h3-8,13-14,18,22H,9-12,15-17H2,1-2H3",AVKVFLFALNAAHM-UHFFFAOYSA-N,CC(=O)N1CCN(CC1)C2=CC=C(C=C2)OCC3COC(O3)(CN4C=CN=C4)C5=C(C=C(C(=C5)OC)Cl)Cl,,,C27H30Cl2N4O5,560.15932542,3.594000000000002,1,0,0,BTM00023,BTM00023,Methylation of phenolic compound,BTMR1377,EC 2.1.1.25,HUMAN,BTM00005,CC(=O)N1CCN(CC1)C2=CC=C(C=C2)OCC3COC(O3)(CN4C=CN=C4)C5=C(C=C(C(=C5)O)Cl)Cl,"InChI=1S/C26H28Cl2N4O5/c1-18(33)31-8-10-32(11-9-31)19-2-4-20(5-3-19)35-14-21-15-36-26(37-21,16-30-7-6-29-17-30)22-12-25(34)24(28)13-23(22)27/h2-7,12-13,17,21,34H,8-11,14-16H2,1H3",UOJAHAQDCYUFPA-UHFFFAOYSA-N,3.3430000000000017,546.143675356
"InChI=1S/C32H36Cl2N4O11/c1-18(39)37-10-12-38(13-11-37)19-2-4-20(5-3-19)45-14-21-15-46-32(49-21,16-36-9-8-35-17-36)22-6-7-23(33)28(24(22)34)47-31-27(42)25(40)26(41)29(48-31)30(43)44/h2-9,17,21,25-27,29,31,40-42H,10-16H2,1H3,(H,43,44)",JFCCBOMQCBPYED-UHFFFAOYSA-N,CC(=O)N1CCN(CC1)C2=CC=C(C=C2)OCC3COC(O3)(CN4C=CN=C4)C5=C(C(=C(C=C5)Cl)OC6OC(C(O)=O)C(C(C6O)O)O)Cl,,,C32H36Cl2N4O11,722.175763332,1.6475000000000004,2,1,1,BTM00024,BTM00024,Aromatic OH-glucuronidation,BTMR0166,EC 2.4.1.17,HUMAN,BTM00009,CC(=O)N1CCN(CC1)C2=CC=C(C=C2)OCC3COC(O3)(CN4C=CN=C4)C5=C(C(=C(C=C5)Cl)O)Cl,"InChI=1S/C26H28Cl2N4O5/c1-18(33)31-10-12-32(13-11-31)19-2-4-20(5-3-19)35-14-21-15-36-26(37-21,16-30-9-8-29-17-30)22-6-7-23(27)25(34)24(22)28/h2-9,17,21,34H,10-16H2,1H3",ZJVRWOODVFDDMK-UHFFFAOYSA-N,3.3430000000000017,546.1436753559999
"InChI=1S/C36H44ClN7O11S/c1-22(45)43-12-14-44(15-13-43)23-2-4-24(5-3-23)53-17-25-18-54-36(55-25,20-42-11-10-39-21-42)26-6-7-27(37)32(49)33(26)56-19-29(34(50)40-16-31(47)48)41-30(46)9-8-28(38)35(51)52/h2-7,10-11,21,25,28-29,49H,8-9,12-20,38H2,1H3,(H,40,50)(H,41,46)(H,47,48)(H,51,52)",FTCCKLMGDIQXOT-UHFFFAOYSA-N,CC(=O)N1CCN(CC1)C2=CC=C(C=C2)OCC3COC(O3)(CN4C=CN=C4)C5=C(C(=C(C=C5)Cl)O)SCC(NC(=O)CCC(N)C(O)=O)C(=O)NCC(O)=O,,,C36H44ClN7O11S,817.2508039080001,0.6901999999999967,3,2,2,BTM00025,BTM00025,GSH-conjugation of aryl halide,BTMR0235,EC 2.5.1.18,HUMAN,BTM00009,CC(=O)N1CCN(CC1)C2=CC=C(C=C2)OCC3COC(O3)(CN4C=CN=C4)C5=C(C(=C(C=C5)Cl)O)Cl,"InChI=1S/C26H28Cl2N4O5/c1-18(33)31-10-12-32(13-11-31)19-2-4-20(5-3-19)35-14-21-15-36-26(37-21,16-30-9-8-29-17-30)22-6-7-23(27)25(34)24(22)28/h2-9,17,21,34H,10-16H2,1H3",ZJVRWOODVFDDMK-UHFFFAOYSA-N,3.3430000000000017,546.1436753559999
"InChI=1S/C36H44ClN7O11S/c1-22(45)43-12-14-44(15-13-43)23-2-4-24(5-3-23)53-17-25-18-54-36(55-25,20-42-11-10-39-21-42)26-6-8-29(33(49)32(26)37)56-19-28(34(50)40-16-31(47)48)41-30(46)9-7-27(38)35(51)52/h2-6,8,10-11,21,25,27-28,49H,7,9,12-20,38H2,1H3,(H,40,50)(H,41,46)(H,47,48)(H,51,52)",VBWGTWFMKXFQOR-UHFFFAOYSA-N,CC(=O)N1CCN(CC1)C2=CC=C(C=C2)OCC3COC(O3)(CN4C=CN=C4)C5=C(C(=C(C=C5)SCC(NC(=O)CCC(N)C(O)=O)C(=O)NCC(O)=O)O)Cl,,,C36H44ClN7O11S,817.2508039080001,0.6901999999999967,3,2,2,BTM00026,BTM00026,GSH-conjugation of aryl halide,BTMR0235,EC 2.5.1.18,HUMAN,BTM00009,CC(=O)N1CCN(CC1)C2=CC=C(C=C2)OCC3COC(O3)(CN4C=CN=C4)C5=C(C(=C(C=C5)Cl)O)Cl,"InChI=1S/C26H28Cl2N4O5/c1-18(33)31-10-12-32(13-11-31)19-2-4-20(5-3-19)35-14-21-15-36-26(37-21,16-30-9-8-29-17-30)22-6-7-23(27)25(34)24(22)28/h2-9,17,21,34H,10-16H2,1H3",ZJVRWOODVFDDMK-UHFFFAOYSA-N,3.3430000000000017,546.1436753559999
"InChI=1S/C26H28Cl2N4O8S/c1-18(33)31-10-12-32(13-11-31)19-2-4-20(5-3-19)37-14-21-15-38-26(39-21,16-30-9-8-29-17-30)22-6-7-23(27)25(24(22)28)40-41(34,35)36/h2-9,17,21H,10-16H2,1H3,(H,34,35,36)",LBTKJZXFNCJCTF-UHFFFAOYSA-N,CC(=O)N1CCN(CC1)C2=CC=C(C=C2)OCC3COC(O3)(CN4C=CN=C4)C5=C(C(=C(C=C5)Cl)OS(O)(=O)=O)Cl,,,C26H28Cl2N4O8S,626.100490216,2.6062000000000016,1,0,0,BTM00027,BTM00027,Sulfonation of phenolic compound,BTMR1376,EC 2.8.2.1,HUMAN,BTM00009,CC(=O)N1CCN(CC1)C2=CC=C(C=C2)OCC3COC(O3)(CN4C=CN=C4)C5=C(C(=C(C=C5)Cl)O)Cl,"InChI=1S/C26H28Cl2N4O5/c1-18(33)31-10-12-32(13-11-31)19-2-4-20(5-3-19)35-14-21-15-36-26(37-21,16-30-9-8-29-17-30)22-6-7-23(27)25(34)24(22)28/h2-9,17,21,34H,10-16H2,1H3",ZJVRWOODVFDDMK-UHFFFAOYSA-N,3.3430000000000017,546.1436753559999
"InChI=1S/C27H30Cl2N4O5/c1-19(34)32-11-13-33(14-12-32)20-3-5-21(6-4-20)36-15-22-16-37-27(38-22,17-31-10-9-30-18-31)23-7-8-24(28)26(35-2)25(23)29/h3-10,18,22H,11-17H2,1-2H3",UAPWXBRCPHPILO-UHFFFAOYSA-N,CC(=O)N1CCN(CC1)C2=CC=C(C=C2)OCC3COC(O3)(CN4C=CN=C4)C5=C(C(=C(C=C5)Cl)OC)Cl,,,C27H30Cl2N4O5,560.15932542,3.594000000000002,1,0,0,BTM00028,BTM00028,Methylation of phenolic compound,BTMR1377,EC 2.1.1.25,HUMAN,BTM00009,CC(=O)N1CCN(CC1)C2=CC=C(C=C2)OCC3COC(O3)(CN4C=CN=C4)C5=C(C(=C(C=C5)Cl)O)Cl,"InChI=1S/C26H28Cl2N4O5/c1-18(33)31-10-12-32(13-11-31)19-2-4-20(5-3-19)35-14-21-15-36-26(37-21,16-30-9-8-29-17-30)22-6-7-23(27)25(34)24(22)28/h2-9,17,21,34H,10-16H2,1H3",ZJVRWOODVFDDMK-UHFFFAOYSA-N,3.3430000000000017,546.1436753559999
"InChI=1S/C32H36Cl2N4O11/c33-19-1-6-23(24(34)13-19)32(17-36-8-7-35-18-36)47-15-22(49-32)14-45-21-4-2-20(3-5-21)37-9-11-38(12-10-37)25(39)16-46-31-28(42)26(40)27(41)29(48-31)30(43)44/h1-8,13,18,22,26-29,31,40-42H,9-12,14-17H2,(H,43,44)",JZMTWCIUPGHPMR-UHFFFAOYSA-N,C(C(=O)N1CCN(CC1)C2=CC=C(C=C2)OCC3COC(O3)(CN4C=CN=C4)C5=C(C=C(C=C5)Cl)Cl)OC6OC(C(O)=O)C(C(C6O)O)O,,,C32H36Cl2N4O11,722.175763332,1.613800000000005,2,1,1,BTM00029,BTM00029,Alkyl-OH-glucuronidation,BTMR0165,EC 2.4.1.17,HUMAN,BTM00010,C(C(=O)N1CCN(CC1)C2=CC=C(C=C2)OCC3COC(O3)(CN4C=CN=C4)C5=C(C=C(C=C5)Cl)Cl)O,"InChI=1S/C26H28Cl2N4O5/c27-19-1-6-23(24(28)13-19)26(17-30-8-7-29-18-30)36-16-22(37-26)15-35-21-4-2-20(3-5-21)31-9-11-32(12-10-31)25(34)14-33/h1-8,13,18,22,33H,9-12,14-17H2",ZOHQNWNBEQCXIU-UHFFFAOYSA-N,3.1518000000000015,546.143675356
"InChI=1S/C26H28Cl2N4O8S/c27-19-1-6-23(24(28)13-19)26(17-30-8-7-29-18-30)38-15-22(40-26)14-37-21-4-2-20(3-5-21)31-9-11-32(12-10-31)25(33)16-39-41(34,35)36/h1-8,13,18,22H,9-12,14-17H2,(H,34,35,36)",GYRQRWUIZIQHHK-UHFFFAOYSA-N,C(C(=O)N1CCN(CC1)C2=CC=C(C=C2)OCC3COC(O3)(CN4C=CN=C4)C5=C(C=C(C=C5)Cl)Cl)OS(O)(=O)=O,,,C26H28Cl2N4O8S,626.100490216,2.572500000000001,1,0,0,BTM00030,BTM00030,Sulfation of primary alcohol,BTMR0501,EC 2.8.2.2,HUMAN,BTM00010,C(C(=O)N1CCN(CC1)C2=CC=C(C=C2)OCC3COC(O3)(CN4C=CN=C4)C5=C(C=C(C=C5)Cl)Cl)O,"InChI=1S/C26H28Cl2N4O5/c27-19-1-6-23(24(28)13-19)26(17-30-8-7-29-18-30)36-16-22(37-26)15-35-21-4-2-20(3-5-21)31-9-11-32(12-10-31)25(34)14-33/h1-8,13,18,22,33H,9-12,14-17H2",ZOHQNWNBEQCXIU-UHFFFAOYSA-N,3.1518000000000015,546.143675356
"InChI=1S/C32H36Cl2N4O11/c1-18(39)37-8-10-38(11-9-37)20-2-4-21(5-3-20)45-14-22-15-46-32(49-22,16-36-7-6-35-17-36)25-23(34)12-19(33)13-24(25)47-31-28(42)26(40)27(41)29(48-31)30(43)44/h2-7,12-13,17,22,26-29,31,40-42H,8-11,14-16H2,1H3,(H,43,44)",QZGWBJSKTNKSJI-UHFFFAOYSA-N,CC(=O)N1CCN(CC1)C2=CC=C(C=C2)OCC3COC(O3)(CN4C=CN=C4)C5=C(C=C(C=C5OC6OC(C(O)=O)C(C(C6O)O)O)Cl)Cl,,,C32H36Cl2N4O11,722.175763332,1.6475000000000004,2,1,1,BTM00031,BTM00031,Aromatic OH-glucuronidation,BTMR0166,EC 2.4.1.17,HUMAN,BTM00011,CC(=O)N1CCN(CC1)C2=CC=C(C=C2)OCC3COC(O3)(CN4C=CN=C4)C5=C(C=C(C=C5O)Cl)Cl,"InChI=1S/C26H28Cl2N4O5/c1-18(33)31-8-10-32(11-9-31)20-2-4-21(5-3-20)35-14-22-15-36-26(37-22,16-30-7-6-29-17-30)25-23(28)12-19(27)13-24(25)34/h2-7,12-13,17,22,34H,8-11,14-16H2,1H3",BHQYLJSIRANHPS-UHFFFAOYSA-N,3.3430000000000017,546.143675356
"InChI=1S/C26H28Cl2N4O8S/c1-18(33)31-8-10-32(11-9-31)20-2-4-21(5-3-20)37-14-22-15-38-26(39-22,16-30-7-6-29-17-30)25-23(28)12-19(27)13-24(25)40-41(34,35)36/h2-7,12-13,17,22H,8-11,14-16H2,1H3,(H,34,35,36)",ZRFFTJPIRSFGAS-UHFFFAOYSA-N,CC(=O)N1CCN(CC1)C2=CC=C(C=C2)OCC3COC(O3)(CN4C=CN=C4)C5=C(C=C(C=C5OS(O)(=O)=O)Cl)Cl,,,C26H28Cl2N4O8S,626.100490216,2.6062000000000016,1,0,0,BTM00032,BTM00032,Sulfonation of phenolic compound,BTMR1376,EC 2.8.2.1,HUMAN,BTM00011,CC(=O)N1CCN(CC1)C2=CC=C(C=C2)OCC3COC(O3)(CN4C=CN=C4)C5=C(C=C(C=C5O)Cl)Cl,"InChI=1S/C26H28Cl2N4O5/c1-18(33)31-8-10-32(11-9-31)20-2-4-21(5-3-20)35-14-22-15-36-26(37-22,16-30-7-6-29-17-30)25-23(28)12-19(27)13-24(25)34/h2-7,12-13,17,22,34H,8-11,14-16H2,1H3",BHQYLJSIRANHPS-UHFFFAOYSA-N,3.3430000000000017,546.143675356
"InChI=1S/C27H30Cl2N4O5/c1-19(34)32-9-11-33(12-10-32)21-3-5-22(6-4-21)36-15-23-16-37-27(38-23,17-31-8-7-30-18-31)26-24(29)13-20(28)14-25(26)35-2/h3-8,13-14,18,23H,9-12,15-17H2,1-2H3",RSNYFEOFQQLFPF-UHFFFAOYSA-N,CC(=O)N1CCN(CC1)C2=CC=C(C=C2)OCC3COC(O3)(CN4C=CN=C4)C5=C(C=C(C=C5OC)Cl)Cl,,,C27H30Cl2N4O5,560.15932542,3.594000000000002,1,0,0,BTM00033,BTM00033,Methylation of phenolic compound,BTMR1377,EC 2.1.1.25,HUMAN,BTM00011,CC(=O)N1CCN(CC1)C2=CC=C(C=C2)OCC3COC(O3)(CN4C=CN=C4)C5=C(C=C(C=C5O)Cl)Cl,"InChI=1S/C26H28Cl2N4O5/c1-18(33)31-8-10-32(11-9-31)20-2-4-21(5-3-20)35-14-22-15-36-26(37-22,16-30-7-6-29-17-30)25-23(28)12-19(27)13-24(25)34/h2-7,12-13,17,22,34H,8-11,14-16H2,1H3",BHQYLJSIRANHPS-UHFFFAOYSA-N,3.3430000000000017,546.143675356
"InChI=1S/C4H7NO2/c1-4(7)5-2-3-6/h3H,2H2,1H3,(H,5,7)",KCRRYOSHXIMXSZ-UHFFFAOYSA-N,CC(=O)NCC=O,,,C4H7NO2,101.047678464,-0.9093000000000001,0,0,0,BTM00034,BTM00034,N-Dealkylation of tertiary carboxamide,BTMR1139,"CYP1A2
CYP2A6
CYP2B6
CYP2C8
CYP2C9
CYP2C19
CYP2D6
CYP3A4",HUMAN,BTM00001,CC(=O)N(CC=O)CCNC1=CC=C(C=C1)OCC2COC(O2)(CN3C=CN=C3)C4=C(C=C(C=C4)Cl)Cl,"InChI=1S/C26H28Cl2N4O5/c1-19(34)32(12-13-33)11-9-30-21-3-5-22(6-4-21)35-15-23-16-36-26(37-23,17-31-10-8-29-18-31)24-7-2-20(27)14-25(24)28/h2-8,10,13-14,18,23,30H,9,11-12,15-17H2,1H3",FAURSTAOHLXBQZ-UHFFFAOYSA-N,3.1552000000000024,546.143675356
"InChI=1S/C22H21Cl2N3O4/c23-16-1-6-20(21(24)11-16)22(14-27-9-7-25-15-27)30-13-19(31-22)12-29-18-4-2-17(3-5-18)26-8-10-28/h1-7,9-11,15,19,26H,8,12-14H2",LKXUGPFDGYOTDJ-UHFFFAOYSA-N,C(CNC1=CC=C(C=C1)OCC2COC(O2)(CN3C=CN=C3)C4=C(C=C(C=C4)Cl)Cl)=O,,,C22H21Cl2N3O4,461.09091151200005,3.756900000000001,0,0,0,BTM00035,BTM00035,N-Dealkylation of tertiary carboxamide,BTMR1139,"CYP1A2
CYP2A6
CYP2B6
CYP2C8
CYP2C9
CYP2C19
CYP2D6
CYP3A4",HUMAN,BTM00001,CC(=O)N(CC=O)CCNC1=CC=C(C=C1)OCC2COC(O2)(CN3C=CN=C3)C4=C(C=C(C=C4)Cl)Cl,"InChI=1S/C26H28Cl2N4O5/c1-19(34)32(12-13-33)11-9-30-21-3-5-22(6-4-21)35-15-23-16-36-26(37-23,17-31-10-8-29-18-31)24-7-2-20(27)14-25(24)28/h2-8,10,13-14,18,23,30H,9,11-12,15-17H2,1H3",FAURSTAOHLXBQZ-UHFFFAOYSA-N,3.1552000000000024,546.143675356
"InChI=1S/C24H26Cl2N4O4/c1-17(31)28-8-9-29-19-3-5-20(6-4-19)32-13-21-14-33-24(34-21,15-30-11-10-27-16-30)22-7-2-18(25)12-23(22)26/h2-7,10-12,16,21,29H,8-9,13-15H2,1H3,(H,28,31)",RQWXCOYMCRJTAY-UHFFFAOYSA-N,CC(=O)NCCNC1=CC=C(C=C1)OCC2COC(O2)(CN3C=CN=C3)C4=C(C=C(C=C4)Cl)Cl,,,C24H26Cl2N4O4,504.133110672,3.232400000000003,1,0,0,BTM00036,BTM00036,N-Dealkylation of tertiary carboxamide,BTMR1139,"CYP1A2
CYP2A6
CYP2B6
CYP2C8
CYP2C9
CYP2C19
CYP2D6
CYP3A4",HUMAN,BTM00001,CC(=O)N(CC=O)CCNC1=CC=C(C=C1)OCC2COC(O2)(CN3C=CN=C3)C4=C(C=C(C=C4)Cl)Cl,"InChI=1S/C26H28Cl2N4O5/c1-19(34)32(12-13-33)11-9-30-21-3-5-22(6-4-21)35-15-23-16-36-26(37-23,17-31-10-8-29-18-31)24-7-2-20(27)14-25(24)28/h2-8,10,13-14,18,23,30H,9,11-12,15-17H2,1H3",FAURSTAOHLXBQZ-UHFFFAOYSA-N,3.1552000000000024,546.143675356
InChI=1S/C2H2O2/c3-1-2-4/h1-2H,LEQAOMBKQFMDFZ-UHFFFAOYSA-N,C(C=O)=O,,,C2H2O2,58.005479304,-0.38480000000000003,0,0,0,BTM00037,BTM00037,N-Dealkylation of tertiary carboxamide,BTMR1139,"CYP1A2
CYP2A6
CYP2B6
CYP2C8
CYP2C9
CYP2C19
CYP2D6
CYP3A4",HUMAN,BTM00001,CC(=O)N(CC=O)CCNC1=CC=C(C=C1)OCC2COC(O2)(CN3C=CN=C3)C4=C(C=C(C=C4)Cl)Cl,"InChI=1S/C26H28Cl2N4O5/c1-19(34)32(12-13-33)11-9-30-21-3-5-22(6-4-21)35-15-23-16-36-26(37-23,17-31-10-8-29-18-31)24-7-2-20(27)14-25(24)28/h2-8,10,13-14,18,23,30H,9,11-12,15-17H2,1H3",FAURSTAOHLXBQZ-UHFFFAOYSA-N,3.1552000000000024,546.143675356
"InChI=1S/C12H16N2O3/c1-10(16)14(8-9-15)7-6-13-11-2-4-12(17)5-3-11/h2-5,9,13,17H,6-8H2,1H3",FSTVUYGZQIPZFT-UHFFFAOYSA-N,CC(=O)N(CC=O)CCNC1=CC=C(C=C1)O,,,C12H16N2O3,236.116092372,0.48650000000000104,0,0,0,BTM00038,BTM00038,O-Dealkylation,BTMR0052,"CYP1A2
CYP2A6
CYP2C9
CYP2C19
CYP2D6
CYP2E1
CYP3A4",HUMAN,BTM00001,CC(=O)N(CC=O)CCNC1=CC=C(C=C1)OCC2COC(O2)(CN3C=CN=C3)C4=C(C=C(C=C4)Cl)Cl,"InChI=1S/C26H28Cl2N4O5/c1-19(34)32(12-13-33)11-9-30-21-3-5-22(6-4-21)35-15-23-16-36-26(37-23,17-31-10-8-29-18-31)24-7-2-20(27)14-25(24)28/h2-8,10,13-14,18,23,30H,9,11-12,15-17H2,1H3",FAURSTAOHLXBQZ-UHFFFAOYSA-N,3.1552000000000024,546.143675356
"InChI=1S/C14H12Cl2N2O3/c15-10-1-2-12(13(16)5-10)14(8-18-4-3-17-9-18)20-7-11(6-19)21-14/h1-6,9,11H,7-8H2",GGFJISNCAHALQL-UHFFFAOYSA-N,C(C1COC(O1)(CN2C=CN=C2)C3=C(C=C(C=C3)Cl)Cl)=O,,,C14H12Cl2N2O3,326.02249760399997,2.3160000000000007,0,0,0,BTM00003,BTM00003,O-Dealkylation,BTMR0052,"CYP1A2
CYP2A6
CYP2C9
CYP2C19
CYP2D6
CYP2E1
CYP3A4",HUMAN,BTM00001,CC(=O)N(CC=O)CCNC1=CC=C(C=C1)OCC2COC(O2)(CN3C=CN=C3)C4=C(C=C(C=C4)Cl)Cl,"InChI=1S/C26H28Cl2N4O5/c1-19(34)32(12-13-33)11-9-30-21-3-5-22(6-4-21)35-15-23-16-36-26(37-23,17-31-10-8-29-18-31)24-7-2-20(27)14-25(24)28/h2-8,10,13-14,18,23,30H,9,11-12,15-17H2,1H3",FAURSTAOHLXBQZ-UHFFFAOYSA-N,3.1552000000000024,546.143675356
"InChI=1S/C26H28Cl2N4O6/c1-18(34)32(10-11-33)9-7-30-19-2-4-20(5-3-19)36-14-21-15-37-26(38-21,16-31-8-6-29-17-31)22-12-25(35)24(28)13-23(22)27/h2-6,8,11-13,17,21,30,35H,7,9-10,14-16H2,1H3",VHUWLUSPHRUDPR-UHFFFAOYSA-N,CC(=O)N(CC=O)CCNC1=CC=C(C=C1)OCC2COC(O2)(CN3C=CN=C3)C4=C(C=C(C(=C4)O)Cl)Cl,,,C26H28Cl2N4O6,562.1385899759999,2.887800000000002,1,1,1,BTM00039,BTM00039,Hydroxylation of aromatic carbon para to halide group,BTMR1041,"CYP1A2
CYP2E1
CYP3A4",HUMAN,BTM00001,CC(=O)N(CC=O)CCNC1=CC=C(C=C1)OCC2COC(O2)(CN3C=CN=C3)C4=C(C=C(C=C4)Cl)Cl,"InChI=1S/C26H28Cl2N4O5/c1-19(34)32(12-13-33)11-9-30-21-3-5-22(6-4-21)35-15-23-16-36-26(37-23,17-31-10-8-29-18-31)24-7-2-20(27)14-25(24)28/h2-8,10,13-14,18,23,30H,9,11-12,15-17H2,1H3",FAURSTAOHLXBQZ-UHFFFAOYSA-N,3.1552000000000024,546.143675356
"InChI=1S/C26H28Cl2N4O6/c1-18(34)32(12-13-33)11-9-30-20-3-5-21(6-4-20)36-15-24-25(35)38-26(37-24,16-31-10-8-29-17-31)22-7-2-19(27)14-23(22)28/h2-8,10,13-14,17,24-25,30,35H,9,11-12,15-16H2,1H3",QNSPTQJNGSDVNH-UHFFFAOYSA-N,CC(=O)N(CC=O)CCNC1=CC=C(C=C1)OCC2C(OC(O2)(CN3C=CN=C3)C4=C(C=C(C=C4)Cl)Cl)O,,,C26H28Cl2N4O6,562.138589976,2.815500000000003,1,1,1,BTM00040,BTM00040,Hydroxylation of heteroalicyclic secondary carbon,BTMR1071,CYP1A2,HUMAN,BTM00001,CC(=O)N(CC=O)CCNC1=CC=C(C=C1)OCC2COC(O2)(CN3C=CN=C3)C4=C(C=C(C=C4)Cl)Cl,"InChI=1S/C26H28Cl2N4O5/c1-19(34)32(12-13-33)11-9-30-21-3-5-22(6-4-21)35-15-23-16-36-26(37-23,17-31-10-8-29-18-31)24-7-2-20(27)14-25(24)28/h2-8,10,13-14,18,23,30H,9,11-12,15-17H2,1H3",FAURSTAOHLXBQZ-UHFFFAOYSA-N,3.1552000000000024,546.143675356
"InChI=1S/C26H28Cl2N4O6/c1-18(34)32(12-13-33)11-9-30-19-2-4-20(5-3-19)36-14-21-15-37-26(38-21,16-31-10-8-29-17-31)22-6-7-23(27)25(35)24(22)28/h2-8,10,13,17,21,30,35H,9,11-12,14-16H2,1H3",LNGZZYWVZLHODO-UHFFFAOYSA-N,CC(=O)N(CC=O)CCNC1=CC=C(C=C1)OCC2COC(O2)(CN3C=CN=C3)C4=C(C(=C(C=C4)Cl)O)Cl,,,C26H28Cl2N4O6,562.1385899759999,2.887800000000002,1,1,1,BTM00041,BTM00041,Hydroxylation of aromatic carbon ortho to halide group,BTMR1040,"CYP1A2
CYP2A6
CYP2B6
CYP2C8
CYP2C9
CYP2C19
CYP2D6
CYP2E1
CYP3A4",HUMAN,BTM00001,CC(=O)N(CC=O)CCNC1=CC=C(C=C1)OCC2COC(O2)(CN3C=CN=C3)C4=C(C=C(C=C4)Cl)Cl,"InChI=1S/C26H28Cl2N4O5/c1-19(34)32(12-13-33)11-9-30-21-3-5-22(6-4-21)35-15-23-16-36-26(37-23,17-31-10-8-29-18-31)24-7-2-20(27)14-25(24)28/h2-8,10,13-14,18,23,30H,9,11-12,15-17H2,1H3",FAURSTAOHLXBQZ-UHFFFAOYSA-N,3.1552000000000024,546.143675356
"InChI=1S/C26H28Cl2N4O6/c1-18(34)32(10-11-33)9-7-30-19-2-4-20(5-3-19)36-14-21-15-37-26(38-21,16-31-8-6-29-17-31)22-12-25(35)24(28)13-23(22)27/h2-6,8,11-13,17,21,30,35H,7,9-10,14-16H2,1H3",VHUWLUSPHRUDPR-UHFFFAOYSA-N,CC(=O)N(CC=O)CCNC1=CC=C(C=C1)OCC2COC(O2)(CN3C=CN=C3)C4=C(C=C(C(=C4)O)Cl)Cl,,,C26H28Cl2N4O6,562.1385899759999,2.887800000000002,1,1,1,BTM00039,BTM00039,Hydroxylation of aromatic carbon ortho to halide group,BTMR1040,"CYP1A2
CYP2A6
CYP2B6
CYP2C8
CYP2C9
CYP2C19
CYP2D6
CYP2E1
CYP3A4",HUMAN,BTM00001,CC(=O)N(CC=O)CCNC1=CC=C(C=C1)OCC2COC(O2)(CN3C=CN=C3)C4=C(C=C(C=C4)Cl)Cl,"InChI=1S/C26H28Cl2N4O5/c1-19(34)32(12-13-33)11-9-30-21-3-5-22(6-4-21)35-15-23-16-36-26(37-23,17-31-10-8-29-18-31)24-7-2-20(27)14-25(24)28/h2-8,10,13-14,18,23,30H,9,11-12,15-17H2,1H3",FAURSTAOHLXBQZ-UHFFFAOYSA-N,3.1552000000000024,546.143675356
"InChI=1S/C6H9NO3/c1-6(10)7(2-4-8)3-5-9/h4-5H,2-3H2,1H3",YFLALEIAJMYILF-UHFFFAOYSA-N,CC(=O)N(CC=O)CC=O,,,C6H9NO3,143.058243148,-0.9865000000000006,0,0,0,BTM00042,BTM00042,N-Dealkylation of secondary arylalkylamine,BTMR1141,"CYP1A2
CYP2C19
CYP2D6
CYP2E1
CYP3A4",HUMAN,BTM00001,CC(=O)N(CC=O)CCNC1=CC=C(C=C1)OCC2COC(O2)(CN3C=CN=C3)C4=C(C=C(C=C4)Cl)Cl,"InChI=1S/C26H28Cl2N4O5/c1-19(34)32(12-13-33)11-9-30-21-3-5-22(6-4-21)35-15-23-16-36-26(37-23,17-31-10-8-29-18-31)24-7-2-20(27)14-25(24)28/h2-8,10,13-14,18,23,30H,9,11-12,15-17H2,1H3",FAURSTAOHLXBQZ-UHFFFAOYSA-N,3.1552000000000024,546.143675356
"InChI=1S/C20H19Cl2N3O3/c21-14-1-6-18(19(22)9-14)20(12-25-8-7-24-13-25)27-11-17(28-20)10-26-16-4-2-15(23)3-5-16/h1-9,13,17H,10-12,23H2",JJAHMLRQDQLJJE-UHFFFAOYSA-N,NC1=CC=C(C=C1)OCC2COC(O2)(CN3C=CN=C3)C4=C(C=C(C=C4)Cl)Cl,,,C20H19Cl2N3O3,419.080346828,3.484700000000001,0,0,0,BTM00043,BTM00043,N-Dealkylation of secondary arylalkylamine,BTMR1141,"CYP1A2
CYP2C19
CYP2D6
CYP2E1
CYP3A4",HUMAN,BTM00001,CC(=O)N(CC=O)CCNC1=CC=C(C=C1)OCC2COC(O2)(CN3C=CN=C3)C4=C(C=C(C=C4)Cl)Cl,"InChI=1S/C26H28Cl2N4O5/c1-19(34)32(12-13-33)11-9-30-21-3-5-22(6-4-21)35-15-23-16-36-26(37-23,17-31-10-8-29-18-31)24-7-2-20(27)14-25(24)28/h2-8,10,13-14,18,23,30H,9,11-12,15-17H2,1H3",FAURSTAOHLXBQZ-UHFFFAOYSA-N,3.1552000000000024,546.143675356
"InChI=1S/C26H28Cl2N4O6/c27-19-1-6-23(24(28)13-19)26(17-31-9-7-29-18-31)37-16-22(38-26)15-36-21-4-2-20(3-5-21)30-8-10-32(11-12-33)25(35)14-34/h1-7,9,12-13,18,22,30,34H,8,10-11,14-17H2",LVTFZEPCITYMOJ-UHFFFAOYSA-N,C(C(=O)N(CC=O)CCNC1=CC=C(C=C1)OCC2COC(O2)(CN3C=CN=C3)C4=C(C=C(C=C4)Cl)Cl)O,,,C26H28Cl2N4O6,562.1385899759999,2.696600000000002,1,1,1,BTM00044,BTM00044,alpha-Hydroxylation of carbonyl group,BTMR1054,"CYP1A2
CYP2A6
CYP2B6
CYP2C8
CYP2C9
CYP2C19
CYP2D6
CYP3A4",HUMAN,BTM00001,CC(=O)N(CC=O)CCNC1=CC=C(C=C1)OCC2COC(O2)(CN3C=CN=C3)C4=C(C=C(C=C4)Cl)Cl,"InChI=1S/C26H28Cl2N4O5/c1-19(34)32(12-13-33)11-9-30-21-3-5-22(6-4-21)35-15-23-16-36-26(37-23,17-31-10-8-29-18-31)24-7-2-20(27)14-25(24)28/h2-8,10,13-14,18,23,30H,9,11-12,15-17H2,1H3",FAURSTAOHLXBQZ-UHFFFAOYSA-N,3.1552000000000024,546.143675356
"InChI=1S/C26H28Cl2N4O6/c1-18(34)32(10-11-33)9-7-30-20-2-4-21(5-3-20)36-14-22-15-37-26(38-22,16-31-8-6-29-17-31)25-23(28)12-19(27)13-24(25)35/h2-6,8,11-13,17,22,30,35H,7,9-10,14-16H2,1H3",VRCWDJZRSNOLQB-UHFFFAOYSA-N,CC(=O)N(CC=O)CCNC1=CC=C(C=C1)OCC2COC(O2)(CN3C=CN=C3)C4=C(C=C(C=C4O)Cl)Cl,,,C26H28Cl2N4O6,562.1385899759999,2.887800000000002,1,1,1,BTM00045,BTM00045,Hydroxylation of aromatic carbon meta to halide group,BTMR1039,"CYP2A6
CYP2B6
CYP2C9
CYP2C19
CYP2E1
CYP3A4",HUMAN,BTM00001,CC(=O)N(CC=O)CCNC1=CC=C(C=C1)OCC2COC(O2)(CN3C=CN=C3)C4=C(C=C(C=C4)Cl)Cl,"InChI=1S/C26H28Cl2N4O5/c1-19(34)32(12-13-33)11-9-30-21-3-5-22(6-4-21)35-15-23-16-36-26(37-23,17-31-10-8-29-18-31)24-7-2-20(27)14-25(24)28/h2-8,10,13-14,18,23,30H,9,11-12,15-17H2,1H3",FAURSTAOHLXBQZ-UHFFFAOYSA-N,3.1552000000000024,546.143675356
"InChI=1S/C12H16N2O3/c1-10(16)14(8-9-15)7-6-13-11-2-4-12(17)5-3-11/h2-5,9,13,17H,6-8H2,1H3",FSTVUYGZQIPZFT-UHFFFAOYSA-N,CC(=O)N(CC=O)CCNC1=CC=C(C=C1)O,,,C12H16N2O3,236.116092372,0.48650000000000104,0,0,0,BTM00038,BTM00038,N-Dealkylation of mixed tertiary amine,BTMR1145,"CYP1A2
CYP2A6
CYP2B6
CYP2C8
CYP2C9
CYP2C19
CYP2D6
CYP3A4",HUMAN,BTM00002,CC(=O)N1CCN(CC1)C2=CC=C(C=C2)O,"InChI=1S/C12H16N2O2/c1-10(15)13-6-8-14(9-7-13)11-2-4-12(16)5-3-11/h2-5,16H,6-9H2,1H3",AGVNLFCRZULMKK-UHFFFAOYSA-N,0.9417000000000003,220.121177752
"InChI=1S/C12H16N2O3/c1-10(15)13-6-8-14(17,9-7-13)11-2-4-12(16)5-3-11/h2-5,16H,6-9H2,1H3",VOGPENOCYGQSEN-UHFFFAOYSA-N,CC(=O)N1CC[N+](CC1)(C2=CC=C(C=C2)O)[O-],,,C12H16N2O3,236.11609237199997,0.44110000000000027,0,0,0,BTM00046,BTM00046,N-Oxidation of alicyclic tertiary amine,BTMR1099,"CYP1A2
CYP2C8
CYP2C19
CYP2D6
CYP3A4",HUMAN,BTM00002,CC(=O)N1CCN(CC1)C2=CC=C(C=C2)O,"InChI=1S/C12H16N2O2/c1-10(15)13-6-8-14(9-7-13)11-2-4-12(16)5-3-11/h2-5,16H,6-9H2,1H3",AGVNLFCRZULMKK-UHFFFAOYSA-N,0.9417000000000003,220.121177752
"InChI=1S/C12H16N2O3/c1-9(15)13-4-6-14(7-5-13)10-2-3-11(16)12(17)8-10/h2-3,8,16-17H,4-7H2,1H3",AAXPXBKOUWBSCF-UHFFFAOYSA-N,CC(=O)N1CCN(CC1)C2=CC=C(C(=C2)O)O,,,C12H16N2O3,236.11609237199997,0.6743000000000005,0,0,0,BTM00047,BTM00047,"2-Hydroxylation of 1,4-disubstituted benzene",BTMR0037,CYP1A2,HUMAN,BTM00002,CC(=O)N1CCN(CC1)C2=CC=C(C=C2)O,"InChI=1S/C12H16N2O2/c1-10(15)13-6-8-14(9-7-13)11-2-4-12(16)5-3-11/h2-5,16H,6-9H2,1H3",AGVNLFCRZULMKK-UHFFFAOYSA-N,0.9417000000000003,220.121177752
"InChI=1S/C12H16N2O3/c1-9(15)14-7-6-13(8-12(14)17)10-2-4-11(16)5-3-10/h2-5,12,16-17H,6-8H2,1H3",AIHLPQMKRKOGSV-UHFFFAOYSA-N,CC(=O)N1C(CN(CC1)C2=CC=C(C=C2)O)O,,,C12H16N2O3,236.11609237199997,0.6020000000000009,0,0,0,BTM00048,BTM00048,Hydroxylation of heteroalicyclic secondary carbon,BTMR1070,"CYP1A2
CYP2A6
CYP2C9
CYP2D6
CYP3A4",HUMAN,BTM00002,CC(=O)N1CCN(CC1)C2=CC=C(C=C2)O,"InChI=1S/C12H16N2O2/c1-10(15)13-6-8-14(9-7-13)11-2-4-12(16)5-3-11/h2-5,16H,6-9H2,1H3",AGVNLFCRZULMKK-UHFFFAOYSA-N,0.9417000000000003,220.121177752
"InChI=1S/C12H16N2O3/c1-9(15)13-6-7-14(12(17)8-13)10-2-4-11(16)5-3-10/h2-5,12,16-17H,6-8H2,1H3",HVXCBDCTCUSDFA-UHFFFAOYSA-N,CC(=O)N1CC(N(CC1)C2=CC=C(C=C2)O)O,,,C12H16N2O3,236.11609237199997,0.6020000000000009,0,0,0,BTM00049,BTM00049,Hydroxylation of heteroalicyclic secondary carbon,BTMR1070,"CYP1A2
CYP2A6
CYP2C9
CYP2D6
CYP3A4",HUMAN,BTM00002,CC(=O)N1CCN(CC1)C2=CC=C(C=C2)O,"InChI=1S/C12H16N2O2/c1-10(15)13-6-8-14(9-7-13)11-2-4-12(16)5-3-11/h2-5,16H,6-9H2,1H3",AGVNLFCRZULMKK-UHFFFAOYSA-N,0.9417000000000003,220.121177752
"InChI=1S/C12H16N2O3/c15-9-12(17)14-7-5-13(6-8-14)10-1-3-11(16)4-2-10/h1-4,15-16H,5-9H2",NPVQVFMDWZBTGR-UHFFFAOYSA-N,C(C(=O)N1CCN(CC1)C2=CC=C(C=C2)O)O,,,C12H16N2O3,236.11609237199997,0.48310000000000153,0,0,0,BTM00050,BTM00050,alpha-Hydroxylation of carbonyl group,BTMR1054,"CYP1A2
CYP2A6
CYP2B6
CYP2C8
CYP2C9
CYP2C19
CYP2D6
CYP3A4",HUMAN,BTM00002,CC(=O)N1CCN(CC1)C2=CC=C(C=C2)O,"InChI=1S/C12H16N2O2/c1-10(15)13-6-8-14(9-7-13)11-2-4-12(16)5-3-11/h2-5,16H,6-9H2,1H3",AGVNLFCRZULMKK-UHFFFAOYSA-N,0.9417000000000003,220.121177752
"InChI=1S/C14H12Cl2N2O4/c15-11-4-12(16)13(20)3-10(11)14(7-18-2-1-17-8-18)21-6-9(5-19)22-14/h1-5,8-9,20H,6-7H2",JKIILKWBTRPHNQ-UHFFFAOYSA-N,C(C1COC(O1)(CN2C=CN=C2)C3=C(C=C(C(=C3)O)Cl)Cl)=O,,,C14H12Cl2N2O4,342.017412224,2.0486000000000004,0,0,0,BTM00051,BTM00051,Hydroxylation of aromatic carbon para to halide group,BTMR1041,"CYP1A2
CYP2E1
CYP3A4",HUMAN,BTM00003,C(C1COC(O1)(CN2C=CN=C2)C3=C(C=C(C=C3)Cl)Cl)=O,"InChI=1S/C14H12Cl2N2O3/c15-10-1-2-12(13(16)5-10)14(8-18-4-3-17-9-18)20-7-11(6-19)21-14/h1-6,9,11H,7-8H2",GGFJISNCAHALQL-UHFFFAOYSA-N,2.3160000000000007,326.02249760399997
"InChI=1S/C14H12Cl2N2O4/c15-9-1-2-10(11(16)5-9)14(7-18-4-3-17-8-18)21-12(6-19)13(20)22-14/h1-6,8,12-13,20H,7H2",BCZIIERYZBHZAR-UHFFFAOYSA-N,C(C1C(OC(O1)(CN2C=CN=C2)C3=C(C=C(C=C3)Cl)Cl)O)=O,,,C14H12Cl2N2O4,342.017412224,1.9762999999999997,0,0,0,BTM00052,BTM00052,Hydroxylation of heteroalicyclic secondary carbon,BTMR1071,CYP1A2,HUMAN,BTM00003,C(C1COC(O1)(CN2C=CN=C2)C3=C(C=C(C=C3)Cl)Cl)=O,"InChI=1S/C14H12Cl2N2O3/c15-10-1-2-12(13(16)5-10)14(8-18-4-3-17-9-18)20-7-11(6-19)21-14/h1-6,9,11H,7-8H2",GGFJISNCAHALQL-UHFFFAOYSA-N,2.3160000000000007,326.02249760399997
"InChI=1S/C14H12Cl2N2O4/c15-11-2-1-10(12(16)13(11)20)14(7-18-4-3-17-8-18)21-6-9(5-19)22-14/h1-5,8-9,20H,6-7H2",SHYHUHMXFCRDRO-UHFFFAOYSA-N,C(C1COC(O1)(CN2C=CN=C2)C3=C(C(=C(C=C3)Cl)O)Cl)=O,,,C14H12Cl2N2O4,342.017412224,2.0486000000000004,0,0,0,BTM00053,BTM00053,Hydroxylation of aromatic carbon ortho to halide group,BTMR1040,"CYP1A2
CYP2A6
CYP2B6
CYP2C8
CYP2C9
CYP2C19
CYP2D6
CYP2E1
CYP3A4",HUMAN,BTM00003,C(C1COC(O1)(CN2C=CN=C2)C3=C(C=C(C=C3)Cl)Cl)=O,"InChI=1S/C14H12Cl2N2O3/c15-10-1-2-12(13(16)5-10)14(8-18-4-3-17-9-18)20-7-11(6-19)21-14/h1-6,9,11H,7-8H2",GGFJISNCAHALQL-UHFFFAOYSA-N,2.3160000000000007,326.02249760399997
"InChI=1S/C14H12Cl2N2O4/c15-11-4-12(16)13(20)3-10(11)14(7-18-2-1-17-8-18)21-6-9(5-19)22-14/h1-5,8-9,20H,6-7H2",JKIILKWBTRPHNQ-UHFFFAOYSA-N,C(C1COC(O1)(CN2C=CN=C2)C3=C(C=C(C(=C3)O)Cl)Cl)=O,,,C14H12Cl2N2O4,342.017412224,2.0486000000000004,0,0,0,BTM00051,BTM00051,Hydroxylation of aromatic carbon ortho to halide group,BTMR1040,"CYP1A2
CYP2A6
CYP2B6
CYP2C8
CYP2C9
CYP2C19
CYP2D6
CYP2E1
CYP3A4",HUMAN,BTM00003,C(C1COC(O1)(CN2C=CN=C2)C3=C(C=C(C=C3)Cl)Cl)=O,"InChI=1S/C14H12Cl2N2O3/c15-10-1-2-12(13(16)5-10)14(8-18-4-3-17-9-18)20-7-11(6-19)21-14/h1-6,9,11H,7-8H2",GGFJISNCAHALQL-UHFFFAOYSA-N,2.3160000000000007,326.02249760399997
"InChI=1S/C14H12Cl2N2O4/c15-9-3-11(16)13(12(20)4-9)14(7-18-2-1-17-8-18)21-6-10(5-19)22-14/h1-5,8,10,20H,6-7H2",IXODAQDVZHEYRU-UHFFFAOYSA-N,C(C1COC(O1)(CN2C=CN=C2)C3=C(C=C(C=C3O)Cl)Cl)=O,,,C14H12Cl2N2O4,342.017412224,2.0486000000000004,0,0,0,BTM00054,BTM00054,Hydroxylation of aromatic carbon meta to halide group,BTMR1039,"CYP2A6
CYP2B6
CYP2C9
CYP2C19
CYP2E1
CYP3A4",HUMAN,BTM00003,C(C1COC(O1)(CN2C=CN=C2)C3=C(C=C(C=C3)Cl)Cl)=O,"InChI=1S/C14H12Cl2N2O3/c15-10-1-2-12(13(16)5-10)14(8-18-4-3-17-9-18)20-7-11(6-19)21-14/h1-6,9,11H,7-8H2",GGFJISNCAHALQL-UHFFFAOYSA-N,2.3160000000000007,326.02249760399997
"InChI=1S/C12H16N2O3/c1-10(15)13-6-8-14(17,9-7-13)11-2-4-12(16)5-3-11/h2-5,16H,6-9H2,1H3",VOGPENOCYGQSEN-UHFFFAOYSA-N,CC(=O)N1CC[N+](CC1)(C2=CC=C(C=C2)O)[O-],,,C12H16N2O3,236.11609237199997,0.44110000000000027,0,0,0,BTM00046,BTM00046,O-Dealkylation,BTMR0052,"CYP1A2
CYP2A6
CYP2C9
CYP2C19
CYP2D6
CYP2E1
CYP3A4",HUMAN,BTM00004,CC(=O)N1CC[N+](CC1)(C2=CC=C(C=C2)OCC3COC(O3)(CN4C=CN=C4)C5=C(C=C(C=C5)Cl)Cl)[O-],"InChI=1S/C26H28Cl2N4O5/c1-19(33)31-10-12-32(34,13-11-31)21-3-5-22(6-4-21)35-15-23-16-36-26(37-23,17-30-9-8-29-18-30)24-7-2-20(27)14-25(24)28/h2-9,14,18,23H,10-13,15-17H2,1H3",TVMVVRYAPWZNJP-UHFFFAOYSA-N,3.109800000000002,546.143675356
"InChI=1S/C14H12Cl2N2O3/c15-10-1-2-12(13(16)5-10)14(8-18-4-3-17-9-18)20-7-11(6-19)21-14/h1-6,9,11H,7-8H2",GGFJISNCAHALQL-UHFFFAOYSA-N,C(C1COC(O1)(CN2C=CN=C2)C3=C(C=C(C=C3)Cl)Cl)=O,,,C14H12Cl2N2O3,326.02249760399997,2.3160000000000007,0,0,0,BTM00003,BTM00003,O-Dealkylation,BTMR0052,"CYP1A2
CYP2A6
CYP2C9
CYP2C19
CYP2D6
CYP2E1
CYP3A4",HUMAN,BTM00004,CC(=O)N1CC[N+](CC1)(C2=CC=C(C=C2)OCC3COC(O3)(CN4C=CN=C4)C5=C(C=C(C=C5)Cl)Cl)[O-],"InChI=1S/C26H28Cl2N4O5/c1-19(33)31-10-12-32(34,13-11-31)21-3-5-22(6-4-21)35-15-23-16-36-26(37-23,17-30-9-8-29-18-30)24-7-2-20(27)14-25(24)28/h2-9,14,18,23H,10-13,15-17H2,1H3",TVMVVRYAPWZNJP-UHFFFAOYSA-N,3.109800000000002,546.143675356
"InChI=1S/C26H28Cl2N4O6/c1-18(33)31-8-10-32(35,11-9-31)19-2-4-20(5-3-19)36-14-21-15-37-26(38-21,16-30-7-6-29-17-30)22-12-25(34)24(28)13-23(22)27/h2-7,12-13,17,21,34H,8-11,14-16H2,1H3",MCMQKTMPBBPACV-UHFFFAOYSA-N,CC(=O)N1CC[N+](CC1)(C2=CC=C(C=C2)OCC3COC(O3)(CN4C=CN=C4)C5=C(C=C(C(=C5)O)Cl)Cl)[O-],,,C26H28Cl2N4O6,562.138589976,2.8424000000000023,1,0,0,BTM00055,BTM00055,Hydroxylation of aromatic carbon para to halide group,BTMR1041,"CYP1A2
CYP2E1
CYP3A4",HUMAN,BTM00004,CC(=O)N1CC[N+](CC1)(C2=CC=C(C=C2)OCC3COC(O3)(CN4C=CN=C4)C5=C(C=C(C=C5)Cl)Cl)[O-],"InChI=1S/C26H28Cl2N4O5/c1-19(33)31-10-12-32(34,13-11-31)21-3-5-22(6-4-21)35-15-23-16-36-26(37-23,17-30-9-8-29-18-30)24-7-2-20(27)14-25(24)28/h2-9,14,18,23H,10-13,15-17H2,1H3",TVMVVRYAPWZNJP-UHFFFAOYSA-N,3.109800000000002,546.143675356
"InChI=1S/C26H28Cl2N4O6/c1-18(33)31-10-11-32(35,13-25(31)34)20-3-5-21(6-4-20)36-14-22-15-37-26(38-22,16-30-9-8-29-17-30)23-7-2-19(27)12-24(23)28/h2-9,12,17,22,25,34H,10-11,13-16H2,1H3",YUFJOWBSBPDPPT-UHFFFAOYSA-N,CC(=O)N1C(C[N+](CC1)(C2=CC=C(C=C2)OCC3COC(O3)(CN4C=CN=C4)C5=C(C=C(C=C5)Cl)Cl)[O-])O,,,C26H28Cl2N4O6,562.138589976,2.770100000000003,1,0,0,BTM00056,BTM00056,Hydroxylation of heteroalicyclic secondary carbon,BTMR1070,"CYP1A2
CYP2A6
CYP2C9
CYP2D6
CYP3A4",HUMAN,BTM00004,CC(=O)N1CC[N+](CC1)(C2=CC=C(C=C2)OCC3COC(O3)(CN4C=CN=C4)C5=C(C=C(C=C5)Cl)Cl)[O-],"InChI=1S/C26H28Cl2N4O5/c1-19(33)31-10-12-32(34,13-11-31)21-3-5-22(6-4-21)35-15-23-16-36-26(37-23,17-30-9-8-29-18-30)24-7-2-20(27)14-25(24)28/h2-9,14,18,23H,10-13,15-17H2,1H3",TVMVVRYAPWZNJP-UHFFFAOYSA-N,3.109800000000002,546.143675356
"InChI=1S/C26H28Cl2N4O6/c1-18(33)31-10-11-32(35,25(34)13-31)20-3-5-21(6-4-20)36-14-22-15-37-26(38-22,16-30-9-8-29-17-30)23-7-2-19(27)12-24(23)28/h2-9,12,17,22,25,34H,10-11,13-16H2,1H3",LWLCEWCYSBVSQF-UHFFFAOYSA-N,CC(=O)N1CC([N+](CC1)(C2=CC=C(C=C2)OCC3COC(O3)(CN4C=CN=C4)C5=C(C=C(C=C5)Cl)Cl)[O-])O,,,C26H28Cl2N4O6,562.1385899759999,2.770100000000003,1,0,0,BTM00057,BTM00057,Hydroxylation of heteroalicyclic secondary carbon,BTMR1070,"CYP1A2
CYP2A6
CYP2C9
CYP2D6
CYP3A4",HUMAN,BTM00004,CC(=O)N1CC[N+](CC1)(C2=CC=C(C=C2)OCC3COC(O3)(CN4C=CN=C4)C5=C(C=C(C=C5)Cl)Cl)[O-],"InChI=1S/C26H28Cl2N4O5/c1-19(33)31-10-12-32(34,13-11-31)21-3-5-22(6-4-21)35-15-23-16-36-26(37-23,17-30-9-8-29-18-30)24-7-2-20(27)14-25(24)28/h2-9,14,18,23H,10-13,15-17H2,1H3",TVMVVRYAPWZNJP-UHFFFAOYSA-N,3.109800000000002,546.143675356
"InChI=1S/C26H28Cl2N4O6/c1-18(33)31-10-11-32(35,13-25(31)34)20-3-5-21(6-4-20)36-14-22-15-37-26(38-22,16-30-9-8-29-17-30)23-7-2-19(27)12-24(23)28/h2-9,12,17,22,25,34H,10-11,13-16H2,1H3",YUFJOWBSBPDPPT-UHFFFAOYSA-N,CC(=O)N1C(C[N+](CC1)(C2=CC=C(C=C2)OCC3COC(O3)(CN4C=CN=C4)C5=C(C=C(C=C5)Cl)Cl)[O-])O,,,C26H28Cl2N4O6,562.138589976,2.770100000000003,1,0,0,BTM00056,BTM00056,Hydroxylation of heteroalicyclic secondary carbon,BTMR1071,CYP1A2,HUMAN,BTM00004,CC(=O)N1CC[N+](CC1)(C2=CC=C(C=C2)OCC3COC(O3)(CN4C=CN=C4)C5=C(C=C(C=C5)Cl)Cl)[O-],"InChI=1S/C26H28Cl2N4O5/c1-19(33)31-10-12-32(34,13-11-31)21-3-5-22(6-4-21)35-15-23-16-36-26(37-23,17-30-9-8-29-18-30)24-7-2-20(27)14-25(24)28/h2-9,14,18,23H,10-13,15-17H2,1H3",TVMVVRYAPWZNJP-UHFFFAOYSA-N,3.109800000000002,546.143675356
"InChI=1S/C26H28Cl2N4O6/c1-18(33)31-10-11-32(35,25(34)13-31)20-3-5-21(6-4-20)36-14-22-15-37-26(38-22,16-30-9-8-29-17-30)23-7-2-19(27)12-24(23)28/h2-9,12,17,22,25,34H,10-11,13-16H2,1H3",LWLCEWCYSBVSQF-UHFFFAOYSA-N,CC(=O)N1CC([N+](CC1)(C2=CC=C(C=C2)OCC3COC(O3)(CN4C=CN=C4)C5=C(C=C(C=C5)Cl)Cl)[O-])O,,,C26H28Cl2N4O6,562.1385899759999,2.770100000000003,1,0,0,BTM00057,BTM00057,Hydroxylation of heteroalicyclic secondary carbon,BTMR1071,CYP1A2,HUMAN,BTM00004,CC(=O)N1CC[N+](CC1)(C2=CC=C(C=C2)OCC3COC(O3)(CN4C=CN=C4)C5=C(C=C(C=C5)Cl)Cl)[O-],"InChI=1S/C26H28Cl2N4O5/c1-19(33)31-10-12-32(34,13-11-31)21-3-5-22(6-4-21)35-15-23-16-36-26(37-23,17-30-9-8-29-18-30)24-7-2-20(27)14-25(24)28/h2-9,14,18,23H,10-13,15-17H2,1H3",TVMVVRYAPWZNJP-UHFFFAOYSA-N,3.109800000000002,546.143675356
"InChI=1S/C26H28Cl2N4O6/c1-18(33)31-10-12-32(35,13-11-31)20-3-5-21(6-4-20)36-15-24-25(34)38-26(37-24,16-30-9-8-29-17-30)22-7-2-19(27)14-23(22)28/h2-9,14,17,24-25,34H,10-13,15-16H2,1H3",XBVVHPMRESWPGF-UHFFFAOYSA-N,CC(=O)N1CC[N+](CC1)(C2=CC=C(C=C2)OCC3C(OC(O3)(CN4C=CN=C4)C5=C(C=C(C=C5)Cl)Cl)O)[O-],,,C26H28Cl2N4O6,562.1385899759999,2.770100000000003,1,0,0,BTM00058,BTM00058,Hydroxylation of heteroalicyclic secondary carbon,BTMR1071,CYP1A2,HUMAN,BTM00004,CC(=O)N1CC[N+](CC1)(C2=CC=C(C=C2)OCC3COC(O3)(CN4C=CN=C4)C5=C(C=C(C=C5)Cl)Cl)[O-],"InChI=1S/C26H28Cl2N4O5/c1-19(33)31-10-12-32(34,13-11-31)21-3-5-22(6-4-21)35-15-23-16-36-26(37-23,17-30-9-8-29-18-30)24-7-2-20(27)14-25(24)28/h2-9,14,18,23H,10-13,15-17H2,1H3",TVMVVRYAPWZNJP-UHFFFAOYSA-N,3.109800000000002,546.143675356
"InChI=1S/C26H28Cl2N4O6/c1-18(33)31-10-12-32(35,13-11-31)19-2-4-20(5-3-19)36-14-21-15-37-26(38-21,16-30-9-8-29-17-30)22-6-7-23(27)25(34)24(22)28/h2-9,17,21,34H,10-16H2,1H3",UHRQDDQIATTYAK-UHFFFAOYSA-N,CC(=O)N1CC[N+](CC1)(C2=CC=C(C=C2)OCC3COC(O3)(CN4C=CN=C4)C5=C(C(=C(C=C5)Cl)O)Cl)[O-],,,C26H28Cl2N4O6,562.1385899759999,2.8424000000000023,1,0,0,BTM00059,BTM00059,Hydroxylation of aromatic carbon ortho to halide group,BTMR1040,"CYP1A2
CYP2A6
CYP2B6
CYP2C8
CYP2C9
CYP2C19
CYP2D6
CYP2E1
CYP3A4",HUMAN,BTM00004,CC(=O)N1CC[N+](CC1)(C2=CC=C(C=C2)OCC3COC(O3)(CN4C=CN=C4)C5=C(C=C(C=C5)Cl)Cl)[O-],"InChI=1S/C26H28Cl2N4O5/c1-19(33)31-10-12-32(34,13-11-31)21-3-5-22(6-4-21)35-15-23-16-36-26(37-23,17-30-9-8-29-18-30)24-7-2-20(27)14-25(24)28/h2-9,14,18,23H,10-13,15-17H2,1H3",TVMVVRYAPWZNJP-UHFFFAOYSA-N,3.109800000000002,546.143675356
"InChI=1S/C26H28Cl2N4O6/c1-18(33)31-8-10-32(35,11-9-31)19-2-4-20(5-3-19)36-14-21-15-37-26(38-21,16-30-7-6-29-17-30)22-12-25(34)24(28)13-23(22)27/h2-7,12-13,17,21,34H,8-11,14-16H2,1H3",MCMQKTMPBBPACV-UHFFFAOYSA-N,CC(=O)N1CC[N+](CC1)(C2=CC=C(C=C2)OCC3COC(O3)(CN4C=CN=C4)C5=C(C=C(C(=C5)O)Cl)Cl)[O-],,,C26H28Cl2N4O6,562.138589976,2.8424000000000023,1,0,0,BTM00055,BTM00055,Hydroxylation of aromatic carbon ortho to halide group,BTMR1040,"CYP1A2
CYP2A6
CYP2B6
CYP2C8
CYP2C9
CYP2C19
CYP2D6
CYP2E1
CYP3A4",HUMAN,BTM00004,CC(=O)N1CC[N+](CC1)(C2=CC=C(C=C2)OCC3COC(O3)(CN4C=CN=C4)C5=C(C=C(C=C5)Cl)Cl)[O-],"InChI=1S/C26H28Cl2N4O5/c1-19(33)31-10-12-32(34,13-11-31)21-3-5-22(6-4-21)35-15-23-16-36-26(37-23,17-30-9-8-29-18-30)24-7-2-20(27)14-25(24)28/h2-9,14,18,23H,10-13,15-17H2,1H3",TVMVVRYAPWZNJP-UHFFFAOYSA-N,3.109800000000002,546.143675356
"InChI=1S/C26H28Cl2N4O6/c27-19-1-6-23(24(28)13-19)26(17-30-8-7-29-18-30)37-16-22(38-26)15-36-21-4-2-20(3-5-21)32(35)11-9-31(10-12-32)25(34)14-33/h1-8,13,18,22,33H,9-12,14-17H2",WGNCLSRGHXLQSC-UHFFFAOYSA-N,C(C(=O)N1CC[N+](CC1)(C2=CC=C(C=C2)OCC3COC(O3)(CN4C=CN=C4)C5=C(C=C(C=C5)Cl)Cl)[O-])O,,,C26H28Cl2N4O6,562.1385899759999,2.651200000000001,1,0,0,BTM00060,BTM00060,alpha-Hydroxylation of carbonyl group,BTMR1054,"CYP1A2
CYP2A6
CYP2B6
CYP2C8
CYP2C9
CYP2C19
CYP2D6
CYP3A4",HUMAN,BTM00004,CC(=O)N1CC[N+](CC1)(C2=CC=C(C=C2)OCC3COC(O3)(CN4C=CN=C4)C5=C(C=C(C=C5)Cl)Cl)[O-],"InChI=1S/C26H28Cl2N4O5/c1-19(33)31-10-12-32(34,13-11-31)21-3-5-22(6-4-21)35-15-23-16-36-26(37-23,17-30-9-8-29-18-30)24-7-2-20(27)14-25(24)28/h2-9,14,18,23H,10-13,15-17H2,1H3",TVMVVRYAPWZNJP-UHFFFAOYSA-N,3.109800000000002,546.143675356
"InChI=1S/C26H28Cl2N4O6/c1-18(33)31-8-10-32(35,11-9-31)20-2-4-21(5-3-20)36-14-22-15-37-26(38-22,16-30-7-6-29-17-30)25-23(28)12-19(27)13-24(25)34/h2-7,12-13,17,22,34H,8-11,14-16H2,1H3",SUMOYZCFKCBPSL-UHFFFAOYSA-N,CC(=O)N1CC[N+](CC1)(C2=CC=C(C=C2)OCC3COC(O3)(CN4C=CN=C4)C5=C(C=C(C=C5O)Cl)Cl)[O-],,,C26H28Cl2N4O6,562.138589976,2.8424000000000023,1,0,0,BTM00061,BTM00061,Hydroxylation of aromatic carbon meta to halide group,BTMR1039,"CYP2A6
CYP2B6
CYP2C9
CYP2C19
CYP2E1
CYP3A4",HUMAN,BTM00004,CC(=O)N1CC[N+](CC1)(C2=CC=C(C=C2)OCC3COC(O3)(CN4C=CN=C4)C5=C(C=C(C=C5)Cl)Cl)[O-],"InChI=1S/C26H28Cl2N4O5/c1-19(33)31-10-12-32(34,13-11-31)21-3-5-22(6-4-21)35-15-23-16-36-26(37-23,17-30-9-8-29-18-30)24-7-2-20(27)14-25(24)28/h2-9,14,18,23H,10-13,15-17H2,1H3",TVMVVRYAPWZNJP-UHFFFAOYSA-N,3.109800000000002,546.143675356
"InChI=1S/C26H28Cl2N4O6/c1-18(34)32(10-11-33)9-7-30-19-2-4-20(5-3-19)36-14-21-15-37-26(38-21,16-31-8-6-29-17-31)22-12-25(35)24(28)13-23(22)27/h2-6,8,11-13,17,21,30,35H,7,9-10,14-16H2,1H3",VHUWLUSPHRUDPR-UHFFFAOYSA-N,CC(=O)N(CC=O)CCNC1=CC=C(C=C1)OCC2COC(O2)(CN3C=CN=C3)C4=C(C=C(C(=C4)O)Cl)Cl,,,C26H28Cl2N4O6,562.1385899759999,2.887800000000002,1,1,1,BTM00039,BTM00039,N-Dealkylation of mixed tertiary amine,BTMR1145,"CYP1A2
CYP2A6
CYP2B6
CYP2C8
CYP2C9
CYP2C19
CYP2D6
CYP3A4",HUMAN,BTM00005,CC(=O)N1CCN(CC1)C2=CC=C(C=C2)OCC3COC(O3)(CN4C=CN=C4)C5=C(C=C(C(=C5)O)Cl)Cl,"InChI=1S/C26H28Cl2N4O5/c1-18(33)31-8-10-32(11-9-31)19-2-4-20(5-3-19)35-14-21-15-36-26(37-21,16-30-7-6-29-17-30)22-12-25(34)24(28)13-23(22)27/h2-7,12-13,17,21,34H,8-11,14-16H2,1H3",UOJAHAQDCYUFPA-UHFFFAOYSA-N,3.3430000000000017,546.143675356
"InChI=1S/C12H16N2O2/c1-10(15)13-6-8-14(9-7-13)11-2-4-12(16)5-3-11/h2-5,16H,6-9H2,1H3",AGVNLFCRZULMKK-UHFFFAOYSA-N,CC(=O)N1CCN(CC1)C2=CC=C(C=C2)O,,,C12H16N2O2,220.121177752,0.9417000000000003,0,0,0,BTM00002,BTM00002,O-Dealkylation,BTMR0052,"CYP1A2
CYP2A6
CYP2C9
CYP2C19
CYP2D6
CYP2E1
CYP3A4",HUMAN,BTM00005,CC(=O)N1CCN(CC1)C2=CC=C(C=C2)OCC3COC(O3)(CN4C=CN=C4)C5=C(C=C(C(=C5)O)Cl)Cl,"InChI=1S/C26H28Cl2N4O5/c1-18(33)31-8-10-32(11-9-31)19-2-4-20(5-3-19)35-14-21-15-36-26(37-21,16-30-7-6-29-17-30)22-12-25(34)24(28)13-23(22)27/h2-7,12-13,17,21,34H,8-11,14-16H2,1H3",UOJAHAQDCYUFPA-UHFFFAOYSA-N,3.3430000000000017,546.143675356
"InChI=1S/C14H12Cl2N2O4/c15-11-4-12(16)13(20)3-10(11)14(7-18-2-1-17-8-18)21-6-9(5-19)22-14/h1-5,8-9,20H,6-7H2",JKIILKWBTRPHNQ-UHFFFAOYSA-N,C(C1COC(O1)(CN2C=CN=C2)C3=C(C=C(C(=C3)O)Cl)Cl)=O,,,C14H12Cl2N2O4,342.017412224,2.0486000000000004,0,0,0,BTM00051,BTM00051,O-Dealkylation,BTMR0052,"CYP1A2
CYP2A6
CYP2C9
CYP2C19
CYP2D6
CYP2E1
CYP3A4",HUMAN,BTM00005,CC(=O)N1CCN(CC1)C2=CC=C(C=C2)OCC3COC(O3)(CN4C=CN=C4)C5=C(C=C(C(=C5)O)Cl)Cl,"InChI=1S/C26H28Cl2N4O5/c1-18(33)31-8-10-32(11-9-31)19-2-4-20(5-3-19)35-14-21-15-36-26(37-21,16-30-7-6-29-17-30)22-12-25(34)24(28)13-23(22)27/h2-7,12-13,17,21,34H,8-11,14-16H2,1H3",UOJAHAQDCYUFPA-UHFFFAOYSA-N,3.3430000000000017,546.143675356
"InChI=1S/C26H28Cl2N4O6/c1-18(33)31-8-10-32(35,11-9-31)19-2-4-20(5-3-19)36-14-21-15-37-26(38-21,16-30-7-6-29-17-30)22-12-25(34)24(28)13-23(22)27/h2-7,12-13,17,21,34H,8-11,14-16H2,1H3",MCMQKTMPBBPACV-UHFFFAOYSA-N,CC(=O)N1CC[N+](CC1)(C2=CC=C(C=C2)OCC3COC(O3)(CN4C=CN=C4)C5=C(C=C(C(=C5)O)Cl)Cl)[O-],,,C26H28Cl2N4O6,562.138589976,2.8424000000000023,1,0,0,BTM00055,BTM00055,N-Oxidation of alicyclic tertiary amine,BTMR1099,"CYP1A2
CYP2C8
CYP2C19
CYP2D6
CYP3A4",HUMAN,BTM00005,CC(=O)N1CCN(CC1)C2=CC=C(C=C2)OCC3COC(O3)(CN4C=CN=C4)C5=C(C=C(C(=C5)O)Cl)Cl,"InChI=1S/C26H28Cl2N4O5/c1-18(33)31-8-10-32(11-9-31)19-2-4-20(5-3-19)35-14-21-15-36-26(37-21,16-30-7-6-29-17-30)22-12-25(34)24(28)13-23(22)27/h2-7,12-13,17,21,34H,8-11,14-16H2,1H3",UOJAHAQDCYUFPA-UHFFFAOYSA-N,3.3430000000000017,546.143675356
"InChI=1S/C26H28Cl2N4O6/c1-17(33)32-9-8-31(12-25(32)35)18-2-4-19(5-3-18)36-13-20-14-37-26(38-20,15-30-7-6-29-16-30)21-10-24(34)23(28)11-22(21)27/h2-7,10-11,16,20,25,34-35H,8-9,12-15H2,1H3",LRRJIGQCMSYSOC-UHFFFAOYSA-N,CC(=O)N1C(CN(CC1)C2=CC=C(C=C2)OCC3COC(O3)(CN4C=CN=C4)C5=C(C=C(C(=C5)O)Cl)Cl)O,,,C26H28Cl2N4O6,562.138589976,3.003300000000003,1,0,0,BTM00062,BTM00062,Hydroxylation of heteroalicyclic secondary carbon,BTMR1070,"CYP1A2
CYP2A6
CYP2C9
CYP2D6
CYP3A4",HUMAN,BTM00005,CC(=O)N1CCN(CC1)C2=CC=C(C=C2)OCC3COC(O3)(CN4C=CN=C4)C5=C(C=C(C(=C5)O)Cl)Cl,"InChI=1S/C26H28Cl2N4O5/c1-18(33)31-8-10-32(11-9-31)19-2-4-20(5-3-19)35-14-21-15-36-26(37-21,16-30-7-6-29-17-30)22-12-25(34)24(28)13-23(22)27/h2-7,12-13,17,21,34H,8-11,14-16H2,1H3",UOJAHAQDCYUFPA-UHFFFAOYSA-N,3.3430000000000017,546.143675356
"InChI=1S/C26H28Cl2N4O6/c1-17(33)31-8-9-32(25(35)12-31)18-2-4-19(5-3-18)36-13-20-14-37-26(38-20,15-30-7-6-29-16-30)21-10-24(34)23(28)11-22(21)27/h2-7,10-11,16,20,25,34-35H,8-9,12-15H2,1H3",QOGCKOAELVAHDT-UHFFFAOYSA-N,CC(=O)N1CC(N(CC1)C2=CC=C(C=C2)OCC3COC(O3)(CN4C=CN=C4)C5=C(C=C(C(=C5)O)Cl)Cl)O,,,C26H28Cl2N4O6,562.1385899759999,3.003300000000003,1,0,0,BTM00063,BTM00063,Hydroxylation of heteroalicyclic secondary carbon,BTMR1070,"CYP1A2
CYP2A6
CYP2C9
CYP2D6
CYP3A4",HUMAN,BTM00005,CC(=O)N1CCN(CC1)C2=CC=C(C=C2)OCC3COC(O3)(CN4C=CN=C4)C5=C(C=C(C(=C5)O)Cl)Cl,"InChI=1S/C26H28Cl2N4O5/c1-18(33)31-8-10-32(11-9-31)19-2-4-20(5-3-19)35-14-21-15-36-26(37-21,16-30-7-6-29-17-30)22-12-25(34)24(28)13-23(22)27/h2-7,12-13,17,21,34H,8-11,14-16H2,1H3",UOJAHAQDCYUFPA-UHFFFAOYSA-N,3.3430000000000017,546.143675356
"InChI=1S/C26H28Cl2N4O6/c1-17(33)32-9-8-31(12-25(32)35)18-2-4-19(5-3-18)36-13-20-14-37-26(38-20,15-30-7-6-29-16-30)21-10-24(34)23(28)11-22(21)27/h2-7,10-11,16,20,25,34-35H,8-9,12-15H2,1H3",LRRJIGQCMSYSOC-UHFFFAOYSA-N,CC(=O)N1C(CN(CC1)C2=CC=C(C=C2)OCC3COC(O3)(CN4C=CN=C4)C5=C(C=C(C(=C5)O)Cl)Cl)O,,,C26H28Cl2N4O6,562.138589976,3.003300000000003,1,0,0,BTM00062,BTM00062,Hydroxylation of heteroalicyclic secondary carbon,BTMR1071,CYP1A2,HUMAN,BTM00005,CC(=O)N1CCN(CC1)C2=CC=C(C=C2)OCC3COC(O3)(CN4C=CN=C4)C5=C(C=C(C(=C5)O)Cl)Cl,"InChI=1S/C26H28Cl2N4O5/c1-18(33)31-8-10-32(11-9-31)19-2-4-20(5-3-19)35-14-21-15-36-26(37-21,16-30-7-6-29-17-30)22-12-25(34)24(28)13-23(22)27/h2-7,12-13,17,21,34H,8-11,14-16H2,1H3",UOJAHAQDCYUFPA-UHFFFAOYSA-N,3.3430000000000017,546.143675356
"InChI=1S/C26H28Cl2N4O6/c1-17(33)31-8-9-32(25(35)12-31)18-2-4-19(5-3-18)36-13-20-14-37-26(38-20,15-30-7-6-29-16-30)21-10-24(34)23(28)11-22(21)27/h2-7,10-11,16,20,25,34-35H,8-9,12-15H2,1H3",QOGCKOAELVAHDT-UHFFFAOYSA-N,CC(=O)N1CC(N(CC1)C2=CC=C(C=C2)OCC3COC(O3)(CN4C=CN=C4)C5=C(C=C(C(=C5)O)Cl)Cl)O,,,C26H28Cl2N4O6,562.1385899759999,3.003300000000003,1,0,0,BTM00063,BTM00063,Hydroxylation of heteroalicyclic secondary carbon,BTMR1071,CYP1A2,HUMAN,BTM00005,CC(=O)N1CCN(CC1)C2=CC=C(C=C2)OCC3COC(O3)(CN4C=CN=C4)C5=C(C=C(C(=C5)O)Cl)Cl,"InChI=1S/C26H28Cl2N4O5/c1-18(33)31-8-10-32(11-9-31)19-2-4-20(5-3-19)35-14-21-15-36-26(37-21,16-30-7-6-29-17-30)22-12-25(34)24(28)13-23(22)27/h2-7,12-13,17,21,34H,8-11,14-16H2,1H3",UOJAHAQDCYUFPA-UHFFFAOYSA-N,3.3430000000000017,546.143675356
"InChI=1S/C26H28Cl2N4O6/c1-17(33)31-8-10-32(11-9-31)18-2-4-19(5-3-18)36-14-24-25(35)38-26(37-24,15-30-7-6-29-16-30)20-12-23(34)22(28)13-21(20)27/h2-7,12-13,16,24-25,34-35H,8-11,14-15H2,1H3",QEBCOXRRJNILFI-UHFFFAOYSA-N,CC(=O)N1CCN(CC1)C2=CC=C(C=C2)OCC3C(OC(O3)(CN4C=CN=C4)C5=C(C=C(C(=C5)O)Cl)Cl)O,,,C26H28Cl2N4O6,562.138589976,3.003300000000003,1,0,0,BTM00064,BTM00064,Hydroxylation of heteroalicyclic secondary carbon,BTMR1071,CYP1A2,HUMAN,BTM00005,CC(=O)N1CCN(CC1)C2=CC=C(C=C2)OCC3COC(O3)(CN4C=CN=C4)C5=C(C=C(C(=C5)O)Cl)Cl,"InChI=1S/C26H28Cl2N4O5/c1-18(33)31-8-10-32(11-9-31)19-2-4-20(5-3-19)35-14-21-15-36-26(37-21,16-30-7-6-29-17-30)22-12-25(34)24(28)13-23(22)27/h2-7,12-13,17,21,34H,8-11,14-16H2,1H3",UOJAHAQDCYUFPA-UHFFFAOYSA-N,3.3430000000000017,546.143675356
"InChI=1S/C26H28Cl2N4O6/c1-17(33)31-8-10-32(11-9-31)18-2-4-19(5-3-18)36-13-20-14-37-26(38-20,15-30-7-6-29-16-30)23-21(27)12-22(28)24(34)25(23)35/h2-7,12,16,20,34-35H,8-11,13-15H2,1H3",SHRODDCKVJSUSW-UHFFFAOYSA-N,CC(=O)N1CCN(CC1)C2=CC=C(C=C2)OCC3COC(O3)(CN4C=CN=C4)C5=C(C=C(C(=C5O)O)Cl)Cl,,,C26H28Cl2N4O6,562.138589976,3.075600000000003,1,0,0,BTM00065,BTM00065,O-Hydroxylation of phenol,BTMR1037,"CYP1A2
CYP2A6
CYP2B6
CYP2C8
CYP2C9
CYP2C19
CYP2D6
CYP2E1
CYP3A4",HUMAN,BTM00005,CC(=O)N1CCN(CC1)C2=CC=C(C=C2)OCC3COC(O3)(CN4C=CN=C4)C5=C(C=C(C(=C5)O)Cl)Cl,"InChI=1S/C26H28Cl2N4O5/c1-18(33)31-8-10-32(11-9-31)19-2-4-20(5-3-19)35-14-21-15-36-26(37-21,16-30-7-6-29-17-30)22-12-25(34)24(28)13-23(22)27/h2-7,12-13,17,21,34H,8-11,14-16H2,1H3",UOJAHAQDCYUFPA-UHFFFAOYSA-N,3.3430000000000017,546.143675356
"InChI=1S/C26H28Cl2N4O6/c1-17(33)31-8-10-32(11-9-31)18-2-4-19(5-3-18)36-13-20-14-37-26(38-20,15-30-7-6-29-16-30)21-12-22(34)24(28)25(35)23(21)27/h2-7,12,16,20,34-35H,8-11,13-15H2,1H3",CYWCFYJJRDQULD-UHFFFAOYSA-N,CC(=O)N1CCN(CC1)C2=CC=C(C=C2)OCC3COC(O3)(CN4C=CN=C4)C5=C(C(=C(C(=C5)O)Cl)O)Cl,,,C26H28Cl2N4O6,562.1385899759999,3.075600000000003,1,0,0,BTM00066,BTM00066,Hydroxylation of aromatic carbon ortho to halide group,BTMR1040,"CYP1A2
CYP2A6
CYP2B6
CYP2C8
CYP2C9
CYP2C19
CYP2D6
CYP2E1
CYP3A4",HUMAN,BTM00005,CC(=O)N1CCN(CC1)C2=CC=C(C=C2)OCC3COC(O3)(CN4C=CN=C4)C5=C(C=C(C(=C5)O)Cl)Cl,"InChI=1S/C26H28Cl2N4O5/c1-18(33)31-8-10-32(11-9-31)19-2-4-20(5-3-19)35-14-21-15-36-26(37-21,16-30-7-6-29-17-30)22-12-25(34)24(28)13-23(22)27/h2-7,12-13,17,21,34H,8-11,14-16H2,1H3",UOJAHAQDCYUFPA-UHFFFAOYSA-N,3.3430000000000017,546.143675356
"InChI=1S/C26H28Cl2N4O6/c27-22-12-23(28)24(34)11-21(22)26(16-30-6-5-29-17-30)37-15-20(38-26)14-36-19-3-1-18(2-4-19)31-7-9-32(10-8-31)25(35)13-33/h1-6,11-12,17,20,33-34H,7-10,13-16H2",BYHRBIOMKVXRHZ-UHFFFAOYSA-N,C(C(=O)N1CCN(CC1)C2=CC=C(C=C2)OCC3COC(O3)(CN4C=CN=C4)C5=C(C=C(C(=C5)O)Cl)Cl)O,,,C26H28Cl2N4O6,562.138589976,2.884400000000004,1,0,0,BTM00067,BTM00067,alpha-Hydroxylation of carbonyl group,BTMR1054,"CYP1A2
CYP2A6
CYP2B6
CYP2C8
CYP2C9
CYP2C19
CYP2D6
CYP3A4",HUMAN,BTM00005,CC(=O)N1CCN(CC1)C2=CC=C(C=C2)OCC3COC(O3)(CN4C=CN=C4)C5=C(C=C(C(=C5)O)Cl)Cl,"InChI=1S/C26H28Cl2N4O5/c1-18(33)31-8-10-32(11-9-31)19-2-4-20(5-3-19)35-14-21-15-36-26(37-21,16-30-7-6-29-17-30)22-12-25(34)24(28)13-23(22)27/h2-7,12-13,17,21,34H,8-11,14-16H2,1H3",UOJAHAQDCYUFPA-UHFFFAOYSA-N,3.3430000000000017,546.143675356
"InChI=1S/C26H28Cl2N4O6/c1-18(34)32(25(35)13-33)11-9-30-20-3-5-21(6-4-20)36-14-22-15-37-26(38-22,16-31-10-8-29-17-31)23-7-2-19(27)12-24(23)28/h2-8,10,12-13,17,22,25,30,35H,9,11,14-16H2,1H3",RAGQZPUEDMYYQC-UHFFFAOYSA-N,CC(=O)N(C(C=O)O)CCNC1=CC=C(C=C1)OCC2COC(O2)(CN3C=CN=C3)C4=C(C=C(C=C4)Cl)Cl,,,C26H28Cl2N4O6,562.1385899759999,2.815500000000003,1,1,1,BTM00068,BTM00068,N-Dealkylation of mixed tertiary amine,BTMR1145,"CYP1A2
CYP2A6
CYP2B6
CYP2C8
CYP2C9
CYP2C19
CYP2D6
CYP3A4",HUMAN,BTM00006,CC(=O)N1C(CN(CC1)C2=CC=C(C=C2)OCC3COC(O3)(CN4C=CN=C4)C5=C(C=C(C=C5)Cl)Cl)O,"InChI=1S/C26H28Cl2N4O5/c1-18(33)32-11-10-31(13-25(32)34)20-3-5-21(6-4-20)35-14-22-15-36-26(37-22,16-30-9-8-29-17-30)23-7-2-19(27)12-24(23)28/h2-9,12,17,22,25,34H,10-11,13-16H2,1H3",GJNMJDZYFXVBJE-UHFFFAOYSA-N,3.2707000000000024,546.143675356
"InChI=1S/C26H28Cl2N4O6/c1-18(34)32(10-11-33)25(35)13-30-20-3-5-21(6-4-20)36-14-22-15-37-26(38-22,16-31-9-8-29-17-31)23-7-2-19(27)12-24(23)28/h2-9,11-12,17,22,25,30,35H,10,13-16H2,1H3",WPXIPQZWORPRFR-UHFFFAOYSA-N,CC(=O)N(C(CNC1=CC=C(C=C1)OCC2COC(O2)(CN3C=CN=C3)C4=C(C=C(C=C4)Cl)Cl)O)CC=O,,,C26H28Cl2N4O6,562.138589976,2.815500000000003,1,1,1,BTM00069,BTM00069,N-Dealkylation of mixed tertiary amine,BTMR1145,"CYP1A2
CYP2A6
CYP2B6
CYP2C8
CYP2C9
CYP2C19
CYP2D6
CYP3A4",HUMAN,BTM00006,CC(=O)N1C(CN(CC1)C2=CC=C(C=C2)OCC3COC(O3)(CN4C=CN=C4)C5=C(C=C(C=C5)Cl)Cl)O,"InChI=1S/C26H28Cl2N4O5/c1-18(33)32-11-10-31(13-25(32)34)20-3-5-21(6-4-20)35-14-22-15-36-26(37-22,16-30-9-8-29-17-30)23-7-2-19(27)12-24(23)28/h2-9,12,17,22,25,34H,10-11,13-16H2,1H3",GJNMJDZYFXVBJE-UHFFFAOYSA-N,3.2707000000000024,546.143675356
"InChI=1S/C12H16N2O3/c1-9(15)14-7-6-13(8-12(14)17)10-2-4-11(16)5-3-10/h2-5,12,16-17H,6-8H2,1H3",AIHLPQMKRKOGSV-UHFFFAOYSA-N,CC(=O)N1C(CN(CC1)C2=CC=C(C=C2)O)O,,,C12H16N2O3,236.11609237199997,0.6020000000000009,0,0,0,BTM00048,BTM00048,O-Dealkylation,BTMR0052,"CYP1A2
CYP2A6
CYP2C9
CYP2C19
CYP2D6
CYP2E1
CYP3A4",HUMAN,BTM00006,CC(=O)N1C(CN(CC1)C2=CC=C(C=C2)OCC3COC(O3)(CN4C=CN=C4)C5=C(C=C(C=C5)Cl)Cl)O,"InChI=1S/C26H28Cl2N4O5/c1-18(33)32-11-10-31(13-25(32)34)20-3-5-21(6-4-20)35-14-22-15-36-26(37-22,16-30-9-8-29-17-30)23-7-2-19(27)12-24(23)28/h2-9,12,17,22,25,34H,10-11,13-16H2,1H3",GJNMJDZYFXVBJE-UHFFFAOYSA-N,3.2707000000000024,546.143675356
"InChI=1S/C14H12Cl2N2O3/c15-10-1-2-12(13(16)5-10)14(8-18-4-3-17-9-18)20-7-11(6-19)21-14/h1-6,9,11H,7-8H2",GGFJISNCAHALQL-UHFFFAOYSA-N,C(C1COC(O1)(CN2C=CN=C2)C3=C(C=C(C=C3)Cl)Cl)=O,,,C14H12Cl2N2O3,326.02249760399997,2.3160000000000007,0,0,0,BTM00003,BTM00003,O-Dealkylation,BTMR0052,"CYP1A2
CYP2A6
CYP2C9
CYP2C19
CYP2D6
CYP2E1
CYP3A4",HUMAN,BTM00006,CC(=O)N1C(CN(CC1)C2=CC=C(C=C2)OCC3COC(O3)(CN4C=CN=C4)C5=C(C=C(C=C5)Cl)Cl)O,"InChI=1S/C26H28Cl2N4O5/c1-18(33)32-11-10-31(13-25(32)34)20-3-5-21(6-4-20)35-14-22-15-36-26(37-22,16-30-9-8-29-17-30)23-7-2-19(27)12-24(23)28/h2-9,12,17,22,25,34H,10-11,13-16H2,1H3",GJNMJDZYFXVBJE-UHFFFAOYSA-N,3.2707000000000024,546.143675356
"InChI=1S/C26H28Cl2N4O6/c1-18(33)31-10-11-32(35,13-25(31)34)20-3-5-21(6-4-20)36-14-22-15-37-26(38-22,16-30-9-8-29-17-30)23-7-2-19(27)12-24(23)28/h2-9,12,17,22,25,34H,10-11,13-16H2,1H3",YUFJOWBSBPDPPT-UHFFFAOYSA-N,CC(=O)N1C(C[N+](CC1)(C2=CC=C(C=C2)OCC3COC(O3)(CN4C=CN=C4)C5=C(C=C(C=C5)Cl)Cl)[O-])O,,,C26H28Cl2N4O6,562.138589976,2.770100000000003,1,0,0,BTM00056,BTM00056,N-Oxidation of alicyclic tertiary amine,BTMR1099,"CYP1A2
CYP2C8
CYP2C19
CYP2D6
CYP3A4",HUMAN,BTM00006,CC(=O)N1C(CN(CC1)C2=CC=C(C=C2)OCC3COC(O3)(CN4C=CN=C4)C5=C(C=C(C=C5)Cl)Cl)O,"InChI=1S/C26H28Cl2N4O5/c1-18(33)32-11-10-31(13-25(32)34)20-3-5-21(6-4-20)35-14-22-15-36-26(37-22,16-30-9-8-29-17-30)23-7-2-19(27)12-24(23)28/h2-9,12,17,22,25,34H,10-11,13-16H2,1H3",GJNMJDZYFXVBJE-UHFFFAOYSA-N,3.2707000000000024,546.143675356
"InChI=1S/C26H28Cl2N4O6/c1-17(33)32-9-8-31(12-25(32)35)18-2-4-19(5-3-18)36-13-20-14-37-26(38-20,15-30-7-6-29-16-30)21-10-24(34)23(28)11-22(21)27/h2-7,10-11,16,20,25,34-35H,8-9,12-15H2,1H3",LRRJIGQCMSYSOC-UHFFFAOYSA-N,CC(=O)N1C(CN(CC1)C2=CC=C(C=C2)OCC3COC(O3)(CN4C=CN=C4)C5=C(C=C(C(=C5)O)Cl)Cl)O,,,C26H28Cl2N4O6,562.138589976,3.003300000000003,1,0,0,BTM00062,BTM00062,Hydroxylation of aromatic carbon para to halide group,BTMR1041,"CYP1A2
CYP2E1
CYP3A4",HUMAN,BTM00006,CC(=O)N1C(CN(CC1)C2=CC=C(C=C2)OCC3COC(O3)(CN4C=CN=C4)C5=C(C=C(C=C5)Cl)Cl)O,"InChI=1S/C26H28Cl2N4O5/c1-18(33)32-11-10-31(13-25(32)34)20-3-5-21(6-4-20)35-14-22-15-36-26(37-22,16-30-9-8-29-17-30)23-7-2-19(27)12-24(23)28/h2-9,12,17,22,25,34H,10-11,13-16H2,1H3",GJNMJDZYFXVBJE-UHFFFAOYSA-N,3.2707000000000024,546.143675356
"InChI=1S/C26H28Cl2N4O6/c1-17(33)31-10-11-32(25(35)24(31)34)19-3-5-20(6-4-19)36-13-21-14-37-26(38-21,15-30-9-8-29-16-30)22-7-2-18(27)12-23(22)28/h2-9,12,16,21,24-25,34-35H,10-11,13-15H2,1H3",UMXDCRNGSKNONZ-UHFFFAOYSA-N,CC(=O)N1C(C(N(CC1)C2=CC=C(C=C2)OCC3COC(O3)(CN4C=CN=C4)C5=C(C=C(C=C5)Cl)Cl)O)O,,,C26H28Cl2N4O6,562.138589976,2.9310000000000027,1,0,0,BTM00070,BTM00070,Hydroxylation of heteroalicyclic secondary carbon,BTMR1070,"CYP1A2
CYP2A6
CYP2C9
CYP2D6
CYP3A4",HUMAN,BTM00006,CC(=O)N1C(CN(CC1)C2=CC=C(C=C2)OCC3COC(O3)(CN4C=CN=C4)C5=C(C=C(C=C5)Cl)Cl)O,"InChI=1S/C26H28Cl2N4O5/c1-18(33)32-11-10-31(13-25(32)34)20-3-5-21(6-4-20)35-14-22-15-36-26(37-22,16-30-9-8-29-17-30)23-7-2-19(27)12-24(23)28/h2-9,12,17,22,25,34H,10-11,13-16H2,1H3",GJNMJDZYFXVBJE-UHFFFAOYSA-N,3.2707000000000024,546.143675356
"InChI=1S/C26H28Cl2N4O6/c1-17(33)31-11-25(35)32(12-24(31)34)19-3-5-20(6-4-19)36-13-21-14-37-26(38-21,15-30-9-8-29-16-30)22-7-2-18(27)10-23(22)28/h2-10,16,21,24-25,34-35H,11-15H2,1H3",LTZQDTUZGROBOO-UHFFFAOYSA-N,CC(=O)N1C(CN(C(C1)O)C2=CC=C(C=C2)OCC3COC(O3)(CN4C=CN=C4)C5=C(C=C(C=C5)Cl)Cl)O,,,C26H28Cl2N4O6,562.1385899759999,2.9310000000000027,1,0,0,BTM00071,BTM00071,Hydroxylation of heteroalicyclic secondary carbon,BTMR1070,"CYP1A2
CYP2A6
CYP2C9
CYP2D6
CYP3A4",HUMAN,BTM00006,CC(=O)N1C(CN(CC1)C2=CC=C(C=C2)OCC3COC(O3)(CN4C=CN=C4)C5=C(C=C(C=C5)Cl)Cl)O,"InChI=1S/C26H28Cl2N4O5/c1-18(33)32-11-10-31(13-25(32)34)20-3-5-21(6-4-20)35-14-22-15-36-26(37-22,16-30-9-8-29-17-30)23-7-2-19(27)12-24(23)28/h2-9,12,17,22,25,34H,10-11,13-16H2,1H3",GJNMJDZYFXVBJE-UHFFFAOYSA-N,3.2707000000000024,546.143675356
"InChI=1S/C26H28Cl2N4O6/c1-17(33)32-24(34)11-31(12-25(32)35)19-3-5-20(6-4-19)36-13-21-14-37-26(38-21,15-30-9-8-29-16-30)22-7-2-18(27)10-23(22)28/h2-10,16,21,24-25,34-35H,11-15H2,1H3",YZFHHMVXNZSVJB-UHFFFAOYSA-N,CC(=O)N1C(CN(CC1O)C2=CC=C(C=C2)OCC3COC(O3)(CN4C=CN=C4)C5=C(C=C(C=C5)Cl)Cl)O,,,C26H28Cl2N4O6,562.1385899759999,2.9310000000000027,1,0,0,BTM00072,BTM00072,Hydroxylation of heteroalicyclic secondary carbon,BTMR1070,"CYP1A2
CYP2A6
CYP2C9
CYP2D6
CYP3A4",HUMAN,BTM00006,CC(=O)N1C(CN(CC1)C2=CC=C(C=C2)OCC3COC(O3)(CN4C=CN=C4)C5=C(C=C(C=C5)Cl)Cl)O,"InChI=1S/C26H28Cl2N4O5/c1-18(33)32-11-10-31(13-25(32)34)20-3-5-21(6-4-20)35-14-22-15-36-26(37-22,16-30-9-8-29-17-30)23-7-2-19(27)12-24(23)28/h2-9,12,17,22,25,34H,10-11,13-16H2,1H3",GJNMJDZYFXVBJE-UHFFFAOYSA-N,3.2707000000000024,546.143675356
"InChI=1S/C26H28Cl2N4O6/c1-17(33)31-10-11-32(25(35)24(31)34)19-3-5-20(6-4-19)36-13-21-14-37-26(38-21,15-30-9-8-29-16-30)22-7-2-18(27)12-23(22)28/h2-9,12,16,21,24-25,34-35H,10-11,13-15H2,1H3",UMXDCRNGSKNONZ-UHFFFAOYSA-N,CC(=O)N1C(C(N(CC1)C2=CC=C(C=C2)OCC3COC(O3)(CN4C=CN=C4)C5=C(C=C(C=C5)Cl)Cl)O)O,,,C26H28Cl2N4O6,562.138589976,2.9310000000000027,1,0,0,BTM00070,BTM00070,Hydroxylation of heteroalicyclic secondary carbon,BTMR1071,CYP1A2,HUMAN,BTM00006,CC(=O)N1C(CN(CC1)C2=CC=C(C=C2)OCC3COC(O3)(CN4C=CN=C4)C5=C(C=C(C=C5)Cl)Cl)O,"InChI=1S/C26H28Cl2N4O5/c1-18(33)32-11-10-31(13-25(32)34)20-3-5-21(6-4-20)35-14-22-15-36-26(37-22,16-30-9-8-29-17-30)23-7-2-19(27)12-24(23)28/h2-9,12,17,22,25,34H,10-11,13-16H2,1H3",GJNMJDZYFXVBJE-UHFFFAOYSA-N,3.2707000000000024,546.143675356
"InChI=1S/C26H28Cl2N4O6/c1-17(33)32-11-10-31(13-24(32)34)19-3-5-20(6-4-19)36-14-23-25(35)38-26(37-23,15-30-9-8-29-16-30)21-7-2-18(27)12-22(21)28/h2-9,12,16,23-25,34-35H,10-11,13-15H2,1H3",UEMFABUWEPJWJV-UHFFFAOYSA-N,CC(=O)N1C(CN(CC1)C2=CC=C(C=C2)OCC3C(OC(O3)(CN4C=CN=C4)C5=C(C=C(C=C5)Cl)Cl)O)O,,,C26H28Cl2N4O6,562.1385899759999,2.9310000000000027,1,0,0,BTM00073,BTM00073,Hydroxylation of heteroalicyclic secondary carbon,BTMR1071,CYP1A2,HUMAN,BTM00006,CC(=O)N1C(CN(CC1)C2=CC=C(C=C2)OCC3COC(O3)(CN4C=CN=C4)C5=C(C=C(C=C5)Cl)Cl)O,"InChI=1S/C26H28Cl2N4O5/c1-18(33)32-11-10-31(13-25(32)34)20-3-5-21(6-4-20)35-14-22-15-36-26(37-22,16-30-9-8-29-17-30)23-7-2-19(27)12-24(23)28/h2-9,12,17,22,25,34H,10-11,13-16H2,1H3",GJNMJDZYFXVBJE-UHFFFAOYSA-N,3.2707000000000024,546.143675356
"InChI=1S/C26H28Cl2N4O6/c1-17(33)31-11-25(35)32(12-24(31)34)19-3-5-20(6-4-19)36-13-21-14-37-26(38-21,15-30-9-8-29-16-30)22-7-2-18(27)10-23(22)28/h2-10,16,21,24-25,34-35H,11-15H2,1H3",LTZQDTUZGROBOO-UHFFFAOYSA-N,CC(=O)N1C(CN(C(C1)O)C2=CC=C(C=C2)OCC3COC(O3)(CN4C=CN=C4)C5=C(C=C(C=C5)Cl)Cl)O,,,C26H28Cl2N4O6,562.1385899759999,2.9310000000000027,1,0,0,BTM00071,BTM00071,Hydroxylation of heteroalicyclic secondary carbon,BTMR1071,CYP1A2,HUMAN,BTM00006,CC(=O)N1C(CN(CC1)C2=CC=C(C=C2)OCC3COC(O3)(CN4C=CN=C4)C5=C(C=C(C=C5)Cl)Cl)O,"InChI=1S/C26H28Cl2N4O5/c1-18(33)32-11-10-31(13-25(32)34)20-3-5-21(6-4-20)35-14-22-15-36-26(37-22,16-30-9-8-29-17-30)23-7-2-19(27)12-24(23)28/h2-9,12,17,22,25,34H,10-11,13-16H2,1H3",GJNMJDZYFXVBJE-UHFFFAOYSA-N,3.2707000000000024,546.143675356
"InChI=1S/C26H28Cl2N4O6/c1-17(33)32-24(34)11-31(12-25(32)35)19-3-5-20(6-4-19)36-13-21-14-37-26(38-21,15-30-9-8-29-16-30)22-7-2-18(27)10-23(22)28/h2-10,16,21,24-25,34-35H,11-15H2,1H3",YZFHHMVXNZSVJB-UHFFFAOYSA-N,CC(=O)N1C(CN(CC1O)C2=CC=C(C=C2)OCC3COC(O3)(CN4C=CN=C4)C5=C(C=C(C=C5)Cl)Cl)O,,,C26H28Cl2N4O6,562.1385899759999,2.9310000000000027,1,0,0,BTM00072,BTM00072,Hydroxylation of heteroalicyclic secondary carbon,BTMR1071,CYP1A2,HUMAN,BTM00006,CC(=O)N1C(CN(CC1)C2=CC=C(C=C2)OCC3COC(O3)(CN4C=CN=C4)C5=C(C=C(C=C5)Cl)Cl)O,"InChI=1S/C26H28Cl2N4O5/c1-18(33)32-11-10-31(13-25(32)34)20-3-5-21(6-4-20)35-14-22-15-36-26(37-22,16-30-9-8-29-17-30)23-7-2-19(27)12-24(23)28/h2-9,12,17,22,25,34H,10-11,13-16H2,1H3",GJNMJDZYFXVBJE-UHFFFAOYSA-N,3.2707000000000024,546.143675356
"InChI=1S/C26H28Cl2N4O6/c1-17(33)32-11-10-31(12-23(32)34)18-2-4-19(5-3-18)36-13-20-14-37-26(38-20,15-30-9-8-29-16-30)21-6-7-22(27)25(35)24(21)28/h2-9,16,20,23,34-35H,10-15H2,1H3",YGPIIBHLECVNRX-UHFFFAOYSA-N,CC(=O)N1C(CN(CC1)C2=CC=C(C=C2)OCC3COC(O3)(CN4C=CN=C4)C5=C(C(=C(C=C5)Cl)O)Cl)O,,,C26H28Cl2N4O6,562.1385899759999,3.003300000000003,1,0,0,BTM00074,BTM00074,Hydroxylation of aromatic carbon ortho to halide group,BTMR1040,"CYP1A2
CYP2A6
CYP2B6
CYP2C8
CYP2C9
CYP2C19
CYP2D6
CYP2E1
CYP3A4",HUMAN,BTM00006,CC(=O)N1C(CN(CC1)C2=CC=C(C=C2)OCC3COC(O3)(CN4C=CN=C4)C5=C(C=C(C=C5)Cl)Cl)O,"InChI=1S/C26H28Cl2N4O5/c1-18(33)32-11-10-31(13-25(32)34)20-3-5-21(6-4-20)35-14-22-15-36-26(37-22,16-30-9-8-29-17-30)23-7-2-19(27)12-24(23)28/h2-9,12,17,22,25,34H,10-11,13-16H2,1H3",GJNMJDZYFXVBJE-UHFFFAOYSA-N,3.2707000000000024,546.143675356
"InChI=1S/C26H28Cl2N4O6/c1-17(33)32-9-8-31(12-25(32)35)18-2-4-19(5-3-18)36-13-20-14-37-26(38-20,15-30-7-6-29-16-30)21-10-24(34)23(28)11-22(21)27/h2-7,10-11,16,20,25,34-35H,8-9,12-15H2,1H3",LRRJIGQCMSYSOC-UHFFFAOYSA-N,CC(=O)N1C(CN(CC1)C2=CC=C(C=C2)OCC3COC(O3)(CN4C=CN=C4)C5=C(C=C(C(=C5)O)Cl)Cl)O,,,C26H28Cl2N4O6,562.138589976,3.003300000000003,1,0,0,BTM00062,BTM00062,Hydroxylation of aromatic carbon ortho to halide group,BTMR1040,"CYP1A2
CYP2A6
CYP2B6
CYP2C8
CYP2C9
CYP2C19
CYP2D6
CYP2E1
CYP3A4",HUMAN,BTM00006,CC(=O)N1C(CN(CC1)C2=CC=C(C=C2)OCC3COC(O3)(CN4C=CN=C4)C5=C(C=C(C=C5)Cl)Cl)O,"InChI=1S/C26H28Cl2N4O5/c1-18(33)32-11-10-31(13-25(32)34)20-3-5-21(6-4-20)35-14-22-15-36-26(37-22,16-30-9-8-29-17-30)23-7-2-19(27)12-24(23)28/h2-9,12,17,22,25,34H,10-11,13-16H2,1H3",GJNMJDZYFXVBJE-UHFFFAOYSA-N,3.2707000000000024,546.143675356
"InChI=1S/C26H28Cl2N4O6/c27-18-1-6-22(23(28)11-18)26(16-30-8-7-29-17-30)37-15-21(38-26)14-36-20-4-2-19(3-5-20)31-9-10-32(24(34)12-31)25(35)13-33/h1-8,11,17,21,24,33-34H,9-10,12-16H2",YWBDNCCYSDNNCD-UHFFFAOYSA-N,C(C(=O)N1C(CN(CC1)C2=CC=C(C=C2)OCC3COC(O3)(CN4C=CN=C4)C5=C(C=C(C=C5)Cl)Cl)O)O,,,C26H28Cl2N4O6,562.1385899759999,2.812100000000002,1,0,0,BTM00075,BTM00075,alpha-Hydroxylation of carbonyl group,BTMR1054,"CYP1A2
CYP2A6
CYP2B6
CYP2C8
CYP2C9
CYP2C19
CYP2D6
CYP3A4",HUMAN,BTM00006,CC(=O)N1C(CN(CC1)C2=CC=C(C=C2)OCC3COC(O3)(CN4C=CN=C4)C5=C(C=C(C=C5)Cl)Cl)O,"InChI=1S/C26H28Cl2N4O5/c1-18(33)32-11-10-31(13-25(32)34)20-3-5-21(6-4-20)35-14-22-15-36-26(37-22,16-30-9-8-29-17-30)23-7-2-19(27)12-24(23)28/h2-9,12,17,22,25,34H,10-11,13-16H2,1H3",GJNMJDZYFXVBJE-UHFFFAOYSA-N,3.2707000000000024,546.143675356
"InChI=1S/C26H28Cl2N4O6/c1-17(33)32-9-8-31(12-24(32)35)19-2-4-20(5-3-19)36-13-21-14-37-26(38-21,15-30-7-6-29-16-30)25-22(28)10-18(27)11-23(25)34/h2-7,10-11,16,21,24,34-35H,8-9,12-15H2,1H3",PSVXABNMYRQOSK-UHFFFAOYSA-N,CC(=O)N1C(CN(CC1)C2=CC=C(C=C2)OCC3COC(O3)(CN4C=CN=C4)C5=C(C=C(C=C5O)Cl)Cl)O,,,C26H28Cl2N4O6,562.138589976,3.003300000000003,1,0,0,BTM00076,BTM00076,Hydroxylation of aromatic carbon meta to halide group,BTMR1039,"CYP2A6
CYP2B6
CYP2C9
CYP2C19
CYP2E1
CYP3A4",HUMAN,BTM00006,CC(=O)N1C(CN(CC1)C2=CC=C(C=C2)OCC3COC(O3)(CN4C=CN=C4)C5=C(C=C(C=C5)Cl)Cl)O,"InChI=1S/C26H28Cl2N4O5/c1-18(33)32-11-10-31(13-25(32)34)20-3-5-21(6-4-20)35-14-22-15-36-26(37-22,16-30-9-8-29-17-30)23-7-2-19(27)12-24(23)28/h2-9,12,17,22,25,34H,10-11,13-16H2,1H3",GJNMJDZYFXVBJE-UHFFFAOYSA-N,3.2707000000000024,546.143675356
"InChI=1S/C26H28Cl2N4O6/c1-18(33)32(13-25(34)35)11-9-30-20-3-5-21(6-4-20)36-14-22-15-37-26(38-22,16-31-10-8-29-17-31)23-7-2-19(27)12-24(23)28/h2-8,10,12,17,22,30H,9,11,13-16H2,1H3,(H,34,35)",FEYGDZKCIMJBOZ-UHFFFAOYSA-N,CC(=O)N(CC(=O)O)CCNC1=CC=C(C=C1)OCC2COC(O2)(CN3C=CN=C3)C4=C(C=C(C=C4)Cl)Cl,,,C26H28Cl2N4O6,562.1385899759999,3.107800000000001,1,1,1,BTM00013,BTM00013,N-Dealkylation of mixed tertiary amine,BTMR1145,"CYP1A2
CYP2A6
CYP2B6
CYP2C8
CYP2C9
CYP2C19
CYP2D6
CYP3A4",HUMAN,BTM00007,CC(=O)N1CC(N(CC1)C2=CC=C(C=C2)OCC3COC(O3)(CN4C=CN=C4)C5=C(C=C(C=C5)Cl)Cl)O,"InChI=1S/C26H28Cl2N4O5/c1-18(33)31-10-11-32(25(34)13-31)20-3-5-21(6-4-20)35-14-22-15-36-26(37-22,16-30-9-8-29-17-30)23-7-2-19(27)12-24(23)28/h2-9,12,17,22,25,34H,10-11,13-16H2,1H3",IRTCXTAYXJHAIO-UHFFFAOYSA-N,3.2707000000000024,546.143675356
"InChI=1S/C26H28Cl2N4O6/c1-18(34)32(10-11-33)13-25(35)30-20-3-5-21(6-4-20)36-14-22-15-37-26(38-22,16-31-9-8-29-17-31)23-7-2-19(27)12-24(23)28/h2-9,11-12,17,22,25,30,35H,10,13-16H2,1H3",ULAZDQGPRBUGSA-UHFFFAOYSA-N,CC(=O)N(CC(NC1=CC=C(C=C1)OCC2COC(O2)(CN3C=CN=C3)C4=C(C=C(C=C4)Cl)Cl)O)CC=O,,,C26H28Cl2N4O6,562.1385899759999,2.815500000000003,1,1,1,BTM00077,BTM00077,N-Dealkylation of mixed tertiary amine,BTMR1145,"CYP1A2
CYP2A6
CYP2B6
CYP2C8
CYP2C9
CYP2C19
CYP2D6
CYP3A4",HUMAN,BTM00007,CC(=O)N1CC(N(CC1)C2=CC=C(C=C2)OCC3COC(O3)(CN4C=CN=C4)C5=C(C=C(C=C5)Cl)Cl)O,"InChI=1S/C26H28Cl2N4O5/c1-18(33)31-10-11-32(25(34)13-31)20-3-5-21(6-4-20)35-14-22-15-36-26(37-22,16-30-9-8-29-17-30)23-7-2-19(27)12-24(23)28/h2-9,12,17,22,25,34H,10-11,13-16H2,1H3",IRTCXTAYXJHAIO-UHFFFAOYSA-N,3.2707000000000024,546.143675356
"InChI=1S/C12H16N2O3/c1-9(15)13-6-7-14(12(17)8-13)10-2-4-11(16)5-3-10/h2-5,12,16-17H,6-8H2,1H3",HVXCBDCTCUSDFA-UHFFFAOYSA-N,CC(=O)N1CC(N(CC1)C2=CC=C(C=C2)O)O,,,C12H16N2O3,236.11609237199997,0.6020000000000009,0,0,0,BTM00049,BTM00049,O-Dealkylation,BTMR0052,"CYP1A2
CYP2A6
CYP2C9
CYP2C19
CYP2D6
CYP2E1
CYP3A4",HUMAN,BTM00007,CC(=O)N1CC(N(CC1)C2=CC=C(C=C2)OCC3COC(O3)(CN4C=CN=C4)C5=C(C=C(C=C5)Cl)Cl)O,"InChI=1S/C26H28Cl2N4O5/c1-18(33)31-10-11-32(25(34)13-31)20-3-5-21(6-4-20)35-14-22-15-36-26(37-22,16-30-9-8-29-17-30)23-7-2-19(27)12-24(23)28/h2-9,12,17,22,25,34H,10-11,13-16H2,1H3",IRTCXTAYXJHAIO-UHFFFAOYSA-N,3.2707000000000024,546.143675356
"InChI=1S/C14H12Cl2N2O3/c15-10-1-2-12(13(16)5-10)14(8-18-4-3-17-9-18)20-7-11(6-19)21-14/h1-6,9,11H,7-8H2",GGFJISNCAHALQL-UHFFFAOYSA-N,C(C1COC(O1)(CN2C=CN=C2)C3=C(C=C(C=C3)Cl)Cl)=O,,,C14H12Cl2N2O3,326.02249760399997,2.3160000000000007,0,0,0,BTM00003,BTM00003,O-Dealkylation,BTMR0052,"CYP1A2
CYP2A6
CYP2C9
CYP2C19
CYP2D6
CYP2E1
CYP3A4",HUMAN,BTM00007,CC(=O)N1CC(N(CC1)C2=CC=C(C=C2)OCC3COC(O3)(CN4C=CN=C4)C5=C(C=C(C=C5)Cl)Cl)O,"InChI=1S/C26H28Cl2N4O5/c1-18(33)31-10-11-32(25(34)13-31)20-3-5-21(6-4-20)35-14-22-15-36-26(37-22,16-30-9-8-29-17-30)23-7-2-19(27)12-24(23)28/h2-9,12,17,22,25,34H,10-11,13-16H2,1H3",IRTCXTAYXJHAIO-UHFFFAOYSA-N,3.2707000000000024,546.143675356
"InChI=1S/C26H28Cl2N4O6/c1-17(33)31-8-9-32(25(35)12-31)18-2-4-19(5-3-18)36-13-20-14-37-26(38-20,15-30-7-6-29-16-30)21-10-24(34)23(28)11-22(21)27/h2-7,10-11,16,20,25,34-35H,8-9,12-15H2,1H3",QOGCKOAELVAHDT-UHFFFAOYSA-N,CC(=O)N1CC(N(CC1)C2=CC=C(C=C2)OCC3COC(O3)(CN4C=CN=C4)C5=C(C=C(C(=C5)O)Cl)Cl)O,,,C26H28Cl2N4O6,562.1385899759999,3.003300000000003,1,0,0,BTM00063,BTM00063,Hydroxylation of aromatic carbon para to halide group,BTMR1041,"CYP1A2
CYP2E1
CYP3A4",HUMAN,BTM00007,CC(=O)N1CC(N(CC1)C2=CC=C(C=C2)OCC3COC(O3)(CN4C=CN=C4)C5=C(C=C(C=C5)Cl)Cl)O,"InChI=1S/C26H28Cl2N4O5/c1-18(33)31-10-11-32(25(34)13-31)20-3-5-21(6-4-20)35-14-22-15-36-26(37-22,16-30-9-8-29-17-30)23-7-2-19(27)12-24(23)28/h2-9,12,17,22,25,34H,10-11,13-16H2,1H3",IRTCXTAYXJHAIO-UHFFFAOYSA-N,3.2707000000000024,546.143675356
"InChI=1S/C26H28Cl2N4O6/c1-17(33)31-10-11-32(25(35)24(31)34)19-3-5-20(6-4-19)36-13-21-14-37-26(38-21,15-30-9-8-29-16-30)22-7-2-18(27)12-23(22)28/h2-9,12,16,21,24-25,34-35H,10-11,13-15H2,1H3",UMXDCRNGSKNONZ-UHFFFAOYSA-N,CC(=O)N1C(C(N(CC1)C2=CC=C(C=C2)OCC3COC(O3)(CN4C=CN=C4)C5=C(C=C(C=C5)Cl)Cl)O)O,,,C26H28Cl2N4O6,562.138589976,2.9310000000000027,1,0,0,BTM00070,BTM00070,Hydroxylation of heteroalicyclic secondary carbon,BTMR1070,"CYP1A2
CYP2A6
CYP2C9
CYP2D6
CYP3A4",HUMAN,BTM00007,CC(=O)N1CC(N(CC1)C2=CC=C(C=C2)OCC3COC(O3)(CN4C=CN=C4)C5=C(C=C(C=C5)Cl)Cl)O,"InChI=1S/C26H28Cl2N4O5/c1-18(33)31-10-11-32(25(34)13-31)20-3-5-21(6-4-20)35-14-22-15-36-26(37-22,16-30-9-8-29-17-30)23-7-2-19(27)12-24(23)28/h2-9,12,17,22,25,34H,10-11,13-16H2,1H3",IRTCXTAYXJHAIO-UHFFFAOYSA-N,3.2707000000000024,546.143675356
"InChI=1S/C26H28Cl2N4O6/c1-17(33)31-11-24(34)32(25(35)12-31)19-3-5-20(6-4-19)36-13-21-14-37-26(38-21,15-30-9-8-29-16-30)22-7-2-18(27)10-23(22)28/h2-10,16,21,24-25,34-35H,11-15H2,1H3",ABZPELZHGQOSBW-UHFFFAOYSA-N,CC(=O)N1CC(N(C(C1)O)C2=CC=C(C=C2)OCC3COC(O3)(CN4C=CN=C4)C5=C(C=C(C=C5)Cl)Cl)O,,,C26H28Cl2N4O6,562.1385899759999,2.9310000000000027,1,0,0,BTM00078,BTM00078,Hydroxylation of heteroalicyclic secondary carbon,BTMR1070,"CYP1A2
CYP2A6
CYP2C9
CYP2D6
CYP3A4",HUMAN,BTM00007,CC(=O)N1CC(N(CC1)C2=CC=C(C=C2)OCC3COC(O3)(CN4C=CN=C4)C5=C(C=C(C=C5)Cl)Cl)O,"InChI=1S/C26H28Cl2N4O5/c1-18(33)31-10-11-32(25(34)13-31)20-3-5-21(6-4-20)35-14-22-15-36-26(37-22,16-30-9-8-29-17-30)23-7-2-19(27)12-24(23)28/h2-9,12,17,22,25,34H,10-11,13-16H2,1H3",IRTCXTAYXJHAIO-UHFFFAOYSA-N,3.2707000000000024,546.143675356
"InChI=1S/C26H28Cl2N4O6/c1-17(33)31-11-25(35)32(12-24(31)34)19-3-5-20(6-4-19)36-13-21-14-37-26(38-21,15-30-9-8-29-16-30)22-7-2-18(27)10-23(22)28/h2-10,16,21,24-25,34-35H,11-15H2,1H3",LTZQDTUZGROBOO-UHFFFAOYSA-N,CC(=O)N1C(CN(C(C1)O)C2=CC=C(C=C2)OCC3COC(O3)(CN4C=CN=C4)C5=C(C=C(C=C5)Cl)Cl)O,,,C26H28Cl2N4O6,562.1385899759999,2.9310000000000027,1,0,0,BTM00071,BTM00071,Hydroxylation of heteroalicyclic secondary carbon,BTMR1070,"CYP1A2
CYP2A6
CYP2C9
CYP2D6
CYP3A4",HUMAN,BTM00007,CC(=O)N1CC(N(CC1)C2=CC=C(C=C2)OCC3COC(O3)(CN4C=CN=C4)C5=C(C=C(C=C5)Cl)Cl)O,"InChI=1S/C26H28Cl2N4O5/c1-18(33)31-10-11-32(25(34)13-31)20-3-5-21(6-4-20)35-14-22-15-36-26(37-22,16-30-9-8-29-17-30)23-7-2-19(27)12-24(23)28/h2-9,12,17,22,25,34H,10-11,13-16H2,1H3",IRTCXTAYXJHAIO-UHFFFAOYSA-N,3.2707000000000024,546.143675356
"InChI=1S/C26H28Cl2N4O6/c1-17(33)31-10-11-32(25(35)24(31)34)19-3-5-20(6-4-19)36-13-21-14-37-26(38-21,15-30-9-8-29-16-30)22-7-2-18(27)12-23(22)28/h2-9,12,16,21,24-25,34-35H,10-11,13-15H2,1H3",UMXDCRNGSKNONZ-UHFFFAOYSA-N,CC(=O)N1C(C(N(CC1)C2=CC=C(C=C2)OCC3COC(O3)(CN4C=CN=C4)C5=C(C=C(C=C5)Cl)Cl)O)O,,,C26H28Cl2N4O6,562.138589976,2.9310000000000027,1,0,0,BTM00070,BTM00070,Hydroxylation of heteroalicyclic secondary carbon,BTMR1071,CYP1A2,HUMAN,BTM00007,CC(=O)N1CC(N(CC1)C2=CC=C(C=C2)OCC3COC(O3)(CN4C=CN=C4)C5=C(C=C(C=C5)Cl)Cl)O,"InChI=1S/C26H28Cl2N4O5/c1-18(33)31-10-11-32(25(34)13-31)20-3-5-21(6-4-20)35-14-22-15-36-26(37-22,16-30-9-8-29-17-30)23-7-2-19(27)12-24(23)28/h2-9,12,17,22,25,34H,10-11,13-16H2,1H3",IRTCXTAYXJHAIO-UHFFFAOYSA-N,3.2707000000000024,546.143675356
"InChI=1S/C26H28Cl2N4O6/c1-17(33)31-10-11-32(24(34)13-31)19-3-5-20(6-4-19)36-14-23-25(35)38-26(37-23,15-30-9-8-29-16-30)21-7-2-18(27)12-22(21)28/h2-9,12,16,23-25,34-35H,10-11,13-15H2,1H3",AXCVSPIBKXULKJ-UHFFFAOYSA-N,CC(=O)N1CC(N(CC1)C2=CC=C(C=C2)OCC3C(OC(O3)(CN4C=CN=C4)C5=C(C=C(C=C5)Cl)Cl)O)O,,,C26H28Cl2N4O6,562.1385899759999,2.9310000000000027,1,0,0,BTM00079,BTM00079,Hydroxylation of heteroalicyclic secondary carbon,BTMR1071,CYP1A2,HUMAN,BTM00007,CC(=O)N1CC(N(CC1)C2=CC=C(C=C2)OCC3COC(O3)(CN4C=CN=C4)C5=C(C=C(C=C5)Cl)Cl)O,"InChI=1S/C26H28Cl2N4O5/c1-18(33)31-10-11-32(25(34)13-31)20-3-5-21(6-4-20)35-14-22-15-36-26(37-22,16-30-9-8-29-17-30)23-7-2-19(27)12-24(23)28/h2-9,12,17,22,25,34H,10-11,13-16H2,1H3",IRTCXTAYXJHAIO-UHFFFAOYSA-N,3.2707000000000024,546.143675356
"InChI=1S/C26H28Cl2N4O6/c1-17(33)31-11-24(34)32(25(35)12-31)19-3-5-20(6-4-19)36-13-21-14-37-26(38-21,15-30-9-8-29-16-30)22-7-2-18(27)10-23(22)28/h2-10,16,21,24-25,34-35H,11-15H2,1H3",ABZPELZHGQOSBW-UHFFFAOYSA-N,CC(=O)N1CC(N(C(C1)O)C2=CC=C(C=C2)OCC3COC(O3)(CN4C=CN=C4)C5=C(C=C(C=C5)Cl)Cl)O,,,C26H28Cl2N4O6,562.1385899759999,2.9310000000000027,1,0,0,BTM00078,BTM00078,Hydroxylation of heteroalicyclic secondary carbon,BTMR1071,CYP1A2,HUMAN,BTM00007,CC(=O)N1CC(N(CC1)C2=CC=C(C=C2)OCC3COC(O3)(CN4C=CN=C4)C5=C(C=C(C=C5)Cl)Cl)O,"InChI=1S/C26H28Cl2N4O5/c1-18(33)31-10-11-32(25(34)13-31)20-3-5-21(6-4-20)35-14-22-15-36-26(37-22,16-30-9-8-29-17-30)23-7-2-19(27)12-24(23)28/h2-9,12,17,22,25,34H,10-11,13-16H2,1H3",IRTCXTAYXJHAIO-UHFFFAOYSA-N,3.2707000000000024,546.143675356
"InChI=1S/C26H28Cl2N4O6/c1-17(33)31-11-25(35)32(12-24(31)34)19-3-5-20(6-4-19)36-13-21-14-37-26(38-21,15-30-9-8-29-16-30)22-7-2-18(27)10-23(22)28/h2-10,16,21,24-25,34-35H,11-15H2,1H3",LTZQDTUZGROBOO-UHFFFAOYSA-N,CC(=O)N1C(CN(C(C1)O)C2=CC=C(C=C2)OCC3COC(O3)(CN4C=CN=C4)C5=C(C=C(C=C5)Cl)Cl)O,,,C26H28Cl2N4O6,562.1385899759999,2.9310000000000027,1,0,0,BTM00071,BTM00071,Hydroxylation of heteroalicyclic secondary carbon,BTMR1071,CYP1A2,HUMAN,BTM00007,CC(=O)N1CC(N(CC1)C2=CC=C(C=C2)OCC3COC(O3)(CN4C=CN=C4)C5=C(C=C(C=C5)Cl)Cl)O,"InChI=1S/C26H28Cl2N4O5/c1-18(33)31-10-11-32(25(34)13-31)20-3-5-21(6-4-20)35-14-22-15-36-26(37-22,16-30-9-8-29-17-30)23-7-2-19(27)12-24(23)28/h2-9,12,17,22,25,34H,10-11,13-16H2,1H3",IRTCXTAYXJHAIO-UHFFFAOYSA-N,3.2707000000000024,546.143675356
"InChI=1S/C26H28Cl2N4O6/c1-17(33)31-10-11-32(23(34)12-31)18-2-4-19(5-3-18)36-13-20-14-37-26(38-20,15-30-9-8-29-16-30)21-6-7-22(27)25(35)24(21)28/h2-9,16,20,23,34-35H,10-15H2,1H3",PFIZWCKNSJHJCB-UHFFFAOYSA-N,CC(=O)N1CC(N(CC1)C2=CC=C(C=C2)OCC3COC(O3)(CN4C=CN=C4)C5=C(C(=C(C=C5)Cl)O)Cl)O,,,C26H28Cl2N4O6,562.1385899759999,3.003300000000003,1,0,0,BTM00080,BTM00080,Hydroxylation of aromatic carbon ortho to halide group,BTMR1040,"CYP1A2
CYP2A6
CYP2B6
CYP2C8
CYP2C9
CYP2C19
CYP2D6
CYP2E1
CYP3A4",HUMAN,BTM00007,CC(=O)N1CC(N(CC1)C2=CC=C(C=C2)OCC3COC(O3)(CN4C=CN=C4)C5=C(C=C(C=C5)Cl)Cl)O,"InChI=1S/C26H28Cl2N4O5/c1-18(33)31-10-11-32(25(34)13-31)20-3-5-21(6-4-20)35-14-22-15-36-26(37-22,16-30-9-8-29-17-30)23-7-2-19(27)12-24(23)28/h2-9,12,17,22,25,34H,10-11,13-16H2,1H3",IRTCXTAYXJHAIO-UHFFFAOYSA-N,3.2707000000000024,546.143675356
"InChI=1S/C26H28Cl2N4O6/c1-17(33)31-8-9-32(25(35)12-31)18-2-4-19(5-3-18)36-13-20-14-37-26(38-20,15-30-7-6-29-16-30)21-10-24(34)23(28)11-22(21)27/h2-7,10-11,16,20,25,34-35H,8-9,12-15H2,1H3",QOGCKOAELVAHDT-UHFFFAOYSA-N,CC(=O)N1CC(N(CC1)C2=CC=C(C=C2)OCC3COC(O3)(CN4C=CN=C4)C5=C(C=C(C(=C5)O)Cl)Cl)O,,,C26H28Cl2N4O6,562.1385899759999,3.003300000000003,1,0,0,BTM00063,BTM00063,Hydroxylation of aromatic carbon ortho to halide group,BTMR1040,"CYP1A2
CYP2A6
CYP2B6
CYP2C8
CYP2C9
CYP2C19
CYP2D6
CYP2E1
CYP3A4",HUMAN,BTM00007,CC(=O)N1CC(N(CC1)C2=CC=C(C=C2)OCC3COC(O3)(CN4C=CN=C4)C5=C(C=C(C=C5)Cl)Cl)O,"InChI=1S/C26H28Cl2N4O5/c1-18(33)31-10-11-32(25(34)13-31)20-3-5-21(6-4-20)35-14-22-15-36-26(37-22,16-30-9-8-29-17-30)23-7-2-19(27)12-24(23)28/h2-9,12,17,22,25,34H,10-11,13-16H2,1H3",IRTCXTAYXJHAIO-UHFFFAOYSA-N,3.2707000000000024,546.143675356
"InChI=1S/C26H28Cl2N4O6/c27-18-1-6-22(23(28)11-18)26(16-30-8-7-29-17-30)37-15-21(38-26)14-36-20-4-2-19(3-5-20)32-10-9-31(12-24(32)34)25(35)13-33/h1-8,11,17,21,24,33-34H,9-10,12-16H2",PAWJKEBDEZMQAQ-UHFFFAOYSA-N,C(C(=O)N1CC(N(CC1)C2=CC=C(C=C2)OCC3COC(O3)(CN4C=CN=C4)C5=C(C=C(C=C5)Cl)Cl)O)O,,,C26H28Cl2N4O6,562.1385899759999,2.812100000000002,1,0,0,BTM00081,BTM00081,alpha-Hydroxylation of carbonyl group,BTMR1054,"CYP1A2
CYP2A6
CYP2B6
CYP2C8
CYP2C9
CYP2C19
CYP2D6
CYP3A4",HUMAN,BTM00007,CC(=O)N1CC(N(CC1)C2=CC=C(C=C2)OCC3COC(O3)(CN4C=CN=C4)C5=C(C=C(C=C5)Cl)Cl)O,"InChI=1S/C26H28Cl2N4O5/c1-18(33)31-10-11-32(25(34)13-31)20-3-5-21(6-4-20)35-14-22-15-36-26(37-22,16-30-9-8-29-17-30)23-7-2-19(27)12-24(23)28/h2-9,12,17,22,25,34H,10-11,13-16H2,1H3",IRTCXTAYXJHAIO-UHFFFAOYSA-N,3.2707000000000024,546.143675356
"InChI=1S/C26H28Cl2N4O6/c1-17(33)31-8-9-32(24(35)12-31)19-2-4-20(5-3-19)36-13-21-14-37-26(38-21,15-30-7-6-29-16-30)25-22(28)10-18(27)11-23(25)34/h2-7,10-11,16,21,24,34-35H,8-9,12-15H2,1H3",YQMSOZMNUFWRIP-UHFFFAOYSA-N,CC(=O)N1CC(N(CC1)C2=CC=C(C=C2)OCC3COC(O3)(CN4C=CN=C4)C5=C(C=C(C=C5O)Cl)Cl)O,,,C26H28Cl2N4O6,562.1385899759999,3.003300000000003,1,0,0,BTM00082,BTM00082,Hydroxylation of aromatic carbon meta to halide group,BTMR1039,"CYP2A6
CYP2B6
CYP2C9
CYP2C19
CYP2E1
CYP3A4",HUMAN,BTM00007,CC(=O)N1CC(N(CC1)C2=CC=C(C=C2)OCC3COC(O3)(CN4C=CN=C4)C5=C(C=C(C=C5)Cl)Cl)O,"InChI=1S/C26H28Cl2N4O5/c1-18(33)31-10-11-32(25(34)13-31)20-3-5-21(6-4-20)35-14-22-15-36-26(37-22,16-30-9-8-29-17-30)23-7-2-19(27)12-24(23)28/h2-9,12,17,22,25,34H,10-11,13-16H2,1H3",IRTCXTAYXJHAIO-UHFFFAOYSA-N,3.2707000000000024,546.143675356
"InChI=1S/C26H28Cl2N4O6/c1-18(34)32(12-13-33)11-9-30-20-3-5-21(6-4-20)36-15-24-25(35)38-26(37-24,16-31-10-8-29-17-31)22-7-2-19(27)14-23(22)28/h2-8,10,13-14,17,24-25,30,35H,9,11-12,15-16H2,1H3",QNSPTQJNGSDVNH-UHFFFAOYSA-N,CC(=O)N(CC=O)CCNC1=CC=C(C=C1)OCC2C(OC(O2)(CN3C=CN=C3)C4=C(C=C(C=C4)Cl)Cl)O,,,C26H28Cl2N4O6,562.138589976,2.815500000000003,1,1,1,BTM00040,BTM00040,N-Dealkylation of mixed tertiary amine,BTMR1145,"CYP1A2
CYP2A6
CYP2B6
CYP2C8
CYP2C9
CYP2C19
CYP2D6
CYP3A4",HUMAN,BTM00008,CC(=O)N1CCN(CC1)C2=CC=C(C=C2)OCC3C(OC(O3)(CN4C=CN=C4)C5=C(C=C(C=C5)Cl)Cl)O,"InChI=1S/C26H28Cl2N4O5/c1-18(33)31-10-12-32(13-11-31)20-3-5-21(6-4-20)35-15-24-25(34)37-26(36-24,16-30-9-8-29-17-30)22-7-2-19(27)14-23(22)28/h2-9,14,17,24-25,34H,10-13,15-16H2,1H3",JIDMPRGCXMNMGV-UHFFFAOYSA-N,3.2707000000000024,546.143675356
"InChI=1S/C12H16N2O2/c1-10(15)13-6-8-14(9-7-13)11-2-4-12(16)5-3-11/h2-5,16H,6-9H2,1H3",AGVNLFCRZULMKK-UHFFFAOYSA-N,CC(=O)N1CCN(CC1)C2=CC=C(C=C2)O,,,C12H16N2O2,220.121177752,0.9417000000000003,0,0,0,BTM00002,BTM00002,O-Dealkylation,BTMR0052,"CYP1A2
CYP2A6
CYP2C9
CYP2C19
CYP2D6
CYP2E1
CYP3A4",HUMAN,BTM00008,CC(=O)N1CCN(CC1)C2=CC=C(C=C2)OCC3C(OC(O3)(CN4C=CN=C4)C5=C(C=C(C=C5)Cl)Cl)O,"InChI=1S/C26H28Cl2N4O5/c1-18(33)31-10-12-32(13-11-31)20-3-5-21(6-4-20)35-15-24-25(34)37-26(36-24,16-30-9-8-29-17-30)22-7-2-19(27)14-23(22)28/h2-9,14,17,24-25,34H,10-13,15-16H2,1H3",JIDMPRGCXMNMGV-UHFFFAOYSA-N,3.2707000000000024,546.143675356
"InChI=1S/C14H12Cl2N2O4/c15-9-1-2-10(11(16)5-9)14(7-18-4-3-17-8-18)21-12(6-19)13(20)22-14/h1-6,8,12-13,20H,7H2",BCZIIERYZBHZAR-UHFFFAOYSA-N,C(C1C(OC(O1)(CN2C=CN=C2)C3=C(C=C(C=C3)Cl)Cl)O)=O,,,C14H12Cl2N2O4,342.017412224,1.9762999999999997,0,0,0,BTM00052,BTM00052,O-Dealkylation,BTMR0052,"CYP1A2
CYP2A6
CYP2C9
CYP2C19
CYP2D6
CYP2E1
CYP3A4",HUMAN,BTM00008,CC(=O)N1CCN(CC1)C2=CC=C(C=C2)OCC3C(OC(O3)(CN4C=CN=C4)C5=C(C=C(C=C5)Cl)Cl)O,"InChI=1S/C26H28Cl2N4O5/c1-18(33)31-10-12-32(13-11-31)20-3-5-21(6-4-20)35-15-24-25(34)37-26(36-24,16-30-9-8-29-17-30)22-7-2-19(27)14-23(22)28/h2-9,14,17,24-25,34H,10-13,15-16H2,1H3",JIDMPRGCXMNMGV-UHFFFAOYSA-N,3.2707000000000024,546.143675356
"InChI=1S/C26H28Cl2N4O6/c1-18(33)31-10-12-32(35,13-11-31)20-3-5-21(6-4-20)36-15-24-25(34)38-26(37-24,16-30-9-8-29-17-30)22-7-2-19(27)14-23(22)28/h2-9,14,17,24-25,34H,10-13,15-16H2,1H3",XBVVHPMRESWPGF-UHFFFAOYSA-N,CC(=O)N1CC[N+](CC1)(C2=CC=C(C=C2)OCC3C(OC(O3)(CN4C=CN=C4)C5=C(C=C(C=C5)Cl)Cl)O)[O-],,,C26H28Cl2N4O6,562.1385899759999,2.770100000000003,1,0,0,BTM00058,BTM00058,N-Oxidation of alicyclic tertiary amine,BTMR1099,"CYP1A2
CYP2C8
CYP2C19
CYP2D6
CYP3A4",HUMAN,BTM00008,CC(=O)N1CCN(CC1)C2=CC=C(C=C2)OCC3C(OC(O3)(CN4C=CN=C4)C5=C(C=C(C=C5)Cl)Cl)O,"InChI=1S/C26H28Cl2N4O5/c1-18(33)31-10-12-32(13-11-31)20-3-5-21(6-4-20)35-15-24-25(34)37-26(36-24,16-30-9-8-29-17-30)22-7-2-19(27)14-23(22)28/h2-9,14,17,24-25,34H,10-13,15-16H2,1H3",JIDMPRGCXMNMGV-UHFFFAOYSA-N,3.2707000000000024,546.143675356
"InChI=1S/C26H28Cl2N4O6/c1-17(33)31-8-10-32(11-9-31)18-2-4-19(5-3-18)36-14-24-25(35)38-26(37-24,15-30-7-6-29-16-30)20-12-23(34)22(28)13-21(20)27/h2-7,12-13,16,24-25,34-35H,8-11,14-15H2,1H3",QEBCOXRRJNILFI-UHFFFAOYSA-N,CC(=O)N1CCN(CC1)C2=CC=C(C=C2)OCC3C(OC(O3)(CN4C=CN=C4)C5=C(C=C(C(=C5)O)Cl)Cl)O,,,C26H28Cl2N4O6,562.138589976,3.003300000000003,1,0,0,BTM00064,BTM00064,Hydroxylation of aromatic carbon para to halide group,BTMR1041,"CYP1A2
CYP2E1
CYP3A4",HUMAN,BTM00008,CC(=O)N1CCN(CC1)C2=CC=C(C=C2)OCC3C(OC(O3)(CN4C=CN=C4)C5=C(C=C(C=C5)Cl)Cl)O,"InChI=1S/C26H28Cl2N4O5/c1-18(33)31-10-12-32(13-11-31)20-3-5-21(6-4-20)35-15-24-25(34)37-26(36-24,16-30-9-8-29-17-30)22-7-2-19(27)14-23(22)28/h2-9,14,17,24-25,34H,10-13,15-16H2,1H3",JIDMPRGCXMNMGV-UHFFFAOYSA-N,3.2707000000000024,546.143675356
"InChI=1S/C26H28Cl2N4O6/c1-17(33)32-11-10-31(13-24(32)34)19-3-5-20(6-4-19)36-14-23-25(35)38-26(37-23,15-30-9-8-29-16-30)21-7-2-18(27)12-22(21)28/h2-9,12,16,23-25,34-35H,10-11,13-15H2,1H3",UEMFABUWEPJWJV-UHFFFAOYSA-N,CC(=O)N1C(CN(CC1)C2=CC=C(C=C2)OCC3C(OC(O3)(CN4C=CN=C4)C5=C(C=C(C=C5)Cl)Cl)O)O,,,C26H28Cl2N4O6,562.1385899759999,2.9310000000000027,1,0,0,BTM00073,BTM00073,Hydroxylation of heteroalicyclic secondary carbon,BTMR1070,"CYP1A2
CYP2A6
CYP2C9
CYP2D6
CYP3A4",HUMAN,BTM00008,CC(=O)N1CCN(CC1)C2=CC=C(C=C2)OCC3C(OC(O3)(CN4C=CN=C4)C5=C(C=C(C=C5)Cl)Cl)O,"InChI=1S/C26H28Cl2N4O5/c1-18(33)31-10-12-32(13-11-31)20-3-5-21(6-4-20)35-15-24-25(34)37-26(36-24,16-30-9-8-29-17-30)22-7-2-19(27)14-23(22)28/h2-9,14,17,24-25,34H,10-13,15-16H2,1H3",JIDMPRGCXMNMGV-UHFFFAOYSA-N,3.2707000000000024,546.143675356
"InChI=1S/C26H28Cl2N4O6/c1-17(33)31-10-11-32(24(34)13-31)19-3-5-20(6-4-19)36-14-23-25(35)38-26(37-23,15-30-9-8-29-16-30)21-7-2-18(27)12-22(21)28/h2-9,12,16,23-25,34-35H,10-11,13-15H2,1H3",AXCVSPIBKXULKJ-UHFFFAOYSA-N,CC(=O)N1CC(N(CC1)C2=CC=C(C=C2)OCC3C(OC(O3)(CN4C=CN=C4)C5=C(C=C(C=C5)Cl)Cl)O)O,,,C26H28Cl2N4O6,562.1385899759999,2.9310000000000027,1,0,0,BTM00079,BTM00079,Hydroxylation of heteroalicyclic secondary carbon,BTMR1070,"CYP1A2
CYP2A6
CYP2C9
CYP2D6
CYP3A4",HUMAN,BTM00008,CC(=O)N1CCN(CC1)C2=CC=C(C=C2)OCC3C(OC(O3)(CN4C=CN=C4)C5=C(C=C(C=C5)Cl)Cl)O,"InChI=1S/C26H28Cl2N4O5/c1-18(33)31-10-12-32(13-11-31)20-3-5-21(6-4-20)35-15-24-25(34)37-26(36-24,16-30-9-8-29-17-30)22-7-2-19(27)14-23(22)28/h2-9,14,17,24-25,34H,10-13,15-16H2,1H3",JIDMPRGCXMNMGV-UHFFFAOYSA-N,3.2707000000000024,546.143675356
"InChI=1S/C26H28Cl2N4O6/c1-17(33)31-10-12-32(13-11-31)18-2-4-19(5-3-18)36-14-22-25(35)38-26(37-22,15-30-9-8-29-16-30)20-6-7-21(27)24(34)23(20)28/h2-9,16,22,25,34-35H,10-15H2,1H3",ZMDDXKFLPLBMTP-UHFFFAOYSA-N,CC(=O)N1CCN(CC1)C2=CC=C(C=C2)OCC3C(OC(O3)(CN4C=CN=C4)C5=C(C(=C(C=C5)Cl)O)Cl)O,,,C26H28Cl2N4O6,562.1385899759999,3.003300000000003,1,0,0,BTM00083,BTM00083,Hydroxylation of aromatic carbon ortho to halide group,BTMR1040,"CYP1A2
CYP2A6
CYP2B6
CYP2C8
CYP2C9
CYP2C19
CYP2D6
CYP2E1
CYP3A4",HUMAN,BTM00008,CC(=O)N1CCN(CC1)C2=CC=C(C=C2)OCC3C(OC(O3)(CN4C=CN=C4)C5=C(C=C(C=C5)Cl)Cl)O,"InChI=1S/C26H28Cl2N4O5/c1-18(33)31-10-12-32(13-11-31)20-3-5-21(6-4-20)35-15-24-25(34)37-26(36-24,16-30-9-8-29-17-30)22-7-2-19(27)14-23(22)28/h2-9,14,17,24-25,34H,10-13,15-16H2,1H3",JIDMPRGCXMNMGV-UHFFFAOYSA-N,3.2707000000000024,546.143675356
"InChI=1S/C26H28Cl2N4O6/c1-17(33)31-8-10-32(11-9-31)18-2-4-19(5-3-18)36-14-24-25(35)38-26(37-24,15-30-7-6-29-16-30)20-12-23(34)22(28)13-21(20)27/h2-7,12-13,16,24-25,34-35H,8-11,14-15H2,1H3",QEBCOXRRJNILFI-UHFFFAOYSA-N,CC(=O)N1CCN(CC1)C2=CC=C(C=C2)OCC3C(OC(O3)(CN4C=CN=C4)C5=C(C=C(C(=C5)O)Cl)Cl)O,,,C26H28Cl2N4O6,562.138589976,3.003300000000003,1,0,0,BTM00064,BTM00064,Hydroxylation of aromatic carbon ortho to halide group,BTMR1040,"CYP1A2
CYP2A6
CYP2B6
CYP2C8
CYP2C9
CYP2C19
CYP2D6
CYP2E1
CYP3A4",HUMAN,BTM00008,CC(=O)N1CCN(CC1)C2=CC=C(C=C2)OCC3C(OC(O3)(CN4C=CN=C4)C5=C(C=C(C=C5)Cl)Cl)O,"InChI=1S/C26H28Cl2N4O5/c1-18(33)31-10-12-32(13-11-31)20-3-5-21(6-4-20)35-15-24-25(34)37-26(36-24,16-30-9-8-29-17-30)22-7-2-19(27)14-23(22)28/h2-9,14,17,24-25,34H,10-13,15-16H2,1H3",JIDMPRGCXMNMGV-UHFFFAOYSA-N,3.2707000000000024,546.143675356
"InChI=1S/C26H28Cl2N4O6/c27-18-1-6-21(22(28)13-18)26(16-30-8-7-29-17-30)37-23(25(35)38-26)15-36-20-4-2-19(3-5-20)31-9-11-32(12-10-31)24(34)14-33/h1-8,13,17,23,25,33,35H,9-12,14-16H2",ILBOYCVEXVQNON-UHFFFAOYSA-N,C(C(=O)N1CCN(CC1)C2=CC=C(C=C2)OCC3C(OC(O3)(CN4C=CN=C4)C5=C(C=C(C=C5)Cl)Cl)O)O,,,C26H28Cl2N4O6,562.1385899759999,2.812100000000002,1,0,0,BTM00084,BTM00084,alpha-Hydroxylation of carbonyl group,BTMR1054,"CYP1A2
CYP2A6
CYP2B6
CYP2C8
CYP2C9
CYP2C19
CYP2D6
CYP3A4",HUMAN,BTM00008,CC(=O)N1CCN(CC1)C2=CC=C(C=C2)OCC3C(OC(O3)(CN4C=CN=C4)C5=C(C=C(C=C5)Cl)Cl)O,"InChI=1S/C26H28Cl2N4O5/c1-18(33)31-10-12-32(13-11-31)20-3-5-21(6-4-20)35-15-24-25(34)37-26(36-24,16-30-9-8-29-17-30)22-7-2-19(27)14-23(22)28/h2-9,14,17,24-25,34H,10-13,15-16H2,1H3",JIDMPRGCXMNMGV-UHFFFAOYSA-N,3.2707000000000024,546.143675356
"InChI=1S/C26H28Cl2N4O6/c1-17(33)31-8-10-32(11-9-31)19-2-4-20(5-3-19)36-14-23-25(35)38-26(37-23,15-30-7-6-29-16-30)24-21(28)12-18(27)13-22(24)34/h2-7,12-13,16,23,25,34-35H,8-11,14-15H2,1H3",DOJBLWJKYQVPKQ-UHFFFAOYSA-N,CC(=O)N1CCN(CC1)C2=CC=C(C=C2)OCC3C(OC(O3)(CN4C=CN=C4)C5=C(C=C(C=C5O)Cl)Cl)O,,,C26H28Cl2N4O6,562.1385899759999,3.003300000000003,1,0,0,BTM00085,BTM00085,Hydroxylation of aromatic carbon meta to halide group,BTMR1039,"CYP2A6
CYP2B6
CYP2C9
CYP2C19
CYP2E1
CYP3A4",HUMAN,BTM00008,CC(=O)N1CCN(CC1)C2=CC=C(C=C2)OCC3C(OC(O3)(CN4C=CN=C4)C5=C(C=C(C=C5)Cl)Cl)O,"InChI=1S/C26H28Cl2N4O5/c1-18(33)31-10-12-32(13-11-31)20-3-5-21(6-4-20)35-15-24-25(34)37-26(36-24,16-30-9-8-29-17-30)22-7-2-19(27)14-23(22)28/h2-9,14,17,24-25,34H,10-13,15-16H2,1H3",JIDMPRGCXMNMGV-UHFFFAOYSA-N,3.2707000000000024,546.143675356
"InChI=1S/C26H28Cl2N4O6/c1-18(34)32(12-13-33)11-9-30-19-2-4-20(5-3-19)36-14-21-15-37-26(38-21,16-31-10-8-29-17-31)22-6-7-23(27)25(35)24(22)28/h2-8,10,13,17,21,30,35H,9,11-12,14-16H2,1H3",LNGZZYWVZLHODO-UHFFFAOYSA-N,CC(=O)N(CC=O)CCNC1=CC=C(C=C1)OCC2COC(O2)(CN3C=CN=C3)C4=C(C(=C(C=C4)Cl)O)Cl,,,C26H28Cl2N4O6,562.1385899759999,2.887800000000002,1,1,1,BTM00041,BTM00041,N-Dealkylation of mixed tertiary amine,BTMR1145,"CYP1A2
CYP2A6
CYP2B6
CYP2C8
CYP2C9
CYP2C19
CYP2D6
CYP3A4",HUMAN,BTM00009,CC(=O)N1CCN(CC1)C2=CC=C(C=C2)OCC3COC(O3)(CN4C=CN=C4)C5=C(C(=C(C=C5)Cl)O)Cl,"InChI=1S/C26H28Cl2N4O5/c1-18(33)31-10-12-32(13-11-31)19-2-4-20(5-3-19)35-14-21-15-36-26(37-21,16-30-9-8-29-17-30)22-6-7-23(27)25(34)24(22)28/h2-9,17,21,34H,10-16H2,1H3",ZJVRWOODVFDDMK-UHFFFAOYSA-N,3.3430000000000017,546.1436753559999
"InChI=1S/C26H28Cl2N4O6/c1-17(33)31-8-10-32(11-9-31)18-2-4-19(5-3-18)36-13-20-14-37-26(38-20,15-30-7-6-29-16-30)23-22(34)12-21(27)25(35)24(23)28/h2-7,12,16,20,34-35H,8-11,13-15H2,1H3",PZTWLOUMLRGTDL-UHFFFAOYSA-N,CC(=O)N1CCN(CC1)C2=CC=C(C=C2)OCC3COC(O3)(CN4C=CN=C4)C5=C(C(=C(C=C5O)Cl)O)Cl,,,C26H28Cl2N4O6,562.138589976,3.075600000000003,1,0,0,BTM00086,BTM00086,p-Hydroxylation of phenol,BTMR1038,"CYP1A2
CYP2A6
CYP2B6
CYP2C8
CYP2C9
CYP2C19
CYP2D6
CYP2E1
CYP3A4",HUMAN,BTM00009,CC(=O)N1CCN(CC1)C2=CC=C(C=C2)OCC3COC(O3)(CN4C=CN=C4)C5=C(C(=C(C=C5)Cl)O)Cl,"InChI=1S/C26H28Cl2N4O5/c1-18(33)31-10-12-32(13-11-31)19-2-4-20(5-3-19)35-14-21-15-36-26(37-21,16-30-9-8-29-17-30)22-6-7-23(27)25(34)24(22)28/h2-9,17,21,34H,10-16H2,1H3",ZJVRWOODVFDDMK-UHFFFAOYSA-N,3.3430000000000017,546.1436753559999
"InChI=1S/C12H16N2O2/c1-10(15)13-6-8-14(9-7-13)11-2-4-12(16)5-3-11/h2-5,16H,6-9H2,1H3",AGVNLFCRZULMKK-UHFFFAOYSA-N,CC(=O)N1CCN(CC1)C2=CC=C(C=C2)O,,,C12H16N2O2,220.121177752,0.9417000000000003,0,0,0,BTM00002,BTM00002,O-Dealkylation,BTMR0052,"CYP1A2
CYP2A6
CYP2C9
CYP2C19
CYP2D6
CYP2E1
CYP3A4",HUMAN,BTM00009,CC(=O)N1CCN(CC1)C2=CC=C(C=C2)OCC3COC(O3)(CN4C=CN=C4)C5=C(C(=C(C=C5)Cl)O)Cl,"InChI=1S/C26H28Cl2N4O5/c1-18(33)31-10-12-32(13-11-31)19-2-4-20(5-3-19)35-14-21-15-36-26(37-21,16-30-9-8-29-17-30)22-6-7-23(27)25(34)24(22)28/h2-9,17,21,34H,10-16H2,1H3",ZJVRWOODVFDDMK-UHFFFAOYSA-N,3.3430000000000017,546.1436753559999
"InChI=1S/C14H12Cl2N2O4/c15-11-2-1-10(12(16)13(11)20)14(7-18-4-3-17-8-18)21-6-9(5-19)22-14/h1-5,8-9,20H,6-7H2",SHYHUHMXFCRDRO-UHFFFAOYSA-N,C(C1COC(O1)(CN2C=CN=C2)C3=C(C(=C(C=C3)Cl)O)Cl)=O,,,C14H12Cl2N2O4,342.017412224,2.0486000000000004,0,0,0,BTM00053,BTM00053,O-Dealkylation,BTMR0052,"CYP1A2
CYP2A6
CYP2C9
CYP2C19
CYP2D6
CYP2E1
CYP3A4",HUMAN,BTM00009,CC(=O)N1CCN(CC1)C2=CC=C(C=C2)OCC3COC(O3)(CN4C=CN=C4)C5=C(C(=C(C=C5)Cl)O)Cl,"InChI=1S/C26H28Cl2N4O5/c1-18(33)31-10-12-32(13-11-31)19-2-4-20(5-3-19)35-14-21-15-36-26(37-21,16-30-9-8-29-17-30)22-6-7-23(27)25(34)24(22)28/h2-9,17,21,34H,10-16H2,1H3",ZJVRWOODVFDDMK-UHFFFAOYSA-N,3.3430000000000017,546.1436753559999
"InChI=1S/C26H28Cl2N4O6/c1-18(33)31-10-12-32(35,13-11-31)19-2-4-20(5-3-19)36-14-21-15-37-26(38-21,16-30-9-8-29-17-30)22-6-7-23(27)25(34)24(22)28/h2-9,17,21,34H,10-16H2,1H3",UHRQDDQIATTYAK-UHFFFAOYSA-N,CC(=O)N1CC[N+](CC1)(C2=CC=C(C=C2)OCC3COC(O3)(CN4C=CN=C4)C5=C(C(=C(C=C5)Cl)O)Cl)[O-],,,C26H28Cl2N4O6,562.1385899759999,2.8424000000000023,1,0,0,BTM00059,BTM00059,N-Oxidation of alicyclic tertiary amine,BTMR1099,"CYP1A2
CYP2C8
CYP2C19
CYP2D6
CYP3A4",HUMAN,BTM00009,CC(=O)N1CCN(CC1)C2=CC=C(C=C2)OCC3COC(O3)(CN4C=CN=C4)C5=C(C(=C(C=C5)Cl)O)Cl,"InChI=1S/C26H28Cl2N4O5/c1-18(33)31-10-12-32(13-11-31)19-2-4-20(5-3-19)35-14-21-15-36-26(37-21,16-30-9-8-29-17-30)22-6-7-23(27)25(34)24(22)28/h2-9,17,21,34H,10-16H2,1H3",ZJVRWOODVFDDMK-UHFFFAOYSA-N,3.3430000000000017,546.1436753559999
"InChI=1S/C26H28Cl2N4O6/c1-17(33)31-8-10-32(11-9-31)18-2-4-19(5-3-18)36-13-20-14-37-26(38-20,15-30-7-6-29-16-30)21-12-22(34)24(28)25(35)23(21)27/h2-7,12,16,20,34-35H,8-11,13-15H2,1H3",CYWCFYJJRDQULD-UHFFFAOYSA-N,CC(=O)N1CCN(CC1)C2=CC=C(C=C2)OCC3COC(O3)(CN4C=CN=C4)C5=C(C(=C(C(=C5)O)Cl)O)Cl,,,C26H28Cl2N4O6,562.1385899759999,3.075600000000003,1,0,0,BTM00066,BTM00066,Hydroxylation of aromatic carbon para to halide group,BTMR1041,"CYP1A2
CYP2E1
CYP3A4",HUMAN,BTM00009,CC(=O)N1CCN(CC1)C2=CC=C(C=C2)OCC3COC(O3)(CN4C=CN=C4)C5=C(C(=C(C=C5)Cl)O)Cl,"InChI=1S/C26H28Cl2N4O5/c1-18(33)31-10-12-32(13-11-31)19-2-4-20(5-3-19)35-14-21-15-36-26(37-21,16-30-9-8-29-17-30)22-6-7-23(27)25(34)24(22)28/h2-9,17,21,34H,10-16H2,1H3",ZJVRWOODVFDDMK-UHFFFAOYSA-N,3.3430000000000017,546.1436753559999
"InChI=1S/C26H28Cl2N4O6/c1-17(33)32-11-10-31(12-23(32)34)18-2-4-19(5-3-18)36-13-20-14-37-26(38-20,15-30-9-8-29-16-30)21-6-7-22(27)25(35)24(21)28/h2-9,16,20,23,34-35H,10-15H2,1H3",YGPIIBHLECVNRX-UHFFFAOYSA-N,CC(=O)N1C(CN(CC1)C2=CC=C(C=C2)OCC3COC(O3)(CN4C=CN=C4)C5=C(C(=C(C=C5)Cl)O)Cl)O,,,C26H28Cl2N4O6,562.1385899759999,3.003300000000003,1,0,0,BTM00074,BTM00074,Hydroxylation of heteroalicyclic secondary carbon,BTMR1070,"CYP1A2
CYP2A6
CYP2C9
CYP2D6
CYP3A4",HUMAN,BTM00009,CC(=O)N1CCN(CC1)C2=CC=C(C=C2)OCC3COC(O3)(CN4C=CN=C4)C5=C(C(=C(C=C5)Cl)O)Cl,"InChI=1S/C26H28Cl2N4O5/c1-18(33)31-10-12-32(13-11-31)19-2-4-20(5-3-19)35-14-21-15-36-26(37-21,16-30-9-8-29-17-30)22-6-7-23(27)25(34)24(22)28/h2-9,17,21,34H,10-16H2,1H3",ZJVRWOODVFDDMK-UHFFFAOYSA-N,3.3430000000000017,546.1436753559999
"InChI=1S/C26H28Cl2N4O6/c1-17(33)31-10-11-32(23(34)12-31)18-2-4-19(5-3-18)36-13-20-14-37-26(38-20,15-30-9-8-29-16-30)21-6-7-22(27)25(35)24(21)28/h2-9,16,20,23,34-35H,10-15H2,1H3",PFIZWCKNSJHJCB-UHFFFAOYSA-N,CC(=O)N1CC(N(CC1)C2=CC=C(C=C2)OCC3COC(O3)(CN4C=CN=C4)C5=C(C(=C(C=C5)Cl)O)Cl)O,,,C26H28Cl2N4O6,562.1385899759999,3.003300000000003,1,0,0,BTM00080,BTM00080,Hydroxylation of heteroalicyclic secondary carbon,BTMR1070,"CYP1A2
CYP2A6
CYP2C9
CYP2D6
CYP3A4",HUMAN,BTM00009,CC(=O)N1CCN(CC1)C2=CC=C(C=C2)OCC3COC(O3)(CN4C=CN=C4)C5=C(C(=C(C=C5)Cl)O)Cl,"InChI=1S/C26H28Cl2N4O5/c1-18(33)31-10-12-32(13-11-31)19-2-4-20(5-3-19)35-14-21-15-36-26(37-21,16-30-9-8-29-17-30)22-6-7-23(27)25(34)24(22)28/h2-9,17,21,34H,10-16H2,1H3",ZJVRWOODVFDDMK-UHFFFAOYSA-N,3.3430000000000017,546.1436753559999
"InChI=1S/C26H28Cl2N4O6/c1-17(33)32-11-10-31(12-23(32)34)18-2-4-19(5-3-18)36-13-20-14-37-26(38-20,15-30-9-8-29-16-30)21-6-7-22(27)25(35)24(21)28/h2-9,16,20,23,34-35H,10-15H2,1H3",YGPIIBHLECVNRX-UHFFFAOYSA-N,CC(=O)N1C(CN(CC1)C2=CC=C(C=C2)OCC3COC(O3)(CN4C=CN=C4)C5=C(C(=C(C=C5)Cl)O)Cl)O,,,C26H28Cl2N4O6,562.1385899759999,3.003300000000003,1,0,0,BTM00074,BTM00074,Hydroxylation of heteroalicyclic secondary carbon,BTMR1071,CYP1A2,HUMAN,BTM00009,CC(=O)N1CCN(CC1)C2=CC=C(C=C2)OCC3COC(O3)(CN4C=CN=C4)C5=C(C(=C(C=C5)Cl)O)Cl,"InChI=1S/C26H28Cl2N4O5/c1-18(33)31-10-12-32(13-11-31)19-2-4-20(5-3-19)35-14-21-15-36-26(37-21,16-30-9-8-29-17-30)22-6-7-23(27)25(34)24(22)28/h2-9,17,21,34H,10-16H2,1H3",ZJVRWOODVFDDMK-UHFFFAOYSA-N,3.3430000000000017,546.1436753559999
"InChI=1S/C26H28Cl2N4O6/c1-17(33)31-10-11-32(23(34)12-31)18-2-4-19(5-3-18)36-13-20-14-37-26(38-20,15-30-9-8-29-16-30)21-6-7-22(27)25(35)24(21)28/h2-9,16,20,23,34-35H,10-15H2,1H3",PFIZWCKNSJHJCB-UHFFFAOYSA-N,CC(=O)N1CC(N(CC1)C2=CC=C(C=C2)OCC3COC(O3)(CN4C=CN=C4)C5=C(C(=C(C=C5)Cl)O)Cl)O,,,C26H28Cl2N4O6,562.1385899759999,3.003300000000003,1,0,0,BTM00080,BTM00080,Hydroxylation of heteroalicyclic secondary carbon,BTMR1071,CYP1A2,HUMAN,BTM00009,CC(=O)N1CCN(CC1)C2=CC=C(C=C2)OCC3COC(O3)(CN4C=CN=C4)C5=C(C(=C(C=C5)Cl)O)Cl,"InChI=1S/C26H28Cl2N4O5/c1-18(33)31-10-12-32(13-11-31)19-2-4-20(5-3-19)35-14-21-15-36-26(37-21,16-30-9-8-29-17-30)22-6-7-23(27)25(34)24(22)28/h2-9,17,21,34H,10-16H2,1H3",ZJVRWOODVFDDMK-UHFFFAOYSA-N,3.3430000000000017,546.1436753559999
"InChI=1S/C26H28Cl2N4O6/c1-17(33)31-10-12-32(13-11-31)18-2-4-19(5-3-18)36-14-22-25(35)38-26(37-22,15-30-9-8-29-16-30)20-6-7-21(27)24(34)23(20)28/h2-9,16,22,25,34-35H,10-15H2,1H3",ZMDDXKFLPLBMTP-UHFFFAOYSA-N,CC(=O)N1CCN(CC1)C2=CC=C(C=C2)OCC3C(OC(O3)(CN4C=CN=C4)C5=C(C(=C(C=C5)Cl)O)Cl)O,,,C26H28Cl2N4O6,562.1385899759999,3.003300000000003,1,0,0,BTM00083,BTM00083,Hydroxylation of heteroalicyclic secondary carbon,BTMR1071,CYP1A2,HUMAN,BTM00009,CC(=O)N1CCN(CC1)C2=CC=C(C=C2)OCC3COC(O3)(CN4C=CN=C4)C5=C(C(=C(C=C5)Cl)O)Cl,"InChI=1S/C26H28Cl2N4O5/c1-18(33)31-10-12-32(13-11-31)19-2-4-20(5-3-19)35-14-21-15-36-26(37-21,16-30-9-8-29-17-30)22-6-7-23(27)25(34)24(22)28/h2-9,17,21,34H,10-16H2,1H3",ZJVRWOODVFDDMK-UHFFFAOYSA-N,3.3430000000000017,546.1436753559999
"InChI=1S/C26H28Cl2N4O6/c27-22-6-5-21(24(28)25(22)35)26(16-30-8-7-29-17-30)37-15-20(38-26)14-36-19-3-1-18(2-4-19)31-9-11-32(12-10-31)23(34)13-33/h1-8,17,20,33,35H,9-16H2",OFNYRWFVLOCIMN-UHFFFAOYSA-N,C(C(=O)N1CCN(CC1)C2=CC=C(C=C2)OCC3COC(O3)(CN4C=CN=C4)C5=C(C(=C(C=C5)Cl)O)Cl)O,,,C26H28Cl2N4O6,562.1385899759999,2.884400000000004,1,0,0,BTM00087,BTM00087,alpha-Hydroxylation of carbonyl group,BTMR1054,"CYP1A2
CYP2A6
CYP2B6
CYP2C8
CYP2C9
CYP2C19
CYP2D6
CYP3A4",HUMAN,BTM00009,CC(=O)N1CCN(CC1)C2=CC=C(C=C2)OCC3COC(O3)(CN4C=CN=C4)C5=C(C(=C(C=C5)Cl)O)Cl,"InChI=1S/C26H28Cl2N4O5/c1-18(33)31-10-12-32(13-11-31)19-2-4-20(5-3-19)35-14-21-15-36-26(37-21,16-30-9-8-29-17-30)22-6-7-23(27)25(34)24(22)28/h2-9,17,21,34H,10-16H2,1H3",ZJVRWOODVFDDMK-UHFFFAOYSA-N,3.3430000000000017,546.1436753559999
"InChI=1S/C26H28Cl2N4O6/c27-19-1-6-23(24(28)13-19)26(17-31-9-7-29-18-31)37-16-22(38-26)15-36-21-4-2-20(3-5-21)30-8-10-32(11-12-33)25(35)14-34/h1-7,9,12-13,18,22,30,34H,8,10-11,14-17H2",LVTFZEPCITYMOJ-UHFFFAOYSA-N,C(C(=O)N(CC=O)CCNC1=CC=C(C=C1)OCC2COC(O2)(CN3C=CN=C3)C4=C(C=C(C=C4)Cl)Cl)O,,,C26H28Cl2N4O6,562.1385899759999,2.696600000000002,1,1,1,BTM00044,BTM00044,N-Dealkylation of mixed tertiary amine,BTMR1145,"CYP1A2
CYP2A6
CYP2B6
CYP2C8
CYP2C9
CYP2C19
CYP2D6
CYP3A4",HUMAN,BTM00010,C(C(=O)N1CCN(CC1)C2=CC=C(C=C2)OCC3COC(O3)(CN4C=CN=C4)C5=C(C=C(C=C5)Cl)Cl)O,"InChI=1S/C26H28Cl2N4O5/c27-19-1-6-23(24(28)13-19)26(17-30-8-7-29-18-30)36-16-22(37-26)15-35-21-4-2-20(3-5-21)31-9-11-32(12-10-31)25(34)14-33/h1-8,13,18,22,33H,9-12,14-17H2",ZOHQNWNBEQCXIU-UHFFFAOYSA-N,3.1518000000000015,546.143675356
"InChI=1S/C12H16N2O3/c15-9-12(17)14-7-5-13(6-8-14)10-1-3-11(16)4-2-10/h1-4,15-16H,5-9H2",NPVQVFMDWZBTGR-UHFFFAOYSA-N,C(C(=O)N1CCN(CC1)C2=CC=C(C=C2)O)O,,,C12H16N2O3,236.11609237199997,0.48310000000000153,0,0,0,BTM00050,BTM00050,O-Dealkylation,BTMR0052,"CYP1A2
CYP2A6
CYP2C9
CYP2C19
CYP2D6
CYP2E1
CYP3A4",HUMAN,BTM00010,C(C(=O)N1CCN(CC1)C2=CC=C(C=C2)OCC3COC(O3)(CN4C=CN=C4)C5=C(C=C(C=C5)Cl)Cl)O,"InChI=1S/C26H28Cl2N4O5/c27-19-1-6-23(24(28)13-19)26(17-30-8-7-29-18-30)36-16-22(37-26)15-35-21-4-2-20(3-5-21)31-9-11-32(12-10-31)25(34)14-33/h1-8,13,18,22,33H,9-12,14-17H2",ZOHQNWNBEQCXIU-UHFFFAOYSA-N,3.1518000000000015,546.143675356
"InChI=1S/C14H12Cl2N2O3/c15-10-1-2-12(13(16)5-10)14(8-18-4-3-17-9-18)20-7-11(6-19)21-14/h1-6,9,11H,7-8H2",GGFJISNCAHALQL-UHFFFAOYSA-N,C(C1COC(O1)(CN2C=CN=C2)C3=C(C=C(C=C3)Cl)Cl)=O,,,C14H12Cl2N2O3,326.02249760399997,2.3160000000000007,0,0,0,BTM00003,BTM00003,O-Dealkylation,BTMR0052,"CYP1A2
CYP2A6
CYP2C9
CYP2C19
CYP2D6
CYP2E1
CYP3A4",HUMAN,BTM00010,C(C(=O)N1CCN(CC1)C2=CC=C(C=C2)OCC3COC(O3)(CN4C=CN=C4)C5=C(C=C(C=C5)Cl)Cl)O,"InChI=1S/C26H28Cl2N4O5/c27-19-1-6-23(24(28)13-19)26(17-30-8-7-29-18-30)36-16-22(37-26)15-35-21-4-2-20(3-5-21)31-9-11-32(12-10-31)25(34)14-33/h1-8,13,18,22,33H,9-12,14-17H2",ZOHQNWNBEQCXIU-UHFFFAOYSA-N,3.1518000000000015,546.143675356
"InChI=1S/C26H28Cl2N4O6/c27-19-1-6-23(24(28)13-19)26(17-30-8-7-29-18-30)37-16-22(38-26)15-36-21-4-2-20(3-5-21)32(35)11-9-31(10-12-32)25(34)14-33/h1-8,13,18,22,33H,9-12,14-17H2",WGNCLSRGHXLQSC-UHFFFAOYSA-N,C(C(=O)N1CC[N+](CC1)(C2=CC=C(C=C2)OCC3COC(O3)(CN4C=CN=C4)C5=C(C=C(C=C5)Cl)Cl)[O-])O,,,C26H28Cl2N4O6,562.1385899759999,2.651200000000001,1,0,0,BTM00060,BTM00060,N-Oxidation of alicyclic tertiary amine,BTMR1099,"CYP1A2
CYP2C8
CYP2C19
CYP2D6
CYP3A4",HUMAN,BTM00010,C(C(=O)N1CCN(CC1)C2=CC=C(C=C2)OCC3COC(O3)(CN4C=CN=C4)C5=C(C=C(C=C5)Cl)Cl)O,"InChI=1S/C26H28Cl2N4O5/c27-19-1-6-23(24(28)13-19)26(17-30-8-7-29-18-30)36-16-22(37-26)15-35-21-4-2-20(3-5-21)31-9-11-32(12-10-31)25(34)14-33/h1-8,13,18,22,33H,9-12,14-17H2",ZOHQNWNBEQCXIU-UHFFFAOYSA-N,3.1518000000000015,546.143675356
"InChI=1S/C26H28Cl2N4O6/c27-22-12-23(28)24(34)11-21(22)26(16-30-6-5-29-17-30)37-15-20(38-26)14-36-19-3-1-18(2-4-19)31-7-9-32(10-8-31)25(35)13-33/h1-6,11-12,17,20,33-34H,7-10,13-16H2",BYHRBIOMKVXRHZ-UHFFFAOYSA-N,C(C(=O)N1CCN(CC1)C2=CC=C(C=C2)OCC3COC(O3)(CN4C=CN=C4)C5=C(C=C(C(=C5)O)Cl)Cl)O,,,C26H28Cl2N4O6,562.138589976,2.884400000000004,1,0,0,BTM00067,BTM00067,Hydroxylation of aromatic carbon para to halide group,BTMR1041,"CYP1A2
CYP2E1
CYP3A4",HUMAN,BTM00010,C(C(=O)N1CCN(CC1)C2=CC=C(C=C2)OCC3COC(O3)(CN4C=CN=C4)C5=C(C=C(C=C5)Cl)Cl)O,"InChI=1S/C26H28Cl2N4O5/c27-19-1-6-23(24(28)13-19)26(17-30-8-7-29-18-30)36-16-22(37-26)15-35-21-4-2-20(3-5-21)31-9-11-32(12-10-31)25(34)14-33/h1-8,13,18,22,33H,9-12,14-17H2",ZOHQNWNBEQCXIU-UHFFFAOYSA-N,3.1518000000000015,546.143675356
"InChI=1S/C26H28Cl2N4O6/c27-18-1-6-22(23(28)11-18)26(16-30-8-7-29-17-30)37-15-21(38-26)14-36-20-4-2-19(3-5-20)31-9-10-32(24(34)12-31)25(35)13-33/h1-8,11,17,21,24,33-34H,9-10,12-16H2",YWBDNCCYSDNNCD-UHFFFAOYSA-N,C(C(=O)N1C(CN(CC1)C2=CC=C(C=C2)OCC3COC(O3)(CN4C=CN=C4)C5=C(C=C(C=C5)Cl)Cl)O)O,,,C26H28Cl2N4O6,562.1385899759999,2.812100000000002,1,0,0,BTM00075,BTM00075,Hydroxylation of heteroalicyclic secondary carbon,BTMR1070,"CYP1A2
CYP2A6
CYP2C9
CYP2D6
CYP3A4",HUMAN,BTM00010,C(C(=O)N1CCN(CC1)C2=CC=C(C=C2)OCC3COC(O3)(CN4C=CN=C4)C5=C(C=C(C=C5)Cl)Cl)O,"InChI=1S/C26H28Cl2N4O5/c27-19-1-6-23(24(28)13-19)26(17-30-8-7-29-18-30)36-16-22(37-26)15-35-21-4-2-20(3-5-21)31-9-11-32(12-10-31)25(34)14-33/h1-8,13,18,22,33H,9-12,14-17H2",ZOHQNWNBEQCXIU-UHFFFAOYSA-N,3.1518000000000015,546.143675356
"InChI=1S/C26H28Cl2N4O6/c27-18-1-6-22(23(28)11-18)26(16-30-8-7-29-17-30)37-15-21(38-26)14-36-20-4-2-19(3-5-20)32-10-9-31(12-24(32)34)25(35)13-33/h1-8,11,17,21,24,33-34H,9-10,12-16H2",PAWJKEBDEZMQAQ-UHFFFAOYSA-N,C(C(=O)N1CC(N(CC1)C2=CC=C(C=C2)OCC3COC(O3)(CN4C=CN=C4)C5=C(C=C(C=C5)Cl)Cl)O)O,,,C26H28Cl2N4O6,562.1385899759999,2.812100000000002,1,0,0,BTM00081,BTM00081,Hydroxylation of heteroalicyclic secondary carbon,BTMR1070,"CYP1A2
CYP2A6
CYP2C9
CYP2D6
CYP3A4",HUMAN,BTM00010,C(C(=O)N1CCN(CC1)C2=CC=C(C=C2)OCC3COC(O3)(CN4C=CN=C4)C5=C(C=C(C=C5)Cl)Cl)O,"InChI=1S/C26H28Cl2N4O5/c27-19-1-6-23(24(28)13-19)26(17-30-8-7-29-18-30)36-16-22(37-26)15-35-21-4-2-20(3-5-21)31-9-11-32(12-10-31)25(34)14-33/h1-8,13,18,22,33H,9-12,14-17H2",ZOHQNWNBEQCXIU-UHFFFAOYSA-N,3.1518000000000015,546.143675356
"InChI=1S/C26H28Cl2N4O6/c27-18-1-6-22(23(28)11-18)26(16-30-8-7-29-17-30)37-15-21(38-26)14-36-20-4-2-19(3-5-20)31-9-10-32(24(34)12-31)25(35)13-33/h1-8,11,17,21,24,33-34H,9-10,12-16H2",YWBDNCCYSDNNCD-UHFFFAOYSA-N,C(C(=O)N1C(CN(CC1)C2=CC=C(C=C2)OCC3COC(O3)(CN4C=CN=C4)C5=C(C=C(C=C5)Cl)Cl)O)O,,,C26H28Cl2N4O6,562.1385899759999,2.812100000000002,1,0,0,BTM00075,BTM00075,Hydroxylation of heteroalicyclic secondary carbon,BTMR1071,CYP1A2,HUMAN,BTM00010,C(C(=O)N1CCN(CC1)C2=CC=C(C=C2)OCC3COC(O3)(CN4C=CN=C4)C5=C(C=C(C=C5)Cl)Cl)O,"InChI=1S/C26H28Cl2N4O5/c27-19-1-6-23(24(28)13-19)26(17-30-8-7-29-18-30)36-16-22(37-26)15-35-21-4-2-20(3-5-21)31-9-11-32(12-10-31)25(34)14-33/h1-8,13,18,22,33H,9-12,14-17H2",ZOHQNWNBEQCXIU-UHFFFAOYSA-N,3.1518000000000015,546.143675356
"InChI=1S/C26H28Cl2N4O6/c27-18-1-6-22(23(28)11-18)26(16-30-8-7-29-17-30)37-15-21(38-26)14-36-20-4-2-19(3-5-20)32-10-9-31(12-24(32)34)25(35)13-33/h1-8,11,17,21,24,33-34H,9-10,12-16H2",PAWJKEBDEZMQAQ-UHFFFAOYSA-N,C(C(=O)N1CC(N(CC1)C2=CC=C(C=C2)OCC3COC(O3)(CN4C=CN=C4)C5=C(C=C(C=C5)Cl)Cl)O)O,,,C26H28Cl2N4O6,562.1385899759999,2.812100000000002,1,0,0,BTM00081,BTM00081,Hydroxylation of heteroalicyclic secondary carbon,BTMR1071,CYP1A2,HUMAN,BTM00010,C(C(=O)N1CCN(CC1)C2=CC=C(C=C2)OCC3COC(O3)(CN4C=CN=C4)C5=C(C=C(C=C5)Cl)Cl)O,"InChI=1S/C26H28Cl2N4O5/c27-19-1-6-23(24(28)13-19)26(17-30-8-7-29-18-30)36-16-22(37-26)15-35-21-4-2-20(3-5-21)31-9-11-32(12-10-31)25(34)14-33/h1-8,13,18,22,33H,9-12,14-17H2",ZOHQNWNBEQCXIU-UHFFFAOYSA-N,3.1518000000000015,546.143675356
"InChI=1S/C26H28Cl2N4O6/c27-18-1-6-21(22(28)13-18)26(16-30-8-7-29-17-30)37-23(25(35)38-26)15-36-20-4-2-19(3-5-20)31-9-11-32(12-10-31)24(34)14-33/h1-8,13,17,23,25,33,35H,9-12,14-16H2",ILBOYCVEXVQNON-UHFFFAOYSA-N,C(C(=O)N1CCN(CC1)C2=CC=C(C=C2)OCC3C(OC(O3)(CN4C=CN=C4)C5=C(C=C(C=C5)Cl)Cl)O)O,,,C26H28Cl2N4O6,562.1385899759999,2.812100000000002,1,0,0,BTM00084,BTM00084,Hydroxylation of heteroalicyclic secondary carbon,BTMR1071,CYP1A2,HUMAN,BTM00010,C(C(=O)N1CCN(CC1)C2=CC=C(C=C2)OCC3COC(O3)(CN4C=CN=C4)C5=C(C=C(C=C5)Cl)Cl)O,"InChI=1S/C26H28Cl2N4O5/c27-19-1-6-23(24(28)13-19)26(17-30-8-7-29-18-30)36-16-22(37-26)15-35-21-4-2-20(3-5-21)31-9-11-32(12-10-31)25(34)14-33/h1-8,13,18,22,33H,9-12,14-17H2",ZOHQNWNBEQCXIU-UHFFFAOYSA-N,3.1518000000000015,546.143675356
"InChI=1S/C26H26Cl2N4O5/c27-19-1-6-23(24(28)13-19)26(17-30-8-7-29-18-30)36-16-22(37-26)15-35-21-4-2-20(3-5-21)31-9-11-32(12-10-31)25(34)14-33/h1-8,13-14,18,22H,9-12,15-17H2",SHAVXWVLITZACM-UHFFFAOYSA-N,C(C(=O)N1CCN(CC1)C2=CC=C(C=C2)OCC3COC(O3)(CN4C=CN=C4)C5=C(C=C(C=C5)Cl)Cl)=O,,,C26H26Cl2N4O5,544.1280252920001,3.408100000000002,1,0,0,BTM00088,BTM00088,Oxidation of primary alcohol to aldehyde,BTMR0105,"CYP1A2
CYP2E1
CYP3A4",HUMAN,BTM00010,C(C(=O)N1CCN(CC1)C2=CC=C(C=C2)OCC3COC(O3)(CN4C=CN=C4)C5=C(C=C(C=C5)Cl)Cl)O,"InChI=1S/C26H28Cl2N4O5/c27-19-1-6-23(24(28)13-19)26(17-30-8-7-29-18-30)36-16-22(37-26)15-35-21-4-2-20(3-5-21)31-9-11-32(12-10-31)25(34)14-33/h1-8,13,18,22,33H,9-12,14-17H2",ZOHQNWNBEQCXIU-UHFFFAOYSA-N,3.1518000000000015,546.143675356
"InChI=1S/C26H28Cl2N4O6/c27-22-6-5-21(24(28)25(22)35)26(16-30-8-7-29-17-30)37-15-20(38-26)14-36-19-3-1-18(2-4-19)31-9-11-32(12-10-31)23(34)13-33/h1-8,17,20,33,35H,9-16H2",OFNYRWFVLOCIMN-UHFFFAOYSA-N,C(C(=O)N1CCN(CC1)C2=CC=C(C=C2)OCC3COC(O3)(CN4C=CN=C4)C5=C(C(=C(C=C5)Cl)O)Cl)O,,,C26H28Cl2N4O6,562.1385899759999,2.884400000000004,1,0,0,BTM00087,BTM00087,Hydroxylation of aromatic carbon ortho to halide group,BTMR1040,"CYP1A2
CYP2A6
CYP2B6
CYP2C8
CYP2C9
CYP2C19
CYP2D6
CYP2E1
CYP3A4",HUMAN,BTM00010,C(C(=O)N1CCN(CC1)C2=CC=C(C=C2)OCC3COC(O3)(CN4C=CN=C4)C5=C(C=C(C=C5)Cl)Cl)O,"InChI=1S/C26H28Cl2N4O5/c27-19-1-6-23(24(28)13-19)26(17-30-8-7-29-18-30)36-16-22(37-26)15-35-21-4-2-20(3-5-21)31-9-11-32(12-10-31)25(34)14-33/h1-8,13,18,22,33H,9-12,14-17H2",ZOHQNWNBEQCXIU-UHFFFAOYSA-N,3.1518000000000015,546.143675356
"InChI=1S/C26H28Cl2N4O6/c27-22-12-23(28)24(34)11-21(22)26(16-30-6-5-29-17-30)37-15-20(38-26)14-36-19-3-1-18(2-4-19)31-7-9-32(10-8-31)25(35)13-33/h1-6,11-12,17,20,33-34H,7-10,13-16H2",BYHRBIOMKVXRHZ-UHFFFAOYSA-N,C(C(=O)N1CCN(CC1)C2=CC=C(C=C2)OCC3COC(O3)(CN4C=CN=C4)C5=C(C=C(C(=C5)O)Cl)Cl)O,,,C26H28Cl2N4O6,562.138589976,2.884400000000004,1,0,0,BTM00067,BTM00067,Hydroxylation of aromatic carbon ortho to halide group,BTMR1040,"CYP1A2
CYP2A6
CYP2B6
CYP2C8
CYP2C9
CYP2C19
CYP2D6
CYP2E1
CYP3A4",HUMAN,BTM00010,C(C(=O)N1CCN(CC1)C2=CC=C(C=C2)OCC3COC(O3)(CN4C=CN=C4)C5=C(C=C(C=C5)Cl)Cl)O,"InChI=1S/C26H28Cl2N4O5/c27-19-1-6-23(24(28)13-19)26(17-30-8-7-29-18-30)36-16-22(37-26)15-35-21-4-2-20(3-5-21)31-9-11-32(12-10-31)25(34)14-33/h1-8,13,18,22,33H,9-12,14-17H2",ZOHQNWNBEQCXIU-UHFFFAOYSA-N,3.1518000000000015,546.143675356
"InChI=1S/C26H28Cl2N4O6/c27-18-11-22(28)25(23(34)12-18)26(16-30-6-5-29-17-30)37-15-21(38-26)14-36-20-3-1-19(2-4-20)31-7-9-32(10-8-31)24(35)13-33/h1-6,11-12,17,21,33-34H,7-10,13-16H2",LFDDSRDNOZPBLH-UHFFFAOYSA-N,C(C(=O)N1CCN(CC1)C2=CC=C(C=C2)OCC3COC(O3)(CN4C=CN=C4)C5=C(C=C(C=C5O)Cl)Cl)O,,,C26H28Cl2N4O6,562.138589976,2.884400000000004,1,0,0,BTM00089,BTM00089,Hydroxylation of aromatic carbon meta to halide group,BTMR1039,"CYP2A6
CYP2B6
CYP2C9
CYP2C19
CYP2E1
CYP3A4",HUMAN,BTM00010,C(C(=O)N1CCN(CC1)C2=CC=C(C=C2)OCC3COC(O3)(CN4C=CN=C4)C5=C(C=C(C=C5)Cl)Cl)O,"InChI=1S/C26H28Cl2N4O5/c27-19-1-6-23(24(28)13-19)26(17-30-8-7-29-18-30)36-16-22(37-26)15-35-21-4-2-20(3-5-21)31-9-11-32(12-10-31)25(34)14-33/h1-8,13,18,22,33H,9-12,14-17H2",ZOHQNWNBEQCXIU-UHFFFAOYSA-N,3.1518000000000015,546.143675356
"InChI=1S/C26H28Cl2N4O6/c1-18(34)32(10-11-33)9-7-30-20-2-4-21(5-3-20)36-14-22-15-37-26(38-22,16-31-8-6-29-17-31)25-23(28)12-19(27)13-24(25)35/h2-6,8,11-13,17,22,30,35H,7,9-10,14-16H2,1H3",VRCWDJZRSNOLQB-UHFFFAOYSA-N,CC(=O)N(CC=O)CCNC1=CC=C(C=C1)OCC2COC(O2)(CN3C=CN=C3)C4=C(C=C(C=C4O)Cl)Cl,,,C26H28Cl2N4O6,562.1385899759999,2.887800000000002,1,1,1,BTM00045,BTM00045,N-Dealkylation of mixed tertiary amine,BTMR1145,"CYP1A2
CYP2A6
CYP2B6
CYP2C8
CYP2C9
CYP2C19
CYP2D6
CYP3A4",HUMAN,BTM00011,CC(=O)N1CCN(CC1)C2=CC=C(C=C2)OCC3COC(O3)(CN4C=CN=C4)C5=C(C=C(C=C5O)Cl)Cl,"InChI=1S/C26H28Cl2N4O5/c1-18(33)31-8-10-32(11-9-31)20-2-4-21(5-3-20)35-14-22-15-36-26(37-22,16-30-7-6-29-17-30)25-23(28)12-19(27)13-24(25)34/h2-7,12-13,17,22,34H,8-11,14-16H2,1H3",BHQYLJSIRANHPS-UHFFFAOYSA-N,3.3430000000000017,546.143675356
"InChI=1S/C26H28Cl2N4O6/c1-17(33)31-8-10-32(11-9-31)18-2-4-19(5-3-18)36-13-20-14-37-26(38-20,15-30-7-6-29-16-30)23-22(34)12-21(27)25(35)24(23)28/h2-7,12,16,20,34-35H,8-11,13-15H2,1H3",PZTWLOUMLRGTDL-UHFFFAOYSA-N,CC(=O)N1CCN(CC1)C2=CC=C(C=C2)OCC3COC(O3)(CN4C=CN=C4)C5=C(C(=C(C=C5O)Cl)O)Cl,,,C26H28Cl2N4O6,562.138589976,3.075600000000003,1,0,0,BTM00086,BTM00086,p-Hydroxylation of phenol,BTMR1038,"CYP1A2
CYP2A6
CYP2B6
CYP2C8
CYP2C9
CYP2C19
CYP2D6
CYP2E1
CYP3A4",HUMAN,BTM00011,CC(=O)N1CCN(CC1)C2=CC=C(C=C2)OCC3COC(O3)(CN4C=CN=C4)C5=C(C=C(C=C5O)Cl)Cl,"InChI=1S/C26H28Cl2N4O5/c1-18(33)31-8-10-32(11-9-31)20-2-4-21(5-3-20)35-14-22-15-36-26(37-22,16-30-7-6-29-17-30)25-23(28)12-19(27)13-24(25)34/h2-7,12-13,17,22,34H,8-11,14-16H2,1H3",BHQYLJSIRANHPS-UHFFFAOYSA-N,3.3430000000000017,546.143675356
"InChI=1S/C12H16N2O2/c1-10(15)13-6-8-14(9-7-13)11-2-4-12(16)5-3-11/h2-5,16H,6-9H2,1H3",AGVNLFCRZULMKK-UHFFFAOYSA-N,CC(=O)N1CCN(CC1)C2=CC=C(C=C2)O,,,C12H16N2O2,220.121177752,0.9417000000000003,0,0,0,BTM00002,BTM00002,O-Dealkylation,BTMR0052,"CYP1A2
CYP2A6
CYP2C9
CYP2C19
CYP2D6
CYP2E1
CYP3A4",HUMAN,BTM00011,CC(=O)N1CCN(CC1)C2=CC=C(C=C2)OCC3COC(O3)(CN4C=CN=C4)C5=C(C=C(C=C5O)Cl)Cl,"InChI=1S/C26H28Cl2N4O5/c1-18(33)31-8-10-32(11-9-31)20-2-4-21(5-3-20)35-14-22-15-36-26(37-22,16-30-7-6-29-17-30)25-23(28)12-19(27)13-24(25)34/h2-7,12-13,17,22,34H,8-11,14-16H2,1H3",BHQYLJSIRANHPS-UHFFFAOYSA-N,3.3430000000000017,546.143675356
"InChI=1S/C14H12Cl2N2O4/c15-9-3-11(16)13(12(20)4-9)14(7-18-2-1-17-8-18)21-6-10(5-19)22-14/h1-5,8,10,20H,6-7H2",IXODAQDVZHEYRU-UHFFFAOYSA-N,C(C1COC(O1)(CN2C=CN=C2)C3=C(C=C(C=C3O)Cl)Cl)=O,,,C14H12Cl2N2O4,342.017412224,2.0486000000000004,0,0,0,BTM00054,BTM00054,O-Dealkylation,BTMR0052,"CYP1A2
CYP2A6
CYP2C9
CYP2C19
CYP2D6
CYP2E1
CYP3A4",HUMAN,BTM00011,CC(=O)N1CCN(CC1)C2=CC=C(C=C2)OCC3COC(O3)(CN4C=CN=C4)C5=C(C=C(C=C5O)Cl)Cl,"InChI=1S/C26H28Cl2N4O5/c1-18(33)31-8-10-32(11-9-31)20-2-4-21(5-3-20)35-14-22-15-36-26(37-22,16-30-7-6-29-17-30)25-23(28)12-19(27)13-24(25)34/h2-7,12-13,17,22,34H,8-11,14-16H2,1H3",BHQYLJSIRANHPS-UHFFFAOYSA-N,3.3430000000000017,546.143675356
"InChI=1S/C26H28Cl2N4O6/c1-18(33)31-8-10-32(35,11-9-31)20-2-4-21(5-3-20)36-14-22-15-37-26(38-22,16-30-7-6-29-17-30)25-23(28)12-19(27)13-24(25)34/h2-7,12-13,17,22,34H,8-11,14-16H2,1H3",SUMOYZCFKCBPSL-UHFFFAOYSA-N,CC(=O)N1CC[N+](CC1)(C2=CC=C(C=C2)OCC3COC(O3)(CN4C=CN=C4)C5=C(C=C(C=C5O)Cl)Cl)[O-],,,C26H28Cl2N4O6,562.138589976,2.8424000000000023,1,0,0,BTM00061,BTM00061,N-Oxidation of alicyclic tertiary amine,BTMR1099,"CYP1A2
CYP2C8
CYP2C19
CYP2D6
CYP3A4",HUMAN,BTM00011,CC(=O)N1CCN(CC1)C2=CC=C(C=C2)OCC3COC(O3)(CN4C=CN=C4)C5=C(C=C(C=C5O)Cl)Cl,"InChI=1S/C26H28Cl2N4O5/c1-18(33)31-8-10-32(11-9-31)20-2-4-21(5-3-20)35-14-22-15-36-26(37-22,16-30-7-6-29-17-30)25-23(28)12-19(27)13-24(25)34/h2-7,12-13,17,22,34H,8-11,14-16H2,1H3",BHQYLJSIRANHPS-UHFFFAOYSA-N,3.3430000000000017,546.143675356
"InChI=1S/C26H28Cl2N4O6/c1-17(33)31-8-10-32(11-9-31)18-2-4-19(5-3-18)36-13-20-14-37-26(38-20,15-30-7-6-29-16-30)23-21(27)12-22(28)24(34)25(23)35/h2-7,12,16,20,34-35H,8-11,13-15H2,1H3",SHRODDCKVJSUSW-UHFFFAOYSA-N,CC(=O)N1CCN(CC1)C2=CC=C(C=C2)OCC3COC(O3)(CN4C=CN=C4)C5=C(C=C(C(=C5O)O)Cl)Cl,,,C26H28Cl2N4O6,562.138589976,3.075600000000003,1,0,0,BTM00065,BTM00065,Hydroxylation of aromatic carbon para to halide group,BTMR1041,"CYP1A2
CYP2E1
CYP3A4",HUMAN,BTM00011,CC(=O)N1CCN(CC1)C2=CC=C(C=C2)OCC3COC(O3)(CN4C=CN=C4)C5=C(C=C(C=C5O)Cl)Cl,"InChI=1S/C26H28Cl2N4O5/c1-18(33)31-8-10-32(11-9-31)20-2-4-21(5-3-20)35-14-22-15-36-26(37-22,16-30-7-6-29-17-30)25-23(28)12-19(27)13-24(25)34/h2-7,12-13,17,22,34H,8-11,14-16H2,1H3",BHQYLJSIRANHPS-UHFFFAOYSA-N,3.3430000000000017,546.143675356
"InChI=1S/C26H28Cl2N4O6/c1-17(33)32-9-8-31(12-24(32)35)19-2-4-20(5-3-19)36-13-21-14-37-26(38-21,15-30-7-6-29-16-30)25-22(28)10-18(27)11-23(25)34/h2-7,10-11,16,21,24,34-35H,8-9,12-15H2,1H3",PSVXABNMYRQOSK-UHFFFAOYSA-N,CC(=O)N1C(CN(CC1)C2=CC=C(C=C2)OCC3COC(O3)(CN4C=CN=C4)C5=C(C=C(C=C5O)Cl)Cl)O,,,C26H28Cl2N4O6,562.138589976,3.003300000000003,1,0,0,BTM00076,BTM00076,Hydroxylation of heteroalicyclic secondary carbon,BTMR1070,"CYP1A2
CYP2A6
CYP2C9
CYP2D6
CYP3A4",HUMAN,BTM00011,CC(=O)N1CCN(CC1)C2=CC=C(C=C2)OCC3COC(O3)(CN4C=CN=C4)C5=C(C=C(C=C5O)Cl)Cl,"InChI=1S/C26H28Cl2N4O5/c1-18(33)31-8-10-32(11-9-31)20-2-4-21(5-3-20)35-14-22-15-36-26(37-22,16-30-7-6-29-17-30)25-23(28)12-19(27)13-24(25)34/h2-7,12-13,17,22,34H,8-11,14-16H2,1H3",BHQYLJSIRANHPS-UHFFFAOYSA-N,3.3430000000000017,546.143675356
"InChI=1S/C26H28Cl2N4O6/c1-17(33)31-8-9-32(24(35)12-31)19-2-4-20(5-3-19)36-13-21-14-37-26(38-21,15-30-7-6-29-16-30)25-22(28)10-18(27)11-23(25)34/h2-7,10-11,16,21,24,34-35H,8-9,12-15H2,1H3",YQMSOZMNUFWRIP-UHFFFAOYSA-N,CC(=O)N1CC(N(CC1)C2=CC=C(C=C2)OCC3COC(O3)(CN4C=CN=C4)C5=C(C=C(C=C5O)Cl)Cl)O,,,C26H28Cl2N4O6,562.1385899759999,3.003300000000003,1,0,0,BTM00082,BTM00082,Hydroxylation of heteroalicyclic secondary carbon,BTMR1070,"CYP1A2
CYP2A6
CYP2C9
CYP2D6
CYP3A4",HUMAN,BTM00011,CC(=O)N1CCN(CC1)C2=CC=C(C=C2)OCC3COC(O3)(CN4C=CN=C4)C5=C(C=C(C=C5O)Cl)Cl,"InChI=1S/C26H28Cl2N4O5/c1-18(33)31-8-10-32(11-9-31)20-2-4-21(5-3-20)35-14-22-15-36-26(37-22,16-30-7-6-29-17-30)25-23(28)12-19(27)13-24(25)34/h2-7,12-13,17,22,34H,8-11,14-16H2,1H3",BHQYLJSIRANHPS-UHFFFAOYSA-N,3.3430000000000017,546.143675356
"InChI=1S/C26H28Cl2N4O6/c1-17(33)32-9-8-31(12-24(32)35)19-2-4-20(5-3-19)36-13-21-14-37-26(38-21,15-30-7-6-29-16-30)25-22(28)10-18(27)11-23(25)34/h2-7,10-11,16,21,24,34-35H,8-9,12-15H2,1H3",PSVXABNMYRQOSK-UHFFFAOYSA-N,CC(=O)N1C(CN(CC1)C2=CC=C(C=C2)OCC3COC(O3)(CN4C=CN=C4)C5=C(C=C(C=C5O)Cl)Cl)O,,,C26H28Cl2N4O6,562.138589976,3.003300000000003,1,0,0,BTM00076,BTM00076,Hydroxylation of heteroalicyclic secondary carbon,BTMR1071,CYP1A2,HUMAN,BTM00011,CC(=O)N1CCN(CC1)C2=CC=C(C=C2)OCC3COC(O3)(CN4C=CN=C4)C5=C(C=C(C=C5O)Cl)Cl,"InChI=1S/C26H28Cl2N4O5/c1-18(33)31-8-10-32(11-9-31)20-2-4-21(5-3-20)35-14-22-15-36-26(37-22,16-30-7-6-29-17-30)25-23(28)12-19(27)13-24(25)34/h2-7,12-13,17,22,34H,8-11,14-16H2,1H3",BHQYLJSIRANHPS-UHFFFAOYSA-N,3.3430000000000017,546.143675356
"InChI=1S/C26H28Cl2N4O6/c1-17(33)31-8-9-32(24(35)12-31)19-2-4-20(5-3-19)36-13-21-14-37-26(38-21,15-30-7-6-29-16-30)25-22(28)10-18(27)11-23(25)34/h2-7,10-11,16,21,24,34-35H,8-9,12-15H2,1H3",YQMSOZMNUFWRIP-UHFFFAOYSA-N,CC(=O)N1CC(N(CC1)C2=CC=C(C=C2)OCC3COC(O3)(CN4C=CN=C4)C5=C(C=C(C=C5O)Cl)Cl)O,,,C26H28Cl2N4O6,562.1385899759999,3.003300000000003,1,0,0,BTM00082,BTM00082,Hydroxylation of heteroalicyclic secondary carbon,BTMR1071,CYP1A2,HUMAN,BTM00011,CC(=O)N1CCN(CC1)C2=CC=C(C=C2)OCC3COC(O3)(CN4C=CN=C4)C5=C(C=C(C=C5O)Cl)Cl,"InChI=1S/C26H28Cl2N4O5/c1-18(33)31-8-10-32(11-9-31)20-2-4-21(5-3-20)35-14-22-15-36-26(37-22,16-30-7-6-29-17-30)25-23(28)12-19(27)13-24(25)34/h2-7,12-13,17,22,34H,8-11,14-16H2,1H3",BHQYLJSIRANHPS-UHFFFAOYSA-N,3.3430000000000017,546.143675356
"InChI=1S/C26H28Cl2N4O6/c1-17(33)31-8-10-32(11-9-31)19-2-4-20(5-3-19)36-14-23-25(35)38-26(37-23,15-30-7-6-29-16-30)24-21(28)12-18(27)13-22(24)34/h2-7,12-13,16,23,25,34-35H,8-11,14-15H2,1H3",DOJBLWJKYQVPKQ-UHFFFAOYSA-N,CC(=O)N1CCN(CC1)C2=CC=C(C=C2)OCC3C(OC(O3)(CN4C=CN=C4)C5=C(C=C(C=C5O)Cl)Cl)O,,,C26H28Cl2N4O6,562.1385899759999,3.003300000000003,1,0,0,BTM00085,BTM00085,Hydroxylation of heteroalicyclic secondary carbon,BTMR1071,CYP1A2,HUMAN,BTM00011,CC(=O)N1CCN(CC1)C2=CC=C(C=C2)OCC3COC(O3)(CN4C=CN=C4)C5=C(C=C(C=C5O)Cl)Cl,"InChI=1S/C26H28Cl2N4O5/c1-18(33)31-8-10-32(11-9-31)20-2-4-21(5-3-20)35-14-22-15-36-26(37-22,16-30-7-6-29-17-30)25-23(28)12-19(27)13-24(25)34/h2-7,12-13,17,22,34H,8-11,14-16H2,1H3",BHQYLJSIRANHPS-UHFFFAOYSA-N,3.3430000000000017,546.143675356
"InChI=1S/C26H28Cl2N4O6/c27-18-11-22(28)25(23(34)12-18)26(16-30-6-5-29-17-30)37-15-21(38-26)14-36-20-3-1-19(2-4-20)31-7-9-32(10-8-31)24(35)13-33/h1-6,11-12,17,21,33-34H,7-10,13-16H2",LFDDSRDNOZPBLH-UHFFFAOYSA-N,C(C(=O)N1CCN(CC1)C2=CC=C(C=C2)OCC3COC(O3)(CN4C=CN=C4)C5=C(C=C(C=C5O)Cl)Cl)O,,,C26H28Cl2N4O6,562.138589976,2.884400000000004,1,0,0,BTM00089,BTM00089,alpha-Hydroxylation of carbonyl group,BTMR1054,"CYP1A2
CYP2A6
CYP2B6
CYP2C8
CYP2C9
CYP2C19
CYP2D6
CYP3A4",HUMAN,BTM00011,CC(=O)N1CCN(CC1)C2=CC=C(C=C2)OCC3COC(O3)(CN4C=CN=C4)C5=C(C=C(C=C5O)Cl)Cl,"InChI=1S/C26H28Cl2N4O5/c1-18(33)31-8-10-32(11-9-31)20-2-4-21(5-3-20)35-14-22-15-36-26(37-22,16-30-7-6-29-17-30)25-23(28)12-19(27)13-24(25)34/h2-7,12-13,17,22,34H,8-11,14-16H2,1H3",BHQYLJSIRANHPS-UHFFFAOYSA-N,3.3430000000000017,546.143675356
