InChI,InChIKey,SMILES,Synonyms,PUBCHEM_CID,Molecular formula,Major Isotope Mass,ALogP,Lipinski_Violations,Insecticide_Likeness_Violations,Post_Em_Herbicide_Likeness_Violations,Metabolite ID,cdk:Title,Reaction,Reaction ID,Enzyme(s),Biosystem,Precursor ID,Precursor SMILES,Precursor InChI,Precursor InChIKey,Precursor ALogP,Precursor Major Isotope Mass
"InChI=1S/C18H19ClN4O/c1-22-6-8-23(9-7-22)18-14-11-13(24)3-5-15(14)20-16-4-2-12(19)10-17(16)21-18/h2-5,10-11,21,24H,6-9H2,1H3",GXPDOYOBRASXTL-UHFFFAOYSA-N,CN1CCN(CC1)C2=C3C=C(C=CC3=NC4=C(N2)C=C(C=C4)Cl)O,,,C18H19ClN4O,342.12473890800004,3.502900000000001,0,0,0,BTM00001,BTM00001,Aromatic hydroxylation of fused benzene ring,BTMR1030,"CYP1A2
CYP2A6
CYP2B6
CYP2C8
CYP2C9
CYP2C19
CYP2D6
CYP2E1
CYP3A4",HUMAN,,CN1CCN(CC1)C2=C3C=CC=CC3=NC4=C(N2)C=C(C=C4)Cl,"InChI=1S/C18H19ClN4/c1-22-8-10-23(11-9-22)18-14-4-2-3-5-15(14)20-16-7-6-13(19)12-17(16)21-18/h2-7,12,21H,8-11H2,1H3",ZUXABONWMNSFBN-UHFFFAOYSA-N,,326.1298
"InChI=1S/C18H19ClN4O/c1-22-6-8-23(9-7-22)18-14-4-3-13(24)11-16(14)20-15-5-2-12(19)10-17(15)21-18/h2-5,10-11,21,24H,6-9H2,1H3",FAYSNXFJEGVEFZ-UHFFFAOYSA-N,CN1CCN(CC1)C2=C3C=CC(=CC3=NC4=C(N2)C=C(C=C4)Cl)O,,,C18H19ClN4O,342.12473890800004,3.502900000000001,0,0,0,BTM00002,BTM00002,Aromatic hydroxylation of fused benzene ring,BTMR1030,"CYP1A2
CYP2A6
CYP2B6
CYP2C8
CYP2C9
CYP2C19
CYP2D6
CYP2E1
CYP3A4",HUMAN,,CN1CCN(CC1)C2=C3C=CC=CC3=NC4=C(N2)C=C(C=C4)Cl,"InChI=1S/C18H19ClN4/c1-22-8-10-23(11-9-22)18-14-4-2-3-5-15(14)20-16-7-6-13(19)12-17(16)21-18/h2-7,12,21H,8-11H2,1H3",ZUXABONWMNSFBN-UHFFFAOYSA-N,,326.1298
"InChI=1S/C18H19ClN4O/c1-22-6-8-23(9-7-22)18-12-4-2-3-5-14(12)20-16-11-17(24)13(19)10-15(16)21-18/h2-5,10-11,21,24H,6-9H2,1H3",VKRISURJQLVAKU-UHFFFAOYSA-N,CN1CCN(CC1)C2=C3C=CC=CC3=NC4=C(N2)C=C(C(=C4)O)Cl,,,C18H19ClN4O,342.124738908,3.502900000000001,0,0,0,BTM00003,BTM00003,Aromatic hydroxylation of fused benzene ring,BTMR1030,"CYP1A2
CYP2A6
CYP2B6
CYP2C8
CYP2C9
CYP2C19
CYP2D6
CYP2E1
CYP3A4",HUMAN,,CN1CCN(CC1)C2=C3C=CC=CC3=NC4=C(N2)C=C(C=C4)Cl,"InChI=1S/C18H19ClN4/c1-22-8-10-23(11-9-22)18-14-4-2-3-5-15(14)20-16-7-6-13(19)12-17(16)21-18/h2-7,12,21H,8-11H2,1H3",ZUXABONWMNSFBN-UHFFFAOYSA-N,,326.1298
"InChI=1S/C18H19ClN4O/c1-23(24)10-8-22(9-11-23)18-14-4-2-3-5-15(14)20-16-7-6-13(19)12-17(16)21-18/h2-7,12,21H,8-11H2,1H3",WYRDWWAASBTJLM-UHFFFAOYSA-N,C[N+]1(CCN(CC1)C2=C3C=CC=CC3=NC4=C(N2)C=C(C=C4)Cl)[O-],,,C18H19ClN4O,342.124738908,3.3651999999999997,0,0,0,BTM00004,BTM00004,N-Oxidation of alicyclic tertiary amine,BTMR1099,"CYP1A2
CYP2C8
CYP2C19
CYP2D6
CYP3A4",HUMAN,,CN1CCN(CC1)C2=C3C=CC=CC3=NC4=C(N2)C=C(C=C4)Cl,"InChI=1S/C18H19ClN4/c1-22-8-10-23(11-9-22)18-14-4-2-3-5-15(14)20-16-7-6-13(19)12-17(16)21-18/h2-7,12,21H,8-11H2,1H3",ZUXABONWMNSFBN-UHFFFAOYSA-N,,326.1298
"InChI=1S/C17H17ClN4/c18-12-5-6-15-16(11-12)21-17(22-9-7-19-8-10-22)13-3-1-2-4-14(13)20-15/h1-6,11,19,21H,7-10H2",HESZUPIXRNZIOI-UHFFFAOYSA-N,N1CCN(CC1)C2=C3C=CC=CC3=NC4=C(N2)C=C(C=C4)Cl,,,C17H17ClN4,312.114174224,3.2343999999999995,0,0,0,BTM00005,BTM00005,N-Dealkylation of alicyclic tertiary amine,BTMR1144,"CYP1A2
CYP2A6
CYP2B6
CYP2C8
CYP2C9
CYP2C19
CYP2D6
CYP3A4",HUMAN,,CN1CCN(CC1)C2=C3C=CC=CC3=NC4=C(N2)C=C(C=C4)Cl,"InChI=1S/C18H19ClN4/c1-22-8-10-23(11-9-22)18-14-4-2-3-5-15(14)20-16-7-6-13(19)12-17(16)21-18/h2-7,12,21H,8-11H2,1H3",ZUXABONWMNSFBN-UHFFFAOYSA-N,,326.1298
"InChI=1S/C18H19ClN4O/c1-22-8-10-23(24,11-9-22)18-14-4-2-3-5-15(14)20-16-7-6-13(19)12-17(16)21-18/h2-7,12,21H,8-11H2,1H3",IJABFYQVZNUDFL-UHFFFAOYSA-N,CN1CC[N+](CC1)(C2=C3C=CC=CC3=NC4=C(N2)C=C(C=C4)Cl)[O-],,,C18H19ClN4O,342.124738908,3.3651999999999997,0,0,0,BTM00006,BTM00006,N-Oxidation of aliphatic tertiary amine,BTMR1100,"CYP1A2
CYP2D6
CYP3A4",HUMAN,,CN1CCN(CC1)C2=C3C=CC=CC3=NC4=C(N2)C=C(C=C4)Cl,"InChI=1S/C18H19ClN4/c1-22-8-10-23(11-9-22)18-14-4-2-3-5-15(14)20-16-7-6-13(19)12-17(16)21-18/h2-7,12,21H,8-11H2,1H3",ZUXABONWMNSFBN-UHFFFAOYSA-N,,326.1298
"InChI=1S/C18H19ClN4O/c1-23(24)10-8-22(9-11-23)18-14-4-2-3-5-15(14)20-16-7-6-13(19)12-17(16)21-18/h2-7,12,21H,8-11H2,1H3",WYRDWWAASBTJLM-UHFFFAOYSA-N,C[N+]1(CCN(CC1)C2=C3C=CC=CC3=NC4=C(N2)C=C(C=C4)Cl)[O-],,,C18H19ClN4O,342.124738908,3.3651999999999997,0,0,0,BTM00004,BTM00004,N-Oxidation of aliphatic tertiary amine,BTMR1100,"CYP1A2
CYP2D6
CYP3A4",HUMAN,,CN1CCN(CC1)C2=C3C=CC=CC3=NC4=C(N2)C=C(C=C4)Cl,"InChI=1S/C18H19ClN4/c1-22-8-10-23(11-9-22)18-14-4-2-3-5-15(14)20-16-7-6-13(19)12-17(16)21-18/h2-7,12,21H,8-11H2,1H3",ZUXABONWMNSFBN-UHFFFAOYSA-N,,326.1298
"InChI=1S/C18H19ClN4O/c1-22-8-9-23(11-17(22)24)18-13-4-2-3-5-14(13)20-15-7-6-12(19)10-16(15)21-18/h2-7,10,17,21,24H,8-9,11H2,1H3",YWBDUVMXBOABKP-UHFFFAOYSA-N,CN1C(CN(CC1)C2=C3C=CC=CC3=NC4=C(N2)C=C(C=C4)Cl)O,,,C18H19ClN4O,342.124738908,3.4306,0,0,0,BTM00007,BTM00007,Hydroxylation of heteroalicyclic secondary carbon,BTMR1070,"CYP1A2
CYP2A6
CYP2C9
CYP2D6
CYP3A4",HUMAN,,CN1CCN(CC1)C2=C3C=CC=CC3=NC4=C(N2)C=C(C=C4)Cl,"InChI=1S/C18H19ClN4/c1-22-8-10-23(11-9-22)18-14-4-2-3-5-15(14)20-16-7-6-13(19)12-17(16)21-18/h2-7,12,21H,8-11H2,1H3",ZUXABONWMNSFBN-UHFFFAOYSA-N,,326.1298
"InChI=1S/C18H19ClN4O/c1-22-8-9-23(17(24)11-22)18-13-4-2-3-5-14(13)20-15-7-6-12(19)10-16(15)21-18/h2-7,10,17,21,24H,8-9,11H2,1H3",HKAHABWRDIOGHJ-UHFFFAOYSA-N,CN1CC(N(CC1)C2=C3C=CC=CC3=NC4=C(N2)C=C(C=C4)Cl)O,,,C18H19ClN4O,342.124738908,3.4306,0,0,0,BTM00008,BTM00008,Hydroxylation of heteroalicyclic secondary carbon,BTMR1070,"CYP1A2
CYP2A6
CYP2C9
CYP2D6
CYP3A4",HUMAN,,CN1CCN(CC1)C2=C3C=CC=CC3=NC4=C(N2)C=C(C=C4)Cl,"InChI=1S/C18H19ClN4/c1-22-8-10-23(11-9-22)18-14-4-2-3-5-15(14)20-16-7-6-13(19)12-17(16)21-18/h2-7,12,21H,8-11H2,1H3",ZUXABONWMNSFBN-UHFFFAOYSA-N,,326.1298
"InChI=1S/C18H19ClN4O/c1-22-7-9-23(10-8-22)18-13-3-2-4-16(24)17(13)20-14-6-5-12(19)11-15(14)21-18/h2-6,11,21,24H,7-10H2,1H3",YASYHDLUEMJFKA-UHFFFAOYSA-N,CN1CCN(CC1)C2=C3C=CC=C(C3=NC4=C(N2)C=C(C=C4)Cl)O,,,C18H19ClN4O,342.12473890800004,3.502900000000001,0,0,0,BTM00009,BTM00009,Aromatic hydroxylation of fused benzene ring,BTMR1031,"CYP1A2
CYP2B6
CYP2C8
CYP2C9
CYP2C19
CYP2D6
CYP3A4",HUMAN,,CN1CCN(CC1)C2=C3C=CC=CC3=NC4=C(N2)C=C(C=C4)Cl,"InChI=1S/C18H19ClN4/c1-22-8-10-23(11-9-22)18-14-4-2-3-5-15(14)20-16-7-6-13(19)12-17(16)21-18/h2-7,12,21H,8-11H2,1H3",ZUXABONWMNSFBN-UHFFFAOYSA-N,,326.1298
"InChI=1S/C18H19ClN4O/c1-22-7-9-23(10-8-22)18-17-14(3-2-4-16(17)24)20-13-6-5-12(19)11-15(13)21-18/h2-6,11,21,24H,7-10H2,1H3",GVQMBEAJHTXSAQ-UHFFFAOYSA-N,CN1CCN(CC1)C2=C3C(=CC=CC3=NC4=C(N2)C=C(C=C4)Cl)O,,,C18H19ClN4O,342.124738908,3.502900000000001,0,0,0,BTM00010,BTM00010,Aromatic hydroxylation of fused benzene ring,BTMR1032,"CYP1A2
CYP2B6
CYP2C8
CYP2C9
CYP2C19
CYP2D6
CYP3A4",HUMAN,,CN1CCN(CC1)C2=C3C=CC=CC3=NC4=C(N2)C=C(C=C4)Cl,"InChI=1S/C18H19ClN4/c1-22-8-10-23(11-9-22)18-14-4-2-3-5-15(14)20-16-7-6-13(19)12-17(16)21-18/h2-7,12,21H,8-11H2,1H3",ZUXABONWMNSFBN-UHFFFAOYSA-N,,326.1298
"InChI=1S/C18H19ClN4O/c1-22-8-10-23(11-9-22)18-12-4-2-3-5-14(12)20-15-7-6-13(19)17(24)16(15)21-18/h2-7,21,24H,8-11H2,1H3",PWRZXALANZESHI-UHFFFAOYSA-N,CN1CCN(CC1)C2=C3C=CC=CC3=NC4=C(N2)C(=C(C=C4)Cl)O,,,C18H19ClN4O,342.124738908,3.502900000000001,0,0,0,BTM00011,BTM00011,Hydroxylation of aromatic carbon ortho to halide group,BTMR1040,"CYP1A2
CYP2A6
CYP2B6
CYP2C8
CYP2C9
CYP2C19
CYP2D6
CYP2E1
CYP3A4",HUMAN,,CN1CCN(CC1)C2=C3C=CC=CC3=NC4=C(N2)C=C(C=C4)Cl,"InChI=1S/C18H19ClN4/c1-22-8-10-23(11-9-22)18-14-4-2-3-5-15(14)20-16-7-6-13(19)12-17(16)21-18/h2-7,12,21H,8-11H2,1H3",ZUXABONWMNSFBN-UHFFFAOYSA-N,,326.1298
"InChI=1S/C18H19ClN4O/c1-22-6-8-23(9-7-22)18-12-4-2-3-5-14(12)20-16-11-17(24)13(19)10-15(16)21-18/h2-5,10-11,21,24H,6-9H2,1H3",VKRISURJQLVAKU-UHFFFAOYSA-N,CN1CCN(CC1)C2=C3C=CC=CC3=NC4=C(N2)C=C(C(=C4)O)Cl,,,C18H19ClN4O,342.124738908,3.502900000000001,0,0,0,BTM00003,BTM00003,Hydroxylation of aromatic carbon ortho to halide group,BTMR1040,"CYP1A2
CYP2A6
CYP2B6
CYP2C8
CYP2C9
CYP2C19
CYP2D6
CYP2E1
CYP3A4",HUMAN,,CN1CCN(CC1)C2=C3C=CC=CC3=NC4=C(N2)C=C(C=C4)Cl,"InChI=1S/C18H19ClN4/c1-22-8-10-23(11-9-22)18-14-4-2-3-5-15(14)20-16-7-6-13(19)12-17(16)21-18/h2-7,12,21H,8-11H2,1H3",ZUXABONWMNSFBN-UHFFFAOYSA-N,,326.1298
"InChI=1S/C18H19ClN4O/c1-22-6-8-23(9-7-22)18-13-4-2-3-5-14(13)20-17-15(21-18)10-12(19)11-16(17)24/h2-5,10-11,21,24H,6-9H2,1H3",UKWCYNHXHRTADN-UHFFFAOYSA-N,CN1CCN(CC1)C2=C3C=CC=CC3=NC4=C(N2)C=C(C=C4O)Cl,,,C18H19ClN4O,342.124738908,3.502900000000001,0,0,0,BTM00012,BTM00012,Hydroxylation of aromatic carbon meta to halide group,BTMR1039,"CYP2A6
CYP2B6
CYP2C9
CYP2C19
CYP2E1
CYP3A4",HUMAN,,CN1CCN(CC1)C2=C3C=CC=CC3=NC4=C(N2)C=C(C=C4)Cl,"InChI=1S/C18H19ClN4/c1-22-8-10-23(11-9-22)18-14-4-2-3-5-15(14)20-16-7-6-13(19)12-17(16)21-18/h2-7,12,21H,8-11H2,1H3",ZUXABONWMNSFBN-UHFFFAOYSA-N,,326.1298
"InChI=1S/C24H27ClN4O7/c1-28-6-8-29(9-7-28)22-14-11-13(35-24-20(32)18(30)19(31)21(36-24)23(33)34)3-5-15(14)26-16-4-2-12(25)10-17(16)27-22/h2-5,10-11,18-21,24,27,30-32H,6-9H2,1H3,(H,33,34)",SNFFETDQORSJEC-UHFFFAOYSA-N,CN1CCN(CC1)C2=C3C=C(C=CC3=NC4=C(N2)C=C(C=C4)Cl)OC5OC(C(O)=O)C(C(C5O)O)O,,,C24H27ClN4O7,518.156826884,1.8074000000000006,1,1,1,BTM00013,BTM00013,Aromatic OH-glucuronidation,BTMR0166,EC 2.4.1.17,HUMAN,BTM00001,CN1CCN(CC1)C2=C3C=C(C=CC3=NC4=C(N2)C=C(C=C4)Cl)O,"InChI=1S/C18H19ClN4O/c1-22-6-8-23(9-7-22)18-14-11-13(24)3-5-15(14)20-16-4-2-12(19)10-17(16)21-18/h2-5,10-11,21,24H,6-9H2,1H3",GXPDOYOBRASXTL-UHFFFAOYSA-N,3.502900000000001,342.12473890800004
"InChI=1S/C18H19ClN4O4S/c1-22-6-8-23(9-7-22)18-14-11-13(27-28(24,25)26)3-5-15(14)20-16-4-2-12(19)10-17(16)21-18/h2-5,10-11,21H,6-9H2,1H3,(H,24,25,26)",DJQAMGIDPHVPRD-UHFFFAOYSA-N,CN1CCN(CC1)C2=C3C=C(C=CC3=NC4=C(N2)C=C(C=C4)Cl)OS(O)(=O)=O,,,C18H19ClN4O4S,422.081553768,2.7661000000000007,0,0,0,BTM00014,BTM00014,Sulfonation of phenolic compound,BTMR1376,EC 2.8.2.1,HUMAN,BTM00001,CN1CCN(CC1)C2=C3C=C(C=CC3=NC4=C(N2)C=C(C=C4)Cl)O,"InChI=1S/C18H19ClN4O/c1-22-6-8-23(9-7-22)18-14-11-13(24)3-5-15(14)20-16-4-2-12(19)10-17(16)21-18/h2-5,10-11,21,24H,6-9H2,1H3",GXPDOYOBRASXTL-UHFFFAOYSA-N,3.502900000000001,342.12473890800004
"InChI=1S/C19H21ClN4O/c1-23-7-9-24(10-8-23)19-15-12-14(25-2)4-6-16(15)21-17-5-3-13(20)11-18(17)22-19/h3-6,11-12,22H,7-10H2,1-2H3",IIBZPKIIVMBBQU-UHFFFAOYSA-N,CN1CCN(CC1)C2=C3C=C(C=CC3=NC4=C(N2)C=C(C=C4)Cl)OC,,,C19H21ClN4O,356.140388972,3.753900000000002,0,0,0,BTM00015,BTM00015,Methylation of phenolic compound,BTMR1377,EC 2.1.1.25,HUMAN,BTM00001,CN1CCN(CC1)C2=C3C=C(C=CC3=NC4=C(N2)C=C(C=C4)Cl)O,"InChI=1S/C18H19ClN4O/c1-22-6-8-23(9-7-22)18-14-11-13(24)3-5-15(14)20-16-4-2-12(19)10-17(16)21-18/h2-5,10-11,21,24H,6-9H2,1H3",GXPDOYOBRASXTL-UHFFFAOYSA-N,3.502900000000001,342.12473890800004
"InChI=1S/C24H27ClN4O7/c1-28-6-8-29(9-7-28)22-14-4-3-13(11-16(14)26-15-5-2-12(25)10-17(15)27-22)35-24-20(32)18(30)19(31)21(36-24)23(33)34/h2-5,10-11,18-21,24,27,30-32H,6-9H2,1H3,(H,33,34)",BHQDOYDNJYNKOX-UHFFFAOYSA-N,CN1CCN(CC1)C2=C3C=CC(=CC3=NC4=C(N2)C=C(C=C4)Cl)OC5OC(C(O)=O)C(C(C5O)O)O,,,C24H27ClN4O7,518.156826884,1.8074000000000006,1,1,1,BTM00016,BTM00016,Aromatic OH-glucuronidation,BTMR0166,EC 2.4.1.17,HUMAN,BTM00002,CN1CCN(CC1)C2=C3C=CC(=CC3=NC4=C(N2)C=C(C=C4)Cl)O,"InChI=1S/C18H19ClN4O/c1-22-6-8-23(9-7-22)18-14-4-3-13(24)11-16(14)20-15-5-2-12(19)10-17(15)21-18/h2-5,10-11,21,24H,6-9H2,1H3",FAYSNXFJEGVEFZ-UHFFFAOYSA-N,3.502900000000001,342.12473890800004
"InChI=1S/C18H19ClN4O4S/c1-22-6-8-23(9-7-22)18-14-4-3-13(27-28(24,25)26)11-16(14)20-15-5-2-12(19)10-17(15)21-18/h2-5,10-11,21H,6-9H2,1H3,(H,24,25,26)",UZYYYCRBQTVBOA-UHFFFAOYSA-N,CN1CCN(CC1)C2=C3C=CC(=CC3=NC4=C(N2)C=C(C=C4)Cl)OS(O)(=O)=O,,,C18H19ClN4O4S,422.081553768,2.7661000000000007,0,0,0,BTM00017,BTM00017,Sulfonation of phenolic compound,BTMR1376,EC 2.8.2.1,HUMAN,BTM00002,CN1CCN(CC1)C2=C3C=CC(=CC3=NC4=C(N2)C=C(C=C4)Cl)O,"InChI=1S/C18H19ClN4O/c1-22-6-8-23(9-7-22)18-14-4-3-13(24)11-16(14)20-15-5-2-12(19)10-17(15)21-18/h2-5,10-11,21,24H,6-9H2,1H3",FAYSNXFJEGVEFZ-UHFFFAOYSA-N,3.502900000000001,342.12473890800004
"InChI=1S/C19H21ClN4O/c1-23-7-9-24(10-8-23)19-15-5-4-14(25-2)12-17(15)21-16-6-3-13(20)11-18(16)22-19/h3-6,11-12,22H,7-10H2,1-2H3",IOISLNLISNOMNB-UHFFFAOYSA-N,CN1CCN(CC1)C2=C3C=CC(=CC3=NC4=C(N2)C=C(C=C4)Cl)OC,,,C19H21ClN4O,356.140388972,3.753900000000002,0,0,0,BTM00018,BTM00018,Methylation of phenolic compound,BTMR1377,EC 2.1.1.25,HUMAN,BTM00002,CN1CCN(CC1)C2=C3C=CC(=CC3=NC4=C(N2)C=C(C=C4)Cl)O,"InChI=1S/C18H19ClN4O/c1-22-6-8-23(9-7-22)18-14-4-3-13(24)11-16(14)20-15-5-2-12(19)10-17(15)21-18/h2-5,10-11,21,24H,6-9H2,1H3",FAYSNXFJEGVEFZ-UHFFFAOYSA-N,3.502900000000001,342.12473890800004
"InChI=1S/C24H27ClN4O7/c1-28-6-8-29(9-7-28)22-12-4-2-3-5-14(12)26-16-11-17(13(25)10-15(16)27-22)35-24-20(32)18(30)19(31)21(36-24)23(33)34/h2-5,10-11,18-21,24,27,30-32H,6-9H2,1H3,(H,33,34)",REQDSWBAEGKIAX-UHFFFAOYSA-N,CN1CCN(CC1)C2=C3C=CC=CC3=NC4=C(N2)C=C(C(=C4)OC5OC(C(O)=O)C(C(C5O)O)O)Cl,,,C24H27ClN4O7,518.1568268839999,1.8074000000000006,1,1,1,BTM00019,BTM00019,Aromatic OH-glucuronidation,BTMR0166,EC 2.4.1.17,HUMAN,BTM00003,CN1CCN(CC1)C2=C3C=CC=CC3=NC4=C(N2)C=C(C(=C4)O)Cl,"InChI=1S/C18H19ClN4O/c1-22-6-8-23(9-7-22)18-12-4-2-3-5-14(12)20-16-11-17(24)13(19)10-15(16)21-18/h2-5,10-11,21,24H,6-9H2,1H3",VKRISURJQLVAKU-UHFFFAOYSA-N,3.502900000000001,342.124738908
"InChI=1S/C18H19ClN4O4S/c1-22-6-8-23(9-7-22)18-12-4-2-3-5-14(12)20-16-11-17(27-28(24,25)26)13(19)10-15(16)21-18/h2-5,10-11,21H,6-9H2,1H3,(H,24,25,26)",HFKBDPSDQYGINP-UHFFFAOYSA-N,CN1CCN(CC1)C2=C3C=CC=CC3=NC4=C(N2)C=C(C(=C4)OS(O)(=O)=O)Cl,,,C18H19ClN4O4S,422.081553768,2.7661000000000007,0,0,0,BTM00020,BTM00020,Sulfonation of phenolic compound,BTMR1376,EC 2.8.2.1,HUMAN,BTM00003,CN1CCN(CC1)C2=C3C=CC=CC3=NC4=C(N2)C=C(C(=C4)O)Cl,"InChI=1S/C18H19ClN4O/c1-22-6-8-23(9-7-22)18-12-4-2-3-5-14(12)20-16-11-17(24)13(19)10-15(16)21-18/h2-5,10-11,21,24H,6-9H2,1H3",VKRISURJQLVAKU-UHFFFAOYSA-N,3.502900000000001,342.124738908
"InChI=1S/C19H21ClN4O/c1-23-7-9-24(10-8-23)19-13-5-3-4-6-15(13)21-17-12-18(25-2)14(20)11-16(17)22-19/h3-6,11-12,22H,7-10H2,1-2H3",RFZWKCHVRBXVNY-UHFFFAOYSA-N,CN1CCN(CC1)C2=C3C=CC=CC3=NC4=C(N2)C=C(C(=C4)OC)Cl,,,C19H21ClN4O,356.140388972,3.753900000000002,0,0,0,BTM00021,BTM00021,Methylation of phenolic compound,BTMR1377,EC 2.1.1.25,HUMAN,BTM00003,CN1CCN(CC1)C2=C3C=CC=CC3=NC4=C(N2)C=C(C(=C4)O)Cl,"InChI=1S/C18H19ClN4O/c1-22-6-8-23(9-7-22)18-12-4-2-3-5-14(12)20-16-11-17(24)13(19)10-15(16)21-18/h2-5,10-11,21,24H,6-9H2,1H3",VKRISURJQLVAKU-UHFFFAOYSA-N,3.502900000000001,342.124738908
"InChI=1S/C24H27ClN4O7/c1-29(36-24-20(32)18(30)19(31)21(35-24)23(33)34)10-8-28(9-11-29)22-14-4-2-3-5-15(14)26-16-7-6-13(25)12-17(16)27-22/h2-7,12,18-21,24,30-32H,8-11H2,1H3,(H-,26,27,33,34)/p+1",VMWAGFGDFRFZRZ-UHFFFAOYSA-O,C[N+]1(CCN(CC1)C2=C3C=CC=CC3=NC4=C(N2)C=C(C=C4)Cl)OC5OC(C(O)C(O)C5O)C(O)=O,,,[C24H28ClN4O7]+,519.1646519159999,0.31490000000000007,1,1,1,BTM00022,BTM00022,O-Glucuronidation of N-oxide,BTMR0184,EC 2.4.1.17,HUMAN,BTM00004,C[N+]1(CCN(CC1)C2=C3C=CC=CC3=NC4=C(N2)C=C(C=C4)Cl)[O-],"InChI=1S/C18H19ClN4O/c1-23(24)10-8-22(9-11-23)18-14-4-2-3-5-15(14)20-16-7-6-13(19)12-17(16)21-18/h2-7,12,21H,8-11H2,1H3",WYRDWWAASBTJLM-UHFFFAOYSA-N,3.3651999999999997,342.124738908
"InChI=1S/C24H27ClN4O7/c1-28-8-10-29(11-9-28,36-24-20(32)18(30)19(31)21(35-24)23(33)34)22-14-4-2-3-5-15(14)26-16-7-6-13(25)12-17(16)27-22/h2-7,12,18-21,24,30-32H,8-11H2,1H3,(H-,26,27,33,34)/p+1",YOWQLOFATQYUNO-UHFFFAOYSA-O,CN1CC[N+](CC1)(C2=C3C=CC=CC3=NC4=C(N2)C=C(C=C4)Cl)OC5OC(C(O)C(O)C5O)C(O)=O,,,[C24H28ClN4O7]+,519.1646519159999,0.31490000000000007,1,1,1,BTM00023,BTM00023,O-Glucuronidation of N-oxide,BTMR0184,EC 2.4.1.17,HUMAN,BTM00006,CN1CC[N+](CC1)(C2=C3C=CC=CC3=NC4=C(N2)C=C(C=C4)Cl)[O-],"InChI=1S/C18H19ClN4O/c1-22-8-10-23(24,11-9-22)18-14-4-2-3-5-15(14)20-16-7-6-13(19)12-17(16)21-18/h2-7,12,21H,8-11H2,1H3",IJABFYQVZNUDFL-UHFFFAOYSA-N,3.3651999999999997,342.124738908
"InChI=1S/C24H27ClN4O7/c1-28-7-9-29(10-8-28)22-13-3-2-4-16(17(13)26-14-6-5-12(25)11-15(14)27-22)35-24-20(32)18(30)19(31)21(36-24)23(33)34/h2-6,11,18-21,24,27,30-32H,7-10H2,1H3,(H,33,34)",UGDOGNIVWIGYQP-UHFFFAOYSA-N,CN1CCN(CC1)C2=C3C=CC=C(C3=NC4=C(N2)C=C(C=C4)Cl)OC5OC(C(O)=O)C(C(C5O)O)O,,,C24H27ClN4O7,518.156826884,1.8074000000000006,1,1,1,BTM00024,BTM00024,Aromatic OH-glucuronidation,BTMR0166,EC 2.4.1.17,HUMAN,BTM00009,CN1CCN(CC1)C2=C3C=CC=C(C3=NC4=C(N2)C=C(C=C4)Cl)O,"InChI=1S/C18H19ClN4O/c1-22-7-9-23(10-8-22)18-13-3-2-4-16(24)17(13)20-14-6-5-12(19)11-15(14)21-18/h2-6,11,21,24H,7-10H2,1H3",YASYHDLUEMJFKA-UHFFFAOYSA-N,3.502900000000001,342.12473890800004
"InChI=1S/C18H19ClN4O4S/c1-22-7-9-23(10-8-22)18-13-3-2-4-16(27-28(24,25)26)17(13)20-14-6-5-12(19)11-15(14)21-18/h2-6,11,21H,7-10H2,1H3,(H,24,25,26)",AVNAIKZYJWNSQD-UHFFFAOYSA-N,CN1CCN(CC1)C2=C3C=CC=C(C3=NC4=C(N2)C=C(C=C4)Cl)OS(O)(=O)=O,,,C18H19ClN4O4S,422.081553768,2.7661000000000007,0,0,0,BTM00025,BTM00025,Sulfonation of phenolic compound,BTMR1376,EC 2.8.2.1,HUMAN,BTM00009,CN1CCN(CC1)C2=C3C=CC=C(C3=NC4=C(N2)C=C(C=C4)Cl)O,"InChI=1S/C18H19ClN4O/c1-22-7-9-23(10-8-22)18-13-3-2-4-16(24)17(13)20-14-6-5-12(19)11-15(14)21-18/h2-6,11,21,24H,7-10H2,1H3",YASYHDLUEMJFKA-UHFFFAOYSA-N,3.502900000000001,342.12473890800004
"InChI=1S/C19H21ClN4O/c1-23-8-10-24(11-9-23)19-14-4-3-5-17(25-2)18(14)21-15-7-6-13(20)12-16(15)22-19/h3-7,12,22H,8-11H2,1-2H3",QGPHCFDFRMDQPU-UHFFFAOYSA-N,CN1CCN(CC1)C2=C3C=CC=C(C3=NC4=C(N2)C=C(C=C4)Cl)OC,,,C19H21ClN4O,356.140388972,3.753900000000002,0,0,0,BTM00026,BTM00026,Methylation of phenolic compound,BTMR1377,EC 2.1.1.25,HUMAN,BTM00009,CN1CCN(CC1)C2=C3C=CC=C(C3=NC4=C(N2)C=C(C=C4)Cl)O,"InChI=1S/C18H19ClN4O/c1-22-7-9-23(10-8-22)18-13-3-2-4-16(24)17(13)20-14-6-5-12(19)11-15(14)21-18/h2-6,11,21,24H,7-10H2,1H3",YASYHDLUEMJFKA-UHFFFAOYSA-N,3.502900000000001,342.12473890800004
"InChI=1S/C24H27ClN4O7/c1-28-7-9-29(10-8-28)22-17-14(26-13-6-5-12(25)11-15(13)27-22)3-2-4-16(17)35-24-20(32)18(30)19(31)21(36-24)23(33)34/h2-6,11,18-21,24,27,30-32H,7-10H2,1H3,(H,33,34)",RXDPSNGWLTYBGB-UHFFFAOYSA-N,CN1CCN(CC1)C2=C3C(=CC=CC3=NC4=C(N2)C=C(C=C4)Cl)OC5OC(C(O)=O)C(C(C5O)O)O,,,C24H27ClN4O7,518.156826884,1.8074000000000006,1,1,1,BTM00027,BTM00027,Aromatic OH-glucuronidation,BTMR0166,EC 2.4.1.17,HUMAN,BTM00010,CN1CCN(CC1)C2=C3C(=CC=CC3=NC4=C(N2)C=C(C=C4)Cl)O,"InChI=1S/C18H19ClN4O/c1-22-7-9-23(10-8-22)18-17-14(3-2-4-16(17)24)20-13-6-5-12(19)11-15(13)21-18/h2-6,11,21,24H,7-10H2,1H3",GVQMBEAJHTXSAQ-UHFFFAOYSA-N,3.502900000000001,342.124738908
"InChI=1S/C18H19ClN4O4S/c1-22-7-9-23(10-8-22)18-17-14(3-2-4-16(17)27-28(24,25)26)20-13-6-5-12(19)11-15(13)21-18/h2-6,11,21H,7-10H2,1H3,(H,24,25,26)",LDIVWEDFHPACNH-UHFFFAOYSA-N,CN1CCN(CC1)C2=C3C(=CC=CC3=NC4=C(N2)C=C(C=C4)Cl)OS(O)(=O)=O,,,C18H19ClN4O4S,422.081553768,2.7661000000000007,0,0,0,BTM00028,BTM00028,Sulfonation of phenolic compound,BTMR1376,EC 2.8.2.1,HUMAN,BTM00010,CN1CCN(CC1)C2=C3C(=CC=CC3=NC4=C(N2)C=C(C=C4)Cl)O,"InChI=1S/C18H19ClN4O/c1-22-7-9-23(10-8-22)18-17-14(3-2-4-16(17)24)20-13-6-5-12(19)11-15(13)21-18/h2-6,11,21,24H,7-10H2,1H3",GVQMBEAJHTXSAQ-UHFFFAOYSA-N,3.502900000000001,342.124738908
"InChI=1S/C19H21ClN4O/c1-23-8-10-24(11-9-23)19-18-15(4-3-5-17(18)25-2)21-14-7-6-13(20)12-16(14)22-19/h3-7,12,22H,8-11H2,1-2H3",NCOYPXPPXNFKAN-UHFFFAOYSA-N,CN1CCN(CC1)C2=C3C(=CC=CC3=NC4=C(N2)C=C(C=C4)Cl)OC,,,C19H21ClN4O,356.140388972,3.753900000000002,0,0,0,BTM00029,BTM00029,Methylation of phenolic compound,BTMR1377,EC 2.1.1.25,HUMAN,BTM00010,CN1CCN(CC1)C2=C3C(=CC=CC3=NC4=C(N2)C=C(C=C4)Cl)O,"InChI=1S/C18H19ClN4O/c1-22-7-9-23(10-8-22)18-17-14(3-2-4-16(17)24)20-13-6-5-12(19)11-15(13)21-18/h2-6,11,21,24H,7-10H2,1H3",GVQMBEAJHTXSAQ-UHFFFAOYSA-N,3.502900000000001,342.124738908
"InChI=1S/C24H27ClN4O7/c1-28-8-10-29(11-9-28)22-12-4-2-3-5-14(12)26-15-7-6-13(25)20(16(15)27-22)35-24-19(32)17(30)18(31)21(36-24)23(33)34/h2-7,17-19,21,24,27,30-32H,8-11H2,1H3,(H,33,34)",LHNMRULQWHWPIO-UHFFFAOYSA-N,CN1CCN(CC1)C2=C3C=CC=CC3=NC4=C(N2)C(=C(C=C4)Cl)OC5OC(C(O)=O)C(C(C5O)O)O,,,C24H27ClN4O7,518.156826884,1.8074000000000006,1,1,1,BTM00030,BTM00030,Aromatic OH-glucuronidation,BTMR0166,EC 2.4.1.17,HUMAN,BTM00011,CN1CCN(CC1)C2=C3C=CC=CC3=NC4=C(N2)C(=C(C=C4)Cl)O,"InChI=1S/C18H19ClN4O/c1-22-8-10-23(11-9-22)18-12-4-2-3-5-14(12)20-15-7-6-13(19)17(24)16(15)21-18/h2-7,21,24H,8-11H2,1H3",PWRZXALANZESHI-UHFFFAOYSA-N,3.502900000000001,342.124738908
"InChI=1S/C18H19ClN4O4S/c1-22-8-10-23(11-9-22)18-12-4-2-3-5-14(12)20-15-7-6-13(19)17(16(15)21-18)27-28(24,25)26/h2-7,21H,8-11H2,1H3,(H,24,25,26)",XMOKJWKTWOYRJC-UHFFFAOYSA-N,CN1CCN(CC1)C2=C3C=CC=CC3=NC4=C(N2)C(=C(C=C4)Cl)OS(O)(=O)=O,,,C18H19ClN4O4S,422.081553768,2.7661000000000007,0,0,0,BTM00031,BTM00031,Sulfonation of phenolic compound,BTMR1376,EC 2.8.2.1,HUMAN,BTM00011,CN1CCN(CC1)C2=C3C=CC=CC3=NC4=C(N2)C(=C(C=C4)Cl)O,"InChI=1S/C18H19ClN4O/c1-22-8-10-23(11-9-22)18-12-4-2-3-5-14(12)20-15-7-6-13(19)17(24)16(15)21-18/h2-7,21,24H,8-11H2,1H3",PWRZXALANZESHI-UHFFFAOYSA-N,3.502900000000001,342.124738908
"InChI=1S/C19H21ClN4O/c1-23-9-11-24(12-10-23)19-13-5-3-4-6-15(13)21-16-8-7-14(20)18(25-2)17(16)22-19/h3-8,22H,9-12H2,1-2H3",NKWFTBUQSGUJOO-UHFFFAOYSA-N,CN1CCN(CC1)C2=C3C=CC=CC3=NC4=C(N2)C(=C(C=C4)Cl)OC,,,C19H21ClN4O,356.140388972,3.753900000000002,0,0,0,BTM00032,BTM00032,Methylation of phenolic compound,BTMR1377,EC 2.1.1.25,HUMAN,BTM00011,CN1CCN(CC1)C2=C3C=CC=CC3=NC4=C(N2)C(=C(C=C4)Cl)O,"InChI=1S/C18H19ClN4O/c1-22-8-10-23(11-9-22)18-12-4-2-3-5-14(12)20-15-7-6-13(19)17(24)16(15)21-18/h2-7,21,24H,8-11H2,1H3",PWRZXALANZESHI-UHFFFAOYSA-N,3.502900000000001,342.124738908
"InChI=1S/C24H27ClN4O7/c1-28-6-8-29(9-7-28)22-13-4-2-3-5-14(13)26-17-15(27-22)10-12(25)11-16(17)35-24-20(32)18(30)19(31)21(36-24)23(33)34/h2-5,10-11,18-21,24,27,30-32H,6-9H2,1H3,(H,33,34)",FCAYOQRLSCEZKX-UHFFFAOYSA-N,CN1CCN(CC1)C2=C3C=CC=CC3=NC4=C(N2)C=C(C=C4OC5OC(C(O)=O)C(C(C5O)O)O)Cl,,,C24H27ClN4O7,518.156826884,1.8074000000000006,1,1,1,BTM00033,BTM00033,Aromatic OH-glucuronidation,BTMR0166,EC 2.4.1.17,HUMAN,BTM00012,CN1CCN(CC1)C2=C3C=CC=CC3=NC4=C(N2)C=C(C=C4O)Cl,"InChI=1S/C18H19ClN4O/c1-22-6-8-23(9-7-22)18-13-4-2-3-5-14(13)20-17-15(21-18)10-12(19)11-16(17)24/h2-5,10-11,21,24H,6-9H2,1H3",UKWCYNHXHRTADN-UHFFFAOYSA-N,3.502900000000001,342.124738908
"InChI=1S/C18H19ClN4O4S/c1-22-6-8-23(9-7-22)18-13-4-2-3-5-14(13)20-17-15(21-18)10-12(19)11-16(17)27-28(24,25)26/h2-5,10-11,21H,6-9H2,1H3,(H,24,25,26)",IOGQUGQEIAVGDI-UHFFFAOYSA-N,CN1CCN(CC1)C2=C3C=CC=CC3=NC4=C(N2)C=C(C=C4OS(O)(=O)=O)Cl,,,C18H19ClN4O4S,422.081553768,2.7661000000000007,0,0,0,BTM00034,BTM00034,Sulfonation of phenolic compound,BTMR1376,EC 2.8.2.1,HUMAN,BTM00012,CN1CCN(CC1)C2=C3C=CC=CC3=NC4=C(N2)C=C(C=C4O)Cl,"InChI=1S/C18H19ClN4O/c1-22-6-8-23(9-7-22)18-13-4-2-3-5-14(13)20-17-15(21-18)10-12(19)11-16(17)24/h2-5,10-11,21,24H,6-9H2,1H3",UKWCYNHXHRTADN-UHFFFAOYSA-N,3.502900000000001,342.124738908
"InChI=1S/C19H21ClN4O/c1-23-7-9-24(10-8-23)19-14-5-3-4-6-15(14)21-18-16(22-19)11-13(20)12-17(18)25-2/h3-6,11-12,22H,7-10H2,1-2H3",NFANCTVNNAHAPF-UHFFFAOYSA-N,CN1CCN(CC1)C2=C3C=CC=CC3=NC4=C(N2)C=C(C=C4OC)Cl,,,C19H21ClN4O,356.140388972,3.753900000000002,0,0,0,BTM00035,BTM00035,Methylation of phenolic compound,BTMR1377,EC 2.1.1.25,HUMAN,BTM00012,CN1CCN(CC1)C2=C3C=CC=CC3=NC4=C(N2)C=C(C=C4O)Cl,"InChI=1S/C18H19ClN4O/c1-22-6-8-23(9-7-22)18-13-4-2-3-5-14(13)20-17-15(21-18)10-12(19)11-16(17)24/h2-5,10-11,21,24H,6-9H2,1H3",UKWCYNHXHRTADN-UHFFFAOYSA-N,3.502900000000001,342.124738908
"InChI=1S/C18H19ClN4O2/c1-22-4-6-23(7-5-22)18-12-9-16(24)17(25)10-14(12)20-13-3-2-11(19)8-15(13)21-18/h2-3,8-10,21,24-25H,4-7H2,1H3",ZGLFTFOHAGYYCG-UHFFFAOYSA-N,CN1CCN(CC1)C2=C3C=C(C(=CC3=NC4=C(N2)C=C(C=C4)Cl)O)O,,,C18H19ClN4O2,358.11965352799996,3.2354999999999996,0,1,1,BTM00036,BTM00036,Aromatic hydroxylation of fused benzene ring,BTMR1030,"CYP1A2
CYP2A6
CYP2B6
CYP2C8
CYP2C9
CYP2C19
CYP2D6
CYP2E1
CYP3A4",HUMAN,BTM00001,CN1CCN(CC1)C2=C3C=C(C=CC3=NC4=C(N2)C=C(C=C4)Cl)O,"InChI=1S/C18H19ClN4O/c1-22-6-8-23(9-7-22)18-14-11-13(24)3-5-15(14)20-16-4-2-12(19)10-17(16)21-18/h2-5,10-11,21,24H,6-9H2,1H3",GXPDOYOBRASXTL-UHFFFAOYSA-N,3.502900000000001,342.12473890800004
"InChI=1S/C18H19ClN4O2/c1-22-4-6-23(7-5-22)18-12-8-11(24)2-3-14(12)20-16-10-17(25)13(19)9-15(16)21-18/h2-3,8-10,21,24-25H,4-7H2,1H3",RIMVUEYFZYMLJH-UHFFFAOYSA-N,CN1CCN(CC1)C2=C3C=C(C=CC3=NC4=C(N2)C=C(C(=C4)O)Cl)O,,,C18H19ClN4O2,358.119653528,3.2354999999999996,0,1,1,BTM00037,BTM00037,Aromatic hydroxylation of fused benzene ring,BTMR1030,"CYP1A2
CYP2A6
CYP2B6
CYP2C8
CYP2C9
CYP2C19
CYP2D6
CYP2E1
CYP3A4",HUMAN,BTM00001,CN1CCN(CC1)C2=C3C=C(C=CC3=NC4=C(N2)C=C(C=C4)Cl)O,"InChI=1S/C18H19ClN4O/c1-22-6-8-23(9-7-22)18-14-11-13(24)3-5-15(14)20-16-4-2-12(19)10-17(16)21-18/h2-5,10-11,21,24H,6-9H2,1H3",GXPDOYOBRASXTL-UHFFFAOYSA-N,3.502900000000001,342.12473890800004
"InChI=1S/C18H19ClN4O2/c1-23(25)8-6-22(7-9-23)18-14-11-13(24)3-5-15(14)20-16-4-2-12(19)10-17(16)21-18/h2-5,10-11,21,24H,6-9H2,1H3",VNDARQNDXUJFTK-UHFFFAOYSA-N,C[N+]1(CCN(CC1)C2=C3C=C(C=CC3=NC4=C(N2)C=C(C=C4)Cl)O)[O-],,,C18H19ClN4O2,358.119653528,3.0978000000000003,0,0,0,BTM00038,BTM00038,N-Oxidation of alicyclic tertiary amine,BTMR1099,"CYP1A2
CYP2C8
CYP2C19
CYP2D6
CYP3A4",HUMAN,BTM00001,CN1CCN(CC1)C2=C3C=C(C=CC3=NC4=C(N2)C=C(C=C4)Cl)O,"InChI=1S/C18H19ClN4O/c1-22-6-8-23(9-7-22)18-14-11-13(24)3-5-15(14)20-16-4-2-12(19)10-17(16)21-18/h2-5,10-11,21,24H,6-9H2,1H3",GXPDOYOBRASXTL-UHFFFAOYSA-N,3.502900000000001,342.12473890800004
"InChI=1S/C17H17ClN4O/c18-11-1-3-15-16(9-11)21-17(22-7-5-19-6-8-22)13-10-12(23)2-4-14(13)20-15/h1-4,9-10,19,21,23H,5-8H2",NYWCRWMOXWMIRJ-UHFFFAOYSA-N,N1CCN(CC1)C2=C3C=C(C=CC3=NC4=C(N2)C=C(C=C4)Cl)O,,,C17H17ClN4O,328.109088844,2.9670000000000005,0,1,1,BTM00039,BTM00039,N-Dealkylation of alicyclic tertiary amine,BTMR1144,"CYP1A2
CYP2A6
CYP2B6
CYP2C8
CYP2C9
CYP2C19
CYP2D6
CYP3A4",HUMAN,BTM00001,CN1CCN(CC1)C2=C3C=C(C=CC3=NC4=C(N2)C=C(C=C4)Cl)O,"InChI=1S/C18H19ClN4O/c1-22-6-8-23(9-7-22)18-14-11-13(24)3-5-15(14)20-16-4-2-12(19)10-17(16)21-18/h2-5,10-11,21,24H,6-9H2,1H3",GXPDOYOBRASXTL-UHFFFAOYSA-N,3.502900000000001,342.12473890800004
"InChI=1S/C18H19ClN4O2/c1-22-6-8-23(25,9-7-22)18-14-11-13(24)3-5-15(14)20-16-4-2-12(19)10-17(16)21-18/h2-5,10-11,21,24H,6-9H2,1H3",STMDPHSZQYYYKP-UHFFFAOYSA-N,CN1CC[N+](CC1)(C2=C3C=C(C=CC3=NC4=C(N2)C=C(C=C4)Cl)O)[O-],,,C18H19ClN4O2,358.119653528,3.0978000000000003,0,0,0,BTM00040,BTM00040,N-Oxidation of aliphatic tertiary amine,BTMR1100,"CYP1A2
CYP2D6
CYP3A4",HUMAN,BTM00001,CN1CCN(CC1)C2=C3C=C(C=CC3=NC4=C(N2)C=C(C=C4)Cl)O,"InChI=1S/C18H19ClN4O/c1-22-6-8-23(9-7-22)18-14-11-13(24)3-5-15(14)20-16-4-2-12(19)10-17(16)21-18/h2-5,10-11,21,24H,6-9H2,1H3",GXPDOYOBRASXTL-UHFFFAOYSA-N,3.502900000000001,342.12473890800004
"InChI=1S/C18H19ClN4O2/c1-23(25)8-6-22(7-9-23)18-14-11-13(24)3-5-15(14)20-16-4-2-12(19)10-17(16)21-18/h2-5,10-11,21,24H,6-9H2,1H3",VNDARQNDXUJFTK-UHFFFAOYSA-N,C[N+]1(CCN(CC1)C2=C3C=C(C=CC3=NC4=C(N2)C=C(C=C4)Cl)O)[O-],,,C18H19ClN4O2,358.119653528,3.0978000000000003,0,0,0,BTM00038,BTM00038,N-Oxidation of aliphatic tertiary amine,BTMR1100,"CYP1A2
CYP2D6
CYP3A4",HUMAN,BTM00001,CN1CCN(CC1)C2=C3C=C(C=CC3=NC4=C(N2)C=C(C=C4)Cl)O,"InChI=1S/C18H19ClN4O/c1-22-6-8-23(9-7-22)18-14-11-13(24)3-5-15(14)20-16-4-2-12(19)10-17(16)21-18/h2-5,10-11,21,24H,6-9H2,1H3",GXPDOYOBRASXTL-UHFFFAOYSA-N,3.502900000000001,342.12473890800004
"InChI=1S/C18H19ClN4O2/c1-22-6-7-23(10-17(22)25)18-13-9-12(24)3-5-14(13)20-15-4-2-11(19)8-16(15)21-18/h2-5,8-9,17,21,24-25H,6-7,10H2,1H3",YLBYHMHFIGOBQE-UHFFFAOYSA-N,CN1C(CN(CC1)C2=C3C=C(C=CC3=NC4=C(N2)C=C(C=C4)Cl)O)O,,,C18H19ClN4O2,358.119653528,3.1631999999999993,0,1,1,BTM00041,BTM00041,Hydroxylation of heteroalicyclic secondary carbon,BTMR1070,"CYP1A2
CYP2A6
CYP2C9
CYP2D6
CYP3A4",HUMAN,BTM00001,CN1CCN(CC1)C2=C3C=C(C=CC3=NC4=C(N2)C=C(C=C4)Cl)O,"InChI=1S/C18H19ClN4O/c1-22-6-8-23(9-7-22)18-14-11-13(24)3-5-15(14)20-16-4-2-12(19)10-17(16)21-18/h2-5,10-11,21,24H,6-9H2,1H3",GXPDOYOBRASXTL-UHFFFAOYSA-N,3.502900000000001,342.12473890800004
"InChI=1S/C18H19ClN4O2/c1-22-6-7-23(17(25)10-22)18-13-9-12(24)3-5-14(13)20-15-4-2-11(19)8-16(15)21-18/h2-5,8-9,17,21,24-25H,6-7,10H2,1H3",CAVLOKIXBZRDNX-UHFFFAOYSA-N,CN1CC(N(CC1)C2=C3C=C(C=CC3=NC4=C(N2)C=C(C=C4)Cl)O)O,,,C18H19ClN4O2,358.119653528,3.1631999999999993,0,1,1,BTM00042,BTM00042,Hydroxylation of heteroalicyclic secondary carbon,BTMR1070,"CYP1A2
CYP2A6
CYP2C9
CYP2D6
CYP3A4",HUMAN,BTM00001,CN1CCN(CC1)C2=C3C=C(C=CC3=NC4=C(N2)C=C(C=C4)Cl)O,"InChI=1S/C18H19ClN4O/c1-22-6-8-23(9-7-22)18-14-11-13(24)3-5-15(14)20-16-4-2-12(19)10-17(16)21-18/h2-5,10-11,21,24H,6-9H2,1H3",GXPDOYOBRASXTL-UHFFFAOYSA-N,3.502900000000001,342.12473890800004
"InChI=1S/C18H19ClN4O2/c1-22-4-6-23(7-5-22)18-13-9-12(24)10-16(25)17(13)20-14-3-2-11(19)8-15(14)21-18/h2-3,8-10,21,24-25H,4-7H2,1H3",RAUHCWKYVCQNCT-UHFFFAOYSA-N,CN1CCN(CC1)C2=C3C=C(C=C(C3=NC4=C(N2)C=C(C=C4)Cl)O)O,,,C18H19ClN4O2,358.119653528,3.2354999999999996,0,1,1,BTM00043,BTM00043,Aromatic hydroxylation of fused benzene ring,BTMR1031,"CYP1A2
CYP2B6
CYP2C8
CYP2C9
CYP2C19
CYP2D6
CYP3A4",HUMAN,BTM00001,CN1CCN(CC1)C2=C3C=C(C=CC3=NC4=C(N2)C=C(C=C4)Cl)O,"InChI=1S/C18H19ClN4O/c1-22-6-8-23(9-7-22)18-14-11-13(24)3-5-15(14)20-16-4-2-12(19)10-17(16)21-18/h2-5,10-11,21,24H,6-9H2,1H3",GXPDOYOBRASXTL-UHFFFAOYSA-N,3.502900000000001,342.12473890800004
"InChI=1S/C18H19ClN4O2/c1-22-6-8-23(9-7-22)18-16-13(4-5-15(24)17(16)25)20-12-3-2-11(19)10-14(12)21-18/h2-5,10,21,24-25H,6-9H2,1H3",MPRQWMQJPSNUQD-UHFFFAOYSA-N,CN1CCN(CC1)C2=C3C(=C(C=CC3=NC4=C(N2)C=C(C=C4)Cl)O)O,,,C18H19ClN4O2,358.119653528,3.2354999999999996,0,1,1,BTM00044,BTM00044,Aromatic hydroxylation of fused benzene ring,BTMR1032,"CYP1A2
CYP2B6
CYP2C8
CYP2C9
CYP2C19
CYP2D6
CYP3A4",HUMAN,BTM00001,CN1CCN(CC1)C2=C3C=C(C=CC3=NC4=C(N2)C=C(C=C4)Cl)O,"InChI=1S/C18H19ClN4O/c1-22-6-8-23(9-7-22)18-14-11-13(24)3-5-15(14)20-16-4-2-12(19)10-17(16)21-18/h2-5,10-11,21,24H,6-9H2,1H3",GXPDOYOBRASXTL-UHFFFAOYSA-N,3.502900000000001,342.12473890800004
"InChI=1S/C18H19ClN4O2/c1-22-6-8-23(9-7-22)18-12-10-11(24)2-4-14(12)20-15-5-3-13(19)17(25)16(15)21-18/h2-5,10,21,24-25H,6-9H2,1H3",SEMNGOFTXNBQRD-UHFFFAOYSA-N,CN1CCN(CC1)C2=C3C=C(C=CC3=NC4=C(N2)C(=C(C=C4)Cl)O)O,,,C18H19ClN4O2,358.119653528,3.2354999999999996,0,1,1,BTM00045,BTM00045,Hydroxylation of aromatic carbon ortho to halide group,BTMR1040,"CYP1A2
CYP2A6
CYP2B6
CYP2C8
CYP2C9
CYP2C19
CYP2D6
CYP2E1
CYP3A4",HUMAN,BTM00001,CN1CCN(CC1)C2=C3C=C(C=CC3=NC4=C(N2)C=C(C=C4)Cl)O,"InChI=1S/C18H19ClN4O/c1-22-6-8-23(9-7-22)18-14-11-13(24)3-5-15(14)20-16-4-2-12(19)10-17(16)21-18/h2-5,10-11,21,24H,6-9H2,1H3",GXPDOYOBRASXTL-UHFFFAOYSA-N,3.502900000000001,342.12473890800004
"InChI=1S/C18H19ClN4O2/c1-22-4-6-23(7-5-22)18-12-8-11(24)2-3-14(12)20-16-10-17(25)13(19)9-15(16)21-18/h2-3,8-10,21,24-25H,4-7H2,1H3",RIMVUEYFZYMLJH-UHFFFAOYSA-N,CN1CCN(CC1)C2=C3C=C(C=CC3=NC4=C(N2)C=C(C(=C4)O)Cl)O,,,C18H19ClN4O2,358.119653528,3.2354999999999996,0,1,1,BTM00037,BTM00037,Hydroxylation of aromatic carbon ortho to halide group,BTMR1040,"CYP1A2
CYP2A6
CYP2B6
CYP2C8
CYP2C9
CYP2C19
CYP2D6
CYP2E1
CYP3A4",HUMAN,BTM00001,CN1CCN(CC1)C2=C3C=C(C=CC3=NC4=C(N2)C=C(C=C4)Cl)O,"InChI=1S/C18H19ClN4O/c1-22-6-8-23(9-7-22)18-14-11-13(24)3-5-15(14)20-16-4-2-12(19)10-17(16)21-18/h2-5,10-11,21,24H,6-9H2,1H3",GXPDOYOBRASXTL-UHFFFAOYSA-N,3.502900000000001,342.12473890800004
"InChI=1S/C18H19ClN4O2/c1-22-4-6-23(7-5-22)18-13-10-12(24)2-3-14(13)20-17-15(21-18)8-11(19)9-16(17)25/h2-3,8-10,21,24-25H,4-7H2,1H3",HFYSACDWDPLBRM-UHFFFAOYSA-N,CN1CCN(CC1)C2=C3C=C(C=CC3=NC4=C(N2)C=C(C=C4O)Cl)O,,,C18H19ClN4O2,358.119653528,3.2354999999999996,0,1,1,BTM00046,BTM00046,Hydroxylation of aromatic carbon meta to halide group,BTMR1039,"CYP2A6
CYP2B6
CYP2C9
CYP2C19
CYP2E1
CYP3A4",HUMAN,BTM00001,CN1CCN(CC1)C2=C3C=C(C=CC3=NC4=C(N2)C=C(C=C4)Cl)O,"InChI=1S/C18H19ClN4O/c1-22-6-8-23(9-7-22)18-14-11-13(24)3-5-15(14)20-16-4-2-12(19)10-17(16)21-18/h2-5,10-11,21,24H,6-9H2,1H3",GXPDOYOBRASXTL-UHFFFAOYSA-N,3.502900000000001,342.12473890800004
"InChI=1S/C18H19ClN4O2/c1-22-4-6-23(7-5-22)18-12-9-16(24)17(25)10-14(12)20-13-3-2-11(19)8-15(13)21-18/h2-3,8-10,21,24-25H,4-7H2,1H3",ZGLFTFOHAGYYCG-UHFFFAOYSA-N,CN1CCN(CC1)C2=C3C=C(C(=CC3=NC4=C(N2)C=C(C=C4)Cl)O)O,,,C18H19ClN4O2,358.11965352799996,3.2354999999999996,0,1,1,BTM00036,BTM00036,Aromatic hydroxylation of fused benzene ring,BTMR1030,"CYP1A2
CYP2A6
CYP2B6
CYP2C8
CYP2C9
CYP2C19
CYP2D6
CYP2E1
CYP3A4",HUMAN,BTM00002,CN1CCN(CC1)C2=C3C=CC(=CC3=NC4=C(N2)C=C(C=C4)Cl)O,"InChI=1S/C18H19ClN4O/c1-22-6-8-23(9-7-22)18-14-4-3-13(24)11-16(14)20-15-5-2-12(19)10-17(15)21-18/h2-5,10-11,21,24H,6-9H2,1H3",FAYSNXFJEGVEFZ-UHFFFAOYSA-N,3.502900000000001,342.12473890800004
"InChI=1S/C18H19ClN4O2/c1-22-4-6-23(7-5-22)18-12-3-2-11(24)8-14(12)20-16-10-17(25)13(19)9-15(16)21-18/h2-3,8-10,21,24-25H,4-7H2,1H3",VACKQSWRELPOBN-UHFFFAOYSA-N,CN1CCN(CC1)C2=C3C=CC(=CC3=NC4=C(N2)C=C(C(=C4)O)Cl)O,,,C18H19ClN4O2,358.119653528,3.2354999999999996,0,1,1,BTM00047,BTM00047,Aromatic hydroxylation of fused benzene ring,BTMR1030,"CYP1A2
CYP2A6
CYP2B6
CYP2C8
CYP2C9
CYP2C19
CYP2D6
CYP2E1
CYP3A4",HUMAN,BTM00002,CN1CCN(CC1)C2=C3C=CC(=CC3=NC4=C(N2)C=C(C=C4)Cl)O,"InChI=1S/C18H19ClN4O/c1-22-6-8-23(9-7-22)18-14-4-3-13(24)11-16(14)20-15-5-2-12(19)10-17(15)21-18/h2-5,10-11,21,24H,6-9H2,1H3",FAYSNXFJEGVEFZ-UHFFFAOYSA-N,3.502900000000001,342.12473890800004
"InChI=1S/C18H19ClN4O2/c1-23(25)8-6-22(7-9-23)18-14-4-3-13(24)11-16(14)20-15-5-2-12(19)10-17(15)21-18/h2-5,10-11,21,24H,6-9H2,1H3",HMVWPBSYHCYQSJ-UHFFFAOYSA-N,C[N+]1(CCN(CC1)C2=C3C=CC(=CC3=NC4=C(N2)C=C(C=C4)Cl)O)[O-],,,C18H19ClN4O2,358.119653528,3.0978000000000003,0,0,0,BTM00048,BTM00048,N-Oxidation of alicyclic tertiary amine,BTMR1099,"CYP1A2
CYP2C8
CYP2C19
CYP2D6
CYP3A4",HUMAN,BTM00002,CN1CCN(CC1)C2=C3C=CC(=CC3=NC4=C(N2)C=C(C=C4)Cl)O,"InChI=1S/C18H19ClN4O/c1-22-6-8-23(9-7-22)18-14-4-3-13(24)11-16(14)20-15-5-2-12(19)10-17(15)21-18/h2-5,10-11,21,24H,6-9H2,1H3",FAYSNXFJEGVEFZ-UHFFFAOYSA-N,3.502900000000001,342.12473890800004
"InChI=1S/C17H17ClN4O/c18-11-1-4-14-16(9-11)21-17(22-7-5-19-6-8-22)13-3-2-12(23)10-15(13)20-14/h1-4,9-10,19,21,23H,5-8H2",DGORBAGWZUXNEF-UHFFFAOYSA-N,N1CCN(CC1)C2=C3C=CC(=CC3=NC4=C(N2)C=C(C=C4)Cl)O,,,C17H17ClN4O,328.10908884400004,2.9670000000000005,0,1,1,BTM00049,BTM00049,N-Dealkylation of alicyclic tertiary amine,BTMR1144,"CYP1A2
CYP2A6
CYP2B6
CYP2C8
CYP2C9
CYP2C19
CYP2D6
CYP3A4",HUMAN,BTM00002,CN1CCN(CC1)C2=C3C=CC(=CC3=NC4=C(N2)C=C(C=C4)Cl)O,"InChI=1S/C18H19ClN4O/c1-22-6-8-23(9-7-22)18-14-4-3-13(24)11-16(14)20-15-5-2-12(19)10-17(15)21-18/h2-5,10-11,21,24H,6-9H2,1H3",FAYSNXFJEGVEFZ-UHFFFAOYSA-N,3.502900000000001,342.12473890800004
"InChI=1S/C18H19ClN4O2/c1-22-6-8-23(25,9-7-22)18-14-4-3-13(24)11-16(14)20-15-5-2-12(19)10-17(15)21-18/h2-5,10-11,21,24H,6-9H2,1H3",JSUQPSPGNYGGPM-UHFFFAOYSA-N,CN1CC[N+](CC1)(C2=C3C=CC(=CC3=NC4=C(N2)C=C(C=C4)Cl)O)[O-],,,C18H19ClN4O2,358.119653528,3.0978000000000003,0,0,0,BTM00050,BTM00050,N-Oxidation of aliphatic tertiary amine,BTMR1100,"CYP1A2
CYP2D6
CYP3A4",HUMAN,BTM00002,CN1CCN(CC1)C2=C3C=CC(=CC3=NC4=C(N2)C=C(C=C4)Cl)O,"InChI=1S/C18H19ClN4O/c1-22-6-8-23(9-7-22)18-14-4-3-13(24)11-16(14)20-15-5-2-12(19)10-17(15)21-18/h2-5,10-11,21,24H,6-9H2,1H3",FAYSNXFJEGVEFZ-UHFFFAOYSA-N,3.502900000000001,342.12473890800004
"InChI=1S/C18H19ClN4O2/c1-23(25)8-6-22(7-9-23)18-14-4-3-13(24)11-16(14)20-15-5-2-12(19)10-17(15)21-18/h2-5,10-11,21,24H,6-9H2,1H3",HMVWPBSYHCYQSJ-UHFFFAOYSA-N,C[N+]1(CCN(CC1)C2=C3C=CC(=CC3=NC4=C(N2)C=C(C=C4)Cl)O)[O-],,,C18H19ClN4O2,358.119653528,3.0978000000000003,0,0,0,BTM00048,BTM00048,N-Oxidation of aliphatic tertiary amine,BTMR1100,"CYP1A2
CYP2D6
CYP3A4",HUMAN,BTM00002,CN1CCN(CC1)C2=C3C=CC(=CC3=NC4=C(N2)C=C(C=C4)Cl)O,"InChI=1S/C18H19ClN4O/c1-22-6-8-23(9-7-22)18-14-4-3-13(24)11-16(14)20-15-5-2-12(19)10-17(15)21-18/h2-5,10-11,21,24H,6-9H2,1H3",FAYSNXFJEGVEFZ-UHFFFAOYSA-N,3.502900000000001,342.12473890800004
"InChI=1S/C18H19ClN4O2/c1-22-6-7-23(10-17(22)25)18-13-4-3-12(24)9-15(13)20-14-5-2-11(19)8-16(14)21-18/h2-5,8-9,17,21,24-25H,6-7,10H2,1H3",ZACQHEDPBDWCGB-UHFFFAOYSA-N,CN1C(CN(CC1)C2=C3C=CC(=CC3=NC4=C(N2)C=C(C=C4)Cl)O)O,,,C18H19ClN4O2,358.119653528,3.1631999999999993,0,1,1,BTM00051,BTM00051,Hydroxylation of heteroalicyclic secondary carbon,BTMR1070,"CYP1A2
CYP2A6
CYP2C9
CYP2D6
CYP3A4",HUMAN,BTM00002,CN1CCN(CC1)C2=C3C=CC(=CC3=NC4=C(N2)C=C(C=C4)Cl)O,"InChI=1S/C18H19ClN4O/c1-22-6-8-23(9-7-22)18-14-4-3-13(24)11-16(14)20-15-5-2-12(19)10-17(15)21-18/h2-5,10-11,21,24H,6-9H2,1H3",FAYSNXFJEGVEFZ-UHFFFAOYSA-N,3.502900000000001,342.12473890800004
"InChI=1S/C18H19ClN4O2/c1-22-6-7-23(17(25)10-22)18-13-4-3-12(24)9-15(13)20-14-5-2-11(19)8-16(14)21-18/h2-5,8-9,17,21,24-25H,6-7,10H2,1H3",PVEKRCIHOOBNJC-UHFFFAOYSA-N,CN1CC(N(CC1)C2=C3C=CC(=CC3=NC4=C(N2)C=C(C=C4)Cl)O)O,,,C18H19ClN4O2,358.119653528,3.1631999999999993,0,1,1,BTM00052,BTM00052,Hydroxylation of heteroalicyclic secondary carbon,BTMR1070,"CYP1A2
CYP2A6
CYP2C9
CYP2D6
CYP3A4",HUMAN,BTM00002,CN1CCN(CC1)C2=C3C=CC(=CC3=NC4=C(N2)C=C(C=C4)Cl)O,"InChI=1S/C18H19ClN4O/c1-22-6-8-23(9-7-22)18-14-4-3-13(24)11-16(14)20-15-5-2-12(19)10-17(15)21-18/h2-5,10-11,21,24H,6-9H2,1H3",FAYSNXFJEGVEFZ-UHFFFAOYSA-N,3.502900000000001,342.12473890800004
"InChI=1S/C18H19ClN4O2/c1-22-4-6-23(7-5-22)18-17-15(9-12(24)10-16(17)25)20-13-3-2-11(19)8-14(13)21-18/h2-3,8-10,21,24-25H,4-7H2,1H3",IROVLSRUCNXCNT-UHFFFAOYSA-N,CN1CCN(CC1)C2=C3C(=CC(=CC3=NC4=C(N2)C=C(C=C4)Cl)O)O,,,C18H19ClN4O2,358.11965352799996,3.2354999999999996,0,1,1,BTM00053,BTM00053,Aromatic hydroxylation of fused benzene ring,BTMR1032,"CYP1A2
CYP2B6
CYP2C8
CYP2C9
CYP2C19
CYP2D6
CYP3A4",HUMAN,BTM00002,CN1CCN(CC1)C2=C3C=CC(=CC3=NC4=C(N2)C=C(C=C4)Cl)O,"InChI=1S/C18H19ClN4O/c1-22-6-8-23(9-7-22)18-14-4-3-13(24)11-16(14)20-15-5-2-12(19)10-17(15)21-18/h2-5,10-11,21,24H,6-9H2,1H3",FAYSNXFJEGVEFZ-UHFFFAOYSA-N,3.502900000000001,342.12473890800004
"InChI=1S/C18H19ClN4O2/c1-22-6-8-23(9-7-22)18-12-3-2-11(24)10-15(12)20-14-5-4-13(19)17(25)16(14)21-18/h2-5,10,21,24-25H,6-9H2,1H3",HRXRFZCZNPEHLZ-UHFFFAOYSA-N,CN1CCN(CC1)C2=C3C=CC(=CC3=NC4=C(N2)C(=C(C=C4)Cl)O)O,,,C18H19ClN4O2,358.119653528,3.2354999999999996,0,1,1,BTM00054,BTM00054,Hydroxylation of aromatic carbon ortho to halide group,BTMR1040,"CYP1A2
CYP2A6
CYP2B6
CYP2C8
CYP2C9
CYP2C19
CYP2D6
CYP2E1
CYP3A4",HUMAN,BTM00002,CN1CCN(CC1)C2=C3C=CC(=CC3=NC4=C(N2)C=C(C=C4)Cl)O,"InChI=1S/C18H19ClN4O/c1-22-6-8-23(9-7-22)18-14-4-3-13(24)11-16(14)20-15-5-2-12(19)10-17(15)21-18/h2-5,10-11,21,24H,6-9H2,1H3",FAYSNXFJEGVEFZ-UHFFFAOYSA-N,3.502900000000001,342.12473890800004
"InChI=1S/C18H19ClN4O2/c1-22-4-6-23(7-5-22)18-12-3-2-11(24)8-14(12)20-16-10-17(25)13(19)9-15(16)21-18/h2-3,8-10,21,24-25H,4-7H2,1H3",VACKQSWRELPOBN-UHFFFAOYSA-N,CN1CCN(CC1)C2=C3C=CC(=CC3=NC4=C(N2)C=C(C(=C4)O)Cl)O,,,C18H19ClN4O2,358.119653528,3.2354999999999996,0,1,1,BTM00047,BTM00047,Hydroxylation of aromatic carbon ortho to halide group,BTMR1040,"CYP1A2
CYP2A6
CYP2B6
CYP2C8
CYP2C9
CYP2C19
CYP2D6
CYP2E1
CYP3A4",HUMAN,BTM00002,CN1CCN(CC1)C2=C3C=CC(=CC3=NC4=C(N2)C=C(C=C4)Cl)O,"InChI=1S/C18H19ClN4O/c1-22-6-8-23(9-7-22)18-14-4-3-13(24)11-16(14)20-15-5-2-12(19)10-17(15)21-18/h2-5,10-11,21,24H,6-9H2,1H3",FAYSNXFJEGVEFZ-UHFFFAOYSA-N,3.502900000000001,342.12473890800004
"InChI=1S/C18H19ClN4O2/c1-22-4-6-23(7-5-22)18-13-3-2-12(24)10-14(13)20-17-15(21-18)8-11(19)9-16(17)25/h2-3,8-10,21,24-25H,4-7H2,1H3",SBSRLKVJLLSFSS-UHFFFAOYSA-N,CN1CCN(CC1)C2=C3C=CC(=CC3=NC4=C(N2)C=C(C=C4O)Cl)O,,,C18H19ClN4O2,358.11965352799996,3.2354999999999996,0,1,1,BTM00055,BTM00055,Hydroxylation of aromatic carbon meta to halide group,BTMR1039,"CYP2A6
CYP2B6
CYP2C9
CYP2C19
CYP2E1
CYP3A4",HUMAN,BTM00002,CN1CCN(CC1)C2=C3C=CC(=CC3=NC4=C(N2)C=C(C=C4)Cl)O,"InChI=1S/C18H19ClN4O/c1-22-6-8-23(9-7-22)18-14-4-3-13(24)11-16(14)20-15-5-2-12(19)10-17(15)21-18/h2-5,10-11,21,24H,6-9H2,1H3",FAYSNXFJEGVEFZ-UHFFFAOYSA-N,3.502900000000001,342.12473890800004
"InChI=1S/C18H19ClN4O2/c1-22-4-6-23(7-5-22)18-12-8-11(24)2-3-14(12)20-16-10-17(25)13(19)9-15(16)21-18/h2-3,8-10,21,24-25H,4-7H2,1H3",RIMVUEYFZYMLJH-UHFFFAOYSA-N,CN1CCN(CC1)C2=C3C=C(C=CC3=NC4=C(N2)C=C(C(=C4)O)Cl)O,,,C18H19ClN4O2,358.119653528,3.2354999999999996,0,1,1,BTM00037,BTM00037,Aromatic hydroxylation of fused benzene ring,BTMR1030,"CYP1A2
CYP2A6
CYP2B6
CYP2C8
CYP2C9
CYP2C19
CYP2D6
CYP2E1
CYP3A4",HUMAN,BTM00003,CN1CCN(CC1)C2=C3C=CC=CC3=NC4=C(N2)C=C(C(=C4)O)Cl,"InChI=1S/C18H19ClN4O/c1-22-6-8-23(9-7-22)18-12-4-2-3-5-14(12)20-16-11-17(24)13(19)10-15(16)21-18/h2-5,10-11,21,24H,6-9H2,1H3",VKRISURJQLVAKU-UHFFFAOYSA-N,3.502900000000001,342.124738908
"InChI=1S/C18H19ClN4O2/c1-22-4-6-23(7-5-22)18-12-3-2-11(24)8-14(12)20-16-10-17(25)13(19)9-15(16)21-18/h2-3,8-10,21,24-25H,4-7H2,1H3",VACKQSWRELPOBN-UHFFFAOYSA-N,CN1CCN(CC1)C2=C3C=CC(=CC3=NC4=C(N2)C=C(C(=C4)O)Cl)O,,,C18H19ClN4O2,358.119653528,3.2354999999999996,0,1,1,BTM00047,BTM00047,Aromatic hydroxylation of fused benzene ring,BTMR1030,"CYP1A2
CYP2A6
CYP2B6
CYP2C8
CYP2C9
CYP2C19
CYP2D6
CYP2E1
CYP3A4",HUMAN,BTM00003,CN1CCN(CC1)C2=C3C=CC=CC3=NC4=C(N2)C=C(C(=C4)O)Cl,"InChI=1S/C18H19ClN4O/c1-22-6-8-23(9-7-22)18-12-4-2-3-5-14(12)20-16-11-17(24)13(19)10-15(16)21-18/h2-5,10-11,21,24H,6-9H2,1H3",VKRISURJQLVAKU-UHFFFAOYSA-N,3.502900000000001,342.124738908
"InChI=1S/C18H19ClN4O2/c1-23(25)8-6-22(7-9-23)18-12-4-2-3-5-14(12)20-16-11-17(24)13(19)10-15(16)21-18/h2-5,10-11,21,24H,6-9H2,1H3",NQXCRABEJHSFPA-UHFFFAOYSA-N,C[N+]1(CCN(CC1)C2=C3C=CC=CC3=NC4=C(N2)C=C(C(=C4)O)Cl)[O-],,,C18H19ClN4O2,358.119653528,3.0978000000000003,0,0,0,BTM00056,BTM00056,N-Oxidation of alicyclic tertiary amine,BTMR1099,"CYP1A2
CYP2C8
CYP2C19
CYP2D6
CYP3A4",HUMAN,BTM00003,CN1CCN(CC1)C2=C3C=CC=CC3=NC4=C(N2)C=C(C(=C4)O)Cl,"InChI=1S/C18H19ClN4O/c1-22-6-8-23(9-7-22)18-12-4-2-3-5-14(12)20-16-11-17(24)13(19)10-15(16)21-18/h2-5,10-11,21,24H,6-9H2,1H3",VKRISURJQLVAKU-UHFFFAOYSA-N,3.502900000000001,342.124738908
"InChI=1S/C17H17ClN4O/c18-12-9-14-15(10-16(12)23)20-13-4-2-1-3-11(13)17(21-14)22-7-5-19-6-8-22/h1-4,9-10,19,21,23H,5-8H2",LNWORQRMEUSMTC-UHFFFAOYSA-N,N1CCN(CC1)C2=C3C=CC=CC3=NC4=C(N2)C=C(C(=C4)O)Cl,,,C17H17ClN4O,328.109088844,2.9670000000000005,0,1,1,BTM00057,BTM00057,N-Dealkylation of alicyclic tertiary amine,BTMR1144,"CYP1A2
CYP2A6
CYP2B6
CYP2C8
CYP2C9
CYP2C19
CYP2D6
CYP3A4",HUMAN,BTM00003,CN1CCN(CC1)C2=C3C=CC=CC3=NC4=C(N2)C=C(C(=C4)O)Cl,"InChI=1S/C18H19ClN4O/c1-22-6-8-23(9-7-22)18-12-4-2-3-5-14(12)20-16-11-17(24)13(19)10-15(16)21-18/h2-5,10-11,21,24H,6-9H2,1H3",VKRISURJQLVAKU-UHFFFAOYSA-N,3.502900000000001,342.124738908
"InChI=1S/C18H19ClN4O2/c1-22-6-8-23(25,9-7-22)18-12-4-2-3-5-14(12)20-16-11-17(24)13(19)10-15(16)21-18/h2-5,10-11,21,24H,6-9H2,1H3",XREJHXSIRUGTFM-UHFFFAOYSA-N,CN1CC[N+](CC1)(C2=C3C=CC=CC3=NC4=C(N2)C=C(C(=C4)O)Cl)[O-],,,C18H19ClN4O2,358.11965352799996,3.0978000000000003,0,0,0,BTM00058,BTM00058,N-Oxidation of aliphatic tertiary amine,BTMR1100,"CYP1A2
CYP2D6
CYP3A4",HUMAN,BTM00003,CN1CCN(CC1)C2=C3C=CC=CC3=NC4=C(N2)C=C(C(=C4)O)Cl,"InChI=1S/C18H19ClN4O/c1-22-6-8-23(9-7-22)18-12-4-2-3-5-14(12)20-16-11-17(24)13(19)10-15(16)21-18/h2-5,10-11,21,24H,6-9H2,1H3",VKRISURJQLVAKU-UHFFFAOYSA-N,3.502900000000001,342.124738908
"InChI=1S/C18H19ClN4O2/c1-23(25)8-6-22(7-9-23)18-12-4-2-3-5-14(12)20-16-11-17(24)13(19)10-15(16)21-18/h2-5,10-11,21,24H,6-9H2,1H3",NQXCRABEJHSFPA-UHFFFAOYSA-N,C[N+]1(CCN(CC1)C2=C3C=CC=CC3=NC4=C(N2)C=C(C(=C4)O)Cl)[O-],,,C18H19ClN4O2,358.119653528,3.0978000000000003,0,0,0,BTM00056,BTM00056,N-Oxidation of aliphatic tertiary amine,BTMR1100,"CYP1A2
CYP2D6
CYP3A4",HUMAN,BTM00003,CN1CCN(CC1)C2=C3C=CC=CC3=NC4=C(N2)C=C(C(=C4)O)Cl,"InChI=1S/C18H19ClN4O/c1-22-6-8-23(9-7-22)18-12-4-2-3-5-14(12)20-16-11-17(24)13(19)10-15(16)21-18/h2-5,10-11,21,24H,6-9H2,1H3",VKRISURJQLVAKU-UHFFFAOYSA-N,3.502900000000001,342.124738908
"InChI=1S/C18H19ClN4O2/c1-22-6-7-23(10-17(22)25)18-11-4-2-3-5-13(11)20-15-9-16(24)12(19)8-14(15)21-18/h2-5,8-9,17,21,24-25H,6-7,10H2,1H3",YDLKQAOJXNDVRB-UHFFFAOYSA-N,CN1C(CN(CC1)C2=C3C=CC=CC3=NC4=C(N2)C=C(C(=C4)O)Cl)O,,,C18H19ClN4O2,358.119653528,3.1631999999999993,0,1,1,BTM00059,BTM00059,Hydroxylation of heteroalicyclic secondary carbon,BTMR1070,"CYP1A2
CYP2A6
CYP2C9
CYP2D6
CYP3A4",HUMAN,BTM00003,CN1CCN(CC1)C2=C3C=CC=CC3=NC4=C(N2)C=C(C(=C4)O)Cl,"InChI=1S/C18H19ClN4O/c1-22-6-8-23(9-7-22)18-12-4-2-3-5-14(12)20-16-11-17(24)13(19)10-15(16)21-18/h2-5,10-11,21,24H,6-9H2,1H3",VKRISURJQLVAKU-UHFFFAOYSA-N,3.502900000000001,342.124738908
"InChI=1S/C18H19ClN4O2/c1-22-6-7-23(17(25)10-22)18-11-4-2-3-5-13(11)20-15-9-16(24)12(19)8-14(15)21-18/h2-5,8-9,17,21,24-25H,6-7,10H2,1H3",HOYDFMNWRDNVIN-UHFFFAOYSA-N,CN1CC(N(CC1)C2=C3C=CC=CC3=NC4=C(N2)C=C(C(=C4)O)Cl)O,,,C18H19ClN4O2,358.119653528,3.1631999999999993,0,1,1,BTM00060,BTM00060,Hydroxylation of heteroalicyclic secondary carbon,BTMR1070,"CYP1A2
CYP2A6
CYP2C9
CYP2D6
CYP3A4",HUMAN,BTM00003,CN1CCN(CC1)C2=C3C=CC=CC3=NC4=C(N2)C=C(C(=C4)O)Cl,"InChI=1S/C18H19ClN4O/c1-22-6-8-23(9-7-22)18-12-4-2-3-5-14(12)20-16-11-17(24)13(19)10-15(16)21-18/h2-5,10-11,21,24H,6-9H2,1H3",VKRISURJQLVAKU-UHFFFAOYSA-N,3.502900000000001,342.124738908
"InChI=1S/C18H19ClN4O2/c1-22-5-7-23(8-6-22)18-11-3-2-4-15(24)17(11)20-14-10-16(25)12(19)9-13(14)21-18/h2-4,9-10,21,24-25H,5-8H2,1H3",LEUXOKQOOXYADF-UHFFFAOYSA-N,CN1CCN(CC1)C2=C3C=CC=C(C3=NC4=C(N2)C=C(C(=C4)O)Cl)O,,,C18H19ClN4O2,358.11965352799996,3.2354999999999996,0,1,1,BTM00061,BTM00061,Aromatic hydroxylation of fused benzene ring,BTMR1031,"CYP1A2
CYP2B6
CYP2C8
CYP2C9
CYP2C19
CYP2D6
CYP3A4",HUMAN,BTM00003,CN1CCN(CC1)C2=C3C=CC=CC3=NC4=C(N2)C=C(C(=C4)O)Cl,"InChI=1S/C18H19ClN4O/c1-22-6-8-23(9-7-22)18-12-4-2-3-5-14(12)20-16-11-17(24)13(19)10-15(16)21-18/h2-5,10-11,21,24H,6-9H2,1H3",VKRISURJQLVAKU-UHFFFAOYSA-N,3.502900000000001,342.124738908
"InChI=1S/C18H19ClN4O2/c1-22-5-7-23(8-6-22)18-17-12(3-2-4-15(17)24)20-14-10-16(25)11(19)9-13(14)21-18/h2-4,9-10,21,24-25H,5-8H2,1H3",MJSWYOKNMHQQSJ-UHFFFAOYSA-N,CN1CCN(CC1)C2=C3C(=CC=CC3=NC4=C(N2)C=C(C(=C4)O)Cl)O,,,C18H19ClN4O2,358.119653528,3.2354999999999996,0,1,1,BTM00062,BTM00062,Aromatic hydroxylation of fused benzene ring,BTMR1032,"CYP1A2
CYP2B6
CYP2C8
CYP2C9
CYP2C19
CYP2D6
CYP3A4",HUMAN,BTM00003,CN1CCN(CC1)C2=C3C=CC=CC3=NC4=C(N2)C=C(C(=C4)O)Cl,"InChI=1S/C18H19ClN4O/c1-22-6-8-23(9-7-22)18-12-4-2-3-5-14(12)20-16-11-17(24)13(19)10-15(16)21-18/h2-5,10-11,21,24H,6-9H2,1H3",VKRISURJQLVAKU-UHFFFAOYSA-N,3.502900000000001,342.124738908
"InChI=1S/C18H19ClN4O2/c1-22-6-8-23(9-7-22)18-11-4-2-3-5-12(11)20-13-10-14(24)15(19)17(25)16(13)21-18/h2-5,10,21,24-25H,6-9H2,1H3",QFZPIRBGSKBBGR-UHFFFAOYSA-N,CN1CCN(CC1)C2=C3C=CC=CC3=NC4=C(N2)C(=C(C(=C4)O)Cl)O,,,C18H19ClN4O2,358.119653528,3.2354999999999996,0,1,1,BTM00063,BTM00063,Hydroxylation of aromatic carbon ortho to halide group,BTMR1040,"CYP1A2
CYP2A6
CYP2B6
CYP2C8
CYP2C9
CYP2C19
CYP2D6
CYP2E1
CYP3A4",HUMAN,BTM00003,CN1CCN(CC1)C2=C3C=CC=CC3=NC4=C(N2)C=C(C(=C4)O)Cl,"InChI=1S/C18H19ClN4O/c1-22-6-8-23(9-7-22)18-12-4-2-3-5-14(12)20-16-11-17(24)13(19)10-15(16)21-18/h2-5,10-11,21,24H,6-9H2,1H3",VKRISURJQLVAKU-UHFFFAOYSA-N,3.502900000000001,342.124738908
"InChI=1S/C18H19ClN4O2/c1-22-6-8-23(9-7-22)18-11-4-2-3-5-13(11)20-15-14(21-18)10-12(19)16(24)17(15)25/h2-5,10,21,24-25H,6-9H2,1H3",SRCYFYXWRHCHOO-UHFFFAOYSA-N,CN1CCN(CC1)C2=C3C=CC=CC3=NC4=C(N2)C=C(C(=C4O)O)Cl,,,C18H19ClN4O2,358.119653528,3.2354999999999996,0,1,1,BTM00064,BTM00064,Hydroxylation of aromatic carbon meta to halide group,BTMR1039,"CYP2A6
CYP2B6
CYP2C9
CYP2C19
CYP2E1
CYP3A4",HUMAN,BTM00003,CN1CCN(CC1)C2=C3C=CC=CC3=NC4=C(N2)C=C(C(=C4)O)Cl,"InChI=1S/C18H19ClN4O/c1-22-6-8-23(9-7-22)18-12-4-2-3-5-14(12)20-16-11-17(24)13(19)10-15(16)21-18/h2-5,10-11,21,24H,6-9H2,1H3",VKRISURJQLVAKU-UHFFFAOYSA-N,3.502900000000001,342.124738908
"InChI=1S/C18H19ClN4O2/c1-23(25)8-6-22(7-9-23)18-14-11-13(24)3-5-15(14)20-16-4-2-12(19)10-17(16)21-18/h2-5,10-11,21,24H,6-9H2,1H3",VNDARQNDXUJFTK-UHFFFAOYSA-N,C[N+]1(CCN(CC1)C2=C3C=C(C=CC3=NC4=C(N2)C=C(C=C4)Cl)O)[O-],,,C18H19ClN4O2,358.119653528,3.0978000000000003,0,0,0,BTM00038,BTM00038,Aromatic hydroxylation of fused benzene ring,BTMR1030,"CYP1A2
CYP2A6
CYP2B6
CYP2C8
CYP2C9
CYP2C19
CYP2D6
CYP2E1
CYP3A4",HUMAN,BTM00004,C[N+]1(CCN(CC1)C2=C3C=CC=CC3=NC4=C(N2)C=C(C=C4)Cl)[O-],"InChI=1S/C18H19ClN4O/c1-23(24)10-8-22(9-11-23)18-14-4-2-3-5-15(14)20-16-7-6-13(19)12-17(16)21-18/h2-7,12,21H,8-11H2,1H3",WYRDWWAASBTJLM-UHFFFAOYSA-N,3.3651999999999997,342.124738908
"InChI=1S/C18H19ClN4O2/c1-23(25)8-6-22(7-9-23)18-14-4-3-13(24)11-16(14)20-15-5-2-12(19)10-17(15)21-18/h2-5,10-11,21,24H,6-9H2,1H3",HMVWPBSYHCYQSJ-UHFFFAOYSA-N,C[N+]1(CCN(CC1)C2=C3C=CC(=CC3=NC4=C(N2)C=C(C=C4)Cl)O)[O-],,,C18H19ClN4O2,358.119653528,3.0978000000000003,0,0,0,BTM00048,BTM00048,Aromatic hydroxylation of fused benzene ring,BTMR1030,"CYP1A2
CYP2A6
CYP2B6
CYP2C8
CYP2C9
CYP2C19
CYP2D6
CYP2E1
CYP3A4",HUMAN,BTM00004,C[N+]1(CCN(CC1)C2=C3C=CC=CC3=NC4=C(N2)C=C(C=C4)Cl)[O-],"InChI=1S/C18H19ClN4O/c1-23(24)10-8-22(9-11-23)18-14-4-2-3-5-15(14)20-16-7-6-13(19)12-17(16)21-18/h2-7,12,21H,8-11H2,1H3",WYRDWWAASBTJLM-UHFFFAOYSA-N,3.3651999999999997,342.124738908
"InChI=1S/C18H19ClN4O2/c1-23(25)8-6-22(7-9-23)18-12-4-2-3-5-14(12)20-16-11-17(24)13(19)10-15(16)21-18/h2-5,10-11,21,24H,6-9H2,1H3",NQXCRABEJHSFPA-UHFFFAOYSA-N,C[N+]1(CCN(CC1)C2=C3C=CC=CC3=NC4=C(N2)C=C(C(=C4)O)Cl)[O-],,,C18H19ClN4O2,358.119653528,3.0978000000000003,0,0,0,BTM00056,BTM00056,Aromatic hydroxylation of fused benzene ring,BTMR1030,"CYP1A2
CYP2A6
CYP2B6
CYP2C8
CYP2C9
CYP2C19
CYP2D6
CYP2E1
CYP3A4",HUMAN,BTM00004,C[N+]1(CCN(CC1)C2=C3C=CC=CC3=NC4=C(N2)C=C(C=C4)Cl)[O-],"InChI=1S/C18H19ClN4O/c1-23(24)10-8-22(9-11-23)18-14-4-2-3-5-15(14)20-16-7-6-13(19)12-17(16)21-18/h2-7,12,21H,8-11H2,1H3",WYRDWWAASBTJLM-UHFFFAOYSA-N,3.3651999999999997,342.124738908
"InChI=1S/C18H19ClN4O2/c1-22(24)8-10-23(25,11-9-22)18-14-4-2-3-5-15(14)20-16-7-6-13(19)12-17(16)21-18/h2-7,12,21H,8-11H2,1H3",BVCWVKZMHZBTMD-UHFFFAOYSA-N,C[N+]1(CC[N+](CC1)(C2=C3C=CC=CC3=NC4=C(N2)C=C(C=C4)Cl)[O-])[O-],,,C18H19ClN4O2,358.119653528,2.9601,0,0,0,BTM00065,BTM00065,N-Oxidation of aliphatic tertiary amine,BTMR1100,"CYP1A2
CYP2D6
CYP3A4",HUMAN,BTM00004,C[N+]1(CCN(CC1)C2=C3C=CC=CC3=NC4=C(N2)C=C(C=C4)Cl)[O-],"InChI=1S/C18H19ClN4O/c1-23(24)10-8-22(9-11-23)18-14-4-2-3-5-15(14)20-16-7-6-13(19)12-17(16)21-18/h2-7,12,21H,8-11H2,1H3",WYRDWWAASBTJLM-UHFFFAOYSA-N,3.3651999999999997,342.124738908
"InChI=1S/C18H19ClN4O2/c1-23(25)9-8-22(11-17(23)24)18-13-4-2-3-5-14(13)20-15-7-6-12(19)10-16(15)21-18/h2-7,10,17,21,24H,8-9,11H2,1H3",QKUMMOJMBHPNLC-UHFFFAOYSA-N,C[N+]1(C(CN(CC1)C2=C3C=CC=CC3=NC4=C(N2)C=C(C=C4)Cl)O)[O-],,,C18H19ClN4O2,358.119653528,3.0255,0,0,0,BTM00066,BTM00066,Hydroxylation of heteroalicyclic secondary carbon,BTMR1070,"CYP1A2
CYP2A6
CYP2C9
CYP2D6
CYP3A4",HUMAN,BTM00004,C[N+]1(CCN(CC1)C2=C3C=CC=CC3=NC4=C(N2)C=C(C=C4)Cl)[O-],"InChI=1S/C18H19ClN4O/c1-23(24)10-8-22(9-11-23)18-14-4-2-3-5-15(14)20-16-7-6-13(19)12-17(16)21-18/h2-7,12,21H,8-11H2,1H3",WYRDWWAASBTJLM-UHFFFAOYSA-N,3.3651999999999997,342.124738908
"InChI=1S/C18H19ClN4O2/c1-23(25)9-8-22(17(24)11-23)18-13-4-2-3-5-14(13)20-15-7-6-12(19)10-16(15)21-18/h2-7,10,17,21,24H,8-9,11H2,1H3",HIJYXCGSSFDWLG-UHFFFAOYSA-N,C[N+]1(CC(N(CC1)C2=C3C=CC=CC3=NC4=C(N2)C=C(C=C4)Cl)O)[O-],,,C18H19ClN4O2,358.119653528,3.0255,0,0,0,BTM00067,BTM00067,Hydroxylation of heteroalicyclic secondary carbon,BTMR1070,"CYP1A2
CYP2A6
CYP2C9
CYP2D6
CYP3A4",HUMAN,BTM00004,C[N+]1(CCN(CC1)C2=C3C=CC=CC3=NC4=C(N2)C=C(C=C4)Cl)[O-],"InChI=1S/C18H19ClN4O/c1-23(24)10-8-22(9-11-23)18-14-4-2-3-5-15(14)20-16-7-6-13(19)12-17(16)21-18/h2-7,12,21H,8-11H2,1H3",WYRDWWAASBTJLM-UHFFFAOYSA-N,3.3651999999999997,342.124738908
"InChI=1S/C18H19ClN4O2/c1-23(25)9-7-22(8-10-23)18-13-3-2-4-16(24)17(13)20-14-6-5-12(19)11-15(14)21-18/h2-6,11,21,24H,7-10H2,1H3",NMLYYKDNYPVBPI-UHFFFAOYSA-N,C[N+]1(CCN(CC1)C2=C3C=CC=C(C3=NC4=C(N2)C=C(C=C4)Cl)O)[O-],,,C18H19ClN4O2,358.11965352799996,3.0978000000000003,0,0,0,BTM00068,BTM00068,Aromatic hydroxylation of fused benzene ring,BTMR1031,"CYP1A2
CYP2B6
CYP2C8
CYP2C9
CYP2C19
CYP2D6
CYP3A4",HUMAN,BTM00004,C[N+]1(CCN(CC1)C2=C3C=CC=CC3=NC4=C(N2)C=C(C=C4)Cl)[O-],"InChI=1S/C18H19ClN4O/c1-23(24)10-8-22(9-11-23)18-14-4-2-3-5-15(14)20-16-7-6-13(19)12-17(16)21-18/h2-7,12,21H,8-11H2,1H3",WYRDWWAASBTJLM-UHFFFAOYSA-N,3.3651999999999997,342.124738908
"InChI=1S/C18H19ClN4O2/c1-23(25)9-7-22(8-10-23)18-17-14(3-2-4-16(17)24)20-13-6-5-12(19)11-15(13)21-18/h2-6,11,21,24H,7-10H2,1H3",GESHTYHENUSZJG-UHFFFAOYSA-N,C[N+]1(CCN(CC1)C2=C3C(=CC=CC3=NC4=C(N2)C=C(C=C4)Cl)O)[O-],,,C18H19ClN4O2,358.119653528,3.0978000000000003,0,0,0,BTM00069,BTM00069,Aromatic hydroxylation of fused benzene ring,BTMR1032,"CYP1A2
CYP2B6
CYP2C8
CYP2C9
CYP2C19
CYP2D6
CYP3A4",HUMAN,BTM00004,C[N+]1(CCN(CC1)C2=C3C=CC=CC3=NC4=C(N2)C=C(C=C4)Cl)[O-],"InChI=1S/C18H19ClN4O/c1-23(24)10-8-22(9-11-23)18-14-4-2-3-5-15(14)20-16-7-6-13(19)12-17(16)21-18/h2-7,12,21H,8-11H2,1H3",WYRDWWAASBTJLM-UHFFFAOYSA-N,3.3651999999999997,342.124738908
"InChI=1S/C18H19ClN4O2/c1-23(25)10-8-22(9-11-23)18-12-4-2-3-5-14(12)20-15-7-6-13(19)17(24)16(15)21-18/h2-7,21,24H,8-11H2,1H3",SQNYVSQVRSVTNN-UHFFFAOYSA-N,C[N+]1(CCN(CC1)C2=C3C=CC=CC3=NC4=C(N2)C(=C(C=C4)Cl)O)[O-],,,C18H19ClN4O2,358.119653528,3.0978000000000003,0,0,0,BTM00070,BTM00070,Hydroxylation of aromatic carbon ortho to halide group,BTMR1040,"CYP1A2
CYP2A6
CYP2B6
CYP2C8
CYP2C9
CYP2C19
CYP2D6
CYP2E1
CYP3A4",HUMAN,BTM00004,C[N+]1(CCN(CC1)C2=C3C=CC=CC3=NC4=C(N2)C=C(C=C4)Cl)[O-],"InChI=1S/C18H19ClN4O/c1-23(24)10-8-22(9-11-23)18-14-4-2-3-5-15(14)20-16-7-6-13(19)12-17(16)21-18/h2-7,12,21H,8-11H2,1H3",WYRDWWAASBTJLM-UHFFFAOYSA-N,3.3651999999999997,342.124738908
"InChI=1S/C18H19ClN4O2/c1-23(25)8-6-22(7-9-23)18-12-4-2-3-5-14(12)20-16-11-17(24)13(19)10-15(16)21-18/h2-5,10-11,21,24H,6-9H2,1H3",NQXCRABEJHSFPA-UHFFFAOYSA-N,C[N+]1(CCN(CC1)C2=C3C=CC=CC3=NC4=C(N2)C=C(C(=C4)O)Cl)[O-],,,C18H19ClN4O2,358.119653528,3.0978000000000003,0,0,0,BTM00056,BTM00056,Hydroxylation of aromatic carbon ortho to halide group,BTMR1040,"CYP1A2
CYP2A6
CYP2B6
CYP2C8
CYP2C9
CYP2C19
CYP2D6
CYP2E1
CYP3A4",HUMAN,BTM00004,C[N+]1(CCN(CC1)C2=C3C=CC=CC3=NC4=C(N2)C=C(C=C4)Cl)[O-],"InChI=1S/C18H19ClN4O/c1-23(24)10-8-22(9-11-23)18-14-4-2-3-5-15(14)20-16-7-6-13(19)12-17(16)21-18/h2-7,12,21H,8-11H2,1H3",WYRDWWAASBTJLM-UHFFFAOYSA-N,3.3651999999999997,342.124738908
"InChI=1S/C18H19ClN4O2/c1-23(25)8-6-22(7-9-23)18-13-4-2-3-5-14(13)20-17-15(21-18)10-12(19)11-16(17)24/h2-5,10-11,21,24H,6-9H2,1H3",MQYDOQSPCWBASU-UHFFFAOYSA-N,C[N+]1(CCN(CC1)C2=C3C=CC=CC3=NC4=C(N2)C=C(C=C4O)Cl)[O-],,,C18H19ClN4O2,358.119653528,3.0978000000000003,0,0,0,BTM00071,BTM00071,Hydroxylation of aromatic carbon meta to halide group,BTMR1039,"CYP2A6
CYP2B6
CYP2C9
CYP2C19
CYP2E1
CYP3A4",HUMAN,BTM00004,C[N+]1(CCN(CC1)C2=C3C=CC=CC3=NC4=C(N2)C=C(C=C4)Cl)[O-],"InChI=1S/C18H19ClN4O/c1-23(24)10-8-22(9-11-23)18-14-4-2-3-5-15(14)20-16-7-6-13(19)12-17(16)21-18/h2-7,12,21H,8-11H2,1H3",WYRDWWAASBTJLM-UHFFFAOYSA-N,3.3651999999999997,342.124738908
"InChI=1S/C17H17ClN4O/c18-11-1-3-15-16(9-11)21-17(22-7-5-19-6-8-22)13-10-12(23)2-4-14(13)20-15/h1-4,9-10,19,21,23H,5-8H2",NYWCRWMOXWMIRJ-UHFFFAOYSA-N,N1CCN(CC1)C2=C3C=C(C=CC3=NC4=C(N2)C=C(C=C4)Cl)O,,,C17H17ClN4O,328.109088844,2.9670000000000005,0,1,1,BTM00039,BTM00039,Aromatic hydroxylation of fused benzene ring,BTMR1030,"CYP1A2
CYP2A6
CYP2B6
CYP2C8
CYP2C9
CYP2C19
CYP2D6
CYP2E1
CYP3A4",HUMAN,BTM00005,N1CCN(CC1)C2=C3C=CC=CC3=NC4=C(N2)C=C(C=C4)Cl,"InChI=1S/C17H17ClN4/c18-12-5-6-15-16(11-12)21-17(22-9-7-19-8-10-22)13-3-1-2-4-14(13)20-15/h1-6,11,19,21H,7-10H2",HESZUPIXRNZIOI-UHFFFAOYSA-N,3.2343999999999995,312.114174224
"InChI=1S/C17H17ClN4O/c18-11-1-4-14-16(9-11)21-17(22-7-5-19-6-8-22)13-3-2-12(23)10-15(13)20-14/h1-4,9-10,19,21,23H,5-8H2",DGORBAGWZUXNEF-UHFFFAOYSA-N,N1CCN(CC1)C2=C3C=CC(=CC3=NC4=C(N2)C=C(C=C4)Cl)O,,,C17H17ClN4O,328.10908884400004,2.9670000000000005,0,1,1,BTM00049,BTM00049,Aromatic hydroxylation of fused benzene ring,BTMR1030,"CYP1A2
CYP2A6
CYP2B6
CYP2C8
CYP2C9
CYP2C19
CYP2D6
CYP2E1
CYP3A4",HUMAN,BTM00005,N1CCN(CC1)C2=C3C=CC=CC3=NC4=C(N2)C=C(C=C4)Cl,"InChI=1S/C17H17ClN4/c18-12-5-6-15-16(11-12)21-17(22-9-7-19-8-10-22)13-3-1-2-4-14(13)20-15/h1-6,11,19,21H,7-10H2",HESZUPIXRNZIOI-UHFFFAOYSA-N,3.2343999999999995,312.114174224
"InChI=1S/C17H17ClN4O/c18-12-9-14-15(10-16(12)23)20-13-4-2-1-3-11(13)17(21-14)22-7-5-19-6-8-22/h1-4,9-10,19,21,23H,5-8H2",LNWORQRMEUSMTC-UHFFFAOYSA-N,N1CCN(CC1)C2=C3C=CC=CC3=NC4=C(N2)C=C(C(=C4)O)Cl,,,C17H17ClN4O,328.109088844,2.9670000000000005,0,1,1,BTM00057,BTM00057,Aromatic hydroxylation of fused benzene ring,BTMR1030,"CYP1A2
CYP2A6
CYP2B6
CYP2C8
CYP2C9
CYP2C19
CYP2D6
CYP2E1
CYP3A4",HUMAN,BTM00005,N1CCN(CC1)C2=C3C=CC=CC3=NC4=C(N2)C=C(C=C4)Cl,"InChI=1S/C17H17ClN4/c18-12-5-6-15-16(11-12)21-17(22-9-7-19-8-10-22)13-3-1-2-4-14(13)20-15/h1-6,11,19,21H,7-10H2",HESZUPIXRNZIOI-UHFFFAOYSA-N,3.2343999999999995,312.114174224
"InChI=1S/C17H17ClN4O/c18-12-5-6-15-16(11-12)21-17(22(23)9-7-19-8-10-22)13-3-1-2-4-14(13)20-15/h1-6,11,19,21H,7-10H2",ICSCKXKCRMAXOG-UHFFFAOYSA-N,N1CC[N+](CC1)(C2=C3C=CC=CC3=NC4=C(N2)C=C(C=C4)Cl)[O-],,,C17H17ClN4O,328.109088844,2.8293,0,0,0,BTM00072,BTM00072,N-Oxidation of aliphatic tertiary amine,BTMR1100,"CYP1A2
CYP2D6
CYP3A4",HUMAN,BTM00005,N1CCN(CC1)C2=C3C=CC=CC3=NC4=C(N2)C=C(C=C4)Cl,"InChI=1S/C17H17ClN4/c18-12-5-6-15-16(11-12)21-17(22-9-7-19-8-10-22)13-3-1-2-4-14(13)20-15/h1-6,11,19,21H,7-10H2",HESZUPIXRNZIOI-UHFFFAOYSA-N,3.2343999999999995,312.114174224
"InChI=1S/C17H17ClN4O/c18-11-5-6-14-15(9-11)21-17(22-8-7-19-16(23)10-22)12-3-1-2-4-13(12)20-14/h1-6,9,16,19,21,23H,7-8,10H2",TWYQBRSYXXBXEX-UHFFFAOYSA-N,N1C(CN(CC1)C2=C3C=CC=CC3=NC4=C(N2)C=C(C=C4)Cl)O,,,C17H17ClN4O,328.109088844,2.8947000000000003,0,1,1,BTM00073,BTM00073,Hydroxylation of heteroalicyclic secondary carbon,BTMR1070,"CYP1A2
CYP2A6
CYP2C9
CYP2D6
CYP3A4",HUMAN,BTM00005,N1CCN(CC1)C2=C3C=CC=CC3=NC4=C(N2)C=C(C=C4)Cl,"InChI=1S/C17H17ClN4/c18-12-5-6-15-16(11-12)21-17(22-9-7-19-8-10-22)13-3-1-2-4-14(13)20-15/h1-6,11,19,21H,7-10H2",HESZUPIXRNZIOI-UHFFFAOYSA-N,3.2343999999999995,312.114174224
"InChI=1S/C17H17ClN4O/c18-11-5-6-14-15(9-11)21-17(22-8-7-19-10-16(22)23)12-3-1-2-4-13(12)20-14/h1-6,9,16,19,21,23H,7-8,10H2",YBGGEJWVTZRNEH-UHFFFAOYSA-N,N1CC(N(CC1)C2=C3C=CC=CC3=NC4=C(N2)C=C(C=C4)Cl)O,,,C17H17ClN4O,328.10908884400004,2.8947000000000003,0,1,1,BTM00074,BTM00074,Hydroxylation of heteroalicyclic secondary carbon,BTMR1070,"CYP1A2
CYP2A6
CYP2C9
CYP2D6
CYP3A4",HUMAN,BTM00005,N1CCN(CC1)C2=C3C=CC=CC3=NC4=C(N2)C=C(C=C4)Cl,"InChI=1S/C17H17ClN4/c18-12-5-6-15-16(11-12)21-17(22-9-7-19-8-10-22)13-3-1-2-4-14(13)20-15/h1-6,11,19,21H,7-10H2",HESZUPIXRNZIOI-UHFFFAOYSA-N,3.2343999999999995,312.114174224
"InChI=1S/C17H17ClN4O/c18-11-4-5-13-14(10-11)21-17(22-8-6-19-7-9-22)12-2-1-3-15(23)16(12)20-13/h1-5,10,19,21,23H,6-9H2",XZEGGRXQEDXLSJ-UHFFFAOYSA-N,N1CCN(CC1)C2=C3C=CC=C(C3=NC4=C(N2)C=C(C=C4)Cl)O,,,C17H17ClN4O,328.10908884400004,2.9670000000000005,0,1,1,BTM00075,BTM00075,Aromatic hydroxylation of fused benzene ring,BTMR1031,"CYP1A2
CYP2B6
CYP2C8
CYP2C9
CYP2C19
CYP2D6
CYP3A4",HUMAN,BTM00005,N1CCN(CC1)C2=C3C=CC=CC3=NC4=C(N2)C=C(C=C4)Cl,"InChI=1S/C17H17ClN4/c18-12-5-6-15-16(11-12)21-17(22-9-7-19-8-10-22)13-3-1-2-4-14(13)20-15/h1-6,11,19,21H,7-10H2",HESZUPIXRNZIOI-UHFFFAOYSA-N,3.2343999999999995,312.114174224
"InChI=1S/C17H17ClN4O/c18-11-4-5-12-14(10-11)21-17(22-8-6-19-7-9-22)16-13(20-12)2-1-3-15(16)23/h1-5,10,19,21,23H,6-9H2",IQGYAMXGOGEMBO-UHFFFAOYSA-N,N1CCN(CC1)C2=C3C(=CC=CC3=NC4=C(N2)C=C(C=C4)Cl)O,,,C17H17ClN4O,328.10908884400004,2.9670000000000005,0,1,1,BTM00076,BTM00076,Aromatic hydroxylation of fused benzene ring,BTMR1032,"CYP1A2
CYP2B6
CYP2C8
CYP2C9
CYP2C19
CYP2D6
CYP3A4",HUMAN,BTM00005,N1CCN(CC1)C2=C3C=CC=CC3=NC4=C(N2)C=C(C=C4)Cl,"InChI=1S/C17H17ClN4/c18-12-5-6-15-16(11-12)21-17(22-9-7-19-8-10-22)13-3-1-2-4-14(13)20-15/h1-6,11,19,21H,7-10H2",HESZUPIXRNZIOI-UHFFFAOYSA-N,3.2343999999999995,312.114174224
"InChI=1S/C17H17ClN4O/c18-12-5-6-14-15(16(12)23)21-17(22-9-7-19-8-10-22)11-3-1-2-4-13(11)20-14/h1-6,19,21,23H,7-10H2",VYLVJHBUBNAFLC-UHFFFAOYSA-N,N1CCN(CC1)C2=C3C=CC=CC3=NC4=C(N2)C(=C(C=C4)Cl)O,,,C17H17ClN4O,328.109088844,2.9670000000000005,0,1,1,BTM00077,BTM00077,Hydroxylation of aromatic carbon ortho to halide group,BTMR1040,"CYP1A2
CYP2A6
CYP2B6
CYP2C8
CYP2C9
CYP2C19
CYP2D6
CYP2E1
CYP3A4",HUMAN,BTM00005,N1CCN(CC1)C2=C3C=CC=CC3=NC4=C(N2)C=C(C=C4)Cl,"InChI=1S/C17H17ClN4/c18-12-5-6-15-16(11-12)21-17(22-9-7-19-8-10-22)13-3-1-2-4-14(13)20-15/h1-6,11,19,21H,7-10H2",HESZUPIXRNZIOI-UHFFFAOYSA-N,3.2343999999999995,312.114174224
"InChI=1S/C17H17ClN4O/c18-12-9-14-15(10-16(12)23)20-13-4-2-1-3-11(13)17(21-14)22-7-5-19-6-8-22/h1-4,9-10,19,21,23H,5-8H2",LNWORQRMEUSMTC-UHFFFAOYSA-N,N1CCN(CC1)C2=C3C=CC=CC3=NC4=C(N2)C=C(C(=C4)O)Cl,,,C17H17ClN4O,328.109088844,2.9670000000000005,0,1,1,BTM00057,BTM00057,Hydroxylation of aromatic carbon ortho to halide group,BTMR1040,"CYP1A2
CYP2A6
CYP2B6
CYP2C8
CYP2C9
CYP2C19
CYP2D6
CYP2E1
CYP3A4",HUMAN,BTM00005,N1CCN(CC1)C2=C3C=CC=CC3=NC4=C(N2)C=C(C=C4)Cl,"InChI=1S/C17H17ClN4/c18-12-5-6-15-16(11-12)21-17(22-9-7-19-8-10-22)13-3-1-2-4-14(13)20-15/h1-6,11,19,21H,7-10H2",HESZUPIXRNZIOI-UHFFFAOYSA-N,3.2343999999999995,312.114174224
"InChI=1S/C17H17ClN4O/c18-11-9-14-16(15(23)10-11)20-13-4-2-1-3-12(13)17(21-14)22-7-5-19-6-8-22/h1-4,9-10,19,21,23H,5-8H2",QHZLBPGENDTUEL-UHFFFAOYSA-N,N1CCN(CC1)C2=C3C=CC=CC3=NC4=C(N2)C=C(C=C4O)Cl,,,C17H17ClN4O,328.109088844,2.9670000000000005,0,1,1,BTM00078,BTM00078,Hydroxylation of aromatic carbon meta to halide group,BTMR1039,"CYP2A6
CYP2B6
CYP2C9
CYP2C19
CYP2E1
CYP3A4",HUMAN,BTM00005,N1CCN(CC1)C2=C3C=CC=CC3=NC4=C(N2)C=C(C=C4)Cl,"InChI=1S/C17H17ClN4/c18-12-5-6-15-16(11-12)21-17(22-9-7-19-8-10-22)13-3-1-2-4-14(13)20-15/h1-6,11,19,21H,7-10H2",HESZUPIXRNZIOI-UHFFFAOYSA-N,3.2343999999999995,312.114174224
"InChI=1S/C18H19ClN4O2/c1-22-6-8-23(25,9-7-22)18-14-11-13(24)3-5-15(14)20-16-4-2-12(19)10-17(16)21-18/h2-5,10-11,21,24H,6-9H2,1H3",STMDPHSZQYYYKP-UHFFFAOYSA-N,CN1CC[N+](CC1)(C2=C3C=C(C=CC3=NC4=C(N2)C=C(C=C4)Cl)O)[O-],,,C18H19ClN4O2,358.119653528,3.0978000000000003,0,0,0,BTM00040,BTM00040,Aromatic hydroxylation of fused benzene ring,BTMR1030,"CYP1A2
CYP2A6
CYP2B6
CYP2C8
CYP2C9
CYP2C19
CYP2D6
CYP2E1
CYP3A4",HUMAN,BTM00006,CN1CC[N+](CC1)(C2=C3C=CC=CC3=NC4=C(N2)C=C(C=C4)Cl)[O-],"InChI=1S/C18H19ClN4O/c1-22-8-10-23(24,11-9-22)18-14-4-2-3-5-15(14)20-16-7-6-13(19)12-17(16)21-18/h2-7,12,21H,8-11H2,1H3",IJABFYQVZNUDFL-UHFFFAOYSA-N,3.3651999999999997,342.124738908
"InChI=1S/C18H19ClN4O2/c1-22-6-8-23(25,9-7-22)18-14-4-3-13(24)11-16(14)20-15-5-2-12(19)10-17(15)21-18/h2-5,10-11,21,24H,6-9H2,1H3",JSUQPSPGNYGGPM-UHFFFAOYSA-N,CN1CC[N+](CC1)(C2=C3C=CC(=CC3=NC4=C(N2)C=C(C=C4)Cl)O)[O-],,,C18H19ClN4O2,358.119653528,3.0978000000000003,0,0,0,BTM00050,BTM00050,Aromatic hydroxylation of fused benzene ring,BTMR1030,"CYP1A2
CYP2A6
CYP2B6
CYP2C8
CYP2C9
CYP2C19
CYP2D6
CYP2E1
CYP3A4",HUMAN,BTM00006,CN1CC[N+](CC1)(C2=C3C=CC=CC3=NC4=C(N2)C=C(C=C4)Cl)[O-],"InChI=1S/C18H19ClN4O/c1-22-8-10-23(24,11-9-22)18-14-4-2-3-5-15(14)20-16-7-6-13(19)12-17(16)21-18/h2-7,12,21H,8-11H2,1H3",IJABFYQVZNUDFL-UHFFFAOYSA-N,3.3651999999999997,342.124738908
"InChI=1S/C18H19ClN4O2/c1-22-6-8-23(25,9-7-22)18-12-4-2-3-5-14(12)20-16-11-17(24)13(19)10-15(16)21-18/h2-5,10-11,21,24H,6-9H2,1H3",XREJHXSIRUGTFM-UHFFFAOYSA-N,CN1CC[N+](CC1)(C2=C3C=CC=CC3=NC4=C(N2)C=C(C(=C4)O)Cl)[O-],,,C18H19ClN4O2,358.11965352799996,3.0978000000000003,0,0,0,BTM00058,BTM00058,Aromatic hydroxylation of fused benzene ring,BTMR1030,"CYP1A2
CYP2A6
CYP2B6
CYP2C8
CYP2C9
CYP2C19
CYP2D6
CYP2E1
CYP3A4",HUMAN,BTM00006,CN1CC[N+](CC1)(C2=C3C=CC=CC3=NC4=C(N2)C=C(C=C4)Cl)[O-],"InChI=1S/C18H19ClN4O/c1-22-8-10-23(24,11-9-22)18-14-4-2-3-5-15(14)20-16-7-6-13(19)12-17(16)21-18/h2-7,12,21H,8-11H2,1H3",IJABFYQVZNUDFL-UHFFFAOYSA-N,3.3651999999999997,342.124738908
"InChI=1S/C18H19ClN4O2/c1-22(24)8-10-23(25,11-9-22)18-14-4-2-3-5-15(14)20-16-7-6-13(19)12-17(16)21-18/h2-7,12,21H,8-11H2,1H3",BVCWVKZMHZBTMD-UHFFFAOYSA-N,C[N+]1(CC[N+](CC1)(C2=C3C=CC=CC3=NC4=C(N2)C=C(C=C4)Cl)[O-])[O-],,,C18H19ClN4O2,358.119653528,2.9601,0,0,0,BTM00065,BTM00065,N-Oxidation of alicyclic tertiary amine,BTMR1099,"CYP1A2
CYP2C8
CYP2C19
CYP2D6
CYP3A4",HUMAN,BTM00006,CN1CC[N+](CC1)(C2=C3C=CC=CC3=NC4=C(N2)C=C(C=C4)Cl)[O-],"InChI=1S/C18H19ClN4O/c1-22-8-10-23(24,11-9-22)18-14-4-2-3-5-15(14)20-16-7-6-13(19)12-17(16)21-18/h2-7,12,21H,8-11H2,1H3",IJABFYQVZNUDFL-UHFFFAOYSA-N,3.3651999999999997,342.124738908
"InChI=1S/C17H17ClN4O/c18-12-5-6-15-16(11-12)21-17(22(23)9-7-19-8-10-22)13-3-1-2-4-14(13)20-15/h1-6,11,19,21H,7-10H2",ICSCKXKCRMAXOG-UHFFFAOYSA-N,N1CC[N+](CC1)(C2=C3C=CC=CC3=NC4=C(N2)C=C(C=C4)Cl)[O-],,,C17H17ClN4O,328.109088844,2.8293,0,0,0,BTM00072,BTM00072,N-Dealkylation of alicyclic tertiary amine,BTMR1144,"CYP1A2
CYP2A6
CYP2B6
CYP2C8
CYP2C9
CYP2C19
CYP2D6
CYP3A4",HUMAN,BTM00006,CN1CC[N+](CC1)(C2=C3C=CC=CC3=NC4=C(N2)C=C(C=C4)Cl)[O-],"InChI=1S/C18H19ClN4O/c1-22-8-10-23(24,11-9-22)18-14-4-2-3-5-15(14)20-16-7-6-13(19)12-17(16)21-18/h2-7,12,21H,8-11H2,1H3",IJABFYQVZNUDFL-UHFFFAOYSA-N,3.3651999999999997,342.124738908
"InChI=1S/C18H19ClN4O2/c1-22-8-9-23(25,11-17(22)24)18-13-4-2-3-5-14(13)20-15-7-6-12(19)10-16(15)21-18/h2-7,10,17,21,24H,8-9,11H2,1H3",ORONVTNOGLBNDJ-UHFFFAOYSA-N,CN1C(C[N+](CC1)(C2=C3C=CC=CC3=NC4=C(N2)C=C(C=C4)Cl)[O-])O,,,C18H19ClN4O2,358.119653528,3.0255,0,0,0,BTM00079,BTM00079,Hydroxylation of heteroalicyclic secondary carbon,BTMR1070,"CYP1A2
CYP2A6
CYP2C9
CYP2D6
CYP3A4",HUMAN,BTM00006,CN1CC[N+](CC1)(C2=C3C=CC=CC3=NC4=C(N2)C=C(C=C4)Cl)[O-],"InChI=1S/C18H19ClN4O/c1-22-8-10-23(24,11-9-22)18-14-4-2-3-5-15(14)20-16-7-6-13(19)12-17(16)21-18/h2-7,12,21H,8-11H2,1H3",IJABFYQVZNUDFL-UHFFFAOYSA-N,3.3651999999999997,342.124738908
"InChI=1S/C18H19ClN4O2/c1-22-8-9-23(25,17(24)11-22)18-13-4-2-3-5-14(13)20-15-7-6-12(19)10-16(15)21-18/h2-7,10,17,21,24H,8-9,11H2,1H3",JAHWNDSWPBYCKR-UHFFFAOYSA-N,CN1CC([N+](CC1)(C2=C3C=CC=CC3=NC4=C(N2)C=C(C=C4)Cl)[O-])O,,,C18H19ClN4O2,358.119653528,3.0255,0,0,0,BTM00080,BTM00080,Hydroxylation of heteroalicyclic secondary carbon,BTMR1070,"CYP1A2
CYP2A6
CYP2C9
CYP2D6
CYP3A4",HUMAN,BTM00006,CN1CC[N+](CC1)(C2=C3C=CC=CC3=NC4=C(N2)C=C(C=C4)Cl)[O-],"InChI=1S/C18H19ClN4O/c1-22-8-10-23(24,11-9-22)18-14-4-2-3-5-15(14)20-16-7-6-13(19)12-17(16)21-18/h2-7,12,21H,8-11H2,1H3",IJABFYQVZNUDFL-UHFFFAOYSA-N,3.3651999999999997,342.124738908
"InChI=1S/C18H19ClN4O2/c1-22-7-9-23(25,10-8-22)18-13-3-2-4-16(24)17(13)20-14-6-5-12(19)11-15(14)21-18/h2-6,11,21,24H,7-10H2,1H3",FILITCTXLJCNEK-UHFFFAOYSA-N,CN1CC[N+](CC1)(C2=C3C=CC=C(C3=NC4=C(N2)C=C(C=C4)Cl)O)[O-],,,C18H19ClN4O2,358.119653528,3.0978000000000003,0,0,0,BTM00081,BTM00081,Aromatic hydroxylation of fused benzene ring,BTMR1031,"CYP1A2
CYP2B6
CYP2C8
CYP2C9
CYP2C19
CYP2D6
CYP3A4",HUMAN,BTM00006,CN1CC[N+](CC1)(C2=C3C=CC=CC3=NC4=C(N2)C=C(C=C4)Cl)[O-],"InChI=1S/C18H19ClN4O/c1-22-8-10-23(24,11-9-22)18-14-4-2-3-5-15(14)20-16-7-6-13(19)12-17(16)21-18/h2-7,12,21H,8-11H2,1H3",IJABFYQVZNUDFL-UHFFFAOYSA-N,3.3651999999999997,342.124738908
"InChI=1S/C18H19ClN4O2/c1-22-7-9-23(25,10-8-22)18-17-14(3-2-4-16(17)24)20-13-6-5-12(19)11-15(13)21-18/h2-6,11,21,24H,7-10H2,1H3",MCCBBZLOUNOLDW-UHFFFAOYSA-N,CN1CC[N+](CC1)(C2=C3C(=CC=CC3=NC4=C(N2)C=C(C=C4)Cl)O)[O-],,,C18H19ClN4O2,358.119653528,3.0978000000000003,0,0,0,BTM00082,BTM00082,Aromatic hydroxylation of fused benzene ring,BTMR1032,"CYP1A2
CYP2B6
CYP2C8
CYP2C9
CYP2C19
CYP2D6
CYP3A4",HUMAN,BTM00006,CN1CC[N+](CC1)(C2=C3C=CC=CC3=NC4=C(N2)C=C(C=C4)Cl)[O-],"InChI=1S/C18H19ClN4O/c1-22-8-10-23(24,11-9-22)18-14-4-2-3-5-15(14)20-16-7-6-13(19)12-17(16)21-18/h2-7,12,21H,8-11H2,1H3",IJABFYQVZNUDFL-UHFFFAOYSA-N,3.3651999999999997,342.124738908
"InChI=1S/C18H19ClN4O2/c1-22-8-10-23(25,11-9-22)18-12-4-2-3-5-14(12)20-15-7-6-13(19)17(24)16(15)21-18/h2-7,21,24H,8-11H2,1H3",LWAHJQJKGCKKKD-UHFFFAOYSA-N,CN1CC[N+](CC1)(C2=C3C=CC=CC3=NC4=C(N2)C(=C(C=C4)Cl)O)[O-],,,C18H19ClN4O2,358.119653528,3.0978000000000003,0,0,0,BTM00083,BTM00083,Hydroxylation of aromatic carbon ortho to halide group,BTMR1040,"CYP1A2
CYP2A6
CYP2B6
CYP2C8
CYP2C9
CYP2C19
CYP2D6
CYP2E1
CYP3A4",HUMAN,BTM00006,CN1CC[N+](CC1)(C2=C3C=CC=CC3=NC4=C(N2)C=C(C=C4)Cl)[O-],"InChI=1S/C18H19ClN4O/c1-22-8-10-23(24,11-9-22)18-14-4-2-3-5-15(14)20-16-7-6-13(19)12-17(16)21-18/h2-7,12,21H,8-11H2,1H3",IJABFYQVZNUDFL-UHFFFAOYSA-N,3.3651999999999997,342.124738908
"InChI=1S/C18H19ClN4O2/c1-22-6-8-23(25,9-7-22)18-12-4-2-3-5-14(12)20-16-11-17(24)13(19)10-15(16)21-18/h2-5,10-11,21,24H,6-9H2,1H3",XREJHXSIRUGTFM-UHFFFAOYSA-N,CN1CC[N+](CC1)(C2=C3C=CC=CC3=NC4=C(N2)C=C(C(=C4)O)Cl)[O-],,,C18H19ClN4O2,358.11965352799996,3.0978000000000003,0,0,0,BTM00058,BTM00058,Hydroxylation of aromatic carbon ortho to halide group,BTMR1040,"CYP1A2
CYP2A6
CYP2B6
CYP2C8
CYP2C9
CYP2C19
CYP2D6
CYP2E1
CYP3A4",HUMAN,BTM00006,CN1CC[N+](CC1)(C2=C3C=CC=CC3=NC4=C(N2)C=C(C=C4)Cl)[O-],"InChI=1S/C18H19ClN4O/c1-22-8-10-23(24,11-9-22)18-14-4-2-3-5-15(14)20-16-7-6-13(19)12-17(16)21-18/h2-7,12,21H,8-11H2,1H3",IJABFYQVZNUDFL-UHFFFAOYSA-N,3.3651999999999997,342.124738908
"InChI=1S/C18H19ClN4O2/c1-22-6-8-23(25,9-7-22)18-13-4-2-3-5-14(13)20-17-15(21-18)10-12(19)11-16(17)24/h2-5,10-11,21,24H,6-9H2,1H3",GWKLAFYVWFBBRK-UHFFFAOYSA-N,CN1CC[N+](CC1)(C2=C3C=CC=CC3=NC4=C(N2)C=C(C=C4O)Cl)[O-],,,C18H19ClN4O2,358.119653528,3.0978000000000003,0,0,0,BTM00084,BTM00084,Hydroxylation of aromatic carbon meta to halide group,BTMR1039,"CYP2A6
CYP2B6
CYP2C9
CYP2C19
CYP2E1
CYP3A4",HUMAN,BTM00006,CN1CC[N+](CC1)(C2=C3C=CC=CC3=NC4=C(N2)C=C(C=C4)Cl)[O-],"InChI=1S/C18H19ClN4O/c1-22-8-10-23(24,11-9-22)18-14-4-2-3-5-15(14)20-16-7-6-13(19)12-17(16)21-18/h2-7,12,21H,8-11H2,1H3",IJABFYQVZNUDFL-UHFFFAOYSA-N,3.3651999999999997,342.124738908
"InChI=1S/C18H19ClN4O2/c1-22-6-7-23(10-17(22)25)18-13-9-12(24)3-5-14(13)20-15-4-2-11(19)8-16(15)21-18/h2-5,8-9,17,21,24-25H,6-7,10H2,1H3",YLBYHMHFIGOBQE-UHFFFAOYSA-N,CN1C(CN(CC1)C2=C3C=C(C=CC3=NC4=C(N2)C=C(C=C4)Cl)O)O,,,C18H19ClN4O2,358.119653528,3.1631999999999993,0,1,1,BTM00041,BTM00041,Aromatic hydroxylation of fused benzene ring,BTMR1030,"CYP1A2
CYP2A6
CYP2B6
CYP2C8
CYP2C9
CYP2C19
CYP2D6
CYP2E1
CYP3A4",HUMAN,BTM00007,CN1C(CN(CC1)C2=C3C=CC=CC3=NC4=C(N2)C=C(C=C4)Cl)O,"InChI=1S/C18H19ClN4O/c1-22-8-9-23(11-17(22)24)18-13-4-2-3-5-14(13)20-15-7-6-12(19)10-16(15)21-18/h2-7,10,17,21,24H,8-9,11H2,1H3",YWBDUVMXBOABKP-UHFFFAOYSA-N,3.4306,342.124738908
"InChI=1S/C18H19ClN4O2/c1-22-6-7-23(10-17(22)25)18-13-4-3-12(24)9-15(13)20-14-5-2-11(19)8-16(14)21-18/h2-5,8-9,17,21,24-25H,6-7,10H2,1H3",ZACQHEDPBDWCGB-UHFFFAOYSA-N,CN1C(CN(CC1)C2=C3C=CC(=CC3=NC4=C(N2)C=C(C=C4)Cl)O)O,,,C18H19ClN4O2,358.119653528,3.1631999999999993,0,1,1,BTM00051,BTM00051,Aromatic hydroxylation of fused benzene ring,BTMR1030,"CYP1A2
CYP2A6
CYP2B6
CYP2C8
CYP2C9
CYP2C19
CYP2D6
CYP2E1
CYP3A4",HUMAN,BTM00007,CN1C(CN(CC1)C2=C3C=CC=CC3=NC4=C(N2)C=C(C=C4)Cl)O,"InChI=1S/C18H19ClN4O/c1-22-8-9-23(11-17(22)24)18-13-4-2-3-5-14(13)20-15-7-6-12(19)10-16(15)21-18/h2-7,10,17,21,24H,8-9,11H2,1H3",YWBDUVMXBOABKP-UHFFFAOYSA-N,3.4306,342.124738908
"InChI=1S/C18H19ClN4O2/c1-22-6-7-23(10-17(22)25)18-11-4-2-3-5-13(11)20-15-9-16(24)12(19)8-14(15)21-18/h2-5,8-9,17,21,24-25H,6-7,10H2,1H3",YDLKQAOJXNDVRB-UHFFFAOYSA-N,CN1C(CN(CC1)C2=C3C=CC=CC3=NC4=C(N2)C=C(C(=C4)O)Cl)O,,,C18H19ClN4O2,358.119653528,3.1631999999999993,0,1,1,BTM00059,BTM00059,Aromatic hydroxylation of fused benzene ring,BTMR1030,"CYP1A2
CYP2A6
CYP2B6
CYP2C8
CYP2C9
CYP2C19
CYP2D6
CYP2E1
CYP3A4",HUMAN,BTM00007,CN1C(CN(CC1)C2=C3C=CC=CC3=NC4=C(N2)C=C(C=C4)Cl)O,"InChI=1S/C18H19ClN4O/c1-22-8-9-23(11-17(22)24)18-13-4-2-3-5-14(13)20-15-7-6-12(19)10-16(15)21-18/h2-7,10,17,21,24H,8-9,11H2,1H3",YWBDUVMXBOABKP-UHFFFAOYSA-N,3.4306,342.124738908
"InChI=1S/C17H17ClN4O/c18-11-5-6-14-15(9-11)21-17(22-8-7-19-16(23)10-22)12-3-1-2-4-13(12)20-14/h1-6,9,16,19,21,23H,7-8,10H2",TWYQBRSYXXBXEX-UHFFFAOYSA-N,N1C(CN(CC1)C2=C3C=CC=CC3=NC4=C(N2)C=C(C=C4)Cl)O,,,C17H17ClN4O,328.109088844,2.8947000000000003,0,1,1,BTM00073,BTM00073,N-Dealkylation of alicyclic tertiary amine,BTMR1144,"CYP1A2
CYP2A6
CYP2B6
CYP2C8
CYP2C9
CYP2C19
CYP2D6
CYP3A4",HUMAN,BTM00007,CN1C(CN(CC1)C2=C3C=CC=CC3=NC4=C(N2)C=C(C=C4)Cl)O,"InChI=1S/C18H19ClN4O/c1-22-8-9-23(11-17(22)24)18-13-4-2-3-5-14(13)20-15-7-6-12(19)10-16(15)21-18/h2-7,10,17,21,24H,8-9,11H2,1H3",YWBDUVMXBOABKP-UHFFFAOYSA-N,3.4306,342.124738908
"InChI=1S/C18H19ClN4O2/c1-22-8-9-23(25,11-17(22)24)18-13-4-2-3-5-14(13)20-15-7-6-12(19)10-16(15)21-18/h2-7,10,17,21,24H,8-9,11H2,1H3",ORONVTNOGLBNDJ-UHFFFAOYSA-N,CN1C(C[N+](CC1)(C2=C3C=CC=CC3=NC4=C(N2)C=C(C=C4)Cl)[O-])O,,,C18H19ClN4O2,358.119653528,3.0255,0,0,0,BTM00079,BTM00079,N-Oxidation of aliphatic tertiary amine,BTMR1100,"CYP1A2
CYP2D6
CYP3A4",HUMAN,BTM00007,CN1C(CN(CC1)C2=C3C=CC=CC3=NC4=C(N2)C=C(C=C4)Cl)O,"InChI=1S/C18H19ClN4O/c1-22-8-9-23(11-17(22)24)18-13-4-2-3-5-14(13)20-15-7-6-12(19)10-16(15)21-18/h2-7,10,17,21,24H,8-9,11H2,1H3",YWBDUVMXBOABKP-UHFFFAOYSA-N,3.4306,342.124738908
"InChI=1S/C18H19ClN4O2/c1-23(25)9-8-22(11-17(23)24)18-13-4-2-3-5-14(13)20-15-7-6-12(19)10-16(15)21-18/h2-7,10,17,21,24H,8-9,11H2,1H3",QKUMMOJMBHPNLC-UHFFFAOYSA-N,C[N+]1(C(CN(CC1)C2=C3C=CC=CC3=NC4=C(N2)C=C(C=C4)Cl)O)[O-],,,C18H19ClN4O2,358.119653528,3.0255,0,0,0,BTM00066,BTM00066,N-Oxidation of aliphatic tertiary amine,BTMR1100,"CYP1A2
CYP2D6
CYP3A4",HUMAN,BTM00007,CN1C(CN(CC1)C2=C3C=CC=CC3=NC4=C(N2)C=C(C=C4)Cl)O,"InChI=1S/C18H19ClN4O/c1-22-8-9-23(11-17(22)24)18-13-4-2-3-5-14(13)20-15-7-6-12(19)10-16(15)21-18/h2-7,10,17,21,24H,8-9,11H2,1H3",YWBDUVMXBOABKP-UHFFFAOYSA-N,3.4306,342.124738908
"InChI=1S/C18H19ClN4O2/c1-22-8-9-23(18(25)17(22)24)16-12-4-2-3-5-13(12)20-14-7-6-11(19)10-15(14)21-16/h2-7,10,17-18,21,24-25H,8-9H2,1H3",DWLOKYHIJAVEGX-UHFFFAOYSA-N,CN1C(C(N(CC1)C2=C3C=CC=CC3=NC4=C(N2)C=C(C=C4)Cl)O)O,,,C18H19ClN4O2,358.119653528,3.090900000000001,0,1,1,BTM00085,BTM00085,Hydroxylation of heteroalicyclic secondary carbon,BTMR1070,"CYP1A2
CYP2A6
CYP2C9
CYP2D6
CYP3A4",HUMAN,BTM00007,CN1C(CN(CC1)C2=C3C=CC=CC3=NC4=C(N2)C=C(C=C4)Cl)O,"InChI=1S/C18H19ClN4O/c1-22-8-9-23(11-17(22)24)18-13-4-2-3-5-14(13)20-15-7-6-12(19)10-16(15)21-18/h2-7,10,17,21,24H,8-9,11H2,1H3",YWBDUVMXBOABKP-UHFFFAOYSA-N,3.4306,342.124738908
"InChI=1S/C18H19ClN4O2/c1-22-9-17(25)23(10-16(22)24)18-12-4-2-3-5-13(12)20-14-7-6-11(19)8-15(14)21-18/h2-8,16-17,21,24-25H,9-10H2,1H3",DXPAGUZEGGHHRY-UHFFFAOYSA-N,CN1C(CN(C(C1)O)C2=C3C=CC=CC3=NC4=C(N2)C=C(C=C4)Cl)O,,,C18H19ClN4O2,358.119653528,3.090900000000001,0,1,1,BTM00086,BTM00086,Hydroxylation of heteroalicyclic secondary carbon,BTMR1070,"CYP1A2
CYP2A6
CYP2C9
CYP2D6
CYP3A4",HUMAN,BTM00007,CN1C(CN(CC1)C2=C3C=CC=CC3=NC4=C(N2)C=C(C=C4)Cl)O,"InChI=1S/C18H19ClN4O/c1-22-8-9-23(11-17(22)24)18-13-4-2-3-5-14(13)20-15-7-6-12(19)10-16(15)21-18/h2-7,10,17,21,24H,8-9,11H2,1H3",YWBDUVMXBOABKP-UHFFFAOYSA-N,3.4306,342.124738908
"InChI=1S/C18H19ClN4O2/c1-22-16(24)9-23(10-17(22)25)18-12-4-2-3-5-13(12)20-14-7-6-11(19)8-15(14)21-18/h2-8,16-17,21,24-25H,9-10H2,1H3",HCWDNGUEQLVBBM-UHFFFAOYSA-N,CN1C(CN(CC1O)C2=C3C=CC=CC3=NC4=C(N2)C=C(C=C4)Cl)O,,,C18H19ClN4O2,358.119653528,3.090900000000001,0,1,1,BTM00087,BTM00087,Hydroxylation of heteroalicyclic secondary carbon,BTMR1070,"CYP1A2
CYP2A6
CYP2C9
CYP2D6
CYP3A4",HUMAN,BTM00007,CN1C(CN(CC1)C2=C3C=CC=CC3=NC4=C(N2)C=C(C=C4)Cl)O,"InChI=1S/C18H19ClN4O/c1-22-8-9-23(11-17(22)24)18-13-4-2-3-5-14(13)20-15-7-6-12(19)10-16(15)21-18/h2-7,10,17,21,24H,8-9,11H2,1H3",YWBDUVMXBOABKP-UHFFFAOYSA-N,3.4306,342.124738908
"InChI=1S/C18H19ClN4O2/c1-22-7-8-23(10-16(22)25)18-12-3-2-4-15(24)17(12)20-13-6-5-11(19)9-14(13)21-18/h2-6,9,16,21,24-25H,7-8,10H2,1H3",KESDFMCGLZITIB-UHFFFAOYSA-N,CN1C(CN(CC1)C2=C3C=CC=C(C3=NC4=C(N2)C=C(C=C4)Cl)O)O,,,C18H19ClN4O2,358.119653528,3.1631999999999993,0,1,1,BTM00088,BTM00088,Aromatic hydroxylation of fused benzene ring,BTMR1031,"CYP1A2
CYP2B6
CYP2C8
CYP2C9
CYP2C19
CYP2D6
CYP3A4",HUMAN,BTM00007,CN1C(CN(CC1)C2=C3C=CC=CC3=NC4=C(N2)C=C(C=C4)Cl)O,"InChI=1S/C18H19ClN4O/c1-22-8-9-23(11-17(22)24)18-13-4-2-3-5-14(13)20-15-7-6-12(19)10-16(15)21-18/h2-7,10,17,21,24H,8-9,11H2,1H3",YWBDUVMXBOABKP-UHFFFAOYSA-N,3.4306,342.124738908
"InChI=1S/C18H19ClN4O2/c1-22-7-8-23(10-16(22)25)18-17-13(3-2-4-15(17)24)20-12-6-5-11(19)9-14(12)21-18/h2-6,9,16,21,24-25H,7-8,10H2,1H3",LKQKPLPHYAXTKI-UHFFFAOYSA-N,CN1C(CN(CC1)C2=C3C(=CC=CC3=NC4=C(N2)C=C(C=C4)Cl)O)O,,,C18H19ClN4O2,358.119653528,3.1631999999999993,0,1,1,BTM00089,BTM00089,Aromatic hydroxylation of fused benzene ring,BTMR1032,"CYP1A2
CYP2B6
CYP2C8
CYP2C9
CYP2C19
CYP2D6
CYP3A4",HUMAN,BTM00007,CN1C(CN(CC1)C2=C3C=CC=CC3=NC4=C(N2)C=C(C=C4)Cl)O,"InChI=1S/C18H19ClN4O/c1-22-8-9-23(11-17(22)24)18-13-4-2-3-5-14(13)20-15-7-6-12(19)10-16(15)21-18/h2-7,10,17,21,24H,8-9,11H2,1H3",YWBDUVMXBOABKP-UHFFFAOYSA-N,3.4306,342.124738908
"InChI=1S/C18H19ClN4O2/c1-22-8-9-23(10-15(22)24)18-11-4-2-3-5-13(11)20-14-7-6-12(19)17(25)16(14)21-18/h2-7,15,21,24-25H,8-10H2,1H3",WKNNEPBEZNBBBN-UHFFFAOYSA-N,CN1C(CN(CC1)C2=C3C=CC=CC3=NC4=C(N2)C(=C(C=C4)Cl)O)O,,,C18H19ClN4O2,358.119653528,3.1631999999999993,0,1,1,BTM00090,BTM00090,Hydroxylation of aromatic carbon ortho to halide group,BTMR1040,"CYP1A2
CYP2A6
CYP2B6
CYP2C8
CYP2C9
CYP2C19
CYP2D6
CYP2E1
CYP3A4",HUMAN,BTM00007,CN1C(CN(CC1)C2=C3C=CC=CC3=NC4=C(N2)C=C(C=C4)Cl)O,"InChI=1S/C18H19ClN4O/c1-22-8-9-23(11-17(22)24)18-13-4-2-3-5-14(13)20-15-7-6-12(19)10-16(15)21-18/h2-7,10,17,21,24H,8-9,11H2,1H3",YWBDUVMXBOABKP-UHFFFAOYSA-N,3.4306,342.124738908
"InChI=1S/C18H19ClN4O2/c1-22-6-7-23(10-17(22)25)18-11-4-2-3-5-13(11)20-15-9-16(24)12(19)8-14(15)21-18/h2-5,8-9,17,21,24-25H,6-7,10H2,1H3",YDLKQAOJXNDVRB-UHFFFAOYSA-N,CN1C(CN(CC1)C2=C3C=CC=CC3=NC4=C(N2)C=C(C(=C4)O)Cl)O,,,C18H19ClN4O2,358.119653528,3.1631999999999993,0,1,1,BTM00059,BTM00059,Hydroxylation of aromatic carbon ortho to halide group,BTMR1040,"CYP1A2
CYP2A6
CYP2B6
CYP2C8
CYP2C9
CYP2C19
CYP2D6
CYP2E1
CYP3A4",HUMAN,BTM00007,CN1C(CN(CC1)C2=C3C=CC=CC3=NC4=C(N2)C=C(C=C4)Cl)O,"InChI=1S/C18H19ClN4O/c1-22-8-9-23(11-17(22)24)18-13-4-2-3-5-14(13)20-15-7-6-12(19)10-16(15)21-18/h2-7,10,17,21,24H,8-9,11H2,1H3",YWBDUVMXBOABKP-UHFFFAOYSA-N,3.4306,342.124738908
"InChI=1S/C18H19ClN4O2/c1-22-6-7-23(10-16(22)25)18-12-4-2-3-5-13(12)20-17-14(21-18)8-11(19)9-15(17)24/h2-5,8-9,16,21,24-25H,6-7,10H2,1H3",UESRGGKKRNCXLC-UHFFFAOYSA-N,CN1C(CN(CC1)C2=C3C=CC=CC3=NC4=C(N2)C=C(C=C4O)Cl)O,,,C18H19ClN4O2,358.119653528,3.1631999999999993,0,1,1,BTM00091,BTM00091,Hydroxylation of aromatic carbon meta to halide group,BTMR1039,"CYP2A6
CYP2B6
CYP2C9
CYP2C19
CYP2E1
CYP3A4",HUMAN,BTM00007,CN1C(CN(CC1)C2=C3C=CC=CC3=NC4=C(N2)C=C(C=C4)Cl)O,"InChI=1S/C18H19ClN4O/c1-22-8-9-23(11-17(22)24)18-13-4-2-3-5-14(13)20-15-7-6-12(19)10-16(15)21-18/h2-7,10,17,21,24H,8-9,11H2,1H3",YWBDUVMXBOABKP-UHFFFAOYSA-N,3.4306,342.124738908
"InChI=1S/C18H19ClN4O2/c1-22-6-7-23(17(25)10-22)18-13-9-12(24)3-5-14(13)20-15-4-2-11(19)8-16(15)21-18/h2-5,8-9,17,21,24-25H,6-7,10H2,1H3",CAVLOKIXBZRDNX-UHFFFAOYSA-N,CN1CC(N(CC1)C2=C3C=C(C=CC3=NC4=C(N2)C=C(C=C4)Cl)O)O,,,C18H19ClN4O2,358.119653528,3.1631999999999993,0,1,1,BTM00042,BTM00042,Aromatic hydroxylation of fused benzene ring,BTMR1030,"CYP1A2
CYP2A6
CYP2B6
CYP2C8
CYP2C9
CYP2C19
CYP2D6
CYP2E1
CYP3A4",HUMAN,BTM00008,CN1CC(N(CC1)C2=C3C=CC=CC3=NC4=C(N2)C=C(C=C4)Cl)O,"InChI=1S/C18H19ClN4O/c1-22-8-9-23(17(24)11-22)18-13-4-2-3-5-14(13)20-15-7-6-12(19)10-16(15)21-18/h2-7,10,17,21,24H,8-9,11H2,1H3",HKAHABWRDIOGHJ-UHFFFAOYSA-N,3.4306,342.124738908
"InChI=1S/C18H19ClN4O2/c1-22-6-7-23(17(25)10-22)18-13-4-3-12(24)9-15(13)20-14-5-2-11(19)8-16(14)21-18/h2-5,8-9,17,21,24-25H,6-7,10H2,1H3",PVEKRCIHOOBNJC-UHFFFAOYSA-N,CN1CC(N(CC1)C2=C3C=CC(=CC3=NC4=C(N2)C=C(C=C4)Cl)O)O,,,C18H19ClN4O2,358.119653528,3.1631999999999993,0,1,1,BTM00052,BTM00052,Aromatic hydroxylation of fused benzene ring,BTMR1030,"CYP1A2
CYP2A6
CYP2B6
CYP2C8
CYP2C9
CYP2C19
CYP2D6
CYP2E1
CYP3A4",HUMAN,BTM00008,CN1CC(N(CC1)C2=C3C=CC=CC3=NC4=C(N2)C=C(C=C4)Cl)O,"InChI=1S/C18H19ClN4O/c1-22-8-9-23(17(24)11-22)18-13-4-2-3-5-14(13)20-15-7-6-12(19)10-16(15)21-18/h2-7,10,17,21,24H,8-9,11H2,1H3",HKAHABWRDIOGHJ-UHFFFAOYSA-N,3.4306,342.124738908
"InChI=1S/C18H19ClN4O2/c1-22-6-7-23(17(25)10-22)18-11-4-2-3-5-13(11)20-15-9-16(24)12(19)8-14(15)21-18/h2-5,8-9,17,21,24-25H,6-7,10H2,1H3",HOYDFMNWRDNVIN-UHFFFAOYSA-N,CN1CC(N(CC1)C2=C3C=CC=CC3=NC4=C(N2)C=C(C(=C4)O)Cl)O,,,C18H19ClN4O2,358.119653528,3.1631999999999993,0,1,1,BTM00060,BTM00060,Aromatic hydroxylation of fused benzene ring,BTMR1030,"CYP1A2
CYP2A6
CYP2B6
CYP2C8
CYP2C9
CYP2C19
CYP2D6
CYP2E1
CYP3A4",HUMAN,BTM00008,CN1CC(N(CC1)C2=C3C=CC=CC3=NC4=C(N2)C=C(C=C4)Cl)O,"InChI=1S/C18H19ClN4O/c1-22-8-9-23(17(24)11-22)18-13-4-2-3-5-14(13)20-15-7-6-12(19)10-16(15)21-18/h2-7,10,17,21,24H,8-9,11H2,1H3",HKAHABWRDIOGHJ-UHFFFAOYSA-N,3.4306,342.124738908
"InChI=1S/C18H19ClN4O2/c1-23(25)9-8-22(17(24)11-23)18-13-4-2-3-5-14(13)20-15-7-6-12(19)10-16(15)21-18/h2-7,10,17,21,24H,8-9,11H2,1H3",HIJYXCGSSFDWLG-UHFFFAOYSA-N,C[N+]1(CC(N(CC1)C2=C3C=CC=CC3=NC4=C(N2)C=C(C=C4)Cl)O)[O-],,,C18H19ClN4O2,358.119653528,3.0255,0,0,0,BTM00067,BTM00067,N-Oxidation of alicyclic tertiary amine,BTMR1099,"CYP1A2
CYP2C8
CYP2C19
CYP2D6
CYP3A4",HUMAN,BTM00008,CN1CC(N(CC1)C2=C3C=CC=CC3=NC4=C(N2)C=C(C=C4)Cl)O,"InChI=1S/C18H19ClN4O/c1-22-8-9-23(17(24)11-22)18-13-4-2-3-5-14(13)20-15-7-6-12(19)10-16(15)21-18/h2-7,10,17,21,24H,8-9,11H2,1H3",HKAHABWRDIOGHJ-UHFFFAOYSA-N,3.4306,342.124738908
"InChI=1S/C17H17ClN4O/c18-11-5-6-14-15(9-11)21-17(22-8-7-19-10-16(22)23)12-3-1-2-4-13(12)20-14/h1-6,9,16,19,21,23H,7-8,10H2",YBGGEJWVTZRNEH-UHFFFAOYSA-N,N1CC(N(CC1)C2=C3C=CC=CC3=NC4=C(N2)C=C(C=C4)Cl)O,,,C17H17ClN4O,328.10908884400004,2.8947000000000003,0,1,1,BTM00074,BTM00074,N-Dealkylation of alicyclic tertiary amine,BTMR1144,"CYP1A2
CYP2A6
CYP2B6
CYP2C8
CYP2C9
CYP2C19
CYP2D6
CYP3A4",HUMAN,BTM00008,CN1CC(N(CC1)C2=C3C=CC=CC3=NC4=C(N2)C=C(C=C4)Cl)O,"InChI=1S/C18H19ClN4O/c1-22-8-9-23(17(24)11-22)18-13-4-2-3-5-14(13)20-15-7-6-12(19)10-16(15)21-18/h2-7,10,17,21,24H,8-9,11H2,1H3",HKAHABWRDIOGHJ-UHFFFAOYSA-N,3.4306,342.124738908
"InChI=1S/C18H19ClN4O2/c1-22-8-9-23(25,17(24)11-22)18-13-4-2-3-5-14(13)20-15-7-6-12(19)10-16(15)21-18/h2-7,10,17,21,24H,8-9,11H2,1H3",JAHWNDSWPBYCKR-UHFFFAOYSA-N,CN1CC([N+](CC1)(C2=C3C=CC=CC3=NC4=C(N2)C=C(C=C4)Cl)[O-])O,,,C18H19ClN4O2,358.119653528,3.0255,0,0,0,BTM00080,BTM00080,N-Oxidation of aliphatic tertiary amine,BTMR1100,"CYP1A2
CYP2D6
CYP3A4",HUMAN,BTM00008,CN1CC(N(CC1)C2=C3C=CC=CC3=NC4=C(N2)C=C(C=C4)Cl)O,"InChI=1S/C18H19ClN4O/c1-22-8-9-23(17(24)11-22)18-13-4-2-3-5-14(13)20-15-7-6-12(19)10-16(15)21-18/h2-7,10,17,21,24H,8-9,11H2,1H3",HKAHABWRDIOGHJ-UHFFFAOYSA-N,3.4306,342.124738908
"InChI=1S/C18H19ClN4O2/c1-23(25)9-8-22(17(24)11-23)18-13-4-2-3-5-14(13)20-15-7-6-12(19)10-16(15)21-18/h2-7,10,17,21,24H,8-9,11H2,1H3",HIJYXCGSSFDWLG-UHFFFAOYSA-N,C[N+]1(CC(N(CC1)C2=C3C=CC=CC3=NC4=C(N2)C=C(C=C4)Cl)O)[O-],,,C18H19ClN4O2,358.119653528,3.0255,0,0,0,BTM00067,BTM00067,N-Oxidation of aliphatic tertiary amine,BTMR1100,"CYP1A2
CYP2D6
CYP3A4",HUMAN,BTM00008,CN1CC(N(CC1)C2=C3C=CC=CC3=NC4=C(N2)C=C(C=C4)Cl)O,"InChI=1S/C18H19ClN4O/c1-22-8-9-23(17(24)11-22)18-13-4-2-3-5-14(13)20-15-7-6-12(19)10-16(15)21-18/h2-7,10,17,21,24H,8-9,11H2,1H3",HKAHABWRDIOGHJ-UHFFFAOYSA-N,3.4306,342.124738908
"InChI=1S/C18H19ClN4O2/c1-22-8-9-23(18(25)17(22)24)16-12-4-2-3-5-13(12)20-14-7-6-11(19)10-15(14)21-16/h2-7,10,17-18,21,24-25H,8-9H2,1H3",DWLOKYHIJAVEGX-UHFFFAOYSA-N,CN1C(C(N(CC1)C2=C3C=CC=CC3=NC4=C(N2)C=C(C=C4)Cl)O)O,,,C18H19ClN4O2,358.119653528,3.090900000000001,0,1,1,BTM00085,BTM00085,Hydroxylation of heteroalicyclic secondary carbon,BTMR1070,"CYP1A2
CYP2A6
CYP2C9
CYP2D6
CYP3A4",HUMAN,BTM00008,CN1CC(N(CC1)C2=C3C=CC=CC3=NC4=C(N2)C=C(C=C4)Cl)O,"InChI=1S/C18H19ClN4O/c1-22-8-9-23(17(24)11-22)18-13-4-2-3-5-14(13)20-15-7-6-12(19)10-16(15)21-18/h2-7,10,17,21,24H,8-9,11H2,1H3",HKAHABWRDIOGHJ-UHFFFAOYSA-N,3.4306,342.124738908
"InChI=1S/C18H19ClN4O2/c1-22-9-16(24)23(17(25)10-22)18-12-4-2-3-5-13(12)20-14-7-6-11(19)8-15(14)21-18/h2-8,16-17,21,24-25H,9-10H2,1H3",SEGJWWBEKZIOMO-UHFFFAOYSA-N,CN1CC(N(C(C1)O)C2=C3C=CC=CC3=NC4=C(N2)C=C(C=C4)Cl)O,,,C18H19ClN4O2,358.119653528,3.090900000000001,0,1,1,BTM00092,BTM00092,Hydroxylation of heteroalicyclic secondary carbon,BTMR1070,"CYP1A2
CYP2A6
CYP2C9
CYP2D6
CYP3A4",HUMAN,BTM00008,CN1CC(N(CC1)C2=C3C=CC=CC3=NC4=C(N2)C=C(C=C4)Cl)O,"InChI=1S/C18H19ClN4O/c1-22-8-9-23(17(24)11-22)18-13-4-2-3-5-14(13)20-15-7-6-12(19)10-16(15)21-18/h2-7,10,17,21,24H,8-9,11H2,1H3",HKAHABWRDIOGHJ-UHFFFAOYSA-N,3.4306,342.124738908
"InChI=1S/C18H19ClN4O2/c1-22-9-17(25)23(10-16(22)24)18-12-4-2-3-5-13(12)20-14-7-6-11(19)8-15(14)21-18/h2-8,16-17,21,24-25H,9-10H2,1H3",DXPAGUZEGGHHRY-UHFFFAOYSA-N,CN1C(CN(C(C1)O)C2=C3C=CC=CC3=NC4=C(N2)C=C(C=C4)Cl)O,,,C18H19ClN4O2,358.119653528,3.090900000000001,0,1,1,BTM00086,BTM00086,Hydroxylation of heteroalicyclic secondary carbon,BTMR1070,"CYP1A2
CYP2A6
CYP2C9
CYP2D6
CYP3A4",HUMAN,BTM00008,CN1CC(N(CC1)C2=C3C=CC=CC3=NC4=C(N2)C=C(C=C4)Cl)O,"InChI=1S/C18H19ClN4O/c1-22-8-9-23(17(24)11-22)18-13-4-2-3-5-14(13)20-15-7-6-12(19)10-16(15)21-18/h2-7,10,17,21,24H,8-9,11H2,1H3",HKAHABWRDIOGHJ-UHFFFAOYSA-N,3.4306,342.124738908
"InChI=1S/C18H19ClN4O2/c1-22-7-8-23(16(25)10-22)18-12-3-2-4-15(24)17(12)20-13-6-5-11(19)9-14(13)21-18/h2-6,9,16,21,24-25H,7-8,10H2,1H3",FLIWTIYAAPKBHB-UHFFFAOYSA-N,CN1CC(N(CC1)C2=C3C=CC=C(C3=NC4=C(N2)C=C(C=C4)Cl)O)O,,,C18H19ClN4O2,358.11965352799996,3.1631999999999993,0,1,1,BTM00093,BTM00093,Aromatic hydroxylation of fused benzene ring,BTMR1031,"CYP1A2
CYP2B6
CYP2C8
CYP2C9
CYP2C19
CYP2D6
CYP3A4",HUMAN,BTM00008,CN1CC(N(CC1)C2=C3C=CC=CC3=NC4=C(N2)C=C(C=C4)Cl)O,"InChI=1S/C18H19ClN4O/c1-22-8-9-23(17(24)11-22)18-13-4-2-3-5-14(13)20-15-7-6-12(19)10-16(15)21-18/h2-7,10,17,21,24H,8-9,11H2,1H3",HKAHABWRDIOGHJ-UHFFFAOYSA-N,3.4306,342.124738908
"InChI=1S/C18H19ClN4O2/c1-22-7-8-23(16(25)10-22)18-17-13(3-2-4-15(17)24)20-12-6-5-11(19)9-14(12)21-18/h2-6,9,16,21,24-25H,7-8,10H2,1H3",BLOAXKCFLZHMDR-UHFFFAOYSA-N,CN1CC(N(CC1)C2=C3C(=CC=CC3=NC4=C(N2)C=C(C=C4)Cl)O)O,,,C18H19ClN4O2,358.119653528,3.1631999999999993,0,1,1,BTM00094,BTM00094,Aromatic hydroxylation of fused benzene ring,BTMR1032,"CYP1A2
CYP2B6
CYP2C8
CYP2C9
CYP2C19
CYP2D6
CYP3A4",HUMAN,BTM00008,CN1CC(N(CC1)C2=C3C=CC=CC3=NC4=C(N2)C=C(C=C4)Cl)O,"InChI=1S/C18H19ClN4O/c1-22-8-9-23(17(24)11-22)18-13-4-2-3-5-14(13)20-15-7-6-12(19)10-16(15)21-18/h2-7,10,17,21,24H,8-9,11H2,1H3",HKAHABWRDIOGHJ-UHFFFAOYSA-N,3.4306,342.124738908
"InChI=1S/C18H19ClN4O2/c1-22-8-9-23(15(24)10-22)18-11-4-2-3-5-13(11)20-14-7-6-12(19)17(25)16(14)21-18/h2-7,15,21,24-25H,8-10H2,1H3",XEXKWEIYEYNWIM-UHFFFAOYSA-N,CN1CC(N(CC1)C2=C3C=CC=CC3=NC4=C(N2)C(=C(C=C4)Cl)O)O,,,C18H19ClN4O2,358.119653528,3.1631999999999993,0,1,1,BTM00095,BTM00095,Hydroxylation of aromatic carbon ortho to halide group,BTMR1040,"CYP1A2
CYP2A6
CYP2B6
CYP2C8
CYP2C9
CYP2C19
CYP2D6
CYP2E1
CYP3A4",HUMAN,BTM00008,CN1CC(N(CC1)C2=C3C=CC=CC3=NC4=C(N2)C=C(C=C4)Cl)O,"InChI=1S/C18H19ClN4O/c1-22-8-9-23(17(24)11-22)18-13-4-2-3-5-14(13)20-15-7-6-12(19)10-16(15)21-18/h2-7,10,17,21,24H,8-9,11H2,1H3",HKAHABWRDIOGHJ-UHFFFAOYSA-N,3.4306,342.124738908
"InChI=1S/C18H19ClN4O2/c1-22-6-7-23(17(25)10-22)18-11-4-2-3-5-13(11)20-15-9-16(24)12(19)8-14(15)21-18/h2-5,8-9,17,21,24-25H,6-7,10H2,1H3",HOYDFMNWRDNVIN-UHFFFAOYSA-N,CN1CC(N(CC1)C2=C3C=CC=CC3=NC4=C(N2)C=C(C(=C4)O)Cl)O,,,C18H19ClN4O2,358.119653528,3.1631999999999993,0,1,1,BTM00060,BTM00060,Hydroxylation of aromatic carbon ortho to halide group,BTMR1040,"CYP1A2
CYP2A6
CYP2B6
CYP2C8
CYP2C9
CYP2C19
CYP2D6
CYP2E1
CYP3A4",HUMAN,BTM00008,CN1CC(N(CC1)C2=C3C=CC=CC3=NC4=C(N2)C=C(C=C4)Cl)O,"InChI=1S/C18H19ClN4O/c1-22-8-9-23(17(24)11-22)18-13-4-2-3-5-14(13)20-15-7-6-12(19)10-16(15)21-18/h2-7,10,17,21,24H,8-9,11H2,1H3",HKAHABWRDIOGHJ-UHFFFAOYSA-N,3.4306,342.124738908
"InChI=1S/C18H19ClN4O2/c1-22-6-7-23(16(25)10-22)18-12-4-2-3-5-13(12)20-17-14(21-18)8-11(19)9-15(17)24/h2-5,8-9,16,21,24-25H,6-7,10H2,1H3",ARYKYQOPGPUQQQ-UHFFFAOYSA-N,CN1CC(N(CC1)C2=C3C=CC=CC3=NC4=C(N2)C=C(C=C4O)Cl)O,,,C18H19ClN4O2,358.119653528,3.1631999999999993,0,1,1,BTM00096,BTM00096,Hydroxylation of aromatic carbon meta to halide group,BTMR1039,"CYP2A6
CYP2B6
CYP2C9
CYP2C19
CYP2E1
CYP3A4",HUMAN,BTM00008,CN1CC(N(CC1)C2=C3C=CC=CC3=NC4=C(N2)C=C(C=C4)Cl)O,"InChI=1S/C18H19ClN4O/c1-22-8-9-23(17(24)11-22)18-13-4-2-3-5-14(13)20-15-7-6-12(19)10-16(15)21-18/h2-7,10,17,21,24H,8-9,11H2,1H3",HKAHABWRDIOGHJ-UHFFFAOYSA-N,3.4306,342.124738908
"InChI=1S/C18H19ClN4O2/c1-22-4-6-23(7-5-22)18-13-9-12(24)10-16(25)17(13)20-14-3-2-11(19)8-15(14)21-18/h2-3,8-10,21,24-25H,4-7H2,1H3",RAUHCWKYVCQNCT-UHFFFAOYSA-N,CN1CCN(CC1)C2=C3C=C(C=C(C3=NC4=C(N2)C=C(C=C4)Cl)O)O,,,C18H19ClN4O2,358.119653528,3.2354999999999996,0,1,1,BTM00043,BTM00043,Aromatic hydroxylation of fused benzene ring,BTMR1030,"CYP1A2
CYP2A6
CYP2B6
CYP2C8
CYP2C9
CYP2C19
CYP2D6
CYP2E1
CYP3A4",HUMAN,BTM00009,CN1CCN(CC1)C2=C3C=CC=C(C3=NC4=C(N2)C=C(C=C4)Cl)O,"InChI=1S/C18H19ClN4O/c1-22-7-9-23(10-8-22)18-13-3-2-4-16(24)17(13)20-14-6-5-12(19)11-15(14)21-18/h2-6,11,21,24H,7-10H2,1H3",YASYHDLUEMJFKA-UHFFFAOYSA-N,3.502900000000001,342.12473890800004
"InChI=1S/C18H19ClN4O2/c1-22-6-8-23(9-7-22)18-12-3-5-15(24)17(25)16(12)20-13-4-2-11(19)10-14(13)21-18/h2-5,10,21,24-25H,6-9H2,1H3",FEMMVJGQPGXMPG-UHFFFAOYSA-N,CN1CCN(CC1)C2=C3C=CC(=C(C3=NC4=C(N2)C=C(C=C4)Cl)O)O,,,C18H19ClN4O2,358.11965352799996,3.2354999999999996,0,1,1,BTM00097,BTM00097,Aromatic hydroxylation of fused benzene ring,BTMR1030,"CYP1A2
CYP2A6
CYP2B6
CYP2C8
CYP2C9
CYP2C19
CYP2D6
CYP2E1
CYP3A4",HUMAN,BTM00009,CN1CCN(CC1)C2=C3C=CC=C(C3=NC4=C(N2)C=C(C=C4)Cl)O,"InChI=1S/C18H19ClN4O/c1-22-7-9-23(10-8-22)18-13-3-2-4-16(24)17(13)20-14-6-5-12(19)11-15(14)21-18/h2-6,11,21,24H,7-10H2,1H3",YASYHDLUEMJFKA-UHFFFAOYSA-N,3.502900000000001,342.12473890800004
"InChI=1S/C18H19ClN4O2/c1-22-5-7-23(8-6-22)18-11-3-2-4-15(24)17(11)20-14-10-16(25)12(19)9-13(14)21-18/h2-4,9-10,21,24-25H,5-8H2,1H3",LEUXOKQOOXYADF-UHFFFAOYSA-N,CN1CCN(CC1)C2=C3C=CC=C(C3=NC4=C(N2)C=C(C(=C4)O)Cl)O,,,C18H19ClN4O2,358.11965352799996,3.2354999999999996,0,1,1,BTM00061,BTM00061,Aromatic hydroxylation of fused benzene ring,BTMR1030,"CYP1A2
CYP2A6
CYP2B6
CYP2C8
CYP2C9
CYP2C19
CYP2D6
CYP2E1
CYP3A4",HUMAN,BTM00009,CN1CCN(CC1)C2=C3C=CC=C(C3=NC4=C(N2)C=C(C=C4)Cl)O,"InChI=1S/C18H19ClN4O/c1-22-7-9-23(10-8-22)18-13-3-2-4-16(24)17(13)20-14-6-5-12(19)11-15(14)21-18/h2-6,11,21,24H,7-10H2,1H3",YASYHDLUEMJFKA-UHFFFAOYSA-N,3.502900000000001,342.12473890800004
"InChI=1S/C18H19ClN4O2/c1-23(25)9-7-22(8-10-23)18-13-3-2-4-16(24)17(13)20-14-6-5-12(19)11-15(14)21-18/h2-6,11,21,24H,7-10H2,1H3",NMLYYKDNYPVBPI-UHFFFAOYSA-N,C[N+]1(CCN(CC1)C2=C3C=CC=C(C3=NC4=C(N2)C=C(C=C4)Cl)O)[O-],,,C18H19ClN4O2,358.11965352799996,3.0978000000000003,0,0,0,BTM00068,BTM00068,N-Oxidation of alicyclic tertiary amine,BTMR1099,"CYP1A2
CYP2C8
CYP2C19
CYP2D6
CYP3A4",HUMAN,BTM00009,CN1CCN(CC1)C2=C3C=CC=C(C3=NC4=C(N2)C=C(C=C4)Cl)O,"InChI=1S/C18H19ClN4O/c1-22-7-9-23(10-8-22)18-13-3-2-4-16(24)17(13)20-14-6-5-12(19)11-15(14)21-18/h2-6,11,21,24H,7-10H2,1H3",YASYHDLUEMJFKA-UHFFFAOYSA-N,3.502900000000001,342.12473890800004
"InChI=1S/C17H17ClN4O/c18-11-4-5-13-14(10-11)21-17(22-8-6-19-7-9-22)12-2-1-3-15(23)16(12)20-13/h1-5,10,19,21,23H,6-9H2",XZEGGRXQEDXLSJ-UHFFFAOYSA-N,N1CCN(CC1)C2=C3C=CC=C(C3=NC4=C(N2)C=C(C=C4)Cl)O,,,C17H17ClN4O,328.10908884400004,2.9670000000000005,0,1,1,BTM00075,BTM00075,N-Dealkylation of alicyclic tertiary amine,BTMR1144,"CYP1A2
CYP2A6
CYP2B6
CYP2C8
CYP2C9
CYP2C19
CYP2D6
CYP3A4",HUMAN,BTM00009,CN1CCN(CC1)C2=C3C=CC=C(C3=NC4=C(N2)C=C(C=C4)Cl)O,"InChI=1S/C18H19ClN4O/c1-22-7-9-23(10-8-22)18-13-3-2-4-16(24)17(13)20-14-6-5-12(19)11-15(14)21-18/h2-6,11,21,24H,7-10H2,1H3",YASYHDLUEMJFKA-UHFFFAOYSA-N,3.502900000000001,342.12473890800004
"InChI=1S/C18H19ClN4O2/c1-22-7-9-23(25,10-8-22)18-13-3-2-4-16(24)17(13)20-14-6-5-12(19)11-15(14)21-18/h2-6,11,21,24H,7-10H2,1H3",FILITCTXLJCNEK-UHFFFAOYSA-N,CN1CC[N+](CC1)(C2=C3C=CC=C(C3=NC4=C(N2)C=C(C=C4)Cl)O)[O-],,,C18H19ClN4O2,358.119653528,3.0978000000000003,0,0,0,BTM00081,BTM00081,N-Oxidation of aliphatic tertiary amine,BTMR1100,"CYP1A2
CYP2D6
CYP3A4",HUMAN,BTM00009,CN1CCN(CC1)C2=C3C=CC=C(C3=NC4=C(N2)C=C(C=C4)Cl)O,"InChI=1S/C18H19ClN4O/c1-22-7-9-23(10-8-22)18-13-3-2-4-16(24)17(13)20-14-6-5-12(19)11-15(14)21-18/h2-6,11,21,24H,7-10H2,1H3",YASYHDLUEMJFKA-UHFFFAOYSA-N,3.502900000000001,342.12473890800004
"InChI=1S/C18H19ClN4O2/c1-23(25)9-7-22(8-10-23)18-13-3-2-4-16(24)17(13)20-14-6-5-12(19)11-15(14)21-18/h2-6,11,21,24H,7-10H2,1H3",NMLYYKDNYPVBPI-UHFFFAOYSA-N,C[N+]1(CCN(CC1)C2=C3C=CC=C(C3=NC4=C(N2)C=C(C=C4)Cl)O)[O-],,,C18H19ClN4O2,358.11965352799996,3.0978000000000003,0,0,0,BTM00068,BTM00068,N-Oxidation of aliphatic tertiary amine,BTMR1100,"CYP1A2
CYP2D6
CYP3A4",HUMAN,BTM00009,CN1CCN(CC1)C2=C3C=CC=C(C3=NC4=C(N2)C=C(C=C4)Cl)O,"InChI=1S/C18H19ClN4O/c1-22-7-9-23(10-8-22)18-13-3-2-4-16(24)17(13)20-14-6-5-12(19)11-15(14)21-18/h2-6,11,21,24H,7-10H2,1H3",YASYHDLUEMJFKA-UHFFFAOYSA-N,3.502900000000001,342.12473890800004
"InChI=1S/C18H19ClN4O2/c1-22-7-8-23(10-16(22)25)18-12-3-2-4-15(24)17(12)20-13-6-5-11(19)9-14(13)21-18/h2-6,9,16,21,24-25H,7-8,10H2,1H3",KESDFMCGLZITIB-UHFFFAOYSA-N,CN1C(CN(CC1)C2=C3C=CC=C(C3=NC4=C(N2)C=C(C=C4)Cl)O)O,,,C18H19ClN4O2,358.119653528,3.1631999999999993,0,1,1,BTM00088,BTM00088,Hydroxylation of heteroalicyclic secondary carbon,BTMR1070,"CYP1A2
CYP2A6
CYP2C9
CYP2D6
CYP3A4",HUMAN,BTM00009,CN1CCN(CC1)C2=C3C=CC=C(C3=NC4=C(N2)C=C(C=C4)Cl)O,"InChI=1S/C18H19ClN4O/c1-22-7-9-23(10-8-22)18-13-3-2-4-16(24)17(13)20-14-6-5-12(19)11-15(14)21-18/h2-6,11,21,24H,7-10H2,1H3",YASYHDLUEMJFKA-UHFFFAOYSA-N,3.502900000000001,342.12473890800004
"InChI=1S/C18H19ClN4O2/c1-22-7-8-23(16(25)10-22)18-12-3-2-4-15(24)17(12)20-13-6-5-11(19)9-14(13)21-18/h2-6,9,16,21,24-25H,7-8,10H2,1H3",FLIWTIYAAPKBHB-UHFFFAOYSA-N,CN1CC(N(CC1)C2=C3C=CC=C(C3=NC4=C(N2)C=C(C=C4)Cl)O)O,,,C18H19ClN4O2,358.11965352799996,3.1631999999999993,0,1,1,BTM00093,BTM00093,Hydroxylation of heteroalicyclic secondary carbon,BTMR1070,"CYP1A2
CYP2A6
CYP2C9
CYP2D6
CYP3A4",HUMAN,BTM00009,CN1CCN(CC1)C2=C3C=CC=C(C3=NC4=C(N2)C=C(C=C4)Cl)O,"InChI=1S/C18H19ClN4O/c1-22-7-9-23(10-8-22)18-13-3-2-4-16(24)17(13)20-14-6-5-12(19)11-15(14)21-18/h2-6,11,21,24H,7-10H2,1H3",YASYHDLUEMJFKA-UHFFFAOYSA-N,3.502900000000001,342.12473890800004
"InChI=1S/C18H19ClN4O2/c1-22-7-9-23(10-8-22)18-11-3-2-4-14(24)15(11)20-13-6-5-12(19)17(25)16(13)21-18/h2-6,21,24-25H,7-10H2,1H3",OVDJUOCLKOLLJN-UHFFFAOYSA-N,CN1CCN(CC1)C2=C3C=CC=C(C3=NC4=C(N2)C(=C(C=C4)Cl)O)O,,,C18H19ClN4O2,358.119653528,3.2354999999999996,0,1,1,BTM00098,BTM00098,Hydroxylation of aromatic carbon ortho to halide group,BTMR1040,"CYP1A2
CYP2A6
CYP2B6
CYP2C8
CYP2C9
CYP2C19
CYP2D6
CYP2E1
CYP3A4",HUMAN,BTM00009,CN1CCN(CC1)C2=C3C=CC=C(C3=NC4=C(N2)C=C(C=C4)Cl)O,"InChI=1S/C18H19ClN4O/c1-22-7-9-23(10-8-22)18-13-3-2-4-16(24)17(13)20-14-6-5-12(19)11-15(14)21-18/h2-6,11,21,24H,7-10H2,1H3",YASYHDLUEMJFKA-UHFFFAOYSA-N,3.502900000000001,342.12473890800004
"InChI=1S/C18H19ClN4O2/c1-22-5-7-23(8-6-22)18-11-3-2-4-15(24)17(11)20-14-10-16(25)12(19)9-13(14)21-18/h2-4,9-10,21,24-25H,5-8H2,1H3",LEUXOKQOOXYADF-UHFFFAOYSA-N,CN1CCN(CC1)C2=C3C=CC=C(C3=NC4=C(N2)C=C(C(=C4)O)Cl)O,,,C18H19ClN4O2,358.11965352799996,3.2354999999999996,0,1,1,BTM00061,BTM00061,Hydroxylation of aromatic carbon ortho to halide group,BTMR1040,"CYP1A2
CYP2A6
CYP2B6
CYP2C8
CYP2C9
CYP2C19
CYP2D6
CYP2E1
CYP3A4",HUMAN,BTM00009,CN1CCN(CC1)C2=C3C=CC=C(C3=NC4=C(N2)C=C(C=C4)Cl)O,"InChI=1S/C18H19ClN4O/c1-22-7-9-23(10-8-22)18-13-3-2-4-16(24)17(13)20-14-6-5-12(19)11-15(14)21-18/h2-6,11,21,24H,7-10H2,1H3",YASYHDLUEMJFKA-UHFFFAOYSA-N,3.502900000000001,342.12473890800004
"InChI=1S/C18H19ClN4O2/c1-22-5-7-23(8-6-22)18-12-3-2-4-14(24)16(12)21-17-13(20-18)9-11(19)10-15(17)25/h2-4,9-10,20,24-25H,5-8H2,1H3",PEZNXAXDEJAFFL-UHFFFAOYSA-N,CN1CCN(CC1)C2=C3C=CC=C(C3=NC4=C(N2)C=C(C=C4O)Cl)O,,,C18H19ClN4O2,358.11965352799996,3.2354999999999996,0,1,1,BTM00099,BTM00099,Hydroxylation of aromatic carbon meta to halide group,BTMR1039,"CYP2A6
CYP2B6
CYP2C9
CYP2C19
CYP2E1
CYP3A4",HUMAN,BTM00009,CN1CCN(CC1)C2=C3C=CC=C(C3=NC4=C(N2)C=C(C=C4)Cl)O,"InChI=1S/C18H19ClN4O/c1-22-7-9-23(10-8-22)18-13-3-2-4-16(24)17(13)20-14-6-5-12(19)11-15(14)21-18/h2-6,11,21,24H,7-10H2,1H3",YASYHDLUEMJFKA-UHFFFAOYSA-N,3.502900000000001,342.12473890800004
"InChI=1S/C18H19ClN4O2/c1-22-6-8-23(9-7-22)18-16-13(4-5-15(24)17(16)25)20-12-3-2-11(19)10-14(12)21-18/h2-5,10,21,24-25H,6-9H2,1H3",MPRQWMQJPSNUQD-UHFFFAOYSA-N,CN1CCN(CC1)C2=C3C(=C(C=CC3=NC4=C(N2)C=C(C=C4)Cl)O)O,,,C18H19ClN4O2,358.119653528,3.2354999999999996,0,1,1,BTM00044,BTM00044,Aromatic hydroxylation of fused benzene ring,BTMR1030,"CYP1A2
CYP2A6
CYP2B6
CYP2C8
CYP2C9
CYP2C19
CYP2D6
CYP2E1
CYP3A4",HUMAN,BTM00010,CN1CCN(CC1)C2=C3C(=CC=CC3=NC4=C(N2)C=C(C=C4)Cl)O,"InChI=1S/C18H19ClN4O/c1-22-7-9-23(10-8-22)18-17-14(3-2-4-16(17)24)20-13-6-5-12(19)11-15(13)21-18/h2-6,11,21,24H,7-10H2,1H3",GVQMBEAJHTXSAQ-UHFFFAOYSA-N,3.502900000000001,342.124738908
"InChI=1S/C18H19ClN4O2/c1-22-4-6-23(7-5-22)18-17-15(9-12(24)10-16(17)25)20-13-3-2-11(19)8-14(13)21-18/h2-3,8-10,21,24-25H,4-7H2,1H3",IROVLSRUCNXCNT-UHFFFAOYSA-N,CN1CCN(CC1)C2=C3C(=CC(=CC3=NC4=C(N2)C=C(C=C4)Cl)O)O,,,C18H19ClN4O2,358.11965352799996,3.2354999999999996,0,1,1,BTM00053,BTM00053,Aromatic hydroxylation of fused benzene ring,BTMR1030,"CYP1A2
CYP2A6
CYP2B6
CYP2C8
CYP2C9
CYP2C19
CYP2D6
CYP2E1
CYP3A4",HUMAN,BTM00010,CN1CCN(CC1)C2=C3C(=CC=CC3=NC4=C(N2)C=C(C=C4)Cl)O,"InChI=1S/C18H19ClN4O/c1-22-7-9-23(10-8-22)18-17-14(3-2-4-16(17)24)20-13-6-5-12(19)11-15(13)21-18/h2-6,11,21,24H,7-10H2,1H3",GVQMBEAJHTXSAQ-UHFFFAOYSA-N,3.502900000000001,342.124738908
"InChI=1S/C18H19ClN4O2/c1-22-5-7-23(8-6-22)18-17-12(3-2-4-15(17)24)20-14-10-16(25)11(19)9-13(14)21-18/h2-4,9-10,21,24-25H,5-8H2,1H3",MJSWYOKNMHQQSJ-UHFFFAOYSA-N,CN1CCN(CC1)C2=C3C(=CC=CC3=NC4=C(N2)C=C(C(=C4)O)Cl)O,,,C18H19ClN4O2,358.119653528,3.2354999999999996,0,1,1,BTM00062,BTM00062,Aromatic hydroxylation of fused benzene ring,BTMR1030,"CYP1A2
CYP2A6
CYP2B6
CYP2C8
CYP2C9
CYP2C19
CYP2D6
CYP2E1
CYP3A4",HUMAN,BTM00010,CN1CCN(CC1)C2=C3C(=CC=CC3=NC4=C(N2)C=C(C=C4)Cl)O,"InChI=1S/C18H19ClN4O/c1-22-7-9-23(10-8-22)18-17-14(3-2-4-16(17)24)20-13-6-5-12(19)11-15(13)21-18/h2-6,11,21,24H,7-10H2,1H3",GVQMBEAJHTXSAQ-UHFFFAOYSA-N,3.502900000000001,342.124738908
"InChI=1S/C18H19ClN4O2/c1-23(25)9-7-22(8-10-23)18-17-14(3-2-4-16(17)24)20-13-6-5-12(19)11-15(13)21-18/h2-6,11,21,24H,7-10H2,1H3",GESHTYHENUSZJG-UHFFFAOYSA-N,C[N+]1(CCN(CC1)C2=C3C(=CC=CC3=NC4=C(N2)C=C(C=C4)Cl)O)[O-],,,C18H19ClN4O2,358.119653528,3.0978000000000003,0,0,0,BTM00069,BTM00069,N-Oxidation of alicyclic tertiary amine,BTMR1099,"CYP1A2
CYP2C8
CYP2C19
CYP2D6
CYP3A4",HUMAN,BTM00010,CN1CCN(CC1)C2=C3C(=CC=CC3=NC4=C(N2)C=C(C=C4)Cl)O,"InChI=1S/C18H19ClN4O/c1-22-7-9-23(10-8-22)18-17-14(3-2-4-16(17)24)20-13-6-5-12(19)11-15(13)21-18/h2-6,11,21,24H,7-10H2,1H3",GVQMBEAJHTXSAQ-UHFFFAOYSA-N,3.502900000000001,342.124738908
"InChI=1S/C17H17ClN4O/c18-11-4-5-12-14(10-11)21-17(22-8-6-19-7-9-22)16-13(20-12)2-1-3-15(16)23/h1-5,10,19,21,23H,6-9H2",IQGYAMXGOGEMBO-UHFFFAOYSA-N,N1CCN(CC1)C2=C3C(=CC=CC3=NC4=C(N2)C=C(C=C4)Cl)O,,,C17H17ClN4O,328.10908884400004,2.9670000000000005,0,1,1,BTM00076,BTM00076,N-Dealkylation of alicyclic tertiary amine,BTMR1144,"CYP1A2
CYP2A6
CYP2B6
CYP2C8
CYP2C9
CYP2C19
CYP2D6
CYP3A4",HUMAN,BTM00010,CN1CCN(CC1)C2=C3C(=CC=CC3=NC4=C(N2)C=C(C=C4)Cl)O,"InChI=1S/C18H19ClN4O/c1-22-7-9-23(10-8-22)18-17-14(3-2-4-16(17)24)20-13-6-5-12(19)11-15(13)21-18/h2-6,11,21,24H,7-10H2,1H3",GVQMBEAJHTXSAQ-UHFFFAOYSA-N,3.502900000000001,342.124738908
"InChI=1S/C18H19ClN4O2/c1-22-7-9-23(25,10-8-22)18-17-14(3-2-4-16(17)24)20-13-6-5-12(19)11-15(13)21-18/h2-6,11,21,24H,7-10H2,1H3",MCCBBZLOUNOLDW-UHFFFAOYSA-N,CN1CC[N+](CC1)(C2=C3C(=CC=CC3=NC4=C(N2)C=C(C=C4)Cl)O)[O-],,,C18H19ClN4O2,358.119653528,3.0978000000000003,0,0,0,BTM00082,BTM00082,N-Oxidation of aliphatic tertiary amine,BTMR1100,"CYP1A2
CYP2D6
CYP3A4",HUMAN,BTM00010,CN1CCN(CC1)C2=C3C(=CC=CC3=NC4=C(N2)C=C(C=C4)Cl)O,"InChI=1S/C18H19ClN4O/c1-22-7-9-23(10-8-22)18-17-14(3-2-4-16(17)24)20-13-6-5-12(19)11-15(13)21-18/h2-6,11,21,24H,7-10H2,1H3",GVQMBEAJHTXSAQ-UHFFFAOYSA-N,3.502900000000001,342.124738908
"InChI=1S/C18H19ClN4O2/c1-23(25)9-7-22(8-10-23)18-17-14(3-2-4-16(17)24)20-13-6-5-12(19)11-15(13)21-18/h2-6,11,21,24H,7-10H2,1H3",GESHTYHENUSZJG-UHFFFAOYSA-N,C[N+]1(CCN(CC1)C2=C3C(=CC=CC3=NC4=C(N2)C=C(C=C4)Cl)O)[O-],,,C18H19ClN4O2,358.119653528,3.0978000000000003,0,0,0,BTM00069,BTM00069,N-Oxidation of aliphatic tertiary amine,BTMR1100,"CYP1A2
CYP2D6
CYP3A4",HUMAN,BTM00010,CN1CCN(CC1)C2=C3C(=CC=CC3=NC4=C(N2)C=C(C=C4)Cl)O,"InChI=1S/C18H19ClN4O/c1-22-7-9-23(10-8-22)18-17-14(3-2-4-16(17)24)20-13-6-5-12(19)11-15(13)21-18/h2-6,11,21,24H,7-10H2,1H3",GVQMBEAJHTXSAQ-UHFFFAOYSA-N,3.502900000000001,342.124738908
"InChI=1S/C18H19ClN4O2/c1-22-7-8-23(10-16(22)25)18-17-13(3-2-4-15(17)24)20-12-6-5-11(19)9-14(12)21-18/h2-6,9,16,21,24-25H,7-8,10H2,1H3",LKQKPLPHYAXTKI-UHFFFAOYSA-N,CN1C(CN(CC1)C2=C3C(=CC=CC3=NC4=C(N2)C=C(C=C4)Cl)O)O,,,C18H19ClN4O2,358.119653528,3.1631999999999993,0,1,1,BTM00089,BTM00089,Hydroxylation of heteroalicyclic secondary carbon,BTMR1070,"CYP1A2
CYP2A6
CYP2C9
CYP2D6
CYP3A4",HUMAN,BTM00010,CN1CCN(CC1)C2=C3C(=CC=CC3=NC4=C(N2)C=C(C=C4)Cl)O,"InChI=1S/C18H19ClN4O/c1-22-7-9-23(10-8-22)18-17-14(3-2-4-16(17)24)20-13-6-5-12(19)11-15(13)21-18/h2-6,11,21,24H,7-10H2,1H3",GVQMBEAJHTXSAQ-UHFFFAOYSA-N,3.502900000000001,342.124738908
"InChI=1S/C18H19ClN4O2/c1-22-7-8-23(16(25)10-22)18-17-13(3-2-4-15(17)24)20-12-6-5-11(19)9-14(12)21-18/h2-6,9,16,21,24-25H,7-8,10H2,1H3",BLOAXKCFLZHMDR-UHFFFAOYSA-N,CN1CC(N(CC1)C2=C3C(=CC=CC3=NC4=C(N2)C=C(C=C4)Cl)O)O,,,C18H19ClN4O2,358.119653528,3.1631999999999993,0,1,1,BTM00094,BTM00094,Hydroxylation of heteroalicyclic secondary carbon,BTMR1070,"CYP1A2
CYP2A6
CYP2C9
CYP2D6
CYP3A4",HUMAN,BTM00010,CN1CCN(CC1)C2=C3C(=CC=CC3=NC4=C(N2)C=C(C=C4)Cl)O,"InChI=1S/C18H19ClN4O/c1-22-7-9-23(10-8-22)18-17-14(3-2-4-16(17)24)20-13-6-5-12(19)11-15(13)21-18/h2-6,11,21,24H,7-10H2,1H3",GVQMBEAJHTXSAQ-UHFFFAOYSA-N,3.502900000000001,342.124738908
"InChI=1S/C18H19ClN4O2/c1-22-7-9-23(10-8-22)18-15-12(3-2-4-14(15)24)20-13-6-5-11(19)17(25)16(13)21-18/h2-6,21,24-25H,7-10H2,1H3",ZZAOFNUEMCGYDV-UHFFFAOYSA-N,CN1CCN(CC1)C2=C3C(=CC=CC3=NC4=C(N2)C(=C(C=C4)Cl)O)O,,,C18H19ClN4O2,358.119653528,3.2354999999999996,0,1,1,BTM00100,BTM00100,Hydroxylation of aromatic carbon ortho to halide group,BTMR1040,"CYP1A2
CYP2A6
CYP2B6
CYP2C8
CYP2C9
CYP2C19
CYP2D6
CYP2E1
CYP3A4",HUMAN,BTM00010,CN1CCN(CC1)C2=C3C(=CC=CC3=NC4=C(N2)C=C(C=C4)Cl)O,"InChI=1S/C18H19ClN4O/c1-22-7-9-23(10-8-22)18-17-14(3-2-4-16(17)24)20-13-6-5-12(19)11-15(13)21-18/h2-6,11,21,24H,7-10H2,1H3",GVQMBEAJHTXSAQ-UHFFFAOYSA-N,3.502900000000001,342.124738908
"InChI=1S/C18H19ClN4O2/c1-22-5-7-23(8-6-22)18-17-12(3-2-4-15(17)24)20-14-10-16(25)11(19)9-13(14)21-18/h2-4,9-10,21,24-25H,5-8H2,1H3",MJSWYOKNMHQQSJ-UHFFFAOYSA-N,CN1CCN(CC1)C2=C3C(=CC=CC3=NC4=C(N2)C=C(C(=C4)O)Cl)O,,,C18H19ClN4O2,358.119653528,3.2354999999999996,0,1,1,BTM00062,BTM00062,Hydroxylation of aromatic carbon ortho to halide group,BTMR1040,"CYP1A2
CYP2A6
CYP2B6
CYP2C8
CYP2C9
CYP2C19
CYP2D6
CYP2E1
CYP3A4",HUMAN,BTM00010,CN1CCN(CC1)C2=C3C(=CC=CC3=NC4=C(N2)C=C(C=C4)Cl)O,"InChI=1S/C18H19ClN4O/c1-22-7-9-23(10-8-22)18-17-14(3-2-4-16(17)24)20-13-6-5-12(19)11-15(13)21-18/h2-6,11,21,24H,7-10H2,1H3",GVQMBEAJHTXSAQ-UHFFFAOYSA-N,3.502900000000001,342.124738908
"InChI=1S/C18H19ClN4O2/c1-22-5-7-23(8-6-22)18-16-12(3-2-4-14(16)24)20-17-13(21-18)9-11(19)10-15(17)25/h2-4,9-10,21,24-25H,5-8H2,1H3",WQPZRHWOGDLHQK-UHFFFAOYSA-N,CN1CCN(CC1)C2=C3C(=CC=CC3=NC4=C(N2)C=C(C=C4O)Cl)O,,,C18H19ClN4O2,358.119653528,3.2354999999999996,0,1,1,BTM00101,BTM00101,Hydroxylation of aromatic carbon meta to halide group,BTMR1039,"CYP2A6
CYP2B6
CYP2C9
CYP2C19
CYP2E1
CYP3A4",HUMAN,BTM00010,CN1CCN(CC1)C2=C3C(=CC=CC3=NC4=C(N2)C=C(C=C4)Cl)O,"InChI=1S/C18H19ClN4O/c1-22-7-9-23(10-8-22)18-17-14(3-2-4-16(17)24)20-13-6-5-12(19)11-15(13)21-18/h2-6,11,21,24H,7-10H2,1H3",GVQMBEAJHTXSAQ-UHFFFAOYSA-N,3.502900000000001,342.124738908
"InChI=1S/C18H19ClN4O2/c1-22-6-8-23(9-7-22)18-12-10-11(24)2-4-14(12)20-15-5-3-13(19)17(25)16(15)21-18/h2-5,10,21,24-25H,6-9H2,1H3",SEMNGOFTXNBQRD-UHFFFAOYSA-N,CN1CCN(CC1)C2=C3C=C(C=CC3=NC4=C(N2)C(=C(C=C4)Cl)O)O,,,C18H19ClN4O2,358.119653528,3.2354999999999996,0,1,1,BTM00045,BTM00045,Aromatic hydroxylation of fused benzene ring,BTMR1030,"CYP1A2
CYP2A6
CYP2B6
CYP2C8
CYP2C9
CYP2C19
CYP2D6
CYP2E1
CYP3A4",HUMAN,BTM00011,CN1CCN(CC1)C2=C3C=CC=CC3=NC4=C(N2)C(=C(C=C4)Cl)O,"InChI=1S/C18H19ClN4O/c1-22-8-10-23(11-9-22)18-12-4-2-3-5-14(12)20-15-7-6-13(19)17(24)16(15)21-18/h2-7,21,24H,8-11H2,1H3",PWRZXALANZESHI-UHFFFAOYSA-N,3.502900000000001,342.124738908
"InChI=1S/C18H19ClN4O2/c1-22-6-8-23(9-7-22)18-12-3-2-11(24)10-15(12)20-14-5-4-13(19)17(25)16(14)21-18/h2-5,10,21,24-25H,6-9H2,1H3",HRXRFZCZNPEHLZ-UHFFFAOYSA-N,CN1CCN(CC1)C2=C3C=CC(=CC3=NC4=C(N2)C(=C(C=C4)Cl)O)O,,,C18H19ClN4O2,358.119653528,3.2354999999999996,0,1,1,BTM00054,BTM00054,Aromatic hydroxylation of fused benzene ring,BTMR1030,"CYP1A2
CYP2A6
CYP2B6
CYP2C8
CYP2C9
CYP2C19
CYP2D6
CYP2E1
CYP3A4",HUMAN,BTM00011,CN1CCN(CC1)C2=C3C=CC=CC3=NC4=C(N2)C(=C(C=C4)Cl)O,"InChI=1S/C18H19ClN4O/c1-22-8-10-23(11-9-22)18-12-4-2-3-5-14(12)20-15-7-6-13(19)17(24)16(15)21-18/h2-7,21,24H,8-11H2,1H3",PWRZXALANZESHI-UHFFFAOYSA-N,3.502900000000001,342.124738908
"InChI=1S/C18H19ClN4O2/c1-22-6-8-23(9-7-22)18-11-4-2-3-5-12(11)20-13-10-14(24)15(19)17(25)16(13)21-18/h2-5,10,21,24-25H,6-9H2,1H3",QFZPIRBGSKBBGR-UHFFFAOYSA-N,CN1CCN(CC1)C2=C3C=CC=CC3=NC4=C(N2)C(=C(C(=C4)O)Cl)O,,,C18H19ClN4O2,358.119653528,3.2354999999999996,0,1,1,BTM00063,BTM00063,Aromatic hydroxylation of fused benzene ring,BTMR1030,"CYP1A2
CYP2A6
CYP2B6
CYP2C8
CYP2C9
CYP2C19
CYP2D6
CYP2E1
CYP3A4",HUMAN,BTM00011,CN1CCN(CC1)C2=C3C=CC=CC3=NC4=C(N2)C(=C(C=C4)Cl)O,"InChI=1S/C18H19ClN4O/c1-22-8-10-23(11-9-22)18-12-4-2-3-5-14(12)20-15-7-6-13(19)17(24)16(15)21-18/h2-7,21,24H,8-11H2,1H3",PWRZXALANZESHI-UHFFFAOYSA-N,3.502900000000001,342.124738908
"InChI=1S/C18H19ClN4O2/c1-23(25)10-8-22(9-11-23)18-12-4-2-3-5-14(12)20-15-7-6-13(19)17(24)16(15)21-18/h2-7,21,24H,8-11H2,1H3",SQNYVSQVRSVTNN-UHFFFAOYSA-N,C[N+]1(CCN(CC1)C2=C3C=CC=CC3=NC4=C(N2)C(=C(C=C4)Cl)O)[O-],,,C18H19ClN4O2,358.119653528,3.0978000000000003,0,0,0,BTM00070,BTM00070,N-Oxidation of alicyclic tertiary amine,BTMR1099,"CYP1A2
CYP2C8
CYP2C19
CYP2D6
CYP3A4",HUMAN,BTM00011,CN1CCN(CC1)C2=C3C=CC=CC3=NC4=C(N2)C(=C(C=C4)Cl)O,"InChI=1S/C18H19ClN4O/c1-22-8-10-23(11-9-22)18-12-4-2-3-5-14(12)20-15-7-6-13(19)17(24)16(15)21-18/h2-7,21,24H,8-11H2,1H3",PWRZXALANZESHI-UHFFFAOYSA-N,3.502900000000001,342.124738908
"InChI=1S/C17H17ClN4O/c18-12-5-6-14-15(16(12)23)21-17(22-9-7-19-8-10-22)11-3-1-2-4-13(11)20-14/h1-6,19,21,23H,7-10H2",VYLVJHBUBNAFLC-UHFFFAOYSA-N,N1CCN(CC1)C2=C3C=CC=CC3=NC4=C(N2)C(=C(C=C4)Cl)O,,,C17H17ClN4O,328.109088844,2.9670000000000005,0,1,1,BTM00077,BTM00077,N-Dealkylation of alicyclic tertiary amine,BTMR1144,"CYP1A2
CYP2A6
CYP2B6
CYP2C8
CYP2C9
CYP2C19
CYP2D6
CYP3A4",HUMAN,BTM00011,CN1CCN(CC1)C2=C3C=CC=CC3=NC4=C(N2)C(=C(C=C4)Cl)O,"InChI=1S/C18H19ClN4O/c1-22-8-10-23(11-9-22)18-12-4-2-3-5-14(12)20-15-7-6-13(19)17(24)16(15)21-18/h2-7,21,24H,8-11H2,1H3",PWRZXALANZESHI-UHFFFAOYSA-N,3.502900000000001,342.124738908
"InChI=1S/C18H19ClN4O2/c1-22-8-10-23(25,11-9-22)18-12-4-2-3-5-14(12)20-15-7-6-13(19)17(24)16(15)21-18/h2-7,21,24H,8-11H2,1H3",LWAHJQJKGCKKKD-UHFFFAOYSA-N,CN1CC[N+](CC1)(C2=C3C=CC=CC3=NC4=C(N2)C(=C(C=C4)Cl)O)[O-],,,C18H19ClN4O2,358.119653528,3.0978000000000003,0,0,0,BTM00083,BTM00083,N-Oxidation of aliphatic tertiary amine,BTMR1100,"CYP1A2
CYP2D6
CYP3A4",HUMAN,BTM00011,CN1CCN(CC1)C2=C3C=CC=CC3=NC4=C(N2)C(=C(C=C4)Cl)O,"InChI=1S/C18H19ClN4O/c1-22-8-10-23(11-9-22)18-12-4-2-3-5-14(12)20-15-7-6-13(19)17(24)16(15)21-18/h2-7,21,24H,8-11H2,1H3",PWRZXALANZESHI-UHFFFAOYSA-N,3.502900000000001,342.124738908
"InChI=1S/C18H19ClN4O2/c1-23(25)10-8-22(9-11-23)18-12-4-2-3-5-14(12)20-15-7-6-13(19)17(24)16(15)21-18/h2-7,21,24H,8-11H2,1H3",SQNYVSQVRSVTNN-UHFFFAOYSA-N,C[N+]1(CCN(CC1)C2=C3C=CC=CC3=NC4=C(N2)C(=C(C=C4)Cl)O)[O-],,,C18H19ClN4O2,358.119653528,3.0978000000000003,0,0,0,BTM00070,BTM00070,N-Oxidation of aliphatic tertiary amine,BTMR1100,"CYP1A2
CYP2D6
CYP3A4",HUMAN,BTM00011,CN1CCN(CC1)C2=C3C=CC=CC3=NC4=C(N2)C(=C(C=C4)Cl)O,"InChI=1S/C18H19ClN4O/c1-22-8-10-23(11-9-22)18-12-4-2-3-5-14(12)20-15-7-6-13(19)17(24)16(15)21-18/h2-7,21,24H,8-11H2,1H3",PWRZXALANZESHI-UHFFFAOYSA-N,3.502900000000001,342.124738908
"InChI=1S/C18H19ClN4O2/c1-22-8-9-23(10-15(22)24)18-11-4-2-3-5-13(11)20-14-7-6-12(19)17(25)16(14)21-18/h2-7,15,21,24-25H,8-10H2,1H3",WKNNEPBEZNBBBN-UHFFFAOYSA-N,CN1C(CN(CC1)C2=C3C=CC=CC3=NC4=C(N2)C(=C(C=C4)Cl)O)O,,,C18H19ClN4O2,358.119653528,3.1631999999999993,0,1,1,BTM00090,BTM00090,Hydroxylation of heteroalicyclic secondary carbon,BTMR1070,"CYP1A2
CYP2A6
CYP2C9
CYP2D6
CYP3A4",HUMAN,BTM00011,CN1CCN(CC1)C2=C3C=CC=CC3=NC4=C(N2)C(=C(C=C4)Cl)O,"InChI=1S/C18H19ClN4O/c1-22-8-10-23(11-9-22)18-12-4-2-3-5-14(12)20-15-7-6-13(19)17(24)16(15)21-18/h2-7,21,24H,8-11H2,1H3",PWRZXALANZESHI-UHFFFAOYSA-N,3.502900000000001,342.124738908
"InChI=1S/C18H19ClN4O2/c1-22-8-9-23(15(24)10-22)18-11-4-2-3-5-13(11)20-14-7-6-12(19)17(25)16(14)21-18/h2-7,15,21,24-25H,8-10H2,1H3",XEXKWEIYEYNWIM-UHFFFAOYSA-N,CN1CC(N(CC1)C2=C3C=CC=CC3=NC4=C(N2)C(=C(C=C4)Cl)O)O,,,C18H19ClN4O2,358.119653528,3.1631999999999993,0,1,1,BTM00095,BTM00095,Hydroxylation of heteroalicyclic secondary carbon,BTMR1070,"CYP1A2
CYP2A6
CYP2C9
CYP2D6
CYP3A4",HUMAN,BTM00011,CN1CCN(CC1)C2=C3C=CC=CC3=NC4=C(N2)C(=C(C=C4)Cl)O,"InChI=1S/C18H19ClN4O/c1-22-8-10-23(11-9-22)18-12-4-2-3-5-14(12)20-15-7-6-13(19)17(24)16(15)21-18/h2-7,21,24H,8-11H2,1H3",PWRZXALANZESHI-UHFFFAOYSA-N,3.502900000000001,342.124738908
"InChI=1S/C18H19ClN4O2/c1-22-7-9-23(10-8-22)18-11-3-2-4-14(24)15(11)20-13-6-5-12(19)17(25)16(13)21-18/h2-6,21,24-25H,7-10H2,1H3",OVDJUOCLKOLLJN-UHFFFAOYSA-N,CN1CCN(CC1)C2=C3C=CC=C(C3=NC4=C(N2)C(=C(C=C4)Cl)O)O,,,C18H19ClN4O2,358.119653528,3.2354999999999996,0,1,1,BTM00098,BTM00098,Aromatic hydroxylation of fused benzene ring,BTMR1031,"CYP1A2
CYP2B6
CYP2C8
CYP2C9
CYP2C19
CYP2D6
CYP3A4",HUMAN,BTM00011,CN1CCN(CC1)C2=C3C=CC=CC3=NC4=C(N2)C(=C(C=C4)Cl)O,"InChI=1S/C18H19ClN4O/c1-22-8-10-23(11-9-22)18-12-4-2-3-5-14(12)20-15-7-6-13(19)17(24)16(15)21-18/h2-7,21,24H,8-11H2,1H3",PWRZXALANZESHI-UHFFFAOYSA-N,3.502900000000001,342.124738908
"InChI=1S/C18H19ClN4O2/c1-22-7-9-23(10-8-22)18-15-12(3-2-4-14(15)24)20-13-6-5-11(19)17(25)16(13)21-18/h2-6,21,24-25H,7-10H2,1H3",ZZAOFNUEMCGYDV-UHFFFAOYSA-N,CN1CCN(CC1)C2=C3C(=CC=CC3=NC4=C(N2)C(=C(C=C4)Cl)O)O,,,C18H19ClN4O2,358.119653528,3.2354999999999996,0,1,1,BTM00100,BTM00100,Aromatic hydroxylation of fused benzene ring,BTMR1032,"CYP1A2
CYP2B6
CYP2C8
CYP2C9
CYP2C19
CYP2D6
CYP3A4",HUMAN,BTM00011,CN1CCN(CC1)C2=C3C=CC=CC3=NC4=C(N2)C(=C(C=C4)Cl)O,"InChI=1S/C18H19ClN4O/c1-22-8-10-23(11-9-22)18-12-4-2-3-5-14(12)20-15-7-6-13(19)17(24)16(15)21-18/h2-7,21,24H,8-11H2,1H3",PWRZXALANZESHI-UHFFFAOYSA-N,3.502900000000001,342.124738908
"InChI=1S/C18H19ClN4O2/c1-22-6-8-23(9-7-22)18-11-4-2-3-5-13(11)20-15-14(24)10-12(19)17(25)16(15)21-18/h2-5,10,21,24-25H,6-9H2,1H3",KMCZQQGCAFQXBD-UHFFFAOYSA-N,CN1CCN(CC1)C2=C3C=CC=CC3=NC4=C(N2)C(=C(C=C4O)Cl)O,,,C18H19ClN4O2,358.119653528,3.2354999999999996,0,1,1,BTM00102,BTM00102,Hydroxylation of aromatic carbon meta to halide group,BTMR1039,"CYP2A6
CYP2B6
CYP2C9
CYP2C19
CYP2E1
CYP3A4",HUMAN,BTM00011,CN1CCN(CC1)C2=C3C=CC=CC3=NC4=C(N2)C(=C(C=C4)Cl)O,"InChI=1S/C18H19ClN4O/c1-22-8-10-23(11-9-22)18-12-4-2-3-5-14(12)20-15-7-6-13(19)17(24)16(15)21-18/h2-7,21,24H,8-11H2,1H3",PWRZXALANZESHI-UHFFFAOYSA-N,3.502900000000001,342.124738908
"InChI=1S/C18H19ClN4O2/c1-22-4-6-23(7-5-22)18-13-10-12(24)2-3-14(13)20-17-15(21-18)8-11(19)9-16(17)25/h2-3,8-10,21,24-25H,4-7H2,1H3",HFYSACDWDPLBRM-UHFFFAOYSA-N,CN1CCN(CC1)C2=C3C=C(C=CC3=NC4=C(N2)C=C(C=C4O)Cl)O,,,C18H19ClN4O2,358.119653528,3.2354999999999996,0,1,1,BTM00046,BTM00046,Aromatic hydroxylation of fused benzene ring,BTMR1030,"CYP1A2
CYP2A6
CYP2B6
CYP2C8
CYP2C9
CYP2C19
CYP2D6
CYP2E1
CYP3A4",HUMAN,BTM00012,CN1CCN(CC1)C2=C3C=CC=CC3=NC4=C(N2)C=C(C=C4O)Cl,"InChI=1S/C18H19ClN4O/c1-22-6-8-23(9-7-22)18-13-4-2-3-5-14(13)20-17-15(21-18)10-12(19)11-16(17)24/h2-5,10-11,21,24H,6-9H2,1H3",UKWCYNHXHRTADN-UHFFFAOYSA-N,3.502900000000001,342.124738908
"InChI=1S/C18H19ClN4O2/c1-22-4-6-23(7-5-22)18-13-3-2-12(24)10-14(13)20-17-15(21-18)8-11(19)9-16(17)25/h2-3,8-10,21,24-25H,4-7H2,1H3",SBSRLKVJLLSFSS-UHFFFAOYSA-N,CN1CCN(CC1)C2=C3C=CC(=CC3=NC4=C(N2)C=C(C=C4O)Cl)O,,,C18H19ClN4O2,358.11965352799996,3.2354999999999996,0,1,1,BTM00055,BTM00055,Aromatic hydroxylation of fused benzene ring,BTMR1030,"CYP1A2
CYP2A6
CYP2B6
CYP2C8
CYP2C9
CYP2C19
CYP2D6
CYP2E1
CYP3A4",HUMAN,BTM00012,CN1CCN(CC1)C2=C3C=CC=CC3=NC4=C(N2)C=C(C=C4O)Cl,"InChI=1S/C18H19ClN4O/c1-22-6-8-23(9-7-22)18-13-4-2-3-5-14(13)20-17-15(21-18)10-12(19)11-16(17)24/h2-5,10-11,21,24H,6-9H2,1H3",UKWCYNHXHRTADN-UHFFFAOYSA-N,3.502900000000001,342.124738908
"InChI=1S/C18H19ClN4O2/c1-23(25)8-6-22(7-9-23)18-13-4-2-3-5-14(13)20-17-15(21-18)10-12(19)11-16(17)24/h2-5,10-11,21,24H,6-9H2,1H3",MQYDOQSPCWBASU-UHFFFAOYSA-N,C[N+]1(CCN(CC1)C2=C3C=CC=CC3=NC4=C(N2)C=C(C=C4O)Cl)[O-],,,C18H19ClN4O2,358.119653528,3.0978000000000003,0,0,0,BTM00071,BTM00071,N-Oxidation of alicyclic tertiary amine,BTMR1099,"CYP1A2
CYP2C8
CYP2C19
CYP2D6
CYP3A4",HUMAN,BTM00012,CN1CCN(CC1)C2=C3C=CC=CC3=NC4=C(N2)C=C(C=C4O)Cl,"InChI=1S/C18H19ClN4O/c1-22-6-8-23(9-7-22)18-13-4-2-3-5-14(13)20-17-15(21-18)10-12(19)11-16(17)24/h2-5,10-11,21,24H,6-9H2,1H3",UKWCYNHXHRTADN-UHFFFAOYSA-N,3.502900000000001,342.124738908
"InChI=1S/C17H17ClN4O/c18-11-9-14-16(15(23)10-11)20-13-4-2-1-3-12(13)17(21-14)22-7-5-19-6-8-22/h1-4,9-10,19,21,23H,5-8H2",QHZLBPGENDTUEL-UHFFFAOYSA-N,N1CCN(CC1)C2=C3C=CC=CC3=NC4=C(N2)C=C(C=C4O)Cl,,,C17H17ClN4O,328.109088844,2.9670000000000005,0,1,1,BTM00078,BTM00078,N-Dealkylation of alicyclic tertiary amine,BTMR1144,"CYP1A2
CYP2A6
CYP2B6
CYP2C8
CYP2C9
CYP2C19
CYP2D6
CYP3A4",HUMAN,BTM00012,CN1CCN(CC1)C2=C3C=CC=CC3=NC4=C(N2)C=C(C=C4O)Cl,"InChI=1S/C18H19ClN4O/c1-22-6-8-23(9-7-22)18-13-4-2-3-5-14(13)20-17-15(21-18)10-12(19)11-16(17)24/h2-5,10-11,21,24H,6-9H2,1H3",UKWCYNHXHRTADN-UHFFFAOYSA-N,3.502900000000001,342.124738908
"InChI=1S/C18H19ClN4O2/c1-22-6-8-23(25,9-7-22)18-13-4-2-3-5-14(13)20-17-15(21-18)10-12(19)11-16(17)24/h2-5,10-11,21,24H,6-9H2,1H3",GWKLAFYVWFBBRK-UHFFFAOYSA-N,CN1CC[N+](CC1)(C2=C3C=CC=CC3=NC4=C(N2)C=C(C=C4O)Cl)[O-],,,C18H19ClN4O2,358.119653528,3.0978000000000003,0,0,0,BTM00084,BTM00084,N-Oxidation of aliphatic tertiary amine,BTMR1100,"CYP1A2
CYP2D6
CYP3A4",HUMAN,BTM00012,CN1CCN(CC1)C2=C3C=CC=CC3=NC4=C(N2)C=C(C=C4O)Cl,"InChI=1S/C18H19ClN4O/c1-22-6-8-23(9-7-22)18-13-4-2-3-5-14(13)20-17-15(21-18)10-12(19)11-16(17)24/h2-5,10-11,21,24H,6-9H2,1H3",UKWCYNHXHRTADN-UHFFFAOYSA-N,3.502900000000001,342.124738908
"InChI=1S/C18H19ClN4O2/c1-23(25)8-6-22(7-9-23)18-13-4-2-3-5-14(13)20-17-15(21-18)10-12(19)11-16(17)24/h2-5,10-11,21,24H,6-9H2,1H3",MQYDOQSPCWBASU-UHFFFAOYSA-N,C[N+]1(CCN(CC1)C2=C3C=CC=CC3=NC4=C(N2)C=C(C=C4O)Cl)[O-],,,C18H19ClN4O2,358.119653528,3.0978000000000003,0,0,0,BTM00071,BTM00071,N-Oxidation of aliphatic tertiary amine,BTMR1100,"CYP1A2
CYP2D6
CYP3A4",HUMAN,BTM00012,CN1CCN(CC1)C2=C3C=CC=CC3=NC4=C(N2)C=C(C=C4O)Cl,"InChI=1S/C18H19ClN4O/c1-22-6-8-23(9-7-22)18-13-4-2-3-5-14(13)20-17-15(21-18)10-12(19)11-16(17)24/h2-5,10-11,21,24H,6-9H2,1H3",UKWCYNHXHRTADN-UHFFFAOYSA-N,3.502900000000001,342.124738908
"InChI=1S/C18H19ClN4O2/c1-22-6-7-23(10-16(22)25)18-12-4-2-3-5-13(12)20-17-14(21-18)8-11(19)9-15(17)24/h2-5,8-9,16,21,24-25H,6-7,10H2,1H3",UESRGGKKRNCXLC-UHFFFAOYSA-N,CN1C(CN(CC1)C2=C3C=CC=CC3=NC4=C(N2)C=C(C=C4O)Cl)O,,,C18H19ClN4O2,358.119653528,3.1631999999999993,0,1,1,BTM00091,BTM00091,Hydroxylation of heteroalicyclic secondary carbon,BTMR1070,"CYP1A2
CYP2A6
CYP2C9
CYP2D6
CYP3A4",HUMAN,BTM00012,CN1CCN(CC1)C2=C3C=CC=CC3=NC4=C(N2)C=C(C=C4O)Cl,"InChI=1S/C18H19ClN4O/c1-22-6-8-23(9-7-22)18-13-4-2-3-5-14(13)20-17-15(21-18)10-12(19)11-16(17)24/h2-5,10-11,21,24H,6-9H2,1H3",UKWCYNHXHRTADN-UHFFFAOYSA-N,3.502900000000001,342.124738908
"InChI=1S/C18H19ClN4O2/c1-22-6-7-23(16(25)10-22)18-12-4-2-3-5-13(12)20-17-14(21-18)8-11(19)9-15(17)24/h2-5,8-9,16,21,24-25H,6-7,10H2,1H3",ARYKYQOPGPUQQQ-UHFFFAOYSA-N,CN1CC(N(CC1)C2=C3C=CC=CC3=NC4=C(N2)C=C(C=C4O)Cl)O,,,C18H19ClN4O2,358.119653528,3.1631999999999993,0,1,1,BTM00096,BTM00096,Hydroxylation of heteroalicyclic secondary carbon,BTMR1070,"CYP1A2
CYP2A6
CYP2C9
CYP2D6
CYP3A4",HUMAN,BTM00012,CN1CCN(CC1)C2=C3C=CC=CC3=NC4=C(N2)C=C(C=C4O)Cl,"InChI=1S/C18H19ClN4O/c1-22-6-8-23(9-7-22)18-13-4-2-3-5-14(13)20-17-15(21-18)10-12(19)11-16(17)24/h2-5,10-11,21,24H,6-9H2,1H3",UKWCYNHXHRTADN-UHFFFAOYSA-N,3.502900000000001,342.124738908
"InChI=1S/C18H19ClN4O2/c1-22-5-7-23(8-6-22)18-12-3-2-4-14(24)16(12)21-17-13(20-18)9-11(19)10-15(17)25/h2-4,9-10,20,24-25H,5-8H2,1H3",PEZNXAXDEJAFFL-UHFFFAOYSA-N,CN1CCN(CC1)C2=C3C=CC=C(C3=NC4=C(N2)C=C(C=C4O)Cl)O,,,C18H19ClN4O2,358.11965352799996,3.2354999999999996,0,1,1,BTM00099,BTM00099,Aromatic hydroxylation of fused benzene ring,BTMR1031,"CYP1A2
CYP2B6
CYP2C8
CYP2C9
CYP2C19
CYP2D6
CYP3A4",HUMAN,BTM00012,CN1CCN(CC1)C2=C3C=CC=CC3=NC4=C(N2)C=C(C=C4O)Cl,"InChI=1S/C18H19ClN4O/c1-22-6-8-23(9-7-22)18-13-4-2-3-5-14(13)20-17-15(21-18)10-12(19)11-16(17)24/h2-5,10-11,21,24H,6-9H2,1H3",UKWCYNHXHRTADN-UHFFFAOYSA-N,3.502900000000001,342.124738908
"InChI=1S/C18H19ClN4O2/c1-22-5-7-23(8-6-22)18-16-12(3-2-4-14(16)24)20-17-13(21-18)9-11(19)10-15(17)25/h2-4,9-10,21,24-25H,5-8H2,1H3",WQPZRHWOGDLHQK-UHFFFAOYSA-N,CN1CCN(CC1)C2=C3C(=CC=CC3=NC4=C(N2)C=C(C=C4O)Cl)O,,,C18H19ClN4O2,358.119653528,3.2354999999999996,0,1,1,BTM00101,BTM00101,Aromatic hydroxylation of fused benzene ring,BTMR1032,"CYP1A2
CYP2B6
CYP2C8
CYP2C9
CYP2C19
CYP2D6
CYP3A4",HUMAN,BTM00012,CN1CCN(CC1)C2=C3C=CC=CC3=NC4=C(N2)C=C(C=C4O)Cl,"InChI=1S/C18H19ClN4O/c1-22-6-8-23(9-7-22)18-13-4-2-3-5-14(13)20-17-15(21-18)10-12(19)11-16(17)24/h2-5,10-11,21,24H,6-9H2,1H3",UKWCYNHXHRTADN-UHFFFAOYSA-N,3.502900000000001,342.124738908
"InChI=1S/C18H19ClN4O2/c1-22-6-8-23(9-7-22)18-11-4-2-3-5-13(11)20-15-14(24)10-12(19)17(25)16(15)21-18/h2-5,10,21,24-25H,6-9H2,1H3",KMCZQQGCAFQXBD-UHFFFAOYSA-N,CN1CCN(CC1)C2=C3C=CC=CC3=NC4=C(N2)C(=C(C=C4O)Cl)O,,,C18H19ClN4O2,358.119653528,3.2354999999999996,0,1,1,BTM00102,BTM00102,Hydroxylation of aromatic carbon ortho to halide group,BTMR1040,"CYP1A2
CYP2A6
CYP2B6
CYP2C8
CYP2C9
CYP2C19
CYP2D6
CYP2E1
CYP3A4",HUMAN,BTM00012,CN1CCN(CC1)C2=C3C=CC=CC3=NC4=C(N2)C=C(C=C4O)Cl,"InChI=1S/C18H19ClN4O/c1-22-6-8-23(9-7-22)18-13-4-2-3-5-14(13)20-17-15(21-18)10-12(19)11-16(17)24/h2-5,10-11,21,24H,6-9H2,1H3",UKWCYNHXHRTADN-UHFFFAOYSA-N,3.502900000000001,342.124738908
"InChI=1S/C18H19ClN4O2/c1-22-6-8-23(9-7-22)18-11-4-2-3-5-13(11)20-15-14(21-18)10-12(19)16(24)17(15)25/h2-5,10,21,24-25H,6-9H2,1H3",SRCYFYXWRHCHOO-UHFFFAOYSA-N,CN1CCN(CC1)C2=C3C=CC=CC3=NC4=C(N2)C=C(C(=C4O)O)Cl,,,C18H19ClN4O2,358.119653528,3.2354999999999996,0,1,1,BTM00064,BTM00064,Hydroxylation of aromatic carbon ortho to halide group,BTMR1040,"CYP1A2
CYP2A6
CYP2B6
CYP2C8
CYP2C9
CYP2C19
CYP2D6
CYP2E1
CYP3A4",HUMAN,BTM00012,CN1CCN(CC1)C2=C3C=CC=CC3=NC4=C(N2)C=C(C=C4O)Cl,"InChI=1S/C18H19ClN4O/c1-22-6-8-23(9-7-22)18-13-4-2-3-5-14(13)20-17-15(21-18)10-12(19)11-16(17)24/h2-5,10-11,21,24H,6-9H2,1H3",UKWCYNHXHRTADN-UHFFFAOYSA-N,3.502900000000001,342.124738908
