InChI,InChIKey,SMILES,Synonyms,PUBCHEM_CID,Molecular formula,Major Isotope Mass,ALogP,Lipinski_Violations,Insecticide_Likeness_Violations,Post_Em_Herbicide_Likeness_Violations,Metabolite ID,cdk:Title,Reaction,Reaction ID,Enzyme(s),Biosystem,Precursor ID,Precursor SMILES,Precursor InChI,Precursor InChIKey,Precursor ALogP,Precursor Major Isotope Mass
"InChI=1S/C27H33NO6/c1-27(2,3)15-8-5-9-16-28(4,17-19-13-10-12-18-11-6-7-14-20(18)19)25-23(31)21(29)22(30)24(34-25)26(32)33/h5-7,9-14,21-25,29-31H,16-17H2,1-4H3/p+1/b9-5+",UQPPKJDNULXYRU-WEVVVXLNSA-O,CC(C)(C)C#CC=CC[N+](C)(CC1=CC=CC2=CC=CC=C21)C3OC(C(O)=O)C(C(C3O)O)O,,,[C27H34NO6]+,468.23861280799997,2.0343999999999998,0,1,1,BTM00001,BTM00001,N-Glucuronidation of tertiary aliphatic amine,BTMR0244,EC 2.4.1.17,HUMAN,,CC(C)(C)C#CC=CCN(C)CC1=CC=CC2=CC=CC=C21,"InChI=1S/C21H25N/c1-21(2,3)15-8-5-9-16-22(4)17-19-13-10-12-18-11-6-7-14-20(18)19/h5-7,9-14H,16-17H2,1-4H3",DOMXUEMWDBAQBQ-UHFFFAOYSA-N,,291.1986
"InChI=1S/C21H25NO/c1-21(2,3)15-8-5-9-16-22(4)20(23)19-14-10-12-17-11-6-7-13-18(17)19/h5-7,9-14,20,23H,16H2,1-4H3/b9-5+",KCDHXSARJDVVOT-WEVVVXLNSA-N,CC(C)(C)C#CC=CCN(C)C(C1=CC=CC2=CC=CC=C21)O,,,C21H25NO,307.19361441999996,4.995999999999999,1,0,0,BTM00002,BTM00002,Hydroxylation of non-terminal aliphatic carbon adjacent to aromatic ring,BTMR1077,"CYP1A2
CYP2C8
CYP2C9
CYP2D6
CYP3A4",HUMAN,,CC(C)(C)C#CC=CCN(C)CC1=CC=CC2=CC=CC=C21,"InChI=1S/C21H25N/c1-21(2,3)15-8-5-9-16-22(4)17-19-13-10-12-18-11-6-7-14-20(18)19/h5-7,9-14H,16-17H2,1-4H3",DOMXUEMWDBAQBQ-UHFFFAOYSA-N,,291.1986
"InChI=1S/C21H25NO/c1-21(2,3)14-8-5-9-15-22(4)16-19-18-11-7-6-10-17(18)12-13-20(19)23/h5-7,9-13,23H,15-16H2,1-4H3/b9-5+",BKMLBWWVIIWEHS-WEVVVXLNSA-N,CC(C)(C)C#CC=CCN(C)CC1=C(C=CC2=CC=CC=C21)O,,,C21H25NO,307.19361442,5.068299999999999,1,0,0,BTM00003,BTM00003,Aromatic hydroxylation of fused benzene ring,BTMR1030,"CYP1A2
CYP2A6
CYP2B6
CYP2C8
CYP2C9
CYP2C19
CYP2D6
CYP2E1
CYP3A4",HUMAN,,CC(C)(C)C#CC=CCN(C)CC1=CC=CC2=CC=CC=C21,"InChI=1S/C21H25N/c1-21(2,3)15-8-5-9-16-22(4)17-19-13-10-12-18-11-6-7-14-20(18)19/h5-7,9-14H,16-17H2,1-4H3",DOMXUEMWDBAQBQ-UHFFFAOYSA-N,,291.1986
"InChI=1S/C21H25NO/c1-21(2,3)12-8-5-9-13-22(4)16-18-15-19(23)14-17-10-6-7-11-20(17)18/h5-7,9-11,14-15,23H,13,16H2,1-4H3/b9-5+",BCHSQXIFMHWDDZ-WEVVVXLNSA-N,CC(C)(C)C#CC=CCN(C)CC1=CC(=CC2=CC=CC=C21)O,,,C21H25NO,307.19361442,5.068299999999999,1,0,0,BTM00004,BTM00004,Aromatic hydroxylation of fused benzene ring,BTMR1030,"CYP1A2
CYP2A6
CYP2B6
CYP2C8
CYP2C9
CYP2C19
CYP2D6
CYP2E1
CYP3A4",HUMAN,,CC(C)(C)C#CC=CCN(C)CC1=CC=CC2=CC=CC=C21,"InChI=1S/C21H25N/c1-21(2,3)15-8-5-9-16-22(4)17-19-13-10-12-18-11-6-7-14-20(18)19/h5-7,9-14H,16-17H2,1-4H3",DOMXUEMWDBAQBQ-UHFFFAOYSA-N,,291.1986
"InChI=1S/C21H25NO/c1-21(2,3)13-6-5-7-14-22(4)16-18-10-8-9-17-15-19(23)11-12-20(17)18/h5,7-12,15,23H,14,16H2,1-4H3/b7-5+",KOCJEVNTMQWZDA-FNORWQNLSA-N,CC(C)(C)C#CC=CCN(C)CC1=CC=CC2=CC(=CC=C21)O,,,C21H25NO,307.19361442,5.068299999999999,1,0,0,BTM00005,BTM00005,Aromatic hydroxylation of fused benzene ring,BTMR1030,"CYP1A2
CYP2A6
CYP2B6
CYP2C8
CYP2C9
CYP2C19
CYP2D6
CYP2E1
CYP3A4",HUMAN,,CC(C)(C)C#CC=CCN(C)CC1=CC=CC2=CC=CC=C21,"InChI=1S/C21H25N/c1-21(2,3)15-8-5-9-16-22(4)17-19-13-10-12-18-11-6-7-14-20(18)19/h5-7,9-14H,16-17H2,1-4H3",DOMXUEMWDBAQBQ-UHFFFAOYSA-N,,291.1986
"InChI=1S/C21H25NO/c1-21(2,3)13-6-5-7-14-22(4)16-18-10-8-9-17-11-12-19(23)15-20(17)18/h5,7-12,15,23H,14,16H2,1-4H3/b7-5+",UOBSRJGOCPKUMW-FNORWQNLSA-N,CC(C)(C)C#CC=CCN(C)CC1=CC=CC2=CC=C(C=C21)O,,,C21H25NO,307.19361442,5.068299999999999,1,0,0,BTM00006,BTM00006,Aromatic hydroxylation of fused benzene ring,BTMR1030,"CYP1A2
CYP2A6
CYP2B6
CYP2C8
CYP2C9
CYP2C19
CYP2D6
CYP2E1
CYP3A4",HUMAN,,CC(C)(C)C#CC=CCN(C)CC1=CC=CC2=CC=CC=C21,"InChI=1S/C21H25N/c1-21(2,3)15-8-5-9-16-22(4)17-19-13-10-12-18-11-6-7-14-20(18)19/h5-7,9-14H,16-17H2,1-4H3",DOMXUEMWDBAQBQ-UHFFFAOYSA-N,,291.1986
"InChI=1S/C21H25NO/c1-21(2,3)15-8-5-9-16-22(4,23)17-19-13-10-12-18-11-6-7-14-20(18)19/h5-7,9-14H,16-17H2,1-4H3/b9-5+",JKWYHCFRDQLODW-WEVVVXLNSA-N,CC(C)(C)C#CC=CC[N+](C)(CC1=CC=CC2=CC=CC=C21)[O-],,,C21H25NO,307.19361442,4.930599999999997,1,0,0,BTM00007,BTM00007,N-Oxidation of aliphatic tertiary amine,BTMR1100,"CYP1A2
CYP2D6
CYP3A4",HUMAN,,CC(C)(C)C#CC=CCN(C)CC1=CC=CC2=CC=CC=C21,"InChI=1S/C21H25N/c1-21(2,3)15-8-5-9-16-22(4)17-19-13-10-12-18-11-6-7-14-20(18)19/h5-7,9-14H,16-17H2,1-4H3",DOMXUEMWDBAQBQ-UHFFFAOYSA-N,,291.1986
"InChI=1S/C21H25NO/c1-21(2,3)13-12-19-20(23-19)15-22(4)14-17-10-7-9-16-8-5-6-11-18(16)17/h5-11,19-20H,14-15H2,1-4H3",YUJTUMZGFPTLAX-UHFFFAOYSA-N,CC(C)(C)C#CC1C(CN(C)CC2=CC=CC3=CC=CC=C32)O1,,,C21H25NO,307.19361442,4.612999999999999,1,0,0,BTM00008,BTM00008,Epoxidation of alkene,BTMR0109,"CYP1A2
CYP2B6
CYP2B6
CYP2C8
CYP2C9
CYP2C19
CYP2D6
CYP2E1
CYP3A4",HUMAN,,CC(C)(C)C#CC=CCN(C)CC1=CC=CC2=CC=CC=C21,"InChI=1S/C21H25N/c1-21(2,3)15-8-5-9-16-22(4)17-19-13-10-12-18-11-6-7-14-20(18)19/h5-7,9-14H,16-17H2,1-4H3",DOMXUEMWDBAQBQ-UHFFFAOYSA-N,,291.1986
"InChI=1S/C21H25NO/c1-21(2,3)14-6-5-7-15-22(4)16-18-12-8-10-17-11-9-13-19(23)20(17)18/h5,7-13,23H,15-16H2,1-4H3/b7-5+",KQCOVYYHSMUBQE-FNORWQNLSA-N,CC(C)(C)C#CC=CCN(C)CC1=CC=CC2=CC=CC(=C21)O,,,C21H25NO,307.19361442,5.068299999999999,1,0,0,BTM00009,BTM00009,Aromatic hydroxylation of fused benzene ring,BTMR1031,"CYP1A2
CYP2B6
CYP2C8
CYP2C9
CYP2C19
CYP2D6
CYP3A4",HUMAN,,CC(C)(C)C#CC=CCN(C)CC1=CC=CC2=CC=CC=C21,"InChI=1S/C21H25N/c1-21(2,3)15-8-5-9-16-22(4)17-19-13-10-12-18-11-6-7-14-20(18)19/h5-7,9-14H,16-17H2,1-4H3",DOMXUEMWDBAQBQ-UHFFFAOYSA-N,,291.1986
"InChI=1S/C21H25NO/c1-21(2,3)14-6-5-7-15-22(4)16-17-10-8-12-19-18(17)11-9-13-20(19)23/h5,7-13,23H,15-16H2,1-4H3/b7-5+",NOSDWXWCYDGDTF-FNORWQNLSA-N,CC(C)(C)C#CC=CCN(C)CC1=CC=CC2=C(C=CC=C21)O,,,C21H25NO,307.19361442,5.068299999999999,1,0,0,BTM00010,BTM00010,Aromatic hydroxylation of fused benzene ring,BTMR1031,"CYP1A2
CYP2B6
CYP2C8
CYP2C9
CYP2C19
CYP2D6
CYP3A4",HUMAN,,CC(C)(C)C#CC=CCN(C)CC1=CC=CC2=CC=CC=C21,"InChI=1S/C21H25N/c1-21(2,3)15-8-5-9-16-22(4)17-19-13-10-12-18-11-6-7-14-20(18)19/h5-7,9-14H,16-17H2,1-4H3",DOMXUEMWDBAQBQ-UHFFFAOYSA-N,,291.1986
"InChI=1S/C21H25NO/c1-21(2,17-23)14-7-4-8-15-22(3)16-19-12-9-11-18-10-5-6-13-20(18)19/h4-6,8-13,23H,15-17H2,1-3H3/b8-4+",GPEJUKJZTGFNKY-XBXARRHUSA-N,C(C(C)(C)C#CC=CCN(C)CC1=CC=CC2=CC=CC=C21)O,,,C21H25NO,307.19361442,4.244999999999998,0,0,0,BTM00011,BTM00011,Hydroxylation of terminal methyl,BTMR1061,"CYP1A2
CYP2A6
CYP2B6
CYP2C8
CYP2C9
CYP2C19
CYP2D6
CYP2E1
CYP3A4",HUMAN,,CC(C)(C)C#CC=CCN(C)CC1=CC=CC2=CC=CC=C21,"InChI=1S/C21H25N/c1-21(2,3)15-8-5-9-16-22(4)17-19-13-10-12-18-11-6-7-14-20(18)19/h5-7,9-14H,16-17H2,1-4H3",DOMXUEMWDBAQBQ-UHFFFAOYSA-N,,291.1986
"InChI=1S/C21H25NO/c1-21(2,3)12-8-5-9-13-22(4)15-16-14-19-20(23-19)18-11-7-6-10-17(16)18/h5-7,9-11,14,19-20H,13,15H2,1-4H3/b9-5+",GDVYJSHERGSSSX-WEVVVXLNSA-N,CC(C)(C)C#CC=CCN(C)CC1=CC2C(C3=CC=CC=C31)O2,,,C21H25NO,307.19361442,4.288799999999999,0,0,0,BTM00012,BTM00012,Epoxidation of arene,BTMR1027,"CYP1A2
CYP2B6
CYP2C8
CYP2C9
CYP2C19
CYP2E1
CYP3A4",HUMAN,,CC(C)(C)C#CC=CCN(C)CC1=CC=CC2=CC=CC=C21,"InChI=1S/C21H25N/c1-21(2,3)15-8-5-9-16-22(4)17-19-13-10-12-18-11-6-7-14-20(18)19/h5-7,9-14H,16-17H2,1-4H3",DOMXUEMWDBAQBQ-UHFFFAOYSA-N,,291.1986
"InChI=1S/C21H23NO/c1-21(2,3)13-6-5-7-14-22(4)15-16-9-8-10-18-17(16)11-12-19-20(18)23-19/h5,7-12H,14-15H2,1-4H3/b7-5+",LSGKICHIQUVULD-FNORWQNLSA-N,CC(C)(C)C#CC=CCN(C)CC1=CC=CC2=C3C(=CC=C21)O3,,,C21H23NO,305.177964356,5.065899999999999,1,0,0,BTM00013,BTM00013,Epoxidation of arene,BTMR1027,"CYP1A2
CYP2B6
CYP2C8
CYP2C9
CYP2C19
CYP2E1
CYP3A4",HUMAN,,CC(C)(C)C#CC=CCN(C)CC1=CC=CC2=CC=CC=C21,"InChI=1S/C21H25N/c1-21(2,3)15-8-5-9-16-22(4)17-19-13-10-12-18-11-6-7-14-20(18)19/h5-7,9-14H,16-17H2,1-4H3",DOMXUEMWDBAQBQ-UHFFFAOYSA-N,,291.1986
"InChI=1S/C21H23NO/c1-21(2,3)13-6-5-7-14-22(4)15-17-10-8-9-16-11-12-18-20(23-18)19(16)17/h5,7-12H,14-15H2,1-4H3/b7-5+",BYYCPUCEEISOLP-FNORWQNLSA-N,CC(C)(C)C#CC=CCN(C)CC1=CC=CC2=CC=C3C(=C21)O3,,,C21H23NO,305.177964356,5.065899999999999,1,0,0,BTM00014,BTM00014,Epoxidation of arene,BTMR1027,"CYP1A2
CYP2B6
CYP2C8
CYP2C9
CYP2C19
CYP2E1
CYP3A4",HUMAN,,CC(C)(C)C#CC=CCN(C)CC1=CC=CC2=CC=CC=C21,"InChI=1S/C21H25N/c1-21(2,3)15-8-5-9-16-22(4)17-19-13-10-12-18-11-6-7-14-20(18)19/h5-7,9-14H,16-17H2,1-4H3",DOMXUEMWDBAQBQ-UHFFFAOYSA-N,,291.1986
"InChI=1S/C9H12O/c1-9(2,3)7-5-4-6-8-10/h4,6,8H,1-3H3/b6-4+",ITSLKJVPPOREBI-GQCTYLIASA-N,CC(C)(C)C#CC=CC=O,,,C9H12O,136.088815004,2.422,0,0,0,BTM00015,BTM00015,N-Dealkylation of acyclic tertiary amine,BTMR1142,"CYP1A2
CYP2A6
CYP2B6
CYP2C8
CYP2C9
CYP2C19
CYP2D6
CYP2E1
CYP3A4",HUMAN,,CC(C)(C)C#CC=CCN(C)CC1=CC=CC2=CC=CC=C21,"InChI=1S/C21H25N/c1-21(2,3)15-8-5-9-16-22(4)17-19-13-10-12-18-11-6-7-14-20(18)19/h5-7,9-14H,16-17H2,1-4H3",DOMXUEMWDBAQBQ-UHFFFAOYSA-N,,291.1986
"InChI=1S/C12H13N/c1-13-9-11-7-4-6-10-5-2-3-8-12(10)11/h2-8,13H,9H2,1H3",MQRIUFVBEVFILS-UHFFFAOYSA-N,N(C)CC1=CC=CC2=CC=CC=C21,,,C12H13N,171.104799416,2.2760999999999982,0,0,0,BTM00016,BTM00016,N-Dealkylation of acyclic tertiary amine,BTMR1142,"CYP1A2
CYP2A6
CYP2B6
CYP2C8
CYP2C9
CYP2C19
CYP2D6
CYP2E1
CYP3A4",HUMAN,,CC(C)(C)C#CC=CCN(C)CC1=CC=CC2=CC=CC=C21,"InChI=1S/C21H25N/c1-21(2,3)15-8-5-9-16-22(4)17-19-13-10-12-18-11-6-7-14-20(18)19/h5-7,9-14H,16-17H2,1-4H3",DOMXUEMWDBAQBQ-UHFFFAOYSA-N,,291.1986
"InChI=1S/C10H17N/c1-10(2,3)8-6-5-7-9-11-4/h5,7,11H,9H2,1-4H3/b7-5+",XQRHBYHDDOJZTM-FNORWQNLSA-N,CC(C)(C)C#CC=CCNC,,,C10H17N,151.136099544,2.3078999999999987,0,0,0,BTM00017,BTM00017,N-Dealkylation of acyclic tertiary amine,BTMR1142,"CYP1A2
CYP2A6
CYP2B6
CYP2C8
CYP2C9
CYP2C19
CYP2D6
CYP2E1
CYP3A4",HUMAN,,CC(C)(C)C#CC=CCN(C)CC1=CC=CC2=CC=CC=C21,"InChI=1S/C21H25N/c1-21(2,3)15-8-5-9-16-22(4)17-19-13-10-12-18-11-6-7-14-20(18)19/h5-7,9-14H,16-17H2,1-4H3",DOMXUEMWDBAQBQ-UHFFFAOYSA-N,,291.1986
InChI=1S/C11H8O/c12-8-10-6-3-5-9-4-1-2-7-11(9)10/h1-8H,SQAINHDHICKHLX-UHFFFAOYSA-N,C(C1=CC=CC2=CC=CC=C21)=O,,,C11H8O,156.057514876,2.4978000000000002,0,0,0,BTM00018,BTM00018,N-Dealkylation of acyclic tertiary amine,BTMR1142,"CYP1A2
CYP2A6
CYP2B6
CYP2C8
CYP2C9
CYP2C19
CYP2D6
CYP2E1
CYP3A4",HUMAN,,CC(C)(C)C#CC=CCN(C)CC1=CC=CC2=CC=CC=C21,"InChI=1S/C21H25N/c1-21(2,3)15-8-5-9-16-22(4)17-19-13-10-12-18-11-6-7-14-20(18)19/h5-7,9-14H,16-17H2,1-4H3",DOMXUEMWDBAQBQ-UHFFFAOYSA-N,,291.1986
"InChI=1S/C20H23N/c1-20(2,3)14-7-4-8-15-21-16-18-12-9-11-17-10-5-6-13-19(17)18/h4-6,8-13,21H,15-16H2,1-3H3/b8-4+",IZJZLXQHMWUCIC-XBXARRHUSA-N,CC(C)(C)C#CC=CCNCC1=CC=CC2=CC=CC=C21,,,C20H23N,277.183049736,4.7997999999999985,1,0,0,BTM00019,BTM00019,N-Dealkylation of acyclic tertiary amine,BTMR1142,"CYP1A2
CYP2A6
CYP2B6
CYP2C8
CYP2C9
CYP2C19
CYP2D6
CYP2E1
CYP3A4",HUMAN,,CC(C)(C)C#CC=CCN(C)CC1=CC=CC2=CC=CC=C21,"InChI=1S/C21H25N/c1-21(2,3)15-8-5-9-16-22(4)17-19-13-10-12-18-11-6-7-14-20(18)19/h5-7,9-14H,16-17H2,1-4H3",DOMXUEMWDBAQBQ-UHFFFAOYSA-N,,291.1986
"InChI=1S/C21H25NO/c1-21(2,3)15-8-7-14-20(23)22(4)16-18-12-9-11-17-10-5-6-13-19(17)18/h5-7,9-14,20,23H,16H2,1-4H3/b14-7+",LXGXMGDWCQOQRR-VGOFMYFVSA-N,CC(C)(C)C#CC=CC(N(C)CC1=CC=CC2=CC=CC=C21)O,,,C21H25NO,307.19361442,4.995999999999999,1,0,0,BTM00020,BTM00020,Aliphatic hydroxylation of carbon alpha to secondary or tertiary alkyl-N,BTMR1081,"CYP2B6
CYP2C19
CYP2D6",HUMAN,,CC(C)(C)C#CC=CCN(C)CC1=CC=CC2=CC=CC=C21,"InChI=1S/C21H25N/c1-21(2,3)15-8-5-9-16-22(4)17-19-13-10-12-18-11-6-7-14-20(18)19/h5-7,9-14H,16-17H2,1-4H3",DOMXUEMWDBAQBQ-UHFFFAOYSA-N,,291.1986
"InChI=1S/C21H25NO/c1-21(2,3)15-8-5-9-16-22(4)20(23)19-14-10-12-17-11-6-7-13-18(17)19/h5-7,9-14,20,23H,16H2,1-4H3/b9-5+",KCDHXSARJDVVOT-WEVVVXLNSA-N,CC(C)(C)C#CC=CCN(C)C(C1=CC=CC2=CC=CC=C21)O,,,C21H25NO,307.19361441999996,4.995999999999999,1,0,0,BTM00002,BTM00002,Aliphatic hydroxylation of carbon alpha to secondary or tertiary alkyl-N,BTMR1081,"CYP2B6
CYP2C19
CYP2D6",HUMAN,,CC(C)(C)C#CC=CCN(C)CC1=CC=CC2=CC=CC=C21,"InChI=1S/C21H25N/c1-21(2,3)15-8-5-9-16-22(4)17-19-13-10-12-18-11-6-7-14-20(18)19/h5-7,9-14H,16-17H2,1-4H3",DOMXUEMWDBAQBQ-UHFFFAOYSA-N,,291.1986
"InChI=1S/C27H33NO7/c1-27(2,3)15-8-5-9-16-28(4,25-22(31)20(29)21(30)23(35-25)26(33)34)24(32)19-14-10-12-17-11-6-7-13-18(17)19/h5-7,9-14,20-25,29-32H,16H2,1-4H3/p+1/b9-5+",JVIOFXJZMLMPTP-WEVVVXLNSA-O,CC(C)(C)C#CC=CC[N+](C)(C(C1=CC=CC2=CC=CC=C21)O)C3OC(C(O)=O)C(C(C3O)O)O,,,[C27H34NO7]+,484.233527428,1.6946999999999985,0,1,1,BTM00021,BTM00021,N-Glucuronidation of tertiary aliphatic amine,BTMR0244,EC 2.4.1.17,HUMAN,BTM00002,CC(C)(C)C#CC=CCN(C)C(C1=CC=CC2=CC=CC=C21)O,"InChI=1S/C21H25NO/c1-21(2,3)15-8-5-9-16-22(4)20(23)19-14-10-12-17-11-6-7-13-18(17)19/h5-7,9-14,20,23H,16H2,1-4H3/b9-5+",KCDHXSARJDVVOT-WEVVVXLNSA-N,4.995999999999999,307.19361441999996
"InChI=1S/C27H33NO7/c1-27(2,3)14-8-5-9-15-28(4)16-19-18-11-7-6-10-17(18)12-13-20(19)34-26-23(31)21(29)22(30)24(35-26)25(32)33/h5-7,9-13,21-24,26,29-31H,15-16H2,1-4H3,(H,32,33)/b9-5+",HCJODSAFGYTYAF-WEVVVXLNSA-N,CC(C)(C)C#CC=CCN(C)CC1=C(C=CC2=CC=CC=C21)OC3OC(C(O)=O)C(C(C3O)O)O,,,C27H33NO7,483.225702396,3.3728000000000002,0,1,1,BTM00022,BTM00022,Aromatic OH-glucuronidation,BTMR0166,EC 2.4.1.17,HUMAN,BTM00003,CC(C)(C)C#CC=CCN(C)CC1=C(C=CC2=CC=CC=C21)O,"InChI=1S/C21H25NO/c1-21(2,3)14-8-5-9-15-22(4)16-19-18-11-7-6-10-17(18)12-13-20(19)23/h5-7,9-13,23H,15-16H2,1-4H3/b9-5+",BKMLBWWVIIWEHS-WEVVVXLNSA-N,5.068299999999999,307.19361442
"InChI=1S/C27H33NO7/c1-27(2,3)14-8-5-9-15-28(4,25-23(32)21(30)22(31)24(35-25)26(33)34)16-19-18-11-7-6-10-17(18)12-13-20(19)29/h5-7,9-13,21-25,30-32H,15-16H2,1-4H3,(H-,29,33,34)/p+1/b9-5+",GFMWTKXDRSCHJI-WEVVVXLNSA-O,CC(C)(C)C#CC=CC[N+](C)(CC1=C(C=CC2=CC=CC=C21)O)C3OC(C(O)=O)C(C(C3O)O)O,,,[C27H34NO7]+,484.233527428,1.7670000000000006,0,1,1,BTM00023,BTM00023,N-Glucuronidation of tertiary aliphatic amine,BTMR0244,EC 2.4.1.17,HUMAN,BTM00003,CC(C)(C)C#CC=CCN(C)CC1=C(C=CC2=CC=CC=C21)O,"InChI=1S/C21H25NO/c1-21(2,3)14-8-5-9-15-22(4)16-19-18-11-7-6-10-17(18)12-13-20(19)23/h5-7,9-13,23H,15-16H2,1-4H3/b9-5+",BKMLBWWVIIWEHS-WEVVVXLNSA-N,5.068299999999999,307.19361442
"InChI=1S/C21H25NO4S/c1-21(2,3)14-8-5-9-15-22(4)16-19-18-11-7-6-10-17(18)12-13-20(19)26-27(23,24)25/h5-7,9-13H,15-16H2,1-4H3,(H,23,24,25)/b9-5+",CJJKYFNNVWUTGI-WEVVVXLNSA-N,CC(C)(C)C#CC=CCN(C)CC1=C(C=CC2=CC=CC=C21)OS(O)(=O)=O,,,C21H25NO4S,387.15042928,4.331499999999999,0,0,0,BTM00024,BTM00024,Sulfonation of phenolic compound,BTMR1376,EC 2.8.2.1,HUMAN,BTM00003,CC(C)(C)C#CC=CCN(C)CC1=C(C=CC2=CC=CC=C21)O,"InChI=1S/C21H25NO/c1-21(2,3)14-8-5-9-15-22(4)16-19-18-11-7-6-10-17(18)12-13-20(19)23/h5-7,9-13,23H,15-16H2,1-4H3/b9-5+",BKMLBWWVIIWEHS-WEVVVXLNSA-N,5.068299999999999,307.19361442
"InChI=1S/C22H27NO/c1-22(2,3)15-9-6-10-16-23(4)17-20-19-12-8-7-11-18(19)13-14-21(20)24-5/h6-8,10-14H,16-17H2,1-5H3/b10-6+",STFHLAQZIPEZSR-UXBLZVDNSA-N,CC(C)(C)C#CC=CCN(C)CC1=C(C=CC2=CC=CC=C21)OC,,,C22H27NO,321.209264484,5.3193,1,0,0,BTM00025,BTM00025,Methylation of phenolic compound,BTMR1377,EC 2.1.1.25,HUMAN,BTM00003,CC(C)(C)C#CC=CCN(C)CC1=C(C=CC2=CC=CC=C21)O,"InChI=1S/C21H25NO/c1-21(2,3)14-8-5-9-15-22(4)16-19-18-11-7-6-10-17(18)12-13-20(19)23/h5-7,9-13,23H,15-16H2,1-4H3/b9-5+",BKMLBWWVIIWEHS-WEVVVXLNSA-N,5.068299999999999,307.19361442
"InChI=1S/C27H33NO7/c1-27(2,3)12-8-5-9-13-28(4)16-18-15-19(14-17-10-6-7-11-20(17)18)34-26-23(31)21(29)22(30)24(35-26)25(32)33/h5-7,9-11,14-15,21-24,26,29-31H,13,16H2,1-4H3,(H,32,33)/b9-5+",ZYGKOAQUYMOGIB-WEVVVXLNSA-N,CC(C)(C)C#CC=CCN(C)CC1=CC(=CC2=CC=CC=C21)OC3OC(C(O)=O)C(C(C3O)O)O,,,C27H33NO7,483.225702396,3.3728000000000002,0,1,1,BTM00026,BTM00026,Aromatic OH-glucuronidation,BTMR0166,EC 2.4.1.17,HUMAN,BTM00004,CC(C)(C)C#CC=CCN(C)CC1=CC(=CC2=CC=CC=C21)O,"InChI=1S/C21H25NO/c1-21(2,3)12-8-5-9-13-22(4)16-18-15-19(23)14-17-10-6-7-11-20(17)18/h5-7,9-11,14-15,23H,13,16H2,1-4H3/b9-5+",BCHSQXIFMHWDDZ-WEVVVXLNSA-N,5.068299999999999,307.19361442
"InChI=1S/C27H33NO7/c1-27(2,3)12-8-5-9-13-28(4,25-23(32)21(30)22(31)24(35-25)26(33)34)16-18-15-19(29)14-17-10-6-7-11-20(17)18/h5-7,9-11,14-15,21-25,30-32H,13,16H2,1-4H3,(H-,29,33,34)/p+1/b9-5+",WUEZTPUEVMAFCB-WEVVVXLNSA-O,CC(C)(C)C#CC=CC[N+](C)(CC1=CC(=CC2=CC=CC=C21)O)C3OC(C(O)=O)C(C(C3O)O)O,,,[C27H34NO7]+,484.233527428,1.7670000000000006,0,1,1,BTM00027,BTM00027,N-Glucuronidation of tertiary aliphatic amine,BTMR0244,EC 2.4.1.17,HUMAN,BTM00004,CC(C)(C)C#CC=CCN(C)CC1=CC(=CC2=CC=CC=C21)O,"InChI=1S/C21H25NO/c1-21(2,3)12-8-5-9-13-22(4)16-18-15-19(23)14-17-10-6-7-11-20(17)18/h5-7,9-11,14-15,23H,13,16H2,1-4H3/b9-5+",BCHSQXIFMHWDDZ-WEVVVXLNSA-N,5.068299999999999,307.19361442
"InChI=1S/C21H25NO4S/c1-21(2,3)12-8-5-9-13-22(4)16-18-15-19(26-27(23,24)25)14-17-10-6-7-11-20(17)18/h5-7,9-11,14-15H,13,16H2,1-4H3,(H,23,24,25)/b9-5+",XRIBXDXBCPTLTP-WEVVVXLNSA-N,CC(C)(C)C#CC=CCN(C)CC1=CC(=CC2=CC=CC=C21)OS(O)(=O)=O,,,C21H25NO4S,387.1504292800001,4.331499999999999,0,0,0,BTM00028,BTM00028,Sulfonation of phenolic compound,BTMR1376,EC 2.8.2.1,HUMAN,BTM00004,CC(C)(C)C#CC=CCN(C)CC1=CC(=CC2=CC=CC=C21)O,"InChI=1S/C21H25NO/c1-21(2,3)12-8-5-9-13-22(4)16-18-15-19(23)14-17-10-6-7-11-20(17)18/h5-7,9-11,14-15,23H,13,16H2,1-4H3/b9-5+",BCHSQXIFMHWDDZ-WEVVVXLNSA-N,5.068299999999999,307.19361442
"InChI=1S/C22H27NO/c1-22(2,3)13-9-6-10-14-23(4)17-19-16-20(24-5)15-18-11-7-8-12-21(18)19/h6-8,10-12,15-16H,14,17H2,1-5H3/b10-6+",DVAYILQLZUSGOU-UXBLZVDNSA-N,CC(C)(C)C#CC=CCN(C)CC1=CC(=CC2=CC=CC=C21)OC,,,C22H27NO,321.209264484,5.3193,1,0,0,BTM00029,BTM00029,Methylation of phenolic compound,BTMR1377,EC 2.1.1.25,HUMAN,BTM00004,CC(C)(C)C#CC=CCN(C)CC1=CC(=CC2=CC=CC=C21)O,"InChI=1S/C21H25NO/c1-21(2,3)12-8-5-9-13-22(4)16-18-15-19(23)14-17-10-6-7-11-20(17)18/h5-7,9-11,14-15,23H,13,16H2,1-4H3/b9-5+",BCHSQXIFMHWDDZ-WEVVVXLNSA-N,5.068299999999999,307.19361442
"InChI=1S/C27H33NO7/c1-27(2,3)13-6-5-7-14-28(4)16-18-10-8-9-17-15-19(11-12-20(17)18)34-26-23(31)21(29)22(30)24(35-26)25(32)33/h5,7-12,15,21-24,26,29-31H,14,16H2,1-4H3,(H,32,33)/b7-5+",HGQCCXMTINTQSG-FNORWQNLSA-N,CC(C)(C)C#CC=CCN(C)CC1=CC=CC2=CC(=CC=C21)OC3OC(C(O)=O)C(C(C3O)O)O,,,C27H33NO7,483.225702396,3.3728000000000002,0,1,1,BTM00030,BTM00030,Aromatic OH-glucuronidation,BTMR0166,EC 2.4.1.17,HUMAN,BTM00005,CC(C)(C)C#CC=CCN(C)CC1=CC=CC2=CC(=CC=C21)O,"InChI=1S/C21H25NO/c1-21(2,3)13-6-5-7-14-22(4)16-18-10-8-9-17-15-19(23)11-12-20(17)18/h5,7-12,15,23H,14,16H2,1-4H3/b7-5+",KOCJEVNTMQWZDA-FNORWQNLSA-N,5.068299999999999,307.19361442
"InChI=1S/C27H33NO7/c1-27(2,3)13-6-5-7-14-28(4,25-23(32)21(30)22(31)24(35-25)26(33)34)16-18-10-8-9-17-15-19(29)11-12-20(17)18/h5,7-12,15,21-25,30-32H,14,16H2,1-4H3,(H-,29,33,34)/p+1/b7-5+",VZAAHTPCYVBTIV-FNORWQNLSA-O,CC(C)(C)C#CC=CC[N+](C)(CC1=CC=CC2=CC(=CC=C21)O)C3OC(C(O)=O)C(C(C3O)O)O,,,[C27H34NO7]+,484.233527428,1.7670000000000006,0,1,1,BTM00031,BTM00031,N-Glucuronidation of tertiary aliphatic amine,BTMR0244,EC 2.4.1.17,HUMAN,BTM00005,CC(C)(C)C#CC=CCN(C)CC1=CC=CC2=CC(=CC=C21)O,"InChI=1S/C21H25NO/c1-21(2,3)13-6-5-7-14-22(4)16-18-10-8-9-17-15-19(23)11-12-20(17)18/h5,7-12,15,23H,14,16H2,1-4H3/b7-5+",KOCJEVNTMQWZDA-FNORWQNLSA-N,5.068299999999999,307.19361442
"InChI=1S/C21H25NO4S/c1-21(2,3)13-6-5-7-14-22(4)16-18-10-8-9-17-15-19(11-12-20(17)18)26-27(23,24)25/h5,7-12,15H,14,16H2,1-4H3,(H,23,24,25)/b7-5+",GCLWCRWKEBTQFV-FNORWQNLSA-N,CC(C)(C)C#CC=CCN(C)CC1=CC=CC2=CC(=CC=C21)OS(O)(=O)=O,,,C21H25NO4S,387.15042928,4.331499999999999,0,0,0,BTM00032,BTM00032,Sulfonation of phenolic compound,BTMR1376,EC 2.8.2.1,HUMAN,BTM00005,CC(C)(C)C#CC=CCN(C)CC1=CC=CC2=CC(=CC=C21)O,"InChI=1S/C21H25NO/c1-21(2,3)13-6-5-7-14-22(4)16-18-10-8-9-17-15-19(23)11-12-20(17)18/h5,7-12,15,23H,14,16H2,1-4H3/b7-5+",KOCJEVNTMQWZDA-FNORWQNLSA-N,5.068299999999999,307.19361442
"InChI=1S/C22H27NO/c1-22(2,3)14-7-6-8-15-23(4)17-19-11-9-10-18-16-20(24-5)12-13-21(18)19/h6,8-13,16H,15,17H2,1-5H3/b8-6+",VCWOIJNVINDMQU-SOFGYWHQSA-N,CC(C)(C)C#CC=CCN(C)CC1=CC=CC2=CC(=CC=C21)OC,,,C22H27NO,321.209264484,5.3193,1,0,0,BTM00033,BTM00033,Methylation of phenolic compound,BTMR1377,EC 2.1.1.25,HUMAN,BTM00005,CC(C)(C)C#CC=CCN(C)CC1=CC=CC2=CC(=CC=C21)O,"InChI=1S/C21H25NO/c1-21(2,3)13-6-5-7-14-22(4)16-18-10-8-9-17-15-19(23)11-12-20(17)18/h5,7-12,15,23H,14,16H2,1-4H3/b7-5+",KOCJEVNTMQWZDA-FNORWQNLSA-N,5.068299999999999,307.19361442
"InChI=1S/C27H33NO7/c1-27(2,3)13-6-5-7-14-28(4)16-18-10-8-9-17-11-12-19(15-20(17)18)34-26-23(31)21(29)22(30)24(35-26)25(32)33/h5,7-12,15,21-24,26,29-31H,14,16H2,1-4H3,(H,32,33)/b7-5+",UMPMYGKWAGPNTB-FNORWQNLSA-N,CC(C)(C)C#CC=CCN(C)CC1=CC=CC2=CC=C(C=C21)OC3OC(C(O)=O)C(C(C3O)O)O,,,C27H33NO7,483.22570239600003,3.3728000000000002,0,1,1,BTM00034,BTM00034,Aromatic OH-glucuronidation,BTMR0166,EC 2.4.1.17,HUMAN,BTM00006,CC(C)(C)C#CC=CCN(C)CC1=CC=CC2=CC=C(C=C21)O,"InChI=1S/C21H25NO/c1-21(2,3)13-6-5-7-14-22(4)16-18-10-8-9-17-11-12-19(23)15-20(17)18/h5,7-12,15,23H,14,16H2,1-4H3/b7-5+",UOBSRJGOCPKUMW-FNORWQNLSA-N,5.068299999999999,307.19361442
"InChI=1S/C27H33NO7/c1-27(2,3)13-6-5-7-14-28(4,25-23(32)21(30)22(31)24(35-25)26(33)34)16-18-10-8-9-17-11-12-19(29)15-20(17)18/h5,7-12,15,21-25,30-32H,14,16H2,1-4H3,(H-,29,33,34)/p+1/b7-5+",FXVMOOQCGWWBIL-FNORWQNLSA-O,CC(C)(C)C#CC=CC[N+](C)(CC1=CC=CC2=CC=C(C=C21)O)C3OC(C(O)=O)C(C(C3O)O)O,,,[C27H34NO7]+,484.233527428,1.7670000000000006,0,1,1,BTM00035,BTM00035,N-Glucuronidation of tertiary aliphatic amine,BTMR0244,EC 2.4.1.17,HUMAN,BTM00006,CC(C)(C)C#CC=CCN(C)CC1=CC=CC2=CC=C(C=C21)O,"InChI=1S/C21H25NO/c1-21(2,3)13-6-5-7-14-22(4)16-18-10-8-9-17-11-12-19(23)15-20(17)18/h5,7-12,15,23H,14,16H2,1-4H3/b7-5+",UOBSRJGOCPKUMW-FNORWQNLSA-N,5.068299999999999,307.19361442
"InChI=1S/C21H25NO4S/c1-21(2,3)13-6-5-7-14-22(4)16-18-10-8-9-17-11-12-19(15-20(17)18)26-27(23,24)25/h5,7-12,15H,14,16H2,1-4H3,(H,23,24,25)/b7-5+",RSFKSDRRIYBSGH-FNORWQNLSA-N,CC(C)(C)C#CC=CCN(C)CC1=CC=CC2=CC=C(C=C21)OS(O)(=O)=O,,,C21H25NO4S,387.15042928,4.331499999999999,0,0,0,BTM00036,BTM00036,Sulfonation of phenolic compound,BTMR1376,EC 2.8.2.1,HUMAN,BTM00006,CC(C)(C)C#CC=CCN(C)CC1=CC=CC2=CC=C(C=C21)O,"InChI=1S/C21H25NO/c1-21(2,3)13-6-5-7-14-22(4)16-18-10-8-9-17-11-12-19(23)15-20(17)18/h5,7-12,15,23H,14,16H2,1-4H3/b7-5+",UOBSRJGOCPKUMW-FNORWQNLSA-N,5.068299999999999,307.19361442
"InChI=1S/C22H27NO/c1-22(2,3)14-7-6-8-15-23(4)17-19-11-9-10-18-12-13-20(24-5)16-21(18)19/h6,8-13,16H,15,17H2,1-5H3/b8-6+",YRWBWROCAROKFA-SOFGYWHQSA-N,CC(C)(C)C#CC=CCN(C)CC1=CC=CC2=CC=C(C=C21)OC,,,C22H27NO,321.209264484,5.3193,1,0,0,BTM00037,BTM00037,Methylation of phenolic compound,BTMR1377,EC 2.1.1.25,HUMAN,BTM00006,CC(C)(C)C#CC=CCN(C)CC1=CC=CC2=CC=C(C=C21)O,"InChI=1S/C21H25NO/c1-21(2,3)13-6-5-7-14-22(4)16-18-10-8-9-17-11-12-19(23)15-20(17)18/h5,7-12,15,23H,14,16H2,1-4H3/b7-5+",UOBSRJGOCPKUMW-FNORWQNLSA-N,5.068299999999999,307.19361442
"InChI=1S/C27H33NO7/c1-27(2,3)15-8-5-9-16-28(4,17-19-13-10-12-18-11-6-7-14-20(18)19)35-26-23(31)21(29)22(30)24(34-26)25(32)33/h5-7,9-14,21-24,26,29-31H,16-17H2,1-4H3/p+1/b9-5+",ZSNHMLVEQBRSSG-WEVVVXLNSA-O,CC(C)(C)C#CC=CC[N+](C)(CC1=CC=CC2=CC=CC=C21)OC3OC(C(O)C(O)C3O)C(O)=O,,,[C27H34NO7]+,484.233527428,1.8803000000000003,0,1,1,BTM00038,BTM00038,O-Glucuronidation of N-oxide,BTMR0184,EC 2.4.1.17,HUMAN,BTM00007,CC(C)(C)C#CC=CC[N+](C)(CC1=CC=CC2=CC=CC=C21)[O-],"InChI=1S/C21H25NO/c1-21(2,3)15-8-5-9-16-22(4,23)17-19-13-10-12-18-11-6-7-14-20(18)19/h5-7,9-14H,16-17H2,1-4H3/b9-5+",JKWYHCFRDQLODW-WEVVVXLNSA-N,4.930599999999997,307.19361442
"InChI=1S/C21H25NO2/c1-21(2,3)13-12-19(23)20(24)15-22(4)14-17-10-7-9-16-8-5-6-11-18(16)17/h5-11,23-24H,14-15H2,1-4H3/b20-19+",JDDRIQQLJMWLLQ-FMQUCBEESA-N,CC(C)(C)C#CC(=C(CN(C)CC1=CC=CC2=CC=CC=C21)O)O,,,C21H25NO2,323.18852904,4.2094999999999985,1,0,0,BTM00039,BTM00039,Hydrolysis of epoxide,BTMR0600,EC 3.3.2.,HUMAN,BTM00008,CC(C)(C)C#CC1C(CN(C)CC2=CC=CC3=CC=CC=C32)O1,"InChI=1S/C21H25NO/c1-21(2,3)13-12-19-20(23-19)15-22(4)14-17-10-7-9-16-8-5-6-11-18(16)17/h5-11,19-20H,14-15H2,1-4H3",YUJTUMZGFPTLAX-UHFFFAOYSA-N,4.612999999999999,307.19361442
"InChI=1S/C31H42N4O7S/c1-31(2,3)15-14-25(36)26(18-35(4)17-21-10-7-9-20-8-5-6-11-22(20)21)43-19-24(29(40)33-16-28(38)39)34-27(37)13-12-23(32)30(41)42/h5-11,23-26,36H,12-13,16-19,32H2,1-4H3,(H,33,40)(H,34,37)(H,38,39)(H,41,42)",REFZHEDXEZVPKZ-UHFFFAOYSA-N,CC(C)(C)C#CC(C(CN(C)CC1=CC=CC2=CC=CC=C21)SCC(NC(=O)CCC(N)C(=O)O)C(=O)NCC(=O)O)O,,,C31H42N4O7S,614.2774206839999,2.469500000000002,3,2,2,BTM00040,BTM00040,GSH-conjugation of epoxide,BTMR0222,EC 2.5.1.18,HUMAN,BTM00008,CC(C)(C)C#CC1C(CN(C)CC2=CC=CC3=CC=CC=C32)O1,"InChI=1S/C21H25NO/c1-21(2,3)13-12-19-20(23-19)15-22(4)14-17-10-7-9-16-8-5-6-11-18(16)17/h5-11,19-20H,14-15H2,1-4H3",YUJTUMZGFPTLAX-UHFFFAOYSA-N,4.612999999999999,307.19361442
"InChI=1S/C31H42N4O7S/c1-31(2,3)15-14-26(25(36)18-35(4)17-21-10-7-9-20-8-5-6-11-22(20)21)43-19-24(29(40)33-16-28(38)39)34-27(37)13-12-23(32)30(41)42/h5-11,23-26,36H,12-13,16-19,32H2,1-4H3,(H,33,40)(H,34,37)(H,38,39)(H,41,42)",BINJGQRYQIMLSL-UHFFFAOYSA-N,CC(C)(C)C#CC(C(CN(C)CC1=CC=CC2=CC=CC=C21)O)SCC(NC(=O)CCC(N)C(=O)O)C(=O)NCC(=O)O,,,C31H42N4O7S,614.2774206839999,2.469500000000002,3,2,2,BTM00041,BTM00041,GSH-conjugation of epoxide,BTMR0222,EC 2.5.1.18,HUMAN,BTM00008,CC(C)(C)C#CC1C(CN(C)CC2=CC=CC3=CC=CC=C32)O1,"InChI=1S/C21H25NO/c1-21(2,3)13-12-19-20(23-19)15-22(4)14-17-10-7-9-16-8-5-6-11-18(16)17/h5-11,19-20H,14-15H2,1-4H3",YUJTUMZGFPTLAX-UHFFFAOYSA-N,4.612999999999999,307.19361442
"InChI=1S/C27H33NO7/c1-27(2,3)14-6-5-7-15-28(4)16-18-12-8-10-17-11-9-13-19(20(17)18)34-26-23(31)21(29)22(30)24(35-26)25(32)33/h5,7-13,21-24,26,29-31H,15-16H2,1-4H3,(H,32,33)/b7-5+",AKJLNUOWNIIVDM-FNORWQNLSA-N,CC(C)(C)C#CC=CCN(C)CC1=CC=CC2=CC=CC(=C21)OC3OC(C(O)=O)C(C(C3O)O)O,,,C27H33NO7,483.22570239600003,3.3728000000000002,0,1,1,BTM00042,BTM00042,Aromatic OH-glucuronidation,BTMR0166,EC 2.4.1.17,HUMAN,BTM00009,CC(C)(C)C#CC=CCN(C)CC1=CC=CC2=CC=CC(=C21)O,"InChI=1S/C21H25NO/c1-21(2,3)14-6-5-7-15-22(4)16-18-12-8-10-17-11-9-13-19(23)20(17)18/h5,7-13,23H,15-16H2,1-4H3/b7-5+",KQCOVYYHSMUBQE-FNORWQNLSA-N,5.068299999999999,307.19361442
"InChI=1S/C27H33NO7/c1-27(2,3)14-6-5-7-15-28(4,25-23(32)21(30)22(31)24(35-25)26(33)34)16-18-12-8-10-17-11-9-13-19(29)20(17)18/h5,7-13,21-25,30-32H,15-16H2,1-4H3,(H-,29,33,34)/p+1/b7-5+",SHEQQFNXHLODKC-FNORWQNLSA-O,CC(C)(C)C#CC=CC[N+](C)(CC1=CC=CC2=CC=CC(=C21)O)C3OC(C(O)=O)C(C(C3O)O)O,,,[C27H34NO7]+,484.233527428,1.7670000000000006,0,1,1,BTM00043,BTM00043,N-Glucuronidation of tertiary aliphatic amine,BTMR0244,EC 2.4.1.17,HUMAN,BTM00009,CC(C)(C)C#CC=CCN(C)CC1=CC=CC2=CC=CC(=C21)O,"InChI=1S/C21H25NO/c1-21(2,3)14-6-5-7-15-22(4)16-18-12-8-10-17-11-9-13-19(23)20(17)18/h5,7-13,23H,15-16H2,1-4H3/b7-5+",KQCOVYYHSMUBQE-FNORWQNLSA-N,5.068299999999999,307.19361442
"InChI=1S/C21H25NO4S/c1-21(2,3)14-6-5-7-15-22(4)16-18-12-8-10-17-11-9-13-19(20(17)18)26-27(23,24)25/h5,7-13H,15-16H2,1-4H3,(H,23,24,25)/b7-5+",UTSUSAFLJMFWHV-FNORWQNLSA-N,CC(C)(C)C#CC=CCN(C)CC1=CC=CC2=CC=CC(=C21)OS(O)(=O)=O,,,C21H25NO4S,387.15042928,4.331499999999999,0,0,0,BTM00044,BTM00044,Sulfonation of phenolic compound,BTMR1376,EC 2.8.2.1,HUMAN,BTM00009,CC(C)(C)C#CC=CCN(C)CC1=CC=CC2=CC=CC(=C21)O,"InChI=1S/C21H25NO/c1-21(2,3)14-6-5-7-15-22(4)16-18-12-8-10-17-11-9-13-19(23)20(17)18/h5,7-13,23H,15-16H2,1-4H3/b7-5+",KQCOVYYHSMUBQE-FNORWQNLSA-N,5.068299999999999,307.19361442
"InChI=1S/C22H27NO/c1-22(2,3)15-7-6-8-16-23(4)17-19-13-9-11-18-12-10-14-20(24-5)21(18)19/h6,8-14H,16-17H2,1-5H3/b8-6+",XSVOBKOVTSTHJV-SOFGYWHQSA-N,CC(C)(C)C#CC=CCN(C)CC1=CC=CC2=CC=CC(=C21)OC,,,C22H27NO,321.209264484,5.3193,1,0,0,BTM00045,BTM00045,Methylation of phenolic compound,BTMR1377,EC 2.1.1.25,HUMAN,BTM00009,CC(C)(C)C#CC=CCN(C)CC1=CC=CC2=CC=CC(=C21)O,"InChI=1S/C21H25NO/c1-21(2,3)14-6-5-7-15-22(4)16-18-12-8-10-17-11-9-13-19(23)20(17)18/h5,7-13,23H,15-16H2,1-4H3/b7-5+",KQCOVYYHSMUBQE-FNORWQNLSA-N,5.068299999999999,307.19361442
"InChI=1S/C27H33NO7/c1-27(2,3)14-6-5-7-15-28(4)16-17-10-8-12-19-18(17)11-9-13-20(19)34-26-23(31)21(29)22(30)24(35-26)25(32)33/h5,7-13,21-24,26,29-31H,15-16H2,1-4H3,(H,32,33)/b7-5+",ACTBVUVHFNZQOL-FNORWQNLSA-N,CC(C)(C)C#CC=CCN(C)CC1=CC=CC2=C(C=CC=C21)OC3OC(C(O)=O)C(C(C3O)O)O,,,C27H33NO7,483.225702396,3.3728000000000002,0,1,1,BTM00046,BTM00046,Aromatic OH-glucuronidation,BTMR0166,EC 2.4.1.17,HUMAN,BTM00010,CC(C)(C)C#CC=CCN(C)CC1=CC=CC2=C(C=CC=C21)O,"InChI=1S/C21H25NO/c1-21(2,3)14-6-5-7-15-22(4)16-17-10-8-12-19-18(17)11-9-13-20(19)23/h5,7-13,23H,15-16H2,1-4H3/b7-5+",NOSDWXWCYDGDTF-FNORWQNLSA-N,5.068299999999999,307.19361442
"InChI=1S/C27H33NO7/c1-27(2,3)14-6-5-7-15-28(4,25-23(32)21(30)22(31)24(35-25)26(33)34)16-17-10-8-12-19-18(17)11-9-13-20(19)29/h5,7-13,21-25,30-32H,15-16H2,1-4H3,(H-,29,33,34)/p+1/b7-5+",UCGYMNRHWPSYNC-FNORWQNLSA-O,CC(C)(C)C#CC=CC[N+](C)(CC1=CC=CC2=C(C=CC=C21)O)C3OC(C(O)=O)C(C(C3O)O)O,,,[C27H34NO7]+,484.233527428,1.7670000000000006,0,1,1,BTM00047,BTM00047,N-Glucuronidation of tertiary aliphatic amine,BTMR0244,EC 2.4.1.17,HUMAN,BTM00010,CC(C)(C)C#CC=CCN(C)CC1=CC=CC2=C(C=CC=C21)O,"InChI=1S/C21H25NO/c1-21(2,3)14-6-5-7-15-22(4)16-17-10-8-12-19-18(17)11-9-13-20(19)23/h5,7-13,23H,15-16H2,1-4H3/b7-5+",NOSDWXWCYDGDTF-FNORWQNLSA-N,5.068299999999999,307.19361442
"InChI=1S/C21H25NO4S/c1-21(2,3)14-6-5-7-15-22(4)16-17-10-8-12-19-18(17)11-9-13-20(19)26-27(23,24)25/h5,7-13H,15-16H2,1-4H3,(H,23,24,25)/b7-5+",MQEVNBATOQOARR-FNORWQNLSA-N,CC(C)(C)C#CC=CCN(C)CC1=CC=CC2=C(C=CC=C21)OS(O)(=O)=O,,,C21H25NO4S,387.15042928,4.331499999999999,0,0,0,BTM00048,BTM00048,Sulfonation of phenolic compound,BTMR1376,EC 2.8.2.1,HUMAN,BTM00010,CC(C)(C)C#CC=CCN(C)CC1=CC=CC2=C(C=CC=C21)O,"InChI=1S/C21H25NO/c1-21(2,3)14-6-5-7-15-22(4)16-17-10-8-12-19-18(17)11-9-13-20(19)23/h5,7-13,23H,15-16H2,1-4H3/b7-5+",NOSDWXWCYDGDTF-FNORWQNLSA-N,5.068299999999999,307.19361442
"InChI=1S/C22H27NO/c1-22(2,3)15-7-6-8-16-23(4)17-18-11-9-13-20-19(18)12-10-14-21(20)24-5/h6,8-14H,16-17H2,1-5H3/b8-6+",REOLCXYVACALFM-SOFGYWHQSA-N,CC(C)(C)C#CC=CCN(C)CC1=CC=CC2=C(C=CC=C21)OC,,,C22H27NO,321.209264484,5.3193,1,0,0,BTM00049,BTM00049,Methylation of phenolic compound,BTMR1377,EC 2.1.1.25,HUMAN,BTM00010,CC(C)(C)C#CC=CCN(C)CC1=CC=CC2=C(C=CC=C21)O,"InChI=1S/C21H25NO/c1-21(2,3)14-6-5-7-15-22(4)16-17-10-8-12-19-18(17)11-9-13-20(19)23/h5,7-13,23H,15-16H2,1-4H3/b7-5+",NOSDWXWCYDGDTF-FNORWQNLSA-N,5.068299999999999,307.19361442
"InChI=1S/C27H33NO7/c1-27(2,17-34-26-23(31)21(29)22(30)24(35-26)25(32)33)14-7-4-8-15-28(3)16-19-12-9-11-18-10-5-6-13-20(18)19/h4-6,8-13,21-24,26,29-31H,15-17H2,1-3H3,(H,32,33)/b8-4+",XWKOYVRIRYSRSH-XBXARRHUSA-N,C(C(C)(C)C#CC=CCN(C)CC1=CC=CC2=CC=CC=C21)OC3OC(C(O)=O)C(C(C3O)O)O,,,C27H33NO7,483.22570239600003,2.7070000000000003,0,1,1,BTM00050,BTM00050,Alkyl-OH-glucuronidation,BTMR0165,EC 2.4.1.17,HUMAN,BTM00011,C(C(C)(C)C#CC=CCN(C)CC1=CC=CC2=CC=CC=C21)O,"InChI=1S/C21H25NO/c1-21(2,17-23)14-7-4-8-15-22(3)16-19-12-9-11-18-10-5-6-13-20(18)19/h4-6,8-13,23H,15-17H2,1-3H3/b8-4+",GPEJUKJZTGFNKY-XBXARRHUSA-N,4.244999999999998,307.19361442
"InChI=1S/C27H33NO7/c1-27(2,17-29)14-7-4-8-15-28(3,16-19-12-9-11-18-10-5-6-13-20(18)19)25-23(32)21(30)22(31)24(35-25)26(33)34/h4-6,8-13,21-25,29-32H,15-17H2,1-3H3/p+1/b8-4+",KBGCHTROGABTHH-XBXARRHUSA-O,C(C(C)(C)C#CC=CC[N+](C)(CC1=CC=CC2=CC=CC=C21)C3OC(C(O)=O)C(C(C3O)O)O)O,,,[C27H34NO7]+,484.233527428,0.9437,0,1,1,BTM00051,BTM00051,N-Glucuronidation of tertiary aliphatic amine,BTMR0244,EC 2.4.1.17,HUMAN,BTM00011,C(C(C)(C)C#CC=CCN(C)CC1=CC=CC2=CC=CC=C21)O,"InChI=1S/C21H25NO/c1-21(2,17-23)14-7-4-8-15-22(3)16-19-12-9-11-18-10-5-6-13-20(18)19/h4-6,8-13,23H,15-17H2,1-3H3/b8-4+",GPEJUKJZTGFNKY-XBXARRHUSA-N,4.244999999999998,307.19361442
"InChI=1S/C21H25NO4S/c1-21(2,17-26-27(23,24)25)14-7-4-8-15-22(3)16-19-12-9-11-18-10-5-6-13-20(18)19/h4-6,8-13H,15-17H2,1-3H3,(H,23,24,25)/b8-4+",BFSGATXZTFPZHT-XBXARRHUSA-N,C(C(C)(C)C#CC=CCN(C)CC1=CC=CC2=CC=CC=C21)OS(O)(=O)=O,,,C21H25NO4S,387.15042928,3.665699999999999,0,0,0,BTM00052,BTM00052,Sulfation of primary alcohol,BTMR0501,EC 2.8.2.2,HUMAN,BTM00011,C(C(C)(C)C#CC=CCN(C)CC1=CC=CC2=CC=CC=C21)O,"InChI=1S/C21H25NO/c1-21(2,17-23)14-7-4-8-15-22(3)16-19-12-9-11-18-10-5-6-13-20(18)19/h4-6,8-13,23H,15-17H2,1-3H3/b8-4+",GPEJUKJZTGFNKY-XBXARRHUSA-N,4.244999999999998,307.19361442
"InChI=1S/C21H25NO2/c1-21(2,3)12-8-5-9-13-22(4)15-16-14-19(23)20(24)18-11-7-6-10-17(16)18/h5-7,9-11,14,23-24H,13,15H2,1-4H3/b9-5+",BSCJZDRHKPMNFX-WEVVVXLNSA-N,CC(C)(C)C#CC=CCN(C)CC1=CC(=C(C2=CC=CC=C21)O)O,,,C21H25NO2,323.18852904,4.800899999999999,1,0,0,BTM00053,BTM00053,Hydrolysis of epoxide,BTMR0600,EC 3.3.2.,HUMAN,BTM00012,CC(C)(C)C#CC=CCN(C)CC1=CC2C(C3=CC=CC=C31)O2,"InChI=1S/C21H25NO/c1-21(2,3)12-8-5-9-13-22(4)15-16-14-19-20(23-19)18-11-7-6-10-17(16)18/h5-7,9-11,14,19-20H,13,15H2,1-4H3/b9-5+",GDVYJSHERGSSSX-WEVVVXLNSA-N,4.288799999999999,307.19361442
"InChI=1S/C31H42N4O7S/c1-31(2,3)14-8-5-9-15-35(4)18-20-16-25(36)28(22-11-7-6-10-21(20)22)43-19-24(29(40)33-17-27(38)39)34-26(37)13-12-23(32)30(41)42/h5-7,9-11,16,23-25,28,36H,12-13,15,17-19,32H2,1-4H3,(H,33,40)(H,34,37)(H,38,39)(H,41,42)/b9-5+",NTFCRCGLCKQAIT-WEVVVXLNSA-N,CC(C)(C)C#CC=CCN(C)CC1=CC(C(C2=CC=CC=C21)SCC(NC(=O)CCC(N)C(=O)O)C(=O)NCC(=O)O)O,,,C31H42N4O7S,614.277420684,2.145299999999997,3,2,2,BTM00054,BTM00054,GSH-conjugation of epoxide,BTMR0222,EC 2.5.1.18,HUMAN,BTM00012,CC(C)(C)C#CC=CCN(C)CC1=CC2C(C3=CC=CC=C31)O2,"InChI=1S/C21H25NO/c1-21(2,3)12-8-5-9-13-22(4)15-16-14-19-20(23-19)18-11-7-6-10-17(16)18/h5-7,9-11,14,19-20H,13,15H2,1-4H3/b9-5+",GDVYJSHERGSSSX-WEVVVXLNSA-N,4.288799999999999,307.19361442
"InChI=1S/C31H42N4O7S/c1-31(2,3)14-8-5-9-15-35(4)18-20-16-25(28(39)22-11-7-6-10-21(20)22)43-19-24(29(40)33-17-27(37)38)34-26(36)13-12-23(32)30(41)42/h5-7,9-11,16,23-25,28,39H,12-13,15,17-19,32H2,1-4H3,(H,33,40)(H,34,36)(H,37,38)(H,41,42)/b9-5+",JUHWGQHANTUQIX-WEVVVXLNSA-N,CC(C)(C)C#CC=CCN(C)CC1=CC(C(C2=CC=CC=C21)O)SCC(NC(=O)CCC(N)C(=O)O)C(=O)NCC(=O)O,,,C31H42N4O7S,614.277420684,2.145299999999997,3,2,2,BTM00055,BTM00055,GSH-conjugation of epoxide,BTMR0222,EC 2.5.1.18,HUMAN,BTM00012,CC(C)(C)C#CC=CCN(C)CC1=CC2C(C3=CC=CC=C31)O2,"InChI=1S/C21H25NO/c1-21(2,3)12-8-5-9-13-22(4)15-16-14-19-20(23-19)18-11-7-6-10-17(16)18/h5-7,9-11,14,19-20H,13,15H2,1-4H3/b9-5+",GDVYJSHERGSSSX-WEVVVXLNSA-N,4.288799999999999,307.19361442
"InChI=1S/C27H31NO7/c1-27(2,3)13-6-5-7-14-28(4,25-22(31)20(29)21(30)24(35-25)26(32)33)15-16-9-8-10-18-17(16)11-12-19-23(18)34-19/h5,7-12,20-22,24-25,29-31H,14-15H2,1-4H3/p+1/b7-5+",ACLFOKHCIYRRGW-FNORWQNLSA-O,CC(C)(C)C#CC=CC[N+](C)(CC1=CC=CC2=C3C(=CC=C21)O3)C4OC(C(O)=O)C(C(C4O)O)O,,,[C27H32NO7]+,482.217877364,1.764599999999999,0,1,1,BTM00056,BTM00056,N-Glucuronidation of tertiary aliphatic amine,BTMR0244,EC 2.4.1.17,HUMAN,BTM00013,CC(C)(C)C#CC=CCN(C)CC1=CC=CC2=C3C(=CC=C21)O3,"InChI=1S/C21H23NO/c1-21(2,3)13-6-5-7-14-22(4)15-16-9-8-10-18-17(16)11-12-19-20(18)23-19/h5,7-12H,14-15H2,1-4H3/b7-5+",LSGKICHIQUVULD-FNORWQNLSA-N,5.065899999999999,305.177964356
"InChI=1S/C27H31NO7/c1-27(2,3)13-6-5-7-14-28(4,25-22(31)20(29)21(30)24(35-25)26(32)33)15-17-10-8-9-16-11-12-18-23(34-18)19(16)17/h5,7-12,20-22,24-25,29-31H,14-15H2,1-4H3/p+1/b7-5+",AGMMSZTWFLROIX-FNORWQNLSA-O,CC(C)(C)C#CC=CC[N+](C)(CC1=CC=CC2=CC=C3C(=C21)O3)C4OC(C(O)=O)C(C(C4O)O)O,,,[C27H32NO7]+,482.217877364,1.764599999999999,0,1,1,BTM00057,BTM00057,N-Glucuronidation of tertiary aliphatic amine,BTMR0244,EC 2.4.1.17,HUMAN,BTM00014,CC(C)(C)C#CC=CCN(C)CC1=CC=CC2=CC=C3C(=C21)O3,"InChI=1S/C21H23NO/c1-21(2,3)13-6-5-7-14-22(4)15-17-10-8-9-16-11-12-18-20(23-18)19(16)17/h5,7-12H,14-15H2,1-4H3/b7-5+",BYYCPUCEEISOLP-FNORWQNLSA-N,5.065899999999999,305.177964356
"InChI=1S/C9H14O/c1-9(2,3)7-5-4-6-8-10/h4,6,10H,8H2,1-3H3/b6-4+",GALYLLJOCKLAGD-GQCTYLIASA-N,CC(C)(C)C#CC=CCO,,,C9H14O,138.104465068,2.1656999999999997,0,0,0,BTM00058,BTM00058,Reduction of aldehyde,BTMR0367,EC 1.1.1.184,HUMAN,BTM00015,CC(C)(C)C#CC=CC=O,"InChI=1S/C9H12O/c1-9(2,3)7-5-4-6-8-10/h4,6,8H,1-3H3/b6-4+",ITSLKJVPPOREBI-GQCTYLIASA-N,2.422,136.088815004
"InChI=1S/C9H12O2/c1-9(2,3)7-5-4-6-8(10)11/h4,6H,1-3H3,(H,10,11)/b6-4+",LLBLLOJABCZYKK-GQCTYLIASA-N,CC(C)(C)C#CC=CC(=O)O,,,C9H12O2,152.083729624,2.3745999999999996,0,0,0,BTM00059,BTM00059,Aldehyde oxidation,BTMR0050,EC 1.2.3.1,HUMAN,BTM00015,CC(C)(C)C#CC=CC=O,"InChI=1S/C9H12O/c1-9(2,3)7-5-4-6-8-10/h4,6,8H,1-3H3/b6-4+",ITSLKJVPPOREBI-GQCTYLIASA-N,2.422,136.088815004
"InChI=1S/C19H29N3O7S/c1-19(2,3)8-6-12(7-9-23)30-11-14(17(27)21-10-16(25)26)22-15(24)5-4-13(20)18(28)29/h9,12-14H,4-5,7,10-11,20H2,1-3H3,(H,21,27)(H,22,24)(H,25,26)(H,28,29)",VVLXMUJHPMWJBT-UHFFFAOYSA-N,CC(C)(C)C#CC(CC=O)SCC(NC(=O)CCC(N)C(O)=O)C(=O)NCC(O)=O,,,C19H29N3O7S,443.17262126800006,0.10130000000000172,0,2,2,BTM00060,BTM00060,"GSH-conjugation of alpha,beta-unsaturated carbonyl",BTMR0229,EC 2.5.1.18,HUMAN,BTM00015,CC(C)(C)C#CC=CC=O,"InChI=1S/C9H12O/c1-9(2,3)7-5-4-6-8-10/h4,6,8H,1-3H3/b6-4+",ITSLKJVPPOREBI-GQCTYLIASA-N,2.422,136.088815004
"InChI=1S/C11H10O/c12-8-10-6-3-5-9-4-1-2-7-11(9)10/h1-7,12H,8H2",PBLNHHSDYFYZNC-UHFFFAOYSA-N,C(C1=CC=CC2=CC=CC=C21)O,,,C11H10O,158.07316494,2.1338999999999992,0,0,0,BTM00061,BTM00061,Reduction of aldehyde,BTMR0367,EC 1.1.1.184,HUMAN,BTM00018,C(C1=CC=CC2=CC=CC=C21)=O,InChI=1S/C11H8O/c12-8-10-6-3-5-9-4-1-2-7-11(9)10/h1-8H,SQAINHDHICKHLX-UHFFFAOYSA-N,2.4978000000000002,156.057514876
"InChI=1S/C11H8O2/c12-11(13)10-7-3-5-8-4-1-2-6-9(8)10/h1-7H,(H,12,13)",LNETULKMXZVUST-UHFFFAOYSA-N,C(C1=CC=CC2=CC=CC=C21)(=O)O,,,C11H8O2,172.052429496,2.3428,0,0,0,BTM00062,BTM00062,Dehydrogenation of arylaldehyde,BTMR0611,"EC 1.2.1.29
EC 1.2.1.30",HUMAN,BTM00018,C(C1=CC=CC2=CC=CC=C21)=O,InChI=1S/C11H8O/c12-8-10-6-3-5-9-4-1-2-7-11(9)10/h1-8H,SQAINHDHICKHLX-UHFFFAOYSA-N,2.4978000000000002,156.057514876
"InChI=1S/C27H33NO7/c1-27(2,3)15-8-7-14-20(29)28(4,16-18-12-9-11-17-10-5-6-13-19(17)18)25-23(32)21(30)22(31)24(35-25)26(33)34/h5-7,9-14,20-25,29-32H,16H2,1-4H3/p+1/b14-7+",GOBOULLCYGFJAU-VGOFMYFVSA-O,CC(C)(C)C#CC=CC([N+](C)(CC1=CC=CC2=CC=CC=C21)C3OC(C(O)=O)C(C(C3O)O)O)O,,,[C27H34NO7]+,484.233527428,1.6946999999999985,0,1,1,BTM00063,BTM00063,N-Glucuronidation of tertiary aliphatic amine,BTMR0244,EC 2.4.1.17,HUMAN,BTM00020,CC(C)(C)C#CC=CC(N(C)CC1=CC=CC2=CC=CC=C21)O,"InChI=1S/C21H25NO/c1-21(2,3)15-8-7-14-20(23)22(4)16-18-12-9-11-17-10-5-6-13-19(17)18/h5-7,9-14,20,23H,16H2,1-4H3/b14-7+",LXGXMGDWCQOQRR-VGOFMYFVSA-N,4.995999999999999,307.19361442
"InChI=1S/C21H25NO2/c1-21(2,3)14-8-5-9-15-22(4)20(24)19-17-11-7-6-10-16(17)12-13-18(19)23/h5-7,9-13,20,23-24H,15H2,1-4H3/b9-5+",FYHFHJFFHKCUAY-WEVVVXLNSA-N,CC(C)(C)C#CC=CCN(C)C(C1=C(C=CC2=CC=CC=C21)O)O,,,C21H25NO2,323.18852904000005,4.728599999999999,1,0,0,BTM00064,BTM00064,Aromatic hydroxylation of fused benzene ring,BTMR1030,"CYP1A2
CYP2A6
CYP2B6
CYP2C8
CYP2C9
CYP2C19
CYP2D6
CYP2E1
CYP3A4",HUMAN,BTM00002,CC(C)(C)C#CC=CCN(C)C(C1=CC=CC2=CC=CC=C21)O,"InChI=1S/C21H25NO/c1-21(2,3)15-8-5-9-16-22(4)20(23)19-14-10-12-17-11-6-7-13-18(17)19/h5-7,9-14,20,23H,16H2,1-4H3/b9-5+",KCDHXSARJDVVOT-WEVVVXLNSA-N,4.995999999999999,307.19361441999996
"InChI=1S/C21H25NO2/c1-21(2,3)12-8-5-9-13-22(4)20(24)19-15-17(23)14-16-10-6-7-11-18(16)19/h5-7,9-11,14-15,20,23-24H,13H2,1-4H3/b9-5+",TUHGCRMJOZDUBC-WEVVVXLNSA-N,CC(C)(C)C#CC=CCN(C)C(C1=CC(=CC2=CC=CC=C21)O)O,,,C21H25NO2,323.18852904000005,4.728599999999999,1,0,0,BTM00065,BTM00065,Aromatic hydroxylation of fused benzene ring,BTMR1030,"CYP1A2
CYP2A6
CYP2B6
CYP2C8
CYP2C9
CYP2C19
CYP2D6
CYP2E1
CYP3A4",HUMAN,BTM00002,CC(C)(C)C#CC=CCN(C)C(C1=CC=CC2=CC=CC=C21)O,"InChI=1S/C21H25NO/c1-21(2,3)15-8-5-9-16-22(4)20(23)19-14-10-12-17-11-6-7-13-18(17)19/h5-7,9-14,20,23H,16H2,1-4H3/b9-5+",KCDHXSARJDVVOT-WEVVVXLNSA-N,4.995999999999999,307.19361441999996
"InChI=1S/C21H25NO2/c1-21(2,3)13-6-5-7-14-22(4)20(24)19-10-8-9-16-15-17(23)11-12-18(16)19/h5,7-12,15,20,23-24H,14H2,1-4H3/b7-5+",RFAKWELMJNZNGU-FNORWQNLSA-N,CC(C)(C)C#CC=CCN(C)C(C1=CC=CC2=CC(=CC=C21)O)O,,,C21H25NO2,323.18852904000005,4.728599999999999,1,0,0,BTM00066,BTM00066,Aromatic hydroxylation of fused benzene ring,BTMR1030,"CYP1A2
CYP2A6
CYP2B6
CYP2C8
CYP2C9
CYP2C19
CYP2D6
CYP2E1
CYP3A4",HUMAN,BTM00002,CC(C)(C)C#CC=CCN(C)C(C1=CC=CC2=CC=CC=C21)O,"InChI=1S/C21H25NO/c1-21(2,3)15-8-5-9-16-22(4)20(23)19-14-10-12-17-11-6-7-13-18(17)19/h5-7,9-14,20,23H,16H2,1-4H3/b9-5+",KCDHXSARJDVVOT-WEVVVXLNSA-N,4.995999999999999,307.19361441999996
"InChI=1S/C21H25NO2/c1-21(2,3)13-6-5-7-14-22(4)20(24)18-10-8-9-16-11-12-17(23)15-19(16)18/h5,7-12,15,20,23-24H,14H2,1-4H3/b7-5+",MIEAGOLKGNLSGB-FNORWQNLSA-N,CC(C)(C)C#CC=CCN(C)C(C1=CC=CC2=CC=C(C=C21)O)O,,,C21H25NO2,323.18852904000005,4.728599999999999,1,0,0,BTM00067,BTM00067,Aromatic hydroxylation of fused benzene ring,BTMR1030,"CYP1A2
CYP2A6
CYP2B6
CYP2C8
CYP2C9
CYP2C19
CYP2D6
CYP2E1
CYP3A4",HUMAN,BTM00002,CC(C)(C)C#CC=CCN(C)C(C1=CC=CC2=CC=CC=C21)O,"InChI=1S/C21H25NO/c1-21(2,3)15-8-5-9-16-22(4)20(23)19-14-10-12-17-11-6-7-13-18(17)19/h5-7,9-14,20,23H,16H2,1-4H3/b9-5+",KCDHXSARJDVVOT-WEVVVXLNSA-N,4.995999999999999,307.19361441999996
"InChI=1S/C21H25NO2/c1-21(2,3)15-8-5-9-16-22(4,24)20(23)19-14-10-12-17-11-6-7-13-18(17)19/h5-7,9-14,20,23H,16H2,1-4H3/b9-5+",LLMAQKJBKCALHB-WEVVVXLNSA-N,CC(C)(C)C#CC=CC[N+](C)(C(C1=CC=CC2=CC=CC=C21)O)[O-],,,C21H25NO2,323.18852904,4.590899999999999,0,0,0,BTM00068,BTM00068,N-Oxidation of aliphatic tertiary amine,BTMR1100,"CYP1A2
CYP2D6
CYP3A4",HUMAN,BTM00002,CC(C)(C)C#CC=CCN(C)C(C1=CC=CC2=CC=CC=C21)O,"InChI=1S/C21H25NO/c1-21(2,3)15-8-5-9-16-22(4)20(23)19-14-10-12-17-11-6-7-13-18(17)19/h5-7,9-14,20,23H,16H2,1-4H3/b9-5+",KCDHXSARJDVVOT-WEVVVXLNSA-N,4.995999999999999,307.19361441999996
"InChI=1S/C21H25NO2/c1-21(2,3)13-12-18-19(24-18)14-22(4)20(23)17-11-7-9-15-8-5-6-10-16(15)17/h5-11,18-20,23H,14H2,1-4H3",VBXZMTRIECIOLY-UHFFFAOYSA-N,CC(C)(C)C#CC1C(CN(C)C(C2=CC=CC3=CC=CC=C32)O)O1,,,C21H25NO2,323.18852904000005,4.273299999999999,0,0,0,BTM00069,BTM00069,Epoxidation of alkene,BTMR0109,"CYP1A2
CYP2B6
CYP2B6
CYP2C8
CYP2C9
CYP2C19
CYP2D6
CYP2E1
CYP3A4",HUMAN,BTM00002,CC(C)(C)C#CC=CCN(C)C(C1=CC=CC2=CC=CC=C21)O,"InChI=1S/C21H25NO/c1-21(2,3)15-8-5-9-16-22(4)20(23)19-14-10-12-17-11-6-7-13-18(17)19/h5-7,9-14,20,23H,16H2,1-4H3/b9-5+",KCDHXSARJDVVOT-WEVVVXLNSA-N,4.995999999999999,307.19361441999996
"InChI=1S/C21H25NO2/c1-21(2,3)14-6-5-7-15-22(4)20(24)17-12-8-10-16-11-9-13-18(23)19(16)17/h5,7-13,20,23-24H,15H2,1-4H3/b7-5+",WSQRKAFYDZXFOG-FNORWQNLSA-N,CC(C)(C)C#CC=CCN(C)C(C1=CC=CC2=CC=CC(=C21)O)O,,,C21H25NO2,323.18852904000005,4.728599999999999,1,0,0,BTM00070,BTM00070,Aromatic hydroxylation of fused benzene ring,BTMR1031,"CYP1A2
CYP2B6
CYP2C8
CYP2C9
CYP2C19
CYP2D6
CYP3A4",HUMAN,BTM00002,CC(C)(C)C#CC=CCN(C)C(C1=CC=CC2=CC=CC=C21)O,"InChI=1S/C21H25NO/c1-21(2,3)15-8-5-9-16-22(4)20(23)19-14-10-12-17-11-6-7-13-18(17)19/h5-7,9-14,20,23H,16H2,1-4H3/b9-5+",KCDHXSARJDVVOT-WEVVVXLNSA-N,4.995999999999999,307.19361441999996
"InChI=1S/C21H25NO2/c1-21(2,3)14-6-5-7-15-22(4)20(24)18-12-8-11-17-16(18)10-9-13-19(17)23/h5,7-13,20,23-24H,15H2,1-4H3/b7-5+",VKWSQQMVBMZONU-FNORWQNLSA-N,CC(C)(C)C#CC=CCN(C)C(C1=CC=CC2=C(C=CC=C21)O)O,,,C21H25NO2,323.18852904,4.728599999999999,1,0,0,BTM00071,BTM00071,Aromatic hydroxylation of fused benzene ring,BTMR1031,"CYP1A2
CYP2B6
CYP2C8
CYP2C9
CYP2C19
CYP2D6
CYP3A4",HUMAN,BTM00002,CC(C)(C)C#CC=CCN(C)C(C1=CC=CC2=CC=CC=C21)O,"InChI=1S/C21H25NO/c1-21(2,3)15-8-5-9-16-22(4)20(23)19-14-10-12-17-11-6-7-13-18(17)19/h5-7,9-14,20,23H,16H2,1-4H3/b9-5+",KCDHXSARJDVVOT-WEVVVXLNSA-N,4.995999999999999,307.19361441999996
"InChI=1S/C21H25NO2/c1-21(2,16-23)14-7-4-8-15-22(3)20(24)19-13-9-11-17-10-5-6-12-18(17)19/h4-6,8-13,20,23-24H,15-16H2,1-3H3/b8-4+",JZXJGJTYAYSKAF-XBXARRHUSA-N,C(C(C)(C)C#CC=CCN(C)C(C1=CC=CC2=CC=CC=C21)O)O,,,C21H25NO2,323.18852904,3.905299999999998,0,0,0,BTM00072,BTM00072,Hydroxylation of terminal methyl,BTMR1061,"CYP1A2
CYP2A6
CYP2B6
CYP2C8
CYP2C9
CYP2C19
CYP2D6
CYP2E1
CYP3A4",HUMAN,BTM00002,CC(C)(C)C#CC=CCN(C)C(C1=CC=CC2=CC=CC=C21)O,"InChI=1S/C21H25NO/c1-21(2,3)15-8-5-9-16-22(4)20(23)19-14-10-12-17-11-6-7-13-18(17)19/h5-7,9-14,20,23H,16H2,1-4H3/b9-5+",KCDHXSARJDVVOT-WEVVVXLNSA-N,4.995999999999999,307.19361441999996
"InChI=1S/C21H25NO2/c1-21(2,3)12-8-5-9-13-22(4)20(23)17-14-18-19(24-18)16-11-7-6-10-15(16)17/h5-7,9-11,14,18-20,23H,13H2,1-4H3/b9-5+",YLOPMIXUQQFUNA-WEVVVXLNSA-N,CC(C)(C)C#CC=CCN(C)C(C1=CC2C(C3=CC=CC=C31)O2)O,,,C21H25NO2,323.18852904000005,3.9490999999999987,0,0,0,BTM00073,BTM00073,Epoxidation of arene,BTMR1027,"CYP1A2
CYP2B6
CYP2C8
CYP2C9
CYP2C19
CYP2E1
CYP3A4",HUMAN,BTM00002,CC(C)(C)C#CC=CCN(C)C(C1=CC=CC2=CC=CC=C21)O,"InChI=1S/C21H25NO/c1-21(2,3)15-8-5-9-16-22(4)20(23)19-14-10-12-17-11-6-7-13-18(17)19/h5-7,9-14,20,23H,16H2,1-4H3/b9-5+",KCDHXSARJDVVOT-WEVVVXLNSA-N,4.995999999999999,307.19361441999996
"InChI=1S/C21H23NO2/c1-21(2,3)13-6-5-7-14-22(4)20(23)17-10-8-9-16-15(17)11-12-18-19(16)24-18/h5,7-12,20,23H,14H2,1-4H3/b7-5+",RQZNQEBBKHZPQR-FNORWQNLSA-N,CC(C)(C)C#CC=CCN(C)C(C1=CC=CC2=C3C(=CC=C21)O3)O,,,C21H23NO2,321.17287897600005,4.726199999999998,0,0,0,BTM00074,BTM00074,Epoxidation of arene,BTMR1027,"CYP1A2
CYP2B6
CYP2C8
CYP2C9
CYP2C19
CYP2E1
CYP3A4",HUMAN,BTM00002,CC(C)(C)C#CC=CCN(C)C(C1=CC=CC2=CC=CC=C21)O,"InChI=1S/C21H25NO/c1-21(2,3)15-8-5-9-16-22(4)20(23)19-14-10-12-17-11-6-7-13-18(17)19/h5-7,9-14,20,23H,16H2,1-4H3/b9-5+",KCDHXSARJDVVOT-WEVVVXLNSA-N,4.995999999999999,307.19361441999996
"InChI=1S/C21H23NO2/c1-21(2,3)13-6-5-7-14-22(4)20(23)16-10-8-9-15-11-12-17-19(24-17)18(15)16/h5,7-12,20,23H,14H2,1-4H3/b7-5+",JWWPKAXZIDINFD-FNORWQNLSA-N,CC(C)(C)C#CC=CCN(C)C(C1=CC=CC2=CC=C3C(=C21)O3)O,,,C21H23NO2,321.17287897600005,4.726199999999998,0,0,0,BTM00075,BTM00075,Epoxidation of arene,BTMR1027,"CYP1A2
CYP2B6
CYP2C8
CYP2C9
CYP2C19
CYP2E1
CYP3A4",HUMAN,BTM00002,CC(C)(C)C#CC=CCN(C)C(C1=CC=CC2=CC=CC=C21)O,"InChI=1S/C21H25NO/c1-21(2,3)15-8-5-9-16-22(4)20(23)19-14-10-12-17-11-6-7-13-18(17)19/h5-7,9-14,20,23H,16H2,1-4H3/b9-5+",KCDHXSARJDVVOT-WEVVVXLNSA-N,4.995999999999999,307.19361441999996
"InChI=1S/C9H12O/c1-9(2,3)7-5-4-6-8-10/h4,6,8H,1-3H3/b6-4+",ITSLKJVPPOREBI-GQCTYLIASA-N,CC(C)(C)C#CC=CC=O,,,C9H12O,136.088815004,2.422,0,0,0,BTM00015,BTM00015,N-Dealkylation of acyclic tertiary amine,BTMR1142,"CYP1A2
CYP2A6
CYP2B6
CYP2C8
CYP2C9
CYP2C19
CYP2D6
CYP2E1
CYP3A4",HUMAN,BTM00002,CC(C)(C)C#CC=CCN(C)C(C1=CC=CC2=CC=CC=C21)O,"InChI=1S/C21H25NO/c1-21(2,3)15-8-5-9-16-22(4)20(23)19-14-10-12-17-11-6-7-13-18(17)19/h5-7,9-14,20,23H,16H2,1-4H3/b9-5+",KCDHXSARJDVVOT-WEVVVXLNSA-N,4.995999999999999,307.19361441999996
"InChI=1S/C12H13NO/c1-13-12(14)11-8-4-6-9-5-2-3-7-10(9)11/h2-8,12-14H,1H3",OBDNQRYJWJEXOI-UHFFFAOYSA-N,N(C)C(C1=CC=CC2=CC=CC=C21)O,,,C12H13NO,187.099714036,1.9363999999999992,0,0,0,BTM00076,BTM00076,N-Dealkylation of acyclic tertiary amine,BTMR1142,"CYP1A2
CYP2A6
CYP2B6
CYP2C8
CYP2C9
CYP2C19
CYP2D6
CYP2E1
CYP3A4",HUMAN,BTM00002,CC(C)(C)C#CC=CCN(C)C(C1=CC=CC2=CC=CC=C21)O,"InChI=1S/C21H25NO/c1-21(2,3)15-8-5-9-16-22(4)20(23)19-14-10-12-17-11-6-7-13-18(17)19/h5-7,9-14,20,23H,16H2,1-4H3/b9-5+",KCDHXSARJDVVOT-WEVVVXLNSA-N,4.995999999999999,307.19361441999996
"InChI=1S/C10H17N/c1-10(2,3)8-6-5-7-9-11-4/h5,7,11H,9H2,1-4H3/b7-5+",XQRHBYHDDOJZTM-FNORWQNLSA-N,CC(C)(C)C#CC=CCNC,,,C10H17N,151.136099544,2.3078999999999987,0,0,0,BTM00017,BTM00017,N-Dealkylation of acyclic tertiary amine,BTMR1142,"CYP1A2
CYP2A6
CYP2B6
CYP2C8
CYP2C9
CYP2C19
CYP2D6
CYP2E1
CYP3A4",HUMAN,BTM00002,CC(C)(C)C#CC=CCN(C)C(C1=CC=CC2=CC=CC=C21)O,"InChI=1S/C21H25NO/c1-21(2,3)15-8-5-9-16-22(4)20(23)19-14-10-12-17-11-6-7-13-18(17)19/h5-7,9-14,20,23H,16H2,1-4H3/b9-5+",KCDHXSARJDVVOT-WEVVVXLNSA-N,4.995999999999999,307.19361441999996
"InChI=1S/C11H8O2/c12-11(13)10-7-3-5-8-4-1-2-6-9(8)10/h1-7H,(H,12,13)",LNETULKMXZVUST-UHFFFAOYSA-N,C(C1=CC=CC2=CC=CC=C21)(=O)O,,,C11H8O2,172.052429496,2.3428,0,0,0,BTM00062,BTM00062,N-Dealkylation of acyclic tertiary amine,BTMR1142,"CYP1A2
CYP2A6
CYP2B6
CYP2C8
CYP2C9
CYP2C19
CYP2D6
CYP2E1
CYP3A4",HUMAN,BTM00002,CC(C)(C)C#CC=CCN(C)C(C1=CC=CC2=CC=CC=C21)O,"InChI=1S/C21H25NO/c1-21(2,3)15-8-5-9-16-22(4)20(23)19-14-10-12-17-11-6-7-13-18(17)19/h5-7,9-14,20,23H,16H2,1-4H3/b9-5+",KCDHXSARJDVVOT-WEVVVXLNSA-N,4.995999999999999,307.19361441999996
"InChI=1S/C20H23NO/c1-20(2,3)14-7-4-8-15-21-19(22)18-13-9-11-16-10-5-6-12-17(16)18/h4-6,8-13,19,21-22H,15H2,1-3H3/b8-4+",MSSFNLZIDBMSJL-XBXARRHUSA-N,CC(C)(C)C#CC=CCNC(C1=CC=CC2=CC=CC=C21)O,,,C20H23NO,293.177964356,4.4601,1,0,0,BTM00077,BTM00077,N-Dealkylation of acyclic tertiary amine,BTMR1142,"CYP1A2
CYP2A6
CYP2B6
CYP2C8
CYP2C9
CYP2C19
CYP2D6
CYP2E1
CYP3A4",HUMAN,BTM00002,CC(C)(C)C#CC=CCN(C)C(C1=CC=CC2=CC=CC=C21)O,"InChI=1S/C21H25NO/c1-21(2,3)15-8-5-9-16-22(4)20(23)19-14-10-12-17-11-6-7-13-18(17)19/h5-7,9-14,20,23H,16H2,1-4H3/b9-5+",KCDHXSARJDVVOT-WEVVVXLNSA-N,4.995999999999999,307.19361441999996
"InChI=1S/C21H25NO2/c1-21(2,3)14-8-5-9-15-22(4)20(24)19-17-11-7-6-10-16(17)12-13-18(19)23/h5-7,9-13,20,23-24H,15H2,1-4H3/b9-5+",FYHFHJFFHKCUAY-WEVVVXLNSA-N,CC(C)(C)C#CC=CCN(C)C(C1=C(C=CC2=CC=CC=C21)O)O,,,C21H25NO2,323.18852904000005,4.728599999999999,1,0,0,BTM00064,BTM00064,Hydroxylation of non-terminal aliphatic carbon adjacent to aromatic ring,BTMR1077,"CYP1A2
CYP2C8
CYP2C9
CYP2D6
CYP3A4",HUMAN,BTM00003,CC(C)(C)C#CC=CCN(C)CC1=C(C=CC2=CC=CC=C21)O,"InChI=1S/C21H25NO/c1-21(2,3)14-8-5-9-15-22(4)16-19-18-11-7-6-10-17(18)12-13-20(19)23/h5-7,9-13,23H,15-16H2,1-4H3/b9-5+",BKMLBWWVIIWEHS-WEVVVXLNSA-N,5.068299999999999,307.19361442
"InChI=1S/C21H25NO2/c1-21(2,3)12-8-5-9-13-22(4)15-18-17-11-7-6-10-16(17)14-19(23)20(18)24/h5-7,9-11,14,23-24H,13,15H2,1-4H3/b9-5+",HEESIQXYSCSRAH-WEVVVXLNSA-N,CC(C)(C)C#CC=CCN(C)CC1=C(C(=CC2=CC=CC=C21)O)O,,,C21H25NO2,323.18852904,4.800899999999999,1,0,0,BTM00078,BTM00078,Aromatic hydroxylation of fused benzene ring,BTMR1030,"CYP1A2
CYP2A6
CYP2B6
CYP2C8
CYP2C9
CYP2C19
CYP2D6
CYP2E1
CYP3A4",HUMAN,BTM00003,CC(C)(C)C#CC=CCN(C)CC1=C(C=CC2=CC=CC=C21)O,"InChI=1S/C21H25NO/c1-21(2,3)14-8-5-9-15-22(4)16-19-18-11-7-6-10-17(18)12-13-20(19)23/h5-7,9-13,23H,15-16H2,1-4H3/b9-5+",BKMLBWWVIIWEHS-WEVVVXLNSA-N,5.068299999999999,307.19361442
"InChI=1S/C21H25NO2/c1-21(2,3)12-6-5-7-13-22(4)15-19-18-10-9-17(23)14-16(18)8-11-20(19)24/h5,7-11,14,23-24H,13,15H2,1-4H3/b7-5+",RZNHIQFOOVBHEV-FNORWQNLSA-N,CC(C)(C)C#CC=CCN(C)CC1=C(C=CC2=CC(=CC=C21)O)O,,,C21H25NO2,323.18852904000005,4.800899999999999,1,0,0,BTM00079,BTM00079,Aromatic hydroxylation of fused benzene ring,BTMR1030,"CYP1A2
CYP2A6
CYP2B6
CYP2C8
CYP2C9
CYP2C19
CYP2D6
CYP2E1
CYP3A4",HUMAN,BTM00003,CC(C)(C)C#CC=CCN(C)CC1=C(C=CC2=CC=CC=C21)O,"InChI=1S/C21H25NO/c1-21(2,3)14-8-5-9-15-22(4)16-19-18-11-7-6-10-17(18)12-13-20(19)23/h5-7,9-13,23H,15-16H2,1-4H3/b9-5+",BKMLBWWVIIWEHS-WEVVVXLNSA-N,5.068299999999999,307.19361442
"InChI=1S/C21H25NO2/c1-21(2,3)12-6-5-7-13-22(4)15-19-18-14-17(23)10-8-16(18)9-11-20(19)24/h5,7-11,14,23-24H,13,15H2,1-4H3/b7-5+",IUHMVGSOVJHQTA-FNORWQNLSA-N,CC(C)(C)C#CC=CCN(C)CC1=C(C=CC2=CC=C(C=C21)O)O,,,C21H25NO2,323.18852904,4.800899999999999,1,0,0,BTM00080,BTM00080,Aromatic hydroxylation of fused benzene ring,BTMR1030,"CYP1A2
CYP2A6
CYP2B6
CYP2C8
CYP2C9
CYP2C19
CYP2D6
CYP2E1
CYP3A4",HUMAN,BTM00003,CC(C)(C)C#CC=CCN(C)CC1=C(C=CC2=CC=CC=C21)O,"InChI=1S/C21H25NO/c1-21(2,3)14-8-5-9-15-22(4)16-19-18-11-7-6-10-17(18)12-13-20(19)23/h5-7,9-13,23H,15-16H2,1-4H3/b9-5+",BKMLBWWVIIWEHS-WEVVVXLNSA-N,5.068299999999999,307.19361442
"InChI=1S/C21H25NO2/c1-21(2,3)14-8-5-9-15-22(4,24)16-19-18-11-7-6-10-17(18)12-13-20(19)23/h5-7,9-13,23H,15-16H2,1-4H3/b9-5+",IZWCRTQDAFHCER-WEVVVXLNSA-N,CC(C)(C)C#CC=CC[N+](C)(CC1=C(C=CC2=CC=CC=C21)O)[O-],,,C21H25NO2,323.18852904,4.663199999999999,0,0,0,BTM00081,BTM00081,N-Oxidation of aliphatic tertiary amine,BTMR1100,"CYP1A2
CYP2D6
CYP3A4",HUMAN,BTM00003,CC(C)(C)C#CC=CCN(C)CC1=C(C=CC2=CC=CC=C21)O,"InChI=1S/C21H25NO/c1-21(2,3)14-8-5-9-15-22(4)16-19-18-11-7-6-10-17(18)12-13-20(19)23/h5-7,9-13,23H,15-16H2,1-4H3/b9-5+",BKMLBWWVIIWEHS-WEVVVXLNSA-N,5.068299999999999,307.19361442
"InChI=1S/C21H25NO2/c1-21(2,3)12-11-19-20(24-19)14-22(4)13-17-16-8-6-5-7-15(16)9-10-18(17)23/h5-10,19-20,23H,13-14H2,1-4H3",YXJFNQMFWHDFRL-UHFFFAOYSA-N,CC(C)(C)C#CC1C(CN(C)CC2=C(C=CC3=CC=CC=C32)O)O1,,,C21H25NO2,323.18852904000005,4.345599999999999,0,0,0,BTM00082,BTM00082,Epoxidation of alkene,BTMR0109,"CYP1A2
CYP2B6
CYP2B6
CYP2C8
CYP2C9
CYP2C19
CYP2D6
CYP2E1
CYP3A4",HUMAN,BTM00003,CC(C)(C)C#CC=CCN(C)CC1=C(C=CC2=CC=CC=C21)O,"InChI=1S/C21H25NO/c1-21(2,3)14-8-5-9-15-22(4)16-19-18-11-7-6-10-17(18)12-13-20(19)23/h5-7,9-13,23H,15-16H2,1-4H3/b9-5+",BKMLBWWVIIWEHS-WEVVVXLNSA-N,5.068299999999999,307.19361442
"InChI=1S/C21H25NO2/c1-21(2,3)13-6-5-7-14-22(4)15-17-18(23)12-11-16-9-8-10-19(24)20(16)17/h5,7-12,23-24H,14-15H2,1-4H3/b7-5+",TWHGLGDLWOHBDP-FNORWQNLSA-N,CC(C)(C)C#CC=CCN(C)CC1=C(C=CC2=CC=CC(=C21)O)O,,,C21H25NO2,323.18852904,4.800899999999999,1,0,0,BTM00083,BTM00083,Aromatic hydroxylation of fused benzene ring,BTMR1031,"CYP1A2
CYP2B6
CYP2C8
CYP2C9
CYP2C19
CYP2D6
CYP3A4",HUMAN,BTM00003,CC(C)(C)C#CC=CCN(C)CC1=C(C=CC2=CC=CC=C21)O,"InChI=1S/C21H25NO/c1-21(2,3)14-8-5-9-15-22(4)16-19-18-11-7-6-10-17(18)12-13-20(19)23/h5-7,9-13,23H,15-16H2,1-4H3/b9-5+",BKMLBWWVIIWEHS-WEVVVXLNSA-N,5.068299999999999,307.19361442
"InChI=1S/C21H25NO2/c1-21(2,3)13-6-5-7-14-22(4)15-18-16-9-8-10-19(23)17(16)11-12-20(18)24/h5,7-12,23-24H,14-15H2,1-4H3/b7-5+",GJEHMYIHHALNNW-FNORWQNLSA-N,CC(C)(C)C#CC=CCN(C)CC1=C(C=CC2=C(C=CC=C21)O)O,,,C21H25NO2,323.18852904000005,4.800899999999999,1,0,0,BTM00084,BTM00084,Aromatic hydroxylation of fused benzene ring,BTMR1031,"CYP1A2
CYP2B6
CYP2C8
CYP2C9
CYP2C19
CYP2D6
CYP3A4",HUMAN,BTM00003,CC(C)(C)C#CC=CCN(C)CC1=C(C=CC2=CC=CC=C21)O,"InChI=1S/C21H25NO/c1-21(2,3)14-8-5-9-15-22(4)16-19-18-11-7-6-10-17(18)12-13-20(19)23/h5-7,9-13,23H,15-16H2,1-4H3/b9-5+",BKMLBWWVIIWEHS-WEVVVXLNSA-N,5.068299999999999,307.19361442
"InChI=1S/C21H25NO2/c1-21(2,16-23)13-7-4-8-14-22(3)15-19-18-10-6-5-9-17(18)11-12-20(19)24/h4-6,8-12,23-24H,14-16H2,1-3H3/b8-4+",LZCAECBADNFVHJ-XBXARRHUSA-N,C(C(C)(C)C#CC=CCN(C)CC1=C(C=CC2=CC=CC=C21)O)O,,,C21H25NO2,323.18852904000005,3.9776,0,0,0,BTM00085,BTM00085,Hydroxylation of terminal methyl,BTMR1061,"CYP1A2
CYP2A6
CYP2B6
CYP2C8
CYP2C9
CYP2C19
CYP2D6
CYP2E1
CYP3A4",HUMAN,BTM00003,CC(C)(C)C#CC=CCN(C)CC1=C(C=CC2=CC=CC=C21)O,"InChI=1S/C21H25NO/c1-21(2,3)14-8-5-9-15-22(4)16-19-18-11-7-6-10-17(18)12-13-20(19)23/h5-7,9-13,23H,15-16H2,1-4H3/b9-5+",BKMLBWWVIIWEHS-WEVVVXLNSA-N,5.068299999999999,307.19361442
"InChI=1S/C21H23NO2/c1-21(2,3)12-6-5-7-13-22(4)14-17-15-9-11-19-20(24-19)16(15)8-10-18(17)23/h5,7-11,23H,13-14H2,1-4H3/b7-5+",BEZWIXGBAXIKAZ-FNORWQNLSA-N,CC(C)(C)C#CC=CCN(C)CC1=C(C=CC2=C3C(=CC=C21)O3)O,,,C21H23NO2,321.172878976,4.7985,0,0,0,BTM00086,BTM00086,Epoxidation of arene,BTMR1027,"CYP1A2
CYP2B6
CYP2C8
CYP2C9
CYP2C19
CYP2E1
CYP3A4",HUMAN,BTM00003,CC(C)(C)C#CC=CCN(C)CC1=C(C=CC2=CC=CC=C21)O,"InChI=1S/C21H25NO/c1-21(2,3)14-8-5-9-15-22(4)16-19-18-11-7-6-10-17(18)12-13-20(19)23/h5-7,9-13,23H,15-16H2,1-4H3/b9-5+",BKMLBWWVIIWEHS-WEVVVXLNSA-N,5.068299999999999,307.19361442
"InChI=1S/C21H23NO2/c1-21(2,3)12-6-5-7-13-22(4)14-16-17(23)10-8-15-9-11-18-20(24-18)19(15)16/h5,7-11,23H,13-14H2,1-4H3/b7-5+",AJWODFFVLQSFOH-FNORWQNLSA-N,CC(C)(C)C#CC=CCN(C)CC1=C(C=CC2=CC=C3C(=C21)O3)O,,,C21H23NO2,321.17287897600005,4.7985,0,0,0,BTM00087,BTM00087,Epoxidation of arene,BTMR1027,"CYP1A2
CYP2B6
CYP2C8
CYP2C9
CYP2C19
CYP2E1
CYP3A4",HUMAN,BTM00003,CC(C)(C)C#CC=CCN(C)CC1=C(C=CC2=CC=CC=C21)O,"InChI=1S/C21H25NO/c1-21(2,3)14-8-5-9-15-22(4)16-19-18-11-7-6-10-17(18)12-13-20(19)23/h5-7,9-13,23H,15-16H2,1-4H3/b9-5+",BKMLBWWVIIWEHS-WEVVVXLNSA-N,5.068299999999999,307.19361442
"InChI=1S/C9H12O/c1-9(2,3)7-5-4-6-8-10/h4,6,8H,1-3H3/b6-4+",ITSLKJVPPOREBI-GQCTYLIASA-N,CC(C)(C)C#CC=CC=O,,,C9H12O,136.088815004,2.422,0,0,0,BTM00015,BTM00015,N-Dealkylation of acyclic tertiary amine,BTMR1142,"CYP1A2
CYP2A6
CYP2B6
CYP2C8
CYP2C9
CYP2C19
CYP2D6
CYP2E1
CYP3A4",HUMAN,BTM00003,CC(C)(C)C#CC=CCN(C)CC1=C(C=CC2=CC=CC=C21)O,"InChI=1S/C21H25NO/c1-21(2,3)14-8-5-9-15-22(4)16-19-18-11-7-6-10-17(18)12-13-20(19)23/h5-7,9-13,23H,15-16H2,1-4H3/b9-5+",BKMLBWWVIIWEHS-WEVVVXLNSA-N,5.068299999999999,307.19361442
"InChI=1S/C12H13NO/c1-13-8-11-10-5-3-2-4-9(10)6-7-12(11)14/h2-7,13-14H,8H2,1H3",GNDLETZYLAVKLN-UHFFFAOYSA-N,N(C)CC1=C(C=CC2=CC=CC=C21)O,,,C12H13NO,187.099714036,2.0086999999999997,0,0,0,BTM00088,BTM00088,N-Dealkylation of acyclic tertiary amine,BTMR1142,"CYP1A2
CYP2A6
CYP2B6
CYP2C8
CYP2C9
CYP2C19
CYP2D6
CYP2E1
CYP3A4",HUMAN,BTM00003,CC(C)(C)C#CC=CCN(C)CC1=C(C=CC2=CC=CC=C21)O,"InChI=1S/C21H25NO/c1-21(2,3)14-8-5-9-15-22(4)16-19-18-11-7-6-10-17(18)12-13-20(19)23/h5-7,9-13,23H,15-16H2,1-4H3/b9-5+",BKMLBWWVIIWEHS-WEVVVXLNSA-N,5.068299999999999,307.19361442
"InChI=1S/C10H17N/c1-10(2,3)8-6-5-7-9-11-4/h5,7,11H,9H2,1-4H3/b7-5+",XQRHBYHDDOJZTM-FNORWQNLSA-N,CC(C)(C)C#CC=CCNC,,,C10H17N,151.136099544,2.3078999999999987,0,0,0,BTM00017,BTM00017,N-Dealkylation of acyclic tertiary amine,BTMR1142,"CYP1A2
CYP2A6
CYP2B6
CYP2C8
CYP2C9
CYP2C19
CYP2D6
CYP2E1
CYP3A4",HUMAN,BTM00003,CC(C)(C)C#CC=CCN(C)CC1=C(C=CC2=CC=CC=C21)O,"InChI=1S/C21H25NO/c1-21(2,3)14-8-5-9-15-22(4)16-19-18-11-7-6-10-17(18)12-13-20(19)23/h5-7,9-13,23H,15-16H2,1-4H3/b9-5+",BKMLBWWVIIWEHS-WEVVVXLNSA-N,5.068299999999999,307.19361442
"InChI=1S/C11H8O2/c12-7-10-9-4-2-1-3-8(9)5-6-11(10)13/h1-7,13H",NTCCNERMXRIPTR-UHFFFAOYSA-N,C(C1=C(C=CC2=CC=CC=C21)O)=O,,,C11H8O2,172.052429496,2.2303999999999995,0,0,0,BTM00089,BTM00089,N-Dealkylation of acyclic tertiary amine,BTMR1142,"CYP1A2
CYP2A6
CYP2B6
CYP2C8
CYP2C9
CYP2C19
CYP2D6
CYP2E1
CYP3A4",HUMAN,BTM00003,CC(C)(C)C#CC=CCN(C)CC1=C(C=CC2=CC=CC=C21)O,"InChI=1S/C21H25NO/c1-21(2,3)14-8-5-9-15-22(4)16-19-18-11-7-6-10-17(18)12-13-20(19)23/h5-7,9-13,23H,15-16H2,1-4H3/b9-5+",BKMLBWWVIIWEHS-WEVVVXLNSA-N,5.068299999999999,307.19361442
"InChI=1S/C20H23NO/c1-20(2,3)13-7-4-8-14-21-15-18-17-10-6-5-9-16(17)11-12-19(18)22/h4-6,8-12,21-22H,14-15H2,1-3H3/b8-4+",LSAQZGOZIIWQII-XBXARRHUSA-N,CC(C)(C)C#CC=CCNCC1=C(C=CC2=CC=CC=C21)O,,,C20H23NO,293.17796435599996,4.532399999999997,1,0,0,BTM00090,BTM00090,N-Dealkylation of acyclic tertiary amine,BTMR1142,"CYP1A2
CYP2A6
CYP2B6
CYP2C8
CYP2C9
CYP2C19
CYP2D6
CYP2E1
CYP3A4",HUMAN,BTM00003,CC(C)(C)C#CC=CCN(C)CC1=C(C=CC2=CC=CC=C21)O,"InChI=1S/C21H25NO/c1-21(2,3)14-8-5-9-15-22(4)16-19-18-11-7-6-10-17(18)12-13-20(19)23/h5-7,9-13,23H,15-16H2,1-4H3/b9-5+",BKMLBWWVIIWEHS-WEVVVXLNSA-N,5.068299999999999,307.19361442
"InChI=1S/C21H25NO2/c1-21(2,3)14-8-7-11-20(24)22(4)15-18-17-10-6-5-9-16(17)12-13-19(18)23/h5-7,9-13,20,23-24H,15H2,1-4H3/b11-7+",RRQWGFAPDPOSAH-YRNVUSSQSA-N,CC(C)(C)C#CC=CC(N(C)CC1=C(C=CC2=CC=CC=C21)O)O,,,C21H25NO2,323.18852904,4.728599999999999,1,0,0,BTM00091,BTM00091,Aliphatic hydroxylation of carbon alpha to secondary or tertiary alkyl-N,BTMR1081,"CYP2B6
CYP2C19
CYP2D6",HUMAN,BTM00003,CC(C)(C)C#CC=CCN(C)CC1=C(C=CC2=CC=CC=C21)O,"InChI=1S/C21H25NO/c1-21(2,3)14-8-5-9-15-22(4)16-19-18-11-7-6-10-17(18)12-13-20(19)23/h5-7,9-13,23H,15-16H2,1-4H3/b9-5+",BKMLBWWVIIWEHS-WEVVVXLNSA-N,5.068299999999999,307.19361442
"InChI=1S/C21H25NO2/c1-21(2,3)14-8-5-9-15-22(4)20(24)19-17-11-7-6-10-16(17)12-13-18(19)23/h5-7,9-13,20,23-24H,15H2,1-4H3/b9-5+",FYHFHJFFHKCUAY-WEVVVXLNSA-N,CC(C)(C)C#CC=CCN(C)C(C1=C(C=CC2=CC=CC=C21)O)O,,,C21H25NO2,323.18852904000005,4.728599999999999,1,0,0,BTM00064,BTM00064,Aliphatic hydroxylation of carbon alpha to secondary or tertiary alkyl-N,BTMR1081,"CYP2B6
CYP2C19
CYP2D6",HUMAN,BTM00003,CC(C)(C)C#CC=CCN(C)CC1=C(C=CC2=CC=CC=C21)O,"InChI=1S/C21H25NO/c1-21(2,3)14-8-5-9-15-22(4)16-19-18-11-7-6-10-17(18)12-13-20(19)23/h5-7,9-13,23H,15-16H2,1-4H3/b9-5+",BKMLBWWVIIWEHS-WEVVVXLNSA-N,5.068299999999999,307.19361442
"InChI=1S/C21H25NO2/c1-21(2,3)12-8-5-9-13-22(4)20(24)19-15-17(23)14-16-10-6-7-11-18(16)19/h5-7,9-11,14-15,20,23-24H,13H2,1-4H3/b9-5+",TUHGCRMJOZDUBC-WEVVVXLNSA-N,CC(C)(C)C#CC=CCN(C)C(C1=CC(=CC2=CC=CC=C21)O)O,,,C21H25NO2,323.18852904000005,4.728599999999999,1,0,0,BTM00065,BTM00065,Hydroxylation of non-terminal aliphatic carbon adjacent to aromatic ring,BTMR1077,"CYP1A2
CYP2C8
CYP2C9
CYP2D6
CYP3A4",HUMAN,BTM00004,CC(C)(C)C#CC=CCN(C)CC1=CC(=CC2=CC=CC=C21)O,"InChI=1S/C21H25NO/c1-21(2,3)12-8-5-9-13-22(4)16-18-15-19(23)14-17-10-6-7-11-20(17)18/h5-7,9-11,14-15,23H,13,16H2,1-4H3/b9-5+",BCHSQXIFMHWDDZ-WEVVVXLNSA-N,5.068299999999999,307.19361442
"InChI=1S/C21H25NO2/c1-21(2,3)10-6-5-7-11-22(4)15-17-14-19(24)13-16-12-18(23)8-9-20(16)17/h5,7-9,12-14,23-24H,11,15H2,1-4H3/b7-5+",DGBDTPQAAPTSCI-FNORWQNLSA-N,CC(C)(C)C#CC=CCN(C)CC1=CC(=CC2=CC(=CC=C21)O)O,,,C21H25NO2,323.18852904,4.800899999999999,1,0,0,BTM00092,BTM00092,Aromatic hydroxylation of fused benzene ring,BTMR1030,"CYP1A2
CYP2A6
CYP2B6
CYP2C8
CYP2C9
CYP2C19
CYP2D6
CYP2E1
CYP3A4",HUMAN,BTM00004,CC(C)(C)C#CC=CCN(C)CC1=CC(=CC2=CC=CC=C21)O,"InChI=1S/C21H25NO/c1-21(2,3)12-8-5-9-13-22(4)16-18-15-19(23)14-17-10-6-7-11-20(17)18/h5-7,9-11,14-15,23H,13,16H2,1-4H3/b9-5+",BCHSQXIFMHWDDZ-WEVVVXLNSA-N,5.068299999999999,307.19361442
"InChI=1S/C21H25NO2/c1-21(2,3)10-6-5-7-11-22(4)15-17-13-19(24)12-16-8-9-18(23)14-20(16)17/h5,7-9,12-14,23-24H,11,15H2,1-4H3/b7-5+",NTFFIRMUVNAWAO-FNORWQNLSA-N,CC(C)(C)C#CC=CCN(C)CC1=CC(=CC2=CC=C(C=C21)O)O,,,C21H25NO2,323.18852904,4.800899999999999,1,0,0,BTM00093,BTM00093,Aromatic hydroxylation of fused benzene ring,BTMR1030,"CYP1A2
CYP2A6
CYP2B6
CYP2C8
CYP2C9
CYP2C19
CYP2D6
CYP2E1
CYP3A4",HUMAN,BTM00004,CC(C)(C)C#CC=CCN(C)CC1=CC(=CC2=CC=CC=C21)O,"InChI=1S/C21H25NO/c1-21(2,3)12-8-5-9-13-22(4)16-18-15-19(23)14-17-10-6-7-11-20(17)18/h5-7,9-11,14-15,23H,13,16H2,1-4H3/b9-5+",BCHSQXIFMHWDDZ-WEVVVXLNSA-N,5.068299999999999,307.19361442
"InChI=1S/C21H25NO2/c1-21(2,3)12-8-5-9-13-22(4,24)16-18-15-19(23)14-17-10-6-7-11-20(17)18/h5-7,9-11,14-15,23H,13,16H2,1-4H3/b9-5+",MPBIQBHNYARUTG-WEVVVXLNSA-N,CC(C)(C)C#CC=CC[N+](C)(CC1=CC(=CC2=CC=CC=C21)O)[O-],,,C21H25NO2,323.18852904,4.663199999999999,0,0,0,BTM00094,BTM00094,N-Oxidation of aliphatic tertiary amine,BTMR1100,"CYP1A2
CYP2D6
CYP3A4",HUMAN,BTM00004,CC(C)(C)C#CC=CCN(C)CC1=CC(=CC2=CC=CC=C21)O,"InChI=1S/C21H25NO/c1-21(2,3)12-8-5-9-13-22(4)16-18-15-19(23)14-17-10-6-7-11-20(17)18/h5-7,9-11,14-15,23H,13,16H2,1-4H3/b9-5+",BCHSQXIFMHWDDZ-WEVVVXLNSA-N,5.068299999999999,307.19361442
"InChI=1S/C21H25NO2/c1-21(2,3)10-9-19-20(24-19)14-22(4)13-16-12-17(23)11-15-7-5-6-8-18(15)16/h5-8,11-12,19-20,23H,13-14H2,1-4H3",WPVKPJPRDXSGMF-UHFFFAOYSA-N,CC(C)(C)C#CC1C(CN(C)CC2=CC(=CC3=CC=CC=C32)O)O1,,,C21H25NO2,323.18852904000005,4.345599999999999,0,0,0,BTM00095,BTM00095,Epoxidation of alkene,BTMR0109,"CYP1A2
CYP2B6
CYP2B6
CYP2C8
CYP2C9
CYP2C19
CYP2D6
CYP2E1
CYP3A4",HUMAN,BTM00004,CC(C)(C)C#CC=CCN(C)CC1=CC(=CC2=CC=CC=C21)O,"InChI=1S/C21H25NO/c1-21(2,3)12-8-5-9-13-22(4)16-18-15-19(23)14-17-10-6-7-11-20(17)18/h5-7,9-11,14-15,23H,13,16H2,1-4H3/b9-5+",BCHSQXIFMHWDDZ-WEVVVXLNSA-N,5.068299999999999,307.19361442
"InChI=1S/C21H25NO2/c1-21(2,3)11-6-5-7-12-22(4)15-17-14-18(23)13-16-9-8-10-19(24)20(16)17/h5,7-10,13-14,23-24H,12,15H2,1-4H3/b7-5+",VJFHOXWARGHDNG-FNORWQNLSA-N,CC(C)(C)C#CC=CCN(C)CC1=CC(=CC2=CC=CC(=C21)O)O,,,C21H25NO2,323.18852904000005,4.800899999999999,1,0,0,BTM00096,BTM00096,Aromatic hydroxylation of fused benzene ring,BTMR1031,"CYP1A2
CYP2B6
CYP2C8
CYP2C9
CYP2C19
CYP2D6
CYP3A4",HUMAN,BTM00004,CC(C)(C)C#CC=CCN(C)CC1=CC(=CC2=CC=CC=C21)O,"InChI=1S/C21H25NO/c1-21(2,3)12-8-5-9-13-22(4)16-18-15-19(23)14-17-10-6-7-11-20(17)18/h5-7,9-11,14-15,23H,13,16H2,1-4H3/b9-5+",BCHSQXIFMHWDDZ-WEVVVXLNSA-N,5.068299999999999,307.19361442
"InChI=1S/C21H25NO2/c1-21(2,3)11-6-5-7-12-22(4)15-16-13-17(23)14-19-18(16)9-8-10-20(19)24/h5,7-10,13-14,23-24H,12,15H2,1-4H3/b7-5+",RKYRCSFTBLPBQO-FNORWQNLSA-N,CC(C)(C)C#CC=CCN(C)CC1=CC(=CC2=C(C=CC=C21)O)O,,,C21H25NO2,323.18852904000005,4.800899999999999,1,0,0,BTM00097,BTM00097,Aromatic hydroxylation of fused benzene ring,BTMR1031,"CYP1A2
CYP2B6
CYP2C8
CYP2C9
CYP2C19
CYP2D6
CYP3A4",HUMAN,BTM00004,CC(C)(C)C#CC=CCN(C)CC1=CC(=CC2=CC=CC=C21)O,"InChI=1S/C21H25NO/c1-21(2,3)12-8-5-9-13-22(4)16-18-15-19(23)14-17-10-6-7-11-20(17)18/h5-7,9-11,14-15,23H,13,16H2,1-4H3/b9-5+",BCHSQXIFMHWDDZ-WEVVVXLNSA-N,5.068299999999999,307.19361442
"InChI=1S/C21H25NO2/c1-21(2,16-23)11-7-4-8-12-22(3)15-18-14-19(24)13-17-9-5-6-10-20(17)18/h4-6,8-10,13-14,23-24H,12,15-16H2,1-3H3/b8-4+",BTBXIODNRZMRJM-XBXARRHUSA-N,C(C(C)(C)C#CC=CCN(C)CC1=CC(=CC2=CC=CC=C21)O)O,,,C21H25NO2,323.18852904000005,3.9776,0,0,0,BTM00098,BTM00098,Hydroxylation of terminal methyl,BTMR1061,"CYP1A2
CYP2A6
CYP2B6
CYP2C8
CYP2C9
CYP2C19
CYP2D6
CYP2E1
CYP3A4",HUMAN,BTM00004,CC(C)(C)C#CC=CCN(C)CC1=CC(=CC2=CC=CC=C21)O,"InChI=1S/C21H25NO/c1-21(2,3)12-8-5-9-13-22(4)16-18-15-19(23)14-17-10-6-7-11-20(17)18/h5-7,9-11,14-15,23H,13,16H2,1-4H3/b9-5+",BCHSQXIFMHWDDZ-WEVVVXLNSA-N,5.068299999999999,307.19361442
"InChI=1S/C21H23NO2/c1-21(2,3)10-6-5-7-11-22(4)14-15-12-16(23)13-18-17(15)8-9-19-20(18)24-19/h5,7-9,12-13,23H,11,14H2,1-4H3/b7-5+",VBCTYIBGBVGBGA-FNORWQNLSA-N,CC(C)(C)C#CC=CCN(C)CC1=CC(=CC2=C3C(=CC=C21)O3)O,,,C21H23NO2,321.17287897600005,4.7985,0,0,0,BTM00099,BTM00099,Epoxidation of arene,BTMR1027,"CYP1A2
CYP2B6
CYP2C8
CYP2C9
CYP2C19
CYP2E1
CYP3A4",HUMAN,BTM00004,CC(C)(C)C#CC=CCN(C)CC1=CC(=CC2=CC=CC=C21)O,"InChI=1S/C21H25NO/c1-21(2,3)12-8-5-9-13-22(4)16-18-15-19(23)14-17-10-6-7-11-20(17)18/h5-7,9-11,14-15,23H,13,16H2,1-4H3/b9-5+",BCHSQXIFMHWDDZ-WEVVVXLNSA-N,5.068299999999999,307.19361442
"InChI=1S/C21H23NO2/c1-21(2,3)10-6-5-7-11-22(4)14-16-13-17(23)12-15-8-9-18-20(24-18)19(15)16/h5,7-9,12-13,23H,11,14H2,1-4H3/b7-5+",SNBZXYMWRNOGEM-FNORWQNLSA-N,CC(C)(C)C#CC=CCN(C)CC1=CC(=CC2=CC=C3C(=C21)O3)O,,,C21H23NO2,321.172878976,4.7985,0,0,0,BTM00100,BTM00100,Epoxidation of arene,BTMR1027,"CYP1A2
CYP2B6
CYP2C8
CYP2C9
CYP2C19
CYP2E1
CYP3A4",HUMAN,BTM00004,CC(C)(C)C#CC=CCN(C)CC1=CC(=CC2=CC=CC=C21)O,"InChI=1S/C21H25NO/c1-21(2,3)12-8-5-9-13-22(4)16-18-15-19(23)14-17-10-6-7-11-20(17)18/h5-7,9-11,14-15,23H,13,16H2,1-4H3/b9-5+",BCHSQXIFMHWDDZ-WEVVVXLNSA-N,5.068299999999999,307.19361442
"InChI=1S/C9H12O/c1-9(2,3)7-5-4-6-8-10/h4,6,8H,1-3H3/b6-4+",ITSLKJVPPOREBI-GQCTYLIASA-N,CC(C)(C)C#CC=CC=O,,,C9H12O,136.088815004,2.422,0,0,0,BTM00015,BTM00015,N-Dealkylation of acyclic tertiary amine,BTMR1142,"CYP1A2
CYP2A6
CYP2B6
CYP2C8
CYP2C9
CYP2C19
CYP2D6
CYP2E1
CYP3A4",HUMAN,BTM00004,CC(C)(C)C#CC=CCN(C)CC1=CC(=CC2=CC=CC=C21)O,"InChI=1S/C21H25NO/c1-21(2,3)12-8-5-9-13-22(4)16-18-15-19(23)14-17-10-6-7-11-20(17)18/h5-7,9-11,14-15,23H,13,16H2,1-4H3/b9-5+",BCHSQXIFMHWDDZ-WEVVVXLNSA-N,5.068299999999999,307.19361442
"InChI=1S/C12H13NO/c1-13-8-10-7-11(14)6-9-4-2-3-5-12(9)10/h2-7,13-14H,8H2,1H3",NKEUVBVFUZQWPJ-UHFFFAOYSA-N,N(C)CC1=CC(=CC2=CC=CC=C21)O,,,C12H13NO,187.099714036,2.0086999999999997,0,0,0,BTM00101,BTM00101,N-Dealkylation of acyclic tertiary amine,BTMR1142,"CYP1A2
CYP2A6
CYP2B6
CYP2C8
CYP2C9
CYP2C19
CYP2D6
CYP2E1
CYP3A4",HUMAN,BTM00004,CC(C)(C)C#CC=CCN(C)CC1=CC(=CC2=CC=CC=C21)O,"InChI=1S/C21H25NO/c1-21(2,3)12-8-5-9-13-22(4)16-18-15-19(23)14-17-10-6-7-11-20(17)18/h5-7,9-11,14-15,23H,13,16H2,1-4H3/b9-5+",BCHSQXIFMHWDDZ-WEVVVXLNSA-N,5.068299999999999,307.19361442
"InChI=1S/C10H17N/c1-10(2,3)8-6-5-7-9-11-4/h5,7,11H,9H2,1-4H3/b7-5+",XQRHBYHDDOJZTM-FNORWQNLSA-N,CC(C)(C)C#CC=CCNC,,,C10H17N,151.136099544,2.3078999999999987,0,0,0,BTM00017,BTM00017,N-Dealkylation of acyclic tertiary amine,BTMR1142,"CYP1A2
CYP2A6
CYP2B6
CYP2C8
CYP2C9
CYP2C19
CYP2D6
CYP2E1
CYP3A4",HUMAN,BTM00004,CC(C)(C)C#CC=CCN(C)CC1=CC(=CC2=CC=CC=C21)O,"InChI=1S/C21H25NO/c1-21(2,3)12-8-5-9-13-22(4)16-18-15-19(23)14-17-10-6-7-11-20(17)18/h5-7,9-11,14-15,23H,13,16H2,1-4H3/b9-5+",BCHSQXIFMHWDDZ-WEVVVXLNSA-N,5.068299999999999,307.19361442
"InChI=1S/C11H8O2/c12-7-9-6-10(13)5-8-3-1-2-4-11(8)9/h1-7,13H",PLCQXZXTFCITAJ-UHFFFAOYSA-N,C(C1=CC(=CC2=CC=CC=C21)O)=O,,,C11H8O2,172.052429496,2.2303999999999995,0,0,0,BTM00102,BTM00102,N-Dealkylation of acyclic tertiary amine,BTMR1142,"CYP1A2
CYP2A6
CYP2B6
CYP2C8
CYP2C9
CYP2C19
CYP2D6
CYP2E1
CYP3A4",HUMAN,BTM00004,CC(C)(C)C#CC=CCN(C)CC1=CC(=CC2=CC=CC=C21)O,"InChI=1S/C21H25NO/c1-21(2,3)12-8-5-9-13-22(4)16-18-15-19(23)14-17-10-6-7-11-20(17)18/h5-7,9-11,14-15,23H,13,16H2,1-4H3/b9-5+",BCHSQXIFMHWDDZ-WEVVVXLNSA-N,5.068299999999999,307.19361442
"InChI=1S/C20H23NO/c1-20(2,3)11-7-4-8-12-21-15-17-14-18(22)13-16-9-5-6-10-19(16)17/h4-6,8-10,13-14,21-22H,12,15H2,1-3H3/b8-4+",XMHSNTUSSCQKAO-XBXARRHUSA-N,CC(C)(C)C#CC=CCNCC1=CC(=CC2=CC=CC=C21)O,,,C20H23NO,293.177964356,4.532399999999997,1,0,0,BTM00103,BTM00103,N-Dealkylation of acyclic tertiary amine,BTMR1142,"CYP1A2
CYP2A6
CYP2B6
CYP2C8
CYP2C9
CYP2C19
CYP2D6
CYP2E1
CYP3A4",HUMAN,BTM00004,CC(C)(C)C#CC=CCN(C)CC1=CC(=CC2=CC=CC=C21)O,"InChI=1S/C21H25NO/c1-21(2,3)12-8-5-9-13-22(4)16-18-15-19(23)14-17-10-6-7-11-20(17)18/h5-7,9-11,14-15,23H,13,16H2,1-4H3/b9-5+",BCHSQXIFMHWDDZ-WEVVVXLNSA-N,5.068299999999999,307.19361442
"InChI=1S/C21H25NO2/c1-21(2,3)12-8-7-11-20(24)22(4)15-17-14-18(23)13-16-9-5-6-10-19(16)17/h5-7,9-11,13-14,20,23-24H,15H2,1-4H3/b11-7+",KZQPRXJBOGVPLF-YRNVUSSQSA-N,CC(C)(C)C#CC=CC(N(C)CC1=CC(=CC2=CC=CC=C21)O)O,,,C21H25NO2,323.18852904,4.728599999999999,1,0,0,BTM00104,BTM00104,Aliphatic hydroxylation of carbon alpha to secondary or tertiary alkyl-N,BTMR1081,"CYP2B6
CYP2C19
CYP2D6",HUMAN,BTM00004,CC(C)(C)C#CC=CCN(C)CC1=CC(=CC2=CC=CC=C21)O,"InChI=1S/C21H25NO/c1-21(2,3)12-8-5-9-13-22(4)16-18-15-19(23)14-17-10-6-7-11-20(17)18/h5-7,9-11,14-15,23H,13,16H2,1-4H3/b9-5+",BCHSQXIFMHWDDZ-WEVVVXLNSA-N,5.068299999999999,307.19361442
"InChI=1S/C21H25NO2/c1-21(2,3)12-8-5-9-13-22(4)20(24)19-15-17(23)14-16-10-6-7-11-18(16)19/h5-7,9-11,14-15,20,23-24H,13H2,1-4H3/b9-5+",TUHGCRMJOZDUBC-WEVVVXLNSA-N,CC(C)(C)C#CC=CCN(C)C(C1=CC(=CC2=CC=CC=C21)O)O,,,C21H25NO2,323.18852904000005,4.728599999999999,1,0,0,BTM00065,BTM00065,Aliphatic hydroxylation of carbon alpha to secondary or tertiary alkyl-N,BTMR1081,"CYP2B6
CYP2C19
CYP2D6",HUMAN,BTM00004,CC(C)(C)C#CC=CCN(C)CC1=CC(=CC2=CC=CC=C21)O,"InChI=1S/C21H25NO/c1-21(2,3)12-8-5-9-13-22(4)16-18-15-19(23)14-17-10-6-7-11-20(17)18/h5-7,9-11,14-15,23H,13,16H2,1-4H3/b9-5+",BCHSQXIFMHWDDZ-WEVVVXLNSA-N,5.068299999999999,307.19361442
"InChI=1S/C21H25NO2/c1-21(2,3)13-6-5-7-14-22(4)20(24)19-10-8-9-16-15-17(23)11-12-18(16)19/h5,7-12,15,20,23-24H,14H2,1-4H3/b7-5+",RFAKWELMJNZNGU-FNORWQNLSA-N,CC(C)(C)C#CC=CCN(C)C(C1=CC=CC2=CC(=CC=C21)O)O,,,C21H25NO2,323.18852904000005,4.728599999999999,1,0,0,BTM00066,BTM00066,Hydroxylation of non-terminal aliphatic carbon adjacent to aromatic ring,BTMR1077,"CYP1A2
CYP2C8
CYP2C9
CYP2D6
CYP3A4",HUMAN,BTM00005,CC(C)(C)C#CC=CCN(C)CC1=CC=CC2=CC(=CC=C21)O,"InChI=1S/C21H25NO/c1-21(2,3)13-6-5-7-14-22(4)16-18-10-8-9-17-15-19(23)11-12-20(17)18/h5,7-12,15,23H,14,16H2,1-4H3/b7-5+",KOCJEVNTMQWZDA-FNORWQNLSA-N,5.068299999999999,307.19361442
"InChI=1S/C21H25NO2/c1-21(2,3)12-6-5-7-13-22(4)15-19-18-10-9-17(23)14-16(18)8-11-20(19)24/h5,7-11,14,23-24H,13,15H2,1-4H3/b7-5+",RZNHIQFOOVBHEV-FNORWQNLSA-N,CC(C)(C)C#CC=CCN(C)CC1=C(C=CC2=CC(=CC=C21)O)O,,,C21H25NO2,323.18852904000005,4.800899999999999,1,0,0,BTM00079,BTM00079,Aromatic hydroxylation of fused benzene ring,BTMR1030,"CYP1A2
CYP2A6
CYP2B6
CYP2C8
CYP2C9
CYP2C19
CYP2D6
CYP2E1
CYP3A4",HUMAN,BTM00005,CC(C)(C)C#CC=CCN(C)CC1=CC=CC2=CC(=CC=C21)O,"InChI=1S/C21H25NO/c1-21(2,3)13-6-5-7-14-22(4)16-18-10-8-9-17-15-19(23)11-12-20(17)18/h5,7-12,15,23H,14,16H2,1-4H3/b7-5+",KOCJEVNTMQWZDA-FNORWQNLSA-N,5.068299999999999,307.19361442
"InChI=1S/C21H25NO2/c1-21(2,3)10-6-5-7-11-22(4)15-17-14-19(24)13-16-12-18(23)8-9-20(16)17/h5,7-9,12-14,23-24H,11,15H2,1-4H3/b7-5+",DGBDTPQAAPTSCI-FNORWQNLSA-N,CC(C)(C)C#CC=CCN(C)CC1=CC(=CC2=CC(=CC=C21)O)O,,,C21H25NO2,323.18852904,4.800899999999999,1,0,0,BTM00092,BTM00092,Aromatic hydroxylation of fused benzene ring,BTMR1030,"CYP1A2
CYP2A6
CYP2B6
CYP2C8
CYP2C9
CYP2C19
CYP2D6
CYP2E1
CYP3A4",HUMAN,BTM00005,CC(C)(C)C#CC=CCN(C)CC1=CC=CC2=CC(=CC=C21)O,"InChI=1S/C21H25NO/c1-21(2,3)13-6-5-7-14-22(4)16-18-10-8-9-17-15-19(23)11-12-20(17)18/h5,7-12,15,23H,14,16H2,1-4H3/b7-5+",KOCJEVNTMQWZDA-FNORWQNLSA-N,5.068299999999999,307.19361442
"InChI=1S/C21H25NO2/c1-21(2,3)11-6-5-7-12-22(4)15-17-10-8-9-16-13-19(23)20(24)14-18(16)17/h5,7-10,13-14,23-24H,12,15H2,1-4H3/b7-5+",OBRCFHYTOBYEFV-FNORWQNLSA-N,CC(C)(C)C#CC=CCN(C)CC1=CC=CC2=CC(=C(C=C21)O)O,,,C21H25NO2,323.18852904000005,4.800899999999999,1,0,0,BTM00105,BTM00105,Aromatic hydroxylation of fused benzene ring,BTMR1030,"CYP1A2
CYP2A6
CYP2B6
CYP2C8
CYP2C9
CYP2C19
CYP2D6
CYP2E1
CYP3A4",HUMAN,BTM00005,CC(C)(C)C#CC=CCN(C)CC1=CC=CC2=CC(=CC=C21)O,"InChI=1S/C21H25NO/c1-21(2,3)13-6-5-7-14-22(4)16-18-10-8-9-17-15-19(23)11-12-20(17)18/h5,7-12,15,23H,14,16H2,1-4H3/b7-5+",KOCJEVNTMQWZDA-FNORWQNLSA-N,5.068299999999999,307.19361442
"InChI=1S/C21H25NO2/c1-21(2,3)13-6-5-7-14-22(4,24)16-18-10-8-9-17-15-19(23)11-12-20(17)18/h5,7-12,15,23H,14,16H2,1-4H3/b7-5+",KLMIICHRVDFIJC-FNORWQNLSA-N,CC(C)(C)C#CC=CC[N+](C)(CC1=CC=CC2=CC(=CC=C21)O)[O-],,,C21H25NO2,323.18852904,4.663199999999999,0,0,0,BTM00106,BTM00106,N-Oxidation of aliphatic tertiary amine,BTMR1100,"CYP1A2
CYP2D6
CYP3A4",HUMAN,BTM00005,CC(C)(C)C#CC=CCN(C)CC1=CC=CC2=CC(=CC=C21)O,"InChI=1S/C21H25NO/c1-21(2,3)13-6-5-7-14-22(4)16-18-10-8-9-17-15-19(23)11-12-20(17)18/h5,7-12,15,23H,14,16H2,1-4H3/b7-5+",KOCJEVNTMQWZDA-FNORWQNLSA-N,5.068299999999999,307.19361442
"InChI=1S/C21H25NO2/c1-21(2,3)11-10-19-20(24-19)14-22(4)13-16-7-5-6-15-12-17(23)8-9-18(15)16/h5-9,12,19-20,23H,13-14H2,1-4H3",YHYYPSBPPHJUCG-UHFFFAOYSA-N,CC(C)(C)C#CC1C(CN(C)CC2=CC=CC3=CC(=CC=C32)O)O1,,,C21H25NO2,323.18852904,4.345599999999999,0,0,0,BTM00107,BTM00107,Epoxidation of alkene,BTMR0109,"CYP1A2
CYP2B6
CYP2B6
CYP2C8
CYP2C9
CYP2C19
CYP2D6
CYP2E1
CYP3A4",HUMAN,BTM00005,CC(C)(C)C#CC=CCN(C)CC1=CC=CC2=CC(=CC=C21)O,"InChI=1S/C21H25NO/c1-21(2,3)13-6-5-7-14-22(4)16-18-10-8-9-17-15-19(23)11-12-20(17)18/h5,7-12,15,23H,14,16H2,1-4H3/b7-5+",KOCJEVNTMQWZDA-FNORWQNLSA-N,5.068299999999999,307.19361442
"InChI=1S/C21H25NO2/c1-21(2,3)11-6-5-7-12-22(4)15-17-10-8-9-16-13-18(23)14-19(24)20(16)17/h5,7-10,13-14,23-24H,12,15H2,1-4H3/b7-5+",BUQHFHXSKOUQOP-FNORWQNLSA-N,CC(C)(C)C#CC=CCN(C)CC1=CC=CC2=CC(=CC(=C21)O)O,,,C21H25NO2,323.18852904,4.800899999999999,1,0,0,BTM00108,BTM00108,Aromatic hydroxylation of fused benzene ring,BTMR1031,"CYP1A2
CYP2B6
CYP2C8
CYP2C9
CYP2C19
CYP2D6
CYP3A4",HUMAN,BTM00005,CC(C)(C)C#CC=CCN(C)CC1=CC=CC2=CC(=CC=C21)O,"InChI=1S/C21H25NO/c1-21(2,3)13-6-5-7-14-22(4)16-18-10-8-9-17-15-19(23)11-12-20(17)18/h5,7-12,15,23H,14,16H2,1-4H3/b7-5+",KOCJEVNTMQWZDA-FNORWQNLSA-N,5.068299999999999,307.19361442
"InChI=1S/C21H25NO2/c1-21(2,16-23)12-5-4-6-13-22(3)15-18-9-7-8-17-14-19(24)10-11-20(17)18/h4,6-11,14,23-24H,13,15-16H2,1-3H3/b6-4+",WAYXHUREXOFKBT-GQCTYLIASA-N,C(C(C)(C)C#CC=CCN(C)CC1=CC=CC2=CC(=CC=C21)O)O,,,C21H25NO2,323.18852904,3.9776,0,0,0,BTM00109,BTM00109,Hydroxylation of terminal methyl,BTMR1061,"CYP1A2
CYP2A6
CYP2B6
CYP2C8
CYP2C9
CYP2C19
CYP2D6
CYP2E1
CYP3A4",HUMAN,BTM00005,CC(C)(C)C#CC=CCN(C)CC1=CC=CC2=CC(=CC=C21)O,"InChI=1S/C21H25NO/c1-21(2,3)13-6-5-7-14-22(4)16-18-10-8-9-17-15-19(23)11-12-20(17)18/h5,7-12,15,23H,14,16H2,1-4H3/b7-5+",KOCJEVNTMQWZDA-FNORWQNLSA-N,5.068299999999999,307.19361442
"InChI=1S/C21H25NO2/c1-21(2,3)10-6-5-7-11-22(4)14-15-12-19-20(24-19)18-13-16(23)8-9-17(15)18/h5,7-9,12-13,19-20,23H,11,14H2,1-4H3/b7-5+",OOTNCPYIMQJSJE-FNORWQNLSA-N,CC(C)(C)C#CC=CCN(C)CC1=CC2C(C3=CC(=CC=C31)O)O2,,,C21H25NO2,323.18852904,4.021399999999998,0,0,0,BTM00110,BTM00110,Epoxidation of arene,BTMR1027,"CYP1A2
CYP2B6
CYP2C8
CYP2C9
CYP2C19
CYP2E1
CYP3A4",HUMAN,BTM00005,CC(C)(C)C#CC=CCN(C)CC1=CC=CC2=CC(=CC=C21)O,"InChI=1S/C21H25NO/c1-21(2,3)13-6-5-7-14-22(4)16-18-10-8-9-17-15-19(23)11-12-20(17)18/h5,7-12,15,23H,14,16H2,1-4H3/b7-5+",KOCJEVNTMQWZDA-FNORWQNLSA-N,5.068299999999999,307.19361442
"InChI=1S/C9H12O/c1-9(2,3)7-5-4-6-8-10/h4,6,8H,1-3H3/b6-4+",ITSLKJVPPOREBI-GQCTYLIASA-N,CC(C)(C)C#CC=CC=O,,,C9H12O,136.088815004,2.422,0,0,0,BTM00015,BTM00015,N-Dealkylation of acyclic tertiary amine,BTMR1142,"CYP1A2
CYP2A6
CYP2B6
CYP2C8
CYP2C9
CYP2C19
CYP2D6
CYP2E1
CYP3A4",HUMAN,BTM00005,CC(C)(C)C#CC=CCN(C)CC1=CC=CC2=CC(=CC=C21)O,"InChI=1S/C21H25NO/c1-21(2,3)13-6-5-7-14-22(4)16-18-10-8-9-17-15-19(23)11-12-20(17)18/h5,7-12,15,23H,14,16H2,1-4H3/b7-5+",KOCJEVNTMQWZDA-FNORWQNLSA-N,5.068299999999999,307.19361442
"InChI=1S/C12H13NO/c1-13-8-10-4-2-3-9-7-11(14)5-6-12(9)10/h2-7,13-14H,8H2,1H3",YHIRDHVIPBLWON-UHFFFAOYSA-N,N(C)CC1=CC=CC2=CC(=CC=C21)O,,,C12H13NO,187.099714036,2.0086999999999997,0,0,0,BTM00111,BTM00111,N-Dealkylation of acyclic tertiary amine,BTMR1142,"CYP1A2
CYP2A6
CYP2B6
CYP2C8
CYP2C9
CYP2C19
CYP2D6
CYP2E1
CYP3A4",HUMAN,BTM00005,CC(C)(C)C#CC=CCN(C)CC1=CC=CC2=CC(=CC=C21)O,"InChI=1S/C21H25NO/c1-21(2,3)13-6-5-7-14-22(4)16-18-10-8-9-17-15-19(23)11-12-20(17)18/h5,7-12,15,23H,14,16H2,1-4H3/b7-5+",KOCJEVNTMQWZDA-FNORWQNLSA-N,5.068299999999999,307.19361442
"InChI=1S/C10H17N/c1-10(2,3)8-6-5-7-9-11-4/h5,7,11H,9H2,1-4H3/b7-5+",XQRHBYHDDOJZTM-FNORWQNLSA-N,CC(C)(C)C#CC=CCNC,,,C10H17N,151.136099544,2.3078999999999987,0,0,0,BTM00017,BTM00017,N-Dealkylation of acyclic tertiary amine,BTMR1142,"CYP1A2
CYP2A6
CYP2B6
CYP2C8
CYP2C9
CYP2C19
CYP2D6
CYP2E1
CYP3A4",HUMAN,BTM00005,CC(C)(C)C#CC=CCN(C)CC1=CC=CC2=CC(=CC=C21)O,"InChI=1S/C21H25NO/c1-21(2,3)13-6-5-7-14-22(4)16-18-10-8-9-17-15-19(23)11-12-20(17)18/h5,7-12,15,23H,14,16H2,1-4H3/b7-5+",KOCJEVNTMQWZDA-FNORWQNLSA-N,5.068299999999999,307.19361442
"InChI=1S/C11H8O2/c12-7-9-3-1-2-8-6-10(13)4-5-11(8)9/h1-7,13H",BJUBNSLNAGEBDW-UHFFFAOYSA-N,C(C1=CC=CC2=CC(=CC=C21)O)=O,,,C11H8O2,172.052429496,2.2303999999999995,0,0,0,BTM00112,BTM00112,N-Dealkylation of acyclic tertiary amine,BTMR1142,"CYP1A2
CYP2A6
CYP2B6
CYP2C8
CYP2C9
CYP2C19
CYP2D6
CYP2E1
CYP3A4",HUMAN,BTM00005,CC(C)(C)C#CC=CCN(C)CC1=CC=CC2=CC(=CC=C21)O,"InChI=1S/C21H25NO/c1-21(2,3)13-6-5-7-14-22(4)16-18-10-8-9-17-15-19(23)11-12-20(17)18/h5,7-12,15,23H,14,16H2,1-4H3/b7-5+",KOCJEVNTMQWZDA-FNORWQNLSA-N,5.068299999999999,307.19361442
"InChI=1S/C20H23NO/c1-20(2,3)12-5-4-6-13-21-15-17-9-7-8-16-14-18(22)10-11-19(16)17/h4,6-11,14,21-22H,13,15H2,1-3H3/b6-4+",IGXXUWHTENPHSD-GQCTYLIASA-N,CC(C)(C)C#CC=CCNCC1=CC=CC2=CC(=CC=C21)O,,,C20H23NO,293.17796435599996,4.532399999999997,1,0,0,BTM00113,BTM00113,N-Dealkylation of acyclic tertiary amine,BTMR1142,"CYP1A2
CYP2A6
CYP2B6
CYP2C8
CYP2C9
CYP2C19
CYP2D6
CYP2E1
CYP3A4",HUMAN,BTM00005,CC(C)(C)C#CC=CCN(C)CC1=CC=CC2=CC(=CC=C21)O,"InChI=1S/C21H25NO/c1-21(2,3)13-6-5-7-14-22(4)16-18-10-8-9-17-15-19(23)11-12-20(17)18/h5,7-12,15,23H,14,16H2,1-4H3/b7-5+",KOCJEVNTMQWZDA-FNORWQNLSA-N,5.068299999999999,307.19361442
"InChI=1S/C21H25NO2/c1-21(2,3)13-6-5-10-20(24)22(4)15-17-9-7-8-16-14-18(23)11-12-19(16)17/h5,7-12,14,20,23-24H,15H2,1-4H3/b10-5+",FSYXYZHHQNQGRC-BJMVGYQFSA-N,CC(C)(C)C#CC=CC(N(C)CC1=CC=CC2=CC(=CC=C21)O)O,,,C21H25NO2,323.18852904000005,4.728599999999999,1,0,0,BTM00114,BTM00114,Aliphatic hydroxylation of carbon alpha to secondary or tertiary alkyl-N,BTMR1081,"CYP2B6
CYP2C19
CYP2D6",HUMAN,BTM00005,CC(C)(C)C#CC=CCN(C)CC1=CC=CC2=CC(=CC=C21)O,"InChI=1S/C21H25NO/c1-21(2,3)13-6-5-7-14-22(4)16-18-10-8-9-17-15-19(23)11-12-20(17)18/h5,7-12,15,23H,14,16H2,1-4H3/b7-5+",KOCJEVNTMQWZDA-FNORWQNLSA-N,5.068299999999999,307.19361442
"InChI=1S/C21H25NO2/c1-21(2,3)13-6-5-7-14-22(4)20(24)19-10-8-9-16-15-17(23)11-12-18(16)19/h5,7-12,15,20,23-24H,14H2,1-4H3/b7-5+",RFAKWELMJNZNGU-FNORWQNLSA-N,CC(C)(C)C#CC=CCN(C)C(C1=CC=CC2=CC(=CC=C21)O)O,,,C21H25NO2,323.18852904000005,4.728599999999999,1,0,0,BTM00066,BTM00066,Aliphatic hydroxylation of carbon alpha to secondary or tertiary alkyl-N,BTMR1081,"CYP2B6
CYP2C19
CYP2D6",HUMAN,BTM00005,CC(C)(C)C#CC=CCN(C)CC1=CC=CC2=CC(=CC=C21)O,"InChI=1S/C21H25NO/c1-21(2,3)13-6-5-7-14-22(4)16-18-10-8-9-17-15-19(23)11-12-20(17)18/h5,7-12,15,23H,14,16H2,1-4H3/b7-5+",KOCJEVNTMQWZDA-FNORWQNLSA-N,5.068299999999999,307.19361442
"InChI=1S/C21H25NO2/c1-21(2,3)13-6-5-7-14-22(4)20(24)18-10-8-9-16-11-12-17(23)15-19(16)18/h5,7-12,15,20,23-24H,14H2,1-4H3/b7-5+",MIEAGOLKGNLSGB-FNORWQNLSA-N,CC(C)(C)C#CC=CCN(C)C(C1=CC=CC2=CC=C(C=C21)O)O,,,C21H25NO2,323.18852904000005,4.728599999999999,1,0,0,BTM00067,BTM00067,Hydroxylation of non-terminal aliphatic carbon adjacent to aromatic ring,BTMR1077,"CYP1A2
CYP2C8
CYP2C9
CYP2D6
CYP3A4",HUMAN,BTM00006,CC(C)(C)C#CC=CCN(C)CC1=CC=CC2=CC=C(C=C21)O,"InChI=1S/C21H25NO/c1-21(2,3)13-6-5-7-14-22(4)16-18-10-8-9-17-11-12-19(23)15-20(17)18/h5,7-12,15,23H,14,16H2,1-4H3/b7-5+",UOBSRJGOCPKUMW-FNORWQNLSA-N,5.068299999999999,307.19361442
"InChI=1S/C21H25NO2/c1-21(2,3)12-6-5-7-13-22(4)15-19-18-14-17(23)10-8-16(18)9-11-20(19)24/h5,7-11,14,23-24H,13,15H2,1-4H3/b7-5+",IUHMVGSOVJHQTA-FNORWQNLSA-N,CC(C)(C)C#CC=CCN(C)CC1=C(C=CC2=CC=C(C=C21)O)O,,,C21H25NO2,323.18852904,4.800899999999999,1,0,0,BTM00080,BTM00080,Aromatic hydroxylation of fused benzene ring,BTMR1030,"CYP1A2
CYP2A6
CYP2B6
CYP2C8
CYP2C9
CYP2C19
CYP2D6
CYP2E1
CYP3A4",HUMAN,BTM00006,CC(C)(C)C#CC=CCN(C)CC1=CC=CC2=CC=C(C=C21)O,"InChI=1S/C21H25NO/c1-21(2,3)13-6-5-7-14-22(4)16-18-10-8-9-17-11-12-19(23)15-20(17)18/h5,7-12,15,23H,14,16H2,1-4H3/b7-5+",UOBSRJGOCPKUMW-FNORWQNLSA-N,5.068299999999999,307.19361442
"InChI=1S/C21H25NO2/c1-21(2,3)10-6-5-7-11-22(4)15-17-13-19(24)12-16-8-9-18(23)14-20(16)17/h5,7-9,12-14,23-24H,11,15H2,1-4H3/b7-5+",NTFFIRMUVNAWAO-FNORWQNLSA-N,CC(C)(C)C#CC=CCN(C)CC1=CC(=CC2=CC=C(C=C21)O)O,,,C21H25NO2,323.18852904,4.800899999999999,1,0,0,BTM00093,BTM00093,Aromatic hydroxylation of fused benzene ring,BTMR1030,"CYP1A2
CYP2A6
CYP2B6
CYP2C8
CYP2C9
CYP2C19
CYP2D6
CYP2E1
CYP3A4",HUMAN,BTM00006,CC(C)(C)C#CC=CCN(C)CC1=CC=CC2=CC=C(C=C21)O,"InChI=1S/C21H25NO/c1-21(2,3)13-6-5-7-14-22(4)16-18-10-8-9-17-11-12-19(23)15-20(17)18/h5,7-12,15,23H,14,16H2,1-4H3/b7-5+",UOBSRJGOCPKUMW-FNORWQNLSA-N,5.068299999999999,307.19361442
"InChI=1S/C21H25NO2/c1-21(2,3)11-6-5-7-12-22(4)15-17-10-8-9-16-13-19(23)20(24)14-18(16)17/h5,7-10,13-14,23-24H,12,15H2,1-4H3/b7-5+",OBRCFHYTOBYEFV-FNORWQNLSA-N,CC(C)(C)C#CC=CCN(C)CC1=CC=CC2=CC(=C(C=C21)O)O,,,C21H25NO2,323.18852904000005,4.800899999999999,1,0,0,BTM00105,BTM00105,Aromatic hydroxylation of fused benzene ring,BTMR1030,"CYP1A2
CYP2A6
CYP2B6
CYP2C8
CYP2C9
CYP2C19
CYP2D6
CYP2E1
CYP3A4",HUMAN,BTM00006,CC(C)(C)C#CC=CCN(C)CC1=CC=CC2=CC=C(C=C21)O,"InChI=1S/C21H25NO/c1-21(2,3)13-6-5-7-14-22(4)16-18-10-8-9-17-11-12-19(23)15-20(17)18/h5,7-12,15,23H,14,16H2,1-4H3/b7-5+",UOBSRJGOCPKUMW-FNORWQNLSA-N,5.068299999999999,307.19361442
"InChI=1S/C21H25NO2/c1-21(2,3)13-6-5-7-14-22(4,24)16-18-10-8-9-17-11-12-19(23)15-20(17)18/h5,7-12,15,23H,14,16H2,1-4H3/b7-5+",ZUDYANFXCABGBT-FNORWQNLSA-N,CC(C)(C)C#CC=CC[N+](C)(CC1=CC=CC2=CC=C(C=C21)O)[O-],,,C21H25NO2,323.18852904,4.663199999999999,0,0,0,BTM00115,BTM00115,N-Oxidation of aliphatic tertiary amine,BTMR1100,"CYP1A2
CYP2D6
CYP3A4",HUMAN,BTM00006,CC(C)(C)C#CC=CCN(C)CC1=CC=CC2=CC=C(C=C21)O,"InChI=1S/C21H25NO/c1-21(2,3)13-6-5-7-14-22(4)16-18-10-8-9-17-11-12-19(23)15-20(17)18/h5,7-12,15,23H,14,16H2,1-4H3/b7-5+",UOBSRJGOCPKUMW-FNORWQNLSA-N,5.068299999999999,307.19361442
"InChI=1S/C21H25NO2/c1-21(2,3)11-10-19-20(24-19)14-22(4)13-16-7-5-6-15-8-9-17(23)12-18(15)16/h5-9,12,19-20,23H,13-14H2,1-4H3",CMSCSLVSDUQLRU-UHFFFAOYSA-N,CC(C)(C)C#CC1C(CN(C)CC2=CC=CC3=CC=C(C=C32)O)O1,,,C21H25NO2,323.18852904000005,4.345599999999999,0,0,0,BTM00116,BTM00116,Epoxidation of alkene,BTMR0109,"CYP1A2
CYP2B6
CYP2B6
CYP2C8
CYP2C9
CYP2C19
CYP2D6
CYP2E1
CYP3A4",HUMAN,BTM00006,CC(C)(C)C#CC=CCN(C)CC1=CC=CC2=CC=C(C=C21)O,"InChI=1S/C21H25NO/c1-21(2,3)13-6-5-7-14-22(4)16-18-10-8-9-17-11-12-19(23)15-20(17)18/h5,7-12,15,23H,14,16H2,1-4H3/b7-5+",UOBSRJGOCPKUMW-FNORWQNLSA-N,5.068299999999999,307.19361442
"InChI=1S/C21H25NO2/c1-21(2,3)11-6-5-7-12-22(4)15-16-9-8-10-18-19(16)13-17(23)14-20(18)24/h5,7-10,13-14,23-24H,12,15H2,1-4H3/b7-5+",JWXYNYWDCQVYSF-FNORWQNLSA-N,CC(C)(C)C#CC=CCN(C)CC1=CC=CC2=C(C=C(C=C21)O)O,,,C21H25NO2,323.18852904000005,4.800899999999999,1,0,0,BTM00117,BTM00117,Aromatic hydroxylation of fused benzene ring,BTMR1031,"CYP1A2
CYP2B6
CYP2C8
CYP2C9
CYP2C19
CYP2D6
CYP3A4",HUMAN,BTM00006,CC(C)(C)C#CC=CCN(C)CC1=CC=CC2=CC=C(C=C21)O,"InChI=1S/C21H25NO/c1-21(2,3)13-6-5-7-14-22(4)16-18-10-8-9-17-11-12-19(23)15-20(17)18/h5,7-12,15,23H,14,16H2,1-4H3/b7-5+",UOBSRJGOCPKUMW-FNORWQNLSA-N,5.068299999999999,307.19361442
"InChI=1S/C21H25NO2/c1-21(2,16-23)12-5-4-6-13-22(3)15-18-9-7-8-17-10-11-19(24)14-20(17)18/h4,6-11,14,23-24H,13,15-16H2,1-3H3/b6-4+",XSMPZZQDYJSTPC-GQCTYLIASA-N,C(C(C)(C)C#CC=CCN(C)CC1=CC=CC2=CC=C(C=C21)O)O,,,C21H25NO2,323.18852904,3.9776,0,0,0,BTM00118,BTM00118,Hydroxylation of terminal methyl,BTMR1061,"CYP1A2
CYP2A6
CYP2B6
CYP2C8
CYP2C9
CYP2C19
CYP2D6
CYP2E1
CYP3A4",HUMAN,BTM00006,CC(C)(C)C#CC=CCN(C)CC1=CC=CC2=CC=C(C=C21)O,"InChI=1S/C21H25NO/c1-21(2,3)13-6-5-7-14-22(4)16-18-10-8-9-17-11-12-19(23)15-20(17)18/h5,7-12,15,23H,14,16H2,1-4H3/b7-5+",UOBSRJGOCPKUMW-FNORWQNLSA-N,5.068299999999999,307.19361442
"InChI=1S/C21H25NO2/c1-21(2,3)10-6-5-7-11-22(4)14-15-12-19-20(24-19)17-9-8-16(23)13-18(15)17/h5,7-9,12-13,19-20,23H,11,14H2,1-4H3/b7-5+",IFFBNLVAWSARNR-FNORWQNLSA-N,CC(C)(C)C#CC=CCN(C)CC1=CC2C(C3=CC=C(C=C31)O)O2,,,C21H25NO2,323.18852904,4.021399999999998,0,0,0,BTM00119,BTM00119,Epoxidation of arene,BTMR1027,"CYP1A2
CYP2B6
CYP2C8
CYP2C9
CYP2C19
CYP2E1
CYP3A4",HUMAN,BTM00006,CC(C)(C)C#CC=CCN(C)CC1=CC=CC2=CC=C(C=C21)O,"InChI=1S/C21H25NO/c1-21(2,3)13-6-5-7-14-22(4)16-18-10-8-9-17-11-12-19(23)15-20(17)18/h5,7-12,15,23H,14,16H2,1-4H3/b7-5+",UOBSRJGOCPKUMW-FNORWQNLSA-N,5.068299999999999,307.19361442
"InChI=1S/C9H12O/c1-9(2,3)7-5-4-6-8-10/h4,6,8H,1-3H3/b6-4+",ITSLKJVPPOREBI-GQCTYLIASA-N,CC(C)(C)C#CC=CC=O,,,C9H12O,136.088815004,2.422,0,0,0,BTM00015,BTM00015,N-Dealkylation of acyclic tertiary amine,BTMR1142,"CYP1A2
CYP2A6
CYP2B6
CYP2C8
CYP2C9
CYP2C19
CYP2D6
CYP2E1
CYP3A4",HUMAN,BTM00006,CC(C)(C)C#CC=CCN(C)CC1=CC=CC2=CC=C(C=C21)O,"InChI=1S/C21H25NO/c1-21(2,3)13-6-5-7-14-22(4)16-18-10-8-9-17-11-12-19(23)15-20(17)18/h5,7-12,15,23H,14,16H2,1-4H3/b7-5+",UOBSRJGOCPKUMW-FNORWQNLSA-N,5.068299999999999,307.19361442
"InChI=1S/C12H13NO/c1-13-8-10-4-2-3-9-5-6-11(14)7-12(9)10/h2-7,13-14H,8H2,1H3",XPJJXKXMQAZLLT-UHFFFAOYSA-N,N(C)CC1=CC=CC2=CC=C(C=C21)O,,,C12H13NO,187.099714036,2.0086999999999997,0,0,0,BTM00120,BTM00120,N-Dealkylation of acyclic tertiary amine,BTMR1142,"CYP1A2
CYP2A6
CYP2B6
CYP2C8
CYP2C9
CYP2C19
CYP2D6
CYP2E1
CYP3A4",HUMAN,BTM00006,CC(C)(C)C#CC=CCN(C)CC1=CC=CC2=CC=C(C=C21)O,"InChI=1S/C21H25NO/c1-21(2,3)13-6-5-7-14-22(4)16-18-10-8-9-17-11-12-19(23)15-20(17)18/h5,7-12,15,23H,14,16H2,1-4H3/b7-5+",UOBSRJGOCPKUMW-FNORWQNLSA-N,5.068299999999999,307.19361442
"InChI=1S/C10H17N/c1-10(2,3)8-6-5-7-9-11-4/h5,7,11H,9H2,1-4H3/b7-5+",XQRHBYHDDOJZTM-FNORWQNLSA-N,CC(C)(C)C#CC=CCNC,,,C10H17N,151.136099544,2.3078999999999987,0,0,0,BTM00017,BTM00017,N-Dealkylation of acyclic tertiary amine,BTMR1142,"CYP1A2
CYP2A6
CYP2B6
CYP2C8
CYP2C9
CYP2C19
CYP2D6
CYP2E1
CYP3A4",HUMAN,BTM00006,CC(C)(C)C#CC=CCN(C)CC1=CC=CC2=CC=C(C=C21)O,"InChI=1S/C21H25NO/c1-21(2,3)13-6-5-7-14-22(4)16-18-10-8-9-17-11-12-19(23)15-20(17)18/h5,7-12,15,23H,14,16H2,1-4H3/b7-5+",UOBSRJGOCPKUMW-FNORWQNLSA-N,5.068299999999999,307.19361442
"InChI=1S/C11H8O2/c12-7-9-3-1-2-8-4-5-10(13)6-11(8)9/h1-7,13H",PYWINMBZRYZEBE-UHFFFAOYSA-N,C(C1=CC=CC2=CC=C(C=C21)O)=O,,,C11H8O2,172.052429496,2.2303999999999995,0,0,0,BTM00121,BTM00121,N-Dealkylation of acyclic tertiary amine,BTMR1142,"CYP1A2
CYP2A6
CYP2B6
CYP2C8
CYP2C9
CYP2C19
CYP2D6
CYP2E1
CYP3A4",HUMAN,BTM00006,CC(C)(C)C#CC=CCN(C)CC1=CC=CC2=CC=C(C=C21)O,"InChI=1S/C21H25NO/c1-21(2,3)13-6-5-7-14-22(4)16-18-10-8-9-17-11-12-19(23)15-20(17)18/h5,7-12,15,23H,14,16H2,1-4H3/b7-5+",UOBSRJGOCPKUMW-FNORWQNLSA-N,5.068299999999999,307.19361442
"InChI=1S/C20H23NO/c1-20(2,3)12-5-4-6-13-21-15-17-9-7-8-16-10-11-18(22)14-19(16)17/h4,6-11,14,21-22H,13,15H2,1-3H3/b6-4+",TZURJNZGRMYHRU-GQCTYLIASA-N,CC(C)(C)C#CC=CCNCC1=CC=CC2=CC=C(C=C21)O,,,C20H23NO,293.177964356,4.532399999999997,1,0,0,BTM00122,BTM00122,N-Dealkylation of acyclic tertiary amine,BTMR1142,"CYP1A2
CYP2A6
CYP2B6
CYP2C8
CYP2C9
CYP2C19
CYP2D6
CYP2E1
CYP3A4",HUMAN,BTM00006,CC(C)(C)C#CC=CCN(C)CC1=CC=CC2=CC=C(C=C21)O,"InChI=1S/C21H25NO/c1-21(2,3)13-6-5-7-14-22(4)16-18-10-8-9-17-11-12-19(23)15-20(17)18/h5,7-12,15,23H,14,16H2,1-4H3/b7-5+",UOBSRJGOCPKUMW-FNORWQNLSA-N,5.068299999999999,307.19361442
"InChI=1S/C21H25NO2/c1-21(2,3)13-6-5-10-20(24)22(4)15-17-9-7-8-16-11-12-18(23)14-19(16)17/h5,7-12,14,20,23-24H,15H2,1-4H3/b10-5+",NECPGMPVOHYRPS-BJMVGYQFSA-N,CC(C)(C)C#CC=CC(N(C)CC1=CC=CC2=CC=C(C=C21)O)O,,,C21H25NO2,323.18852904000005,4.728599999999999,1,0,0,BTM00123,BTM00123,Aliphatic hydroxylation of carbon alpha to secondary or tertiary alkyl-N,BTMR1081,"CYP2B6
CYP2C19
CYP2D6",HUMAN,BTM00006,CC(C)(C)C#CC=CCN(C)CC1=CC=CC2=CC=C(C=C21)O,"InChI=1S/C21H25NO/c1-21(2,3)13-6-5-7-14-22(4)16-18-10-8-9-17-11-12-19(23)15-20(17)18/h5,7-12,15,23H,14,16H2,1-4H3/b7-5+",UOBSRJGOCPKUMW-FNORWQNLSA-N,5.068299999999999,307.19361442
"InChI=1S/C21H25NO2/c1-21(2,3)13-6-5-7-14-22(4)20(24)18-10-8-9-16-11-12-17(23)15-19(16)18/h5,7-12,15,20,23-24H,14H2,1-4H3/b7-5+",MIEAGOLKGNLSGB-FNORWQNLSA-N,CC(C)(C)C#CC=CCN(C)C(C1=CC=CC2=CC=C(C=C21)O)O,,,C21H25NO2,323.18852904000005,4.728599999999999,1,0,0,BTM00067,BTM00067,Aliphatic hydroxylation of carbon alpha to secondary or tertiary alkyl-N,BTMR1081,"CYP2B6
CYP2C19
CYP2D6",HUMAN,BTM00006,CC(C)(C)C#CC=CCN(C)CC1=CC=CC2=CC=C(C=C21)O,"InChI=1S/C21H25NO/c1-21(2,3)13-6-5-7-14-22(4)16-18-10-8-9-17-11-12-19(23)15-20(17)18/h5,7-12,15,23H,14,16H2,1-4H3/b7-5+",UOBSRJGOCPKUMW-FNORWQNLSA-N,5.068299999999999,307.19361442
"InChI=1S/C21H25NO2/c1-21(2,3)15-8-5-9-16-22(4,24)20(23)19-14-10-12-17-11-6-7-13-18(17)19/h5-7,9-14,20,23H,16H2,1-4H3/b9-5+",LLMAQKJBKCALHB-WEVVVXLNSA-N,CC(C)(C)C#CC=CC[N+](C)(C(C1=CC=CC2=CC=CC=C21)O)[O-],,,C21H25NO2,323.18852904,4.590899999999999,0,0,0,BTM00068,BTM00068,Hydroxylation of non-terminal aliphatic carbon adjacent to aromatic ring,BTMR1077,"CYP1A2
CYP2C8
CYP2C9
CYP2D6
CYP3A4",HUMAN,BTM00007,CC(C)(C)C#CC=CC[N+](C)(CC1=CC=CC2=CC=CC=C21)[O-],"InChI=1S/C21H25NO/c1-21(2,3)15-8-5-9-16-22(4,23)17-19-13-10-12-18-11-6-7-14-20(18)19/h5-7,9-14H,16-17H2,1-4H3/b9-5+",JKWYHCFRDQLODW-WEVVVXLNSA-N,4.930599999999997,307.19361442
"InChI=1S/C21H25NO2/c1-21(2,3)14-8-5-9-15-22(4,24)16-19-18-11-7-6-10-17(18)12-13-20(19)23/h5-7,9-13,23H,15-16H2,1-4H3/b9-5+",IZWCRTQDAFHCER-WEVVVXLNSA-N,CC(C)(C)C#CC=CC[N+](C)(CC1=C(C=CC2=CC=CC=C21)O)[O-],,,C21H25NO2,323.18852904,4.663199999999999,0,0,0,BTM00081,BTM00081,Aromatic hydroxylation of fused benzene ring,BTMR1030,"CYP1A2
CYP2A6
CYP2B6
CYP2C8
CYP2C9
CYP2C19
CYP2D6
CYP2E1
CYP3A4",HUMAN,BTM00007,CC(C)(C)C#CC=CC[N+](C)(CC1=CC=CC2=CC=CC=C21)[O-],"InChI=1S/C21H25NO/c1-21(2,3)15-8-5-9-16-22(4,23)17-19-13-10-12-18-11-6-7-14-20(18)19/h5-7,9-14H,16-17H2,1-4H3/b9-5+",JKWYHCFRDQLODW-WEVVVXLNSA-N,4.930599999999997,307.19361442
"InChI=1S/C21H25NO2/c1-21(2,3)12-8-5-9-13-22(4,24)16-18-15-19(23)14-17-10-6-7-11-20(17)18/h5-7,9-11,14-15,23H,13,16H2,1-4H3/b9-5+",MPBIQBHNYARUTG-WEVVVXLNSA-N,CC(C)(C)C#CC=CC[N+](C)(CC1=CC(=CC2=CC=CC=C21)O)[O-],,,C21H25NO2,323.18852904,4.663199999999999,0,0,0,BTM00094,BTM00094,Aromatic hydroxylation of fused benzene ring,BTMR1030,"CYP1A2
CYP2A6
CYP2B6
CYP2C8
CYP2C9
CYP2C19
CYP2D6
CYP2E1
CYP3A4",HUMAN,BTM00007,CC(C)(C)C#CC=CC[N+](C)(CC1=CC=CC2=CC=CC=C21)[O-],"InChI=1S/C21H25NO/c1-21(2,3)15-8-5-9-16-22(4,23)17-19-13-10-12-18-11-6-7-14-20(18)19/h5-7,9-14H,16-17H2,1-4H3/b9-5+",JKWYHCFRDQLODW-WEVVVXLNSA-N,4.930599999999997,307.19361442
"InChI=1S/C21H25NO2/c1-21(2,3)13-6-5-7-14-22(4,24)16-18-10-8-9-17-15-19(23)11-12-20(17)18/h5,7-12,15,23H,14,16H2,1-4H3/b7-5+",KLMIICHRVDFIJC-FNORWQNLSA-N,CC(C)(C)C#CC=CC[N+](C)(CC1=CC=CC2=CC(=CC=C21)O)[O-],,,C21H25NO2,323.18852904,4.663199999999999,0,0,0,BTM00106,BTM00106,Aromatic hydroxylation of fused benzene ring,BTMR1030,"CYP1A2
CYP2A6
CYP2B6
CYP2C8
CYP2C9
CYP2C19
CYP2D6
CYP2E1
CYP3A4",HUMAN,BTM00007,CC(C)(C)C#CC=CC[N+](C)(CC1=CC=CC2=CC=CC=C21)[O-],"InChI=1S/C21H25NO/c1-21(2,3)15-8-5-9-16-22(4,23)17-19-13-10-12-18-11-6-7-14-20(18)19/h5-7,9-14H,16-17H2,1-4H3/b9-5+",JKWYHCFRDQLODW-WEVVVXLNSA-N,4.930599999999997,307.19361442
"InChI=1S/C21H25NO2/c1-21(2,3)13-6-5-7-14-22(4,24)16-18-10-8-9-17-11-12-19(23)15-20(17)18/h5,7-12,15,23H,14,16H2,1-4H3/b7-5+",ZUDYANFXCABGBT-FNORWQNLSA-N,CC(C)(C)C#CC=CC[N+](C)(CC1=CC=CC2=CC=C(C=C21)O)[O-],,,C21H25NO2,323.18852904,4.663199999999999,0,0,0,BTM00115,BTM00115,Aromatic hydroxylation of fused benzene ring,BTMR1030,"CYP1A2
CYP2A6
CYP2B6
CYP2C8
CYP2C9
CYP2C19
CYP2D6
CYP2E1
CYP3A4",HUMAN,BTM00007,CC(C)(C)C#CC=CC[N+](C)(CC1=CC=CC2=CC=CC=C21)[O-],"InChI=1S/C21H25NO/c1-21(2,3)15-8-5-9-16-22(4,23)17-19-13-10-12-18-11-6-7-14-20(18)19/h5-7,9-14H,16-17H2,1-4H3/b9-5+",JKWYHCFRDQLODW-WEVVVXLNSA-N,4.930599999999997,307.19361442
"InChI=1S/C21H25NO2/c1-21(2,3)13-12-19-20(24-19)15-22(4,23)14-17-10-7-9-16-8-5-6-11-18(16)17/h5-11,19-20H,14-15H2,1-4H3",URGUTLDOOYSUNE-UHFFFAOYSA-N,CC(C)(C)C#CC1C(C[N+](C)(CC2=CC=CC3=CC=CC=C32)[O-])O1,,,C21H25NO2,323.18852904000005,4.207899999999998,0,0,0,BTM00124,BTM00124,Epoxidation of alkene,BTMR0109,"CYP1A2
CYP2B6
CYP2B6
CYP2C8
CYP2C9
CYP2C19
CYP2D6
CYP2E1
CYP3A4",HUMAN,BTM00007,CC(C)(C)C#CC=CC[N+](C)(CC1=CC=CC2=CC=CC=C21)[O-],"InChI=1S/C21H25NO/c1-21(2,3)15-8-5-9-16-22(4,23)17-19-13-10-12-18-11-6-7-14-20(18)19/h5-7,9-14H,16-17H2,1-4H3/b9-5+",JKWYHCFRDQLODW-WEVVVXLNSA-N,4.930599999999997,307.19361442
"InChI=1S/C21H25NO2/c1-21(2,3)14-6-5-7-15-22(4,24)16-18-12-8-10-17-11-9-13-19(23)20(17)18/h5,7-13,23H,15-16H2,1-4H3/b7-5+",NPKAKJJHFQRRIZ-FNORWQNLSA-N,CC(C)(C)C#CC=CC[N+](C)(CC1=CC=CC2=CC=CC(=C21)O)[O-],,,C21H25NO2,323.18852904000005,4.663199999999999,0,0,0,BTM00125,BTM00125,Aromatic hydroxylation of fused benzene ring,BTMR1031,"CYP1A2
CYP2B6
CYP2C8
CYP2C9
CYP2C19
CYP2D6
CYP3A4",HUMAN,BTM00007,CC(C)(C)C#CC=CC[N+](C)(CC1=CC=CC2=CC=CC=C21)[O-],"InChI=1S/C21H25NO/c1-21(2,3)15-8-5-9-16-22(4,23)17-19-13-10-12-18-11-6-7-14-20(18)19/h5-7,9-14H,16-17H2,1-4H3/b9-5+",JKWYHCFRDQLODW-WEVVVXLNSA-N,4.930599999999997,307.19361442
"InChI=1S/C21H25NO2/c1-21(2,3)14-6-5-7-15-22(4,24)16-17-10-8-12-19-18(17)11-9-13-20(19)23/h5,7-13,23H,15-16H2,1-4H3/b7-5+",XTEXTMIWPNTGFO-FNORWQNLSA-N,CC(C)(C)C#CC=CC[N+](C)(CC1=CC=CC2=C(C=CC=C21)O)[O-],,,C21H25NO2,323.18852904,4.663199999999999,0,0,0,BTM00126,BTM00126,Aromatic hydroxylation of fused benzene ring,BTMR1031,"CYP1A2
CYP2B6
CYP2C8
CYP2C9
CYP2C19
CYP2D6
CYP3A4",HUMAN,BTM00007,CC(C)(C)C#CC=CC[N+](C)(CC1=CC=CC2=CC=CC=C21)[O-],"InChI=1S/C21H25NO/c1-21(2,3)15-8-5-9-16-22(4,23)17-19-13-10-12-18-11-6-7-14-20(18)19/h5-7,9-14H,16-17H2,1-4H3/b9-5+",JKWYHCFRDQLODW-WEVVVXLNSA-N,4.930599999999997,307.19361442
"InChI=1S/C21H25NO2/c1-21(2,17-23)14-7-4-8-15-22(3,24)16-19-12-9-11-18-10-5-6-13-20(18)19/h4-6,8-13,23H,15-17H2,1-3H3/b8-4+",HURAZRHWCVRVFY-XBXARRHUSA-N,C(C(C)(C)C#CC=CC[N+](C)(CC1=CC=CC2=CC=CC=C21)[O-])O,,,C21H25NO2,323.18852904000005,3.8398999999999974,0,0,0,BTM00127,BTM00127,Hydroxylation of terminal methyl,BTMR1061,"CYP1A2
CYP2A6
CYP2B6
CYP2C8
CYP2C9
CYP2C19
CYP2D6
CYP2E1
CYP3A4",HUMAN,BTM00007,CC(C)(C)C#CC=CC[N+](C)(CC1=CC=CC2=CC=CC=C21)[O-],"InChI=1S/C21H25NO/c1-21(2,3)15-8-5-9-16-22(4,23)17-19-13-10-12-18-11-6-7-14-20(18)19/h5-7,9-14H,16-17H2,1-4H3/b9-5+",JKWYHCFRDQLODW-WEVVVXLNSA-N,4.930599999999997,307.19361442
"InChI=1S/C21H25NO2/c1-21(2,3)12-8-5-9-13-22(4,23)15-16-14-19-20(24-19)18-11-7-6-10-17(16)18/h5-7,9-11,14,19-20H,13,15H2,1-4H3/b9-5+",GXVYKXBGPVNVDK-WEVVVXLNSA-N,CC(C)(C)C#CC=CC[N+](C)(CC1=CC2C(C3=CC=CC=C31)O2)[O-],,,C21H25NO2,323.18852904,3.8836999999999984,0,0,0,BTM00128,BTM00128,Epoxidation of arene,BTMR1027,"CYP1A2
CYP2B6
CYP2C8
CYP2C9
CYP2C19
CYP2E1
CYP3A4",HUMAN,BTM00007,CC(C)(C)C#CC=CC[N+](C)(CC1=CC=CC2=CC=CC=C21)[O-],"InChI=1S/C21H25NO/c1-21(2,3)15-8-5-9-16-22(4,23)17-19-13-10-12-18-11-6-7-14-20(18)19/h5-7,9-14H,16-17H2,1-4H3/b9-5+",JKWYHCFRDQLODW-WEVVVXLNSA-N,4.930599999999997,307.19361442
"InChI=1S/C21H23NO2/c1-21(2,3)13-6-5-7-14-22(4,23)15-16-9-8-10-18-17(16)11-12-19-20(18)24-19/h5,7-12H,14-15H2,1-4H3/b7-5+",RPQKEXLTRAUNEW-FNORWQNLSA-N,CC(C)(C)C#CC=CC[N+](C)(CC1=CC=CC2=C3C(=CC=C21)O3)[O-],,,C21H23NO2,321.17287897600005,4.660799999999999,0,0,0,BTM00129,BTM00129,Epoxidation of arene,BTMR1027,"CYP1A2
CYP2B6
CYP2C8
CYP2C9
CYP2C19
CYP2E1
CYP3A4",HUMAN,BTM00007,CC(C)(C)C#CC=CC[N+](C)(CC1=CC=CC2=CC=CC=C21)[O-],"InChI=1S/C21H25NO/c1-21(2,3)15-8-5-9-16-22(4,23)17-19-13-10-12-18-11-6-7-14-20(18)19/h5-7,9-14H,16-17H2,1-4H3/b9-5+",JKWYHCFRDQLODW-WEVVVXLNSA-N,4.930599999999997,307.19361442
"InChI=1S/C21H23NO2/c1-21(2,3)13-6-5-7-14-22(4,23)15-17-10-8-9-16-11-12-18-20(24-18)19(16)17/h5,7-12H,14-15H2,1-4H3/b7-5+",MQXHZJVQXLLXKS-FNORWQNLSA-N,CC(C)(C)C#CC=CC[N+](C)(CC1=CC=CC2=CC=C3C(=C21)O3)[O-],,,C21H23NO2,321.172878976,4.660799999999999,0,0,0,BTM00130,BTM00130,Epoxidation of arene,BTMR1027,"CYP1A2
CYP2B6
CYP2C8
CYP2C9
CYP2C19
CYP2E1
CYP3A4",HUMAN,BTM00007,CC(C)(C)C#CC=CC[N+](C)(CC1=CC=CC2=CC=CC=C21)[O-],"InChI=1S/C21H25NO/c1-21(2,3)15-8-5-9-16-22(4,23)17-19-13-10-12-18-11-6-7-14-20(18)19/h5-7,9-14H,16-17H2,1-4H3/b9-5+",JKWYHCFRDQLODW-WEVVVXLNSA-N,4.930599999999997,307.19361442
"InChI=1S/C21H25NO2/c1-21(2,3)13-12-18-19(24-18)14-22(4)20(23)17-11-7-9-15-8-5-6-10-16(15)17/h5-11,18-20,23H,14H2,1-4H3",VBXZMTRIECIOLY-UHFFFAOYSA-N,CC(C)(C)C#CC1C(CN(C)C(C2=CC=CC3=CC=CC=C32)O)O1,,,C21H25NO2,323.18852904000005,4.273299999999999,0,0,0,BTM00069,BTM00069,Hydroxylation of non-terminal aliphatic carbon adjacent to aromatic ring,BTMR1077,"CYP1A2
CYP2C8
CYP2C9
CYP2D6
CYP3A4",HUMAN,BTM00008,CC(C)(C)C#CC1C(CN(C)CC2=CC=CC3=CC=CC=C32)O1,"InChI=1S/C21H25NO/c1-21(2,3)13-12-19-20(23-19)15-22(4)14-17-10-7-9-16-8-5-6-11-18(16)17/h5-11,19-20H,14-15H2,1-4H3",YUJTUMZGFPTLAX-UHFFFAOYSA-N,4.612999999999999,307.19361442
"InChI=1S/C21H25NO2/c1-21(2,3)12-11-19-20(24-19)14-22(4)13-17-16-8-6-5-7-15(16)9-10-18(17)23/h5-10,19-20,23H,13-14H2,1-4H3",YXJFNQMFWHDFRL-UHFFFAOYSA-N,CC(C)(C)C#CC1C(CN(C)CC2=C(C=CC3=CC=CC=C32)O)O1,,,C21H25NO2,323.18852904000005,4.345599999999999,0,0,0,BTM00082,BTM00082,Aromatic hydroxylation of fused benzene ring,BTMR1030,"CYP1A2
CYP2A6
CYP2B6
CYP2C8
CYP2C9
CYP2C19
CYP2D6
CYP2E1
CYP3A4",HUMAN,BTM00008,CC(C)(C)C#CC1C(CN(C)CC2=CC=CC3=CC=CC=C32)O1,"InChI=1S/C21H25NO/c1-21(2,3)13-12-19-20(23-19)15-22(4)14-17-10-7-9-16-8-5-6-11-18(16)17/h5-11,19-20H,14-15H2,1-4H3",YUJTUMZGFPTLAX-UHFFFAOYSA-N,4.612999999999999,307.19361442
"InChI=1S/C21H25NO2/c1-21(2,3)10-9-19-20(24-19)14-22(4)13-16-12-17(23)11-15-7-5-6-8-18(15)16/h5-8,11-12,19-20,23H,13-14H2,1-4H3",WPVKPJPRDXSGMF-UHFFFAOYSA-N,CC(C)(C)C#CC1C(CN(C)CC2=CC(=CC3=CC=CC=C32)O)O1,,,C21H25NO2,323.18852904000005,4.345599999999999,0,0,0,BTM00095,BTM00095,Aromatic hydroxylation of fused benzene ring,BTMR1030,"CYP1A2
CYP2A6
CYP2B6
CYP2C8
CYP2C9
CYP2C19
CYP2D6
CYP2E1
CYP3A4",HUMAN,BTM00008,CC(C)(C)C#CC1C(CN(C)CC2=CC=CC3=CC=CC=C32)O1,"InChI=1S/C21H25NO/c1-21(2,3)13-12-19-20(23-19)15-22(4)14-17-10-7-9-16-8-5-6-11-18(16)17/h5-11,19-20H,14-15H2,1-4H3",YUJTUMZGFPTLAX-UHFFFAOYSA-N,4.612999999999999,307.19361442
"InChI=1S/C21H25NO2/c1-21(2,3)11-10-19-20(24-19)14-22(4)13-16-7-5-6-15-12-17(23)8-9-18(15)16/h5-9,12,19-20,23H,13-14H2,1-4H3",YHYYPSBPPHJUCG-UHFFFAOYSA-N,CC(C)(C)C#CC1C(CN(C)CC2=CC=CC3=CC(=CC=C32)O)O1,,,C21H25NO2,323.18852904,4.345599999999999,0,0,0,BTM00107,BTM00107,Aromatic hydroxylation of fused benzene ring,BTMR1030,"CYP1A2
CYP2A6
CYP2B6
CYP2C8
CYP2C9
CYP2C19
CYP2D6
CYP2E1
CYP3A4",HUMAN,BTM00008,CC(C)(C)C#CC1C(CN(C)CC2=CC=CC3=CC=CC=C32)O1,"InChI=1S/C21H25NO/c1-21(2,3)13-12-19-20(23-19)15-22(4)14-17-10-7-9-16-8-5-6-11-18(16)17/h5-11,19-20H,14-15H2,1-4H3",YUJTUMZGFPTLAX-UHFFFAOYSA-N,4.612999999999999,307.19361442
"InChI=1S/C21H25NO2/c1-21(2,3)11-10-19-20(24-19)14-22(4)13-16-7-5-6-15-8-9-17(23)12-18(15)16/h5-9,12,19-20,23H,13-14H2,1-4H3",CMSCSLVSDUQLRU-UHFFFAOYSA-N,CC(C)(C)C#CC1C(CN(C)CC2=CC=CC3=CC=C(C=C32)O)O1,,,C21H25NO2,323.18852904000005,4.345599999999999,0,0,0,BTM00116,BTM00116,Aromatic hydroxylation of fused benzene ring,BTMR1030,"CYP1A2
CYP2A6
CYP2B6
CYP2C8
CYP2C9
CYP2C19
CYP2D6
CYP2E1
CYP3A4",HUMAN,BTM00008,CC(C)(C)C#CC1C(CN(C)CC2=CC=CC3=CC=CC=C32)O1,"InChI=1S/C21H25NO/c1-21(2,3)13-12-19-20(23-19)15-22(4)14-17-10-7-9-16-8-5-6-11-18(16)17/h5-11,19-20H,14-15H2,1-4H3",YUJTUMZGFPTLAX-UHFFFAOYSA-N,4.612999999999999,307.19361442
"InChI=1S/C21H25NO2/c1-21(2,3)13-12-19-20(24-19)15-22(4,23)14-17-10-7-9-16-8-5-6-11-18(16)17/h5-11,19-20H,14-15H2,1-4H3",URGUTLDOOYSUNE-UHFFFAOYSA-N,CC(C)(C)C#CC1C(C[N+](C)(CC2=CC=CC3=CC=CC=C32)[O-])O1,,,C21H25NO2,323.18852904000005,4.207899999999998,0,0,0,BTM00124,BTM00124,N-Oxidation of aliphatic tertiary amine,BTMR1100,"CYP1A2
CYP2D6
CYP3A4",HUMAN,BTM00008,CC(C)(C)C#CC1C(CN(C)CC2=CC=CC3=CC=CC=C32)O1,"InChI=1S/C21H25NO/c1-21(2,3)13-12-19-20(23-19)15-22(4)14-17-10-7-9-16-8-5-6-11-18(16)17/h5-11,19-20H,14-15H2,1-4H3",YUJTUMZGFPTLAX-UHFFFAOYSA-N,4.612999999999999,307.19361442
"InChI=1S/C21H25NO2/c1-21(2,3)12-11-18-19(24-18)14-22(4)13-16-9-5-7-15-8-6-10-17(23)20(15)16/h5-10,18-19,23H,13-14H2,1-4H3",IXWFEYLKTFUFDX-UHFFFAOYSA-N,CC(C)(C)C#CC1C(CN(C)CC2=CC=CC3=CC=CC(=C32)O)O1,,,C21H25NO2,323.18852904,4.345599999999999,0,0,0,BTM00131,BTM00131,Aromatic hydroxylation of fused benzene ring,BTMR1031,"CYP1A2
CYP2B6
CYP2C8
CYP2C9
CYP2C19
CYP2D6
CYP3A4",HUMAN,BTM00008,CC(C)(C)C#CC1C(CN(C)CC2=CC=CC3=CC=CC=C32)O1,"InChI=1S/C21H25NO/c1-21(2,3)13-12-19-20(23-19)15-22(4)14-17-10-7-9-16-8-5-6-11-18(16)17/h5-11,19-20H,14-15H2,1-4H3",YUJTUMZGFPTLAX-UHFFFAOYSA-N,4.612999999999999,307.19361442
"InChI=1S/C21H25NO2/c1-21(2,3)12-11-19-20(24-19)14-22(4)13-15-7-5-9-17-16(15)8-6-10-18(17)23/h5-10,19-20,23H,13-14H2,1-4H3",SZEITTDIDYTNEF-UHFFFAOYSA-N,CC(C)(C)C#CC1C(CN(C)CC2=CC=CC3=C(C=CC=C32)O)O1,,,C21H25NO2,323.18852904,4.345599999999999,0,0,0,BTM00132,BTM00132,Aromatic hydroxylation of fused benzene ring,BTMR1031,"CYP1A2
CYP2B6
CYP2C8
CYP2C9
CYP2C19
CYP2D6
CYP3A4",HUMAN,BTM00008,CC(C)(C)C#CC1C(CN(C)CC2=CC=CC3=CC=CC=C32)O1,"InChI=1S/C21H25NO/c1-21(2,3)13-12-19-20(23-19)15-22(4)14-17-10-7-9-16-8-5-6-11-18(16)17/h5-11,19-20H,14-15H2,1-4H3",YUJTUMZGFPTLAX-UHFFFAOYSA-N,4.612999999999999,307.19361442
"InChI=1S/C21H25NO2/c1-21(2,15-23)12-11-19-20(24-19)14-22(3)13-17-9-6-8-16-7-4-5-10-18(16)17/h4-10,19-20,23H,13-15H2,1-3H3",NIQYCCWUYZYDJU-UHFFFAOYSA-N,C(C(C)(C)C#CC1C(CN(C)CC2=CC=CC3=CC=CC=C32)O1)O,,,C21H25NO2,323.18852904,3.5222999999999978,0,0,0,BTM00133,BTM00133,Hydroxylation of terminal methyl,BTMR1061,"CYP1A2
CYP2A6
CYP2B6
CYP2C8
CYP2C9
CYP2C19
CYP2D6
CYP2E1
CYP3A4",HUMAN,BTM00008,CC(C)(C)C#CC1C(CN(C)CC2=CC=CC3=CC=CC=C32)O1,"InChI=1S/C21H25NO/c1-21(2,3)13-12-19-20(23-19)15-22(4)14-17-10-7-9-16-8-5-6-11-18(16)17/h5-11,19-20H,14-15H2,1-4H3",YUJTUMZGFPTLAX-UHFFFAOYSA-N,4.612999999999999,307.19361442
"InChI=1S/C9H12O2/c1-9(2,3)5-4-7-8(6-10)11-7/h6-8H,1-3H3",RMPUNZHWCGPVFU-UHFFFAOYSA-N,CC(C)(C)C#CC1C(C=O)O1,,,C9H12O2,152.083729624,1.6993,0,0,0,BTM00134,BTM00134,N-Dealkylation of acyclic tertiary amine,BTMR1142,"CYP1A2
CYP2A6
CYP2B6
CYP2C8
CYP2C9
CYP2C19
CYP2D6
CYP2E1
CYP3A4",HUMAN,BTM00008,CC(C)(C)C#CC1C(CN(C)CC2=CC=CC3=CC=CC=C32)O1,"InChI=1S/C21H25NO/c1-21(2,3)13-12-19-20(23-19)15-22(4)14-17-10-7-9-16-8-5-6-11-18(16)17/h5-11,19-20H,14-15H2,1-4H3",YUJTUMZGFPTLAX-UHFFFAOYSA-N,4.612999999999999,307.19361442
"InChI=1S/C12H13N/c1-13-9-11-7-4-6-10-5-2-3-8-12(10)11/h2-8,13H,9H2,1H3",MQRIUFVBEVFILS-UHFFFAOYSA-N,N(C)CC1=CC=CC2=CC=CC=C21,,,C12H13N,171.104799416,2.2760999999999982,0,0,0,BTM00016,BTM00016,N-Dealkylation of acyclic tertiary amine,BTMR1142,"CYP1A2
CYP2A6
CYP2B6
CYP2C8
CYP2C9
CYP2C19
CYP2D6
CYP2E1
CYP3A4",HUMAN,BTM00008,CC(C)(C)C#CC1C(CN(C)CC2=CC=CC3=CC=CC=C32)O1,"InChI=1S/C21H25NO/c1-21(2,3)13-12-19-20(23-19)15-22(4)14-17-10-7-9-16-8-5-6-11-18(16)17/h5-11,19-20H,14-15H2,1-4H3",YUJTUMZGFPTLAX-UHFFFAOYSA-N,4.612999999999999,307.19361442
"InChI=1S/C10H17NO/c1-10(2,3)6-5-8-9(12-8)7-11-4/h8-9,11H,7H2,1-4H3",HUAXLRWCUCZBTE-UHFFFAOYSA-N,CC(C)(C)C#CC1C(CNC)O1,,,C10H17NO,167.131014164,1.585199999999999,0,0,0,BTM00135,BTM00135,N-Dealkylation of acyclic tertiary amine,BTMR1142,"CYP1A2
CYP2A6
CYP2B6
CYP2C8
CYP2C9
CYP2C19
CYP2D6
CYP2E1
CYP3A4",HUMAN,BTM00008,CC(C)(C)C#CC1C(CN(C)CC2=CC=CC3=CC=CC=C32)O1,"InChI=1S/C21H25NO/c1-21(2,3)13-12-19-20(23-19)15-22(4)14-17-10-7-9-16-8-5-6-11-18(16)17/h5-11,19-20H,14-15H2,1-4H3",YUJTUMZGFPTLAX-UHFFFAOYSA-N,4.612999999999999,307.19361442
InChI=1S/C11H8O/c12-8-10-6-3-5-9-4-1-2-7-11(9)10/h1-8H,SQAINHDHICKHLX-UHFFFAOYSA-N,C(C1=CC=CC2=CC=CC=C21)=O,,,C11H8O,156.057514876,2.4978000000000002,0,0,0,BTM00018,BTM00018,N-Dealkylation of acyclic tertiary amine,BTMR1142,"CYP1A2
CYP2A6
CYP2B6
CYP2C8
CYP2C9
CYP2C19
CYP2D6
CYP2E1
CYP3A4",HUMAN,BTM00008,CC(C)(C)C#CC1C(CN(C)CC2=CC=CC3=CC=CC=C32)O1,"InChI=1S/C21H25NO/c1-21(2,3)13-12-19-20(23-19)15-22(4)14-17-10-7-9-16-8-5-6-11-18(16)17/h5-11,19-20H,14-15H2,1-4H3",YUJTUMZGFPTLAX-UHFFFAOYSA-N,4.612999999999999,307.19361442
"InChI=1S/C20H23NO/c1-20(2,3)12-11-18-19(22-18)14-21-13-16-9-6-8-15-7-4-5-10-17(15)16/h4-10,18-19,21H,13-14H2,1-3H3",CBTVTQMVBSMWJV-UHFFFAOYSA-N,CC(C)(C)C#CC1C(CNCC2=CC=CC3=CC=CC=C32)O1,,,C20H23NO,293.177964356,4.077099999999999,0,0,0,BTM00136,BTM00136,N-Dealkylation of acyclic tertiary amine,BTMR1142,"CYP1A2
CYP2A6
CYP2B6
CYP2C8
CYP2C9
CYP2C19
CYP2D6
CYP2E1
CYP3A4",HUMAN,BTM00008,CC(C)(C)C#CC1C(CN(C)CC2=CC=CC3=CC=CC=C32)O1,"InChI=1S/C21H25NO/c1-21(2,3)13-12-19-20(23-19)15-22(4)14-17-10-7-9-16-8-5-6-11-18(16)17/h5-11,19-20H,14-15H2,1-4H3",YUJTUMZGFPTLAX-UHFFFAOYSA-N,4.612999999999999,307.19361442
"InChI=1S/C21H25NO2/c1-21(2,3)13-12-18-19(24-18)20(23)22(4)14-16-10-7-9-15-8-5-6-11-17(15)16/h5-11,18-20,23H,14H2,1-4H3",GJBVXBUOTNNPKA-UHFFFAOYSA-N,CC(C)(C)C#CC1C(C(N(C)CC2=CC=CC3=CC=CC=C32)O)O1,,,C21H25NO2,323.18852904,4.273299999999999,0,0,0,BTM00137,BTM00137,Aliphatic hydroxylation of carbon alpha to secondary or tertiary alkyl-N,BTMR1081,"CYP2B6
CYP2C19
CYP2D6",HUMAN,BTM00008,CC(C)(C)C#CC1C(CN(C)CC2=CC=CC3=CC=CC=C32)O1,"InChI=1S/C21H25NO/c1-21(2,3)13-12-19-20(23-19)15-22(4)14-17-10-7-9-16-8-5-6-11-18(16)17/h5-11,19-20H,14-15H2,1-4H3",YUJTUMZGFPTLAX-UHFFFAOYSA-N,4.612999999999999,307.19361442
"InChI=1S/C21H25NO2/c1-21(2,3)13-12-18-19(24-18)14-22(4)20(23)17-11-7-9-15-8-5-6-10-16(15)17/h5-11,18-20,23H,14H2,1-4H3",VBXZMTRIECIOLY-UHFFFAOYSA-N,CC(C)(C)C#CC1C(CN(C)C(C2=CC=CC3=CC=CC=C32)O)O1,,,C21H25NO2,323.18852904000005,4.273299999999999,0,0,0,BTM00069,BTM00069,Aliphatic hydroxylation of carbon alpha to secondary or tertiary alkyl-N,BTMR1081,"CYP2B6
CYP2C19
CYP2D6",HUMAN,BTM00008,CC(C)(C)C#CC1C(CN(C)CC2=CC=CC3=CC=CC=C32)O1,"InChI=1S/C21H25NO/c1-21(2,3)13-12-19-20(23-19)15-22(4)14-17-10-7-9-16-8-5-6-11-18(16)17/h5-11,19-20H,14-15H2,1-4H3",YUJTUMZGFPTLAX-UHFFFAOYSA-N,4.612999999999999,307.19361442
"InChI=1S/C21H25NO2/c1-21(2,3)14-6-5-7-15-22(4)20(24)17-12-8-10-16-11-9-13-18(23)19(16)17/h5,7-13,20,23-24H,15H2,1-4H3/b7-5+",WSQRKAFYDZXFOG-FNORWQNLSA-N,CC(C)(C)C#CC=CCN(C)C(C1=CC=CC2=CC=CC(=C21)O)O,,,C21H25NO2,323.18852904000005,4.728599999999999,1,0,0,BTM00070,BTM00070,Hydroxylation of non-terminal aliphatic carbon adjacent to aromatic ring,BTMR1077,"CYP1A2
CYP2C8
CYP2C9
CYP2D6
CYP3A4",HUMAN,BTM00009,CC(C)(C)C#CC=CCN(C)CC1=CC=CC2=CC=CC(=C21)O,"InChI=1S/C21H25NO/c1-21(2,3)14-6-5-7-15-22(4)16-18-12-8-10-17-11-9-13-19(23)20(17)18/h5,7-13,23H,15-16H2,1-4H3/b7-5+",KQCOVYYHSMUBQE-FNORWQNLSA-N,5.068299999999999,307.19361442
"InChI=1S/C21H25NO2/c1-21(2,3)13-6-5-7-14-22(4)15-17-18(23)12-11-16-9-8-10-19(24)20(16)17/h5,7-12,23-24H,14-15H2,1-4H3/b7-5+",TWHGLGDLWOHBDP-FNORWQNLSA-N,CC(C)(C)C#CC=CCN(C)CC1=C(C=CC2=CC=CC(=C21)O)O,,,C21H25NO2,323.18852904,4.800899999999999,1,0,0,BTM00083,BTM00083,Aromatic hydroxylation of fused benzene ring,BTMR1030,"CYP1A2
CYP2A6
CYP2B6
CYP2C8
CYP2C9
CYP2C19
CYP2D6
CYP2E1
CYP3A4",HUMAN,BTM00009,CC(C)(C)C#CC=CCN(C)CC1=CC=CC2=CC=CC(=C21)O,"InChI=1S/C21H25NO/c1-21(2,3)14-6-5-7-15-22(4)16-18-12-8-10-17-11-9-13-19(23)20(17)18/h5,7-13,23H,15-16H2,1-4H3/b7-5+",KQCOVYYHSMUBQE-FNORWQNLSA-N,5.068299999999999,307.19361442
"InChI=1S/C21H25NO2/c1-21(2,3)11-6-5-7-12-22(4)15-17-14-18(23)13-16-9-8-10-19(24)20(16)17/h5,7-10,13-14,23-24H,12,15H2,1-4H3/b7-5+",VJFHOXWARGHDNG-FNORWQNLSA-N,CC(C)(C)C#CC=CCN(C)CC1=CC(=CC2=CC=CC(=C21)O)O,,,C21H25NO2,323.18852904000005,4.800899999999999,1,0,0,BTM00096,BTM00096,Aromatic hydroxylation of fused benzene ring,BTMR1030,"CYP1A2
CYP2A6
CYP2B6
CYP2C8
CYP2C9
CYP2C19
CYP2D6
CYP2E1
CYP3A4",HUMAN,BTM00009,CC(C)(C)C#CC=CCN(C)CC1=CC=CC2=CC=CC(=C21)O,"InChI=1S/C21H25NO/c1-21(2,3)14-6-5-7-15-22(4)16-18-12-8-10-17-11-9-13-19(23)20(17)18/h5,7-13,23H,15-16H2,1-4H3/b7-5+",KQCOVYYHSMUBQE-FNORWQNLSA-N,5.068299999999999,307.19361442
"InChI=1S/C21H25NO2/c1-21(2,3)11-6-5-7-12-22(4)15-17-10-8-9-16-13-18(23)14-19(24)20(16)17/h5,7-10,13-14,23-24H,12,15H2,1-4H3/b7-5+",BUQHFHXSKOUQOP-FNORWQNLSA-N,CC(C)(C)C#CC=CCN(C)CC1=CC=CC2=CC(=CC(=C21)O)O,,,C21H25NO2,323.18852904,4.800899999999999,1,0,0,BTM00108,BTM00108,Aromatic hydroxylation of fused benzene ring,BTMR1030,"CYP1A2
CYP2A6
CYP2B6
CYP2C8
CYP2C9
CYP2C19
CYP2D6
CYP2E1
CYP3A4",HUMAN,BTM00009,CC(C)(C)C#CC=CCN(C)CC1=CC=CC2=CC=CC(=C21)O,"InChI=1S/C21H25NO/c1-21(2,3)14-6-5-7-15-22(4)16-18-12-8-10-17-11-9-13-19(23)20(17)18/h5,7-13,23H,15-16H2,1-4H3/b7-5+",KQCOVYYHSMUBQE-FNORWQNLSA-N,5.068299999999999,307.19361442
"InChI=1S/C21H25NO2/c1-21(2,3)13-6-5-7-14-22(4)15-17-10-8-9-16-11-12-18(23)20(24)19(16)17/h5,7-12,23-24H,14-15H2,1-4H3/b7-5+",FWYOCCWQKDJNKR-FNORWQNLSA-N,CC(C)(C)C#CC=CCN(C)CC1=CC=CC2=CC=C(C(=C21)O)O,,,C21H25NO2,323.18852904000005,4.800899999999999,1,0,0,BTM00138,BTM00138,Aromatic hydroxylation of fused benzene ring,BTMR1030,"CYP1A2
CYP2A6
CYP2B6
CYP2C8
CYP2C9
CYP2C19
CYP2D6
CYP2E1
CYP3A4",HUMAN,BTM00009,CC(C)(C)C#CC=CCN(C)CC1=CC=CC2=CC=CC(=C21)O,"InChI=1S/C21H25NO/c1-21(2,3)14-6-5-7-15-22(4)16-18-12-8-10-17-11-9-13-19(23)20(17)18/h5,7-13,23H,15-16H2,1-4H3/b7-5+",KQCOVYYHSMUBQE-FNORWQNLSA-N,5.068299999999999,307.19361442
"InChI=1S/C21H25NO2/c1-21(2,3)14-6-5-7-15-22(4,24)16-18-12-8-10-17-11-9-13-19(23)20(17)18/h5,7-13,23H,15-16H2,1-4H3/b7-5+",NPKAKJJHFQRRIZ-FNORWQNLSA-N,CC(C)(C)C#CC=CC[N+](C)(CC1=CC=CC2=CC=CC(=C21)O)[O-],,,C21H25NO2,323.18852904000005,4.663199999999999,0,0,0,BTM00125,BTM00125,N-Oxidation of aliphatic tertiary amine,BTMR1100,"CYP1A2
CYP2D6
CYP3A4",HUMAN,BTM00009,CC(C)(C)C#CC=CCN(C)CC1=CC=CC2=CC=CC(=C21)O,"InChI=1S/C21H25NO/c1-21(2,3)14-6-5-7-15-22(4)16-18-12-8-10-17-11-9-13-19(23)20(17)18/h5,7-13,23H,15-16H2,1-4H3/b7-5+",KQCOVYYHSMUBQE-FNORWQNLSA-N,5.068299999999999,307.19361442
"InChI=1S/C21H25NO2/c1-21(2,3)12-11-18-19(24-18)14-22(4)13-16-9-5-7-15-8-6-10-17(23)20(15)16/h5-10,18-19,23H,13-14H2,1-4H3",IXWFEYLKTFUFDX-UHFFFAOYSA-N,CC(C)(C)C#CC1C(CN(C)CC2=CC=CC3=CC=CC(=C32)O)O1,,,C21H25NO2,323.18852904,4.345599999999999,0,0,0,BTM00131,BTM00131,Epoxidation of alkene,BTMR0109,"CYP1A2
CYP2B6
CYP2B6
CYP2C8
CYP2C9
CYP2C19
CYP2D6
CYP2E1
CYP3A4",HUMAN,BTM00009,CC(C)(C)C#CC=CCN(C)CC1=CC=CC2=CC=CC(=C21)O,"InChI=1S/C21H25NO/c1-21(2,3)14-6-5-7-15-22(4)16-18-12-8-10-17-11-9-13-19(23)20(17)18/h5,7-13,23H,15-16H2,1-4H3/b7-5+",KQCOVYYHSMUBQE-FNORWQNLSA-N,5.068299999999999,307.19361442
"InChI=1S/C21H25NO2/c1-21(2,16-23)13-5-4-6-14-22(3)15-18-11-7-9-17-10-8-12-19(24)20(17)18/h4,6-12,23-24H,14-16H2,1-3H3/b6-4+",HWLFNMHHEQTKAK-GQCTYLIASA-N,C(C(C)(C)C#CC=CCN(C)CC1=CC=CC2=CC=CC(=C21)O)O,,,C21H25NO2,323.18852904000005,3.9776,0,0,0,BTM00139,BTM00139,Hydroxylation of terminal methyl,BTMR1061,"CYP1A2
CYP2A6
CYP2B6
CYP2C8
CYP2C9
CYP2C19
CYP2D6
CYP2E1
CYP3A4",HUMAN,BTM00009,CC(C)(C)C#CC=CCN(C)CC1=CC=CC2=CC=CC(=C21)O,"InChI=1S/C21H25NO/c1-21(2,3)14-6-5-7-15-22(4)16-18-12-8-10-17-11-9-13-19(23)20(17)18/h5,7-13,23H,15-16H2,1-4H3/b7-5+",KQCOVYYHSMUBQE-FNORWQNLSA-N,5.068299999999999,307.19361442
"InChI=1S/C21H25NO2/c1-21(2,3)11-6-5-7-12-22(4)14-15-13-18-20(24-18)16-9-8-10-17(23)19(15)16/h5,7-10,13,18,20,23H,12,14H2,1-4H3/b7-5+",LIHHIVNXLLAFPK-FNORWQNLSA-N,CC(C)(C)C#CC=CCN(C)CC1=CC2C(C3=CC=CC(=C31)O)O2,,,C21H25NO2,323.18852904000005,4.021399999999998,0,0,0,BTM00140,BTM00140,Epoxidation of arene,BTMR1027,"CYP1A2
CYP2B6
CYP2C8
CYP2C9
CYP2C19
CYP2E1
CYP3A4",HUMAN,BTM00009,CC(C)(C)C#CC=CCN(C)CC1=CC=CC2=CC=CC(=C21)O,"InChI=1S/C21H25NO/c1-21(2,3)14-6-5-7-15-22(4)16-18-12-8-10-17-11-9-13-19(23)20(17)18/h5,7-13,23H,15-16H2,1-4H3/b7-5+",KQCOVYYHSMUBQE-FNORWQNLSA-N,5.068299999999999,307.19361442
"InChI=1S/C21H23NO2/c1-21(2,3)11-6-5-7-12-22(4)14-15-9-8-10-16-19(15)17(23)13-18-20(16)24-18/h5,7-10,13,23H,12,14H2,1-4H3/b7-5+",WGNVNUQTZQZBBL-FNORWQNLSA-N,CC(C)(C)C#CC=CCN(C)CC1=CC=CC2=C3C(=CC(=C21)O)O3,,,C21H23NO2,321.17287897600005,4.7985,0,0,0,BTM00141,BTM00141,Epoxidation of arene,BTMR1027,"CYP1A2
CYP2B6
CYP2C8
CYP2C9
CYP2C19
CYP2E1
CYP3A4",HUMAN,BTM00009,CC(C)(C)C#CC=CCN(C)CC1=CC=CC2=CC=CC(=C21)O,"InChI=1S/C21H25NO/c1-21(2,3)14-6-5-7-15-22(4)16-18-12-8-10-17-11-9-13-19(23)20(17)18/h5,7-13,23H,15-16H2,1-4H3/b7-5+",KQCOVYYHSMUBQE-FNORWQNLSA-N,5.068299999999999,307.19361442
"InChI=1S/C9H12O/c1-9(2,3)7-5-4-6-8-10/h4,6,8H,1-3H3/b6-4+",ITSLKJVPPOREBI-GQCTYLIASA-N,CC(C)(C)C#CC=CC=O,,,C9H12O,136.088815004,2.422,0,0,0,BTM00015,BTM00015,N-Dealkylation of acyclic tertiary amine,BTMR1142,"CYP1A2
CYP2A6
CYP2B6
CYP2C8
CYP2C9
CYP2C19
CYP2D6
CYP2E1
CYP3A4",HUMAN,BTM00009,CC(C)(C)C#CC=CCN(C)CC1=CC=CC2=CC=CC(=C21)O,"InChI=1S/C21H25NO/c1-21(2,3)14-6-5-7-15-22(4)16-18-12-8-10-17-11-9-13-19(23)20(17)18/h5,7-13,23H,15-16H2,1-4H3/b7-5+",KQCOVYYHSMUBQE-FNORWQNLSA-N,5.068299999999999,307.19361442
"InChI=1S/C12H13NO/c1-13-8-10-6-2-4-9-5-3-7-11(14)12(9)10/h2-7,13-14H,8H2,1H3",BJUVPQIKPFOBDD-UHFFFAOYSA-N,N(C)CC1=CC=CC2=CC=CC(=C21)O,,,C12H13NO,187.099714036,2.0086999999999997,0,0,0,BTM00142,BTM00142,N-Dealkylation of acyclic tertiary amine,BTMR1142,"CYP1A2
CYP2A6
CYP2B6
CYP2C8
CYP2C9
CYP2C19
CYP2D6
CYP2E1
CYP3A4",HUMAN,BTM00009,CC(C)(C)C#CC=CCN(C)CC1=CC=CC2=CC=CC(=C21)O,"InChI=1S/C21H25NO/c1-21(2,3)14-6-5-7-15-22(4)16-18-12-8-10-17-11-9-13-19(23)20(17)18/h5,7-13,23H,15-16H2,1-4H3/b7-5+",KQCOVYYHSMUBQE-FNORWQNLSA-N,5.068299999999999,307.19361442
"InChI=1S/C10H17N/c1-10(2,3)8-6-5-7-9-11-4/h5,7,11H,9H2,1-4H3/b7-5+",XQRHBYHDDOJZTM-FNORWQNLSA-N,CC(C)(C)C#CC=CCNC,,,C10H17N,151.136099544,2.3078999999999987,0,0,0,BTM00017,BTM00017,N-Dealkylation of acyclic tertiary amine,BTMR1142,"CYP1A2
CYP2A6
CYP2B6
CYP2C8
CYP2C9
CYP2C19
CYP2D6
CYP2E1
CYP3A4",HUMAN,BTM00009,CC(C)(C)C#CC=CCN(C)CC1=CC=CC2=CC=CC(=C21)O,"InChI=1S/C21H25NO/c1-21(2,3)14-6-5-7-15-22(4)16-18-12-8-10-17-11-9-13-19(23)20(17)18/h5,7-13,23H,15-16H2,1-4H3/b7-5+",KQCOVYYHSMUBQE-FNORWQNLSA-N,5.068299999999999,307.19361442
"InChI=1S/C11H8O2/c12-7-9-5-1-3-8-4-2-6-10(13)11(8)9/h1-7,13H",ZEUYQHCPNSUTRG-UHFFFAOYSA-N,C(C1=CC=CC2=CC=CC(=C21)O)=O,,,C11H8O2,172.052429496,2.2303999999999995,0,0,0,BTM00143,BTM00143,N-Dealkylation of acyclic tertiary amine,BTMR1142,"CYP1A2
CYP2A6
CYP2B6
CYP2C8
CYP2C9
CYP2C19
CYP2D6
CYP2E1
CYP3A4",HUMAN,BTM00009,CC(C)(C)C#CC=CCN(C)CC1=CC=CC2=CC=CC(=C21)O,"InChI=1S/C21H25NO/c1-21(2,3)14-6-5-7-15-22(4)16-18-12-8-10-17-11-9-13-19(23)20(17)18/h5,7-13,23H,15-16H2,1-4H3/b7-5+",KQCOVYYHSMUBQE-FNORWQNLSA-N,5.068299999999999,307.19361442
"InChI=1S/C20H23NO/c1-20(2,3)13-5-4-6-14-21-15-17-11-7-9-16-10-8-12-18(22)19(16)17/h4,6-12,21-22H,14-15H2,1-3H3/b6-4+",ITZASWCZJDFWDS-GQCTYLIASA-N,CC(C)(C)C#CC=CCNCC1=CC=CC2=CC=CC(=C21)O,,,C20H23NO,293.177964356,4.532399999999997,1,0,0,BTM00144,BTM00144,N-Dealkylation of acyclic tertiary amine,BTMR1142,"CYP1A2
CYP2A6
CYP2B6
CYP2C8
CYP2C9
CYP2C19
CYP2D6
CYP2E1
CYP3A4",HUMAN,BTM00009,CC(C)(C)C#CC=CCN(C)CC1=CC=CC2=CC=CC(=C21)O,"InChI=1S/C21H25NO/c1-21(2,3)14-6-5-7-15-22(4)16-18-12-8-10-17-11-9-13-19(23)20(17)18/h5,7-13,23H,15-16H2,1-4H3/b7-5+",KQCOVYYHSMUBQE-FNORWQNLSA-N,5.068299999999999,307.19361442
"InChI=1S/C21H25NO2/c1-21(2,3)14-6-5-13-19(24)22(4)15-17-11-7-9-16-10-8-12-18(23)20(16)17/h5,7-13,19,23-24H,15H2,1-4H3/b13-5+",MFOBWGDCDRMKFQ-WLRTZDKTSA-N,CC(C)(C)C#CC=CC(N(C)CC1=CC=CC2=CC=CC(=C21)O)O,,,C21H25NO2,323.18852904000005,4.728599999999999,1,0,0,BTM00145,BTM00145,Aliphatic hydroxylation of carbon alpha to secondary or tertiary alkyl-N,BTMR1081,"CYP2B6
CYP2C19
CYP2D6",HUMAN,BTM00009,CC(C)(C)C#CC=CCN(C)CC1=CC=CC2=CC=CC(=C21)O,"InChI=1S/C21H25NO/c1-21(2,3)14-6-5-7-15-22(4)16-18-12-8-10-17-11-9-13-19(23)20(17)18/h5,7-13,23H,15-16H2,1-4H3/b7-5+",KQCOVYYHSMUBQE-FNORWQNLSA-N,5.068299999999999,307.19361442
"InChI=1S/C21H25NO2/c1-21(2,3)14-6-5-7-15-22(4)20(24)17-12-8-10-16-11-9-13-18(23)19(16)17/h5,7-13,20,23-24H,15H2,1-4H3/b7-5+",WSQRKAFYDZXFOG-FNORWQNLSA-N,CC(C)(C)C#CC=CCN(C)C(C1=CC=CC2=CC=CC(=C21)O)O,,,C21H25NO2,323.18852904000005,4.728599999999999,1,0,0,BTM00070,BTM00070,Aliphatic hydroxylation of carbon alpha to secondary or tertiary alkyl-N,BTMR1081,"CYP2B6
CYP2C19
CYP2D6",HUMAN,BTM00009,CC(C)(C)C#CC=CCN(C)CC1=CC=CC2=CC=CC(=C21)O,"InChI=1S/C21H25NO/c1-21(2,3)14-6-5-7-15-22(4)16-18-12-8-10-17-11-9-13-19(23)20(17)18/h5,7-13,23H,15-16H2,1-4H3/b7-5+",KQCOVYYHSMUBQE-FNORWQNLSA-N,5.068299999999999,307.19361442
"InChI=1S/C21H25NO2/c1-21(2,3)14-6-5-7-15-22(4)20(24)18-12-8-11-17-16(18)10-9-13-19(17)23/h5,7-13,20,23-24H,15H2,1-4H3/b7-5+",VKWSQQMVBMZONU-FNORWQNLSA-N,CC(C)(C)C#CC=CCN(C)C(C1=CC=CC2=C(C=CC=C21)O)O,,,C21H25NO2,323.18852904,4.728599999999999,1,0,0,BTM00071,BTM00071,Hydroxylation of non-terminal aliphatic carbon adjacent to aromatic ring,BTMR1077,"CYP1A2
CYP2C8
CYP2C9
CYP2D6
CYP3A4",HUMAN,BTM00010,CC(C)(C)C#CC=CCN(C)CC1=CC=CC2=C(C=CC=C21)O,"InChI=1S/C21H25NO/c1-21(2,3)14-6-5-7-15-22(4)16-17-10-8-12-19-18(17)11-9-13-20(19)23/h5,7-13,23H,15-16H2,1-4H3/b7-5+",NOSDWXWCYDGDTF-FNORWQNLSA-N,5.068299999999999,307.19361442
"InChI=1S/C21H25NO2/c1-21(2,3)13-6-5-7-14-22(4)15-18-16-9-8-10-19(23)17(16)11-12-20(18)24/h5,7-12,23-24H,14-15H2,1-4H3/b7-5+",GJEHMYIHHALNNW-FNORWQNLSA-N,CC(C)(C)C#CC=CCN(C)CC1=C(C=CC2=C(C=CC=C21)O)O,,,C21H25NO2,323.18852904000005,4.800899999999999,1,0,0,BTM00084,BTM00084,Aromatic hydroxylation of fused benzene ring,BTMR1030,"CYP1A2
CYP2A6
CYP2B6
CYP2C8
CYP2C9
CYP2C19
CYP2D6
CYP2E1
CYP3A4",HUMAN,BTM00010,CC(C)(C)C#CC=CCN(C)CC1=CC=CC2=C(C=CC=C21)O,"InChI=1S/C21H25NO/c1-21(2,3)14-6-5-7-15-22(4)16-17-10-8-12-19-18(17)11-9-13-20(19)23/h5,7-13,23H,15-16H2,1-4H3/b7-5+",NOSDWXWCYDGDTF-FNORWQNLSA-N,5.068299999999999,307.19361442
"InChI=1S/C21H25NO2/c1-21(2,3)11-6-5-7-12-22(4)15-16-13-17(23)14-19-18(16)9-8-10-20(19)24/h5,7-10,13-14,23-24H,12,15H2,1-4H3/b7-5+",RKYRCSFTBLPBQO-FNORWQNLSA-N,CC(C)(C)C#CC=CCN(C)CC1=CC(=CC2=C(C=CC=C21)O)O,,,C21H25NO2,323.18852904000005,4.800899999999999,1,0,0,BTM00097,BTM00097,Aromatic hydroxylation of fused benzene ring,BTMR1030,"CYP1A2
CYP2A6
CYP2B6
CYP2C8
CYP2C9
CYP2C19
CYP2D6
CYP2E1
CYP3A4",HUMAN,BTM00010,CC(C)(C)C#CC=CCN(C)CC1=CC=CC2=C(C=CC=C21)O,"InChI=1S/C21H25NO/c1-21(2,3)14-6-5-7-15-22(4)16-17-10-8-12-19-18(17)11-9-13-20(19)23/h5,7-13,23H,15-16H2,1-4H3/b7-5+",NOSDWXWCYDGDTF-FNORWQNLSA-N,5.068299999999999,307.19361442
"InChI=1S/C21H25NO2/c1-21(2,3)13-6-5-7-14-22(4)15-16-9-8-10-18-17(16)11-12-19(23)20(18)24/h5,7-12,23-24H,14-15H2,1-4H3/b7-5+",OZUIZHMLRLTKOH-FNORWQNLSA-N,CC(C)(C)C#CC=CCN(C)CC1=CC=CC2=C(C(=CC=C21)O)O,,,C21H25NO2,323.18852904,4.800899999999999,1,0,0,BTM00146,BTM00146,Aromatic hydroxylation of fused benzene ring,BTMR1030,"CYP1A2
CYP2A6
CYP2B6
CYP2C8
CYP2C9
CYP2C19
CYP2D6
CYP2E1
CYP3A4",HUMAN,BTM00010,CC(C)(C)C#CC=CCN(C)CC1=CC=CC2=C(C=CC=C21)O,"InChI=1S/C21H25NO/c1-21(2,3)14-6-5-7-15-22(4)16-17-10-8-12-19-18(17)11-9-13-20(19)23/h5,7-13,23H,15-16H2,1-4H3/b7-5+",NOSDWXWCYDGDTF-FNORWQNLSA-N,5.068299999999999,307.19361442
"InChI=1S/C21H25NO2/c1-21(2,3)11-6-5-7-12-22(4)15-16-9-8-10-18-19(16)13-17(23)14-20(18)24/h5,7-10,13-14,23-24H,12,15H2,1-4H3/b7-5+",JWXYNYWDCQVYSF-FNORWQNLSA-N,CC(C)(C)C#CC=CCN(C)CC1=CC=CC2=C(C=C(C=C21)O)O,,,C21H25NO2,323.18852904000005,4.800899999999999,1,0,0,BTM00117,BTM00117,Aromatic hydroxylation of fused benzene ring,BTMR1030,"CYP1A2
CYP2A6
CYP2B6
CYP2C8
CYP2C9
CYP2C19
CYP2D6
CYP2E1
CYP3A4",HUMAN,BTM00010,CC(C)(C)C#CC=CCN(C)CC1=CC=CC2=C(C=CC=C21)O,"InChI=1S/C21H25NO/c1-21(2,3)14-6-5-7-15-22(4)16-17-10-8-12-19-18(17)11-9-13-20(19)23/h5,7-13,23H,15-16H2,1-4H3/b7-5+",NOSDWXWCYDGDTF-FNORWQNLSA-N,5.068299999999999,307.19361442
"InChI=1S/C21H25NO2/c1-21(2,3)14-6-5-7-15-22(4,24)16-17-10-8-12-19-18(17)11-9-13-20(19)23/h5,7-13,23H,15-16H2,1-4H3/b7-5+",XTEXTMIWPNTGFO-FNORWQNLSA-N,CC(C)(C)C#CC=CC[N+](C)(CC1=CC=CC2=C(C=CC=C21)O)[O-],,,C21H25NO2,323.18852904,4.663199999999999,0,0,0,BTM00126,BTM00126,N-Oxidation of aliphatic tertiary amine,BTMR1100,"CYP1A2
CYP2D6
CYP3A4",HUMAN,BTM00010,CC(C)(C)C#CC=CCN(C)CC1=CC=CC2=C(C=CC=C21)O,"InChI=1S/C21H25NO/c1-21(2,3)14-6-5-7-15-22(4)16-17-10-8-12-19-18(17)11-9-13-20(19)23/h5,7-13,23H,15-16H2,1-4H3/b7-5+",NOSDWXWCYDGDTF-FNORWQNLSA-N,5.068299999999999,307.19361442
"InChI=1S/C21H25NO2/c1-21(2,3)12-11-19-20(24-19)14-22(4)13-15-7-5-9-17-16(15)8-6-10-18(17)23/h5-10,19-20,23H,13-14H2,1-4H3",SZEITTDIDYTNEF-UHFFFAOYSA-N,CC(C)(C)C#CC1C(CN(C)CC2=CC=CC3=C(C=CC=C32)O)O1,,,C21H25NO2,323.18852904,4.345599999999999,0,0,0,BTM00132,BTM00132,Epoxidation of alkene,BTMR0109,"CYP1A2
CYP2B6
CYP2B6
CYP2C8
CYP2C9
CYP2C19
CYP2D6
CYP2E1
CYP3A4",HUMAN,BTM00010,CC(C)(C)C#CC=CCN(C)CC1=CC=CC2=C(C=CC=C21)O,"InChI=1S/C21H25NO/c1-21(2,3)14-6-5-7-15-22(4)16-17-10-8-12-19-18(17)11-9-13-20(19)23/h5,7-13,23H,15-16H2,1-4H3/b7-5+",NOSDWXWCYDGDTF-FNORWQNLSA-N,5.068299999999999,307.19361442
"InChI=1S/C21H25NO2/c1-21(2,16-23)13-5-4-6-14-22(3)15-17-9-7-11-19-18(17)10-8-12-20(19)24/h4,6-12,23-24H,14-16H2,1-3H3/b6-4+",QHWNUMNYWSBMKX-GQCTYLIASA-N,C(C(C)(C)C#CC=CCN(C)CC1=CC=CC2=C(C=CC=C21)O)O,,,C21H25NO2,323.18852904,3.9776,0,0,0,BTM00147,BTM00147,Hydroxylation of terminal methyl,BTMR1061,"CYP1A2
CYP2A6
CYP2B6
CYP2C8
CYP2C9
CYP2C19
CYP2D6
CYP2E1
CYP3A4",HUMAN,BTM00010,CC(C)(C)C#CC=CCN(C)CC1=CC=CC2=C(C=CC=C21)O,"InChI=1S/C21H25NO/c1-21(2,3)14-6-5-7-15-22(4)16-17-10-8-12-19-18(17)11-9-13-20(19)23/h5,7-13,23H,15-16H2,1-4H3/b7-5+",NOSDWXWCYDGDTF-FNORWQNLSA-N,5.068299999999999,307.19361442
"InChI=1S/C21H25NO2/c1-21(2,3)11-6-5-7-12-22(4)14-15-13-18-20(24-18)19-16(15)9-8-10-17(19)23/h5,7-10,13,18,20,23H,12,14H2,1-4H3/b7-5+",OKOIPDYLOUKVEV-FNORWQNLSA-N,CC(C)(C)C#CC=CCN(C)CC1=CC2C(C3=C(C=CC=C31)O)O2,,,C21H25NO2,323.18852904000005,4.021399999999998,0,0,0,BTM00148,BTM00148,Epoxidation of arene,BTMR1027,"CYP1A2
CYP2B6
CYP2C8
CYP2C9
CYP2C19
CYP2E1
CYP3A4",HUMAN,BTM00010,CC(C)(C)C#CC=CCN(C)CC1=CC=CC2=C(C=CC=C21)O,"InChI=1S/C21H25NO/c1-21(2,3)14-6-5-7-15-22(4)16-17-10-8-12-19-18(17)11-9-13-20(19)23/h5,7-13,23H,15-16H2,1-4H3/b7-5+",NOSDWXWCYDGDTF-FNORWQNLSA-N,5.068299999999999,307.19361442
"InChI=1S/C21H23NO2/c1-21(2,3)11-6-5-7-12-22(4)14-15-9-8-10-16-17(23)13-18-20(24-18)19(15)16/h5,7-10,13,23H,12,14H2,1-4H3/b7-5+",FKVGTCRJQVADPM-FNORWQNLSA-N,CC(C)(C)C#CC=CCN(C)CC1=CC=CC2=C(C=C3C(=C21)O3)O,,,C21H23NO2,321.172878976,4.7985,0,0,0,BTM00149,BTM00149,Epoxidation of arene,BTMR1027,"CYP1A2
CYP2B6
CYP2C8
CYP2C9
CYP2C19
CYP2E1
CYP3A4",HUMAN,BTM00010,CC(C)(C)C#CC=CCN(C)CC1=CC=CC2=C(C=CC=C21)O,"InChI=1S/C21H25NO/c1-21(2,3)14-6-5-7-15-22(4)16-17-10-8-12-19-18(17)11-9-13-20(19)23/h5,7-13,23H,15-16H2,1-4H3/b7-5+",NOSDWXWCYDGDTF-FNORWQNLSA-N,5.068299999999999,307.19361442
"InChI=1S/C9H12O/c1-9(2,3)7-5-4-6-8-10/h4,6,8H,1-3H3/b6-4+",ITSLKJVPPOREBI-GQCTYLIASA-N,CC(C)(C)C#CC=CC=O,,,C9H12O,136.088815004,2.422,0,0,0,BTM00015,BTM00015,N-Dealkylation of acyclic tertiary amine,BTMR1142,"CYP1A2
CYP2A6
CYP2B6
CYP2C8
CYP2C9
CYP2C19
CYP2D6
CYP2E1
CYP3A4",HUMAN,BTM00010,CC(C)(C)C#CC=CCN(C)CC1=CC=CC2=C(C=CC=C21)O,"InChI=1S/C21H25NO/c1-21(2,3)14-6-5-7-15-22(4)16-17-10-8-12-19-18(17)11-9-13-20(19)23/h5,7-13,23H,15-16H2,1-4H3/b7-5+",NOSDWXWCYDGDTF-FNORWQNLSA-N,5.068299999999999,307.19361442
"InChI=1S/C12H13NO/c1-13-8-9-4-2-6-11-10(9)5-3-7-12(11)14/h2-7,13-14H,8H2,1H3",GIZXUIDDYRAJHY-UHFFFAOYSA-N,N(C)CC1=CC=CC2=C(C=CC=C21)O,,,C12H13NO,187.099714036,2.0086999999999997,0,0,0,BTM00150,BTM00150,N-Dealkylation of acyclic tertiary amine,BTMR1142,"CYP1A2
CYP2A6
CYP2B6
CYP2C8
CYP2C9
CYP2C19
CYP2D6
CYP2E1
CYP3A4",HUMAN,BTM00010,CC(C)(C)C#CC=CCN(C)CC1=CC=CC2=C(C=CC=C21)O,"InChI=1S/C21H25NO/c1-21(2,3)14-6-5-7-15-22(4)16-17-10-8-12-19-18(17)11-9-13-20(19)23/h5,7-13,23H,15-16H2,1-4H3/b7-5+",NOSDWXWCYDGDTF-FNORWQNLSA-N,5.068299999999999,307.19361442
"InChI=1S/C10H17N/c1-10(2,3)8-6-5-7-9-11-4/h5,7,11H,9H2,1-4H3/b7-5+",XQRHBYHDDOJZTM-FNORWQNLSA-N,CC(C)(C)C#CC=CCNC,,,C10H17N,151.136099544,2.3078999999999987,0,0,0,BTM00017,BTM00017,N-Dealkylation of acyclic tertiary amine,BTMR1142,"CYP1A2
CYP2A6
CYP2B6
CYP2C8
CYP2C9
CYP2C19
CYP2D6
CYP2E1
CYP3A4",HUMAN,BTM00010,CC(C)(C)C#CC=CCN(C)CC1=CC=CC2=C(C=CC=C21)O,"InChI=1S/C21H25NO/c1-21(2,3)14-6-5-7-15-22(4)16-17-10-8-12-19-18(17)11-9-13-20(19)23/h5,7-13,23H,15-16H2,1-4H3/b7-5+",NOSDWXWCYDGDTF-FNORWQNLSA-N,5.068299999999999,307.19361442
"InChI=1S/C11H8O2/c12-7-8-3-1-5-10-9(8)4-2-6-11(10)13/h1-7,13H",CPXIBWAVNCSOPW-UHFFFAOYSA-N,C(C1=CC=CC2=C(C=CC=C21)O)=O,,,C11H8O2,172.052429496,2.2303999999999995,0,0,0,BTM00151,BTM00151,N-Dealkylation of acyclic tertiary amine,BTMR1142,"CYP1A2
CYP2A6
CYP2B6
CYP2C8
CYP2C9
CYP2C19
CYP2D6
CYP2E1
CYP3A4",HUMAN,BTM00010,CC(C)(C)C#CC=CCN(C)CC1=CC=CC2=C(C=CC=C21)O,"InChI=1S/C21H25NO/c1-21(2,3)14-6-5-7-15-22(4)16-17-10-8-12-19-18(17)11-9-13-20(19)23/h5,7-13,23H,15-16H2,1-4H3/b7-5+",NOSDWXWCYDGDTF-FNORWQNLSA-N,5.068299999999999,307.19361442
"InChI=1S/C20H23NO/c1-20(2,3)13-5-4-6-14-21-15-16-9-7-11-18-17(16)10-8-12-19(18)22/h4,6-12,21-22H,14-15H2,1-3H3/b6-4+",AVRJJWDXKAWABY-GQCTYLIASA-N,CC(C)(C)C#CC=CCNCC1=CC=CC2=C(C=CC=C21)O,,,C20H23NO,293.177964356,4.532399999999997,1,0,0,BTM00152,BTM00152,N-Dealkylation of acyclic tertiary amine,BTMR1142,"CYP1A2
CYP2A6
CYP2B6
CYP2C8
CYP2C9
CYP2C19
CYP2D6
CYP2E1
CYP3A4",HUMAN,BTM00010,CC(C)(C)C#CC=CCN(C)CC1=CC=CC2=C(C=CC=C21)O,"InChI=1S/C21H25NO/c1-21(2,3)14-6-5-7-15-22(4)16-17-10-8-12-19-18(17)11-9-13-20(19)23/h5,7-13,23H,15-16H2,1-4H3/b7-5+",NOSDWXWCYDGDTF-FNORWQNLSA-N,5.068299999999999,307.19361442
"InChI=1S/C21H25NO2/c1-21(2,3)14-6-5-13-20(24)22(4)15-16-9-7-11-18-17(16)10-8-12-19(18)23/h5,7-13,20,23-24H,15H2,1-4H3/b13-5+",ZJISXWVBWSXDCF-WLRTZDKTSA-N,CC(C)(C)C#CC=CC(N(C)CC1=CC=CC2=C(C=CC=C21)O)O,,,C21H25NO2,323.18852904,4.728599999999999,1,0,0,BTM00153,BTM00153,Aliphatic hydroxylation of carbon alpha to secondary or tertiary alkyl-N,BTMR1081,"CYP2B6
CYP2C19
CYP2D6",HUMAN,BTM00010,CC(C)(C)C#CC=CCN(C)CC1=CC=CC2=C(C=CC=C21)O,"InChI=1S/C21H25NO/c1-21(2,3)14-6-5-7-15-22(4)16-17-10-8-12-19-18(17)11-9-13-20(19)23/h5,7-13,23H,15-16H2,1-4H3/b7-5+",NOSDWXWCYDGDTF-FNORWQNLSA-N,5.068299999999999,307.19361442
"InChI=1S/C21H25NO2/c1-21(2,3)14-6-5-7-15-22(4)20(24)18-12-8-11-17-16(18)10-9-13-19(17)23/h5,7-13,20,23-24H,15H2,1-4H3/b7-5+",VKWSQQMVBMZONU-FNORWQNLSA-N,CC(C)(C)C#CC=CCN(C)C(C1=CC=CC2=C(C=CC=C21)O)O,,,C21H25NO2,323.18852904,4.728599999999999,1,0,0,BTM00071,BTM00071,Aliphatic hydroxylation of carbon alpha to secondary or tertiary alkyl-N,BTMR1081,"CYP2B6
CYP2C19
CYP2D6",HUMAN,BTM00010,CC(C)(C)C#CC=CCN(C)CC1=CC=CC2=C(C=CC=C21)O,"InChI=1S/C21H25NO/c1-21(2,3)14-6-5-7-15-22(4)16-17-10-8-12-19-18(17)11-9-13-20(19)23/h5,7-13,23H,15-16H2,1-4H3/b7-5+",NOSDWXWCYDGDTF-FNORWQNLSA-N,5.068299999999999,307.19361442
"InChI=1S/C21H25NO2/c1-21(2,16-23)14-7-4-8-15-22(3)20(24)19-13-9-11-17-10-5-6-12-18(17)19/h4-6,8-13,20,23-24H,15-16H2,1-3H3/b8-4+",JZXJGJTYAYSKAF-XBXARRHUSA-N,C(C(C)(C)C#CC=CCN(C)C(C1=CC=CC2=CC=CC=C21)O)O,,,C21H25NO2,323.18852904,3.905299999999998,0,0,0,BTM00072,BTM00072,Hydroxylation of non-terminal aliphatic carbon adjacent to aromatic ring,BTMR1077,"CYP1A2
CYP2C8
CYP2C9
CYP2D6
CYP3A4",HUMAN,BTM00011,C(C(C)(C)C#CC=CCN(C)CC1=CC=CC2=CC=CC=C21)O,"InChI=1S/C21H25NO/c1-21(2,17-23)14-7-4-8-15-22(3)16-19-12-9-11-18-10-5-6-13-20(18)19/h4-6,8-13,23H,15-17H2,1-3H3/b8-4+",GPEJUKJZTGFNKY-XBXARRHUSA-N,4.244999999999998,307.19361442
"InChI=1S/C21H25NO2/c1-21(2,16-23)13-7-4-8-14-22(3)15-19-18-10-6-5-9-17(18)11-12-20(19)24/h4-6,8-12,23-24H,14-16H2,1-3H3/b8-4+",LZCAECBADNFVHJ-XBXARRHUSA-N,C(C(C)(C)C#CC=CCN(C)CC1=C(C=CC2=CC=CC=C21)O)O,,,C21H25NO2,323.18852904000005,3.9776,0,0,0,BTM00085,BTM00085,Aromatic hydroxylation of fused benzene ring,BTMR1030,"CYP1A2
CYP2A6
CYP2B6
CYP2C8
CYP2C9
CYP2C19
CYP2D6
CYP2E1
CYP3A4",HUMAN,BTM00011,C(C(C)(C)C#CC=CCN(C)CC1=CC=CC2=CC=CC=C21)O,"InChI=1S/C21H25NO/c1-21(2,17-23)14-7-4-8-15-22(3)16-19-12-9-11-18-10-5-6-13-20(18)19/h4-6,8-13,23H,15-17H2,1-3H3/b8-4+",GPEJUKJZTGFNKY-XBXARRHUSA-N,4.244999999999998,307.19361442
"InChI=1S/C21H25NO2/c1-21(2,16-23)11-7-4-8-12-22(3)15-18-14-19(24)13-17-9-5-6-10-20(17)18/h4-6,8-10,13-14,23-24H,12,15-16H2,1-3H3/b8-4+",BTBXIODNRZMRJM-XBXARRHUSA-N,C(C(C)(C)C#CC=CCN(C)CC1=CC(=CC2=CC=CC=C21)O)O,,,C21H25NO2,323.18852904000005,3.9776,0,0,0,BTM00098,BTM00098,Aromatic hydroxylation of fused benzene ring,BTMR1030,"CYP1A2
CYP2A6
CYP2B6
CYP2C8
CYP2C9
CYP2C19
CYP2D6
CYP2E1
CYP3A4",HUMAN,BTM00011,C(C(C)(C)C#CC=CCN(C)CC1=CC=CC2=CC=CC=C21)O,"InChI=1S/C21H25NO/c1-21(2,17-23)14-7-4-8-15-22(3)16-19-12-9-11-18-10-5-6-13-20(18)19/h4-6,8-13,23H,15-17H2,1-3H3/b8-4+",GPEJUKJZTGFNKY-XBXARRHUSA-N,4.244999999999998,307.19361442
"InChI=1S/C21H25NO2/c1-21(2,16-23)12-5-4-6-13-22(3)15-18-9-7-8-17-14-19(24)10-11-20(17)18/h4,6-11,14,23-24H,13,15-16H2,1-3H3/b6-4+",WAYXHUREXOFKBT-GQCTYLIASA-N,C(C(C)(C)C#CC=CCN(C)CC1=CC=CC2=CC(=CC=C21)O)O,,,C21H25NO2,323.18852904,3.9776,0,0,0,BTM00109,BTM00109,Aromatic hydroxylation of fused benzene ring,BTMR1030,"CYP1A2
CYP2A6
CYP2B6
CYP2C8
CYP2C9
CYP2C19
CYP2D6
CYP2E1
CYP3A4",HUMAN,BTM00011,C(C(C)(C)C#CC=CCN(C)CC1=CC=CC2=CC=CC=C21)O,"InChI=1S/C21H25NO/c1-21(2,17-23)14-7-4-8-15-22(3)16-19-12-9-11-18-10-5-6-13-20(18)19/h4-6,8-13,23H,15-17H2,1-3H3/b8-4+",GPEJUKJZTGFNKY-XBXARRHUSA-N,4.244999999999998,307.19361442
"InChI=1S/C21H25NO2/c1-21(2,16-23)12-5-4-6-13-22(3)15-18-9-7-8-17-10-11-19(24)14-20(17)18/h4,6-11,14,23-24H,13,15-16H2,1-3H3/b6-4+",XSMPZZQDYJSTPC-GQCTYLIASA-N,C(C(C)(C)C#CC=CCN(C)CC1=CC=CC2=CC=C(C=C21)O)O,,,C21H25NO2,323.18852904,3.9776,0,0,0,BTM00118,BTM00118,Aromatic hydroxylation of fused benzene ring,BTMR1030,"CYP1A2
CYP2A6
CYP2B6
CYP2C8
CYP2C9
CYP2C19
CYP2D6
CYP2E1
CYP3A4",HUMAN,BTM00011,C(C(C)(C)C#CC=CCN(C)CC1=CC=CC2=CC=CC=C21)O,"InChI=1S/C21H25NO/c1-21(2,17-23)14-7-4-8-15-22(3)16-19-12-9-11-18-10-5-6-13-20(18)19/h4-6,8-13,23H,15-17H2,1-3H3/b8-4+",GPEJUKJZTGFNKY-XBXARRHUSA-N,4.244999999999998,307.19361442
"InChI=1S/C21H25NO2/c1-21(2,17-23)14-7-4-8-15-22(3,24)16-19-12-9-11-18-10-5-6-13-20(18)19/h4-6,8-13,23H,15-17H2,1-3H3/b8-4+",HURAZRHWCVRVFY-XBXARRHUSA-N,C(C(C)(C)C#CC=CC[N+](C)(CC1=CC=CC2=CC=CC=C21)[O-])O,,,C21H25NO2,323.18852904000005,3.8398999999999974,0,0,0,BTM00127,BTM00127,N-Oxidation of aliphatic tertiary amine,BTMR1100,"CYP1A2
CYP2D6
CYP3A4",HUMAN,BTM00011,C(C(C)(C)C#CC=CCN(C)CC1=CC=CC2=CC=CC=C21)O,"InChI=1S/C21H25NO/c1-21(2,17-23)14-7-4-8-15-22(3)16-19-12-9-11-18-10-5-6-13-20(18)19/h4-6,8-13,23H,15-17H2,1-3H3/b8-4+",GPEJUKJZTGFNKY-XBXARRHUSA-N,4.244999999999998,307.19361442
"InChI=1S/C21H25NO2/c1-21(2,15-23)12-11-19-20(24-19)14-22(3)13-17-9-6-8-16-7-4-5-10-18(16)17/h4-10,19-20,23H,13-15H2,1-3H3",NIQYCCWUYZYDJU-UHFFFAOYSA-N,C(C(C)(C)C#CC1C(CN(C)CC2=CC=CC3=CC=CC=C32)O1)O,,,C21H25NO2,323.18852904,3.5222999999999978,0,0,0,BTM00133,BTM00133,Epoxidation of alkene,BTMR0109,"CYP1A2
CYP2B6
CYP2B6
CYP2C8
CYP2C9
CYP2C19
CYP2D6
CYP2E1
CYP3A4",HUMAN,BTM00011,C(C(C)(C)C#CC=CCN(C)CC1=CC=CC2=CC=CC=C21)O,"InChI=1S/C21H25NO/c1-21(2,17-23)14-7-4-8-15-22(3)16-19-12-9-11-18-10-5-6-13-20(18)19/h4-6,8-13,23H,15-17H2,1-3H3/b8-4+",GPEJUKJZTGFNKY-XBXARRHUSA-N,4.244999999999998,307.19361442
"InChI=1S/C21H25NO2/c1-21(2,16-23)13-5-4-6-14-22(3)15-18-11-7-9-17-10-8-12-19(24)20(17)18/h4,6-12,23-24H,14-16H2,1-3H3/b6-4+",HWLFNMHHEQTKAK-GQCTYLIASA-N,C(C(C)(C)C#CC=CCN(C)CC1=CC=CC2=CC=CC(=C21)O)O,,,C21H25NO2,323.18852904000005,3.9776,0,0,0,BTM00139,BTM00139,Aromatic hydroxylation of fused benzene ring,BTMR1031,"CYP1A2
CYP2B6
CYP2C8
CYP2C9
CYP2C19
CYP2D6
CYP3A4",HUMAN,BTM00011,C(C(C)(C)C#CC=CCN(C)CC1=CC=CC2=CC=CC=C21)O,"InChI=1S/C21H25NO/c1-21(2,17-23)14-7-4-8-15-22(3)16-19-12-9-11-18-10-5-6-13-20(18)19/h4-6,8-13,23H,15-17H2,1-3H3/b8-4+",GPEJUKJZTGFNKY-XBXARRHUSA-N,4.244999999999998,307.19361442
"InChI=1S/C21H25NO2/c1-21(2,16-23)13-5-4-6-14-22(3)15-17-9-7-11-19-18(17)10-8-12-20(19)24/h4,6-12,23-24H,14-16H2,1-3H3/b6-4+",QHWNUMNYWSBMKX-GQCTYLIASA-N,C(C(C)(C)C#CC=CCN(C)CC1=CC=CC2=C(C=CC=C21)O)O,,,C21H25NO2,323.18852904,3.9776,0,0,0,BTM00147,BTM00147,Aromatic hydroxylation of fused benzene ring,BTMR1031,"CYP1A2
CYP2B6
CYP2C8
CYP2C9
CYP2C19
CYP2D6
CYP3A4",HUMAN,BTM00011,C(C(C)(C)C#CC=CCN(C)CC1=CC=CC2=CC=CC=C21)O,"InChI=1S/C21H25NO/c1-21(2,17-23)14-7-4-8-15-22(3)16-19-12-9-11-18-10-5-6-13-20(18)19/h4-6,8-13,23H,15-17H2,1-3H3/b8-4+",GPEJUKJZTGFNKY-XBXARRHUSA-N,4.244999999999998,307.19361442
"InChI=1S/C21H23NO/c1-21(2,17-23)14-7-4-8-15-22(3)16-19-12-9-11-18-10-5-6-13-20(18)19/h4-6,8-13,17H,15-16H2,1-3H3/b8-4+",AGDBKBUWDNTESH-XBXARRHUSA-N,C(C(C)(C)C#CC=CCN(C)CC1=CC=CC2=CC=CC=C21)=O,,,C21H23NO,305.177964356,4.5013,0,0,0,BTM00154,BTM00154,Oxidation of primary alcohol to aldehyde,BTMR0105,"CYP1A2
CYP2E1
CYP3A4",HUMAN,BTM00011,C(C(C)(C)C#CC=CCN(C)CC1=CC=CC2=CC=CC=C21)O,"InChI=1S/C21H25NO/c1-21(2,17-23)14-7-4-8-15-22(3)16-19-12-9-11-18-10-5-6-13-20(18)19/h4-6,8-13,23H,15-17H2,1-3H3/b8-4+",GPEJUKJZTGFNKY-XBXARRHUSA-N,4.244999999999998,307.19361442
"InChI=1S/C21H25NO2/c1-21(16-23,17-24)13-6-3-7-14-22(2)15-19-11-8-10-18-9-4-5-12-20(18)19/h3-5,7-12,23-24H,14-17H2,1-2H3/b7-3+",LGBOSPOLOHDXSO-XVNBXDOJSA-N,C(C(C)(CO)C#CC=CCN(C)CC1=CC=CC2=CC=CC=C21)O,,,C21H25NO2,323.18852904000005,3.154300000000002,0,0,0,BTM00155,BTM00155,Hydroxylation of terminal methyl,BTMR1061,"CYP1A2
CYP2A6
CYP2B6
CYP2C8
CYP2C9
CYP2C19
CYP2D6
CYP2E1
CYP3A4",HUMAN,BTM00011,C(C(C)(C)C#CC=CCN(C)CC1=CC=CC2=CC=CC=C21)O,"InChI=1S/C21H25NO/c1-21(2,17-23)14-7-4-8-15-22(3)16-19-12-9-11-18-10-5-6-13-20(18)19/h4-6,8-13,23H,15-17H2,1-3H3/b8-4+",GPEJUKJZTGFNKY-XBXARRHUSA-N,4.244999999999998,307.19361442
"InChI=1S/C21H25NO2/c1-21(2,15-23)11-7-4-8-12-22(3)14-16-13-19-20(24-19)18-10-6-5-9-17(16)18/h4-6,8-10,13,19-20,23H,12,14-15H2,1-3H3/b8-4+",BARYPLKWMFQWEE-XBXARRHUSA-N,C(C(C)(C)C#CC=CCN(C)CC1=CC2C(C3=CC=CC=C31)O2)O,,,C21H25NO2,323.18852904,3.1980999999999966,0,0,0,BTM00156,BTM00156,Epoxidation of arene,BTMR1027,"CYP1A2
CYP2B6
CYP2C8
CYP2C9
CYP2C19
CYP2E1
CYP3A4",HUMAN,BTM00011,C(C(C)(C)C#CC=CCN(C)CC1=CC=CC2=CC=CC=C21)O,"InChI=1S/C21H25NO/c1-21(2,17-23)14-7-4-8-15-22(3)16-19-12-9-11-18-10-5-6-13-20(18)19/h4-6,8-13,23H,15-17H2,1-3H3/b8-4+",GPEJUKJZTGFNKY-XBXARRHUSA-N,4.244999999999998,307.19361442
"InChI=1S/C21H23NO2/c1-21(2,15-23)12-5-4-6-13-22(3)14-16-8-7-9-18-17(16)10-11-19-20(18)24-19/h4,6-11,23H,13-15H2,1-3H3/b6-4+",PJQAOGXODYDQNA-GQCTYLIASA-N,C(C(C)(C)C#CC=CCN(C)CC1=CC=CC2=C3C(=CC=C21)O3)O,,,C21H23NO2,321.17287897600005,3.9751999999999987,0,0,0,BTM00157,BTM00157,Epoxidation of arene,BTMR1027,"CYP1A2
CYP2B6
CYP2C8
CYP2C9
CYP2C19
CYP2E1
CYP3A4",HUMAN,BTM00011,C(C(C)(C)C#CC=CCN(C)CC1=CC=CC2=CC=CC=C21)O,"InChI=1S/C21H25NO/c1-21(2,17-23)14-7-4-8-15-22(3)16-19-12-9-11-18-10-5-6-13-20(18)19/h4-6,8-13,23H,15-17H2,1-3H3/b8-4+",GPEJUKJZTGFNKY-XBXARRHUSA-N,4.244999999999998,307.19361442
"InChI=1S/C21H23NO2/c1-21(2,15-23)12-5-4-6-13-22(3)14-17-9-7-8-16-10-11-18-20(24-18)19(16)17/h4,6-11,23H,13-15H2,1-3H3/b6-4+",QABIHDYZIOZYMW-GQCTYLIASA-N,C(C(C)(C)C#CC=CCN(C)CC1=CC=CC2=CC=C3C(=C21)O3)O,,,C21H23NO2,321.172878976,3.9751999999999987,0,0,0,BTM00158,BTM00158,Epoxidation of arene,BTMR1027,"CYP1A2
CYP2B6
CYP2C8
CYP2C9
CYP2C19
CYP2E1
CYP3A4",HUMAN,BTM00011,C(C(C)(C)C#CC=CCN(C)CC1=CC=CC2=CC=CC=C21)O,"InChI=1S/C21H25NO/c1-21(2,17-23)14-7-4-8-15-22(3)16-19-12-9-11-18-10-5-6-13-20(18)19/h4-6,8-13,23H,15-17H2,1-3H3/b8-4+",GPEJUKJZTGFNKY-XBXARRHUSA-N,4.244999999999998,307.19361442
"InChI=1S/C9H12O2/c1-9(2,8-11)6-4-3-5-7-10/h3,5,7,11H,8H2,1-2H3/b5-3+",JEKIPOXFQYVXCS-HWKANZROSA-N,C(C(C)(C)C#CC=CC=O)O,,,C9H12O2,152.083729624,1.3313000000000008,0,0,0,BTM00159,BTM00159,N-Dealkylation of acyclic tertiary amine,BTMR1142,"CYP1A2
CYP2A6
CYP2B6
CYP2C8
CYP2C9
CYP2C19
CYP2D6
CYP2E1
CYP3A4",HUMAN,BTM00011,C(C(C)(C)C#CC=CCN(C)CC1=CC=CC2=CC=CC=C21)O,"InChI=1S/C21H25NO/c1-21(2,17-23)14-7-4-8-15-22(3)16-19-12-9-11-18-10-5-6-13-20(18)19/h4-6,8-13,23H,15-17H2,1-3H3/b8-4+",GPEJUKJZTGFNKY-XBXARRHUSA-N,4.244999999999998,307.19361442
"InChI=1S/C12H13N/c1-13-9-11-7-4-6-10-5-2-3-8-12(10)11/h2-8,13H,9H2,1H3",MQRIUFVBEVFILS-UHFFFAOYSA-N,N(C)CC1=CC=CC2=CC=CC=C21,,,C12H13N,171.104799416,2.2760999999999982,0,0,0,BTM00016,BTM00016,N-Dealkylation of acyclic tertiary amine,BTMR1142,"CYP1A2
CYP2A6
CYP2B6
CYP2C8
CYP2C9
CYP2C19
CYP2D6
CYP2E1
CYP3A4",HUMAN,BTM00011,C(C(C)(C)C#CC=CCN(C)CC1=CC=CC2=CC=CC=C21)O,"InChI=1S/C21H25NO/c1-21(2,17-23)14-7-4-8-15-22(3)16-19-12-9-11-18-10-5-6-13-20(18)19/h4-6,8-13,23H,15-17H2,1-3H3/b8-4+",GPEJUKJZTGFNKY-XBXARRHUSA-N,4.244999999999998,307.19361442
"InChI=1S/C10H17NO/c1-10(2,9-12)7-5-4-6-8-11-3/h4,6,11-12H,8-9H2,1-3H3/b6-4+",QRVVUEGUNGHVSF-GQCTYLIASA-N,C(C(C)(C)C#CC=CCNC)O,,,C10H17NO,167.131014164,1.2171999999999983,0,0,0,BTM00160,BTM00160,N-Dealkylation of acyclic tertiary amine,BTMR1142,"CYP1A2
CYP2A6
CYP2B6
CYP2C8
CYP2C9
CYP2C19
CYP2D6
CYP2E1
CYP3A4",HUMAN,BTM00011,C(C(C)(C)C#CC=CCN(C)CC1=CC=CC2=CC=CC=C21)O,"InChI=1S/C21H25NO/c1-21(2,17-23)14-7-4-8-15-22(3)16-19-12-9-11-18-10-5-6-13-20(18)19/h4-6,8-13,23H,15-17H2,1-3H3/b8-4+",GPEJUKJZTGFNKY-XBXARRHUSA-N,4.244999999999998,307.19361442
InChI=1S/C11H8O/c12-8-10-6-3-5-9-4-1-2-7-11(9)10/h1-8H,SQAINHDHICKHLX-UHFFFAOYSA-N,C(C1=CC=CC2=CC=CC=C21)=O,,,C11H8O,156.057514876,2.4978000000000002,0,0,0,BTM00018,BTM00018,N-Dealkylation of acyclic tertiary amine,BTMR1142,"CYP1A2
CYP2A6
CYP2B6
CYP2C8
CYP2C9
CYP2C19
CYP2D6
CYP2E1
CYP3A4",HUMAN,BTM00011,C(C(C)(C)C#CC=CCN(C)CC1=CC=CC2=CC=CC=C21)O,"InChI=1S/C21H25NO/c1-21(2,17-23)14-7-4-8-15-22(3)16-19-12-9-11-18-10-5-6-13-20(18)19/h4-6,8-13,23H,15-17H2,1-3H3/b8-4+",GPEJUKJZTGFNKY-XBXARRHUSA-N,4.244999999999998,307.19361442
"InChI=1S/C20H23NO/c1-20(2,16-22)13-6-3-7-14-21-15-18-11-8-10-17-9-4-5-12-19(17)18/h3-5,7-12,21-22H,14-16H2,1-2H3/b7-3+",CKGLMMKXUSSSAA-XVNBXDOJSA-N,C(C(C)(C)C#CC=CCNCC1=CC=CC2=CC=CC=C21)O,,,C20H23NO,293.177964356,3.709099999999998,0,0,0,BTM00161,BTM00161,N-Dealkylation of acyclic tertiary amine,BTMR1142,"CYP1A2
CYP2A6
CYP2B6
CYP2C8
CYP2C9
CYP2C19
CYP2D6
CYP2E1
CYP3A4",HUMAN,BTM00011,C(C(C)(C)C#CC=CCN(C)CC1=CC=CC2=CC=CC=C21)O,"InChI=1S/C21H25NO/c1-21(2,17-23)14-7-4-8-15-22(3)16-19-12-9-11-18-10-5-6-13-20(18)19/h4-6,8-13,23H,15-17H2,1-3H3/b8-4+",GPEJUKJZTGFNKY-XBXARRHUSA-N,4.244999999999998,307.19361442
"InChI=1S/C21H25NO2/c1-21(2,16-23)14-7-6-13-20(24)22(3)15-18-11-8-10-17-9-4-5-12-19(17)18/h4-6,8-13,20,23-24H,15-16H2,1-3H3/b13-6+",UTDBLAMJXVALCG-AWNIVKPZSA-N,C(C(C)(C)C#CC=CC(N(C)CC1=CC=CC2=CC=CC=C21)O)O,,,C21H25NO2,323.18852904,3.905299999999998,0,0,0,BTM00162,BTM00162,Aliphatic hydroxylation of carbon alpha to secondary or tertiary alkyl-N,BTMR1081,"CYP2B6
CYP2C19
CYP2D6",HUMAN,BTM00011,C(C(C)(C)C#CC=CCN(C)CC1=CC=CC2=CC=CC=C21)O,"InChI=1S/C21H25NO/c1-21(2,17-23)14-7-4-8-15-22(3)16-19-12-9-11-18-10-5-6-13-20(18)19/h4-6,8-13,23H,15-17H2,1-3H3/b8-4+",GPEJUKJZTGFNKY-XBXARRHUSA-N,4.244999999999998,307.19361442
"InChI=1S/C21H25NO2/c1-21(2,16-23)14-7-4-8-15-22(3)20(24)19-13-9-11-17-10-5-6-12-18(17)19/h4-6,8-13,20,23-24H,15-16H2,1-3H3/b8-4+",JZXJGJTYAYSKAF-XBXARRHUSA-N,C(C(C)(C)C#CC=CCN(C)C(C1=CC=CC2=CC=CC=C21)O)O,,,C21H25NO2,323.18852904,3.905299999999998,0,0,0,BTM00072,BTM00072,Aliphatic hydroxylation of carbon alpha to secondary or tertiary alkyl-N,BTMR1081,"CYP2B6
CYP2C19
CYP2D6",HUMAN,BTM00011,C(C(C)(C)C#CC=CCN(C)CC1=CC=CC2=CC=CC=C21)O,"InChI=1S/C21H25NO/c1-21(2,17-23)14-7-4-8-15-22(3)16-19-12-9-11-18-10-5-6-13-20(18)19/h4-6,8-13,23H,15-17H2,1-3H3/b8-4+",GPEJUKJZTGFNKY-XBXARRHUSA-N,4.244999999999998,307.19361442
"InChI=1S/C21H25NO2/c1-21(2,3)10-6-5-7-11-22(4)14-15-12-19-20(24-19)18-13-16(23)8-9-17(15)18/h5,7-9,12-13,19-20,23H,11,14H2,1-4H3/b7-5+",OOTNCPYIMQJSJE-FNORWQNLSA-N,CC(C)(C)C#CC=CCN(C)CC1=CC2C(C3=CC(=CC=C31)O)O2,,,C21H25NO2,323.18852904,4.021399999999998,0,0,0,BTM00110,BTM00110,Aromatic hydroxylation of fused benzene ring,BTMR1030,"CYP1A2
CYP2A6
CYP2B6
CYP2C8
CYP2C9
CYP2C19
CYP2D6
CYP2E1
CYP3A4",HUMAN,BTM00012,CC(C)(C)C#CC=CCN(C)CC1=CC2C(C3=CC=CC=C31)O2,"InChI=1S/C21H25NO/c1-21(2,3)12-8-5-9-13-22(4)15-16-14-19-20(23-19)18-11-7-6-10-17(16)18/h5-7,9-11,14,19-20H,13,15H2,1-4H3/b9-5+",GDVYJSHERGSSSX-WEVVVXLNSA-N,4.288799999999999,307.19361442
"InChI=1S/C21H25NO2/c1-21(2,3)10-6-5-7-11-22(4)14-15-12-19-20(24-19)17-9-8-16(23)13-18(15)17/h5,7-9,12-13,19-20,23H,11,14H2,1-4H3/b7-5+",IFFBNLVAWSARNR-FNORWQNLSA-N,CC(C)(C)C#CC=CCN(C)CC1=CC2C(C3=CC=C(C=C31)O)O2,,,C21H25NO2,323.18852904,4.021399999999998,0,0,0,BTM00119,BTM00119,Aromatic hydroxylation of fused benzene ring,BTMR1030,"CYP1A2
CYP2A6
CYP2B6
CYP2C8
CYP2C9
CYP2C19
CYP2D6
CYP2E1
CYP3A4",HUMAN,BTM00012,CC(C)(C)C#CC=CCN(C)CC1=CC2C(C3=CC=CC=C31)O2,"InChI=1S/C21H25NO/c1-21(2,3)12-8-5-9-13-22(4)15-16-14-19-20(23-19)18-11-7-6-10-17(16)18/h5-7,9-11,14,19-20H,13,15H2,1-4H3/b9-5+",GDVYJSHERGSSSX-WEVVVXLNSA-N,4.288799999999999,307.19361442
"InChI=1S/C21H25NO2/c1-21(2,3)12-8-5-9-13-22(4,23)15-16-14-19-20(24-19)18-11-7-6-10-17(16)18/h5-7,9-11,14,19-20H,13,15H2,1-4H3/b9-5+",GXVYKXBGPVNVDK-WEVVVXLNSA-N,CC(C)(C)C#CC=CC[N+](C)(CC1=CC2C(C3=CC=CC=C31)O2)[O-],,,C21H25NO2,323.18852904,3.8836999999999984,0,0,0,BTM00128,BTM00128,N-Oxidation of aliphatic tertiary amine,BTMR1100,"CYP1A2
CYP2D6
CYP3A4",HUMAN,BTM00012,CC(C)(C)C#CC=CCN(C)CC1=CC2C(C3=CC=CC=C31)O2,"InChI=1S/C21H25NO/c1-21(2,3)12-8-5-9-13-22(4)15-16-14-19-20(23-19)18-11-7-6-10-17(16)18/h5-7,9-11,14,19-20H,13,15H2,1-4H3/b9-5+",GDVYJSHERGSSSX-WEVVVXLNSA-N,4.288799999999999,307.19361442
"InChI=1S/C21H25NO2/c1-21(2,3)11-6-5-7-12-22(4)14-15-13-18-20(24-18)16-9-8-10-17(23)19(15)16/h5,7-10,13,18,20,23H,12,14H2,1-4H3/b7-5+",LIHHIVNXLLAFPK-FNORWQNLSA-N,CC(C)(C)C#CC=CCN(C)CC1=CC2C(C3=CC=CC(=C31)O)O2,,,C21H25NO2,323.18852904000005,4.021399999999998,0,0,0,BTM00140,BTM00140,Aromatic hydroxylation of fused benzene ring,BTMR1031,"CYP1A2
CYP2B6
CYP2C8
CYP2C9
CYP2C19
CYP2D6
CYP3A4",HUMAN,BTM00012,CC(C)(C)C#CC=CCN(C)CC1=CC2C(C3=CC=CC=C31)O2,"InChI=1S/C21H25NO/c1-21(2,3)12-8-5-9-13-22(4)15-16-14-19-20(23-19)18-11-7-6-10-17(16)18/h5-7,9-11,14,19-20H,13,15H2,1-4H3/b9-5+",GDVYJSHERGSSSX-WEVVVXLNSA-N,4.288799999999999,307.19361442
"InChI=1S/C21H25NO2/c1-21(2,3)11-6-5-7-12-22(4)14-15-13-18-20(24-18)19-16(15)9-8-10-17(19)23/h5,7-10,13,18,20,23H,12,14H2,1-4H3/b7-5+",OKOIPDYLOUKVEV-FNORWQNLSA-N,CC(C)(C)C#CC=CCN(C)CC1=CC2C(C3=C(C=CC=C31)O)O2,,,C21H25NO2,323.18852904000005,4.021399999999998,0,0,0,BTM00148,BTM00148,Aromatic hydroxylation of fused benzene ring,BTMR1031,"CYP1A2
CYP2B6
CYP2C8
CYP2C9
CYP2C19
CYP2D6
CYP3A4",HUMAN,BTM00012,CC(C)(C)C#CC=CCN(C)CC1=CC2C(C3=CC=CC=C31)O2,"InChI=1S/C21H25NO/c1-21(2,3)12-8-5-9-13-22(4)15-16-14-19-20(23-19)18-11-7-6-10-17(16)18/h5-7,9-11,14,19-20H,13,15H2,1-4H3/b9-5+",GDVYJSHERGSSSX-WEVVVXLNSA-N,4.288799999999999,307.19361442
"InChI=1S/C21H25NO2/c1-21(2,15-23)11-7-4-8-12-22(3)14-16-13-19-20(24-19)18-10-6-5-9-17(16)18/h4-6,8-10,13,19-20,23H,12,14-15H2,1-3H3/b8-4+",BARYPLKWMFQWEE-XBXARRHUSA-N,C(C(C)(C)C#CC=CCN(C)CC1=CC2C(C3=CC=CC=C31)O2)O,,,C21H25NO2,323.18852904,3.1980999999999966,0,0,0,BTM00156,BTM00156,Hydroxylation of terminal methyl,BTMR1061,"CYP1A2
CYP2A6
CYP2B6
CYP2C8
CYP2C9
CYP2C19
CYP2D6
CYP2E1
CYP3A4",HUMAN,BTM00012,CC(C)(C)C#CC=CCN(C)CC1=CC2C(C3=CC=CC=C31)O2,"InChI=1S/C21H25NO/c1-21(2,3)12-8-5-9-13-22(4)15-16-14-19-20(23-19)18-11-7-6-10-17(16)18/h5-7,9-11,14,19-20H,13,15H2,1-4H3/b9-5+",GDVYJSHERGSSSX-WEVVVXLNSA-N,4.288799999999999,307.19361442
"InChI=1S/C9H12O/c1-9(2,3)7-5-4-6-8-10/h4,6,8H,1-3H3/b6-4+",ITSLKJVPPOREBI-GQCTYLIASA-N,CC(C)(C)C#CC=CC=O,,,C9H12O,136.088815004,2.422,0,0,0,BTM00015,BTM00015,N-Dealkylation of acyclic tertiary amine,BTMR1142,"CYP1A2
CYP2A6
CYP2B6
CYP2C8
CYP2C9
CYP2C19
CYP2D6
CYP2E1
CYP3A4",HUMAN,BTM00012,CC(C)(C)C#CC=CCN(C)CC1=CC2C(C3=CC=CC=C31)O2,"InChI=1S/C21H25NO/c1-21(2,3)12-8-5-9-13-22(4)15-16-14-19-20(23-19)18-11-7-6-10-17(16)18/h5-7,9-11,14,19-20H,13,15H2,1-4H3/b9-5+",GDVYJSHERGSSSX-WEVVVXLNSA-N,4.288799999999999,307.19361442
"InChI=1S/C12H13NO/c1-13-7-8-6-11-12(14-11)10-5-3-2-4-9(8)10/h2-6,11-13H,7H2,1H3",QHIHZTABBDQEKG-UHFFFAOYSA-N,N(C)CC1=CC2C(C3=CC=CC=C31)O2,,,C12H13NO,187.099714036,1.2292000000000003,0,0,0,BTM00163,BTM00163,N-Dealkylation of acyclic tertiary amine,BTMR1142,"CYP1A2
CYP2A6
CYP2B6
CYP2C8
CYP2C9
CYP2C19
CYP2D6
CYP2E1
CYP3A4",HUMAN,BTM00012,CC(C)(C)C#CC=CCN(C)CC1=CC2C(C3=CC=CC=C31)O2,"InChI=1S/C21H25NO/c1-21(2,3)12-8-5-9-13-22(4)15-16-14-19-20(23-19)18-11-7-6-10-17(16)18/h5-7,9-11,14,19-20H,13,15H2,1-4H3/b9-5+",GDVYJSHERGSSSX-WEVVVXLNSA-N,4.288799999999999,307.19361442
"InChI=1S/C10H17N/c1-10(2,3)8-6-5-7-9-11-4/h5,7,11H,9H2,1-4H3/b7-5+",XQRHBYHDDOJZTM-FNORWQNLSA-N,CC(C)(C)C#CC=CCNC,,,C10H17N,151.136099544,2.3078999999999987,0,0,0,BTM00017,BTM00017,N-Dealkylation of acyclic tertiary amine,BTMR1142,"CYP1A2
CYP2A6
CYP2B6
CYP2C8
CYP2C9
CYP2C19
CYP2D6
CYP2E1
CYP3A4",HUMAN,BTM00012,CC(C)(C)C#CC=CCN(C)CC1=CC2C(C3=CC=CC=C31)O2,"InChI=1S/C21H25NO/c1-21(2,3)12-8-5-9-13-22(4)15-16-14-19-20(23-19)18-11-7-6-10-17(16)18/h5-7,9-11,14,19-20H,13,15H2,1-4H3/b9-5+",GDVYJSHERGSSSX-WEVVVXLNSA-N,4.288799999999999,307.19361442
"InChI=1S/C11H8O2/c12-6-7-5-10-11(13-10)9-4-2-1-3-8(7)9/h1-6,10-11H",ARZSYZKZUGFSKC-UHFFFAOYSA-N,C(C1=CC2C(C3=CC=CC=C31)O2)=O,,,C11H8O2,172.052429496,1.3433,0,0,0,BTM00164,BTM00164,N-Dealkylation of acyclic tertiary amine,BTMR1142,"CYP1A2
CYP2A6
CYP2B6
CYP2C8
CYP2C9
CYP2C19
CYP2D6
CYP2E1
CYP3A4",HUMAN,BTM00012,CC(C)(C)C#CC=CCN(C)CC1=CC2C(C3=CC=CC=C31)O2,"InChI=1S/C21H25NO/c1-21(2,3)12-8-5-9-13-22(4)15-16-14-19-20(23-19)18-11-7-6-10-17(16)18/h5-7,9-11,14,19-20H,13,15H2,1-4H3/b9-5+",GDVYJSHERGSSSX-WEVVVXLNSA-N,4.288799999999999,307.19361442
"InChI=1S/C20H23NO/c1-20(2,3)11-7-4-8-12-21-14-15-13-18-19(22-18)17-10-6-5-9-16(15)17/h4-6,8-10,13,18-19,21H,12,14H2,1-3H3/b8-4+",BPFPPZPMUKILPU-XBXARRHUSA-N,CC(C)(C)C#CC=CCNCC1=CC2C(C3=CC=CC=C31)O2,,,C20H23NO,293.177964356,3.752899999999999,0,0,0,BTM00165,BTM00165,N-Dealkylation of acyclic tertiary amine,BTMR1142,"CYP1A2
CYP2A6
CYP2B6
CYP2C8
CYP2C9
CYP2C19
CYP2D6
CYP2E1
CYP3A4",HUMAN,BTM00012,CC(C)(C)C#CC=CCN(C)CC1=CC2C(C3=CC=CC=C31)O2,"InChI=1S/C21H25NO/c1-21(2,3)12-8-5-9-13-22(4)15-16-14-19-20(23-19)18-11-7-6-10-17(16)18/h5-7,9-11,14,19-20H,13,15H2,1-4H3/b9-5+",GDVYJSHERGSSSX-WEVVVXLNSA-N,4.288799999999999,307.19361442
"InChI=1S/C21H25NO2/c1-21(2,3)12-8-7-11-19(23)22(4)14-15-13-18-20(24-18)17-10-6-5-9-16(15)17/h5-7,9-11,13,18-20,23H,14H2,1-4H3/b11-7+",VCZJXQNIPFFXIW-YRNVUSSQSA-N,CC(C)(C)C#CC=CC(N(C)CC1=CC2C(C3=CC=CC=C31)O2)O,,,C21H25NO2,323.18852904,3.9490999999999987,0,0,0,BTM00166,BTM00166,Aliphatic hydroxylation of carbon alpha to secondary or tertiary alkyl-N,BTMR1081,"CYP2B6
CYP2C19
CYP2D6",HUMAN,BTM00012,CC(C)(C)C#CC=CCN(C)CC1=CC2C(C3=CC=CC=C31)O2,"InChI=1S/C21H25NO/c1-21(2,3)12-8-5-9-13-22(4)15-16-14-19-20(23-19)18-11-7-6-10-17(16)18/h5-7,9-11,14,19-20H,13,15H2,1-4H3/b9-5+",GDVYJSHERGSSSX-WEVVVXLNSA-N,4.288799999999999,307.19361442
"InChI=1S/C21H25NO2/c1-21(2,3)12-8-5-9-13-22(4)20(23)17-14-18-19(24-18)16-11-7-6-10-15(16)17/h5-7,9-11,14,18-20,23H,13H2,1-4H3/b9-5+",YLOPMIXUQQFUNA-WEVVVXLNSA-N,CC(C)(C)C#CC=CCN(C)C(C1=CC2C(C3=CC=CC=C31)O2)O,,,C21H25NO2,323.18852904000005,3.9490999999999987,0,0,0,BTM00073,BTM00073,Aliphatic hydroxylation of carbon alpha to secondary or tertiary alkyl-N,BTMR1081,"CYP2B6
CYP2C19
CYP2D6",HUMAN,BTM00012,CC(C)(C)C#CC=CCN(C)CC1=CC2C(C3=CC=CC=C31)O2,"InChI=1S/C21H25NO/c1-21(2,3)12-8-5-9-13-22(4)15-16-14-19-20(23-19)18-11-7-6-10-17(16)18/h5-7,9-11,14,19-20H,13,15H2,1-4H3/b9-5+",GDVYJSHERGSSSX-WEVVVXLNSA-N,4.288799999999999,307.19361442
"InChI=1S/C21H23NO2/c1-21(2,3)13-6-5-7-14-22(4)20(23)17-10-8-9-16-15(17)11-12-18-19(16)24-18/h5,7-12,20,23H,14H2,1-4H3/b7-5+",RQZNQEBBKHZPQR-FNORWQNLSA-N,CC(C)(C)C#CC=CCN(C)C(C1=CC=CC2=C3C(=CC=C21)O3)O,,,C21H23NO2,321.17287897600005,4.726199999999998,0,0,0,BTM00074,BTM00074,Hydroxylation of non-terminal aliphatic carbon adjacent to aromatic ring,BTMR1077,"CYP1A2
CYP2C8
CYP2C9
CYP2D6
CYP3A4",HUMAN,BTM00013,CC(C)(C)C#CC=CCN(C)CC1=CC=CC2=C3C(=CC=C21)O3,"InChI=1S/C21H23NO/c1-21(2,3)13-6-5-7-14-22(4)15-16-9-8-10-18-17(16)11-12-19-20(18)23-19/h5,7-12H,14-15H2,1-4H3/b7-5+",LSGKICHIQUVULD-FNORWQNLSA-N,5.065899999999999,305.177964356
"InChI=1S/C21H23NO2/c1-21(2,3)12-6-5-7-13-22(4)14-17-15-9-11-19-20(24-19)16(15)8-10-18(17)23/h5,7-11,23H,13-14H2,1-4H3/b7-5+",BEZWIXGBAXIKAZ-FNORWQNLSA-N,CC(C)(C)C#CC=CCN(C)CC1=C(C=CC2=C3C(=CC=C21)O3)O,,,C21H23NO2,321.172878976,4.7985,0,0,0,BTM00086,BTM00086,Aromatic hydroxylation of fused benzene ring,BTMR1030,"CYP1A2
CYP2A6
CYP2B6
CYP2C8
CYP2C9
CYP2C19
CYP2D6
CYP2E1
CYP3A4",HUMAN,BTM00013,CC(C)(C)C#CC=CCN(C)CC1=CC=CC2=C3C(=CC=C21)O3,"InChI=1S/C21H23NO/c1-21(2,3)13-6-5-7-14-22(4)15-16-9-8-10-18-17(16)11-12-19-20(18)23-19/h5,7-12H,14-15H2,1-4H3/b7-5+",LSGKICHIQUVULD-FNORWQNLSA-N,5.065899999999999,305.177964356
"InChI=1S/C21H23NO2/c1-21(2,3)10-6-5-7-11-22(4)14-15-12-16(23)13-18-17(15)8-9-19-20(18)24-19/h5,7-9,12-13,23H,11,14H2,1-4H3/b7-5+",VBCTYIBGBVGBGA-FNORWQNLSA-N,CC(C)(C)C#CC=CCN(C)CC1=CC(=CC2=C3C(=CC=C21)O3)O,,,C21H23NO2,321.17287897600005,4.7985,0,0,0,BTM00099,BTM00099,Aromatic hydroxylation of fused benzene ring,BTMR1030,"CYP1A2
CYP2A6
CYP2B6
CYP2C8
CYP2C9
CYP2C19
CYP2D6
CYP2E1
CYP3A4",HUMAN,BTM00013,CC(C)(C)C#CC=CCN(C)CC1=CC=CC2=C3C(=CC=C21)O3,"InChI=1S/C21H23NO/c1-21(2,3)13-6-5-7-14-22(4)15-16-9-8-10-18-17(16)11-12-19-20(18)23-19/h5,7-12H,14-15H2,1-4H3/b7-5+",LSGKICHIQUVULD-FNORWQNLSA-N,5.065899999999999,305.177964356
"InChI=1S/C21H23NO2/c1-21(2,3)13-6-5-7-14-22(4,23)15-16-9-8-10-18-17(16)11-12-19-20(18)24-19/h5,7-12H,14-15H2,1-4H3/b7-5+",RPQKEXLTRAUNEW-FNORWQNLSA-N,CC(C)(C)C#CC=CC[N+](C)(CC1=CC=CC2=C3C(=CC=C21)O3)[O-],,,C21H23NO2,321.17287897600005,4.660799999999999,0,0,0,BTM00129,BTM00129,N-Oxidation of aliphatic tertiary amine,BTMR1100,"CYP1A2
CYP2D6
CYP3A4",HUMAN,BTM00013,CC(C)(C)C#CC=CCN(C)CC1=CC=CC2=C3C(=CC=C21)O3,"InChI=1S/C21H23NO/c1-21(2,3)13-6-5-7-14-22(4)15-16-9-8-10-18-17(16)11-12-19-20(18)23-19/h5,7-12H,14-15H2,1-4H3/b7-5+",LSGKICHIQUVULD-FNORWQNLSA-N,5.065899999999999,305.177964356
"InChI=1S/C21H23NO2/c1-21(2,3)11-10-17-19(23-17)13-22(4)12-14-6-5-7-16-15(14)8-9-18-20(16)24-18/h5-9,17,19H,12-13H2,1-4H3",CMCDLWHJTQFOLN-UHFFFAOYSA-N,CC(C)(C)C#CC1C(CN(C)CC2=CC=CC3=C4C(=CC=C32)O4)O1,,,C21H23NO2,321.172878976,4.3431999999999995,0,0,0,BTM00167,BTM00167,Epoxidation of alkene,BTMR0109,"CYP1A2
CYP2B6
CYP2B6
CYP2C8
CYP2C9
CYP2C19
CYP2D6
CYP2E1
CYP3A4",HUMAN,BTM00013,CC(C)(C)C#CC=CCN(C)CC1=CC=CC2=C3C(=CC=C21)O3,"InChI=1S/C21H23NO/c1-21(2,3)13-6-5-7-14-22(4)15-16-9-8-10-18-17(16)11-12-19-20(18)23-19/h5,7-12H,14-15H2,1-4H3/b7-5+",LSGKICHIQUVULD-FNORWQNLSA-N,5.065899999999999,305.177964356
"InChI=1S/C21H23NO2/c1-21(2,15-23)12-5-4-6-13-22(3)14-16-8-7-9-18-17(16)10-11-19-20(18)24-19/h4,6-11,23H,13-15H2,1-3H3/b6-4+",PJQAOGXODYDQNA-GQCTYLIASA-N,C(C(C)(C)C#CC=CCN(C)CC1=CC=CC2=C3C(=CC=C21)O3)O,,,C21H23NO2,321.17287897600005,3.9751999999999987,0,0,0,BTM00157,BTM00157,Hydroxylation of terminal methyl,BTMR1061,"CYP1A2
CYP2A6
CYP2B6
CYP2C8
CYP2C9
CYP2C19
CYP2D6
CYP2E1
CYP3A4",HUMAN,BTM00013,CC(C)(C)C#CC=CCN(C)CC1=CC=CC2=C3C(=CC=C21)O3,"InChI=1S/C21H23NO/c1-21(2,3)13-6-5-7-14-22(4)15-16-9-8-10-18-17(16)11-12-19-20(18)23-19/h5,7-12H,14-15H2,1-4H3/b7-5+",LSGKICHIQUVULD-FNORWQNLSA-N,5.065899999999999,305.177964356
"InChI=1S/C21H23NO2/c1-21(2,3)10-6-5-7-11-22(4)13-14-12-17-20(24-17)18-15(14)8-9-16-19(18)23-16/h5,7-9,12,17,20H,11,13H2,1-4H3/b7-5+",SZWJNBGNVBLKKY-FNORWQNLSA-N,CC(C)(C)C#CC=CCN(C)CC1=CC2C(C3=C4C(=CC=C31)O4)O2,,,C21H23NO2,321.17287897600005,4.019000000000002,0,0,0,BTM00168,BTM00168,Epoxidation of arene,BTMR1027,"CYP1A2
CYP2B6
CYP2C8
CYP2C9
CYP2C19
CYP2E1
CYP3A4",HUMAN,BTM00013,CC(C)(C)C#CC=CCN(C)CC1=CC=CC2=C3C(=CC=C21)O3,"InChI=1S/C21H23NO/c1-21(2,3)13-6-5-7-14-22(4)15-16-9-8-10-18-17(16)11-12-19-20(18)23-19/h5,7-12H,14-15H2,1-4H3/b7-5+",LSGKICHIQUVULD-FNORWQNLSA-N,5.065899999999999,305.177964356
"InChI=1S/C21H21NO2/c1-21(2,3)11-6-5-7-12-22(4)13-14-9-8-10-15-16(14)18-20(24-18)19-17(15)23-19/h5,7-10H,12-13H2,1-4H3/b7-5+",SMRQSFBRSFOJAS-FNORWQNLSA-N,CC(C)(C)C#CC=CCN(C)CC1=CC=CC2=C3C(=C4C(=C21)O4)O3,,,C21H21NO2,319.15722891200005,5.305699999999997,0,0,0,BTM00169,BTM00169,Epoxidation of arene,BTMR1027,"CYP1A2
CYP2B6
CYP2C8
CYP2C9
CYP2C19
CYP2E1
CYP3A4",HUMAN,BTM00013,CC(C)(C)C#CC=CCN(C)CC1=CC=CC2=C3C(=CC=C21)O3,"InChI=1S/C21H23NO/c1-21(2,3)13-6-5-7-14-22(4)15-16-9-8-10-18-17(16)11-12-19-20(18)23-19/h5,7-12H,14-15H2,1-4H3/b7-5+",LSGKICHIQUVULD-FNORWQNLSA-N,5.065899999999999,305.177964356
"InChI=1S/C9H12O/c1-9(2,3)7-5-4-6-8-10/h4,6,8H,1-3H3/b6-4+",ITSLKJVPPOREBI-GQCTYLIASA-N,CC(C)(C)C#CC=CC=O,,,C9H12O,136.088815004,2.422,0,0,0,BTM00015,BTM00015,N-Dealkylation of acyclic tertiary amine,BTMR1142,"CYP1A2
CYP2A6
CYP2B6
CYP2C8
CYP2C9
CYP2C19
CYP2D6
CYP2E1
CYP3A4",HUMAN,BTM00013,CC(C)(C)C#CC=CCN(C)CC1=CC=CC2=C3C(=CC=C21)O3,"InChI=1S/C21H23NO/c1-21(2,3)13-6-5-7-14-22(4)15-16-9-8-10-18-17(16)11-12-19-20(18)23-19/h5,7-12H,14-15H2,1-4H3/b7-5+",LSGKICHIQUVULD-FNORWQNLSA-N,5.065899999999999,305.177964356
"InChI=1S/C12H11NO/c1-13-7-8-3-2-4-10-9(8)5-6-11-12(10)14-11/h2-6,13H,7H2,1H3",AJWBWFLHMFYDSN-UHFFFAOYSA-N,N(C)CC1=CC=CC2=C3C(=CC=C21)O3,,,C12H11NO,185.084063972,2.0063000000000004,0,0,0,BTM00170,BTM00170,N-Dealkylation of acyclic tertiary amine,BTMR1142,"CYP1A2
CYP2A6
CYP2B6
CYP2C8
CYP2C9
CYP2C19
CYP2D6
CYP2E1
CYP3A4",HUMAN,BTM00013,CC(C)(C)C#CC=CCN(C)CC1=CC=CC2=C3C(=CC=C21)O3,"InChI=1S/C21H23NO/c1-21(2,3)13-6-5-7-14-22(4)15-16-9-8-10-18-17(16)11-12-19-20(18)23-19/h5,7-12H,14-15H2,1-4H3/b7-5+",LSGKICHIQUVULD-FNORWQNLSA-N,5.065899999999999,305.177964356
"InChI=1S/C10H17N/c1-10(2,3)8-6-5-7-9-11-4/h5,7,11H,9H2,1-4H3/b7-5+",XQRHBYHDDOJZTM-FNORWQNLSA-N,CC(C)(C)C#CC=CCNC,,,C10H17N,151.136099544,2.3078999999999987,0,0,0,BTM00017,BTM00017,N-Dealkylation of acyclic tertiary amine,BTMR1142,"CYP1A2
CYP2A6
CYP2B6
CYP2C8
CYP2C9
CYP2C19
CYP2D6
CYP2E1
CYP3A4",HUMAN,BTM00013,CC(C)(C)C#CC=CCN(C)CC1=CC=CC2=C3C(=CC=C21)O3,"InChI=1S/C21H23NO/c1-21(2,3)13-6-5-7-14-22(4)15-16-9-8-10-18-17(16)11-12-19-20(18)23-19/h5,7-12H,14-15H2,1-4H3/b7-5+",LSGKICHIQUVULD-FNORWQNLSA-N,5.065899999999999,305.177964356
InChI=1S/C11H6O2/c12-6-7-2-1-3-9-8(7)4-5-10-11(9)13-10/h1-6H,QMGIQLAVVIAOGJ-UHFFFAOYSA-N,C(C1=CC=CC2=C3C(=CC=C21)O3)=O,,,C11H6O2,170.036779432,2.228,0,0,0,BTM00171,BTM00171,N-Dealkylation of acyclic tertiary amine,BTMR1142,"CYP1A2
CYP2A6
CYP2B6
CYP2C8
CYP2C9
CYP2C19
CYP2D6
CYP2E1
CYP3A4",HUMAN,BTM00013,CC(C)(C)C#CC=CCN(C)CC1=CC=CC2=C3C(=CC=C21)O3,"InChI=1S/C21H23NO/c1-21(2,3)13-6-5-7-14-22(4)15-16-9-8-10-18-17(16)11-12-19-20(18)23-19/h5,7-12H,14-15H2,1-4H3/b7-5+",LSGKICHIQUVULD-FNORWQNLSA-N,5.065899999999999,305.177964356
"InChI=1S/C20H21NO/c1-20(2,3)12-5-4-6-13-21-14-15-8-7-9-17-16(15)10-11-18-19(17)22-18/h4,6-11,21H,13-14H2,1-3H3/b6-4+",BLTGQJZTKNDNFI-GQCTYLIASA-N,CC(C)(C)C#CC=CCNCC1=CC=CC2=C3C(=CC=C21)O3,,,C20H21NO,291.162314292,4.5299999999999985,1,0,0,BTM00172,BTM00172,N-Dealkylation of acyclic tertiary amine,BTMR1142,"CYP1A2
CYP2A6
CYP2B6
CYP2C8
CYP2C9
CYP2C19
CYP2D6
CYP2E1
CYP3A4",HUMAN,BTM00013,CC(C)(C)C#CC=CCN(C)CC1=CC=CC2=C3C(=CC=C21)O3,"InChI=1S/C21H23NO/c1-21(2,3)13-6-5-7-14-22(4)15-16-9-8-10-18-17(16)11-12-19-20(18)23-19/h5,7-12H,14-15H2,1-4H3/b7-5+",LSGKICHIQUVULD-FNORWQNLSA-N,5.065899999999999,305.177964356
"InChI=1S/C21H23NO2/c1-21(2,3)13-6-5-10-19(23)22(4)14-15-8-7-9-17-16(15)11-12-18-20(17)24-18/h5,7-12,19,23H,14H2,1-4H3/b10-5+",HPIFOBVSHLGQBS-BJMVGYQFSA-N,CC(C)(C)C#CC=CC(N(C)CC1=CC=CC2=C3C(=CC=C21)O3)O,,,C21H23NO2,321.172878976,4.726199999999998,0,0,0,BTM00173,BTM00173,Aliphatic hydroxylation of carbon alpha to secondary or tertiary alkyl-N,BTMR1081,"CYP2B6
CYP2C19
CYP2D6",HUMAN,BTM00013,CC(C)(C)C#CC=CCN(C)CC1=CC=CC2=C3C(=CC=C21)O3,"InChI=1S/C21H23NO/c1-21(2,3)13-6-5-7-14-22(4)15-16-9-8-10-18-17(16)11-12-19-20(18)23-19/h5,7-12H,14-15H2,1-4H3/b7-5+",LSGKICHIQUVULD-FNORWQNLSA-N,5.065899999999999,305.177964356
"InChI=1S/C21H23NO2/c1-21(2,3)13-6-5-7-14-22(4)20(23)17-10-8-9-16-15(17)11-12-18-19(16)24-18/h5,7-12,20,23H,14H2,1-4H3/b7-5+",RQZNQEBBKHZPQR-FNORWQNLSA-N,CC(C)(C)C#CC=CCN(C)C(C1=CC=CC2=C3C(=CC=C21)O3)O,,,C21H23NO2,321.17287897600005,4.726199999999998,0,0,0,BTM00074,BTM00074,Aliphatic hydroxylation of carbon alpha to secondary or tertiary alkyl-N,BTMR1081,"CYP2B6
CYP2C19
CYP2D6",HUMAN,BTM00013,CC(C)(C)C#CC=CCN(C)CC1=CC=CC2=C3C(=CC=C21)O3,"InChI=1S/C21H23NO/c1-21(2,3)13-6-5-7-14-22(4)15-16-9-8-10-18-17(16)11-12-19-20(18)23-19/h5,7-12H,14-15H2,1-4H3/b7-5+",LSGKICHIQUVULD-FNORWQNLSA-N,5.065899999999999,305.177964356
"InChI=1S/C21H23NO2/c1-21(2,3)13-6-5-7-14-22(4)20(23)16-10-8-9-15-11-12-17-19(24-17)18(15)16/h5,7-12,20,23H,14H2,1-4H3/b7-5+",JWWPKAXZIDINFD-FNORWQNLSA-N,CC(C)(C)C#CC=CCN(C)C(C1=CC=CC2=CC=C3C(=C21)O3)O,,,C21H23NO2,321.17287897600005,4.726199999999998,0,0,0,BTM00075,BTM00075,Hydroxylation of non-terminal aliphatic carbon adjacent to aromatic ring,BTMR1077,"CYP1A2
CYP2C8
CYP2C9
CYP2D6
CYP3A4",HUMAN,BTM00014,CC(C)(C)C#CC=CCN(C)CC1=CC=CC2=CC=C3C(=C21)O3,"InChI=1S/C21H23NO/c1-21(2,3)13-6-5-7-14-22(4)15-17-10-8-9-16-11-12-18-20(23-18)19(16)17/h5,7-12H,14-15H2,1-4H3/b7-5+",BYYCPUCEEISOLP-FNORWQNLSA-N,5.065899999999999,305.177964356
"InChI=1S/C21H23NO2/c1-21(2,3)12-6-5-7-13-22(4)14-16-17(23)10-8-15-9-11-18-20(24-18)19(15)16/h5,7-11,23H,13-14H2,1-4H3/b7-5+",AJWODFFVLQSFOH-FNORWQNLSA-N,CC(C)(C)C#CC=CCN(C)CC1=C(C=CC2=CC=C3C(=C21)O3)O,,,C21H23NO2,321.17287897600005,4.7985,0,0,0,BTM00087,BTM00087,Aromatic hydroxylation of fused benzene ring,BTMR1030,"CYP1A2
CYP2A6
CYP2B6
CYP2C8
CYP2C9
CYP2C19
CYP2D6
CYP2E1
CYP3A4",HUMAN,BTM00014,CC(C)(C)C#CC=CCN(C)CC1=CC=CC2=CC=C3C(=C21)O3,"InChI=1S/C21H23NO/c1-21(2,3)13-6-5-7-14-22(4)15-17-10-8-9-16-11-12-18-20(23-18)19(16)17/h5,7-12H,14-15H2,1-4H3/b7-5+",BYYCPUCEEISOLP-FNORWQNLSA-N,5.065899999999999,305.177964356
"InChI=1S/C21H23NO2/c1-21(2,3)10-6-5-7-11-22(4)14-16-13-17(23)12-15-8-9-18-20(24-18)19(15)16/h5,7-9,12-13,23H,11,14H2,1-4H3/b7-5+",SNBZXYMWRNOGEM-FNORWQNLSA-N,CC(C)(C)C#CC=CCN(C)CC1=CC(=CC2=CC=C3C(=C21)O3)O,,,C21H23NO2,321.172878976,4.7985,0,0,0,BTM00100,BTM00100,Aromatic hydroxylation of fused benzene ring,BTMR1030,"CYP1A2
CYP2A6
CYP2B6
CYP2C8
CYP2C9
CYP2C19
CYP2D6
CYP2E1
CYP3A4",HUMAN,BTM00014,CC(C)(C)C#CC=CCN(C)CC1=CC=CC2=CC=C3C(=C21)O3,"InChI=1S/C21H23NO/c1-21(2,3)13-6-5-7-14-22(4)15-17-10-8-9-16-11-12-18-20(23-18)19(16)17/h5,7-12H,14-15H2,1-4H3/b7-5+",BYYCPUCEEISOLP-FNORWQNLSA-N,5.065899999999999,305.177964356
"InChI=1S/C21H23NO2/c1-21(2,3)13-6-5-7-14-22(4,23)15-17-10-8-9-16-11-12-18-20(24-18)19(16)17/h5,7-12H,14-15H2,1-4H3/b7-5+",MQXHZJVQXLLXKS-FNORWQNLSA-N,CC(C)(C)C#CC=CC[N+](C)(CC1=CC=CC2=CC=C3C(=C21)O3)[O-],,,C21H23NO2,321.172878976,4.660799999999999,0,0,0,BTM00130,BTM00130,N-Oxidation of aliphatic tertiary amine,BTMR1100,"CYP1A2
CYP2D6
CYP3A4",HUMAN,BTM00014,CC(C)(C)C#CC=CCN(C)CC1=CC=CC2=CC=C3C(=C21)O3,"InChI=1S/C21H23NO/c1-21(2,3)13-6-5-7-14-22(4)15-17-10-8-9-16-11-12-18-20(23-18)19(16)17/h5,7-12H,14-15H2,1-4H3/b7-5+",BYYCPUCEEISOLP-FNORWQNLSA-N,5.065899999999999,305.177964356
"InChI=1S/C21H23NO2/c1-21(2,3)11-10-16-18(23-16)13-22(4)12-15-7-5-6-14-8-9-17-20(24-17)19(14)15/h5-9,16,18H,12-13H2,1-4H3",OJOIBMFSOCPWIT-UHFFFAOYSA-N,CC(C)(C)C#CC1C(CN(C)CC2=CC=CC3=CC=C4C(=C32)O4)O1,,,C21H23NO2,321.17287897600005,4.3431999999999995,0,0,0,BTM00174,BTM00174,Epoxidation of alkene,BTMR0109,"CYP1A2
CYP2B6
CYP2B6
CYP2C8
CYP2C9
CYP2C19
CYP2D6
CYP2E1
CYP3A4",HUMAN,BTM00014,CC(C)(C)C#CC=CCN(C)CC1=CC=CC2=CC=C3C(=C21)O3,"InChI=1S/C21H23NO/c1-21(2,3)13-6-5-7-14-22(4)15-17-10-8-9-16-11-12-18-20(23-18)19(16)17/h5,7-12H,14-15H2,1-4H3/b7-5+",BYYCPUCEEISOLP-FNORWQNLSA-N,5.065899999999999,305.177964356
"InChI=1S/C21H23NO2/c1-21(2,15-23)12-5-4-6-13-22(3)14-17-9-7-8-16-10-11-18-20(24-18)19(16)17/h4,6-11,23H,13-15H2,1-3H3/b6-4+",QABIHDYZIOZYMW-GQCTYLIASA-N,C(C(C)(C)C#CC=CCN(C)CC1=CC=CC2=CC=C3C(=C21)O3)O,,,C21H23NO2,321.172878976,3.9751999999999987,0,0,0,BTM00158,BTM00158,Hydroxylation of terminal methyl,BTMR1061,"CYP1A2
CYP2A6
CYP2B6
CYP2C8
CYP2C9
CYP2C19
CYP2D6
CYP2E1
CYP3A4",HUMAN,BTM00014,CC(C)(C)C#CC=CCN(C)CC1=CC=CC2=CC=C3C(=C21)O3,"InChI=1S/C21H23NO/c1-21(2,3)13-6-5-7-14-22(4)15-17-10-8-9-16-11-12-18-20(23-18)19(16)17/h5,7-12H,14-15H2,1-4H3/b7-5+",BYYCPUCEEISOLP-FNORWQNLSA-N,5.065899999999999,305.177964356
"InChI=1S/C21H23NO2/c1-21(2,3)10-6-5-7-11-22(4)13-14-12-17-19(24-17)15-8-9-16-20(23-16)18(14)15/h5,7-9,12,17,19H,11,13H2,1-4H3/b7-5+",NPXCQBRDRWAORQ-FNORWQNLSA-N,CC(C)(C)C#CC=CCN(C)CC1=CC2C(C3=CC=C4C(=C31)O4)O2,,,C21H23NO2,321.17287897600005,4.019000000000002,0,0,0,BTM00175,BTM00175,Epoxidation of arene,BTMR1027,"CYP1A2
CYP2B6
CYP2C8
CYP2C9
CYP2C19
CYP2E1
CYP3A4",HUMAN,BTM00014,CC(C)(C)C#CC=CCN(C)CC1=CC=CC2=CC=C3C(=C21)O3,"InChI=1S/C21H23NO/c1-21(2,3)13-6-5-7-14-22(4)15-17-10-8-9-16-11-12-18-20(23-18)19(16)17/h5,7-12H,14-15H2,1-4H3/b7-5+",BYYCPUCEEISOLP-FNORWQNLSA-N,5.065899999999999,305.177964356
"InChI=1S/C21H21NO2/c1-21(2,3)11-6-5-7-12-22(4)13-14-9-8-10-15-16(14)18-20(24-18)19-17(15)23-19/h5,7-10H,12-13H2,1-4H3/b7-5+",SMRQSFBRSFOJAS-FNORWQNLSA-N,CC(C)(C)C#CC=CCN(C)CC1=CC=CC2=C3C(=C4C(=C21)O4)O3,,,C21H21NO2,319.15722891200005,5.305699999999997,0,0,0,BTM00169,BTM00169,Epoxidation of arene,BTMR1027,"CYP1A2
CYP2B6
CYP2C8
CYP2C9
CYP2C19
CYP2E1
CYP3A4",HUMAN,BTM00014,CC(C)(C)C#CC=CCN(C)CC1=CC=CC2=CC=C3C(=C21)O3,"InChI=1S/C21H23NO/c1-21(2,3)13-6-5-7-14-22(4)15-17-10-8-9-16-11-12-18-20(23-18)19(16)17/h5,7-12H,14-15H2,1-4H3/b7-5+",BYYCPUCEEISOLP-FNORWQNLSA-N,5.065899999999999,305.177964356
"InChI=1S/C9H12O/c1-9(2,3)7-5-4-6-8-10/h4,6,8H,1-3H3/b6-4+",ITSLKJVPPOREBI-GQCTYLIASA-N,CC(C)(C)C#CC=CC=O,,,C9H12O,136.088815004,2.422,0,0,0,BTM00015,BTM00015,N-Dealkylation of acyclic tertiary amine,BTMR1142,"CYP1A2
CYP2A6
CYP2B6
CYP2C8
CYP2C9
CYP2C19
CYP2D6
CYP2E1
CYP3A4",HUMAN,BTM00014,CC(C)(C)C#CC=CCN(C)CC1=CC=CC2=CC=C3C(=C21)O3,"InChI=1S/C21H23NO/c1-21(2,3)13-6-5-7-14-22(4)15-17-10-8-9-16-11-12-18-20(23-18)19(16)17/h5,7-12H,14-15H2,1-4H3/b7-5+",BYYCPUCEEISOLP-FNORWQNLSA-N,5.065899999999999,305.177964356
"InChI=1S/C12H11NO/c1-13-7-9-4-2-3-8-5-6-10-12(14-10)11(8)9/h2-6,13H,7H2,1H3",NFLYVAYBEYKZQK-UHFFFAOYSA-N,N(C)CC1=CC=CC2=CC=C3C(=C21)O3,,,C12H11NO,185.084063972,2.0063000000000004,0,0,0,BTM00176,BTM00176,N-Dealkylation of acyclic tertiary amine,BTMR1142,"CYP1A2
CYP2A6
CYP2B6
CYP2C8
CYP2C9
CYP2C19
CYP2D6
CYP2E1
CYP3A4",HUMAN,BTM00014,CC(C)(C)C#CC=CCN(C)CC1=CC=CC2=CC=C3C(=C21)O3,"InChI=1S/C21H23NO/c1-21(2,3)13-6-5-7-14-22(4)15-17-10-8-9-16-11-12-18-20(23-18)19(16)17/h5,7-12H,14-15H2,1-4H3/b7-5+",BYYCPUCEEISOLP-FNORWQNLSA-N,5.065899999999999,305.177964356
"InChI=1S/C10H17N/c1-10(2,3)8-6-5-7-9-11-4/h5,7,11H,9H2,1-4H3/b7-5+",XQRHBYHDDOJZTM-FNORWQNLSA-N,CC(C)(C)C#CC=CCNC,,,C10H17N,151.136099544,2.3078999999999987,0,0,0,BTM00017,BTM00017,N-Dealkylation of acyclic tertiary amine,BTMR1142,"CYP1A2
CYP2A6
CYP2B6
CYP2C8
CYP2C9
CYP2C19
CYP2D6
CYP2E1
CYP3A4",HUMAN,BTM00014,CC(C)(C)C#CC=CCN(C)CC1=CC=CC2=CC=C3C(=C21)O3,"InChI=1S/C21H23NO/c1-21(2,3)13-6-5-7-14-22(4)15-17-10-8-9-16-11-12-18-20(23-18)19(16)17/h5,7-12H,14-15H2,1-4H3/b7-5+",BYYCPUCEEISOLP-FNORWQNLSA-N,5.065899999999999,305.177964356
InChI=1S/C11H6O2/c12-6-8-3-1-2-7-4-5-9-11(13-9)10(7)8/h1-6H,CRJVGFCYXAWLCH-UHFFFAOYSA-N,C(C1=CC=CC2=CC=C3C(=C21)O3)=O,,,C11H6O2,170.036779432,2.228,0,0,0,BTM00177,BTM00177,N-Dealkylation of acyclic tertiary amine,BTMR1142,"CYP1A2
CYP2A6
CYP2B6
CYP2C8
CYP2C9
CYP2C19
CYP2D6
CYP2E1
CYP3A4",HUMAN,BTM00014,CC(C)(C)C#CC=CCN(C)CC1=CC=CC2=CC=C3C(=C21)O3,"InChI=1S/C21H23NO/c1-21(2,3)13-6-5-7-14-22(4)15-17-10-8-9-16-11-12-18-20(23-18)19(16)17/h5,7-12H,14-15H2,1-4H3/b7-5+",BYYCPUCEEISOLP-FNORWQNLSA-N,5.065899999999999,305.177964356
"InChI=1S/C20H21NO/c1-20(2,3)12-5-4-6-13-21-14-16-9-7-8-15-10-11-17-19(22-17)18(15)16/h4,6-11,21H,13-14H2,1-3H3/b6-4+",FTKFARLJSPQIBT-GQCTYLIASA-N,CC(C)(C)C#CC=CCNCC1=CC=CC2=CC=C3C(=C21)O3,,,C20H21NO,291.16231429199996,4.5299999999999985,1,0,0,BTM00178,BTM00178,N-Dealkylation of acyclic tertiary amine,BTMR1142,"CYP1A2
CYP2A6
CYP2B6
CYP2C8
CYP2C9
CYP2C19
CYP2D6
CYP2E1
CYP3A4",HUMAN,BTM00014,CC(C)(C)C#CC=CCN(C)CC1=CC=CC2=CC=C3C(=C21)O3,"InChI=1S/C21H23NO/c1-21(2,3)13-6-5-7-14-22(4)15-17-10-8-9-16-11-12-18-20(23-18)19(16)17/h5,7-12H,14-15H2,1-4H3/b7-5+",BYYCPUCEEISOLP-FNORWQNLSA-N,5.065899999999999,305.177964356
"InChI=1S/C21H23NO2/c1-21(2,3)13-6-5-10-18(23)22(4)14-16-9-7-8-15-11-12-17-20(24-17)19(15)16/h5,7-12,18,23H,14H2,1-4H3/b10-5+",QWSXSGXEAILSCV-BJMVGYQFSA-N,CC(C)(C)C#CC=CC(N(C)CC1=CC=CC2=CC=C3C(=C21)O3)O,,,C21H23NO2,321.17287897600005,4.726199999999998,0,0,0,BTM00179,BTM00179,Aliphatic hydroxylation of carbon alpha to secondary or tertiary alkyl-N,BTMR1081,"CYP2B6
CYP2C19
CYP2D6",HUMAN,BTM00014,CC(C)(C)C#CC=CCN(C)CC1=CC=CC2=CC=C3C(=C21)O3,"InChI=1S/C21H23NO/c1-21(2,3)13-6-5-7-14-22(4)15-17-10-8-9-16-11-12-18-20(23-18)19(16)17/h5,7-12H,14-15H2,1-4H3/b7-5+",BYYCPUCEEISOLP-FNORWQNLSA-N,5.065899999999999,305.177964356
"InChI=1S/C21H23NO2/c1-21(2,3)13-6-5-7-14-22(4)20(23)16-10-8-9-15-11-12-17-19(24-17)18(15)16/h5,7-12,20,23H,14H2,1-4H3/b7-5+",JWWPKAXZIDINFD-FNORWQNLSA-N,CC(C)(C)C#CC=CCN(C)C(C1=CC=CC2=CC=C3C(=C21)O3)O,,,C21H23NO2,321.17287897600005,4.726199999999998,0,0,0,BTM00075,BTM00075,Aliphatic hydroxylation of carbon alpha to secondary or tertiary alkyl-N,BTMR1081,"CYP2B6
CYP2C19
CYP2D6",HUMAN,BTM00014,CC(C)(C)C#CC=CCN(C)CC1=CC=CC2=CC=C3C(=C21)O3,"InChI=1S/C21H23NO/c1-21(2,3)13-6-5-7-14-22(4)15-17-10-8-9-16-11-12-18-20(23-18)19(16)17/h5,7-12H,14-15H2,1-4H3/b7-5+",BYYCPUCEEISOLP-FNORWQNLSA-N,5.065899999999999,305.177964356
"InChI=1S/C9H12O2/c1-9(2,3)5-4-7-8(6-10)11-7/h6-8H,1-3H3",RMPUNZHWCGPVFU-UHFFFAOYSA-N,CC(C)(C)C#CC1C(C=O)O1,,,C9H12O2,152.083729624,1.6993,0,0,0,BTM00134,BTM00134,Epoxidation of alkene,BTMR0109,"CYP1A2
CYP2B6
CYP2B6
CYP2C8
CYP2C9
CYP2C19
CYP2D6
CYP2E1
CYP3A4",HUMAN,BTM00015,CC(C)(C)C#CC=CC=O,"InChI=1S/C9H12O/c1-9(2,3)7-5-4-6-8-10/h4,6,8H,1-3H3/b6-4+",ITSLKJVPPOREBI-GQCTYLIASA-N,2.422,136.088815004
"InChI=1S/C9H12O2/c1-9(2,8-11)6-4-3-5-7-10/h3,5,7,11H,8H2,1-2H3/b5-3+",JEKIPOXFQYVXCS-HWKANZROSA-N,C(C(C)(C)C#CC=CC=O)O,,,C9H12O2,152.083729624,1.3313000000000008,0,0,0,BTM00159,BTM00159,Hydroxylation of terminal methyl,BTMR1061,"CYP1A2
CYP2A6
CYP2B6
CYP2C8
CYP2C9
CYP2C19
CYP2D6
CYP2E1
CYP3A4",HUMAN,BTM00015,CC(C)(C)C#CC=CC=O,"InChI=1S/C9H12O/c1-9(2,3)7-5-4-6-8-10/h4,6,8H,1-3H3/b6-4+",ITSLKJVPPOREBI-GQCTYLIASA-N,2.422,136.088815004
"InChI=1S/C12H13NO/c1-13-12(14)11-8-4-6-9-5-2-3-7-10(9)11/h2-8,12-14H,1H3",OBDNQRYJWJEXOI-UHFFFAOYSA-N,N(C)C(C1=CC=CC2=CC=CC=C21)O,,,C12H13NO,187.099714036,1.9363999999999992,0,0,0,BTM00076,BTM00076,Hydroxylation of non-terminal aliphatic carbon adjacent to aromatic ring,BTMR1077,"CYP1A2
CYP2C8
CYP2C9
CYP2D6
CYP3A4",HUMAN,BTM00016,N(C)CC1=CC=CC2=CC=CC=C21,"InChI=1S/C12H13N/c1-13-9-11-7-4-6-10-5-2-3-8-12(10)11/h2-8,13H,9H2,1H3",MQRIUFVBEVFILS-UHFFFAOYSA-N,2.2760999999999982,171.104799416
"InChI=1S/C12H13NO/c1-13-8-11-10-5-3-2-4-9(10)6-7-12(11)14/h2-7,13-14H,8H2,1H3",GNDLETZYLAVKLN-UHFFFAOYSA-N,N(C)CC1=C(C=CC2=CC=CC=C21)O,,,C12H13NO,187.099714036,2.0086999999999997,0,0,0,BTM00088,BTM00088,Aromatic hydroxylation of fused benzene ring,BTMR1030,"CYP1A2
CYP2A6
CYP2B6
CYP2C8
CYP2C9
CYP2C19
CYP2D6
CYP2E1
CYP3A4",HUMAN,BTM00016,N(C)CC1=CC=CC2=CC=CC=C21,"InChI=1S/C12H13N/c1-13-9-11-7-4-6-10-5-2-3-8-12(10)11/h2-8,13H,9H2,1H3",MQRIUFVBEVFILS-UHFFFAOYSA-N,2.2760999999999982,171.104799416
"InChI=1S/C12H13NO/c1-13-8-10-7-11(14)6-9-4-2-3-5-12(9)10/h2-7,13-14H,8H2,1H3",NKEUVBVFUZQWPJ-UHFFFAOYSA-N,N(C)CC1=CC(=CC2=CC=CC=C21)O,,,C12H13NO,187.099714036,2.0086999999999997,0,0,0,BTM00101,BTM00101,Aromatic hydroxylation of fused benzene ring,BTMR1030,"CYP1A2
CYP2A6
CYP2B6
CYP2C8
CYP2C9
CYP2C19
CYP2D6
CYP2E1
CYP3A4",HUMAN,BTM00016,N(C)CC1=CC=CC2=CC=CC=C21,"InChI=1S/C12H13N/c1-13-9-11-7-4-6-10-5-2-3-8-12(10)11/h2-8,13H,9H2,1H3",MQRIUFVBEVFILS-UHFFFAOYSA-N,2.2760999999999982,171.104799416
"InChI=1S/C12H13NO/c1-13-8-10-4-2-3-9-7-11(14)5-6-12(9)10/h2-7,13-14H,8H2,1H3",YHIRDHVIPBLWON-UHFFFAOYSA-N,N(C)CC1=CC=CC2=CC(=CC=C21)O,,,C12H13NO,187.099714036,2.0086999999999997,0,0,0,BTM00111,BTM00111,Aromatic hydroxylation of fused benzene ring,BTMR1030,"CYP1A2
CYP2A6
CYP2B6
CYP2C8
CYP2C9
CYP2C19
CYP2D6
CYP2E1
CYP3A4",HUMAN,BTM00016,N(C)CC1=CC=CC2=CC=CC=C21,"InChI=1S/C12H13N/c1-13-9-11-7-4-6-10-5-2-3-8-12(10)11/h2-8,13H,9H2,1H3",MQRIUFVBEVFILS-UHFFFAOYSA-N,2.2760999999999982,171.104799416
"InChI=1S/C12H13NO/c1-13-8-10-4-2-3-9-5-6-11(14)7-12(9)10/h2-7,13-14H,8H2,1H3",XPJJXKXMQAZLLT-UHFFFAOYSA-N,N(C)CC1=CC=CC2=CC=C(C=C21)O,,,C12H13NO,187.099714036,2.0086999999999997,0,0,0,BTM00120,BTM00120,Aromatic hydroxylation of fused benzene ring,BTMR1030,"CYP1A2
CYP2A6
CYP2B6
CYP2C8
CYP2C9
CYP2C19
CYP2D6
CYP2E1
CYP3A4",HUMAN,BTM00016,N(C)CC1=CC=CC2=CC=CC=C21,"InChI=1S/C12H13N/c1-13-9-11-7-4-6-10-5-2-3-8-12(10)11/h2-8,13H,9H2,1H3",MQRIUFVBEVFILS-UHFFFAOYSA-N,2.2760999999999982,171.104799416
"InChI=1S/C12H13NO/c1-13-8-10-6-2-4-9-5-3-7-11(14)12(9)10/h2-7,13-14H,8H2,1H3",BJUVPQIKPFOBDD-UHFFFAOYSA-N,N(C)CC1=CC=CC2=CC=CC(=C21)O,,,C12H13NO,187.099714036,2.0086999999999997,0,0,0,BTM00142,BTM00142,Aromatic hydroxylation of fused benzene ring,BTMR1031,"CYP1A2
CYP2B6
CYP2C8
CYP2C9
CYP2C19
CYP2D6
CYP3A4",HUMAN,BTM00016,N(C)CC1=CC=CC2=CC=CC=C21,"InChI=1S/C12H13N/c1-13-9-11-7-4-6-10-5-2-3-8-12(10)11/h2-8,13H,9H2,1H3",MQRIUFVBEVFILS-UHFFFAOYSA-N,2.2760999999999982,171.104799416
"InChI=1S/C12H13NO/c1-13-8-9-4-2-6-11-10(9)5-3-7-12(11)14/h2-7,13-14H,8H2,1H3",GIZXUIDDYRAJHY-UHFFFAOYSA-N,N(C)CC1=CC=CC2=C(C=CC=C21)O,,,C12H13NO,187.099714036,2.0086999999999997,0,0,0,BTM00150,BTM00150,Aromatic hydroxylation of fused benzene ring,BTMR1031,"CYP1A2
CYP2B6
CYP2C8
CYP2C9
CYP2C19
CYP2D6
CYP3A4",HUMAN,BTM00016,N(C)CC1=CC=CC2=CC=CC=C21,"InChI=1S/C12H13N/c1-13-9-11-7-4-6-10-5-2-3-8-12(10)11/h2-8,13H,9H2,1H3",MQRIUFVBEVFILS-UHFFFAOYSA-N,2.2760999999999982,171.104799416
"InChI=1S/C12H13NO/c1-13-7-8-6-11-12(14-11)10-5-3-2-4-9(8)10/h2-6,11-13H,7H2,1H3",QHIHZTABBDQEKG-UHFFFAOYSA-N,N(C)CC1=CC2C(C3=CC=CC=C31)O2,,,C12H13NO,187.099714036,1.2292000000000003,0,0,0,BTM00163,BTM00163,Epoxidation of arene,BTMR1027,"CYP1A2
CYP2B6
CYP2C8
CYP2C9
CYP2C19
CYP2E1
CYP3A4",HUMAN,BTM00016,N(C)CC1=CC=CC2=CC=CC=C21,"InChI=1S/C12H13N/c1-13-9-11-7-4-6-10-5-2-3-8-12(10)11/h2-8,13H,9H2,1H3",MQRIUFVBEVFILS-UHFFFAOYSA-N,2.2760999999999982,171.104799416
"InChI=1S/C12H11NO/c1-13-7-8-3-2-4-10-9(8)5-6-11-12(10)14-11/h2-6,13H,7H2,1H3",AJWBWFLHMFYDSN-UHFFFAOYSA-N,N(C)CC1=CC=CC2=C3C(=CC=C21)O3,,,C12H11NO,185.084063972,2.0063000000000004,0,0,0,BTM00170,BTM00170,Epoxidation of arene,BTMR1027,"CYP1A2
CYP2B6
CYP2C8
CYP2C9
CYP2C19
CYP2E1
CYP3A4",HUMAN,BTM00016,N(C)CC1=CC=CC2=CC=CC=C21,"InChI=1S/C12H13N/c1-13-9-11-7-4-6-10-5-2-3-8-12(10)11/h2-8,13H,9H2,1H3",MQRIUFVBEVFILS-UHFFFAOYSA-N,2.2760999999999982,171.104799416
"InChI=1S/C12H11NO/c1-13-7-9-4-2-3-8-5-6-10-12(14-10)11(8)9/h2-6,13H,7H2,1H3",NFLYVAYBEYKZQK-UHFFFAOYSA-N,N(C)CC1=CC=CC2=CC=C3C(=C21)O3,,,C12H11NO,185.084063972,2.0063000000000004,0,0,0,BTM00176,BTM00176,Epoxidation of arene,BTMR1027,"CYP1A2
CYP2B6
CYP2C8
CYP2C9
CYP2C19
CYP2E1
CYP3A4",HUMAN,BTM00016,N(C)CC1=CC=CC2=CC=CC=C21,"InChI=1S/C12H13N/c1-13-9-11-7-4-6-10-5-2-3-8-12(10)11/h2-8,13H,9H2,1H3",MQRIUFVBEVFILS-UHFFFAOYSA-N,2.2760999999999982,171.104799416
"InChI=1S/CH5N/c1-2/h2H2,1H3",BAVYZALUXZFZLV-UHFFFAOYSA-N,NC,,,CH5N,31.042199159999996,-0.6476000000000002,0,0,0,BTM00180,BTM00180,N-Dealkylation of acyclic secondary amine,BTMR1140,"CYP1A2
CYP2B6
CYP2C8
CYP2C9
CYP2C19
CYP2D6
CYP3A4",HUMAN,BTM00016,N(C)CC1=CC=CC2=CC=CC=C21,"InChI=1S/C12H13N/c1-13-9-11-7-4-6-10-5-2-3-8-12(10)11/h2-8,13H,9H2,1H3",MQRIUFVBEVFILS-UHFFFAOYSA-N,2.2760999999999982,171.104799416
InChI=1S/C11H8O/c12-8-10-6-3-5-9-4-1-2-7-11(9)10/h1-8H,SQAINHDHICKHLX-UHFFFAOYSA-N,C(C1=CC=CC2=CC=CC=C21)=O,,,C11H8O,156.057514876,2.4978000000000002,0,0,0,BTM00018,BTM00018,N-Dealkylation of acyclic secondary amine,BTMR1140,"CYP1A2
CYP2B6
CYP2C8
CYP2C9
CYP2C19
CYP2D6
CYP3A4",HUMAN,BTM00016,N(C)CC1=CC=CC2=CC=CC=C21,"InChI=1S/C12H13N/c1-13-9-11-7-4-6-10-5-2-3-8-12(10)11/h2-8,13H,9H2,1H3",MQRIUFVBEVFILS-UHFFFAOYSA-N,2.2760999999999982,171.104799416
"InChI=1S/C11H11N/c12-8-10-6-3-5-9-4-1-2-7-11(9)10/h1-7H,8,12H2",NVSYANRBXPURRQ-UHFFFAOYSA-N,NCC1=CC=CC2=CC=CC=C21,,,C11H11N,157.089149352,1.8442999999999996,0,0,0,BTM00181,BTM00181,N-Dealkylation of acyclic secondary amine,BTMR1140,"CYP1A2
CYP2B6
CYP2C8
CYP2C9
CYP2C19
CYP2D6
CYP3A4",HUMAN,BTM00016,N(C)CC1=CC=CC2=CC=CC=C21,"InChI=1S/C12H13N/c1-13-9-11-7-4-6-10-5-2-3-8-12(10)11/h2-8,13H,9H2,1H3",MQRIUFVBEVFILS-UHFFFAOYSA-N,2.2760999999999982,171.104799416
"InChI=1S/C10H17NO/c1-10(2,3)6-5-8-9(12-8)7-11-4/h8-9,11H,7H2,1-4H3",HUAXLRWCUCZBTE-UHFFFAOYSA-N,CC(C)(C)C#CC1C(CNC)O1,,,C10H17NO,167.131014164,1.585199999999999,0,0,0,BTM00135,BTM00135,Epoxidation of alkene,BTMR0109,"CYP1A2
CYP2B6
CYP2B6
CYP2C8
CYP2C9
CYP2C19
CYP2D6
CYP2E1
CYP3A4",HUMAN,BTM00017,CC(C)(C)C#CC=CCNC,"InChI=1S/C10H17N/c1-10(2,3)8-6-5-7-9-11-4/h5,7,11H,9H2,1-4H3/b7-5+",XQRHBYHDDOJZTM-FNORWQNLSA-N,2.3078999999999987,151.136099544
"InChI=1S/C10H17NO/c1-10(2,9-12)7-5-4-6-8-11-3/h4,6,11-12H,8-9H2,1-3H3/b6-4+",QRVVUEGUNGHVSF-GQCTYLIASA-N,C(C(C)(C)C#CC=CCNC)O,,,C10H17NO,167.131014164,1.2171999999999983,0,0,0,BTM00160,BTM00160,Hydroxylation of terminal methyl,BTMR1061,"CYP1A2
CYP2A6
CYP2B6
CYP2C8
CYP2C9
CYP2C19
CYP2D6
CYP2E1
CYP3A4",HUMAN,BTM00017,CC(C)(C)C#CC=CCNC,"InChI=1S/C10H17N/c1-10(2,3)8-6-5-7-9-11-4/h5,7,11H,9H2,1-4H3/b7-5+",XQRHBYHDDOJZTM-FNORWQNLSA-N,2.3078999999999987,151.136099544
"InChI=1S/C9H12O/c1-9(2,3)7-5-4-6-8-10/h4,6,8H,1-3H3/b6-4+",ITSLKJVPPOREBI-GQCTYLIASA-N,CC(C)(C)C#CC=CC=O,,,C9H12O,136.088815004,2.422,0,0,0,BTM00015,BTM00015,N-Dealkylation of acyclic secondary amine,BTMR1140,"CYP1A2
CYP2B6
CYP2C8
CYP2C9
CYP2C19
CYP2D6
CYP3A4",HUMAN,BTM00017,CC(C)(C)C#CC=CCNC,"InChI=1S/C10H17N/c1-10(2,3)8-6-5-7-9-11-4/h5,7,11H,9H2,1-4H3/b7-5+",XQRHBYHDDOJZTM-FNORWQNLSA-N,2.3078999999999987,151.136099544
"InChI=1S/CH5N/c1-2/h2H2,1H3",BAVYZALUXZFZLV-UHFFFAOYSA-N,NC,,,CH5N,31.042199159999996,-0.6476000000000002,0,0,0,BTM00180,BTM00180,N-Dealkylation of acyclic secondary amine,BTMR1140,"CYP1A2
CYP2B6
CYP2C8
CYP2C9
CYP2C19
CYP2D6
CYP3A4",HUMAN,BTM00017,CC(C)(C)C#CC=CCNC,"InChI=1S/C10H17N/c1-10(2,3)8-6-5-7-9-11-4/h5,7,11H,9H2,1-4H3/b7-5+",XQRHBYHDDOJZTM-FNORWQNLSA-N,2.3078999999999987,151.136099544
"InChI=1S/C9H15N/c1-9(2,3)7-5-4-6-8-10/h4,6H,8,10H2,1-3H3/b6-4+",YNUHPAYOOBCZSM-GQCTYLIASA-N,CC(C)(C)C#CC=CCN,,,C9H15N,137.12044948,1.8761,0,0,0,BTM00182,BTM00182,N-Dealkylation of acyclic secondary amine,BTMR1140,"CYP1A2
CYP2B6
CYP2C8
CYP2C9
CYP2C19
CYP2D6
CYP3A4",HUMAN,BTM00017,CC(C)(C)C#CC=CCNC,"InChI=1S/C10H17N/c1-10(2,3)8-6-5-7-9-11-4/h5,7,11H,9H2,1-4H3/b7-5+",XQRHBYHDDOJZTM-FNORWQNLSA-N,2.3078999999999987,151.136099544
"InChI=1S/C11H8O2/c12-7-10-9-4-2-1-3-8(9)5-6-11(10)13/h1-7,13H",NTCCNERMXRIPTR-UHFFFAOYSA-N,C(C1=C(C=CC2=CC=CC=C21)O)=O,,,C11H8O2,172.052429496,2.2303999999999995,0,0,0,BTM00089,BTM00089,Aromatic hydroxylation of fused benzene ring,BTMR1030,"CYP1A2
CYP2A6
CYP2B6
CYP2C8
CYP2C9
CYP2C19
CYP2D6
CYP2E1
CYP3A4",HUMAN,BTM00018,C(C1=CC=CC2=CC=CC=C21)=O,InChI=1S/C11H8O/c12-8-10-6-3-5-9-4-1-2-7-11(9)10/h1-8H,SQAINHDHICKHLX-UHFFFAOYSA-N,2.4978000000000002,156.057514876
"InChI=1S/C11H8O2/c12-7-9-6-10(13)5-8-3-1-2-4-11(8)9/h1-7,13H",PLCQXZXTFCITAJ-UHFFFAOYSA-N,C(C1=CC(=CC2=CC=CC=C21)O)=O,,,C11H8O2,172.052429496,2.2303999999999995,0,0,0,BTM00102,BTM00102,Aromatic hydroxylation of fused benzene ring,BTMR1030,"CYP1A2
CYP2A6
CYP2B6
CYP2C8
CYP2C9
CYP2C19
CYP2D6
CYP2E1
CYP3A4",HUMAN,BTM00018,C(C1=CC=CC2=CC=CC=C21)=O,InChI=1S/C11H8O/c12-8-10-6-3-5-9-4-1-2-7-11(9)10/h1-8H,SQAINHDHICKHLX-UHFFFAOYSA-N,2.4978000000000002,156.057514876
"InChI=1S/C11H8O2/c12-7-9-3-1-2-8-6-10(13)4-5-11(8)9/h1-7,13H",BJUBNSLNAGEBDW-UHFFFAOYSA-N,C(C1=CC=CC2=CC(=CC=C21)O)=O,,,C11H8O2,172.052429496,2.2303999999999995,0,0,0,BTM00112,BTM00112,Aromatic hydroxylation of fused benzene ring,BTMR1030,"CYP1A2
CYP2A6
CYP2B6
CYP2C8
CYP2C9
CYP2C19
CYP2D6
CYP2E1
CYP3A4",HUMAN,BTM00018,C(C1=CC=CC2=CC=CC=C21)=O,InChI=1S/C11H8O/c12-8-10-6-3-5-9-4-1-2-7-11(9)10/h1-8H,SQAINHDHICKHLX-UHFFFAOYSA-N,2.4978000000000002,156.057514876
"InChI=1S/C11H8O2/c12-7-9-3-1-2-8-4-5-10(13)6-11(8)9/h1-7,13H",PYWINMBZRYZEBE-UHFFFAOYSA-N,C(C1=CC=CC2=CC=C(C=C21)O)=O,,,C11H8O2,172.052429496,2.2303999999999995,0,0,0,BTM00121,BTM00121,Aromatic hydroxylation of fused benzene ring,BTMR1030,"CYP1A2
CYP2A6
CYP2B6
CYP2C8
CYP2C9
CYP2C19
CYP2D6
CYP2E1
CYP3A4",HUMAN,BTM00018,C(C1=CC=CC2=CC=CC=C21)=O,InChI=1S/C11H8O/c12-8-10-6-3-5-9-4-1-2-7-11(9)10/h1-8H,SQAINHDHICKHLX-UHFFFAOYSA-N,2.4978000000000002,156.057514876
"InChI=1S/C11H8O2/c12-7-9-5-1-3-8-4-2-6-10(13)11(8)9/h1-7,13H",ZEUYQHCPNSUTRG-UHFFFAOYSA-N,C(C1=CC=CC2=CC=CC(=C21)O)=O,,,C11H8O2,172.052429496,2.2303999999999995,0,0,0,BTM00143,BTM00143,Aromatic hydroxylation of fused benzene ring,BTMR1031,"CYP1A2
CYP2B6
CYP2C8
CYP2C9
CYP2C19
CYP2D6
CYP3A4",HUMAN,BTM00018,C(C1=CC=CC2=CC=CC=C21)=O,InChI=1S/C11H8O/c12-8-10-6-3-5-9-4-1-2-7-11(9)10/h1-8H,SQAINHDHICKHLX-UHFFFAOYSA-N,2.4978000000000002,156.057514876
"InChI=1S/C11H8O2/c12-7-8-3-1-5-10-9(8)4-2-6-11(10)13/h1-7,13H",CPXIBWAVNCSOPW-UHFFFAOYSA-N,C(C1=CC=CC2=C(C=CC=C21)O)=O,,,C11H8O2,172.052429496,2.2303999999999995,0,0,0,BTM00151,BTM00151,Aromatic hydroxylation of fused benzene ring,BTMR1031,"CYP1A2
CYP2B6
CYP2C8
CYP2C9
CYP2C19
CYP2D6
CYP3A4",HUMAN,BTM00018,C(C1=CC=CC2=CC=CC=C21)=O,InChI=1S/C11H8O/c12-8-10-6-3-5-9-4-1-2-7-11(9)10/h1-8H,SQAINHDHICKHLX-UHFFFAOYSA-N,2.4978000000000002,156.057514876
"InChI=1S/C11H8O2/c12-6-7-5-10-11(13-10)9-4-2-1-3-8(7)9/h1-6,10-11H",ARZSYZKZUGFSKC-UHFFFAOYSA-N,C(C1=CC2C(C3=CC=CC=C31)O2)=O,,,C11H8O2,172.052429496,1.3433,0,0,0,BTM00164,BTM00164,Epoxidation of arene,BTMR1027,"CYP1A2
CYP2B6
CYP2C8
CYP2C9
CYP2C19
CYP2E1
CYP3A4",HUMAN,BTM00018,C(C1=CC=CC2=CC=CC=C21)=O,InChI=1S/C11H8O/c12-8-10-6-3-5-9-4-1-2-7-11(9)10/h1-8H,SQAINHDHICKHLX-UHFFFAOYSA-N,2.4978000000000002,156.057514876
InChI=1S/C11H6O2/c12-6-7-2-1-3-9-8(7)4-5-10-11(9)13-10/h1-6H,QMGIQLAVVIAOGJ-UHFFFAOYSA-N,C(C1=CC=CC2=C3C(=CC=C21)O3)=O,,,C11H6O2,170.036779432,2.228,0,0,0,BTM00171,BTM00171,Epoxidation of arene,BTMR1027,"CYP1A2
CYP2B6
CYP2C8
CYP2C9
CYP2C19
CYP2E1
CYP3A4",HUMAN,BTM00018,C(C1=CC=CC2=CC=CC=C21)=O,InChI=1S/C11H8O/c12-8-10-6-3-5-9-4-1-2-7-11(9)10/h1-8H,SQAINHDHICKHLX-UHFFFAOYSA-N,2.4978000000000002,156.057514876
InChI=1S/C11H6O2/c12-6-8-3-1-2-7-4-5-9-11(13-9)10(7)8/h1-6H,CRJVGFCYXAWLCH-UHFFFAOYSA-N,C(C1=CC=CC2=CC=C3C(=C21)O3)=O,,,C11H6O2,170.036779432,2.228,0,0,0,BTM00177,BTM00177,Epoxidation of arene,BTMR1027,"CYP1A2
CYP2B6
CYP2C8
CYP2C9
CYP2C19
CYP2E1
CYP3A4",HUMAN,BTM00018,C(C1=CC=CC2=CC=CC=C21)=O,InChI=1S/C11H8O/c12-8-10-6-3-5-9-4-1-2-7-11(9)10/h1-8H,SQAINHDHICKHLX-UHFFFAOYSA-N,2.4978000000000002,156.057514876
"InChI=1S/C20H23NO/c1-20(2,3)14-7-4-8-15-21-19(22)18-13-9-11-16-10-5-6-12-17(16)18/h4-6,8-13,19,21-22H,15H2,1-3H3/b8-4+",MSSFNLZIDBMSJL-XBXARRHUSA-N,CC(C)(C)C#CC=CCNC(C1=CC=CC2=CC=CC=C21)O,,,C20H23NO,293.177964356,4.4601,1,0,0,BTM00077,BTM00077,Hydroxylation of non-terminal aliphatic carbon adjacent to aromatic ring,BTMR1077,"CYP1A2
CYP2C8
CYP2C9
CYP2D6
CYP3A4",HUMAN,BTM00019,CC(C)(C)C#CC=CCNCC1=CC=CC2=CC=CC=C21,"InChI=1S/C20H23N/c1-20(2,3)14-7-4-8-15-21-16-18-12-9-11-17-10-5-6-13-19(17)18/h4-6,8-13,21H,15-16H2,1-3H3/b8-4+",IZJZLXQHMWUCIC-XBXARRHUSA-N,4.7997999999999985,277.183049736
"InChI=1S/C20H23NO/c1-20(2,3)13-7-4-8-14-21-15-18-17-10-6-5-9-16(17)11-12-19(18)22/h4-6,8-12,21-22H,14-15H2,1-3H3/b8-4+",LSAQZGOZIIWQII-XBXARRHUSA-N,CC(C)(C)C#CC=CCNCC1=C(C=CC2=CC=CC=C21)O,,,C20H23NO,293.17796435599996,4.532399999999997,1,0,0,BTM00090,BTM00090,Aromatic hydroxylation of fused benzene ring,BTMR1030,"CYP1A2
CYP2A6
CYP2B6
CYP2C8
CYP2C9
CYP2C19
CYP2D6
CYP2E1
CYP3A4",HUMAN,BTM00019,CC(C)(C)C#CC=CCNCC1=CC=CC2=CC=CC=C21,"InChI=1S/C20H23N/c1-20(2,3)14-7-4-8-15-21-16-18-12-9-11-17-10-5-6-13-19(17)18/h4-6,8-13,21H,15-16H2,1-3H3/b8-4+",IZJZLXQHMWUCIC-XBXARRHUSA-N,4.7997999999999985,277.183049736
"InChI=1S/C20H23NO/c1-20(2,3)11-7-4-8-12-21-15-17-14-18(22)13-16-9-5-6-10-19(16)17/h4-6,8-10,13-14,21-22H,12,15H2,1-3H3/b8-4+",XMHSNTUSSCQKAO-XBXARRHUSA-N,CC(C)(C)C#CC=CCNCC1=CC(=CC2=CC=CC=C21)O,,,C20H23NO,293.177964356,4.532399999999997,1,0,0,BTM00103,BTM00103,Aromatic hydroxylation of fused benzene ring,BTMR1030,"CYP1A2
CYP2A6
CYP2B6
CYP2C8
CYP2C9
CYP2C19
CYP2D6
CYP2E1
CYP3A4",HUMAN,BTM00019,CC(C)(C)C#CC=CCNCC1=CC=CC2=CC=CC=C21,"InChI=1S/C20H23N/c1-20(2,3)14-7-4-8-15-21-16-18-12-9-11-17-10-5-6-13-19(17)18/h4-6,8-13,21H,15-16H2,1-3H3/b8-4+",IZJZLXQHMWUCIC-XBXARRHUSA-N,4.7997999999999985,277.183049736
"InChI=1S/C20H23NO/c1-20(2,3)12-5-4-6-13-21-15-17-9-7-8-16-14-18(22)10-11-19(16)17/h4,6-11,14,21-22H,13,15H2,1-3H3/b6-4+",IGXXUWHTENPHSD-GQCTYLIASA-N,CC(C)(C)C#CC=CCNCC1=CC=CC2=CC(=CC=C21)O,,,C20H23NO,293.17796435599996,4.532399999999997,1,0,0,BTM00113,BTM00113,Aromatic hydroxylation of fused benzene ring,BTMR1030,"CYP1A2
CYP2A6
CYP2B6
CYP2C8
CYP2C9
CYP2C19
CYP2D6
CYP2E1
CYP3A4",HUMAN,BTM00019,CC(C)(C)C#CC=CCNCC1=CC=CC2=CC=CC=C21,"InChI=1S/C20H23N/c1-20(2,3)14-7-4-8-15-21-16-18-12-9-11-17-10-5-6-13-19(17)18/h4-6,8-13,21H,15-16H2,1-3H3/b8-4+",IZJZLXQHMWUCIC-XBXARRHUSA-N,4.7997999999999985,277.183049736
"InChI=1S/C20H23NO/c1-20(2,3)12-5-4-6-13-21-15-17-9-7-8-16-10-11-18(22)14-19(16)17/h4,6-11,14,21-22H,13,15H2,1-3H3/b6-4+",TZURJNZGRMYHRU-GQCTYLIASA-N,CC(C)(C)C#CC=CCNCC1=CC=CC2=CC=C(C=C21)O,,,C20H23NO,293.177964356,4.532399999999997,1,0,0,BTM00122,BTM00122,Aromatic hydroxylation of fused benzene ring,BTMR1030,"CYP1A2
CYP2A6
CYP2B6
CYP2C8
CYP2C9
CYP2C19
CYP2D6
CYP2E1
CYP3A4",HUMAN,BTM00019,CC(C)(C)C#CC=CCNCC1=CC=CC2=CC=CC=C21,"InChI=1S/C20H23N/c1-20(2,3)14-7-4-8-15-21-16-18-12-9-11-17-10-5-6-13-19(17)18/h4-6,8-13,21H,15-16H2,1-3H3/b8-4+",IZJZLXQHMWUCIC-XBXARRHUSA-N,4.7997999999999985,277.183049736
"InChI=1S/C20H23NO/c1-20(2,3)12-11-18-19(22-18)14-21-13-16-9-6-8-15-7-4-5-10-17(15)16/h4-10,18-19,21H,13-14H2,1-3H3",CBTVTQMVBSMWJV-UHFFFAOYSA-N,CC(C)(C)C#CC1C(CNCC2=CC=CC3=CC=CC=C32)O1,,,C20H23NO,293.177964356,4.077099999999999,0,0,0,BTM00136,BTM00136,Epoxidation of alkene,BTMR0109,"CYP1A2
CYP2B6
CYP2B6
CYP2C8
CYP2C9
CYP2C19
CYP2D6
CYP2E1
CYP3A4",HUMAN,BTM00019,CC(C)(C)C#CC=CCNCC1=CC=CC2=CC=CC=C21,"InChI=1S/C20H23N/c1-20(2,3)14-7-4-8-15-21-16-18-12-9-11-17-10-5-6-13-19(17)18/h4-6,8-13,21H,15-16H2,1-3H3/b8-4+",IZJZLXQHMWUCIC-XBXARRHUSA-N,4.7997999999999985,277.183049736
"InChI=1S/C20H23NO/c1-20(2,3)13-5-4-6-14-21-15-17-11-7-9-16-10-8-12-18(22)19(16)17/h4,6-12,21-22H,14-15H2,1-3H3/b6-4+",ITZASWCZJDFWDS-GQCTYLIASA-N,CC(C)(C)C#CC=CCNCC1=CC=CC2=CC=CC(=C21)O,,,C20H23NO,293.177964356,4.532399999999997,1,0,0,BTM00144,BTM00144,Aromatic hydroxylation of fused benzene ring,BTMR1031,"CYP1A2
CYP2B6
CYP2C8
CYP2C9
CYP2C19
CYP2D6
CYP3A4",HUMAN,BTM00019,CC(C)(C)C#CC=CCNCC1=CC=CC2=CC=CC=C21,"InChI=1S/C20H23N/c1-20(2,3)14-7-4-8-15-21-16-18-12-9-11-17-10-5-6-13-19(17)18/h4-6,8-13,21H,15-16H2,1-3H3/b8-4+",IZJZLXQHMWUCIC-XBXARRHUSA-N,4.7997999999999985,277.183049736
"InChI=1S/C20H23NO/c1-20(2,3)13-5-4-6-14-21-15-16-9-7-11-18-17(16)10-8-12-19(18)22/h4,6-12,21-22H,14-15H2,1-3H3/b6-4+",AVRJJWDXKAWABY-GQCTYLIASA-N,CC(C)(C)C#CC=CCNCC1=CC=CC2=C(C=CC=C21)O,,,C20H23NO,293.177964356,4.532399999999997,1,0,0,BTM00152,BTM00152,Aromatic hydroxylation of fused benzene ring,BTMR1031,"CYP1A2
CYP2B6
CYP2C8
CYP2C9
CYP2C19
CYP2D6
CYP3A4",HUMAN,BTM00019,CC(C)(C)C#CC=CCNCC1=CC=CC2=CC=CC=C21,"InChI=1S/C20H23N/c1-20(2,3)14-7-4-8-15-21-16-18-12-9-11-17-10-5-6-13-19(17)18/h4-6,8-13,21H,15-16H2,1-3H3/b8-4+",IZJZLXQHMWUCIC-XBXARRHUSA-N,4.7997999999999985,277.183049736
"InChI=1S/C20H23NO/c1-20(2,16-22)13-6-3-7-14-21-15-18-11-8-10-17-9-4-5-12-19(17)18/h3-5,7-12,21-22H,14-16H2,1-2H3/b7-3+",CKGLMMKXUSSSAA-XVNBXDOJSA-N,C(C(C)(C)C#CC=CCNCC1=CC=CC2=CC=CC=C21)O,,,C20H23NO,293.177964356,3.709099999999998,0,0,0,BTM00161,BTM00161,Hydroxylation of terminal methyl,BTMR1061,"CYP1A2
CYP2A6
CYP2B6
CYP2C8
CYP2C9
CYP2C19
CYP2D6
CYP2E1
CYP3A4",HUMAN,BTM00019,CC(C)(C)C#CC=CCNCC1=CC=CC2=CC=CC=C21,"InChI=1S/C20H23N/c1-20(2,3)14-7-4-8-15-21-16-18-12-9-11-17-10-5-6-13-19(17)18/h4-6,8-13,21H,15-16H2,1-3H3/b8-4+",IZJZLXQHMWUCIC-XBXARRHUSA-N,4.7997999999999985,277.183049736
"InChI=1S/C20H23NO/c1-20(2,3)11-7-4-8-12-21-14-15-13-18-19(22-18)17-10-6-5-9-16(15)17/h4-6,8-10,13,18-19,21H,12,14H2,1-3H3/b8-4+",BPFPPZPMUKILPU-XBXARRHUSA-N,CC(C)(C)C#CC=CCNCC1=CC2C(C3=CC=CC=C31)O2,,,C20H23NO,293.177964356,3.752899999999999,0,0,0,BTM00165,BTM00165,Epoxidation of arene,BTMR1027,"CYP1A2
CYP2B6
CYP2C8
CYP2C9
CYP2C19
CYP2E1
CYP3A4",HUMAN,BTM00019,CC(C)(C)C#CC=CCNCC1=CC=CC2=CC=CC=C21,"InChI=1S/C20H23N/c1-20(2,3)14-7-4-8-15-21-16-18-12-9-11-17-10-5-6-13-19(17)18/h4-6,8-13,21H,15-16H2,1-3H3/b8-4+",IZJZLXQHMWUCIC-XBXARRHUSA-N,4.7997999999999985,277.183049736
"InChI=1S/C20H21NO/c1-20(2,3)12-5-4-6-13-21-14-15-8-7-9-17-16(15)10-11-18-19(17)22-18/h4,6-11,21H,13-14H2,1-3H3/b6-4+",BLTGQJZTKNDNFI-GQCTYLIASA-N,CC(C)(C)C#CC=CCNCC1=CC=CC2=C3C(=CC=C21)O3,,,C20H21NO,291.162314292,4.5299999999999985,1,0,0,BTM00172,BTM00172,Epoxidation of arene,BTMR1027,"CYP1A2
CYP2B6
CYP2C8
CYP2C9
CYP2C19
CYP2E1
CYP3A4",HUMAN,BTM00019,CC(C)(C)C#CC=CCNCC1=CC=CC2=CC=CC=C21,"InChI=1S/C20H23N/c1-20(2,3)14-7-4-8-15-21-16-18-12-9-11-17-10-5-6-13-19(17)18/h4-6,8-13,21H,15-16H2,1-3H3/b8-4+",IZJZLXQHMWUCIC-XBXARRHUSA-N,4.7997999999999985,277.183049736
"InChI=1S/C20H21NO/c1-20(2,3)12-5-4-6-13-21-14-16-9-7-8-15-10-11-17-19(22-17)18(15)16/h4,6-11,21H,13-14H2,1-3H3/b6-4+",FTKFARLJSPQIBT-GQCTYLIASA-N,CC(C)(C)C#CC=CCNCC1=CC=CC2=CC=C3C(=C21)O3,,,C20H21NO,291.16231429199996,4.5299999999999985,1,0,0,BTM00178,BTM00178,Epoxidation of arene,BTMR1027,"CYP1A2
CYP2B6
CYP2C8
CYP2C9
CYP2C19
CYP2E1
CYP3A4",HUMAN,BTM00019,CC(C)(C)C#CC=CCNCC1=CC=CC2=CC=CC=C21,"InChI=1S/C20H23N/c1-20(2,3)14-7-4-8-15-21-16-18-12-9-11-17-10-5-6-13-19(17)18/h4-6,8-13,21H,15-16H2,1-3H3/b8-4+",IZJZLXQHMWUCIC-XBXARRHUSA-N,4.7997999999999985,277.183049736
"InChI=1S/C9H12O/c1-9(2,3)7-5-4-6-8-10/h4,6,8H,1-3H3/b6-4+",ITSLKJVPPOREBI-GQCTYLIASA-N,CC(C)(C)C#CC=CC=O,,,C9H12O,136.088815004,2.422,0,0,0,BTM00015,BTM00015,N-Dealkylation of acyclic secondary amine,BTMR1140,"CYP1A2
CYP2B6
CYP2C8
CYP2C9
CYP2C19
CYP2D6
CYP3A4",HUMAN,BTM00019,CC(C)(C)C#CC=CCNCC1=CC=CC2=CC=CC=C21,"InChI=1S/C20H23N/c1-20(2,3)14-7-4-8-15-21-16-18-12-9-11-17-10-5-6-13-19(17)18/h4-6,8-13,21H,15-16H2,1-3H3/b8-4+",IZJZLXQHMWUCIC-XBXARRHUSA-N,4.7997999999999985,277.183049736
"InChI=1S/C11H11N/c12-8-10-6-3-5-9-4-1-2-7-11(9)10/h1-7H,8,12H2",NVSYANRBXPURRQ-UHFFFAOYSA-N,NCC1=CC=CC2=CC=CC=C21,,,C11H11N,157.089149352,1.8442999999999996,0,0,0,BTM00181,BTM00181,N-Dealkylation of acyclic secondary amine,BTMR1140,"CYP1A2
CYP2B6
CYP2C8
CYP2C9
CYP2C19
CYP2D6
CYP3A4",HUMAN,BTM00019,CC(C)(C)C#CC=CCNCC1=CC=CC2=CC=CC=C21,"InChI=1S/C20H23N/c1-20(2,3)14-7-4-8-15-21-16-18-12-9-11-17-10-5-6-13-19(17)18/h4-6,8-13,21H,15-16H2,1-3H3/b8-4+",IZJZLXQHMWUCIC-XBXARRHUSA-N,4.7997999999999985,277.183049736
"InChI=1S/C9H15N/c1-9(2,3)7-5-4-6-8-10/h4,6H,8,10H2,1-3H3/b6-4+",YNUHPAYOOBCZSM-GQCTYLIASA-N,CC(C)(C)C#CC=CCN,,,C9H15N,137.12044948,1.8761,0,0,0,BTM00182,BTM00182,N-Dealkylation of acyclic secondary amine,BTMR1140,"CYP1A2
CYP2B6
CYP2C8
CYP2C9
CYP2C19
CYP2D6
CYP3A4",HUMAN,BTM00019,CC(C)(C)C#CC=CCNCC1=CC=CC2=CC=CC=C21,"InChI=1S/C20H23N/c1-20(2,3)14-7-4-8-15-21-16-18-12-9-11-17-10-5-6-13-19(17)18/h4-6,8-13,21H,15-16H2,1-3H3/b8-4+",IZJZLXQHMWUCIC-XBXARRHUSA-N,4.7997999999999985,277.183049736
InChI=1S/C11H8O/c12-8-10-6-3-5-9-4-1-2-7-11(9)10/h1-8H,SQAINHDHICKHLX-UHFFFAOYSA-N,C(C1=CC=CC2=CC=CC=C21)=O,,,C11H8O,156.057514876,2.4978000000000002,0,0,0,BTM00018,BTM00018,N-Dealkylation of acyclic secondary amine,BTMR1140,"CYP1A2
CYP2B6
CYP2C8
CYP2C9
CYP2C19
CYP2D6
CYP3A4",HUMAN,BTM00019,CC(C)(C)C#CC=CCNCC1=CC=CC2=CC=CC=C21,"InChI=1S/C20H23N/c1-20(2,3)14-7-4-8-15-21-16-18-12-9-11-17-10-5-6-13-19(17)18/h4-6,8-13,21H,15-16H2,1-3H3/b8-4+",IZJZLXQHMWUCIC-XBXARRHUSA-N,4.7997999999999985,277.183049736
"InChI=1S/C21H25NO2/c1-21(2,3)15-8-7-14-19(23)22(4)20(24)18-13-9-11-16-10-5-6-12-17(16)18/h5-7,9-14,19-20,23-24H,1-4H3/b14-7+",JYGHCYTXZNOFDF-VGOFMYFVSA-N,CC(C)(C)C#CC=CC(N(C)C(C1=CC=CC2=CC=CC=C21)O)O,,,C21H25NO2,323.18852904000005,4.656299999999997,0,0,0,BTM00183,BTM00183,Hydroxylation of non-terminal aliphatic carbon adjacent to aromatic ring,BTMR1077,"CYP1A2
CYP2C8
CYP2C9
CYP2D6
CYP3A4",HUMAN,BTM00020,CC(C)(C)C#CC=CC(N(C)CC1=CC=CC2=CC=CC=C21)O,"InChI=1S/C21H25NO/c1-21(2,3)15-8-7-14-20(23)22(4)16-18-12-9-11-17-10-5-6-13-19(17)18/h5-7,9-14,20,23H,16H2,1-4H3/b14-7+",LXGXMGDWCQOQRR-VGOFMYFVSA-N,4.995999999999999,307.19361442
"InChI=1S/C21H25NO2/c1-21(2,3)14-8-7-11-20(24)22(4)15-18-17-10-6-5-9-16(17)12-13-19(18)23/h5-7,9-13,20,23-24H,15H2,1-4H3/b11-7+",RRQWGFAPDPOSAH-YRNVUSSQSA-N,CC(C)(C)C#CC=CC(N(C)CC1=C(C=CC2=CC=CC=C21)O)O,,,C21H25NO2,323.18852904,4.728599999999999,1,0,0,BTM00091,BTM00091,Aromatic hydroxylation of fused benzene ring,BTMR1030,"CYP1A2
CYP2A6
CYP2B6
CYP2C8
CYP2C9
CYP2C19
CYP2D6
CYP2E1
CYP3A4",HUMAN,BTM00020,CC(C)(C)C#CC=CC(N(C)CC1=CC=CC2=CC=CC=C21)O,"InChI=1S/C21H25NO/c1-21(2,3)15-8-7-14-20(23)22(4)16-18-12-9-11-17-10-5-6-13-19(17)18/h5-7,9-14,20,23H,16H2,1-4H3/b14-7+",LXGXMGDWCQOQRR-VGOFMYFVSA-N,4.995999999999999,307.19361442
"InChI=1S/C21H25NO2/c1-21(2,3)12-8-7-11-20(24)22(4)15-17-14-18(23)13-16-9-5-6-10-19(16)17/h5-7,9-11,13-14,20,23-24H,15H2,1-4H3/b11-7+",KZQPRXJBOGVPLF-YRNVUSSQSA-N,CC(C)(C)C#CC=CC(N(C)CC1=CC(=CC2=CC=CC=C21)O)O,,,C21H25NO2,323.18852904,4.728599999999999,1,0,0,BTM00104,BTM00104,Aromatic hydroxylation of fused benzene ring,BTMR1030,"CYP1A2
CYP2A6
CYP2B6
CYP2C8
CYP2C9
CYP2C19
CYP2D6
CYP2E1
CYP3A4",HUMAN,BTM00020,CC(C)(C)C#CC=CC(N(C)CC1=CC=CC2=CC=CC=C21)O,"InChI=1S/C21H25NO/c1-21(2,3)15-8-7-14-20(23)22(4)16-18-12-9-11-17-10-5-6-13-19(17)18/h5-7,9-14,20,23H,16H2,1-4H3/b14-7+",LXGXMGDWCQOQRR-VGOFMYFVSA-N,4.995999999999999,307.19361442
"InChI=1S/C21H25NO2/c1-21(2,3)13-6-5-10-20(24)22(4)15-17-9-7-8-16-14-18(23)11-12-19(16)17/h5,7-12,14,20,23-24H,15H2,1-4H3/b10-5+",FSYXYZHHQNQGRC-BJMVGYQFSA-N,CC(C)(C)C#CC=CC(N(C)CC1=CC=CC2=CC(=CC=C21)O)O,,,C21H25NO2,323.18852904000005,4.728599999999999,1,0,0,BTM00114,BTM00114,Aromatic hydroxylation of fused benzene ring,BTMR1030,"CYP1A2
CYP2A6
CYP2B6
CYP2C8
CYP2C9
CYP2C19
CYP2D6
CYP2E1
CYP3A4",HUMAN,BTM00020,CC(C)(C)C#CC=CC(N(C)CC1=CC=CC2=CC=CC=C21)O,"InChI=1S/C21H25NO/c1-21(2,3)15-8-7-14-20(23)22(4)16-18-12-9-11-17-10-5-6-13-19(17)18/h5-7,9-14,20,23H,16H2,1-4H3/b14-7+",LXGXMGDWCQOQRR-VGOFMYFVSA-N,4.995999999999999,307.19361442
"InChI=1S/C21H25NO2/c1-21(2,3)13-6-5-10-20(24)22(4)15-17-9-7-8-16-11-12-18(23)14-19(16)17/h5,7-12,14,20,23-24H,15H2,1-4H3/b10-5+",NECPGMPVOHYRPS-BJMVGYQFSA-N,CC(C)(C)C#CC=CC(N(C)CC1=CC=CC2=CC=C(C=C21)O)O,,,C21H25NO2,323.18852904000005,4.728599999999999,1,0,0,BTM00123,BTM00123,Aromatic hydroxylation of fused benzene ring,BTMR1030,"CYP1A2
CYP2A6
CYP2B6
CYP2C8
CYP2C9
CYP2C19
CYP2D6
CYP2E1
CYP3A4",HUMAN,BTM00020,CC(C)(C)C#CC=CC(N(C)CC1=CC=CC2=CC=CC=C21)O,"InChI=1S/C21H25NO/c1-21(2,3)15-8-7-14-20(23)22(4)16-18-12-9-11-17-10-5-6-13-19(17)18/h5-7,9-14,20,23H,16H2,1-4H3/b14-7+",LXGXMGDWCQOQRR-VGOFMYFVSA-N,4.995999999999999,307.19361442
"InChI=1S/C21H25NO2/c1-21(2,3)15-8-7-14-20(23)22(4,24)16-18-12-9-11-17-10-5-6-13-19(17)18/h5-7,9-14,20,23H,16H2,1-4H3/b14-7+",XDLMHXRHSYALBZ-VGOFMYFVSA-N,CC(C)(C)C#CC=CC([N+](C)(CC1=CC=CC2=CC=CC=C21)[O-])O,,,C21H25NO2,323.18852904000005,4.590899999999999,0,0,0,BTM00184,BTM00184,N-Oxidation of aliphatic tertiary amine,BTMR1100,"CYP1A2
CYP2D6
CYP3A4",HUMAN,BTM00020,CC(C)(C)C#CC=CC(N(C)CC1=CC=CC2=CC=CC=C21)O,"InChI=1S/C21H25NO/c1-21(2,3)15-8-7-14-20(23)22(4)16-18-12-9-11-17-10-5-6-13-19(17)18/h5-7,9-14,20,23H,16H2,1-4H3/b14-7+",LXGXMGDWCQOQRR-VGOFMYFVSA-N,4.995999999999999,307.19361442
"InChI=1S/C21H25NO2/c1-21(2,3)13-12-18-19(24-18)20(23)22(4)14-16-10-7-9-15-8-5-6-11-17(15)16/h5-11,18-20,23H,14H2,1-4H3",GJBVXBUOTNNPKA-UHFFFAOYSA-N,CC(C)(C)C#CC1C(C(N(C)CC2=CC=CC3=CC=CC=C32)O)O1,,,C21H25NO2,323.18852904,4.273299999999999,0,0,0,BTM00137,BTM00137,Epoxidation of alkene,BTMR0109,"CYP1A2
CYP2B6
CYP2B6
CYP2C8
CYP2C9
CYP2C19
CYP2D6
CYP2E1
CYP3A4",HUMAN,BTM00020,CC(C)(C)C#CC=CC(N(C)CC1=CC=CC2=CC=CC=C21)O,"InChI=1S/C21H25NO/c1-21(2,3)15-8-7-14-20(23)22(4)16-18-12-9-11-17-10-5-6-13-19(17)18/h5-7,9-14,20,23H,16H2,1-4H3/b14-7+",LXGXMGDWCQOQRR-VGOFMYFVSA-N,4.995999999999999,307.19361442
"InChI=1S/C21H25NO2/c1-21(2,3)14-6-5-13-19(24)22(4)15-17-11-7-9-16-10-8-12-18(23)20(16)17/h5,7-13,19,23-24H,15H2,1-4H3/b13-5+",MFOBWGDCDRMKFQ-WLRTZDKTSA-N,CC(C)(C)C#CC=CC(N(C)CC1=CC=CC2=CC=CC(=C21)O)O,,,C21H25NO2,323.18852904000005,4.728599999999999,1,0,0,BTM00145,BTM00145,Aromatic hydroxylation of fused benzene ring,BTMR1031,"CYP1A2
CYP2B6
CYP2C8
CYP2C9
CYP2C19
CYP2D6
CYP3A4",HUMAN,BTM00020,CC(C)(C)C#CC=CC(N(C)CC1=CC=CC2=CC=CC=C21)O,"InChI=1S/C21H25NO/c1-21(2,3)15-8-7-14-20(23)22(4)16-18-12-9-11-17-10-5-6-13-19(17)18/h5-7,9-14,20,23H,16H2,1-4H3/b14-7+",LXGXMGDWCQOQRR-VGOFMYFVSA-N,4.995999999999999,307.19361442
"InChI=1S/C21H25NO2/c1-21(2,3)14-6-5-13-20(24)22(4)15-16-9-7-11-18-17(16)10-8-12-19(18)23/h5,7-13,20,23-24H,15H2,1-4H3/b13-5+",ZJISXWVBWSXDCF-WLRTZDKTSA-N,CC(C)(C)C#CC=CC(N(C)CC1=CC=CC2=C(C=CC=C21)O)O,,,C21H25NO2,323.18852904,4.728599999999999,1,0,0,BTM00153,BTM00153,Aromatic hydroxylation of fused benzene ring,BTMR1031,"CYP1A2
CYP2B6
CYP2C8
CYP2C9
CYP2C19
CYP2D6
CYP3A4",HUMAN,BTM00020,CC(C)(C)C#CC=CC(N(C)CC1=CC=CC2=CC=CC=C21)O,"InChI=1S/C21H25NO/c1-21(2,3)15-8-7-14-20(23)22(4)16-18-12-9-11-17-10-5-6-13-19(17)18/h5-7,9-14,20,23H,16H2,1-4H3/b14-7+",LXGXMGDWCQOQRR-VGOFMYFVSA-N,4.995999999999999,307.19361442
"InChI=1S/C21H25NO2/c1-21(2,16-23)14-7-6-13-20(24)22(3)15-18-11-8-10-17-9-4-5-12-19(17)18/h4-6,8-13,20,23-24H,15-16H2,1-3H3/b13-6+",UTDBLAMJXVALCG-AWNIVKPZSA-N,C(C(C)(C)C#CC=CC(N(C)CC1=CC=CC2=CC=CC=C21)O)O,,,C21H25NO2,323.18852904,3.905299999999998,0,0,0,BTM00162,BTM00162,Hydroxylation of terminal methyl,BTMR1061,"CYP1A2
CYP2A6
CYP2B6
CYP2C8
CYP2C9
CYP2C19
CYP2D6
CYP2E1
CYP3A4",HUMAN,BTM00020,CC(C)(C)C#CC=CC(N(C)CC1=CC=CC2=CC=CC=C21)O,"InChI=1S/C21H25NO/c1-21(2,3)15-8-7-14-20(23)22(4)16-18-12-9-11-17-10-5-6-13-19(17)18/h5-7,9-14,20,23H,16H2,1-4H3/b14-7+",LXGXMGDWCQOQRR-VGOFMYFVSA-N,4.995999999999999,307.19361442
"InChI=1S/C21H25NO2/c1-21(2,3)12-8-7-11-19(23)22(4)14-15-13-18-20(24-18)17-10-6-5-9-16(15)17/h5-7,9-11,13,18-20,23H,14H2,1-4H3/b11-7+",VCZJXQNIPFFXIW-YRNVUSSQSA-N,CC(C)(C)C#CC=CC(N(C)CC1=CC2C(C3=CC=CC=C31)O2)O,,,C21H25NO2,323.18852904,3.9490999999999987,0,0,0,BTM00166,BTM00166,Epoxidation of arene,BTMR1027,"CYP1A2
CYP2B6
CYP2C8
CYP2C9
CYP2C19
CYP2E1
CYP3A4",HUMAN,BTM00020,CC(C)(C)C#CC=CC(N(C)CC1=CC=CC2=CC=CC=C21)O,"InChI=1S/C21H25NO/c1-21(2,3)15-8-7-14-20(23)22(4)16-18-12-9-11-17-10-5-6-13-19(17)18/h5-7,9-14,20,23H,16H2,1-4H3/b14-7+",LXGXMGDWCQOQRR-VGOFMYFVSA-N,4.995999999999999,307.19361442
"InChI=1S/C21H23NO2/c1-21(2,3)13-6-5-10-19(23)22(4)14-15-8-7-9-17-16(15)11-12-18-20(17)24-18/h5,7-12,19,23H,14H2,1-4H3/b10-5+",HPIFOBVSHLGQBS-BJMVGYQFSA-N,CC(C)(C)C#CC=CC(N(C)CC1=CC=CC2=C3C(=CC=C21)O3)O,,,C21H23NO2,321.172878976,4.726199999999998,0,0,0,BTM00173,BTM00173,Epoxidation of arene,BTMR1027,"CYP1A2
CYP2B6
CYP2C8
CYP2C9
CYP2C19
CYP2E1
CYP3A4",HUMAN,BTM00020,CC(C)(C)C#CC=CC(N(C)CC1=CC=CC2=CC=CC=C21)O,"InChI=1S/C21H25NO/c1-21(2,3)15-8-7-14-20(23)22(4)16-18-12-9-11-17-10-5-6-13-19(17)18/h5-7,9-14,20,23H,16H2,1-4H3/b14-7+",LXGXMGDWCQOQRR-VGOFMYFVSA-N,4.995999999999999,307.19361442
"InChI=1S/C21H23NO2/c1-21(2,3)13-6-5-10-18(23)22(4)14-16-9-7-8-15-11-12-17-20(24-17)19(15)16/h5,7-12,18,23H,14H2,1-4H3/b10-5+",QWSXSGXEAILSCV-BJMVGYQFSA-N,CC(C)(C)C#CC=CC(N(C)CC1=CC=CC2=CC=C3C(=C21)O3)O,,,C21H23NO2,321.17287897600005,4.726199999999998,0,0,0,BTM00179,BTM00179,Epoxidation of arene,BTMR1027,"CYP1A2
CYP2B6
CYP2C8
CYP2C9
CYP2C19
CYP2E1
CYP3A4",HUMAN,BTM00020,CC(C)(C)C#CC=CC(N(C)CC1=CC=CC2=CC=CC=C21)O,"InChI=1S/C21H25NO/c1-21(2,3)15-8-7-14-20(23)22(4)16-18-12-9-11-17-10-5-6-13-19(17)18/h5-7,9-14,20,23H,16H2,1-4H3/b14-7+",LXGXMGDWCQOQRR-VGOFMYFVSA-N,4.995999999999999,307.19361442
"InChI=1S/C9H12O2/c1-9(2,3)7-5-4-6-8(10)11/h4,6H,1-3H3,(H,10,11)/b6-4+",LLBLLOJABCZYKK-GQCTYLIASA-N,CC(C)(C)C#CC=CC(=O)O,,,C9H12O2,152.083729624,2.3745999999999996,0,0,0,BTM00059,BTM00059,N-Dealkylation of acyclic tertiary amine,BTMR1142,"CYP1A2
CYP2A6
CYP2B6
CYP2C8
CYP2C9
CYP2C19
CYP2D6
CYP2E1
CYP3A4",HUMAN,BTM00020,CC(C)(C)C#CC=CC(N(C)CC1=CC=CC2=CC=CC=C21)O,"InChI=1S/C21H25NO/c1-21(2,3)15-8-7-14-20(23)22(4)16-18-12-9-11-17-10-5-6-13-19(17)18/h5-7,9-14,20,23H,16H2,1-4H3/b14-7+",LXGXMGDWCQOQRR-VGOFMYFVSA-N,4.995999999999999,307.19361442
"InChI=1S/C12H13N/c1-13-9-11-7-4-6-10-5-2-3-8-12(10)11/h2-8,13H,9H2,1H3",MQRIUFVBEVFILS-UHFFFAOYSA-N,N(C)CC1=CC=CC2=CC=CC=C21,,,C12H13N,171.104799416,2.2760999999999982,0,0,0,BTM00016,BTM00016,N-Dealkylation of acyclic tertiary amine,BTMR1142,"CYP1A2
CYP2A6
CYP2B6
CYP2C8
CYP2C9
CYP2C19
CYP2D6
CYP2E1
CYP3A4",HUMAN,BTM00020,CC(C)(C)C#CC=CC(N(C)CC1=CC=CC2=CC=CC=C21)O,"InChI=1S/C21H25NO/c1-21(2,3)15-8-7-14-20(23)22(4)16-18-12-9-11-17-10-5-6-13-19(17)18/h5-7,9-14,20,23H,16H2,1-4H3/b14-7+",LXGXMGDWCQOQRR-VGOFMYFVSA-N,4.995999999999999,307.19361442
"InChI=1S/C10H17NO/c1-10(2,3)8-6-5-7-9(12)11-4/h5,7,9,11-12H,1-4H3/b7-5+",HGJBDYQGUHZVKW-FNORWQNLSA-N,CC(C)(C)C#CC=CC(NC)O,,,C10H17NO,167.131014164,1.9681999999999997,0,0,0,BTM00185,BTM00185,N-Dealkylation of acyclic tertiary amine,BTMR1142,"CYP1A2
CYP2A6
CYP2B6
CYP2C8
CYP2C9
CYP2C19
CYP2D6
CYP2E1
CYP3A4",HUMAN,BTM00020,CC(C)(C)C#CC=CC(N(C)CC1=CC=CC2=CC=CC=C21)O,"InChI=1S/C21H25NO/c1-21(2,3)15-8-7-14-20(23)22(4)16-18-12-9-11-17-10-5-6-13-19(17)18/h5-7,9-14,20,23H,16H2,1-4H3/b14-7+",LXGXMGDWCQOQRR-VGOFMYFVSA-N,4.995999999999999,307.19361442
InChI=1S/C11H8O/c12-8-10-6-3-5-9-4-1-2-7-11(9)10/h1-8H,SQAINHDHICKHLX-UHFFFAOYSA-N,C(C1=CC=CC2=CC=CC=C21)=O,,,C11H8O,156.057514876,2.4978000000000002,0,0,0,BTM00018,BTM00018,N-Dealkylation of acyclic tertiary amine,BTMR1142,"CYP1A2
CYP2A6
CYP2B6
CYP2C8
CYP2C9
CYP2C19
CYP2D6
CYP2E1
CYP3A4",HUMAN,BTM00020,CC(C)(C)C#CC=CC(N(C)CC1=CC=CC2=CC=CC=C21)O,"InChI=1S/C21H25NO/c1-21(2,3)15-8-7-14-20(23)22(4)16-18-12-9-11-17-10-5-6-13-19(17)18/h5-7,9-14,20,23H,16H2,1-4H3/b14-7+",LXGXMGDWCQOQRR-VGOFMYFVSA-N,4.995999999999999,307.19361442
"InChI=1S/C20H23NO/c1-20(2,3)14-7-6-13-19(22)21-15-17-11-8-10-16-9-4-5-12-18(16)17/h4-6,8-13,19,21-22H,15H2,1-3H3/b13-6+",NPILXSVIPCATPL-AWNIVKPZSA-N,CC(C)(C)C#CC=CC(NCC1=CC=CC2=CC=CC=C21)O,,,C20H23NO,293.177964356,4.4601,1,0,0,BTM00186,BTM00186,N-Dealkylation of acyclic tertiary amine,BTMR1142,"CYP1A2
CYP2A6
CYP2B6
CYP2C8
CYP2C9
CYP2C19
CYP2D6
CYP2E1
CYP3A4",HUMAN,BTM00020,CC(C)(C)C#CC=CC(N(C)CC1=CC=CC2=CC=CC=C21)O,"InChI=1S/C21H25NO/c1-21(2,3)15-8-7-14-20(23)22(4)16-18-12-9-11-17-10-5-6-13-19(17)18/h5-7,9-14,20,23H,16H2,1-4H3/b14-7+",LXGXMGDWCQOQRR-VGOFMYFVSA-N,4.995999999999999,307.19361442
"InChI=1S/C27H33NO7/c1-27(2,3)13-12-19-20(34-19)15-28(4,14-17-10-7-9-16-8-5-6-11-18(16)17)25-23(31)21(29)22(30)24(35-25)26(32)33/h5-11,19-25,29-31H,14-15H2,1-4H3/p+1",KSMJTWSGNPERCV-UHFFFAOYSA-O,CC(C)(C)C#CC1C(C[N+](C)(CC2=CC=CC3=CC=CC=C32)C4OC(C(O)=O)C(C(C4O)O)O)O1,,,[C27H34NO7]+,484.233527428,1.3117000000000003,0,1,1,BTM00187,BTM00187,N-Glucuronidation of tertiary aliphatic amine,BTMR0244,EC 2.4.1.17,HUMAN,BTM00008,CC(C)(C)C#CC1C(CN(C)CC2=CC=CC3=CC=CC=C32)O1,"InChI=1S/C21H25NO/c1-21(2,3)13-12-19-20(23-19)15-22(4)14-17-10-7-9-16-8-5-6-11-18(16)17/h5-11,19-20H,14-15H2,1-4H3",YUJTUMZGFPTLAX-UHFFFAOYSA-N,4.612999999999999,307.19361442
"InChI=1S/C27H33NO7/c1-27(2,3)12-8-5-9-13-28(4,25-22(31)20(29)21(30)24(35-25)26(32)33)15-16-14-19-23(34-19)18-11-7-6-10-17(16)18/h5-7,9-11,14,19-25,29-31H,13,15H2,1-4H3/p+1/b9-5+",IQEJYCJUYWUNLX-WEVVVXLNSA-O,CC(C)(C)C#CC=CC[N+](C)(CC1=CC2C(C3=CC=CC=C31)O2)C4OC(C(O)=O)C(C(C4O)O)O,,,[C27H34NO7]+,484.233527428,0.9874999999999987,0,1,1,BTM00188,BTM00188,N-Glucuronidation of tertiary aliphatic amine,BTMR0244,EC 2.4.1.17,HUMAN,BTM00012,CC(C)(C)C#CC=CCN(C)CC1=CC2C(C3=CC=CC=C31)O2,"InChI=1S/C21H25NO/c1-21(2,3)12-8-5-9-13-22(4)15-16-14-19-20(23-19)18-11-7-6-10-17(16)18/h5-7,9-11,14,19-20H,13,15H2,1-4H3/b9-5+",GDVYJSHERGSSSX-WEVVVXLNSA-N,4.288799999999999,307.19361442
"InChI=1S/C9H14O/c1-9(2,3)7-5-4-6-8-10/h8H,4,6H2,1-3H3",ICFDGYWYHJGQNQ-UHFFFAOYSA-N,CC(C)(C)C#CCCC=O,,,C9H14O,138.104465068,2.4451999999999994,0,0,0,BTM00189,BTM00189,"Reduction of alpha,beta-unsaturated carbon-carbon double bond adjacent to electron withdrawing group",BTMR1209,EC 1.6.99.1,GUTMICRO,BTM00015,CC(C)(C)C#CC=CC=O,"InChI=1S/C9H12O/c1-9(2,3)7-5-4-6-8-10/h4,6,8H,1-3H3/b6-4+",ITSLKJVPPOREBI-GQCTYLIASA-N,2.422,136.088815004
