InChI,InChIKey,SMILES,Synonyms,PUBCHEM_CID,Molecular formula,Major Isotope Mass,ALogP,Lipinski_Violations,Insecticide_Likeness_Violations,Post_Em_Herbicide_Likeness_Violations,Metabolite ID,cdk:Title,Reaction,Reaction ID,Enzyme(s),Biosystem,Precursor ID,Precursor SMILES,Precursor InChI,Precursor InChIKey,Precursor ALogP,Precursor Major Isotope Mass
"InChI=1S/C11H20NO/c13-11-7-9-3-4-10(8-11)12(9)5-1-2-6-12/h9-11,13H,1-8H2/q+1",MXMOCKPTNSGRFA-UHFFFAOYSA-N,C1CC[N+]2(C1)C3CCC2CC(C3)O,,,[C11H20NO]+,182.15448926,-0.6226000000000014,0,0,0,BTM00001,BTM00001,Hydrolysis of carboxylic acid ester,BTMR0143,EC 3.1.1.1,HUMAN,,C1CC[N+]2(C1)C3CCC2CC(C3)OC(=O)C(C4=CC=CC=C4)(C5=CC=CC=C5)O,"InChI=1S/C25H30NO3/c27-24(25(28,19-9-3-1-4-10-19)20-11-5-2-6-12-20)29-23-17-21-13-14-22(18-23)26(21)15-7-8-16-26/h1-6,9-12,21-23,28H,7-8,13-18H2/q+1",OYYDSUSKLWTMMQ-UHFFFAOYSA-N,,392.2225
"InChI=1S/C14H12O3/c15-13(16)14(17,11-7-3-1-4-8-11)12-9-5-2-6-10-12/h1-10,17H,(H,15,16)",UKXSKSHDVLQNKG-UHFFFAOYSA-N,OC(=O)C(C1=CC=CC=C1)(C2=CC=CC=C2)O,,,C14H12O3,228.07864424399997,2.3634000000000004,0,0,0,BTM00002,BTM00002,Hydrolysis of carboxylic acid ester,BTMR0143,EC 3.1.1.1,HUMAN,,C1CC[N+]2(C1)C3CCC2CC(C3)OC(=O)C(C4=CC=CC=C4)(C5=CC=CC=C5)O,"InChI=1S/C25H30NO3/c27-24(25(28,19-9-3-1-4-10-19)20-11-5-2-6-12-20)29-23-17-21-13-14-22(18-23)26(21)15-7-8-16-26/h1-6,9-12,21-23,28H,7-8,13-18H2/q+1",OYYDSUSKLWTMMQ-UHFFFAOYSA-N,,392.2225
"InChI=1S/C25H29NO4/c27-23-11-5-4-10-22(23)25(29,18-8-2-1-3-9-18)24(28)30-21-16-19-12-13-20(17-21)26(19)14-6-7-15-26/h1-5,8-11,19-21,29H,6-7,12-17H2/p+1",AXMWQFTVKCFUAW-UHFFFAOYSA-O,C1CC[N+]2(C1)C3CCC2CC(C3)OC(=O)C(C4=CC=CC=C4)(C5=C(C=CC=C5)O)O,,,[C25H30NO4]+,408.21748344,2.082399999999998,0,0,0,BTM00003,BTM00003,O-Hydroxylation of monosubstituted benzene,BTMR1034,"CYP1A2
CYP2C8
CYP2C9
CYP2C19
CYP3A4",HUMAN,,C1CC[N+]2(C1)C3CCC2CC(C3)OC(=O)C(C4=CC=CC=C4)(C5=CC=CC=C5)O,"InChI=1S/C25H30NO3/c27-24(25(28,19-9-3-1-4-10-19)20-11-5-2-6-12-20)29-23-17-21-13-14-22(18-23)26(21)15-7-8-16-26/h1-6,9-12,21-23,28H,7-8,13-18H2/q+1",OYYDSUSKLWTMMQ-UHFFFAOYSA-N,,392.2225
"InChI=1S/C25H29NO4/c27-22-12-8-19(9-13-22)25(29,18-6-2-1-3-7-18)24(28)30-23-16-20-10-11-21(17-23)26(20)14-4-5-15-26/h1-3,6-9,12-13,20-21,23,29H,4-5,10-11,14-17H2/p+1",MPAPHUJYJNWFQI-UHFFFAOYSA-O,C1CC[N+]2(C1)C3CCC2CC(C3)OC(=O)C(C4=CC=CC=C4)(C5=CC=C(C=C5)O)O,,,[C25H30NO4]+,408.21748344,2.082399999999998,0,0,0,BTM00004,BTM00004,Hydroxylation of benzene on carbon para to electron donating group,BTMR1047,"CYP1A2
CYP2C8
CYP2C9
CYP2D6
CYP3A4",HUMAN,,C1CC[N+]2(C1)C3CCC2CC(C3)OC(=O)C(C4=CC=CC=C4)(C5=CC=CC=C5)O,"InChI=1S/C25H30NO3/c27-24(25(28,19-9-3-1-4-10-19)20-11-5-2-6-12-20)29-23-17-21-13-14-22(18-23)26(21)15-7-8-16-26/h1-6,9-12,21-23,28H,7-8,13-18H2/q+1",OYYDSUSKLWTMMQ-UHFFFAOYSA-N,,392.2225
"InChI=1S/C25H30NO4/c27-23-12-7-15-26(23)20-13-14-21(26)17-22(16-20)30-24(28)25(29,18-8-3-1-4-9-18)19-10-5-2-6-11-19/h1-6,8-11,20-23,27,29H,7,12-17H2/q+1",ZNADBKGGPJUWIT-UHFFFAOYSA-N,C1CC([N+]2(C1)C3CCC2CC(C3)OC(=O)C(C4=CC=CC=C4)(C5=CC=CC=C5)O)O,,,[C25H30NO4]+,408.21748344,1.751300000000002,0,0,0,BTM00005,BTM00005,Hydroxylation of heteroalicyclic secondary carbon,BTMR1070,"CYP1A2
CYP2A6
CYP2C9
CYP2D6
CYP3A4",HUMAN,,C1CC[N+]2(C1)C3CCC2CC(C3)OC(=O)C(C4=CC=CC=C4)(C5=CC=CC=C5)O,"InChI=1S/C25H30NO3/c27-24(25(28,19-9-3-1-4-10-19)20-11-5-2-6-12-20)29-23-17-21-13-14-22(18-23)26(21)15-7-8-16-26/h1-6,9-12,21-23,28H,7-8,13-18H2/q+1",OYYDSUSKLWTMMQ-UHFFFAOYSA-N,,392.2225
"InChI=1S/C25H30NO4/c27-22-13-14-26(17-22)20-11-12-21(26)16-23(15-20)30-24(28)25(29,18-7-3-1-4-8-18)19-9-5-2-6-10-19/h1-10,20-23,27,29H,11-17H2/q+1",PQNJHQAPIBCVLN-UHFFFAOYSA-N,C1(CC[N+]2(C1)C3CCC2CC(C3)OC(=O)C(C4=CC=CC=C4)(C5=CC=CC=C5)O)O,,,[C25H30NO4]+,408.21748344,1.2591000000000003,0,0,0,BTM00006,BTM00006,Hydroxylation of heteroalicyclic secondary carbon,BTMR1071,CYP1A2,HUMAN,,C1CC[N+]2(C1)C3CCC2CC(C3)OC(=O)C(C4=CC=CC=C4)(C5=CC=CC=C5)O,"InChI=1S/C25H30NO3/c27-24(25(28,19-9-3-1-4-10-19)20-11-5-2-6-12-20)29-23-17-21-13-14-22(18-23)26(21)15-7-8-16-26/h1-6,9-12,21-23,28H,7-8,13-18H2/q+1",OYYDSUSKLWTMMQ-UHFFFAOYSA-N,,392.2225
"InChI=1S/C25H30NO4/c27-23-16-20-15-21(17-22(23)26(20)13-7-8-14-26)30-24(28)25(29,18-9-3-1-4-10-18)19-11-5-2-6-12-19/h1-6,9-12,20-23,27,29H,7-8,13-17H2/q+1",RFOAIPVBYHTLRH-UHFFFAOYSA-N,C1CC[N+]2(C1)C3C(CC2CC(C3)OC(=O)C(C4=CC=CC=C4)(C5=CC=CC=C5)O)O,,,[C25H30NO4]+,408.21748344,1.2591000000000003,0,0,0,BTM00007,BTM00007,Hydroxylation of heteroalicyclic secondary carbon,BTMR1071,CYP1A2,HUMAN,,C1CC[N+]2(C1)C3CCC2CC(C3)OC(=O)C(C4=CC=CC=C4)(C5=CC=CC=C5)O,"InChI=1S/C25H30NO3/c27-24(25(28,19-9-3-1-4-10-19)20-11-5-2-6-12-20)29-23-17-21-13-14-22(18-23)26(21)15-7-8-16-26/h1-6,9-12,21-23,28H,7-8,13-18H2/q+1",OYYDSUSKLWTMMQ-UHFFFAOYSA-N,,392.2225
"InChI=1S/C25H30NO4/c27-23-21-14-13-20(26(21)15-7-8-16-26)17-22(23)30-24(28)25(29,18-9-3-1-4-10-18)19-11-5-2-6-12-19/h1-6,9-12,20-23,27,29H,7-8,13-17H2/q+1",FBAZGDAYKDJMNW-UHFFFAOYSA-N,C1CC[N+]2(C1)C3CCC2C(C(C3)OC(=O)C(C4=CC=CC=C4)(C5=CC=CC=C5)O)O,,,[C25H30NO4]+,408.21748344,1.7767000000000002,0,0,0,BTM00008,BTM00008,Hydroxylation of heteroalicyclic secondary carbon,BTMR1071,CYP1A2,HUMAN,,C1CC[N+]2(C1)C3CCC2CC(C3)OC(=O)C(C4=CC=CC=C4)(C5=CC=CC=C5)O,"InChI=1S/C25H30NO3/c27-24(25(28,19-9-3-1-4-10-19)20-11-5-2-6-12-20)29-23-17-21-13-14-22(18-23)26(21)15-7-8-16-26/h1-6,9-12,21-23,28H,7-8,13-18H2/q+1",OYYDSUSKLWTMMQ-UHFFFAOYSA-N,,392.2225
"InChI=1S/C25H30NO4/c27-23(25(29,19-9-3-1-4-10-19)20-11-5-2-6-12-20)30-22-17-21-13-14-24(28,18-22)26(21)15-7-8-16-26/h1-6,9-12,21-22,28-29H,7-8,13-18H2/q+1",OYMKAXRLQDHTQP-UHFFFAOYSA-N,C1CC[N+]2(C1)C3(CCC2CC(C3)OC(=O)C(C4=CC=CC=C4)(C5=CC=CC=C5)O)O,,,[C25H30NO4]+,408.21748344,1.8943000000000005,0,0,0,BTM00009,BTM00009,Hydroxylation of alicyclic secondary carbon,BTMR1069,CYP2D6,HUMAN,,C1CC[N+]2(C1)C3CCC2CC(C3)OC(=O)C(C4=CC=CC=C4)(C5=CC=CC=C5)O,"InChI=1S/C25H30NO3/c27-24(25(28,19-9-3-1-4-10-19)20-11-5-2-6-12-20)29-23-17-21-13-14-22(18-23)26(21)15-7-8-16-26/h1-6,9-12,21-23,28H,7-8,13-18H2/q+1",OYYDSUSKLWTMMQ-UHFFFAOYSA-N,,392.2225
"InChI=1S/C25H30NO4/c27-23-16-20-15-21(17-22(23)26(20)13-7-8-14-26)30-24(28)25(29,18-9-3-1-4-10-18)19-11-5-2-6-12-19/h1-6,9-12,20-23,27,29H,7-8,13-17H2/q+1",RFOAIPVBYHTLRH-UHFFFAOYSA-N,C1CC[N+]2(C1)C3C(CC2CC(C3)OC(=O)C(C4=CC=CC=C4)(C5=CC=CC=C5)O)O,,,[C25H30NO4]+,408.21748344,1.2591000000000003,0,0,0,BTM00007,BTM00007,Hydroxylation of alicyclic secondary carbon,BTMR1069,CYP2D6,HUMAN,,C1CC[N+]2(C1)C3CCC2CC(C3)OC(=O)C(C4=CC=CC=C4)(C5=CC=CC=C5)O,"InChI=1S/C25H30NO3/c27-24(25(28,19-9-3-1-4-10-19)20-11-5-2-6-12-20)29-23-17-21-13-14-22(18-23)26(21)15-7-8-16-26/h1-6,9-12,21-23,28H,7-8,13-18H2/q+1",OYYDSUSKLWTMMQ-UHFFFAOYSA-N,,392.2225
"InChI=1S/C25H30NO4/c27-23-21-14-13-20(26(21)15-7-8-16-26)17-22(23)30-24(28)25(29,18-9-3-1-4-10-18)19-11-5-2-6-12-19/h1-6,9-12,20-23,27,29H,7-8,13-17H2/q+1",FBAZGDAYKDJMNW-UHFFFAOYSA-N,C1CC[N+]2(C1)C3CCC2C(C(C3)OC(=O)C(C4=CC=CC=C4)(C5=CC=CC=C5)O)O,,,[C25H30NO4]+,408.21748344,1.7767000000000002,0,0,0,BTM00008,BTM00008,Hydroxylation of alicyclic secondary carbon,BTMR1069,CYP2D6,HUMAN,,C1CC[N+]2(C1)C3CCC2CC(C3)OC(=O)C(C4=CC=CC=C4)(C5=CC=CC=C5)O,"InChI=1S/C25H30NO3/c27-24(25(28,19-9-3-1-4-10-19)20-11-5-2-6-12-20)29-23-17-21-13-14-22(18-23)26(21)15-7-8-16-26/h1-6,9-12,21-23,28H,7-8,13-18H2/q+1",OYYDSUSKLWTMMQ-UHFFFAOYSA-N,,392.2225
"InChI=1S/C25H30NO4/c27-23(25(29,19-9-3-1-4-10-19)20-11-5-2-6-12-20)30-24(28)17-21-13-14-22(18-24)26(21)15-7-8-16-26/h1-6,9-12,21-22,28-29H,7-8,13-18H2/q+1",OSBKISIQLGZRGE-UHFFFAOYSA-N,C1CC[N+]2(C1)C3CCC2CC(C3)(OC(=O)C(C4=CC=CC=C4)(C5=CC=CC=C5)O)O,,,[C25H30NO4]+,408.21748344,2.3463000000000003,0,0,0,BTM00010,BTM00010,Hydroxylation of alicyclic secondary carbon,BTMR1069,CYP2D6,HUMAN,,C1CC[N+]2(C1)C3CCC2CC(C3)OC(=O)C(C4=CC=CC=C4)(C5=CC=CC=C5)O,"InChI=1S/C25H30NO3/c27-24(25(28,19-9-3-1-4-10-19)20-11-5-2-6-12-20)29-23-17-21-13-14-22(18-23)26(21)15-7-8-16-26/h1-6,9-12,21-23,28H,7-8,13-18H2/q+1",OYYDSUSKLWTMMQ-UHFFFAOYSA-N,,392.2225
"InChI=1S/C31H37NO9/c33-24-25(34)27(28(36)37)40-29(26(24)35)41-31(19-9-3-1-4-10-19,20-11-5-2-6-12-20)30(38)39-23-17-21-13-14-22(18-23)32(21)15-7-8-16-32/h1-6,9-12,21-27,29,33-35H,7-8,13-18H2/p+1",NWWRDFIISXSOBB-UHFFFAOYSA-O,C1CC[N+]2(C1)C3CCC2CC(C3)OC(=O)C(C4=CC=CC=C4)(C5=CC=CC=C5)OC6OC(C(O)=O)C(C(C6O)O)O,,,[C31H38NO9]+,568.2546567960001,0.8118000000000005,1,1,1,BTM00011,BTM00011,Alkyl-OH-glucuronidation,BTMR0165,EC 2.4.1.17,HUMAN,,C1CC[N+]2(C1)C3CCC2CC(C3)OC(=O)C(C4=CC=CC=C4)(C5=CC=CC=C5)O,"InChI=1S/C25H30NO3/c27-24(25(28,19-9-3-1-4-10-19)20-11-5-2-6-12-20)29-23-17-21-13-14-22(18-23)26(21)15-7-8-16-26/h1-6,9-12,21-23,28H,7-8,13-18H2/q+1",OYYDSUSKLWTMMQ-UHFFFAOYSA-N,,392.2225
"InChI=1S/C17H27NO7/c19-12-13(20)15(16(22)23)25-17(14(12)21)24-11-7-9-3-4-10(8-11)18(9)5-1-2-6-18/h9-15,17,19-21H,1-8H2/p+1",TXMMLXUYURDAJD-UHFFFAOYSA-O,C1CC[N+]2(C1)C3CCC2CC(C3)OC4OC(C(O)=O)C(C(C4O)O)O,,,[C17H28NO7]+,358.18657723599995,-2.1605999999999983,0,1,1,BTM00012,BTM00012,Alkyl-OH-glucuronidation,BTMR0165,EC 2.4.1.17,HUMAN,BTM00001,C1CC[N+]2(C1)C3CCC2CC(C3)O,"InChI=1S/C11H20NO/c13-11-7-9-3-4-10(8-11)12(9)5-1-2-6-12/h9-11,13H,1-8H2/q+1",MXMOCKPTNSGRFA-UHFFFAOYSA-N,-0.6226000000000014,182.15448926
"InChI=1S/C11H19NO4S/c13-17(14,15)16-11-7-9-3-4-10(8-11)12(9)5-1-2-6-12/h9-11H,1-8H2/p+1",WZMUTRUUPKJIQK-UHFFFAOYSA-O,C1CC[N+]2(C1)C3CCC2CC(C3)OS(O)(=O)=O,,,[C11H20NO4S]+,262.11130412,-1.2019000000000013,0,0,0,BTM00013,BTM00013,Sulfation of secondary alcohol,BTMR0502,EC 2.8.2.2,HUMAN,BTM00001,C1CC[N+]2(C1)C3CCC2CC(C3)O,"InChI=1S/C11H20NO/c13-11-7-9-3-4-10(8-11)12(9)5-1-2-6-12/h9-11,13H,1-8H2/q+1",MXMOCKPTNSGRFA-UHFFFAOYSA-N,-0.6226000000000014,182.15448926
"InChI=1S/C16H15NO4/c18-14(19)11-17-15(20)16(21,12-7-3-1-4-8-12)13-9-5-2-6-10-13/h1-10,21H,11H2,(H,17,20)(H,18,19)",XSVTXNPDCWSNSM-UHFFFAOYSA-N,C(=O)(C(C1=CC=CC=C1)(C2=CC=CC=C2)O)NCC(O)=O,,,C16H15NO4,285.10010796000006,1.6365999999999996,0,1,1,BTM00014,BTM00014,Glycine conjugation,BTMR1325,EC 2.3.1.13,HUMAN,BTM00002,OC(=O)C(C1=CC=CC=C1)(C2=CC=CC=C2)O,"InChI=1S/C14H12O3/c15-13(16)14(17,11-7-3-1-4-8-11)12-9-5-2-6-10-12/h1-10,17H,(H,15,16)",UKXSKSHDVLQNKG-UHFFFAOYSA-N,2.3634000000000004,228.07864424399997
"InChI=1S/C20H20O9/c21-13-14(22)16(17(24)25)28-18(15(13)23)29-20(19(26)27,11-7-3-1-4-8-11)12-9-5-2-6-10-12/h1-10,13-16,18,21-23H,(H,24,25)(H,26,27)",FEWLBWOIBGGBDI-UHFFFAOYSA-N,OC(=O)C(C1=CC=CC=C1)(C2=CC=CC=C2)OC3OC(C(O)=O)C(C(C3O)O)O,,,C20H20O9,404.11073222,0.8254000000000004,0,1,1,BTM00015,BTM00015,Alkyl-OH-glucuronidation,BTMR0165,EC 2.4.1.17,HUMAN,BTM00002,OC(=O)C(C1=CC=CC=C1)(C2=CC=CC=C2)O,"InChI=1S/C14H12O3/c15-13(16)14(17,11-7-3-1-4-8-11)12-9-5-2-6-10-12/h1-10,17H,(H,15,16)",UKXSKSHDVLQNKG-UHFFFAOYSA-N,2.3634000000000004,228.07864424399997
"InChI=1S/C20H20O9/c21-13-14(22)16(17(24)25)28-18(15(13)23)29-19(26)20(27,11-7-3-1-4-8-11)12-9-5-2-6-10-12/h1-10,13-16,18,21-23,27H,(H,24,25)",FAEYIYPYCCRDEB-UHFFFAOYSA-N,O(C(=O)C(C1=CC=CC=C1)(C2=CC=CC=C2)O)C3OC(C(O)C(O)C3O)C(O)=O,,,C20H20O9,404.11073222,0.6679000000000004,0,1,1,BTM00016,BTM00016,O-Glucuronidation of aliphatic acid,BTMR0167,EC 2.4.1.17,HUMAN,BTM00002,OC(=O)C(C1=CC=CC=C1)(C2=CC=CC=C2)O,"InChI=1S/C14H12O3/c15-13(16)14(17,11-7-3-1-4-8-11)12-9-5-2-6-10-12/h1-10,17H,(H,15,16)",UKXSKSHDVLQNKG-UHFFFAOYSA-N,2.3634000000000004,228.07864424399997
"InChI=1S/C21H25NO5/c1-22(2,3)15-18(14-19(23)24)27-20(25)21(26,16-10-6-4-7-11-16)17-12-8-5-9-13-17/h4-13,18,26H,14-15H2,1-3H3",RVWSQMMGHRENCL-UHFFFAOYSA-N,C(=O)(C(C1=CC=CC=C1)(C2=CC=CC=C2)O)OC(C[N+](C)(C)C)CC([O-])=O,,,C21H25NO5,371.17327290000003,0.4534999999999991,0,0,0,BTM00017,BTM00017,Carnitine conjugation,BTMR1324,EC 2.3.1.7,HUMAN,BTM00002,OC(=O)C(C1=CC=CC=C1)(C2=CC=CC=C2)O,"InChI=1S/C14H12O3/c15-13(16)14(17,11-7-3-1-4-8-11)12-9-5-2-6-10-12/h1-10,17H,(H,15,16)",UKXSKSHDVLQNKG-UHFFFAOYSA-N,2.3634000000000004,228.07864424399997
"InChI=1S/C11H20NO/c13-11-7-9-3-4-10(8-11)12(9)5-1-2-6-12/h9-11,13H,1-8H2/q+1",MXMOCKPTNSGRFA-UHFFFAOYSA-N,C1CC[N+]2(C1)C3CCC2CC(C3)O,,,[C11H20NO]+,182.15448926,-0.6226000000000014,0,0,0,BTM00001,BTM00001,Hydrolysis of carboxylic acid ester,BTMR0143,EC 3.1.1.1,HUMAN,BTM00003,C1CC[N+]2(C1)C3CCC2CC(C3)OC(=O)C(C4=CC=CC=C4)(C5=C(C=CC=C5)O)O,"InChI=1S/C25H29NO4/c27-23-11-5-4-10-22(23)25(29,18-8-2-1-3-9-18)24(28)30-21-16-19-12-13-20(17-21)26(19)14-6-7-15-26/h1-5,8-11,19-21,29H,6-7,12-17H2/p+1",AXMWQFTVKCFUAW-UHFFFAOYSA-O,2.082399999999998,408.21748344
"InChI=1S/C14H12O4/c15-12-9-5-4-8-11(12)14(18,13(16)17)10-6-2-1-3-7-10/h1-9,15,18H,(H,16,17)",WGQFYRHYRIAQBF-UHFFFAOYSA-N,OC(=O)C(C1=CC=CC=C1)(C2=C(C=CC=C2)O)O,,,C14H12O4,244.073558864,2.096,0,1,1,BTM00018,BTM00018,Hydrolysis of carboxylic acid ester,BTMR0143,EC 3.1.1.1,HUMAN,BTM00003,C1CC[N+]2(C1)C3CCC2CC(C3)OC(=O)C(C4=CC=CC=C4)(C5=C(C=CC=C5)O)O,"InChI=1S/C25H29NO4/c27-23-11-5-4-10-22(23)25(29,18-8-2-1-3-9-18)24(28)30-21-16-19-12-13-20(17-21)26(19)14-6-7-15-26/h1-5,8-11,19-21,29H,6-7,12-17H2/p+1",AXMWQFTVKCFUAW-UHFFFAOYSA-O,2.082399999999998,408.21748344
"InChI=1S/C11H20NO/c13-11-7-9-3-4-10(8-11)12(9)5-1-2-6-12/h9-11,13H,1-8H2/q+1",MXMOCKPTNSGRFA-UHFFFAOYSA-N,C1CC[N+]2(C1)C3CCC2CC(C3)O,,,[C11H20NO]+,182.15448926,-0.6226000000000014,0,0,0,BTM00001,BTM00001,Hydrolysis of carboxylic acid ester,BTMR0143,EC 3.1.1.1,HUMAN,BTM00004,C1CC[N+]2(C1)C3CCC2CC(C3)OC(=O)C(C4=CC=CC=C4)(C5=CC=C(C=C5)O)O,"InChI=1S/C25H29NO4/c27-22-12-8-19(9-13-22)25(29,18-6-2-1-3-7-18)24(28)30-23-16-20-10-11-21(17-23)26(20)14-4-5-15-26/h1-3,6-9,12-13,20-21,23,29H,4-5,10-11,14-17H2/p+1",MPAPHUJYJNWFQI-UHFFFAOYSA-O,2.082399999999998,408.21748344
"InChI=1S/C14H12O4/c15-12-8-6-11(7-9-12)14(18,13(16)17)10-4-2-1-3-5-10/h1-9,15,18H,(H,16,17)",LUQDIOLJKMTMIO-UHFFFAOYSA-N,OC(=O)C(C1=CC=CC=C1)(C2=CC=C(C=C2)O)O,,,C14H12O4,244.073558864,2.096,0,1,1,BTM00019,BTM00019,Hydrolysis of carboxylic acid ester,BTMR0143,EC 3.1.1.1,HUMAN,BTM00004,C1CC[N+]2(C1)C3CCC2CC(C3)OC(=O)C(C4=CC=CC=C4)(C5=CC=C(C=C5)O)O,"InChI=1S/C25H29NO4/c27-22-12-8-19(9-13-22)25(29,18-6-2-1-3-7-18)24(28)30-23-16-20-10-11-21(17-23)26(20)14-4-5-15-26/h1-3,6-9,12-13,20-21,23,29H,4-5,10-11,14-17H2/p+1",MPAPHUJYJNWFQI-UHFFFAOYSA-O,2.082399999999998,408.21748344
"InChI=1S/C11H20NO2/c13-10-6-8-3-4-9(7-10)12(8)5-1-2-11(12)14/h8-11,13-14H,1-7H2/q+1",OWJLBJWSCBNBIW-UHFFFAOYSA-N,C1CC([N+]2(C1)C3CCC2CC(C3)O)O,,,[C11H20NO2]+,198.14940388,-1.2210999999999996,0,0,0,BTM00020,BTM00020,Hydrolysis of carboxylic acid ester,BTMR0143,EC 3.1.1.1,HUMAN,BTM00005,C1CC([N+]2(C1)C3CCC2CC(C3)OC(=O)C(C4=CC=CC=C4)(C5=CC=CC=C5)O)O,"InChI=1S/C25H30NO4/c27-23-12-7-15-26(23)20-13-14-21(26)17-22(16-20)30-24(28)25(29,18-8-3-1-4-9-18)19-10-5-2-6-11-19/h1-6,8-11,20-23,27,29H,7,12-17H2/q+1",ZNADBKGGPJUWIT-UHFFFAOYSA-N,1.751300000000002,408.21748344
"InChI=1S/C14H12O3/c15-13(16)14(17,11-7-3-1-4-8-11)12-9-5-2-6-10-12/h1-10,17H,(H,15,16)",UKXSKSHDVLQNKG-UHFFFAOYSA-N,OC(=O)C(C1=CC=CC=C1)(C2=CC=CC=C2)O,,,C14H12O3,228.07864424399997,2.3634000000000004,0,0,0,BTM00002,BTM00002,Hydrolysis of carboxylic acid ester,BTMR0143,EC 3.1.1.1,HUMAN,BTM00005,C1CC([N+]2(C1)C3CCC2CC(C3)OC(=O)C(C4=CC=CC=C4)(C5=CC=CC=C5)O)O,"InChI=1S/C25H30NO4/c27-23-12-7-15-26(23)20-13-14-21(26)17-22(16-20)30-24(28)25(29,18-8-3-1-4-9-18)19-10-5-2-6-11-19/h1-6,8-11,20-23,27,29H,7,12-17H2/q+1",ZNADBKGGPJUWIT-UHFFFAOYSA-N,1.751300000000002,408.21748344
"InChI=1S/C11H20NO2/c13-10-3-4-12(7-10)8-1-2-9(12)6-11(14)5-8/h8-11,13-14H,1-7H2/q+1",WWFHRKSMYGAXSC-UHFFFAOYSA-N,C1(CC[N+]2(C1)C3CCC2CC(C3)O)O,,,[C11H20NO2]+,198.14940388,-1.7132999999999996,0,0,0,BTM00021,BTM00021,Hydrolysis of carboxylic acid ester,BTMR0143,EC 3.1.1.1,HUMAN,BTM00006,C1(CC[N+]2(C1)C3CCC2CC(C3)OC(=O)C(C4=CC=CC=C4)(C5=CC=CC=C5)O)O,"InChI=1S/C25H30NO4/c27-22-13-14-26(17-22)20-11-12-21(26)16-23(15-20)30-24(28)25(29,18-7-3-1-4-8-18)19-9-5-2-6-10-19/h1-10,20-23,27,29H,11-17H2/q+1",PQNJHQAPIBCVLN-UHFFFAOYSA-N,1.2591000000000003,408.21748344
"InChI=1S/C14H12O3/c15-13(16)14(17,11-7-3-1-4-8-11)12-9-5-2-6-10-12/h1-10,17H,(H,15,16)",UKXSKSHDVLQNKG-UHFFFAOYSA-N,OC(=O)C(C1=CC=CC=C1)(C2=CC=CC=C2)O,,,C14H12O3,228.07864424399997,2.3634000000000004,0,0,0,BTM00002,BTM00002,Hydrolysis of carboxylic acid ester,BTMR0143,EC 3.1.1.1,HUMAN,BTM00006,C1(CC[N+]2(C1)C3CCC2CC(C3)OC(=O)C(C4=CC=CC=C4)(C5=CC=CC=C5)O)O,"InChI=1S/C25H30NO4/c27-22-13-14-26(17-22)20-11-12-21(26)16-23(15-20)30-24(28)25(29,18-7-3-1-4-8-18)19-9-5-2-6-10-19/h1-10,20-23,27,29H,11-17H2/q+1",PQNJHQAPIBCVLN-UHFFFAOYSA-N,1.2591000000000003,408.21748344
"InChI=1S/C11H20NO2/c13-9-5-8-6-11(14)10(7-9)12(8)3-1-2-4-12/h8-11,13-14H,1-7H2/q+1",OFQOCLQWFMMWBT-UHFFFAOYSA-N,C1CC[N+]2(C1)C3C(CC2CC(C3)O)O,,,[C11H20NO2]+,198.14940388,-1.7132999999999996,0,0,0,BTM00022,BTM00022,Hydrolysis of carboxylic acid ester,BTMR0143,EC 3.1.1.1,HUMAN,BTM00007,C1CC[N+]2(C1)C3C(CC2CC(C3)OC(=O)C(C4=CC=CC=C4)(C5=CC=CC=C5)O)O,"InChI=1S/C25H30NO4/c27-23-16-20-15-21(17-22(23)26(20)13-7-8-14-26)30-24(28)25(29,18-9-3-1-4-10-18)19-11-5-2-6-12-19/h1-6,9-12,20-23,27,29H,7-8,13-17H2/q+1",RFOAIPVBYHTLRH-UHFFFAOYSA-N,1.2591000000000003,408.21748344
"InChI=1S/C14H12O3/c15-13(16)14(17,11-7-3-1-4-8-11)12-9-5-2-6-10-12/h1-10,17H,(H,15,16)",UKXSKSHDVLQNKG-UHFFFAOYSA-N,OC(=O)C(C1=CC=CC=C1)(C2=CC=CC=C2)O,,,C14H12O3,228.07864424399997,2.3634000000000004,0,0,0,BTM00002,BTM00002,Hydrolysis of carboxylic acid ester,BTMR0143,EC 3.1.1.1,HUMAN,BTM00007,C1CC[N+]2(C1)C3C(CC2CC(C3)OC(=O)C(C4=CC=CC=C4)(C5=CC=CC=C5)O)O,"InChI=1S/C25H30NO4/c27-23-16-20-15-21(17-22(23)26(20)13-7-8-14-26)30-24(28)25(29,18-9-3-1-4-10-18)19-11-5-2-6-12-19/h1-6,9-12,20-23,27,29H,7-8,13-17H2/q+1",RFOAIPVBYHTLRH-UHFFFAOYSA-N,1.2591000000000003,408.21748344
"InChI=1S/C11H20NO2/c13-10-7-8-3-4-9(11(10)14)12(8)5-1-2-6-12/h8-11,13-14H,1-7H2/q+1",MMXUYHLMAWJQKU-UHFFFAOYSA-N,C1CC[N+]2(C1)C3CCC2C(C(C3)O)O,,,[C11H20NO2]+,198.14940388,-1.1957,0,0,0,BTM00023,BTM00023,Hydrolysis of carboxylic acid ester,BTMR0143,EC 3.1.1.1,HUMAN,BTM00008,C1CC[N+]2(C1)C3CCC2C(C(C3)OC(=O)C(C4=CC=CC=C4)(C5=CC=CC=C5)O)O,"InChI=1S/C25H30NO4/c27-23-21-14-13-20(26(21)15-7-8-16-26)17-22(23)30-24(28)25(29,18-9-3-1-4-10-18)19-11-5-2-6-12-19/h1-6,9-12,20-23,27,29H,7-8,13-17H2/q+1",FBAZGDAYKDJMNW-UHFFFAOYSA-N,1.7767000000000002,408.21748344
"InChI=1S/C14H12O3/c15-13(16)14(17,11-7-3-1-4-8-11)12-9-5-2-6-10-12/h1-10,17H,(H,15,16)",UKXSKSHDVLQNKG-UHFFFAOYSA-N,OC(=O)C(C1=CC=CC=C1)(C2=CC=CC=C2)O,,,C14H12O3,228.07864424399997,2.3634000000000004,0,0,0,BTM00002,BTM00002,Hydrolysis of carboxylic acid ester,BTMR0143,EC 3.1.1.1,HUMAN,BTM00008,C1CC[N+]2(C1)C3CCC2C(C(C3)OC(=O)C(C4=CC=CC=C4)(C5=CC=CC=C5)O)O,"InChI=1S/C25H30NO4/c27-23-21-14-13-20(26(21)15-7-8-16-26)17-22(23)30-24(28)25(29,18-9-3-1-4-10-18)19-11-5-2-6-12-19/h1-6,9-12,20-23,27,29H,7-8,13-17H2/q+1",FBAZGDAYKDJMNW-UHFFFAOYSA-N,1.7767000000000002,408.21748344
"InChI=1S/C11H20NO2/c13-10-7-9-3-4-11(14,8-10)12(9)5-1-2-6-12/h9-10,13-14H,1-8H2/q+1",NPZIBLOZEUPOPU-UHFFFAOYSA-N,C1CC[N+]2(C1)C3(CCC2CC(C3)O)O,,,[C11H20NO2]+,198.14940388,-1.0781000000000018,0,0,0,BTM00024,BTM00024,Hydrolysis of carboxylic acid ester,BTMR0143,EC 3.1.1.1,HUMAN,BTM00009,C1CC[N+]2(C1)C3(CCC2CC(C3)OC(=O)C(C4=CC=CC=C4)(C5=CC=CC=C5)O)O,"InChI=1S/C25H30NO4/c27-23(25(29,19-9-3-1-4-10-19)20-11-5-2-6-12-20)30-22-17-21-13-14-24(28,18-22)26(21)15-7-8-16-26/h1-6,9-12,21-22,28-29H,7-8,13-18H2/q+1",OYMKAXRLQDHTQP-UHFFFAOYSA-N,1.8943000000000005,408.21748344
"InChI=1S/C14H12O3/c15-13(16)14(17,11-7-3-1-4-8-11)12-9-5-2-6-10-12/h1-10,17H,(H,15,16)",UKXSKSHDVLQNKG-UHFFFAOYSA-N,OC(=O)C(C1=CC=CC=C1)(C2=CC=CC=C2)O,,,C14H12O3,228.07864424399997,2.3634000000000004,0,0,0,BTM00002,BTM00002,Hydrolysis of carboxylic acid ester,BTMR0143,EC 3.1.1.1,HUMAN,BTM00009,C1CC[N+]2(C1)C3(CCC2CC(C3)OC(=O)C(C4=CC=CC=C4)(C5=CC=CC=C5)O)O,"InChI=1S/C25H30NO4/c27-23(25(29,19-9-3-1-4-10-19)20-11-5-2-6-12-20)30-22-17-21-13-14-24(28,18-22)26(21)15-7-8-16-26/h1-6,9-12,21-22,28-29H,7-8,13-18H2/q+1",OYMKAXRLQDHTQP-UHFFFAOYSA-N,1.8943000000000005,408.21748344
"InChI=1S/C14H12O3/c15-13(16)14(17,11-7-3-1-4-8-11)12-9-5-2-6-10-12/h1-10,17H,(H,15,16)",UKXSKSHDVLQNKG-UHFFFAOYSA-N,OC(=O)C(C1=CC=CC=C1)(C2=CC=CC=C2)O,,,C14H12O3,228.07864424399997,2.3634000000000004,0,0,0,BTM00002,BTM00002,Hydrolysis of carboxylic acid ester,BTMR0143,EC 3.1.1.1,HUMAN,BTM00010,C1CC[N+]2(C1)C3CCC2CC(C3)(OC(=O)C(C4=CC=CC=C4)(C5=CC=CC=C5)O)O,"InChI=1S/C25H30NO4/c27-23(25(29,19-9-3-1-4-10-19)20-11-5-2-6-12-20)30-24(28)17-21-13-14-22(18-24)26(21)15-7-8-16-26/h1-6,9-12,21-22,28-29H,7-8,13-18H2/q+1",OSBKISIQLGZRGE-UHFFFAOYSA-N,2.3463000000000003,408.21748344
"InChI=1S/C11H18NO/c13-11-7-9-3-4-10(8-11)12(9)5-1-2-6-12/h9-10H,1-8H2/q+1",FBVHIMLAFBFOFH-UHFFFAOYSA-N,C1CC[N+]2(C1)C3CCC2CC(C3)=O,,,[C11H18NO]+,180.138839196,-0.43090000000000206,0,0,0,BTM00025,BTM00025,Oxidation of secondary alcohol to ketone,BTMR0079,"CYP1A2
CYP2C9
CYP2C19",HUMAN,BTM00001,C1CC[N+]2(C1)C3CCC2CC(C3)O,"InChI=1S/C11H20NO/c13-11-7-9-3-4-10(8-11)12(9)5-1-2-6-12/h9-11,13H,1-8H2/q+1",MXMOCKPTNSGRFA-UHFFFAOYSA-N,-0.6226000000000014,182.15448926
"InChI=1S/C11H20NO2/c13-10-6-8-3-4-9(7-10)12(8)5-1-2-11(12)14/h8-11,13-14H,1-7H2/q+1",OWJLBJWSCBNBIW-UHFFFAOYSA-N,C1CC([N+]2(C1)C3CCC2CC(C3)O)O,,,[C11H20NO2]+,198.14940388,-1.2210999999999996,0,0,0,BTM00020,BTM00020,Hydroxylation of heteroalicyclic secondary carbon,BTMR1070,"CYP1A2
CYP2A6
CYP2C9
CYP2D6
CYP3A4",HUMAN,BTM00001,C1CC[N+]2(C1)C3CCC2CC(C3)O,"InChI=1S/C11H20NO/c13-11-7-9-3-4-10(8-11)12(9)5-1-2-6-12/h9-11,13H,1-8H2/q+1",MXMOCKPTNSGRFA-UHFFFAOYSA-N,-0.6226000000000014,182.15448926
"InChI=1S/C11H20NO2/c13-10-3-4-12(7-10)8-1-2-9(12)6-11(14)5-8/h8-11,13-14H,1-7H2/q+1",WWFHRKSMYGAXSC-UHFFFAOYSA-N,C1(CC[N+]2(C1)C3CCC2CC(C3)O)O,,,[C11H20NO2]+,198.14940388,-1.7132999999999996,0,0,0,BTM00021,BTM00021,Hydroxylation of heteroalicyclic secondary carbon,BTMR1071,CYP1A2,HUMAN,BTM00001,C1CC[N+]2(C1)C3CCC2CC(C3)O,"InChI=1S/C11H20NO/c13-11-7-9-3-4-10(8-11)12(9)5-1-2-6-12/h9-11,13H,1-8H2/q+1",MXMOCKPTNSGRFA-UHFFFAOYSA-N,-0.6226000000000014,182.15448926
"InChI=1S/C11H20NO2/c13-9-5-8-6-11(14)10(7-9)12(8)3-1-2-4-12/h8-11,13-14H,1-7H2/q+1",OFQOCLQWFMMWBT-UHFFFAOYSA-N,C1CC[N+]2(C1)C3C(CC2CC(C3)O)O,,,[C11H20NO2]+,198.14940388,-1.7132999999999996,0,0,0,BTM00022,BTM00022,Hydroxylation of heteroalicyclic secondary carbon,BTMR1071,CYP1A2,HUMAN,BTM00001,C1CC[N+]2(C1)C3CCC2CC(C3)O,"InChI=1S/C11H20NO/c13-11-7-9-3-4-10(8-11)12(9)5-1-2-6-12/h9-11,13H,1-8H2/q+1",MXMOCKPTNSGRFA-UHFFFAOYSA-N,-0.6226000000000014,182.15448926
"InChI=1S/C11H20NO2/c13-10-7-8-3-4-9(11(10)14)12(8)5-1-2-6-12/h8-11,13-14H,1-7H2/q+1",MMXUYHLMAWJQKU-UHFFFAOYSA-N,C1CC[N+]2(C1)C3CCC2C(C(C3)O)O,,,[C11H20NO2]+,198.14940388,-1.1957,0,0,0,BTM00023,BTM00023,Hydroxylation of heteroalicyclic secondary carbon,BTMR1071,CYP1A2,HUMAN,BTM00001,C1CC[N+]2(C1)C3CCC2CC(C3)O,"InChI=1S/C11H20NO/c13-11-7-9-3-4-10(8-11)12(9)5-1-2-6-12/h9-11,13H,1-8H2/q+1",MXMOCKPTNSGRFA-UHFFFAOYSA-N,-0.6226000000000014,182.15448926
"InChI=1S/C11H20NO2/c13-10-7-9-3-4-11(14,8-10)12(9)5-1-2-6-12/h9-10,13-14H,1-8H2/q+1",NPZIBLOZEUPOPU-UHFFFAOYSA-N,C1CC[N+]2(C1)C3(CCC2CC(C3)O)O,,,[C11H20NO2]+,198.14940388,-1.0781000000000018,0,0,0,BTM00024,BTM00024,Hydroxylation of alicyclic secondary carbon,BTMR1069,CYP2D6,HUMAN,BTM00001,C1CC[N+]2(C1)C3CCC2CC(C3)O,"InChI=1S/C11H20NO/c13-11-7-9-3-4-10(8-11)12(9)5-1-2-6-12/h9-11,13H,1-8H2/q+1",MXMOCKPTNSGRFA-UHFFFAOYSA-N,-0.6226000000000014,182.15448926
"InChI=1S/C11H20NO2/c13-9-5-8-6-11(14)10(7-9)12(8)3-1-2-4-12/h8-11,13-14H,1-7H2/q+1",OFQOCLQWFMMWBT-UHFFFAOYSA-N,C1CC[N+]2(C1)C3C(CC2CC(C3)O)O,,,[C11H20NO2]+,198.14940388,-1.7132999999999996,0,0,0,BTM00022,BTM00022,Hydroxylation of alicyclic secondary carbon,BTMR1069,CYP2D6,HUMAN,BTM00001,C1CC[N+]2(C1)C3CCC2CC(C3)O,"InChI=1S/C11H20NO/c13-11-7-9-3-4-10(8-11)12(9)5-1-2-6-12/h9-11,13H,1-8H2/q+1",MXMOCKPTNSGRFA-UHFFFAOYSA-N,-0.6226000000000014,182.15448926
"InChI=1S/C11H20NO2/c13-10-7-8-3-4-9(11(10)14)12(8)5-1-2-6-12/h8-11,13-14H,1-7H2/q+1",MMXUYHLMAWJQKU-UHFFFAOYSA-N,C1CC[N+]2(C1)C3CCC2C(C(C3)O)O,,,[C11H20NO2]+,198.14940388,-1.1957,0,0,0,BTM00023,BTM00023,Hydroxylation of alicyclic secondary carbon,BTMR1069,CYP2D6,HUMAN,BTM00001,C1CC[N+]2(C1)C3CCC2CC(C3)O,"InChI=1S/C11H20NO/c13-11-7-9-3-4-10(8-11)12(9)5-1-2-6-12/h9-11,13H,1-8H2/q+1",MXMOCKPTNSGRFA-UHFFFAOYSA-N,-0.6226000000000014,182.15448926
"InChI=1S/C14H12O4/c15-12-9-5-4-8-11(12)14(18,13(16)17)10-6-2-1-3-7-10/h1-9,15,18H,(H,16,17)",WGQFYRHYRIAQBF-UHFFFAOYSA-N,OC(=O)C(C1=CC=CC=C1)(C2=C(C=CC=C2)O)O,,,C14H12O4,244.073558864,2.096,0,1,1,BTM00018,BTM00018,O-Hydroxylation of monosubstituted benzene,BTMR1034,"CYP1A2
CYP2C8
CYP2C9
CYP2C19
CYP3A4",HUMAN,BTM00002,OC(=O)C(C1=CC=CC=C1)(C2=CC=CC=C2)O,"InChI=1S/C14H12O3/c15-13(16)14(17,11-7-3-1-4-8-11)12-9-5-2-6-10-12/h1-10,17H,(H,15,16)",UKXSKSHDVLQNKG-UHFFFAOYSA-N,2.3634000000000004,228.07864424399997
"InChI=1S/C14H12O4/c15-12-8-6-11(7-9-12)14(18,13(16)17)10-4-2-1-3-5-10/h1-9,15,18H,(H,16,17)",LUQDIOLJKMTMIO-UHFFFAOYSA-N,OC(=O)C(C1=CC=CC=C1)(C2=CC=C(C=C2)O)O,,,C14H12O4,244.073558864,2.096,0,1,1,BTM00019,BTM00019,Hydroxylation of benzene on carbon para to electron donating group,BTMR1047,"CYP1A2
CYP2C8
CYP2C9
CYP2D6
CYP3A4",HUMAN,BTM00002,OC(=O)C(C1=CC=CC=C1)(C2=CC=CC=C2)O,"InChI=1S/C14H12O3/c15-13(16)14(17,11-7-3-1-4-8-11)12-9-5-2-6-10-12/h1-10,17H,(H,15,16)",UKXSKSHDVLQNKG-UHFFFAOYSA-N,2.3634000000000004,228.07864424399997
"InChI=1S/C25H29NO5/c27-22-9-3-1-7-20(22)25(30,21-8-2-4-10-23(21)28)24(29)31-19-15-17-11-12-18(16-19)26(17)13-5-6-14-26/h1-4,7-10,17-19,30H,5-6,11-16H2,(H-,27,28)/p+1",GGXBBDKPUOOKGX-UHFFFAOYSA-O,C1CC[N+]2(C1)C3CCC2CC(C3)OC(=O)C(C4=C(C=CC=C4)O)(C5=C(C=CC=C5)O)O,,,[C25H30NO5]+,424.21239806,1.8150000000000002,0,1,1,BTM00026,BTM00026,O-Hydroxylation of monosubstituted benzene,BTMR1034,"CYP1A2
CYP2C8
CYP2C9
CYP2C19
CYP3A4",HUMAN,BTM00003,C1CC[N+]2(C1)C3CCC2CC(C3)OC(=O)C(C4=CC=CC=C4)(C5=C(C=CC=C5)O)O,"InChI=1S/C25H29NO4/c27-23-11-5-4-10-22(23)25(29,18-8-2-1-3-9-18)24(28)30-21-16-19-12-13-20(17-21)26(19)14-6-7-15-26/h1-5,8-11,19-21,29H,6-7,12-17H2/p+1",AXMWQFTVKCFUAW-UHFFFAOYSA-O,2.082399999999998,408.21748344
"InChI=1S/C25H29NO5/c27-20-10-11-23(28)22(16-20)25(30,17-6-2-1-3-7-17)24(29)31-21-14-18-8-9-19(15-21)26(18)12-4-5-13-26/h1-3,6-7,10-11,16,18-19,21,30H,4-5,8-9,12-15H2,(H-,27,28)/p+1",VBGSAODLEJFELB-UHFFFAOYSA-O,C1CC[N+]2(C1)C3CCC2CC(C3)OC(=O)C(C4=CC=CC=C4)(C5=C(C=CC(=C5)O)O)O,,,[C25H30NO5]+,424.21239806,1.8150000000000002,0,1,1,BTM00027,BTM00027,p-Hydroxylation of phenol,BTMR1038,"CYP1A2
CYP2A6
CYP2B6
CYP2C8
CYP2C9
CYP2C19
CYP2D6
CYP2E1
CYP3A4",HUMAN,BTM00003,C1CC[N+]2(C1)C3CCC2CC(C3)OC(=O)C(C4=CC=CC=C4)(C5=C(C=CC=C5)O)O,"InChI=1S/C25H29NO4/c27-23-11-5-4-10-22(23)25(29,18-8-2-1-3-9-18)24(28)30-21-16-19-12-13-20(17-21)26(19)14-6-7-15-26/h1-5,8-11,19-21,29H,6-7,12-17H2/p+1",AXMWQFTVKCFUAW-UHFFFAOYSA-O,2.082399999999998,408.21748344
"InChI=1S/C25H29NO5/c27-21-9-6-10-22(28)23(21)25(30,17-7-2-1-3-8-17)24(29)31-20-15-18-11-12-19(16-20)26(18)13-4-5-14-26/h1-3,6-10,18-20,30H,4-5,11-16H2,(H-,27,28)/p+1",UZNYBWMMUVDBMP-UHFFFAOYSA-O,C1CC[N+]2(C1)C3CCC2CC(C3)OC(=O)C(C4=CC=CC=C4)(C5=C(C=CC=C5O)O)O,,,[C25H30NO5]+,424.21239806,1.8150000000000002,0,1,1,BTM00028,BTM00028,Hydroxylation of benzene on carbon ortho to electron donating group,BTMR1045,"CYP1A2
CYP2C8
CYP2C9
CYP2C19
CYP2D6
CYP3A4",HUMAN,BTM00003,C1CC[N+]2(C1)C3CCC2CC(C3)OC(=O)C(C4=CC=CC=C4)(C5=C(C=CC=C5)O)O,"InChI=1S/C25H29NO4/c27-23-11-5-4-10-22(23)25(29,18-8-2-1-3-9-18)24(28)30-21-16-19-12-13-20(17-21)26(19)14-6-7-15-26/h1-5,8-11,19-21,29H,6-7,12-17H2/p+1",AXMWQFTVKCFUAW-UHFFFAOYSA-O,2.082399999999998,408.21748344
"InChI=1S/C25H29NO5/c27-22-9-3-1-7-20(22)25(30,21-8-2-4-10-23(21)28)24(29)31-19-15-17-11-12-18(16-19)26(17)13-5-6-14-26/h1-4,7-10,17-19,30H,5-6,11-16H2,(H-,27,28)/p+1",GGXBBDKPUOOKGX-UHFFFAOYSA-O,C1CC[N+]2(C1)C3CCC2CC(C3)OC(=O)C(C4=C(C=CC=C4)O)(C5=C(C=CC=C5)O)O,,,[C25H30NO5]+,424.21239806,1.8150000000000002,0,1,1,BTM00026,BTM00026,Hydroxylation of benzene on carbon ortho to electron donating group,BTMR1045,"CYP1A2
CYP2C8
CYP2C9
CYP2C19
CYP2D6
CYP3A4",HUMAN,BTM00003,C1CC[N+]2(C1)C3CCC2CC(C3)OC(=O)C(C4=CC=CC=C4)(C5=C(C=CC=C5)O)O,"InChI=1S/C25H29NO4/c27-23-11-5-4-10-22(23)25(29,18-8-2-1-3-9-18)24(28)30-21-16-19-12-13-20(17-21)26(19)14-6-7-15-26/h1-5,8-11,19-21,29H,6-7,12-17H2/p+1",AXMWQFTVKCFUAW-UHFFFAOYSA-O,2.082399999999998,408.21748344
"InChI=1S/C25H29NO5/c27-20-10-11-22(23(28)16-20)25(30,17-6-2-1-3-7-17)24(29)31-21-14-18-8-9-19(15-21)26(18)12-4-5-13-26/h1-3,6-7,10-11,16,18-19,21,30H,4-5,8-9,12-15H2,(H-,27,28)/p+1",YMWILMVBVMDEBJ-UHFFFAOYSA-O,C1CC[N+]2(C1)C3CCC2CC(C3)OC(=O)C(C4=CC=CC=C4)(C5=C(C=C(C=C5)O)O)O,,,[C25H30NO5]+,424.21239806,1.8150000000000002,0,1,1,BTM00029,BTM00029,Hydroxylation of benzene on carbon para to electron donating group,BTMR1047,"CYP1A2
CYP2C8
CYP2C9
CYP2D6
CYP3A4",HUMAN,BTM00003,C1CC[N+]2(C1)C3CCC2CC(C3)OC(=O)C(C4=CC=CC=C4)(C5=C(C=CC=C5)O)O,"InChI=1S/C25H29NO4/c27-23-11-5-4-10-22(23)25(29,18-8-2-1-3-9-18)24(28)30-21-16-19-12-13-20(17-21)26(19)14-6-7-15-26/h1-5,8-11,19-21,29H,6-7,12-17H2/p+1",AXMWQFTVKCFUAW-UHFFFAOYSA-O,2.082399999999998,408.21748344
"InChI=1S/C25H29NO5/c27-20-11-7-17(8-12-20)25(30,22-5-1-2-6-23(22)28)24(29)31-21-15-18-9-10-19(16-21)26(18)13-3-4-14-26/h1-2,5-8,11-12,18-19,21,30H,3-4,9-10,13-16H2,(H-,27,28)/p+1",HOMSDXORODVLDG-UHFFFAOYSA-O,C1CC[N+]2(C1)C3CCC2CC(C3)OC(=O)C(C4=CC=C(C=C4)O)(C5=C(C=CC=C5)O)O,,,[C25H30NO5]+,424.21239806,1.8150000000000002,0,1,1,BTM00030,BTM00030,Hydroxylation of benzene on carbon para to electron donating group,BTMR1047,"CYP1A2
CYP2C8
CYP2C9
CYP2D6
CYP3A4",HUMAN,BTM00003,C1CC[N+]2(C1)C3CCC2CC(C3)OC(=O)C(C4=CC=CC=C4)(C5=C(C=CC=C5)O)O,"InChI=1S/C25H29NO4/c27-23-11-5-4-10-22(23)25(29,18-8-2-1-3-9-18)24(28)30-21-16-19-12-13-20(17-21)26(19)14-6-7-15-26/h1-5,8-11,19-21,29H,6-7,12-17H2/p+1",AXMWQFTVKCFUAW-UHFFFAOYSA-O,2.082399999999998,408.21748344
"InChI=1S/C25H29NO5/c27-22-10-5-4-9-21(22)25(30,17-7-2-1-3-8-17)24(29)31-20-15-18-12-13-19(16-20)26(18)14-6-11-23(26)28/h1-5,7-10,18-20,23,28,30H,6,11-16H2/p+1",VPOHRSLZNLGXRI-UHFFFAOYSA-O,C1CC([N+]2(C1)C3CCC2CC(C3)OC(=O)C(C4=CC=CC=C4)(C5=C(C=CC=C5)O)O)O,,,[C25H30NO5]+,424.21239806,1.4839000000000022,0,1,1,BTM00031,BTM00031,Hydroxylation of heteroalicyclic secondary carbon,BTMR1070,"CYP1A2
CYP2A6
CYP2C9
CYP2D6
CYP3A4",HUMAN,BTM00003,C1CC[N+]2(C1)C3CCC2CC(C3)OC(=O)C(C4=CC=CC=C4)(C5=C(C=CC=C5)O)O,"InChI=1S/C25H29NO4/c27-23-11-5-4-10-22(23)25(29,18-8-2-1-3-9-18)24(28)30-21-16-19-12-13-20(17-21)26(19)14-6-7-15-26/h1-5,8-11,19-21,29H,6-7,12-17H2/p+1",AXMWQFTVKCFUAW-UHFFFAOYSA-O,2.082399999999998,408.21748344
"InChI=1S/C25H29NO5/c27-20-12-13-26(16-20)18-10-11-19(26)15-21(14-18)31-24(29)25(30,17-6-2-1-3-7-17)22-8-4-5-9-23(22)28/h1-9,18-21,27,30H,10-16H2/p+1",SLKQUMGCLURMPS-UHFFFAOYSA-O,C1(CC[N+]2(C1)C3CCC2CC(C3)OC(=O)C(C4=CC=CC=C4)(C5=C(C=CC=C5)O)O)O,,,[C25H30NO5]+,424.21239806,0.9917000000000005,0,1,1,BTM00032,BTM00032,Hydroxylation of heteroalicyclic secondary carbon,BTMR1071,CYP1A2,HUMAN,BTM00003,C1CC[N+]2(C1)C3CCC2CC(C3)OC(=O)C(C4=CC=CC=C4)(C5=C(C=CC=C5)O)O,"InChI=1S/C25H29NO4/c27-23-11-5-4-10-22(23)25(29,18-8-2-1-3-9-18)24(28)30-21-16-19-12-13-20(17-21)26(19)14-6-7-15-26/h1-5,8-11,19-21,29H,6-7,12-17H2/p+1",AXMWQFTVKCFUAW-UHFFFAOYSA-O,2.082399999999998,408.21748344
"InChI=1S/C25H29NO5/c27-22-11-5-4-10-20(22)25(30,17-8-2-1-3-9-17)24(29)31-19-14-18-15-23(28)21(16-19)26(18)12-6-7-13-26/h1-5,8-11,18-19,21,23,28,30H,6-7,12-16H2/p+1",WJTHLVUYXHSCEF-UHFFFAOYSA-O,C1CC[N+]2(C1)C3C(CC2CC(C3)OC(=O)C(C4=CC=CC=C4)(C5=C(C=CC=C5)O)O)O,,,[C25H30NO5]+,424.21239806,0.9917000000000005,0,1,1,BTM00033,BTM00033,Hydroxylation of heteroalicyclic secondary carbon,BTMR1071,CYP1A2,HUMAN,BTM00003,C1CC[N+]2(C1)C3CCC2CC(C3)OC(=O)C(C4=CC=CC=C4)(C5=C(C=CC=C5)O)O,"InChI=1S/C25H29NO4/c27-23-11-5-4-10-22(23)25(29,18-8-2-1-3-9-18)24(28)30-21-16-19-12-13-20(17-21)26(19)14-6-7-15-26/h1-5,8-11,19-21,29H,6-7,12-17H2/p+1",AXMWQFTVKCFUAW-UHFFFAOYSA-O,2.082399999999998,408.21748344
"InChI=1S/C25H29NO5/c27-21-11-5-4-10-19(21)25(30,17-8-2-1-3-9-17)24(29)31-22-16-18-12-13-20(23(22)28)26(18)14-6-7-15-26/h1-5,8-11,18,20,22-23,28,30H,6-7,12-16H2/p+1",GAALHRVOGGSLNI-UHFFFAOYSA-O,C1CC[N+]2(C1)C3CCC2C(C(C3)OC(=O)C(C4=CC=CC=C4)(C5=C(C=CC=C5)O)O)O,,,[C25H30NO5]+,424.21239806,1.5093000000000003,0,1,1,BTM00034,BTM00034,Hydroxylation of heteroalicyclic secondary carbon,BTMR1071,CYP1A2,HUMAN,BTM00003,C1CC[N+]2(C1)C3CCC2CC(C3)OC(=O)C(C4=CC=CC=C4)(C5=C(C=CC=C5)O)O,"InChI=1S/C25H29NO4/c27-23-11-5-4-10-22(23)25(29,18-8-2-1-3-9-18)24(28)30-21-16-19-12-13-20(17-21)26(19)14-6-7-15-26/h1-5,8-11,19-21,29H,6-7,12-17H2/p+1",AXMWQFTVKCFUAW-UHFFFAOYSA-O,2.082399999999998,408.21748344
"InChI=1S/C25H29NO5/c27-22-10-6-9-21(23(22)28)25(30,17-7-2-1-3-8-17)24(29)31-20-15-18-11-12-19(16-20)26(18)13-4-5-14-26/h1-3,6-10,18-20,30H,4-5,11-16H2,(H-,27,28)/p+1",WAQZODRWQATQEA-UHFFFAOYSA-O,C1CC[N+]2(C1)C3CCC2CC(C3)OC(=O)C(C4=CC=CC=C4)(C5=C(C(=CC=C5)O)O)O,,,[C25H30NO5]+,424.21239806,1.8150000000000002,0,1,1,BTM00035,BTM00035,O-Hydroxylation of phenol,BTMR1037,"CYP1A2
CYP2A6
CYP2B6
CYP2C8
CYP2C9
CYP2C19
CYP2D6
CYP2E1
CYP3A4",HUMAN,BTM00003,C1CC[N+]2(C1)C3CCC2CC(C3)OC(=O)C(C4=CC=CC=C4)(C5=C(C=CC=C5)O)O,"InChI=1S/C25H29NO4/c27-23-11-5-4-10-22(23)25(29,18-8-2-1-3-9-18)24(28)30-21-16-19-12-13-20(17-21)26(19)14-6-7-15-26/h1-5,8-11,19-21,29H,6-7,12-17H2/p+1",AXMWQFTVKCFUAW-UHFFFAOYSA-O,2.082399999999998,408.21748344
"InChI=1S/C25H29NO5/c27-22-11-5-4-10-21(22)25(30,18-8-2-1-3-9-18)23(28)31-20-16-19-12-13-24(29,17-20)26(19)14-6-7-15-26/h1-5,8-11,19-20,29-30H,6-7,12-17H2/p+1",DMBLZCNIXKNPBQ-UHFFFAOYSA-O,C1CC[N+]2(C1)C3(CCC2CC(C3)OC(=O)C(C4=CC=CC=C4)(C5=C(C=CC=C5)O)O)O,,,[C25H30NO5]+,424.21239806,1.626899999999999,0,1,1,BTM00036,BTM00036,Hydroxylation of alicyclic secondary carbon,BTMR1069,CYP2D6,HUMAN,BTM00003,C1CC[N+]2(C1)C3CCC2CC(C3)OC(=O)C(C4=CC=CC=C4)(C5=C(C=CC=C5)O)O,"InChI=1S/C25H29NO4/c27-23-11-5-4-10-22(23)25(29,18-8-2-1-3-9-18)24(28)30-21-16-19-12-13-20(17-21)26(19)14-6-7-15-26/h1-5,8-11,19-21,29H,6-7,12-17H2/p+1",AXMWQFTVKCFUAW-UHFFFAOYSA-O,2.082399999999998,408.21748344
"InChI=1S/C25H29NO5/c27-22-11-5-4-10-20(22)25(30,17-8-2-1-3-9-17)24(29)31-19-14-18-15-23(28)21(16-19)26(18)12-6-7-13-26/h1-5,8-11,18-19,21,23,28,30H,6-7,12-16H2/p+1",WJTHLVUYXHSCEF-UHFFFAOYSA-O,C1CC[N+]2(C1)C3C(CC2CC(C3)OC(=O)C(C4=CC=CC=C4)(C5=C(C=CC=C5)O)O)O,,,[C25H30NO5]+,424.21239806,0.9917000000000005,0,1,1,BTM00033,BTM00033,Hydroxylation of alicyclic secondary carbon,BTMR1069,CYP2D6,HUMAN,BTM00003,C1CC[N+]2(C1)C3CCC2CC(C3)OC(=O)C(C4=CC=CC=C4)(C5=C(C=CC=C5)O)O,"InChI=1S/C25H29NO4/c27-23-11-5-4-10-22(23)25(29,18-8-2-1-3-9-18)24(28)30-21-16-19-12-13-20(17-21)26(19)14-6-7-15-26/h1-5,8-11,19-21,29H,6-7,12-17H2/p+1",AXMWQFTVKCFUAW-UHFFFAOYSA-O,2.082399999999998,408.21748344
"InChI=1S/C25H29NO5/c27-21-11-5-4-10-19(21)25(30,17-8-2-1-3-9-17)24(29)31-22-16-18-12-13-20(23(22)28)26(18)14-6-7-15-26/h1-5,8-11,18,20,22-23,28,30H,6-7,12-16H2/p+1",GAALHRVOGGSLNI-UHFFFAOYSA-O,C1CC[N+]2(C1)C3CCC2C(C(C3)OC(=O)C(C4=CC=CC=C4)(C5=C(C=CC=C5)O)O)O,,,[C25H30NO5]+,424.21239806,1.5093000000000003,0,1,1,BTM00034,BTM00034,Hydroxylation of alicyclic secondary carbon,BTMR1069,CYP2D6,HUMAN,BTM00003,C1CC[N+]2(C1)C3CCC2CC(C3)OC(=O)C(C4=CC=CC=C4)(C5=C(C=CC=C5)O)O,"InChI=1S/C25H29NO4/c27-23-11-5-4-10-22(23)25(29,18-8-2-1-3-9-18)24(28)30-21-16-19-12-13-20(17-21)26(19)14-6-7-15-26/h1-5,8-11,19-21,29H,6-7,12-17H2/p+1",AXMWQFTVKCFUAW-UHFFFAOYSA-O,2.082399999999998,408.21748344
"InChI=1S/C25H29NO5/c27-22-11-5-4-10-21(22)25(30,18-8-2-1-3-9-18)23(28)31-24(29)16-19-12-13-20(17-24)26(19)14-6-7-15-26/h1-5,8-11,19-20,29-30H,6-7,12-17H2/p+1",QCBUSEYYGVGHLB-UHFFFAOYSA-O,C1CC[N+]2(C1)C3CCC2CC(C3)(OC(=O)C(C4=CC=CC=C4)(C5=C(C=CC=C5)O)O)O,,,[C25H30NO5]+,424.21239806,2.078899999999999,0,1,1,BTM00037,BTM00037,Hydroxylation of alicyclic secondary carbon,BTMR1069,CYP2D6,HUMAN,BTM00003,C1CC[N+]2(C1)C3CCC2CC(C3)OC(=O)C(C4=CC=CC=C4)(C5=C(C=CC=C5)O)O,"InChI=1S/C25H29NO4/c27-23-11-5-4-10-22(23)25(29,18-8-2-1-3-9-18)24(28)30-21-16-19-12-13-20(17-21)26(19)14-6-7-15-26/h1-5,8-11,19-21,29H,6-7,12-17H2/p+1",AXMWQFTVKCFUAW-UHFFFAOYSA-O,2.082399999999998,408.21748344
"InChI=1S/C25H29NO5/c27-20-11-7-17(8-12-20)25(30,22-5-1-2-6-23(22)28)24(29)31-21-15-18-9-10-19(16-21)26(18)13-3-4-14-26/h1-2,5-8,11-12,18-19,21,30H,3-4,9-10,13-16H2,(H-,27,28)/p+1",HOMSDXORODVLDG-UHFFFAOYSA-O,C1CC[N+]2(C1)C3CCC2CC(C3)OC(=O)C(C4=CC=C(C=C4)O)(C5=C(C=CC=C5)O)O,,,[C25H30NO5]+,424.21239806,1.8150000000000002,0,1,1,BTM00030,BTM00030,O-Hydroxylation of monosubstituted benzene,BTMR1034,"CYP1A2
CYP2C8
CYP2C9
CYP2C19
CYP3A4",HUMAN,BTM00004,C1CC[N+]2(C1)C3CCC2CC(C3)OC(=O)C(C4=CC=CC=C4)(C5=CC=C(C=C5)O)O,"InChI=1S/C25H29NO4/c27-22-12-8-19(9-13-22)25(29,18-6-2-1-3-7-18)24(28)30-23-16-20-10-11-21(17-23)26(20)14-4-5-15-26/h1-3,6-9,12-13,20-21,23,29H,4-5,10-11,14-17H2/p+1",MPAPHUJYJNWFQI-UHFFFAOYSA-O,2.082399999999998,408.21748344
"InChI=1S/C25H29NO5/c27-22-11-8-18(14-23(22)28)25(30,17-6-2-1-3-7-17)24(29)31-21-15-19-9-10-20(16-21)26(19)12-4-5-13-26/h1-3,6-8,11,14,19-21,30H,4-5,9-10,12-13,15-16H2,(H-,27,28)/p+1",IUFZGZODLNUBTE-UHFFFAOYSA-O,C1CC[N+]2(C1)C3CCC2CC(C3)OC(=O)C(C4=CC=CC=C4)(C5=CC=C(C(=C5)O)O)O,,,[C25H30NO5]+,424.21239806,1.8150000000000002,0,1,1,BTM00038,BTM00038,"2-Hydroxylation of 1,4-disubstituted benzene",BTMR0037,CYP1A2,HUMAN,BTM00004,C1CC[N+]2(C1)C3CCC2CC(C3)OC(=O)C(C4=CC=CC=C4)(C5=CC=C(C=C5)O)O,"InChI=1S/C25H29NO4/c27-22-12-8-19(9-13-22)25(29,18-6-2-1-3-7-18)24(28)30-23-16-20-10-11-21(17-23)26(20)14-4-5-15-26/h1-3,6-9,12-13,20-21,23,29H,4-5,10-11,14-17H2/p+1",MPAPHUJYJNWFQI-UHFFFAOYSA-O,2.082399999999998,408.21748344
"InChI=1S/C25H29NO5/c27-21-9-3-17(4-10-21)25(30,18-5-11-22(28)12-6-18)24(29)31-23-15-19-7-8-20(16-23)26(19)13-1-2-14-26/h3-6,9-12,19-20,23,30H,1-2,7-8,13-16H2,(H-,27,28)/p+1",YURQITAVIDBGEU-UHFFFAOYSA-O,C1CC[N+]2(C1)C3CCC2CC(C3)OC(=O)C(C4=CC=C(C=C4)O)(C5=CC=C(C=C5)O)O,,,[C25H30NO5]+,424.21239806,1.8150000000000002,0,1,1,BTM00039,BTM00039,Hydroxylation of benzene on carbon para to electron donating group,BTMR1047,"CYP1A2
CYP2C8
CYP2C9
CYP2D6
CYP3A4",HUMAN,BTM00004,C1CC[N+]2(C1)C3CCC2CC(C3)OC(=O)C(C4=CC=CC=C4)(C5=CC=C(C=C5)O)O,"InChI=1S/C25H29NO4/c27-22-12-8-19(9-13-22)25(29,18-6-2-1-3-7-18)24(28)30-23-16-20-10-11-21(17-23)26(20)14-4-5-15-26/h1-3,6-9,12-13,20-21,23,29H,4-5,10-11,14-17H2/p+1",MPAPHUJYJNWFQI-UHFFFAOYSA-O,2.082399999999998,408.21748344
"InChI=1S/C25H29NO5/c27-21-12-8-18(9-13-21)25(30,17-5-2-1-3-6-17)24(29)31-22-15-19-10-11-20(16-22)26(19)14-4-7-23(26)28/h1-3,5-6,8-9,12-13,19-20,22-23,28,30H,4,7,10-11,14-16H2/p+1",HECRNRBJRWYFPI-UHFFFAOYSA-O,C1CC([N+]2(C1)C3CCC2CC(C3)OC(=O)C(C4=CC=CC=C4)(C5=CC=C(C=C5)O)O)O,,,[C25H30NO5]+,424.21239806,1.4839000000000022,0,1,1,BTM00040,BTM00040,Hydroxylation of heteroalicyclic secondary carbon,BTMR1070,"CYP1A2
CYP2A6
CYP2C9
CYP2D6
CYP3A4",HUMAN,BTM00004,C1CC[N+]2(C1)C3CCC2CC(C3)OC(=O)C(C4=CC=CC=C4)(C5=CC=C(C=C5)O)O,"InChI=1S/C25H29NO4/c27-22-12-8-19(9-13-22)25(29,18-6-2-1-3-7-18)24(28)30-23-16-20-10-11-21(17-23)26(20)14-4-5-15-26/h1-3,6-9,12-13,20-21,23,29H,4-5,10-11,14-17H2/p+1",MPAPHUJYJNWFQI-UHFFFAOYSA-O,2.082399999999998,408.21748344
"InChI=1S/C25H29NO5/c27-21-10-6-18(7-11-21)25(30,17-4-2-1-3-5-17)24(29)31-23-14-19-8-9-20(15-23)26(19)13-12-22(28)16-26/h1-7,10-11,19-20,22-23,28,30H,8-9,12-16H2/p+1",CHUIGYUJUOEVGF-UHFFFAOYSA-O,C1(CC[N+]2(C1)C3CCC2CC(C3)OC(=O)C(C4=CC=CC=C4)(C5=CC=C(C=C5)O)O)O,,,[C25H30NO5]+,424.21239806,0.9917000000000005,0,1,1,BTM00041,BTM00041,Hydroxylation of heteroalicyclic secondary carbon,BTMR1071,CYP1A2,HUMAN,BTM00004,C1CC[N+]2(C1)C3CCC2CC(C3)OC(=O)C(C4=CC=CC=C4)(C5=CC=C(C=C5)O)O,"InChI=1S/C25H29NO4/c27-22-12-8-19(9-13-22)25(29,18-6-2-1-3-7-18)24(28)30-23-16-20-10-11-21(17-23)26(20)14-4-5-15-26/h1-3,6-9,12-13,20-21,23,29H,4-5,10-11,14-17H2/p+1",MPAPHUJYJNWFQI-UHFFFAOYSA-O,2.082399999999998,408.21748344
"InChI=1S/C25H29NO5/c27-20-10-8-18(9-11-20)25(30,17-6-2-1-3-7-17)24(29)31-21-14-19-15-23(28)22(16-21)26(19)12-4-5-13-26/h1-3,6-11,19,21-23,28,30H,4-5,12-16H2/p+1",DTNAXCVSQKRHME-UHFFFAOYSA-O,C1CC[N+]2(C1)C3C(CC2CC(C3)OC(=O)C(C4=CC=CC=C4)(C5=CC=C(C=C5)O)O)O,,,[C25H30NO5]+,424.21239806,0.9917000000000005,0,1,1,BTM00042,BTM00042,Hydroxylation of heteroalicyclic secondary carbon,BTMR1071,CYP1A2,HUMAN,BTM00004,C1CC[N+]2(C1)C3CCC2CC(C3)OC(=O)C(C4=CC=CC=C4)(C5=CC=C(C=C5)O)O,"InChI=1S/C25H29NO4/c27-22-12-8-19(9-13-22)25(29,18-6-2-1-3-7-18)24(28)30-23-16-20-10-11-21(17-23)26(20)14-4-5-15-26/h1-3,6-9,12-13,20-21,23,29H,4-5,10-11,14-17H2/p+1",MPAPHUJYJNWFQI-UHFFFAOYSA-O,2.082399999999998,408.21748344
"InChI=1S/C25H29NO5/c27-20-11-8-18(9-12-20)25(30,17-6-2-1-3-7-17)24(29)31-22-16-19-10-13-21(23(22)28)26(19)14-4-5-15-26/h1-3,6-9,11-12,19,21-23,28,30H,4-5,10,13-16H2/p+1",GSBLMAIHVMARCY-UHFFFAOYSA-O,C1CC[N+]2(C1)C3CCC2C(C(C3)OC(=O)C(C4=CC=CC=C4)(C5=CC=C(C=C5)O)O)O,,,[C25H30NO5]+,424.21239806,1.5093000000000003,0,1,1,BTM00043,BTM00043,Hydroxylation of heteroalicyclic secondary carbon,BTMR1071,CYP1A2,HUMAN,BTM00004,C1CC[N+]2(C1)C3CCC2CC(C3)OC(=O)C(C4=CC=CC=C4)(C5=CC=C(C=C5)O)O,"InChI=1S/C25H29NO4/c27-22-12-8-19(9-13-22)25(29,18-6-2-1-3-7-18)24(28)30-23-16-20-10-11-21(17-23)26(20)14-4-5-15-26/h1-3,6-9,12-13,20-21,23,29H,4-5,10-11,14-17H2/p+1",MPAPHUJYJNWFQI-UHFFFAOYSA-O,2.082399999999998,408.21748344
"InChI=1S/C25H29NO5/c27-21-10-8-19(9-11-21)25(30,18-6-2-1-3-7-18)23(28)31-22-16-20-12-13-24(29,17-22)26(20)14-4-5-15-26/h1-3,6-11,20,22,29-30H,4-5,12-17H2/p+1",QMXFWSSXLXMDQO-UHFFFAOYSA-O,C1CC[N+]2(C1)C3(CCC2CC(C3)OC(=O)C(C4=CC=CC=C4)(C5=CC=C(C=C5)O)O)O,,,[C25H30NO5]+,424.21239806,1.626899999999999,0,1,1,BTM00044,BTM00044,Hydroxylation of alicyclic secondary carbon,BTMR1069,CYP2D6,HUMAN,BTM00004,C1CC[N+]2(C1)C3CCC2CC(C3)OC(=O)C(C4=CC=CC=C4)(C5=CC=C(C=C5)O)O,"InChI=1S/C25H29NO4/c27-22-12-8-19(9-13-22)25(29,18-6-2-1-3-7-18)24(28)30-23-16-20-10-11-21(17-23)26(20)14-4-5-15-26/h1-3,6-9,12-13,20-21,23,29H,4-5,10-11,14-17H2/p+1",MPAPHUJYJNWFQI-UHFFFAOYSA-O,2.082399999999998,408.21748344
"InChI=1S/C25H29NO5/c27-20-10-8-18(9-11-20)25(30,17-6-2-1-3-7-17)24(29)31-21-14-19-15-23(28)22(16-21)26(19)12-4-5-13-26/h1-3,6-11,19,21-23,28,30H,4-5,12-16H2/p+1",DTNAXCVSQKRHME-UHFFFAOYSA-O,C1CC[N+]2(C1)C3C(CC2CC(C3)OC(=O)C(C4=CC=CC=C4)(C5=CC=C(C=C5)O)O)O,,,[C25H30NO5]+,424.21239806,0.9917000000000005,0,1,1,BTM00042,BTM00042,Hydroxylation of alicyclic secondary carbon,BTMR1069,CYP2D6,HUMAN,BTM00004,C1CC[N+]2(C1)C3CCC2CC(C3)OC(=O)C(C4=CC=CC=C4)(C5=CC=C(C=C5)O)O,"InChI=1S/C25H29NO4/c27-22-12-8-19(9-13-22)25(29,18-6-2-1-3-7-18)24(28)30-23-16-20-10-11-21(17-23)26(20)14-4-5-15-26/h1-3,6-9,12-13,20-21,23,29H,4-5,10-11,14-17H2/p+1",MPAPHUJYJNWFQI-UHFFFAOYSA-O,2.082399999999998,408.21748344
"InChI=1S/C25H29NO5/c27-20-11-8-18(9-12-20)25(30,17-6-2-1-3-7-17)24(29)31-22-16-19-10-13-21(23(22)28)26(19)14-4-5-15-26/h1-3,6-9,11-12,19,21-23,28,30H,4-5,10,13-16H2/p+1",GSBLMAIHVMARCY-UHFFFAOYSA-O,C1CC[N+]2(C1)C3CCC2C(C(C3)OC(=O)C(C4=CC=CC=C4)(C5=CC=C(C=C5)O)O)O,,,[C25H30NO5]+,424.21239806,1.5093000000000003,0,1,1,BTM00043,BTM00043,Hydroxylation of alicyclic secondary carbon,BTMR1069,CYP2D6,HUMAN,BTM00004,C1CC[N+]2(C1)C3CCC2CC(C3)OC(=O)C(C4=CC=CC=C4)(C5=CC=C(C=C5)O)O,"InChI=1S/C25H29NO4/c27-22-12-8-19(9-13-22)25(29,18-6-2-1-3-7-18)24(28)30-23-16-20-10-11-21(17-23)26(20)14-4-5-15-26/h1-3,6-9,12-13,20-21,23,29H,4-5,10-11,14-17H2/p+1",MPAPHUJYJNWFQI-UHFFFAOYSA-O,2.082399999999998,408.21748344
"InChI=1S/C25H29NO5/c27-22-12-8-19(9-13-22)25(30,18-6-2-1-3-7-18)23(28)31-24(29)16-20-10-11-21(17-24)26(20)14-4-5-15-26/h1-3,6-9,12-13,20-21,29-30H,4-5,10-11,14-17H2/p+1",QNRNYWXYMRVYPC-UHFFFAOYSA-O,C1CC[N+]2(C1)C3CCC2CC(C3)(OC(=O)C(C4=CC=CC=C4)(C5=CC=C(C=C5)O)O)O,,,[C25H30NO5]+,424.21239806,2.078899999999999,0,1,1,BTM00045,BTM00045,Hydroxylation of alicyclic secondary carbon,BTMR1069,CYP2D6,HUMAN,BTM00004,C1CC[N+]2(C1)C3CCC2CC(C3)OC(=O)C(C4=CC=CC=C4)(C5=CC=C(C=C5)O)O,"InChI=1S/C25H29NO4/c27-22-12-8-19(9-13-22)25(29,18-6-2-1-3-7-18)24(28)30-23-16-20-10-11-21(17-23)26(20)14-4-5-15-26/h1-3,6-9,12-13,20-21,23,29H,4-5,10-11,14-17H2/p+1",MPAPHUJYJNWFQI-UHFFFAOYSA-O,2.082399999999998,408.21748344
"InChI=1S/C25H29NO5/c27-22-10-5-4-9-21(22)25(30,17-7-2-1-3-8-17)24(29)31-20-15-18-12-13-19(16-20)26(18)14-6-11-23(26)28/h1-5,7-10,18-20,23,28,30H,6,11-16H2/p+1",VPOHRSLZNLGXRI-UHFFFAOYSA-O,C1CC([N+]2(C1)C3CCC2CC(C3)OC(=O)C(C4=CC=CC=C4)(C5=C(C=CC=C5)O)O)O,,,[C25H30NO5]+,424.21239806,1.4839000000000022,0,1,1,BTM00031,BTM00031,O-Hydroxylation of monosubstituted benzene,BTMR1034,"CYP1A2
CYP2C8
CYP2C9
CYP2C19
CYP3A4",HUMAN,BTM00005,C1CC([N+]2(C1)C3CCC2CC(C3)OC(=O)C(C4=CC=CC=C4)(C5=CC=CC=C5)O)O,"InChI=1S/C25H30NO4/c27-23-12-7-15-26(23)20-13-14-21(26)17-22(16-20)30-24(28)25(29,18-8-3-1-4-9-18)19-10-5-2-6-11-19/h1-6,8-11,20-23,27,29H,7,12-17H2/q+1",ZNADBKGGPJUWIT-UHFFFAOYSA-N,1.751300000000002,408.21748344
"InChI=1S/C25H29NO5/c27-21-12-8-18(9-13-21)25(30,17-5-2-1-3-6-17)24(29)31-22-15-19-10-11-20(16-22)26(19)14-4-7-23(26)28/h1-3,5-6,8-9,12-13,19-20,22-23,28,30H,4,7,10-11,14-16H2/p+1",HECRNRBJRWYFPI-UHFFFAOYSA-O,C1CC([N+]2(C1)C3CCC2CC(C3)OC(=O)C(C4=CC=CC=C4)(C5=CC=C(C=C5)O)O)O,,,[C25H30NO5]+,424.21239806,1.4839000000000022,0,1,1,BTM00040,BTM00040,Hydroxylation of benzene on carbon para to electron donating group,BTMR1047,"CYP1A2
CYP2C8
CYP2C9
CYP2D6
CYP3A4",HUMAN,BTM00005,C1CC([N+]2(C1)C3CCC2CC(C3)OC(=O)C(C4=CC=CC=C4)(C5=CC=CC=C5)O)O,"InChI=1S/C25H30NO4/c27-23-12-7-15-26(23)20-13-14-21(26)17-22(16-20)30-24(28)25(29,18-8-3-1-4-9-18)19-10-5-2-6-11-19/h1-6,8-11,20-23,27,29H,7,12-17H2/q+1",ZNADBKGGPJUWIT-UHFFFAOYSA-N,1.751300000000002,408.21748344
"InChI=1S/C25H30NO5/c27-22-13-14-23(28)26(22)19-11-12-20(26)16-21(15-19)31-24(29)25(30,17-7-3-1-4-8-17)18-9-5-2-6-10-18/h1-10,19-23,27-28,30H,11-16H2/q+1",VHBIMXWGEFUQRW-UHFFFAOYSA-N,C1CC([N+]2(C1O)C3CCC2CC(C3)OC(=O)C(C4=CC=CC=C4)(C5=CC=CC=C5)O)O,,,[C25H30NO5]+,424.21239806,1.1528000000000025,0,1,1,BTM00046,BTM00046,Hydroxylation of heteroalicyclic secondary carbon,BTMR1070,"CYP1A2
CYP2A6
CYP2C9
CYP2D6
CYP3A4",HUMAN,BTM00005,C1CC([N+]2(C1)C3CCC2CC(C3)OC(=O)C(C4=CC=CC=C4)(C5=CC=CC=C5)O)O,"InChI=1S/C25H30NO4/c27-23-12-7-15-26(23)20-13-14-21(26)17-22(16-20)30-24(28)25(29,18-8-3-1-4-9-18)19-10-5-2-6-11-19/h1-6,8-11,20-23,27,29H,7,12-17H2/q+1",ZNADBKGGPJUWIT-UHFFFAOYSA-N,1.751300000000002,408.21748344
"InChI=1S/C25H30NO5/c27-21-15-23(28)26(16-21)19-11-12-20(26)14-22(13-19)31-24(29)25(30,17-7-3-1-4-8-17)18-9-5-2-6-10-18/h1-10,19-23,27-28,30H,11-16H2/q+1",MUYJQKJTFSFHCM-UHFFFAOYSA-N,C1(CC([N+]2(C1)C3CCC2CC(C3)OC(=O)C(C4=CC=CC=C4)(C5=CC=CC=C5)O)O)O,,,[C25H30NO5]+,424.21239806,1.1126000000000007,0,1,1,BTM00047,BTM00047,Hydroxylation of heteroalicyclic secondary carbon,BTMR1071,CYP1A2,HUMAN,BTM00005,C1CC([N+]2(C1)C3CCC2CC(C3)OC(=O)C(C4=CC=CC=C4)(C5=CC=CC=C5)O)O,"InChI=1S/C25H30NO4/c27-23-12-7-15-26(23)20-13-14-21(26)17-22(16-20)30-24(28)25(29,18-8-3-1-4-9-18)19-10-5-2-6-11-19/h1-6,8-11,20-23,27,29H,7,12-17H2/q+1",ZNADBKGGPJUWIT-UHFFFAOYSA-N,1.751300000000002,408.21748344
"InChI=1S/C25H30NO5/c27-22-13-14-26(23(22)28)19-11-12-20(26)16-21(15-19)31-24(29)25(30,17-7-3-1-4-8-17)18-9-5-2-6-10-18/h1-10,19-23,27-28,30H,11-16H2/q+1",ZFOBTBNPUWIDHO-UHFFFAOYSA-N,C1C(C([N+]2(C1)C3CCC2CC(C3)OC(=O)C(C4=CC=CC=C4)(C5=CC=CC=C5)O)O)O,,,[C25H30NO5]+,424.21239806,0.9194000000000007,0,1,1,BTM00048,BTM00048,Hydroxylation of heteroalicyclic secondary carbon,BTMR1071,CYP1A2,HUMAN,BTM00005,C1CC([N+]2(C1)C3CCC2CC(C3)OC(=O)C(C4=CC=CC=C4)(C5=CC=CC=C5)O)O,"InChI=1S/C25H30NO4/c27-23-12-7-15-26(23)20-13-14-21(26)17-22(16-20)30-24(28)25(29,18-8-3-1-4-9-18)19-10-5-2-6-11-19/h1-6,8-11,20-23,27,29H,7,12-17H2/q+1",ZNADBKGGPJUWIT-UHFFFAOYSA-N,1.751300000000002,408.21748344
"InChI=1S/C25H30NO5/c27-22-15-19-14-20(16-21(22)26(19)13-7-12-23(26)28)31-24(29)25(30,17-8-3-1-4-9-17)18-10-5-2-6-11-18/h1-6,8-11,19-23,27-28,30H,7,12-16H2/q+1",JGUKUVYWZSONFQ-UHFFFAOYSA-N,C1CC([N+]2(C1)C3C(CC2CC(C3)OC(=O)C(C4=CC=CC=C4)(C5=CC=CC=C5)O)O)O,,,[C25H30NO5]+,424.21239806,0.6606000000000007,0,1,1,BTM00049,BTM00049,Hydroxylation of heteroalicyclic secondary carbon,BTMR1071,CYP1A2,HUMAN,BTM00005,C1CC([N+]2(C1)C3CCC2CC(C3)OC(=O)C(C4=CC=CC=C4)(C5=CC=CC=C5)O)O,"InChI=1S/C25H30NO4/c27-23-12-7-15-26(23)20-13-14-21(26)17-22(16-20)30-24(28)25(29,18-8-3-1-4-9-18)19-10-5-2-6-11-19/h1-6,8-11,20-23,27,29H,7,12-17H2/q+1",ZNADBKGGPJUWIT-UHFFFAOYSA-N,1.751300000000002,408.21748344
"InChI=1S/C25H30NO5/c27-22-12-7-15-26(22)19-13-14-20(26)23(28)21(16-19)31-24(29)25(30,17-8-3-1-4-9-17)18-10-5-2-6-11-18/h1-6,8-11,19-23,27-28,30H,7,12-16H2/q+1",BKFIODSFFYUATL-UHFFFAOYSA-N,C1CC([N+]2(C1)C3CCC2C(C(C3)OC(=O)C(C4=CC=CC=C4)(C5=CC=CC=C5)O)O)O,,,[C25H30NO5]+,424.21239806,1.1782000000000006,0,1,1,BTM00050,BTM00050,Hydroxylation of heteroalicyclic secondary carbon,BTMR1071,CYP1A2,HUMAN,BTM00005,C1CC([N+]2(C1)C3CCC2CC(C3)OC(=O)C(C4=CC=CC=C4)(C5=CC=CC=C5)O)O,"InChI=1S/C25H30NO4/c27-23-12-7-15-26(23)20-13-14-21(26)17-22(16-20)30-24(28)25(29,18-8-3-1-4-9-18)19-10-5-2-6-11-19/h1-6,8-11,20-23,27,29H,7,12-17H2/q+1",ZNADBKGGPJUWIT-UHFFFAOYSA-N,1.751300000000002,408.21748344
"InChI=1S/C25H30NO5/c27-22-12-7-15-26(22)20-13-14-24(26,29)17-21(16-20)31-23(28)25(30,18-8-3-1-4-9-18)19-10-5-2-6-11-19/h1-6,8-11,20-22,27,29-30H,7,12-17H2/q+1",NHTFQRRJJPHYLE-UHFFFAOYSA-N,C1CC([N+]2(C1)C3(CCC2CC(C3)OC(=O)C(C4=CC=CC=C4)(C5=CC=CC=C5)O)O)O,,,[C25H30NO5]+,424.21239806,1.295800000000001,0,1,1,BTM00051,BTM00051,Hydroxylation of alicyclic secondary carbon,BTMR1069,CYP2D6,HUMAN,BTM00005,C1CC([N+]2(C1)C3CCC2CC(C3)OC(=O)C(C4=CC=CC=C4)(C5=CC=CC=C5)O)O,"InChI=1S/C25H30NO4/c27-23-12-7-15-26(23)20-13-14-21(26)17-22(16-20)30-24(28)25(29,18-8-3-1-4-9-18)19-10-5-2-6-11-19/h1-6,8-11,20-23,27,29H,7,12-17H2/q+1",ZNADBKGGPJUWIT-UHFFFAOYSA-N,1.751300000000002,408.21748344
"InChI=1S/C25H30NO5/c27-22-15-19-14-20(16-21(22)26(19)13-7-12-23(26)28)31-24(29)25(30,17-8-3-1-4-9-17)18-10-5-2-6-11-18/h1-6,8-11,19-23,27-28,30H,7,12-16H2/q+1",JGUKUVYWZSONFQ-UHFFFAOYSA-N,C1CC([N+]2(C1)C3C(CC2CC(C3)OC(=O)C(C4=CC=CC=C4)(C5=CC=CC=C5)O)O)O,,,[C25H30NO5]+,424.21239806,0.6606000000000007,0,1,1,BTM00049,BTM00049,Hydroxylation of alicyclic secondary carbon,BTMR1069,CYP2D6,HUMAN,BTM00005,C1CC([N+]2(C1)C3CCC2CC(C3)OC(=O)C(C4=CC=CC=C4)(C5=CC=CC=C5)O)O,"InChI=1S/C25H30NO4/c27-23-12-7-15-26(23)20-13-14-21(26)17-22(16-20)30-24(28)25(29,18-8-3-1-4-9-18)19-10-5-2-6-11-19/h1-6,8-11,20-23,27,29H,7,12-17H2/q+1",ZNADBKGGPJUWIT-UHFFFAOYSA-N,1.751300000000002,408.21748344
"InChI=1S/C25H30NO5/c27-22-12-7-15-26(22)19-13-14-20(26)23(28)21(16-19)31-24(29)25(30,17-8-3-1-4-9-17)18-10-5-2-6-11-18/h1-6,8-11,19-23,27-28,30H,7,12-16H2/q+1",BKFIODSFFYUATL-UHFFFAOYSA-N,C1CC([N+]2(C1)C3CCC2C(C(C3)OC(=O)C(C4=CC=CC=C4)(C5=CC=CC=C5)O)O)O,,,[C25H30NO5]+,424.21239806,1.1782000000000006,0,1,1,BTM00050,BTM00050,Hydroxylation of alicyclic secondary carbon,BTMR1069,CYP2D6,HUMAN,BTM00005,C1CC([N+]2(C1)C3CCC2CC(C3)OC(=O)C(C4=CC=CC=C4)(C5=CC=CC=C5)O)O,"InChI=1S/C25H30NO4/c27-23-12-7-15-26(23)20-13-14-21(26)17-22(16-20)30-24(28)25(29,18-8-3-1-4-9-18)19-10-5-2-6-11-19/h1-6,8-11,20-23,27,29H,7,12-17H2/q+1",ZNADBKGGPJUWIT-UHFFFAOYSA-N,1.751300000000002,408.21748344
"InChI=1S/C25H30NO5/c27-22-12-7-15-26(22)20-13-14-21(26)17-24(29,16-20)31-23(28)25(30,18-8-3-1-4-9-18)19-10-5-2-6-11-19/h1-6,8-11,20-22,27,29-30H,7,12-17H2/q+1",WCWIHOHGXOHAKT-UHFFFAOYSA-N,C1CC([N+]2(C1)C3CCC2CC(C3)(OC(=O)C(C4=CC=CC=C4)(C5=CC=CC=C5)O)O)O,,,[C25H30NO5]+,424.21239806,1.747800000000001,0,1,1,BTM00052,BTM00052,Hydroxylation of alicyclic secondary carbon,BTMR1069,CYP2D6,HUMAN,BTM00005,C1CC([N+]2(C1)C3CCC2CC(C3)OC(=O)C(C4=CC=CC=C4)(C5=CC=CC=C5)O)O,"InChI=1S/C25H30NO4/c27-23-12-7-15-26(23)20-13-14-21(26)17-22(16-20)30-24(28)25(29,18-8-3-1-4-9-18)19-10-5-2-6-11-19/h1-6,8-11,20-23,27,29H,7,12-17H2/q+1",ZNADBKGGPJUWIT-UHFFFAOYSA-N,1.751300000000002,408.21748344
"InChI=1S/C25H29NO5/c27-20-12-13-26(16-20)18-10-11-19(26)15-21(14-18)31-24(29)25(30,17-6-2-1-3-7-17)22-8-4-5-9-23(22)28/h1-9,18-21,27,30H,10-16H2/p+1",SLKQUMGCLURMPS-UHFFFAOYSA-O,C1(CC[N+]2(C1)C3CCC2CC(C3)OC(=O)C(C4=CC=CC=C4)(C5=C(C=CC=C5)O)O)O,,,[C25H30NO5]+,424.21239806,0.9917000000000005,0,1,1,BTM00032,BTM00032,O-Hydroxylation of monosubstituted benzene,BTMR1034,"CYP1A2
CYP2C8
CYP2C9
CYP2C19
CYP3A4",HUMAN,BTM00006,C1(CC[N+]2(C1)C3CCC2CC(C3)OC(=O)C(C4=CC=CC=C4)(C5=CC=CC=C5)O)O,"InChI=1S/C25H30NO4/c27-22-13-14-26(17-22)20-11-12-21(26)16-23(15-20)30-24(28)25(29,18-7-3-1-4-8-18)19-9-5-2-6-10-19/h1-10,20-23,27,29H,11-17H2/q+1",PQNJHQAPIBCVLN-UHFFFAOYSA-N,1.2591000000000003,408.21748344
"InChI=1S/C25H28NO4/c27-22-13-14-26(17-22)20-11-12-21(26)16-23(15-20)30-24(28)25(29,18-7-3-1-4-8-18)19-9-5-2-6-10-19/h1-10,20-21,23,29H,11-17H2/q+1",CAHHUYMTCFKFAT-UHFFFAOYSA-N,C1(CC[N+]2(C1)C3CCC2CC(C3)OC(=O)C(C4=CC=CC=C4)(C5=CC=CC=C5)O)=O,,,[C25H28NO4]+,406.201833376,1.4783999999999986,0,0,0,BTM00053,BTM00053,Oxidation of secondary alcohol to ketone,BTMR0079,"CYP1A2
CYP2C9
CYP2C19",HUMAN,BTM00006,C1(CC[N+]2(C1)C3CCC2CC(C3)OC(=O)C(C4=CC=CC=C4)(C5=CC=CC=C5)O)O,"InChI=1S/C25H30NO4/c27-22-13-14-26(17-22)20-11-12-21(26)16-23(15-20)30-24(28)25(29,18-7-3-1-4-8-18)19-9-5-2-6-10-19/h1-10,20-23,27,29H,11-17H2/q+1",PQNJHQAPIBCVLN-UHFFFAOYSA-N,1.2591000000000003,408.21748344
"InChI=1S/C25H29NO5/c27-21-10-6-18(7-11-21)25(30,17-4-2-1-3-5-17)24(29)31-23-14-19-8-9-20(15-23)26(19)13-12-22(28)16-26/h1-7,10-11,19-20,22-23,28,30H,8-9,12-16H2/p+1",CHUIGYUJUOEVGF-UHFFFAOYSA-O,C1(CC[N+]2(C1)C3CCC2CC(C3)OC(=O)C(C4=CC=CC=C4)(C5=CC=C(C=C5)O)O)O,,,[C25H30NO5]+,424.21239806,0.9917000000000005,0,1,1,BTM00041,BTM00041,Hydroxylation of benzene on carbon para to electron donating group,BTMR1047,"CYP1A2
CYP2C8
CYP2C9
CYP2D6
CYP3A4",HUMAN,BTM00006,C1(CC[N+]2(C1)C3CCC2CC(C3)OC(=O)C(C4=CC=CC=C4)(C5=CC=CC=C5)O)O,"InChI=1S/C25H30NO4/c27-22-13-14-26(17-22)20-11-12-21(26)16-23(15-20)30-24(28)25(29,18-7-3-1-4-8-18)19-9-5-2-6-10-19/h1-10,20-23,27,29H,11-17H2/q+1",PQNJHQAPIBCVLN-UHFFFAOYSA-N,1.2591000000000003,408.21748344
"InChI=1S/C25H30NO5/c27-21-15-23(28)26(16-21)19-11-12-20(26)14-22(13-19)31-24(29)25(30,17-7-3-1-4-8-17)18-9-5-2-6-10-18/h1-10,19-23,27-28,30H,11-16H2/q+1",MUYJQKJTFSFHCM-UHFFFAOYSA-N,C1(CC([N+]2(C1)C3CCC2CC(C3)OC(=O)C(C4=CC=CC=C4)(C5=CC=CC=C5)O)O)O,,,[C25H30NO5]+,424.21239806,1.1126000000000007,0,1,1,BTM00047,BTM00047,Hydroxylation of heteroalicyclic secondary carbon,BTMR1070,"CYP1A2
CYP2A6
CYP2C9
CYP2D6
CYP3A4",HUMAN,BTM00006,C1(CC[N+]2(C1)C3CCC2CC(C3)OC(=O)C(C4=CC=CC=C4)(C5=CC=CC=C5)O)O,"InChI=1S/C25H30NO4/c27-22-13-14-26(17-22)20-11-12-21(26)16-23(15-20)30-24(28)25(29,18-7-3-1-4-8-18)19-9-5-2-6-10-19/h1-10,20-23,27,29H,11-17H2/q+1",PQNJHQAPIBCVLN-UHFFFAOYSA-N,1.2591000000000003,408.21748344
"InChI=1S/C25H30NO5/c27-22-13-14-26(23(22)28)19-11-12-20(26)16-21(15-19)31-24(29)25(30,17-7-3-1-4-8-17)18-9-5-2-6-10-18/h1-10,19-23,27-28,30H,11-16H2/q+1",ZFOBTBNPUWIDHO-UHFFFAOYSA-N,C1C(C([N+]2(C1)C3CCC2CC(C3)OC(=O)C(C4=CC=CC=C4)(C5=CC=CC=C5)O)O)O,,,[C25H30NO5]+,424.21239806,0.9194000000000007,0,1,1,BTM00048,BTM00048,Hydroxylation of heteroalicyclic secondary carbon,BTMR1070,"CYP1A2
CYP2A6
CYP2C9
CYP2D6
CYP3A4",HUMAN,BTM00006,C1(CC[N+]2(C1)C3CCC2CC(C3)OC(=O)C(C4=CC=CC=C4)(C5=CC=CC=C5)O)O,"InChI=1S/C25H30NO4/c27-22-13-14-26(17-22)20-11-12-21(26)16-23(15-20)30-24(28)25(29,18-7-3-1-4-8-18)19-9-5-2-6-10-19/h1-10,20-23,27,29H,11-17H2/q+1",PQNJHQAPIBCVLN-UHFFFAOYSA-N,1.2591000000000003,408.21748344
"InChI=1S/C25H30NO5/c27-22-15-26(16-23(22)28)19-11-12-20(26)14-21(13-19)31-24(29)25(30,17-7-3-1-4-8-17)18-9-5-2-6-10-18/h1-10,19-23,27-28,30H,11-16H2/q+1",JVQCSPVVZYPCDQ-UHFFFAOYSA-N,C1(C(C[N+]2(C1)C3CCC2CC(C3)OC(=O)C(C4=CC=CC=C4)(C5=CC=CC=C5)O)O)O,,,[C25H30NO5]+,424.21239806,0.6860000000000024,0,1,1,BTM00054,BTM00054,Hydroxylation of heteroalicyclic secondary carbon,BTMR1071,CYP1A2,HUMAN,BTM00006,C1(CC[N+]2(C1)C3CCC2CC(C3)OC(=O)C(C4=CC=CC=C4)(C5=CC=CC=C5)O)O,"InChI=1S/C25H30NO4/c27-22-13-14-26(17-22)20-11-12-21(26)16-23(15-20)30-24(28)25(29,18-7-3-1-4-8-18)19-9-5-2-6-10-19/h1-10,20-23,27,29H,11-17H2/q+1",PQNJHQAPIBCVLN-UHFFFAOYSA-N,1.2591000000000003,408.21748344
"InChI=1S/C25H30NO5/c27-20-11-12-26(16-20)19-13-21(15-22(26)23(28)14-19)31-24(29)25(30,17-7-3-1-4-8-17)18-9-5-2-6-10-18/h1-10,19-23,27-28,30H,11-16H2/q+1",OVGRAKFADPAFOX-UHFFFAOYSA-N,C1(CC[N+]2(C1)C3C(CC2CC(C3)OC(=O)C(C4=CC=CC=C4)(C5=CC=CC=C5)O)O)O,,,[C25H30NO5]+,424.21239806,0.16840000000000233,0,1,1,BTM00055,BTM00055,Hydroxylation of heteroalicyclic secondary carbon,BTMR1071,CYP1A2,HUMAN,BTM00006,C1(CC[N+]2(C1)C3CCC2CC(C3)OC(=O)C(C4=CC=CC=C4)(C5=CC=CC=C5)O)O,"InChI=1S/C25H30NO4/c27-22-13-14-26(17-22)20-11-12-21(26)16-23(15-20)30-24(28)25(29,18-7-3-1-4-8-18)19-9-5-2-6-10-19/h1-10,20-23,27,29H,11-17H2/q+1",PQNJHQAPIBCVLN-UHFFFAOYSA-N,1.2591000000000003,408.21748344
"InChI=1S/C25H30NO5/c27-20-13-14-26(16-20)19-11-12-21(26)23(28)22(15-19)31-24(29)25(30,17-7-3-1-4-8-17)18-9-5-2-6-10-18/h1-10,19-23,27-28,30H,11-16H2/q+1",CWVJHVYJOPOIDP-UHFFFAOYSA-N,C1(CC[N+]2(C1)C3CCC2C(C(C3)OC(=O)C(C4=CC=CC=C4)(C5=CC=CC=C5)O)O)O,,,[C25H30NO5]+,424.21239806,0.6860000000000024,0,1,1,BTM00056,BTM00056,Hydroxylation of heteroalicyclic secondary carbon,BTMR1071,CYP1A2,HUMAN,BTM00006,C1(CC[N+]2(C1)C3CCC2CC(C3)OC(=O)C(C4=CC=CC=C4)(C5=CC=CC=C5)O)O,"InChI=1S/C25H30NO4/c27-22-13-14-26(17-22)20-11-12-21(26)16-23(15-20)30-24(28)25(29,18-7-3-1-4-8-18)19-9-5-2-6-10-19/h1-10,20-23,27,29H,11-17H2/q+1",PQNJHQAPIBCVLN-UHFFFAOYSA-N,1.2591000000000003,408.21748344
"InChI=1S/C25H30NO5/c27-21-12-14-26(17-21)20-11-13-24(26,29)16-22(15-20)31-23(28)25(30,18-7-3-1-4-8-18)19-9-5-2-6-10-19/h1-10,20-22,27,29-30H,11-17H2/q+1",SOBFXJDWUFXEEC-UHFFFAOYSA-N,C1(CC[N+]2(C1)C3(CCC2CC(C3)OC(=O)C(C4=CC=CC=C4)(C5=CC=CC=C5)O)O)O,,,[C25H30NO5]+,424.21239806,0.8035999999999996,0,1,1,BTM00057,BTM00057,Hydroxylation of alicyclic secondary carbon,BTMR1069,CYP2D6,HUMAN,BTM00006,C1(CC[N+]2(C1)C3CCC2CC(C3)OC(=O)C(C4=CC=CC=C4)(C5=CC=CC=C5)O)O,"InChI=1S/C25H30NO4/c27-22-13-14-26(17-22)20-11-12-21(26)16-23(15-20)30-24(28)25(29,18-7-3-1-4-8-18)19-9-5-2-6-10-19/h1-10,20-23,27,29H,11-17H2/q+1",PQNJHQAPIBCVLN-UHFFFAOYSA-N,1.2591000000000003,408.21748344
"InChI=1S/C25H30NO5/c27-20-11-12-26(16-20)19-13-21(15-22(26)23(28)14-19)31-24(29)25(30,17-7-3-1-4-8-17)18-9-5-2-6-10-18/h1-10,19-23,27-28,30H,11-16H2/q+1",OVGRAKFADPAFOX-UHFFFAOYSA-N,C1(CC[N+]2(C1)C3C(CC2CC(C3)OC(=O)C(C4=CC=CC=C4)(C5=CC=CC=C5)O)O)O,,,[C25H30NO5]+,424.21239806,0.16840000000000233,0,1,1,BTM00055,BTM00055,Hydroxylation of alicyclic secondary carbon,BTMR1069,CYP2D6,HUMAN,BTM00006,C1(CC[N+]2(C1)C3CCC2CC(C3)OC(=O)C(C4=CC=CC=C4)(C5=CC=CC=C5)O)O,"InChI=1S/C25H30NO4/c27-22-13-14-26(17-22)20-11-12-21(26)16-23(15-20)30-24(28)25(29,18-7-3-1-4-8-18)19-9-5-2-6-10-19/h1-10,20-23,27,29H,11-17H2/q+1",PQNJHQAPIBCVLN-UHFFFAOYSA-N,1.2591000000000003,408.21748344
"InChI=1S/C25H30NO5/c27-20-13-14-26(16-20)19-11-12-21(26)23(28)22(15-19)31-24(29)25(30,17-7-3-1-4-8-17)18-9-5-2-6-10-18/h1-10,19-23,27-28,30H,11-16H2/q+1",CWVJHVYJOPOIDP-UHFFFAOYSA-N,C1(CC[N+]2(C1)C3CCC2C(C(C3)OC(=O)C(C4=CC=CC=C4)(C5=CC=CC=C5)O)O)O,,,[C25H30NO5]+,424.21239806,0.6860000000000024,0,1,1,BTM00056,BTM00056,Hydroxylation of alicyclic secondary carbon,BTMR1069,CYP2D6,HUMAN,BTM00006,C1(CC[N+]2(C1)C3CCC2CC(C3)OC(=O)C(C4=CC=CC=C4)(C5=CC=CC=C5)O)O,"InChI=1S/C25H30NO4/c27-22-13-14-26(17-22)20-11-12-21(26)16-23(15-20)30-24(28)25(29,18-7-3-1-4-8-18)19-9-5-2-6-10-19/h1-10,20-23,27,29H,11-17H2/q+1",PQNJHQAPIBCVLN-UHFFFAOYSA-N,1.2591000000000003,408.21748344
"InChI=1S/C25H30NO5/c27-22-13-14-26(17-22)20-11-12-21(26)16-24(29,15-20)31-23(28)25(30,18-7-3-1-4-8-18)19-9-5-2-6-10-19/h1-10,20-22,27,29-30H,11-17H2/q+1",BHEZTNYEYQUHTH-UHFFFAOYSA-N,C1(CC[N+]2(C1)C3CCC2CC(C3)(OC(=O)C(C4=CC=CC=C4)(C5=CC=CC=C5)O)O)O,,,[C25H30NO5]+,424.21239806,1.2555999999999996,0,1,1,BTM00058,BTM00058,Hydroxylation of alicyclic secondary carbon,BTMR1069,CYP2D6,HUMAN,BTM00006,C1(CC[N+]2(C1)C3CCC2CC(C3)OC(=O)C(C4=CC=CC=C4)(C5=CC=CC=C5)O)O,"InChI=1S/C25H30NO4/c27-22-13-14-26(17-22)20-11-12-21(26)16-23(15-20)30-24(28)25(29,18-7-3-1-4-8-18)19-9-5-2-6-10-19/h1-10,20-23,27,29H,11-17H2/q+1",PQNJHQAPIBCVLN-UHFFFAOYSA-N,1.2591000000000003,408.21748344
"InChI=1S/C25H29NO5/c27-22-11-5-4-10-20(22)25(30,17-8-2-1-3-9-17)24(29)31-19-14-18-15-23(28)21(16-19)26(18)12-6-7-13-26/h1-5,8-11,18-19,21,23,28,30H,6-7,12-16H2/p+1",WJTHLVUYXHSCEF-UHFFFAOYSA-O,C1CC[N+]2(C1)C3C(CC2CC(C3)OC(=O)C(C4=CC=CC=C4)(C5=C(C=CC=C5)O)O)O,,,[C25H30NO5]+,424.21239806,0.9917000000000005,0,1,1,BTM00033,BTM00033,O-Hydroxylation of monosubstituted benzene,BTMR1034,"CYP1A2
CYP2C8
CYP2C9
CYP2C19
CYP3A4",HUMAN,BTM00007,C1CC[N+]2(C1)C3C(CC2CC(C3)OC(=O)C(C4=CC=CC=C4)(C5=CC=CC=C5)O)O,"InChI=1S/C25H30NO4/c27-23-16-20-15-21(17-22(23)26(20)13-7-8-14-26)30-24(28)25(29,18-9-3-1-4-10-18)19-11-5-2-6-12-19/h1-6,9-12,20-23,27,29H,7-8,13-17H2/q+1",RFOAIPVBYHTLRH-UHFFFAOYSA-N,1.2591000000000003,408.21748344
"InChI=1S/C25H28NO4/c27-23-16-20-15-21(17-22(23)26(20)13-7-8-14-26)30-24(28)25(29,18-9-3-1-4-10-18)19-11-5-2-6-12-19/h1-6,9-12,20-22,29H,7-8,13-17H2/q+1",LAWHBTLVXLDAII-UHFFFAOYSA-N,C1CC[N+]2(C1)C3C(CC2CC(C3)OC(=O)C(C4=CC=CC=C4)(C5=CC=CC=C5)O)=O,,,[C25H28NO4]+,406.201833376,1.4783999999999986,0,0,0,BTM00059,BTM00059,Oxidation of secondary alcohol to ketone,BTMR0079,"CYP1A2
CYP2C9
CYP2C19",HUMAN,BTM00007,C1CC[N+]2(C1)C3C(CC2CC(C3)OC(=O)C(C4=CC=CC=C4)(C5=CC=CC=C5)O)O,"InChI=1S/C25H30NO4/c27-23-16-20-15-21(17-22(23)26(20)13-7-8-14-26)30-24(28)25(29,18-9-3-1-4-10-18)19-11-5-2-6-12-19/h1-6,9-12,20-23,27,29H,7-8,13-17H2/q+1",RFOAIPVBYHTLRH-UHFFFAOYSA-N,1.2591000000000003,408.21748344
"InChI=1S/C25H29NO5/c27-20-10-8-18(9-11-20)25(30,17-6-2-1-3-7-17)24(29)31-21-14-19-15-23(28)22(16-21)26(19)12-4-5-13-26/h1-3,6-11,19,21-23,28,30H,4-5,12-16H2/p+1",DTNAXCVSQKRHME-UHFFFAOYSA-O,C1CC[N+]2(C1)C3C(CC2CC(C3)OC(=O)C(C4=CC=CC=C4)(C5=CC=C(C=C5)O)O)O,,,[C25H30NO5]+,424.21239806,0.9917000000000005,0,1,1,BTM00042,BTM00042,Hydroxylation of benzene on carbon para to electron donating group,BTMR1047,"CYP1A2
CYP2C8
CYP2C9
CYP2D6
CYP3A4",HUMAN,BTM00007,C1CC[N+]2(C1)C3C(CC2CC(C3)OC(=O)C(C4=CC=CC=C4)(C5=CC=CC=C5)O)O,"InChI=1S/C25H30NO4/c27-23-16-20-15-21(17-22(23)26(20)13-7-8-14-26)30-24(28)25(29,18-9-3-1-4-10-18)19-11-5-2-6-12-19/h1-6,9-12,20-23,27,29H,7-8,13-17H2/q+1",RFOAIPVBYHTLRH-UHFFFAOYSA-N,1.2591000000000003,408.21748344
"InChI=1S/C25H30NO5/c27-22-15-19-14-20(16-21(22)26(19)13-7-12-23(26)28)31-24(29)25(30,17-8-3-1-4-9-17)18-10-5-2-6-11-18/h1-6,8-11,19-23,27-28,30H,7,12-16H2/q+1",JGUKUVYWZSONFQ-UHFFFAOYSA-N,C1CC([N+]2(C1)C3C(CC2CC(C3)OC(=O)C(C4=CC=CC=C4)(C5=CC=CC=C5)O)O)O,,,[C25H30NO5]+,424.21239806,0.6606000000000007,0,1,1,BTM00049,BTM00049,Hydroxylation of heteroalicyclic secondary carbon,BTMR1070,"CYP1A2
CYP2A6
CYP2C9
CYP2D6
CYP3A4",HUMAN,BTM00007,C1CC[N+]2(C1)C3C(CC2CC(C3)OC(=O)C(C4=CC=CC=C4)(C5=CC=CC=C5)O)O,"InChI=1S/C25H30NO4/c27-23-16-20-15-21(17-22(23)26(20)13-7-8-14-26)30-24(28)25(29,18-9-3-1-4-10-18)19-11-5-2-6-12-19/h1-6,9-12,20-23,27,29H,7-8,13-17H2/q+1",RFOAIPVBYHTLRH-UHFFFAOYSA-N,1.2591000000000003,408.21748344
"InChI=1S/C25H30NO5/c27-20-11-12-26(16-20)19-13-21(15-22(26)23(28)14-19)31-24(29)25(30,17-7-3-1-4-8-17)18-9-5-2-6-10-18/h1-10,19-23,27-28,30H,11-16H2/q+1",OVGRAKFADPAFOX-UHFFFAOYSA-N,C1(CC[N+]2(C1)C3C(CC2CC(C3)OC(=O)C(C4=CC=CC=C4)(C5=CC=CC=C5)O)O)O,,,[C25H30NO5]+,424.21239806,0.16840000000000233,0,1,1,BTM00055,BTM00055,Hydroxylation of heteroalicyclic secondary carbon,BTMR1071,CYP1A2,HUMAN,BTM00007,C1CC[N+]2(C1)C3C(CC2CC(C3)OC(=O)C(C4=CC=CC=C4)(C5=CC=CC=C5)O)O,"InChI=1S/C25H30NO4/c27-23-16-20-15-21(17-22(23)26(20)13-7-8-14-26)30-24(28)25(29,18-9-3-1-4-10-18)19-11-5-2-6-12-19/h1-6,9-12,20-23,27,29H,7-8,13-17H2/q+1",RFOAIPVBYHTLRH-UHFFFAOYSA-N,1.2591000000000003,408.21748344
"InChI=1S/C25H30NO5/c27-22-20-15-19(16-21(23(22)28)26(20)13-7-8-14-26)31-24(29)25(30,17-9-3-1-4-10-17)18-11-5-2-6-12-18/h1-6,9-12,19-23,27-28,30H,7-8,13-16H2/q+1",PSLYRAGRMIRXPH-UHFFFAOYSA-N,C1CC[N+]2(C1)C3C(C(C2CC(C3)OC(=O)C(C4=CC=CC=C4)(C5=CC=CC=C5)O)O)O,,,[C25H30NO5]+,424.21239806,0.6860000000000024,0,1,1,BTM00060,BTM00060,Hydroxylation of heteroalicyclic secondary carbon,BTMR1071,CYP1A2,HUMAN,BTM00007,C1CC[N+]2(C1)C3C(CC2CC(C3)OC(=O)C(C4=CC=CC=C4)(C5=CC=CC=C5)O)O,"InChI=1S/C25H30NO4/c27-23-16-20-15-21(17-22(23)26(20)13-7-8-14-26)30-24(28)25(29,18-9-3-1-4-10-18)19-11-5-2-6-12-19/h1-6,9-12,20-23,27,29H,7-8,13-17H2/q+1",RFOAIPVBYHTLRH-UHFFFAOYSA-N,1.2591000000000003,408.21748344
"InChI=1S/C25H30NO5/c27-21-15-20-23(28)22(16-19(21)26(20)13-7-8-14-26)31-24(29)25(30,17-9-3-1-4-10-17)18-11-5-2-6-12-18/h1-6,9-12,19-23,27-28,30H,7-8,13-16H2/q+1",UGLAVSCKQTVEGB-UHFFFAOYSA-N,C1CC[N+]2(C1)C3C(CC2C(C(C3)OC(=O)C(C4=CC=CC=C4)(C5=CC=CC=C5)O)O)O,,,[C25H30NO5]+,424.21239806,0.6860000000000024,0,1,1,BTM00061,BTM00061,Hydroxylation of heteroalicyclic secondary carbon,BTMR1071,CYP1A2,HUMAN,BTM00007,C1CC[N+]2(C1)C3C(CC2CC(C3)OC(=O)C(C4=CC=CC=C4)(C5=CC=CC=C5)O)O,"InChI=1S/C25H30NO4/c27-23-16-20-15-21(17-22(23)26(20)13-7-8-14-26)30-24(28)25(29,18-9-3-1-4-10-18)19-11-5-2-6-12-19/h1-6,9-12,20-23,27,29H,7-8,13-17H2/q+1",RFOAIPVBYHTLRH-UHFFFAOYSA-N,1.2591000000000003,408.21748344
"InChI=1S/C25H30NO5/c27-20-15-19-16-21(23(28)22(20)26(19)13-7-8-14-26)31-24(29)25(30,17-9-3-1-4-10-17)18-11-5-2-6-12-18/h1-6,9-12,19-23,27-28,30H,7-8,13-16H2/q+1",HQLSCPXMXKRERJ-UHFFFAOYSA-N,C1CC[N+]2(C1)C3C(CC2CC(C3O)OC(=O)C(C4=CC=CC=C4)(C5=CC=CC=C5)O)O,,,[C25H30NO5]+,424.21239806,0.6860000000000024,0,1,1,BTM00062,BTM00062,Hydroxylation of heteroalicyclic secondary carbon,BTMR1071,CYP1A2,HUMAN,BTM00007,C1CC[N+]2(C1)C3C(CC2CC(C3)OC(=O)C(C4=CC=CC=C4)(C5=CC=CC=C5)O)O,"InChI=1S/C25H30NO4/c27-23-16-20-15-21(17-22(23)26(20)13-7-8-14-26)30-24(28)25(29,18-9-3-1-4-10-18)19-11-5-2-6-12-19/h1-6,9-12,20-23,27,29H,7-8,13-17H2/q+1",RFOAIPVBYHTLRH-UHFFFAOYSA-N,1.2591000000000003,408.21748344
"InChI=1S/C25H30NO5/c27-22-16-20-15-21(17-24(22,29)26(20)13-7-8-14-26)31-23(28)25(30,18-9-3-1-4-10-18)19-11-5-2-6-12-19/h1-6,9-12,20-22,27,29-30H,7-8,13-17H2/q+1",UNMOBBKZZYXMOU-UHFFFAOYSA-N,C1CC[N+]2(C1)C3(C(CC2CC(C3)OC(=O)C(C4=CC=CC=C4)(C5=CC=CC=C5)O)O)O,,,[C25H30NO5]+,424.21239806,1.0623999999999996,0,1,1,BTM00063,BTM00063,Hydroxylation of alicyclic secondary carbon,BTMR1069,CYP2D6,HUMAN,BTM00007,C1CC[N+]2(C1)C3C(CC2CC(C3)OC(=O)C(C4=CC=CC=C4)(C5=CC=CC=C5)O)O,"InChI=1S/C25H30NO4/c27-23-16-20-15-21(17-22(23)26(20)13-7-8-14-26)30-24(28)25(29,18-9-3-1-4-10-18)19-11-5-2-6-12-19/h1-6,9-12,20-23,27,29H,7-8,13-17H2/q+1",RFOAIPVBYHTLRH-UHFFFAOYSA-N,1.2591000000000003,408.21748344
"InChI=1S/C25H30NO5/c27-22-20-15-19(16-21(23(22)28)26(20)13-7-8-14-26)31-24(29)25(30,17-9-3-1-4-10-17)18-11-5-2-6-12-18/h1-6,9-12,19-23,27-28,30H,7-8,13-16H2/q+1",PSLYRAGRMIRXPH-UHFFFAOYSA-N,C1CC[N+]2(C1)C3C(C(C2CC(C3)OC(=O)C(C4=CC=CC=C4)(C5=CC=CC=C5)O)O)O,,,[C25H30NO5]+,424.21239806,0.6860000000000024,0,1,1,BTM00060,BTM00060,Hydroxylation of alicyclic secondary carbon,BTMR1069,CYP2D6,HUMAN,BTM00007,C1CC[N+]2(C1)C3C(CC2CC(C3)OC(=O)C(C4=CC=CC=C4)(C5=CC=CC=C5)O)O,"InChI=1S/C25H30NO4/c27-23-16-20-15-21(17-22(23)26(20)13-7-8-14-26)30-24(28)25(29,18-9-3-1-4-10-18)19-11-5-2-6-12-19/h1-6,9-12,20-23,27,29H,7-8,13-17H2/q+1",RFOAIPVBYHTLRH-UHFFFAOYSA-N,1.2591000000000003,408.21748344
"InChI=1S/C25H30NO5/c27-22-17-24(29)16-20(15-21(22)26(24)13-7-8-14-26)31-23(28)25(30,18-9-3-1-4-10-18)19-11-5-2-6-12-19/h1-6,9-12,20-22,27,29-30H,7-8,13-17H2/q+1",PZGSJSHTIQXXRN-UHFFFAOYSA-N,C1CC[N+]2(C1)C3C(CC2(CC(C3)OC(=O)C(C4=CC=CC=C4)(C5=CC=CC=C5)O)O)O,,,[C25H30NO5]+,424.21239806,1.2555999999999996,0,1,1,BTM00064,BTM00064,Hydroxylation of alicyclic secondary carbon,BTMR1069,CYP2D6,HUMAN,BTM00007,C1CC[N+]2(C1)C3C(CC2CC(C3)OC(=O)C(C4=CC=CC=C4)(C5=CC=CC=C5)O)O,"InChI=1S/C25H30NO4/c27-23-16-20-15-21(17-22(23)26(20)13-7-8-14-26)30-24(28)25(29,18-9-3-1-4-10-18)19-11-5-2-6-12-19/h1-6,9-12,20-23,27,29H,7-8,13-17H2/q+1",RFOAIPVBYHTLRH-UHFFFAOYSA-N,1.2591000000000003,408.21748344
"InChI=1S/C25H30NO5/c27-21-15-20-23(28)22(16-19(21)26(20)13-7-8-14-26)31-24(29)25(30,17-9-3-1-4-10-17)18-11-5-2-6-12-18/h1-6,9-12,19-23,27-28,30H,7-8,13-16H2/q+1",UGLAVSCKQTVEGB-UHFFFAOYSA-N,C1CC[N+]2(C1)C3C(CC2C(C(C3)OC(=O)C(C4=CC=CC=C4)(C5=CC=CC=C5)O)O)O,,,[C25H30NO5]+,424.21239806,0.6860000000000024,0,1,1,BTM00061,BTM00061,Hydroxylation of alicyclic secondary carbon,BTMR1069,CYP2D6,HUMAN,BTM00007,C1CC[N+]2(C1)C3C(CC2CC(C3)OC(=O)C(C4=CC=CC=C4)(C5=CC=CC=C5)O)O,"InChI=1S/C25H30NO4/c27-23-16-20-15-21(17-22(23)26(20)13-7-8-14-26)30-24(28)25(29,18-9-3-1-4-10-18)19-11-5-2-6-12-19/h1-6,9-12,20-23,27,29H,7-8,13-17H2/q+1",RFOAIPVBYHTLRH-UHFFFAOYSA-N,1.2591000000000003,408.21748344
"InChI=1S/C25H30NO5/c27-22-15-20-16-24(29,17-21(22)26(20)13-7-8-14-26)31-23(28)25(30,18-9-3-1-4-10-18)19-11-5-2-6-12-19/h1-6,9-12,20-22,27,29-30H,7-8,13-17H2/q+1",VVBYXABLJHAZIW-UHFFFAOYSA-N,C1CC[N+]2(C1)C3C(CC2CC(C3)(OC(=O)C(C4=CC=CC=C4)(C5=CC=CC=C5)O)O)O,,,[C25H30NO5]+,424.21239806,1.2555999999999996,0,1,1,BTM00065,BTM00065,Hydroxylation of alicyclic secondary carbon,BTMR1069,CYP2D6,HUMAN,BTM00007,C1CC[N+]2(C1)C3C(CC2CC(C3)OC(=O)C(C4=CC=CC=C4)(C5=CC=CC=C5)O)O,"InChI=1S/C25H30NO4/c27-23-16-20-15-21(17-22(23)26(20)13-7-8-14-26)30-24(28)25(29,18-9-3-1-4-10-18)19-11-5-2-6-12-19/h1-6,9-12,20-23,27,29H,7-8,13-17H2/q+1",RFOAIPVBYHTLRH-UHFFFAOYSA-N,1.2591000000000003,408.21748344
"InChI=1S/C25H30NO5/c27-20-15-19-16-21(23(28)22(20)26(19)13-7-8-14-26)31-24(29)25(30,17-9-3-1-4-10-17)18-11-5-2-6-12-18/h1-6,9-12,19-23,27-28,30H,7-8,13-16H2/q+1",HQLSCPXMXKRERJ-UHFFFAOYSA-N,C1CC[N+]2(C1)C3C(CC2CC(C3O)OC(=O)C(C4=CC=CC=C4)(C5=CC=CC=C5)O)O,,,[C25H30NO5]+,424.21239806,0.6860000000000024,0,1,1,BTM00062,BTM00062,Hydroxylation of alicyclic secondary carbon,BTMR1069,CYP2D6,HUMAN,BTM00007,C1CC[N+]2(C1)C3C(CC2CC(C3)OC(=O)C(C4=CC=CC=C4)(C5=CC=CC=C5)O)O,"InChI=1S/C25H30NO4/c27-23-16-20-15-21(17-22(23)26(20)13-7-8-14-26)30-24(28)25(29,18-9-3-1-4-10-18)19-11-5-2-6-12-19/h1-6,9-12,20-23,27,29H,7-8,13-17H2/q+1",RFOAIPVBYHTLRH-UHFFFAOYSA-N,1.2591000000000003,408.21748344
"InChI=1S/C25H29NO5/c27-21-11-5-4-10-19(21)25(30,17-8-2-1-3-9-17)24(29)31-22-16-18-12-13-20(23(22)28)26(18)14-6-7-15-26/h1-5,8-11,18,20,22-23,28,30H,6-7,12-16H2/p+1",GAALHRVOGGSLNI-UHFFFAOYSA-O,C1CC[N+]2(C1)C3CCC2C(C(C3)OC(=O)C(C4=CC=CC=C4)(C5=C(C=CC=C5)O)O)O,,,[C25H30NO5]+,424.21239806,1.5093000000000003,0,1,1,BTM00034,BTM00034,O-Hydroxylation of monosubstituted benzene,BTMR1034,"CYP1A2
CYP2C8
CYP2C9
CYP2C19
CYP3A4",HUMAN,BTM00008,C1CC[N+]2(C1)C3CCC2C(C(C3)OC(=O)C(C4=CC=CC=C4)(C5=CC=CC=C5)O)O,"InChI=1S/C25H30NO4/c27-23-21-14-13-20(26(21)15-7-8-16-26)17-22(23)30-24(28)25(29,18-9-3-1-4-10-18)19-11-5-2-6-12-19/h1-6,9-12,20-23,27,29H,7-8,13-17H2/q+1",FBAZGDAYKDJMNW-UHFFFAOYSA-N,1.7767000000000002,408.21748344
"InChI=1S/C25H28NO4/c27-23-21-14-13-20(26(21)15-7-8-16-26)17-22(23)30-24(28)25(29,18-9-3-1-4-10-18)19-11-5-2-6-12-19/h1-6,9-12,20-22,29H,7-8,13-17H2/q+1",NADJSNNEXCVEEV-UHFFFAOYSA-N,C1CC[N+]2(C1)C3CCC2C(C(C3)OC(=O)C(C4=CC=CC=C4)(C5=CC=CC=C5)O)=O,,,[C25H28NO4]+,406.201833376,2.0235999999999983,0,0,0,BTM00066,BTM00066,Oxidation of secondary alcohol to ketone,BTMR0079,"CYP1A2
CYP2C9
CYP2C19",HUMAN,BTM00008,C1CC[N+]2(C1)C3CCC2C(C(C3)OC(=O)C(C4=CC=CC=C4)(C5=CC=CC=C5)O)O,"InChI=1S/C25H30NO4/c27-23-21-14-13-20(26(21)15-7-8-16-26)17-22(23)30-24(28)25(29,18-9-3-1-4-10-18)19-11-5-2-6-12-19/h1-6,9-12,20-23,27,29H,7-8,13-17H2/q+1",FBAZGDAYKDJMNW-UHFFFAOYSA-N,1.7767000000000002,408.21748344
"InChI=1S/C25H29NO5/c27-20-11-8-18(9-12-20)25(30,17-6-2-1-3-7-17)24(29)31-22-16-19-10-13-21(23(22)28)26(19)14-4-5-15-26/h1-3,6-9,11-12,19,21-23,28,30H,4-5,10,13-16H2/p+1",GSBLMAIHVMARCY-UHFFFAOYSA-O,C1CC[N+]2(C1)C3CCC2C(C(C3)OC(=O)C(C4=CC=CC=C4)(C5=CC=C(C=C5)O)O)O,,,[C25H30NO5]+,424.21239806,1.5093000000000003,0,1,1,BTM00043,BTM00043,Hydroxylation of benzene on carbon para to electron donating group,BTMR1047,"CYP1A2
CYP2C8
CYP2C9
CYP2D6
CYP3A4",HUMAN,BTM00008,C1CC[N+]2(C1)C3CCC2C(C(C3)OC(=O)C(C4=CC=CC=C4)(C5=CC=CC=C5)O)O,"InChI=1S/C25H30NO4/c27-23-21-14-13-20(26(21)15-7-8-16-26)17-22(23)30-24(28)25(29,18-9-3-1-4-10-18)19-11-5-2-6-12-19/h1-6,9-12,20-23,27,29H,7-8,13-17H2/q+1",FBAZGDAYKDJMNW-UHFFFAOYSA-N,1.7767000000000002,408.21748344
"InChI=1S/C25H30NO5/c27-22-12-7-15-26(22)19-13-14-20(26)23(28)21(16-19)31-24(29)25(30,17-8-3-1-4-9-17)18-10-5-2-6-11-18/h1-6,8-11,19-23,27-28,30H,7,12-16H2/q+1",BKFIODSFFYUATL-UHFFFAOYSA-N,C1CC([N+]2(C1)C3CCC2C(C(C3)OC(=O)C(C4=CC=CC=C4)(C5=CC=CC=C5)O)O)O,,,[C25H30NO5]+,424.21239806,1.1782000000000006,0,1,1,BTM00050,BTM00050,Hydroxylation of heteroalicyclic secondary carbon,BTMR1070,"CYP1A2
CYP2A6
CYP2C9
CYP2D6
CYP3A4",HUMAN,BTM00008,C1CC[N+]2(C1)C3CCC2C(C(C3)OC(=O)C(C4=CC=CC=C4)(C5=CC=CC=C5)O)O,"InChI=1S/C25H30NO4/c27-23-21-14-13-20(26(21)15-7-8-16-26)17-22(23)30-24(28)25(29,18-9-3-1-4-10-18)19-11-5-2-6-12-19/h1-6,9-12,20-23,27,29H,7-8,13-17H2/q+1",FBAZGDAYKDJMNW-UHFFFAOYSA-N,1.7767000000000002,408.21748344
"InChI=1S/C25H30NO5/c27-20-13-14-26(16-20)19-11-12-21(26)23(28)22(15-19)31-24(29)25(30,17-7-3-1-4-8-17)18-9-5-2-6-10-18/h1-10,19-23,27-28,30H,11-16H2/q+1",CWVJHVYJOPOIDP-UHFFFAOYSA-N,C1(CC[N+]2(C1)C3CCC2C(C(C3)OC(=O)C(C4=CC=CC=C4)(C5=CC=CC=C5)O)O)O,,,[C25H30NO5]+,424.21239806,0.6860000000000024,0,1,1,BTM00056,BTM00056,Hydroxylation of heteroalicyclic secondary carbon,BTMR1071,CYP1A2,HUMAN,BTM00008,C1CC[N+]2(C1)C3CCC2C(C(C3)OC(=O)C(C4=CC=CC=C4)(C5=CC=CC=C5)O)O,"InChI=1S/C25H30NO4/c27-23-21-14-13-20(26(21)15-7-8-16-26)17-22(23)30-24(28)25(29,18-9-3-1-4-10-18)19-11-5-2-6-12-19/h1-6,9-12,20-23,27,29H,7-8,13-17H2/q+1",FBAZGDAYKDJMNW-UHFFFAOYSA-N,1.7767000000000002,408.21748344
"InChI=1S/C25H30NO5/c27-21-15-20-23(28)22(16-19(21)26(20)13-7-8-14-26)31-24(29)25(30,17-9-3-1-4-10-17)18-11-5-2-6-12-18/h1-6,9-12,19-23,27-28,30H,7-8,13-16H2/q+1",UGLAVSCKQTVEGB-UHFFFAOYSA-N,C1CC[N+]2(C1)C3C(CC2C(C(C3)OC(=O)C(C4=CC=CC=C4)(C5=CC=CC=C5)O)O)O,,,[C25H30NO5]+,424.21239806,0.6860000000000024,0,1,1,BTM00061,BTM00061,Hydroxylation of heteroalicyclic secondary carbon,BTMR1071,CYP1A2,HUMAN,BTM00008,C1CC[N+]2(C1)C3CCC2C(C(C3)OC(=O)C(C4=CC=CC=C4)(C5=CC=CC=C5)O)O,"InChI=1S/C25H30NO4/c27-23-21-14-13-20(26(21)15-7-8-16-26)17-22(23)30-24(28)25(29,18-9-3-1-4-10-18)19-11-5-2-6-12-19/h1-6,9-12,20-23,27,29H,7-8,13-17H2/q+1",FBAZGDAYKDJMNW-UHFFFAOYSA-N,1.7767000000000002,408.21748344
"InChI=1S/C25H30NO5/c27-20-15-19-16-21(23(28)22(20)26(19)13-7-8-14-26)31-24(29)25(30,17-9-3-1-4-10-17)18-11-5-2-6-12-18/h1-6,9-12,19-23,27-28,30H,7-8,13-16H2/q+1",HQLSCPXMXKRERJ-UHFFFAOYSA-N,C1CC[N+]2(C1)C3C(CC2CC(C3O)OC(=O)C(C4=CC=CC=C4)(C5=CC=CC=C5)O)O,,,[C25H30NO5]+,424.21239806,0.6860000000000024,0,1,1,BTM00062,BTM00062,Hydroxylation of heteroalicyclic secondary carbon,BTMR1071,CYP1A2,HUMAN,BTM00008,C1CC[N+]2(C1)C3CCC2C(C(C3)OC(=O)C(C4=CC=CC=C4)(C5=CC=CC=C5)O)O,"InChI=1S/C25H30NO4/c27-23-21-14-13-20(26(21)15-7-8-16-26)17-22(23)30-24(28)25(29,18-9-3-1-4-10-18)19-11-5-2-6-12-19/h1-6,9-12,20-23,27,29H,7-8,13-17H2/q+1",FBAZGDAYKDJMNW-UHFFFAOYSA-N,1.7767000000000002,408.21748344
"InChI=1S/C25H30NO5/c27-21-19-13-14-20(26(19)15-7-8-16-26)22(28)23(21)31-24(29)25(30,17-9-3-1-4-10-17)18-11-5-2-6-12-18/h1-6,9-12,19-23,27-28,30H,7-8,13-16H2/q+1",YZRLKIAXMNDGTJ-UHFFFAOYSA-N,C1CC[N+]2(C1)C3CCC2C(C(C3O)OC(=O)C(C4=CC=CC=C4)(C5=CC=CC=C5)O)O,,,[C25H30NO5]+,424.21239806,1.2036000000000022,0,1,1,BTM00067,BTM00067,Hydroxylation of heteroalicyclic secondary carbon,BTMR1071,CYP1A2,HUMAN,BTM00008,C1CC[N+]2(C1)C3CCC2C(C(C3)OC(=O)C(C4=CC=CC=C4)(C5=CC=CC=C5)O)O,"InChI=1S/C25H30NO4/c27-23-21-14-13-20(26(21)15-7-8-16-26)17-22(23)30-24(28)25(29,18-9-3-1-4-10-18)19-11-5-2-6-12-19/h1-6,9-12,20-23,27,29H,7-8,13-17H2/q+1",FBAZGDAYKDJMNW-UHFFFAOYSA-N,1.7767000000000002,408.21748344
"InChI=1S/C25H30NO5/c27-22-20-13-14-24(29,26(20)15-7-8-16-26)17-21(22)31-23(28)25(30,18-9-3-1-4-10-18)19-11-5-2-6-12-19/h1-6,9-12,20-22,27,29-30H,7-8,13-17H2/q+1",KGRKWXAUEXXEHD-UHFFFAOYSA-N,C1CC[N+]2(C1)C3(CCC2C(C(C3)OC(=O)C(C4=CC=CC=C4)(C5=CC=CC=C5)O)O)O,,,[C25H30NO5]+,424.21239806,1.3211999999999995,0,1,1,BTM00068,BTM00068,Hydroxylation of alicyclic secondary carbon,BTMR1069,CYP2D6,HUMAN,BTM00008,C1CC[N+]2(C1)C3CCC2C(C(C3)OC(=O)C(C4=CC=CC=C4)(C5=CC=CC=C5)O)O,"InChI=1S/C25H30NO4/c27-23-21-14-13-20(26(21)15-7-8-16-26)17-22(23)30-24(28)25(29,18-9-3-1-4-10-18)19-11-5-2-6-12-19/h1-6,9-12,20-23,27,29H,7-8,13-17H2/q+1",FBAZGDAYKDJMNW-UHFFFAOYSA-N,1.7767000000000002,408.21748344
"InChI=1S/C25H30NO5/c27-21-15-20-23(28)22(16-19(21)26(20)13-7-8-14-26)31-24(29)25(30,17-9-3-1-4-10-17)18-11-5-2-6-12-18/h1-6,9-12,19-23,27-28,30H,7-8,13-16H2/q+1",UGLAVSCKQTVEGB-UHFFFAOYSA-N,C1CC[N+]2(C1)C3C(CC2C(C(C3)OC(=O)C(C4=CC=CC=C4)(C5=CC=CC=C5)O)O)O,,,[C25H30NO5]+,424.21239806,0.6860000000000024,0,1,1,BTM00061,BTM00061,Hydroxylation of alicyclic secondary carbon,BTMR1069,CYP2D6,HUMAN,BTM00008,C1CC[N+]2(C1)C3CCC2C(C(C3)OC(=O)C(C4=CC=CC=C4)(C5=CC=CC=C5)O)O,"InChI=1S/C25H30NO4/c27-23-21-14-13-20(26(21)15-7-8-16-26)17-22(23)30-24(28)25(29,18-9-3-1-4-10-18)19-11-5-2-6-12-19/h1-6,9-12,20-23,27,29H,7-8,13-17H2/q+1",FBAZGDAYKDJMNW-UHFFFAOYSA-N,1.7767000000000002,408.21748344
"InChI=1S/C25H30NO5/c27-20-15-19-16-21(23(28)22(20)26(19)13-7-8-14-26)31-24(29)25(30,17-9-3-1-4-10-17)18-11-5-2-6-12-18/h1-6,9-12,19-23,27-28,30H,7-8,13-16H2/q+1",HQLSCPXMXKRERJ-UHFFFAOYSA-N,C1CC[N+]2(C1)C3C(CC2CC(C3O)OC(=O)C(C4=CC=CC=C4)(C5=CC=CC=C5)O)O,,,[C25H30NO5]+,424.21239806,0.6860000000000024,0,1,1,BTM00062,BTM00062,Hydroxylation of alicyclic secondary carbon,BTMR1069,CYP2D6,HUMAN,BTM00008,C1CC[N+]2(C1)C3CCC2C(C(C3)OC(=O)C(C4=CC=CC=C4)(C5=CC=CC=C5)O)O,"InChI=1S/C25H30NO4/c27-23-21-14-13-20(26(21)15-7-8-16-26)17-22(23)30-24(28)25(29,18-9-3-1-4-10-18)19-11-5-2-6-12-19/h1-6,9-12,20-23,27,29H,7-8,13-17H2/q+1",FBAZGDAYKDJMNW-UHFFFAOYSA-N,1.7767000000000002,408.21748344
"InChI=1S/C25H30NO5/c27-22-21(17-20-13-14-24(22,29)26(20)15-7-8-16-26)31-23(28)25(30,18-9-3-1-4-10-18)19-11-5-2-6-12-19/h1-6,9-12,20-22,27,29-30H,7-8,13-17H2/q+1",YJCLPBVCDZDFKH-UHFFFAOYSA-N,C1CC[N+]2(C1)C3CCC2(C(C(C3)OC(=O)C(C4=CC=CC=C4)(C5=CC=CC=C5)O)O)O,,,[C25H30NO5]+,424.21239806,1.1279999999999994,0,1,1,BTM00069,BTM00069,Hydroxylation of alicyclic secondary carbon,BTMR1069,CYP2D6,HUMAN,BTM00008,C1CC[N+]2(C1)C3CCC2C(C(C3)OC(=O)C(C4=CC=CC=C4)(C5=CC=CC=C5)O)O,"InChI=1S/C25H30NO4/c27-23-21-14-13-20(26(21)15-7-8-16-26)17-22(23)30-24(28)25(29,18-9-3-1-4-10-18)19-11-5-2-6-12-19/h1-6,9-12,20-23,27,29H,7-8,13-17H2/q+1",FBAZGDAYKDJMNW-UHFFFAOYSA-N,1.7767000000000002,408.21748344
"InChI=1S/C25H30NO5/c27-22-21-14-13-20(26(21)15-7-8-16-26)17-24(22,29)31-23(28)25(30,18-9-3-1-4-10-18)19-11-5-2-6-12-19/h1-6,9-12,20-22,27,29-30H,7-8,13-17H2/q+1",XBUCINTYZQXDKB-UHFFFAOYSA-N,C1CC[N+]2(C1)C3CCC2C(C(C3)(OC(=O)C(C4=CC=CC=C4)(C5=CC=CC=C5)O)O)O,,,[C25H30NO5]+,424.21239806,1.5799999999999994,0,1,1,BTM00070,BTM00070,Hydroxylation of alicyclic secondary carbon,BTMR1069,CYP2D6,HUMAN,BTM00008,C1CC[N+]2(C1)C3CCC2C(C(C3)OC(=O)C(C4=CC=CC=C4)(C5=CC=CC=C5)O)O,"InChI=1S/C25H30NO4/c27-23-21-14-13-20(26(21)15-7-8-16-26)17-22(23)30-24(28)25(29,18-9-3-1-4-10-18)19-11-5-2-6-12-19/h1-6,9-12,20-23,27,29H,7-8,13-17H2/q+1",FBAZGDAYKDJMNW-UHFFFAOYSA-N,1.7767000000000002,408.21748344
"InChI=1S/C25H30NO5/c27-21-19-13-14-20(26(19)15-7-8-16-26)22(28)23(21)31-24(29)25(30,17-9-3-1-4-10-17)18-11-5-2-6-12-18/h1-6,9-12,19-23,27-28,30H,7-8,13-16H2/q+1",YZRLKIAXMNDGTJ-UHFFFAOYSA-N,C1CC[N+]2(C1)C3CCC2C(C(C3O)OC(=O)C(C4=CC=CC=C4)(C5=CC=CC=C5)O)O,,,[C25H30NO5]+,424.21239806,1.2036000000000022,0,1,1,BTM00067,BTM00067,Hydroxylation of alicyclic secondary carbon,BTMR1069,CYP2D6,HUMAN,BTM00008,C1CC[N+]2(C1)C3CCC2C(C(C3)OC(=O)C(C4=CC=CC=C4)(C5=CC=CC=C5)O)O,"InChI=1S/C25H30NO4/c27-23-21-14-13-20(26(21)15-7-8-16-26)17-22(23)30-24(28)25(29,18-9-3-1-4-10-18)19-11-5-2-6-12-19/h1-6,9-12,20-23,27,29H,7-8,13-17H2/q+1",FBAZGDAYKDJMNW-UHFFFAOYSA-N,1.7767000000000002,408.21748344
"InChI=1S/C25H29NO5/c27-22-11-5-4-10-21(22)25(30,18-8-2-1-3-9-18)23(28)31-20-16-19-12-13-24(29,17-20)26(19)14-6-7-15-26/h1-5,8-11,19-20,29-30H,6-7,12-17H2/p+1",DMBLZCNIXKNPBQ-UHFFFAOYSA-O,C1CC[N+]2(C1)C3(CCC2CC(C3)OC(=O)C(C4=CC=CC=C4)(C5=C(C=CC=C5)O)O)O,,,[C25H30NO5]+,424.21239806,1.626899999999999,0,1,1,BTM00036,BTM00036,O-Hydroxylation of monosubstituted benzene,BTMR1034,"CYP1A2
CYP2C8
CYP2C9
CYP2C19
CYP3A4",HUMAN,BTM00009,C1CC[N+]2(C1)C3(CCC2CC(C3)OC(=O)C(C4=CC=CC=C4)(C5=CC=CC=C5)O)O,"InChI=1S/C25H30NO4/c27-23(25(29,19-9-3-1-4-10-19)20-11-5-2-6-12-20)30-22-17-21-13-14-24(28,18-22)26(21)15-7-8-16-26/h1-6,9-12,21-22,28-29H,7-8,13-18H2/q+1",OYMKAXRLQDHTQP-UHFFFAOYSA-N,1.8943000000000005,408.21748344
"InChI=1S/C25H29NO5/c27-21-10-8-19(9-11-21)25(30,18-6-2-1-3-7-18)23(28)31-22-16-20-12-13-24(29,17-22)26(20)14-4-5-15-26/h1-3,6-11,20,22,29-30H,4-5,12-17H2/p+1",QMXFWSSXLXMDQO-UHFFFAOYSA-O,C1CC[N+]2(C1)C3(CCC2CC(C3)OC(=O)C(C4=CC=CC=C4)(C5=CC=C(C=C5)O)O)O,,,[C25H30NO5]+,424.21239806,1.626899999999999,0,1,1,BTM00044,BTM00044,Hydroxylation of benzene on carbon para to electron donating group,BTMR1047,"CYP1A2
CYP2C8
CYP2C9
CYP2D6
CYP3A4",HUMAN,BTM00009,C1CC[N+]2(C1)C3(CCC2CC(C3)OC(=O)C(C4=CC=CC=C4)(C5=CC=CC=C5)O)O,"InChI=1S/C25H30NO4/c27-23(25(29,19-9-3-1-4-10-19)20-11-5-2-6-12-20)30-22-17-21-13-14-24(28,18-22)26(21)15-7-8-16-26/h1-6,9-12,21-22,28-29H,7-8,13-18H2/q+1",OYMKAXRLQDHTQP-UHFFFAOYSA-N,1.8943000000000005,408.21748344
"InChI=1S/C25H30NO5/c27-22-12-7-15-26(22)20-13-14-24(26,29)17-21(16-20)31-23(28)25(30,18-8-3-1-4-9-18)19-10-5-2-6-11-19/h1-6,8-11,20-22,27,29-30H,7,12-17H2/q+1",NHTFQRRJJPHYLE-UHFFFAOYSA-N,C1CC([N+]2(C1)C3(CCC2CC(C3)OC(=O)C(C4=CC=CC=C4)(C5=CC=CC=C5)O)O)O,,,[C25H30NO5]+,424.21239806,1.295800000000001,0,1,1,BTM00051,BTM00051,Hydroxylation of heteroalicyclic secondary carbon,BTMR1070,"CYP1A2
CYP2A6
CYP2C9
CYP2D6
CYP3A4",HUMAN,BTM00009,C1CC[N+]2(C1)C3(CCC2CC(C3)OC(=O)C(C4=CC=CC=C4)(C5=CC=CC=C5)O)O,"InChI=1S/C25H30NO4/c27-23(25(29,19-9-3-1-4-10-19)20-11-5-2-6-12-20)30-22-17-21-13-14-24(28,18-22)26(21)15-7-8-16-26/h1-6,9-12,21-22,28-29H,7-8,13-18H2/q+1",OYMKAXRLQDHTQP-UHFFFAOYSA-N,1.8943000000000005,408.21748344
"InChI=1S/C25H30NO5/c27-21-12-14-26(17-21)20-11-13-24(26,29)16-22(15-20)31-23(28)25(30,18-7-3-1-4-8-18)19-9-5-2-6-10-19/h1-10,20-22,27,29-30H,11-17H2/q+1",SOBFXJDWUFXEEC-UHFFFAOYSA-N,C1(CC[N+]2(C1)C3(CCC2CC(C3)OC(=O)C(C4=CC=CC=C4)(C5=CC=CC=C5)O)O)O,,,[C25H30NO5]+,424.21239806,0.8035999999999996,0,1,1,BTM00057,BTM00057,Hydroxylation of heteroalicyclic secondary carbon,BTMR1071,CYP1A2,HUMAN,BTM00009,C1CC[N+]2(C1)C3(CCC2CC(C3)OC(=O)C(C4=CC=CC=C4)(C5=CC=CC=C5)O)O,"InChI=1S/C25H30NO4/c27-23(25(29,19-9-3-1-4-10-19)20-11-5-2-6-12-20)30-22-17-21-13-14-24(28,18-22)26(21)15-7-8-16-26/h1-6,9-12,21-22,28-29H,7-8,13-18H2/q+1",OYMKAXRLQDHTQP-UHFFFAOYSA-N,1.8943000000000005,408.21748344
"InChI=1S/C25H30NO5/c27-22-16-20-15-21(17-24(22,29)26(20)13-7-8-14-26)31-23(28)25(30,18-9-3-1-4-10-18)19-11-5-2-6-12-19/h1-6,9-12,20-22,27,29-30H,7-8,13-17H2/q+1",UNMOBBKZZYXMOU-UHFFFAOYSA-N,C1CC[N+]2(C1)C3(C(CC2CC(C3)OC(=O)C(C4=CC=CC=C4)(C5=CC=CC=C5)O)O)O,,,[C25H30NO5]+,424.21239806,1.0623999999999996,0,1,1,BTM00063,BTM00063,Hydroxylation of heteroalicyclic secondary carbon,BTMR1071,CYP1A2,HUMAN,BTM00009,C1CC[N+]2(C1)C3(CCC2CC(C3)OC(=O)C(C4=CC=CC=C4)(C5=CC=CC=C5)O)O,"InChI=1S/C25H30NO4/c27-23(25(29,19-9-3-1-4-10-19)20-11-5-2-6-12-20)30-22-17-21-13-14-24(28,18-22)26(21)15-7-8-16-26/h1-6,9-12,21-22,28-29H,7-8,13-18H2/q+1",OYMKAXRLQDHTQP-UHFFFAOYSA-N,1.8943000000000005,408.21748344
"InChI=1S/C25H30NO5/c27-22-17-24(29)16-20(15-21(22)26(24)13-7-8-14-26)31-23(28)25(30,18-9-3-1-4-10-18)19-11-5-2-6-12-19/h1-6,9-12,20-22,27,29-30H,7-8,13-17H2/q+1",PZGSJSHTIQXXRN-UHFFFAOYSA-N,C1CC[N+]2(C1)C3C(CC2(CC(C3)OC(=O)C(C4=CC=CC=C4)(C5=CC=CC=C5)O)O)O,,,[C25H30NO5]+,424.21239806,1.2555999999999996,0,1,1,BTM00064,BTM00064,Hydroxylation of heteroalicyclic secondary carbon,BTMR1071,CYP1A2,HUMAN,BTM00009,C1CC[N+]2(C1)C3(CCC2CC(C3)OC(=O)C(C4=CC=CC=C4)(C5=CC=CC=C5)O)O,"InChI=1S/C25H30NO4/c27-23(25(29,19-9-3-1-4-10-19)20-11-5-2-6-12-20)30-22-17-21-13-14-24(28,18-22)26(21)15-7-8-16-26/h1-6,9-12,21-22,28-29H,7-8,13-18H2/q+1",OYMKAXRLQDHTQP-UHFFFAOYSA-N,1.8943000000000005,408.21748344
"InChI=1S/C25H30NO5/c27-22-20-13-14-24(29,26(20)15-7-8-16-26)17-21(22)31-23(28)25(30,18-9-3-1-4-10-18)19-11-5-2-6-12-19/h1-6,9-12,20-22,27,29-30H,7-8,13-17H2/q+1",KGRKWXAUEXXEHD-UHFFFAOYSA-N,C1CC[N+]2(C1)C3(CCC2C(C(C3)OC(=O)C(C4=CC=CC=C4)(C5=CC=CC=C5)O)O)O,,,[C25H30NO5]+,424.21239806,1.3211999999999995,0,1,1,BTM00068,BTM00068,Hydroxylation of heteroalicyclic secondary carbon,BTMR1071,CYP1A2,HUMAN,BTM00009,C1CC[N+]2(C1)C3(CCC2CC(C3)OC(=O)C(C4=CC=CC=C4)(C5=CC=CC=C5)O)O,"InChI=1S/C25H30NO4/c27-23(25(29,19-9-3-1-4-10-19)20-11-5-2-6-12-20)30-22-17-21-13-14-24(28,18-22)26(21)15-7-8-16-26/h1-6,9-12,21-22,28-29H,7-8,13-18H2/q+1",OYMKAXRLQDHTQP-UHFFFAOYSA-N,1.8943000000000005,408.21748344
"InChI=1S/C25H30NO5/c27-22-21(17-20-13-14-24(22,29)26(20)15-7-8-16-26)31-23(28)25(30,18-9-3-1-4-10-18)19-11-5-2-6-12-19/h1-6,9-12,20-22,27,29-30H,7-8,13-17H2/q+1",YJCLPBVCDZDFKH-UHFFFAOYSA-N,C1CC[N+]2(C1)C3CCC2(C(C(C3)OC(=O)C(C4=CC=CC=C4)(C5=CC=CC=C5)O)O)O,,,[C25H30NO5]+,424.21239806,1.1279999999999994,0,1,1,BTM00069,BTM00069,Hydroxylation of heteroalicyclic secondary carbon,BTMR1071,CYP1A2,HUMAN,BTM00009,C1CC[N+]2(C1)C3(CCC2CC(C3)OC(=O)C(C4=CC=CC=C4)(C5=CC=CC=C5)O)O,"InChI=1S/C25H30NO4/c27-23(25(29,19-9-3-1-4-10-19)20-11-5-2-6-12-20)30-22-17-21-13-14-24(28,18-22)26(21)15-7-8-16-26/h1-6,9-12,21-22,28-29H,7-8,13-18H2/q+1",OYMKAXRLQDHTQP-UHFFFAOYSA-N,1.8943000000000005,408.21748344
"InChI=1S/C25H30NO5/c27-22-16-20-15-21(17-24(22,29)26(20)13-7-8-14-26)31-23(28)25(30,18-9-3-1-4-10-18)19-11-5-2-6-12-19/h1-6,9-12,20-22,27,29-30H,7-8,13-17H2/q+1",UNMOBBKZZYXMOU-UHFFFAOYSA-N,C1CC[N+]2(C1)C3(C(CC2CC(C3)OC(=O)C(C4=CC=CC=C4)(C5=CC=CC=C5)O)O)O,,,[C25H30NO5]+,424.21239806,1.0623999999999996,0,1,1,BTM00063,BTM00063,Hydroxylation of alicyclic secondary carbon,BTMR1069,CYP2D6,HUMAN,BTM00009,C1CC[N+]2(C1)C3(CCC2CC(C3)OC(=O)C(C4=CC=CC=C4)(C5=CC=CC=C5)O)O,"InChI=1S/C25H30NO4/c27-23(25(29,19-9-3-1-4-10-19)20-11-5-2-6-12-20)30-22-17-21-13-14-24(28,18-22)26(21)15-7-8-16-26/h1-6,9-12,21-22,28-29H,7-8,13-18H2/q+1",OYMKAXRLQDHTQP-UHFFFAOYSA-N,1.8943000000000005,408.21748344
"InChI=1S/C25H30NO5/c27-22-17-24(29)16-20(15-21(22)26(24)13-7-8-14-26)31-23(28)25(30,18-9-3-1-4-10-18)19-11-5-2-6-12-19/h1-6,9-12,20-22,27,29-30H,7-8,13-17H2/q+1",PZGSJSHTIQXXRN-UHFFFAOYSA-N,C1CC[N+]2(C1)C3C(CC2(CC(C3)OC(=O)C(C4=CC=CC=C4)(C5=CC=CC=C5)O)O)O,,,[C25H30NO5]+,424.21239806,1.2555999999999996,0,1,1,BTM00064,BTM00064,Hydroxylation of alicyclic secondary carbon,BTMR1069,CYP2D6,HUMAN,BTM00009,C1CC[N+]2(C1)C3(CCC2CC(C3)OC(=O)C(C4=CC=CC=C4)(C5=CC=CC=C5)O)O,"InChI=1S/C25H30NO4/c27-23(25(29,19-9-3-1-4-10-19)20-11-5-2-6-12-20)30-22-17-21-13-14-24(28,18-22)26(21)15-7-8-16-26/h1-6,9-12,21-22,28-29H,7-8,13-18H2/q+1",OYMKAXRLQDHTQP-UHFFFAOYSA-N,1.8943000000000005,408.21748344
"InChI=1S/C25H30NO5/c27-22(25(30,19-9-3-1-4-10-19)20-11-5-2-6-12-20)31-21-17-23(28)13-14-24(29,18-21)26(23)15-7-8-16-26/h1-6,9-12,21,28-30H,7-8,13-18H2/q+1",IFJJVCBXSDIZDU-UHFFFAOYSA-N,C1CC[N+]2(C1)C3(CCC2(CC(C3)OC(=O)C(C4=CC=CC=C4)(C5=CC=CC=C5)O)O)O,,,[C25H30NO5]+,424.21239806,1.438799999999998,0,1,1,BTM00071,BTM00071,Hydroxylation of alicyclic secondary carbon,BTMR1069,CYP2D6,HUMAN,BTM00009,C1CC[N+]2(C1)C3(CCC2CC(C3)OC(=O)C(C4=CC=CC=C4)(C5=CC=CC=C5)O)O,"InChI=1S/C25H30NO4/c27-23(25(29,19-9-3-1-4-10-19)20-11-5-2-6-12-20)30-22-17-21-13-14-24(28,18-22)26(21)15-7-8-16-26/h1-6,9-12,21-22,28-29H,7-8,13-18H2/q+1",OYMKAXRLQDHTQP-UHFFFAOYSA-N,1.8943000000000005,408.21748344
"InChI=1S/C25H30NO5/c27-22-20-13-14-24(29,26(20)15-7-8-16-26)17-21(22)31-23(28)25(30,18-9-3-1-4-10-18)19-11-5-2-6-12-19/h1-6,9-12,20-22,27,29-30H,7-8,13-17H2/q+1",KGRKWXAUEXXEHD-UHFFFAOYSA-N,C1CC[N+]2(C1)C3(CCC2C(C(C3)OC(=O)C(C4=CC=CC=C4)(C5=CC=CC=C5)O)O)O,,,[C25H30NO5]+,424.21239806,1.3211999999999995,0,1,1,BTM00068,BTM00068,Hydroxylation of alicyclic secondary carbon,BTMR1069,CYP2D6,HUMAN,BTM00009,C1CC[N+]2(C1)C3(CCC2CC(C3)OC(=O)C(C4=CC=CC=C4)(C5=CC=CC=C5)O)O,"InChI=1S/C25H30NO4/c27-23(25(29,19-9-3-1-4-10-19)20-11-5-2-6-12-20)30-22-17-21-13-14-24(28,18-22)26(21)15-7-8-16-26/h1-6,9-12,21-22,28-29H,7-8,13-18H2/q+1",OYMKAXRLQDHTQP-UHFFFAOYSA-N,1.8943000000000005,408.21748344
"InChI=1S/C25H30NO5/c27-22(25(30,19-9-3-1-4-10-19)20-11-5-2-6-12-20)31-24(29)17-21-13-14-23(28,18-24)26(21)15-7-8-16-26/h1-6,9-12,21,28-30H,7-8,13-18H2/q+1",RRVOYAIQAMYXTD-UHFFFAOYSA-N,C1CC[N+]2(C1)C3(CCC2CC(C3)(OC(=O)C(C4=CC=CC=C4)(C5=CC=CC=C5)O)O)O,,,[C25H30NO5]+,424.21239806,1.1539999999999984,0,1,1,BTM00072,BTM00072,Hydroxylation of alicyclic secondary carbon,BTMR1069,CYP2D6,HUMAN,BTM00009,C1CC[N+]2(C1)C3(CCC2CC(C3)OC(=O)C(C4=CC=CC=C4)(C5=CC=CC=C5)O)O,"InChI=1S/C25H30NO4/c27-23(25(29,19-9-3-1-4-10-19)20-11-5-2-6-12-20)30-22-17-21-13-14-24(28,18-22)26(21)15-7-8-16-26/h1-6,9-12,21-22,28-29H,7-8,13-18H2/q+1",OYMKAXRLQDHTQP-UHFFFAOYSA-N,1.8943000000000005,408.21748344
"InChI=1S/C25H30NO5/c27-22-21(17-20-13-14-24(22,29)26(20)15-7-8-16-26)31-23(28)25(30,18-9-3-1-4-10-18)19-11-5-2-6-12-19/h1-6,9-12,20-22,27,29-30H,7-8,13-17H2/q+1",YJCLPBVCDZDFKH-UHFFFAOYSA-N,C1CC[N+]2(C1)C3CCC2(C(C(C3)OC(=O)C(C4=CC=CC=C4)(C5=CC=CC=C5)O)O)O,,,[C25H30NO5]+,424.21239806,1.1279999999999994,0,1,1,BTM00069,BTM00069,Hydroxylation of alicyclic secondary carbon,BTMR1069,CYP2D6,HUMAN,BTM00009,C1CC[N+]2(C1)C3(CCC2CC(C3)OC(=O)C(C4=CC=CC=C4)(C5=CC=CC=C5)O)O,"InChI=1S/C25H30NO4/c27-23(25(29,19-9-3-1-4-10-19)20-11-5-2-6-12-20)30-22-17-21-13-14-24(28,18-22)26(21)15-7-8-16-26/h1-6,9-12,21-22,28-29H,7-8,13-18H2/q+1",OYMKAXRLQDHTQP-UHFFFAOYSA-N,1.8943000000000005,408.21748344
"InChI=1S/C25H29NO5/c27-22-11-5-4-10-21(22)25(30,18-8-2-1-3-9-18)23(28)31-24(29)16-19-12-13-20(17-24)26(19)14-6-7-15-26/h1-5,8-11,19-20,29-30H,6-7,12-17H2/p+1",QCBUSEYYGVGHLB-UHFFFAOYSA-O,C1CC[N+]2(C1)C3CCC2CC(C3)(OC(=O)C(C4=CC=CC=C4)(C5=C(C=CC=C5)O)O)O,,,[C25H30NO5]+,424.21239806,2.078899999999999,0,1,1,BTM00037,BTM00037,O-Hydroxylation of monosubstituted benzene,BTMR1034,"CYP1A2
CYP2C8
CYP2C9
CYP2C19
CYP3A4",HUMAN,BTM00010,C1CC[N+]2(C1)C3CCC2CC(C3)(OC(=O)C(C4=CC=CC=C4)(C5=CC=CC=C5)O)O,"InChI=1S/C25H30NO4/c27-23(25(29,19-9-3-1-4-10-19)20-11-5-2-6-12-20)30-24(28)17-21-13-14-22(18-24)26(21)15-7-8-16-26/h1-6,9-12,21-22,28-29H,7-8,13-18H2/q+1",OSBKISIQLGZRGE-UHFFFAOYSA-N,2.3463000000000003,408.21748344
"InChI=1S/C25H29NO5/c27-22-12-8-19(9-13-22)25(30,18-6-2-1-3-7-18)23(28)31-24(29)16-20-10-11-21(17-24)26(20)14-4-5-15-26/h1-3,6-9,12-13,20-21,29-30H,4-5,10-11,14-17H2/p+1",QNRNYWXYMRVYPC-UHFFFAOYSA-O,C1CC[N+]2(C1)C3CCC2CC(C3)(OC(=O)C(C4=CC=CC=C4)(C5=CC=C(C=C5)O)O)O,,,[C25H30NO5]+,424.21239806,2.078899999999999,0,1,1,BTM00045,BTM00045,Hydroxylation of benzene on carbon para to electron donating group,BTMR1047,"CYP1A2
CYP2C8
CYP2C9
CYP2D6
CYP3A4",HUMAN,BTM00010,C1CC[N+]2(C1)C3CCC2CC(C3)(OC(=O)C(C4=CC=CC=C4)(C5=CC=CC=C5)O)O,"InChI=1S/C25H30NO4/c27-23(25(29,19-9-3-1-4-10-19)20-11-5-2-6-12-20)30-24(28)17-21-13-14-22(18-24)26(21)15-7-8-16-26/h1-6,9-12,21-22,28-29H,7-8,13-18H2/q+1",OSBKISIQLGZRGE-UHFFFAOYSA-N,2.3463000000000003,408.21748344
"InChI=1S/C25H30NO5/c27-22-12-7-15-26(22)20-13-14-21(26)17-24(29,16-20)31-23(28)25(30,18-8-3-1-4-9-18)19-10-5-2-6-11-19/h1-6,8-11,20-22,27,29-30H,7,12-17H2/q+1",WCWIHOHGXOHAKT-UHFFFAOYSA-N,C1CC([N+]2(C1)C3CCC2CC(C3)(OC(=O)C(C4=CC=CC=C4)(C5=CC=CC=C5)O)O)O,,,[C25H30NO5]+,424.21239806,1.747800000000001,0,1,1,BTM00052,BTM00052,Hydroxylation of heteroalicyclic secondary carbon,BTMR1070,"CYP1A2
CYP2A6
CYP2C9
CYP2D6
CYP3A4",HUMAN,BTM00010,C1CC[N+]2(C1)C3CCC2CC(C3)(OC(=O)C(C4=CC=CC=C4)(C5=CC=CC=C5)O)O,"InChI=1S/C25H30NO4/c27-23(25(29,19-9-3-1-4-10-19)20-11-5-2-6-12-20)30-24(28)17-21-13-14-22(18-24)26(21)15-7-8-16-26/h1-6,9-12,21-22,28-29H,7-8,13-18H2/q+1",OSBKISIQLGZRGE-UHFFFAOYSA-N,2.3463000000000003,408.21748344
"InChI=1S/C25H30NO5/c27-22-13-14-26(17-22)20-11-12-21(26)16-24(29,15-20)31-23(28)25(30,18-7-3-1-4-8-18)19-9-5-2-6-10-19/h1-10,20-22,27,29-30H,11-17H2/q+1",BHEZTNYEYQUHTH-UHFFFAOYSA-N,C1(CC[N+]2(C1)C3CCC2CC(C3)(OC(=O)C(C4=CC=CC=C4)(C5=CC=CC=C5)O)O)O,,,[C25H30NO5]+,424.21239806,1.2555999999999996,0,1,1,BTM00058,BTM00058,Hydroxylation of heteroalicyclic secondary carbon,BTMR1071,CYP1A2,HUMAN,BTM00010,C1CC[N+]2(C1)C3CCC2CC(C3)(OC(=O)C(C4=CC=CC=C4)(C5=CC=CC=C5)O)O,"InChI=1S/C25H30NO4/c27-23(25(29,19-9-3-1-4-10-19)20-11-5-2-6-12-20)30-24(28)17-21-13-14-22(18-24)26(21)15-7-8-16-26/h1-6,9-12,21-22,28-29H,7-8,13-18H2/q+1",OSBKISIQLGZRGE-UHFFFAOYSA-N,2.3463000000000003,408.21748344
"InChI=1S/C25H30NO5/c27-22-15-20-16-24(29,17-21(22)26(20)13-7-8-14-26)31-23(28)25(30,18-9-3-1-4-10-18)19-11-5-2-6-12-19/h1-6,9-12,20-22,27,29-30H,7-8,13-17H2/q+1",VVBYXABLJHAZIW-UHFFFAOYSA-N,C1CC[N+]2(C1)C3C(CC2CC(C3)(OC(=O)C(C4=CC=CC=C4)(C5=CC=CC=C5)O)O)O,,,[C25H30NO5]+,424.21239806,1.2555999999999996,0,1,1,BTM00065,BTM00065,Hydroxylation of heteroalicyclic secondary carbon,BTMR1071,CYP1A2,HUMAN,BTM00010,C1CC[N+]2(C1)C3CCC2CC(C3)(OC(=O)C(C4=CC=CC=C4)(C5=CC=CC=C5)O)O,"InChI=1S/C25H30NO4/c27-23(25(29,19-9-3-1-4-10-19)20-11-5-2-6-12-20)30-24(28)17-21-13-14-22(18-24)26(21)15-7-8-16-26/h1-6,9-12,21-22,28-29H,7-8,13-18H2/q+1",OSBKISIQLGZRGE-UHFFFAOYSA-N,2.3463000000000003,408.21748344
"InChI=1S/C25H30NO5/c27-22-21-14-13-20(26(21)15-7-8-16-26)17-24(22,29)31-23(28)25(30,18-9-3-1-4-10-18)19-11-5-2-6-12-19/h1-6,9-12,20-22,27,29-30H,7-8,13-17H2/q+1",XBUCINTYZQXDKB-UHFFFAOYSA-N,C1CC[N+]2(C1)C3CCC2C(C(C3)(OC(=O)C(C4=CC=CC=C4)(C5=CC=CC=C5)O)O)O,,,[C25H30NO5]+,424.21239806,1.5799999999999994,0,1,1,BTM00070,BTM00070,Hydroxylation of heteroalicyclic secondary carbon,BTMR1071,CYP1A2,HUMAN,BTM00010,C1CC[N+]2(C1)C3CCC2CC(C3)(OC(=O)C(C4=CC=CC=C4)(C5=CC=CC=C5)O)O,"InChI=1S/C25H30NO4/c27-23(25(29,19-9-3-1-4-10-19)20-11-5-2-6-12-20)30-24(28)17-21-13-14-22(18-24)26(21)15-7-8-16-26/h1-6,9-12,21-22,28-29H,7-8,13-18H2/q+1",OSBKISIQLGZRGE-UHFFFAOYSA-N,2.3463000000000003,408.21748344
"InChI=1S/C25H30NO5/c27-22(25(30,19-9-3-1-4-10-19)20-11-5-2-6-12-20)31-24(29)17-21-13-14-23(28,18-24)26(21)15-7-8-16-26/h1-6,9-12,21,28-30H,7-8,13-18H2/q+1",RRVOYAIQAMYXTD-UHFFFAOYSA-N,C1CC[N+]2(C1)C3(CCC2CC(C3)(OC(=O)C(C4=CC=CC=C4)(C5=CC=CC=C5)O)O)O,,,[C25H30NO5]+,424.21239806,1.1539999999999984,0,1,1,BTM00072,BTM00072,Hydroxylation of alicyclic secondary carbon,BTMR1069,CYP2D6,HUMAN,BTM00010,C1CC[N+]2(C1)C3CCC2CC(C3)(OC(=O)C(C4=CC=CC=C4)(C5=CC=CC=C5)O)O,"InChI=1S/C25H30NO4/c27-23(25(29,19-9-3-1-4-10-19)20-11-5-2-6-12-20)30-24(28)17-21-13-14-22(18-24)26(21)15-7-8-16-26/h1-6,9-12,21-22,28-29H,7-8,13-18H2/q+1",OSBKISIQLGZRGE-UHFFFAOYSA-N,2.3463000000000003,408.21748344
"InChI=1S/C25H30NO5/c27-22-15-20-16-24(29,17-21(22)26(20)13-7-8-14-26)31-23(28)25(30,18-9-3-1-4-10-18)19-11-5-2-6-12-19/h1-6,9-12,20-22,27,29-30H,7-8,13-17H2/q+1",VVBYXABLJHAZIW-UHFFFAOYSA-N,C1CC[N+]2(C1)C3C(CC2CC(C3)(OC(=O)C(C4=CC=CC=C4)(C5=CC=CC=C5)O)O)O,,,[C25H30NO5]+,424.21239806,1.2555999999999996,0,1,1,BTM00065,BTM00065,Hydroxylation of alicyclic secondary carbon,BTMR1069,CYP2D6,HUMAN,BTM00010,C1CC[N+]2(C1)C3CCC2CC(C3)(OC(=O)C(C4=CC=CC=C4)(C5=CC=CC=C5)O)O,"InChI=1S/C25H30NO4/c27-23(25(29,19-9-3-1-4-10-19)20-11-5-2-6-12-20)30-24(28)17-21-13-14-22(18-24)26(21)15-7-8-16-26/h1-6,9-12,21-22,28-29H,7-8,13-18H2/q+1",OSBKISIQLGZRGE-UHFFFAOYSA-N,2.3463000000000003,408.21748344
"InChI=1S/C25H30NO5/c27-22-21-14-13-20(26(21)15-7-8-16-26)17-24(22,29)31-23(28)25(30,18-9-3-1-4-10-18)19-11-5-2-6-12-19/h1-6,9-12,20-22,27,29-30H,7-8,13-17H2/q+1",XBUCINTYZQXDKB-UHFFFAOYSA-N,C1CC[N+]2(C1)C3CCC2C(C(C3)(OC(=O)C(C4=CC=CC=C4)(C5=CC=CC=C5)O)O)O,,,[C25H30NO5]+,424.21239806,1.5799999999999994,0,1,1,BTM00070,BTM00070,Hydroxylation of alicyclic secondary carbon,BTMR1069,CYP2D6,HUMAN,BTM00010,C1CC[N+]2(C1)C3CCC2CC(C3)(OC(=O)C(C4=CC=CC=C4)(C5=CC=CC=C5)O)O,"InChI=1S/C25H30NO4/c27-23(25(29,19-9-3-1-4-10-19)20-11-5-2-6-12-20)30-24(28)17-21-13-14-22(18-24)26(21)15-7-8-16-26/h1-6,9-12,21-22,28-29H,7-8,13-18H2/q+1",OSBKISIQLGZRGE-UHFFFAOYSA-N,2.3463000000000003,408.21748344
"InChI=1S/C31H37NO10/c33-24-25(34)27(28(36)37)42-29(26(24)35)41-23-11-5-4-10-22(23)31(39,18-8-2-1-3-9-18)30(38)40-21-16-19-12-13-20(17-21)32(19)14-6-7-15-32/h1-5,8-11,19-21,24-27,29,33-35,39H,6-7,12-17H2/p+1",KJPSNZXVHPAQNJ-UHFFFAOYSA-O,C1CC[N+]2(C1)C3CCC2CC(C3)OC(=O)C(C4=CC=CC=C4)(C5=C(C=CC=C5)OC6OC(C(O)=O)C(C(C6O)O)O)O,,,[C31H38NO10]+,584.2495714160001,0.38690000000000513,1,1,1,BTM00073,BTM00073,Aromatic OH-glucuronidation,BTMR0166,EC 2.4.1.17,HUMAN,BTM00003,C1CC[N+]2(C1)C3CCC2CC(C3)OC(=O)C(C4=CC=CC=C4)(C5=C(C=CC=C5)O)O,"InChI=1S/C25H29NO4/c27-23-11-5-4-10-22(23)25(29,18-8-2-1-3-9-18)24(28)30-21-16-19-12-13-20(17-21)26(19)14-6-7-15-26/h1-5,8-11,19-21,29H,6-7,12-17H2/p+1",AXMWQFTVKCFUAW-UHFFFAOYSA-O,2.082399999999998,408.21748344
"InChI=1S/C25H29NO7S/c27-24(32-21-16-19-12-13-20(17-21)26(19)14-6-7-15-26)25(28,18-8-2-1-3-9-18)22-10-4-5-11-23(22)33-34(29,30)31/h1-5,8-11,19-21,28H,6-7,12-17H2/p+1",QLRDCSCBLKKSCK-UHFFFAOYSA-O,C1CC[N+]2(C1)C3CCC2CC(C3)OC(=O)C(C4=CC=CC=C4)(C5=C(C=CC=C5)OS(O)(=O)=O)O,,,[C25H30NO7S]+,488.17429830000003,1.3455999999999977,0,0,0,BTM00074,BTM00074,Sulfonation of phenolic compound,BTMR1376,EC 2.8.2.1,HUMAN,BTM00003,C1CC[N+]2(C1)C3CCC2CC(C3)OC(=O)C(C4=CC=CC=C4)(C5=C(C=CC=C5)O)O,"InChI=1S/C25H29NO4/c27-23-11-5-4-10-22(23)25(29,18-8-2-1-3-9-18)24(28)30-21-16-19-12-13-20(17-21)26(19)14-6-7-15-26/h1-5,8-11,19-21,29H,6-7,12-17H2/p+1",AXMWQFTVKCFUAW-UHFFFAOYSA-O,2.082399999999998,408.21748344
"InChI=1S/C31H37NO10/c33-24-25(34)27(28(36)37)42-29(26(24)35)40-22-12-8-19(9-13-22)31(39,18-6-2-1-3-7-18)30(38)41-23-16-20-10-11-21(17-23)32(20)14-4-5-15-32/h1-3,6-9,12-13,20-21,23-27,29,33-35,39H,4-5,10-11,14-17H2/p+1",ZVWQWCWYKCKQFD-UHFFFAOYSA-O,C1CC[N+]2(C1)C3CCC2CC(C3)OC(=O)C(C4=CC=CC=C4)(C5=CC=C(C=C5)OC6OC(C(O)=O)C(C(C6O)O)O)O,,,[C31H38NO10]+,584.249571416,0.38690000000000513,1,1,1,BTM00075,BTM00075,Aromatic OH-glucuronidation,BTMR0166,EC 2.4.1.17,HUMAN,BTM00004,C1CC[N+]2(C1)C3CCC2CC(C3)OC(=O)C(C4=CC=CC=C4)(C5=CC=C(C=C5)O)O,"InChI=1S/C25H29NO4/c27-22-12-8-19(9-13-22)25(29,18-6-2-1-3-7-18)24(28)30-23-16-20-10-11-21(17-23)26(20)14-4-5-15-26/h1-3,6-9,12-13,20-21,23,29H,4-5,10-11,14-17H2/p+1",MPAPHUJYJNWFQI-UHFFFAOYSA-O,2.082399999999998,408.21748344
"InChI=1S/C25H29NO7S/c27-24(32-23-16-20-10-11-21(17-23)26(20)14-4-5-15-26)25(28,18-6-2-1-3-7-18)19-8-12-22(13-9-19)33-34(29,30)31/h1-3,6-9,12-13,20-21,23,28H,4-5,10-11,14-17H2/p+1",ACTOGEIAZGCWQS-UHFFFAOYSA-O,C1CC[N+]2(C1)C3CCC2CC(C3)OC(=O)C(C4=CC=CC=C4)(C5=CC=C(C=C5)OS(O)(=O)=O)O,,,[C25H30NO7S]+,488.1742983,1.3455999999999977,0,0,0,BTM00076,BTM00076,Sulfonation of phenolic compound,BTMR1376,EC 2.8.2.1,HUMAN,BTM00004,C1CC[N+]2(C1)C3CCC2CC(C3)OC(=O)C(C4=CC=CC=C4)(C5=CC=C(C=C5)O)O,"InChI=1S/C25H29NO4/c27-22-12-8-19(9-13-22)25(29,18-6-2-1-3-7-18)24(28)30-23-16-20-10-11-21(17-23)26(20)14-4-5-15-26/h1-3,6-9,12-13,20-21,23,29H,4-5,10-11,14-17H2/p+1",MPAPHUJYJNWFQI-UHFFFAOYSA-O,2.082399999999998,408.21748344
"InChI=1S/C31H37NO10/c33-23-12-7-15-32(23)20-13-14-21(32)17-22(16-20)40-30(39)31(18-8-3-1-4-9-18,19-10-5-2-6-11-19)42-29-26(36)24(34)25(35)27(41-29)28(37)38/h1-6,8-11,20-27,29,33-36H,7,12-17H2/p+1",GXJHYOXRMKGMBC-UHFFFAOYSA-O,C1CC([N+]2(C1)C3CCC2CC(C3)OC(=O)C(C4=CC=CC=C4)(C5=CC=CC=C5)OC6OC(C(O)=O)C(C(C6O)O)O)O,,,[C31H38NO10]+,584.249571416,0.21330000000000204,1,1,1,BTM00077,BTM00077,Alkyl-OH-glucuronidation,BTMR0165,EC 2.4.1.17,HUMAN,BTM00005,C1CC([N+]2(C1)C3CCC2CC(C3)OC(=O)C(C4=CC=CC=C4)(C5=CC=CC=C5)O)O,"InChI=1S/C25H30NO4/c27-23-12-7-15-26(23)20-13-14-21(26)17-22(16-20)30-24(28)25(29,18-8-3-1-4-9-18)19-10-5-2-6-11-19/h1-6,8-11,20-23,27,29H,7,12-17H2/q+1",ZNADBKGGPJUWIT-UHFFFAOYSA-N,1.751300000000002,408.21748344
"InChI=1S/C31H37NO10/c33-24-25(34)27(28(36)37)42-29(26(24)35)40-22-13-14-32(17-22)20-11-12-21(32)16-23(15-20)41-30(38)31(39,18-7-3-1-4-8-18)19-9-5-2-6-10-19/h1-10,20-27,29,33-35,39H,11-17H2/p+1",IFAHXXCAGMCZSQ-UHFFFAOYSA-O,C1(CC[N+]2(C1)C3CCC2CC(C3)OC(=O)C(C4=CC=CC=C4)(C5=CC=CC=C5)O)OC6OC(C(O)=O)C(C(C6O)O)O,,,[C31H38NO10]+,584.249571416,-0.2788999999999997,1,1,1,BTM00078,BTM00078,Alkyl-OH-glucuronidation,BTMR0165,EC 2.4.1.17,HUMAN,BTM00006,C1(CC[N+]2(C1)C3CCC2CC(C3)OC(=O)C(C4=CC=CC=C4)(C5=CC=CC=C5)O)O,"InChI=1S/C25H30NO4/c27-22-13-14-26(17-22)20-11-12-21(26)16-23(15-20)30-24(28)25(29,18-7-3-1-4-8-18)19-9-5-2-6-10-19/h1-10,20-23,27,29H,11-17H2/q+1",PQNJHQAPIBCVLN-UHFFFAOYSA-N,1.2591000000000003,408.21748344
"InChI=1S/C31H37NO10/c33-22-13-14-32(17-22)20-11-12-21(32)16-23(15-20)40-30(39)31(18-7-3-1-4-8-18,19-9-5-2-6-10-19)42-29-26(36)24(34)25(35)27(41-29)28(37)38/h1-10,20-27,29,33-36H,11-17H2/p+1",UGABTAJDLWCRPZ-UHFFFAOYSA-O,C1(CC[N+]2(C1)C3CCC2CC(C3)OC(=O)C(C4=CC=CC=C4)(C5=CC=CC=C5)OC6OC(C(O)=O)C(C(C6O)O)O)O,,,[C31H38NO10]+,584.249571416,-0.2788999999999997,1,1,1,BTM00079,BTM00079,Alkyl-OH-glucuronidation,BTMR0165,EC 2.4.1.17,HUMAN,BTM00006,C1(CC[N+]2(C1)C3CCC2CC(C3)OC(=O)C(C4=CC=CC=C4)(C5=CC=CC=C5)O)O,"InChI=1S/C25H30NO4/c27-22-13-14-26(17-22)20-11-12-21(26)16-23(15-20)30-24(28)25(29,18-7-3-1-4-8-18)19-9-5-2-6-10-19/h1-10,20-23,27,29H,11-17H2/q+1",PQNJHQAPIBCVLN-UHFFFAOYSA-N,1.2591000000000003,408.21748344
"InChI=1S/C25H29NO7S/c27-24(25(28,18-7-3-1-4-8-18)19-9-5-2-6-10-19)32-23-15-20-11-12-21(16-23)26(20)14-13-22(17-26)33-34(29,30)31/h1-10,20-23,28H,11-17H2/p+1",WSKAHPJUEOSRGD-UHFFFAOYSA-O,C1(CC[N+]2(C1)C3CCC2CC(C3)OC(=O)C(C4=CC=CC=C4)(C5=CC=CC=C5)O)OS(O)(=O)=O,,,[C25H30NO7S]+,488.17429830000003,0.6798,0,0,0,BTM00080,BTM00080,Sulfation of secondary alcohol,BTMR0502,EC 2.8.2.2,HUMAN,BTM00006,C1(CC[N+]2(C1)C3CCC2CC(C3)OC(=O)C(C4=CC=CC=C4)(C5=CC=CC=C5)O)O,"InChI=1S/C25H30NO4/c27-22-13-14-26(17-22)20-11-12-21(26)16-23(15-20)30-24(28)25(29,18-7-3-1-4-8-18)19-9-5-2-6-10-19/h1-10,20-23,27,29H,11-17H2/q+1",PQNJHQAPIBCVLN-UHFFFAOYSA-N,1.2591000000000003,408.21748344
"InChI=1S/C31H37NO10/c33-24-25(34)27(28(36)37)42-29(26(24)35)41-23-16-20-15-21(17-22(23)32(20)13-7-8-14-32)40-30(38)31(39,18-9-3-1-4-10-18)19-11-5-2-6-12-19/h1-6,9-12,20-27,29,33-35,39H,7-8,13-17H2/p+1",OFOKPZKKVYOKMK-UHFFFAOYSA-O,C1CC[N+]2(C1)C3C(CC2CC(C3)OC(=O)C(C4=CC=CC=C4)(C5=CC=CC=C5)O)OC6OC(C(O)=O)C(C(C6O)O)O,,,[C31H38NO10]+,584.249571416,-0.2788999999999997,1,1,1,BTM00081,BTM00081,Alkyl-OH-glucuronidation,BTMR0165,EC 2.4.1.17,HUMAN,BTM00007,C1CC[N+]2(C1)C3C(CC2CC(C3)OC(=O)C(C4=CC=CC=C4)(C5=CC=CC=C5)O)O,"InChI=1S/C25H30NO4/c27-23-16-20-15-21(17-22(23)26(20)13-7-8-14-26)30-24(28)25(29,18-9-3-1-4-10-18)19-11-5-2-6-12-19/h1-6,9-12,20-23,27,29H,7-8,13-17H2/q+1",RFOAIPVBYHTLRH-UHFFFAOYSA-N,1.2591000000000003,408.21748344
"InChI=1S/C31H37NO10/c33-23-16-20-15-21(17-22(23)32(20)13-7-8-14-32)40-30(39)31(18-9-3-1-4-10-18,19-11-5-2-6-12-19)42-29-26(36)24(34)25(35)27(41-29)28(37)38/h1-6,9-12,20-27,29,33-36H,7-8,13-17H2/p+1",KIRAYPHDIRNEDY-UHFFFAOYSA-O,C1CC[N+]2(C1)C3C(CC2CC(C3)OC(=O)C(C4=CC=CC=C4)(C5=CC=CC=C5)OC6OC(C(O)=O)C(C(C6O)O)O)O,,,[C31H38NO10]+,584.249571416,-0.2788999999999997,1,1,1,BTM00082,BTM00082,Alkyl-OH-glucuronidation,BTMR0165,EC 2.4.1.17,HUMAN,BTM00007,C1CC[N+]2(C1)C3C(CC2CC(C3)OC(=O)C(C4=CC=CC=C4)(C5=CC=CC=C5)O)O,"InChI=1S/C25H30NO4/c27-23-16-20-15-21(17-22(23)26(20)13-7-8-14-26)30-24(28)25(29,18-9-3-1-4-10-18)19-11-5-2-6-12-19/h1-6,9-12,20-23,27,29H,7-8,13-17H2/q+1",RFOAIPVBYHTLRH-UHFFFAOYSA-N,1.2591000000000003,408.21748344
"InChI=1S/C25H29NO7S/c27-24(25(28,18-9-3-1-4-10-18)19-11-5-2-6-12-19)32-21-15-20-16-23(33-34(29,30)31)22(17-21)26(20)13-7-8-14-26/h1-6,9-12,20-23,28H,7-8,13-17H2/p+1",HMVVBHYWLBFRAV-UHFFFAOYSA-O,C1CC[N+]2(C1)C3C(CC2CC(C3)OC(=O)C(C4=CC=CC=C4)(C5=CC=CC=C5)O)OS(O)(=O)=O,,,[C25H30NO7S]+,488.17429830000003,0.6798,0,0,0,BTM00083,BTM00083,Sulfation of secondary alcohol,BTMR0502,EC 2.8.2.2,HUMAN,BTM00007,C1CC[N+]2(C1)C3C(CC2CC(C3)OC(=O)C(C4=CC=CC=C4)(C5=CC=CC=C5)O)O,"InChI=1S/C25H30NO4/c27-23-16-20-15-21(17-22(23)26(20)13-7-8-14-26)30-24(28)25(29,18-9-3-1-4-10-18)19-11-5-2-6-12-19/h1-6,9-12,20-23,27,29H,7-8,13-17H2/q+1",RFOAIPVBYHTLRH-UHFFFAOYSA-N,1.2591000000000003,408.21748344
"InChI=1S/C31H37NO10/c33-23-24(34)27(28(36)37)42-29(25(23)35)41-26-21-14-13-20(32(21)15-7-8-16-32)17-22(26)40-30(38)31(39,18-9-3-1-4-10-18)19-11-5-2-6-12-19/h1-6,9-12,20-27,29,33-35,39H,7-8,13-17H2/p+1",HZZNOWMYGCNHHL-UHFFFAOYSA-O,C1CC[N+]2(C1)C3CCC2C(C(C3)OC(=O)C(C4=CC=CC=C4)(C5=CC=CC=C5)O)OC6OC(C(O)=O)C(C(C6O)O)O,,,[C31H38NO10]+,584.249571416,0.23869999999999947,1,1,1,BTM00084,BTM00084,Alkyl-OH-glucuronidation,BTMR0165,EC 2.4.1.17,HUMAN,BTM00008,C1CC[N+]2(C1)C3CCC2C(C(C3)OC(=O)C(C4=CC=CC=C4)(C5=CC=CC=C5)O)O,"InChI=1S/C25H30NO4/c27-23-21-14-13-20(26(21)15-7-8-16-26)17-22(23)30-24(28)25(29,18-9-3-1-4-10-18)19-11-5-2-6-12-19/h1-6,9-12,20-23,27,29H,7-8,13-17H2/q+1",FBAZGDAYKDJMNW-UHFFFAOYSA-N,1.7767000000000002,408.21748344
"InChI=1S/C31H37NO10/c33-23-21-14-13-20(32(21)15-7-8-16-32)17-22(23)40-30(39)31(18-9-3-1-4-10-18,19-11-5-2-6-12-19)42-29-26(36)24(34)25(35)27(41-29)28(37)38/h1-6,9-12,20-27,29,33-36H,7-8,13-17H2/p+1",BLDOTRCRGCOUQU-UHFFFAOYSA-O,C1CC[N+]2(C1)C3CCC2C(C(C3)OC(=O)C(C4=CC=CC=C4)(C5=CC=CC=C5)OC6OC(C(O)=O)C(C(C6O)O)O)O,,,[C31H38NO10]+,584.2495714160001,0.23869999999999947,1,1,1,BTM00085,BTM00085,Alkyl-OH-glucuronidation,BTMR0165,EC 2.4.1.17,HUMAN,BTM00008,C1CC[N+]2(C1)C3CCC2C(C(C3)OC(=O)C(C4=CC=CC=C4)(C5=CC=CC=C5)O)O,"InChI=1S/C25H30NO4/c27-23-21-14-13-20(26(21)15-7-8-16-26)17-22(23)30-24(28)25(29,18-9-3-1-4-10-18)19-11-5-2-6-12-19/h1-6,9-12,20-23,27,29H,7-8,13-17H2/q+1",FBAZGDAYKDJMNW-UHFFFAOYSA-N,1.7767000000000002,408.21748344
"InChI=1S/C25H29NO7S/c27-24(25(28,18-9-3-1-4-10-18)19-11-5-2-6-12-19)32-22-17-20-13-14-21(23(22)33-34(29,30)31)26(20)15-7-8-16-26/h1-6,9-12,20-23,28H,7-8,13-17H2/p+1",HTZXMAADAMDKLP-UHFFFAOYSA-O,C1CC[N+]2(C1)C3CCC2C(C(C3)OC(=O)C(C4=CC=CC=C4)(C5=CC=CC=C5)O)OS(O)(=O)=O,,,[C25H30NO7S]+,488.1742983,1.1973999999999998,0,0,0,BTM00086,BTM00086,Sulfation of secondary alcohol,BTMR0502,EC 2.8.2.2,HUMAN,BTM00008,C1CC[N+]2(C1)C3CCC2C(C(C3)OC(=O)C(C4=CC=CC=C4)(C5=CC=CC=C5)O)O,"InChI=1S/C25H30NO4/c27-23-21-14-13-20(26(21)15-7-8-16-26)17-22(23)30-24(28)25(29,18-9-3-1-4-10-18)19-11-5-2-6-12-19/h1-6,9-12,20-23,27,29H,7-8,13-17H2/q+1",FBAZGDAYKDJMNW-UHFFFAOYSA-N,1.7767000000000002,408.21748344
"InChI=1S/C31H37NO10/c33-23-24(34)26(27(36)37)41-28(25(23)35)42-31(19-9-3-1-4-10-19,20-11-5-2-6-12-20)29(38)40-22-17-21-13-14-30(39,18-22)32(21)15-7-8-16-32/h1-6,9-12,21-26,28,33-35,39H,7-8,13-18H2/p+1",BWSURXMZPMQZHD-UHFFFAOYSA-O,C1CC[N+]2(C1)C3(CCC2CC(C3)OC(=O)C(C4=CC=CC=C4)(C5=CC=CC=C5)OC6OC(C(O)=O)C(C(C6O)O)O)O,,,[C31H38NO10]+,584.2495714160001,0.3563000000000005,1,1,1,BTM00087,BTM00087,Alkyl-OH-glucuronidation,BTMR0165,EC 2.4.1.17,HUMAN,BTM00009,C1CC[N+]2(C1)C3(CCC2CC(C3)OC(=O)C(C4=CC=CC=C4)(C5=CC=CC=C5)O)O,"InChI=1S/C25H30NO4/c27-23(25(29,19-9-3-1-4-10-19)20-11-5-2-6-12-20)30-22-17-21-13-14-24(28,18-22)26(21)15-7-8-16-26/h1-6,9-12,21-22,28-29H,7-8,13-18H2/q+1",OYMKAXRLQDHTQP-UHFFFAOYSA-N,1.8943000000000005,408.21748344
"InChI=1S/C31H37NO10/c33-23-24(34)26(27(36)37)40-28(25(23)35)41-31(19-9-3-1-4-10-19,20-11-5-2-6-12-20)29(38)42-30(39)17-21-13-14-22(18-30)32(21)15-7-8-16-32/h1-6,9-12,21-26,28,33-35,39H,7-8,13-18H2/p+1",MYUNRZRFVIFRTO-UHFFFAOYSA-O,C1CC[N+]2(C1)C3CCC2CC(C3)(OC(=O)C(C4=CC=CC=C4)(C5=CC=CC=C5)OC6OC(C(O)=O)C(C(C6O)O)O)O,,,[C31H38NO10]+,584.249571416,0.8083000000000007,1,1,1,BTM00088,BTM00088,Alkyl-OH-glucuronidation,BTMR0165,EC 2.4.1.17,HUMAN,BTM00010,C1CC[N+]2(C1)C3CCC2CC(C3)(OC(=O)C(C4=CC=CC=C4)(C5=CC=CC=C5)O)O,"InChI=1S/C25H30NO4/c27-23(25(29,19-9-3-1-4-10-19)20-11-5-2-6-12-20)30-24(28)17-21-13-14-22(18-24)26(21)15-7-8-16-26/h1-6,9-12,21-22,28-29H,7-8,13-18H2/q+1",OSBKISIQLGZRGE-UHFFFAOYSA-N,2.3463000000000003,408.21748344
