InChI,InChIKey,SMILES,Synonyms,PUBCHEM_CID,Molecular formula,Major Isotope Mass,ALogP,Lipinski_Violations,Insecticide_Likeness_Violations,Post_Em_Herbicide_Likeness_Violations,Metabolite ID,cdk:Title,Reaction,Reaction ID,Enzyme(s),Biosystem,Precursor ID,Precursor SMILES,Precursor InChI,Precursor InChIKey,Precursor ALogP,Precursor Major Isotope Mass
"InChI=1S/C27H37N3O7/c1-16(2)30(17(3)4)15-13-27(18-10-6-5-7-11-18,19-12-8-9-14-28-19)26(36)29-24-22(33)20(31)21(32)23(37-24)25(34)35/h5-12,14,16-17,20-24,31-33H,13,15H2,1-4H3,(H,29,36)(H,34,35)",MXJDUAPMALIBBJ-UHFFFAOYSA-N,CC(C)N(CCC(C1=CC=CC=C1)(C2=CC=CC=N2)C(=O)NC3C(C(O)C(C(O3)C(O)=O)O)O)C(C)C,,,C27H37N3O7,515.263150524,1.6771000000000025,1,1,1,BTM00001,BTM00001,N-Glucuronidation of amide,BTMR0172,EC 2.4.1.17,HUMAN,,CC(C)N(CCC(C1=CC=CC=C1)(C2=CC=CC=N2)C(=O)N)C(C)C,"InChI=1S/C21H29N3O/c1-16(2)24(17(3)4)15-13-21(20(22)25,18-10-6-5-7-11-18)19-12-8-9-14-23-19/h5-12,14,16-17H,13,15H2,1-4H3,(H2,22,25)",UVTNFZQICZKOEM-UHFFFAOYSA-N,,339.2310
"InChI=1S/C27H37N3O7/c1-16(2)30(17(3)4,24-22(33)20(31)21(32)23(37-24)25(34)35)15-13-27(26(28)36,18-10-6-5-7-11-18)19-12-8-9-14-29-19/h5-12,14,16-17,20-24,31-33H,13,15H2,1-4H3,(H2-,28,34,35,36)/p+1",PHCVZSTWWBPJFL-UHFFFAOYSA-O,CC(C)[N+](CCC(C1=CC=CC=C1)(C2=CC=CC=N2)C(=O)N)(C(C)C)C3OC(C(O)=O)C(C(C3O)O)O,,,[C27H38N3O7]+,516.270975556,0.1164000000000025,1,1,1,BTM00002,BTM00002,N-Glucuronidation of tertiary aliphatic amine,BTMR0244,EC 2.4.1.17,HUMAN,,CC(C)N(CCC(C1=CC=CC=C1)(C2=CC=CC=N2)C(=O)N)C(C)C,"InChI=1S/C21H29N3O/c1-16(2)24(17(3)4)15-13-21(20(22)25,18-10-6-5-7-11-18)19-12-8-9-14-23-19/h5-12,14,16-17H,13,15H2,1-4H3,(H2,22,25)",UVTNFZQICZKOEM-UHFFFAOYSA-N,,339.2310
"InChI=1S/C21H29N3O2/c1-16(2)23(17(3)4)15-13-21(20(22)25,18-10-6-5-7-11-18)19-12-8-9-14-24(19)26/h5-12,14,16-17H,13,15H2,1-4H3,(H2,22,25)",RUFGWFOFQBSWGW-UHFFFAOYSA-N,CC(C)N(CCC(C1=CC=CC=C1)(C2=CC=CC=[N+]2[O-])C(=O)N)C(C)C,,,C21H29N3O2,355.22597716800004,3.188200000000002,0,0,0,BTM00003,BTM00003,Pyridine N-oxidation,BTMR0096,"CYP1A2
CYP2C9
CYP2D6
CYP3A4",HUMAN,,CC(C)N(CCC(C1=CC=CC=C1)(C2=CC=CC=N2)C(=O)N)C(C)C,"InChI=1S/C21H29N3O/c1-16(2)24(17(3)4)15-13-21(20(22)25,18-10-6-5-7-11-18)19-12-8-9-14-23-19/h5-12,14,16-17H,13,15H2,1-4H3,(H2,22,25)",UVTNFZQICZKOEM-UHFFFAOYSA-N,,339.2310
"InChI=1S/C21H29N3O2/c1-15(2)24(16(3)4)14-12-21(20(22)26,19-11-7-8-13-23-19)17-9-5-6-10-18(17)25/h5-11,13,15-16,25H,12,14H2,1-4H3,(H2,22,26)",PKBSYTBFOSLEPK-UHFFFAOYSA-N,CC(C)N(CCC(C1=C(C=CC=C1)O)(C2=CC=CC=N2)C(=O)N)C(C)C,,,C21H29N3O2,355.22597716800004,3.150300000000002,0,0,0,BTM00004,BTM00004,O-Hydroxylation of monosubstituted benzene,BTMR1034,"CYP1A2
CYP2C8
CYP2C9
CYP2C19
CYP3A4",HUMAN,,CC(C)N(CCC(C1=CC=CC=C1)(C2=CC=CC=N2)C(=O)N)C(C)C,"InChI=1S/C21H29N3O/c1-16(2)24(17(3)4)15-13-21(20(22)25,18-10-6-5-7-11-18)19-12-8-9-14-23-19/h5-12,14,16-17H,13,15H2,1-4H3,(H2,22,25)",UVTNFZQICZKOEM-UHFFFAOYSA-N,,339.2310
"InChI=1S/C21H29N3O2/c1-16(2)24(26,17(3)4)15-13-21(20(22)25,18-10-6-5-7-11-18)19-12-8-9-14-23-19/h5-12,14,16-17H,13,15H2,1-4H3,(H2,22,25)",RDKXFAYXBDWJTP-UHFFFAOYSA-N,CC(C)[N+](CCC(C1=CC=CC=C1)(C2=CC=CC=N2)C(=O)N)(C(C)C)[O-],,,C21H29N3O2,355.225977168,3.0126000000000017,0,0,0,BTM00005,BTM00005,N-Oxidation of aliphatic tertiary amine,BTMR1100,"CYP1A2
CYP2D6
CYP3A4",HUMAN,,CC(C)N(CCC(C1=CC=CC=C1)(C2=CC=CC=N2)C(=O)N)C(C)C,"InChI=1S/C21H29N3O/c1-16(2)24(17(3)4)15-13-21(20(22)25,18-10-6-5-7-11-18)19-12-8-9-14-23-19/h5-12,14,16-17H,13,15H2,1-4H3,(H2,22,25)",UVTNFZQICZKOEM-UHFFFAOYSA-N,,339.2310
"InChI=1S/C21H29N3O2/c1-15(2)24(16(3)4)14-12-21(20(22)26,19-7-5-6-13-23-19)17-8-10-18(25)11-9-17/h5-11,13,15-16,25H,12,14H2,1-4H3,(H2,22,26)",IGDCCAGTPIOGTJ-UHFFFAOYSA-N,CC(C)N(CCC(C1=CC=C(C=C1)O)(C2=CC=CC=N2)C(=O)N)C(C)C,,,C21H29N3O2,355.22597716800004,3.150300000000002,0,0,0,BTM00006,BTM00006,Hydroxylation of benzene on carbon para to electron donating group,BTMR1047,"CYP1A2
CYP2C8
CYP2C9
CYP2D6
CYP3A4",HUMAN,,CC(C)N(CCC(C1=CC=CC=C1)(C2=CC=CC=N2)C(=O)N)C(C)C,"InChI=1S/C21H29N3O/c1-16(2)24(17(3)4)15-13-21(20(22)25,18-10-6-5-7-11-18)19-12-8-9-14-23-19/h5-12,14,16-17H,13,15H2,1-4H3,(H2,22,25)",UVTNFZQICZKOEM-UHFFFAOYSA-N,,339.2310
InChI=1S/C3H6O/c1-3(2)4/h1-2H3,CSCPPACGZOOCGX-UHFFFAOYSA-N,CC(C)=O,,,C3H6O,58.041864812,-0.24400000000000033,0,0,0,BTM00007,BTM00007,N-Deisopropylation,BTMR0051,"CYP1A2
CYP2B6
CYP2C8
CYP2C9
CYP2C19
CYP2E1
CYP3A4",HUMAN,,CC(C)N(CCC(C1=CC=CC=C1)(C2=CC=CC=N2)C(=O)N)C(C)C,"InChI=1S/C21H29N3O/c1-16(2)24(17(3)4)15-13-21(20(22)25,18-10-6-5-7-11-18)19-12-8-9-14-23-19/h5-12,14,16-17H,13,15H2,1-4H3,(H2,22,25)",UVTNFZQICZKOEM-UHFFFAOYSA-N,,339.2310
"InChI=1S/C18H23N3O/c1-14(2)20-13-11-18(17(19)22,15-8-4-3-5-9-15)16-10-6-7-12-21-16/h3-10,12,14,20H,11,13H2,1-2H3,(H2,19,22)",UWNSWIXIVDMCHZ-UHFFFAOYSA-N,N(CCC(C1=CC=CC=C1)(C2=CC=CC=N2)C(=O)N)C(C)C,,,C18H23N3O,297.18411235599996,2.1555000000000026,0,0,0,BTM00008,BTM00008,N-Deisopropylation,BTMR0051,"CYP1A2
CYP2B6
CYP2C8
CYP2C9
CYP2C19
CYP2E1
CYP3A4",HUMAN,,CC(C)N(CCC(C1=CC=CC=C1)(C2=CC=CC=N2)C(=O)N)C(C)C,"InChI=1S/C21H29N3O/c1-16(2)24(17(3)4)15-13-21(20(22)25,18-10-6-5-7-11-18)19-12-8-9-14-23-19/h5-12,14,16-17H,13,15H2,1-4H3,(H2,22,25)",UVTNFZQICZKOEM-UHFFFAOYSA-N,,339.2310
"InChI=1S/C21H29N3O2/c1-16(2)24(17(3)15-25)14-12-21(20(22)26,18-9-5-4-6-10-18)19-11-7-8-13-23-19/h4-11,13,16-17,25H,12,14-15H2,1-3H3,(H2,22,26)",UYJGCSCUSFDCSO-UHFFFAOYSA-N,C(C(C)N(CCC(C1=CC=CC=C1)(C2=CC=CC=N2)C(=O)N)C(C)C)O,,,C21H29N3O2,355.22597716800004,2.529500000000003,0,0,0,BTM00009,BTM00009,Hydroxylation of terminal methyl,BTMR1061,"CYP1A2
CYP2A6
CYP2B6
CYP2C8
CYP2C9
CYP2C19
CYP2D6
CYP2E1
CYP3A4",HUMAN,,CC(C)N(CCC(C1=CC=CC=C1)(C2=CC=CC=N2)C(=O)N)C(C)C,"InChI=1S/C21H29N3O/c1-16(2)24(17(3)4)15-13-21(20(22)25,18-10-6-5-7-11-18)19-12-8-9-14-23-19/h5-12,14,16-17H,13,15H2,1-4H3,(H2,22,25)",UVTNFZQICZKOEM-UHFFFAOYSA-N,,339.2310
"InChI=1S/C21H27N3O/c1-16(2)24(17(3)4)15-13-21(20(22)25,18-10-6-5-7-11-18)19-12-8-9-14-23-19/h5-12,14,17H,1,13,15H2,2-4H3,(H2,22,25)",VLZKFFIMQBFOSX-UHFFFAOYSA-N,C=C(C)N(CCC(C1=CC=CC=C1)(C2=CC=CC=N2)C(=O)N)C(C)C,,,C21H27N3O,337.215412484,3.2893000000000034,0,0,0,BTM00010,BTM00010,Terminal desaturation,BTMR1190,"CYP1A2
CYP2A6
CYP2C9
CYP2D6
CYP3A4",HUMAN,,CC(C)N(CCC(C1=CC=CC=C1)(C2=CC=CC=N2)C(=O)N)C(C)C,"InChI=1S/C21H29N3O/c1-16(2)24(17(3)4)15-13-21(20(22)25,18-10-6-5-7-11-18)19-12-8-9-14-23-19/h5-12,14,16-17H,13,15H2,1-4H3,(H2,22,25)",UVTNFZQICZKOEM-UHFFFAOYSA-N,,339.2310
InChI=1S/C3H6O/c1-3(2)4/h1-2H3,CSCPPACGZOOCGX-UHFFFAOYSA-N,CC(C)=O,,,C3H6O,58.041864812,-0.24400000000000033,0,0,0,BTM00007,BTM00007,N-Dealkylation of acyclic tertiary amine,BTMR1142,"CYP1A2
CYP2A6
CYP2B6
CYP2C8
CYP2C9
CYP2C19
CYP2D6
CYP2E1
CYP3A4",HUMAN,,CC(C)N(CCC(C1=CC=CC=C1)(C2=CC=CC=N2)C(=O)N)C(C)C,"InChI=1S/C21H29N3O/c1-16(2)24(17(3)4)15-13-21(20(22)25,18-10-6-5-7-11-18)19-12-8-9-14-23-19/h5-12,14,16-17H,13,15H2,1-4H3,(H2,22,25)",UVTNFZQICZKOEM-UHFFFAOYSA-N,,339.2310
"InChI=1S/C18H23N3O/c1-14(2)20-13-11-18(17(19)22,15-8-4-3-5-9-15)16-10-6-7-12-21-16/h3-10,12,14,20H,11,13H2,1-2H3,(H2,19,22)",UWNSWIXIVDMCHZ-UHFFFAOYSA-N,N(CCC(C1=CC=CC=C1)(C2=CC=CC=N2)C(=O)N)C(C)C,,,C18H23N3O,297.18411235599996,2.1555000000000026,0,0,0,BTM00008,BTM00008,N-Dealkylation of acyclic tertiary amine,BTMR1142,"CYP1A2
CYP2A6
CYP2B6
CYP2C8
CYP2C9
CYP2C19
CYP2D6
CYP2E1
CYP3A4",HUMAN,,CC(C)N(CCC(C1=CC=CC=C1)(C2=CC=CC=N2)C(=O)N)C(C)C,"InChI=1S/C21H29N3O/c1-16(2)24(17(3)4)15-13-21(20(22)25,18-10-6-5-7-11-18)19-12-8-9-14-23-19/h5-12,14,16-17H,13,15H2,1-4H3,(H2,22,25)",UVTNFZQICZKOEM-UHFFFAOYSA-N,,339.2310
"InChI=1S/C6H15N/c1-5(2)7-6(3)4/h5-7H,1-4H3",UAOMVDZJSHZZME-UHFFFAOYSA-N,CC(C)NC(C)C,,,C6H15N,101.12044947999999,1.2368000000000003,0,0,0,BTM00011,BTM00011,N-Dealkylation of acyclic tertiary amine,BTMR1142,"CYP1A2
CYP2A6
CYP2B6
CYP2C8
CYP2C9
CYP2C19
CYP2D6
CYP2E1
CYP3A4",HUMAN,,CC(C)N(CCC(C1=CC=CC=C1)(C2=CC=CC=N2)C(=O)N)C(C)C,"InChI=1S/C21H29N3O/c1-16(2)24(17(3)4)15-13-21(20(22)25,18-10-6-5-7-11-18)19-12-8-9-14-23-19/h5-12,14,16-17H,13,15H2,1-4H3,(H2,22,25)",UVTNFZQICZKOEM-UHFFFAOYSA-N,,339.2310
"InChI=1S/C15H14N2O2/c16-14(19)15(9-11-18,12-6-2-1-3-7-12)13-8-4-5-10-17-13/h1-8,10-11H,9H2,(H2,16,19)",NBULESZNHAYVOC-UHFFFAOYSA-N,C(CC(C1=CC=CC=C1)(C2=CC=CC=N2)C(=O)N)=O,,,C15H14N2O2,254.105527688,1.2569,0,0,0,BTM00012,BTM00012,N-Dealkylation of acyclic tertiary amine,BTMR1142,"CYP1A2
CYP2A6
CYP2B6
CYP2C8
CYP2C9
CYP2C19
CYP2D6
CYP2E1
CYP3A4",HUMAN,,CC(C)N(CCC(C1=CC=CC=C1)(C2=CC=CC=N2)C(=O)N)C(C)C,"InChI=1S/C21H29N3O/c1-16(2)24(17(3)4)15-13-21(20(22)25,18-10-6-5-7-11-18)19-12-8-9-14-23-19/h5-12,14,16-17H,13,15H2,1-4H3,(H2,22,25)",UVTNFZQICZKOEM-UHFFFAOYSA-N,,339.2310
"InChI=1S/C21H29N3O2/c1-16(2)24(20(3,4)26)15-13-21(19(22)25,17-10-6-5-7-11-17)18-12-8-9-14-23-18/h5-12,14,16,26H,13,15H2,1-4H3,(H2,22,25)",XHLBUGNJOOFWJL-UHFFFAOYSA-N,CC(C)(N(CCC(C1=CC=CC=C1)(C2=CC=CC=N2)C(=O)N)C(C)C)O,,,C21H29N3O2,355.22597716800004,2.251400000000003,0,0,0,BTM00013,BTM00013,Aliphatic hydroxylation of carbon alpha to secondary or tertiary alkyl-N,BTMR1081,"CYP2B6
CYP2C19
CYP2D6",HUMAN,,CC(C)N(CCC(C1=CC=CC=C1)(C2=CC=CC=N2)C(=O)N)C(C)C,"InChI=1S/C21H29N3O/c1-16(2)24(17(3)4)15-13-21(20(22)25,18-10-6-5-7-11-18)19-12-8-9-14-23-19/h5-12,14,16-17H,13,15H2,1-4H3,(H2,22,25)",UVTNFZQICZKOEM-UHFFFAOYSA-N,,339.2310
"InChI=1S/C21H29N3O2/c1-15(2)24(16(3)4)19(25)14-21(20(22)26,17-10-6-5-7-11-17)18-12-8-9-13-23-18/h5-13,15-16,19,25H,14H2,1-4H3,(H2,22,26)",RWTVRATWIFUJOJ-UHFFFAOYSA-N,CC(C)N(C(CC(C1=CC=CC=C1)(C2=CC=CC=N2)C(=O)N)O)C(C)C,,,C21H29N3O2,355.225977168,2.819200000000003,0,0,0,BTM00014,BTM00014,Aliphatic hydroxylation of carbon alpha to secondary or tertiary alkyl-N,BTMR1081,"CYP2B6
CYP2C19
CYP2D6",HUMAN,,CC(C)N(CCC(C1=CC=CC=C1)(C2=CC=CC=N2)C(=O)N)C(C)C,"InChI=1S/C21H29N3O/c1-16(2)24(17(3)4)15-13-21(20(22)25,18-10-6-5-7-11-18)19-12-8-9-14-23-19/h5-12,14,16-17H,13,15H2,1-4H3,(H2,22,25)",UVTNFZQICZKOEM-UHFFFAOYSA-N,,339.2310
"InChI=1S/C27H37N3O8/c1-16(2)29(17(3)4)15-13-27(18-10-6-5-7-11-18,19-12-8-9-14-30(19)37)26(36)28-24-22(33)20(31)21(32)23(38-24)25(34)35/h5-12,14,16-17,20-24,31-33H,13,15H2,1-4H3,(H,28,36)(H,34,35)",LHCNKHNEOULXCA-UHFFFAOYSA-N,CC(C)N(CCC(C1=CC=CC=C1)(C2=CC=CC=[N+]2[O-])C(=O)NC3C(C(O)C(C(O3)C(O)=O)O)O)C(C)C,,,C27H37N3O8,531.258065144,1.4476000000000024,1,1,1,BTM00015,BTM00015,N-Glucuronidation of amide,BTMR0172,EC 2.4.1.17,HUMAN,BTM00003,CC(C)N(CCC(C1=CC=CC=C1)(C2=CC=CC=[N+]2[O-])C(=O)N)C(C)C,"InChI=1S/C21H29N3O2/c1-16(2)23(17(3)4)15-13-21(20(22)25,18-10-6-5-7-11-18)19-12-8-9-14-24(19)26/h5-12,14,16-17H,13,15H2,1-4H3,(H2,22,25)",RUFGWFOFQBSWGW-UHFFFAOYSA-N,3.188200000000002,355.22597716800004
"InChI=1S/C27H37N3O8/c1-16(2)29(17(3)4)15-13-27(26(28)36,18-10-6-5-7-11-18)19-12-8-9-14-30(19)38-25-22(33)20(31)21(32)23(37-25)24(34)35/h5-12,14,16-17,20-23,25,31-33H,13,15H2,1-4H3,(H2-,28,34,35,36)/p+1",VVJGASMXWAWDTK-UHFFFAOYSA-O,CC(C)N(CCC(C1=CC=CC=C1)(C2=CC=CC=[N+]2OC3OC(C(O)C(O)C3O)C(O)=O)C(=O)N)C(C)C,,,[C27H38N3O8]+,532.265890176,0.32440000000000224,1,1,1,BTM00016,BTM00016,O-Glucuronidation of N-oxide,BTMR0184,EC 2.4.1.17,HUMAN,BTM00003,CC(C)N(CCC(C1=CC=CC=C1)(C2=CC=CC=[N+]2[O-])C(=O)N)C(C)C,"InChI=1S/C21H29N3O2/c1-16(2)23(17(3)4)15-13-21(20(22)25,18-10-6-5-7-11-18)19-12-8-9-14-24(19)26/h5-12,14,16-17H,13,15H2,1-4H3,(H2,22,25)",RUFGWFOFQBSWGW-UHFFFAOYSA-N,3.188200000000002,355.22597716800004
"InChI=1S/C27H37N3O8/c1-16(2)30(17(3)4,24-22(33)20(31)21(32)23(38-24)25(34)35)15-13-27(26(28)36,18-10-6-5-7-11-18)19-12-8-9-14-29(19)37/h5-12,14,16-17,20-24,31-33H,13,15H2,1-4H3,(H2-,28,34,35,36)/p+1",JUOVPHQUNOZDFY-UHFFFAOYSA-O,CC(C)[N+](CCC(C1=CC=CC=C1)(C2=CC=CC=[N+]2[O-])C(=O)N)(C(C)C)C3OC(C(O)=O)C(C(C3O)O)O,,,[C27H38N3O8]+,532.265890176,-0.11309999999999754,1,1,1,BTM00017,BTM00017,N-Glucuronidation of tertiary aliphatic amine,BTMR0244,EC 2.4.1.17,HUMAN,BTM00003,CC(C)N(CCC(C1=CC=CC=C1)(C2=CC=CC=[N+]2[O-])C(=O)N)C(C)C,"InChI=1S/C21H29N3O2/c1-16(2)23(17(3)4)15-13-21(20(22)25,18-10-6-5-7-11-18)19-12-8-9-14-24(19)26/h5-12,14,16-17H,13,15H2,1-4H3,(H2,22,25)",RUFGWFOFQBSWGW-UHFFFAOYSA-N,3.188200000000002,355.22597716800004
"InChI=1S/C27H37N3O8/c1-15(2)30(16(3)4)14-12-27(26(28)36,19-11-7-8-13-29-19)17-9-5-6-10-18(17)37-25-22(33)20(31)21(32)23(38-25)24(34)35/h5-11,13,15-16,20-23,25,31-33H,12,14H2,1-4H3,(H2,28,36)(H,34,35)",OAMPUZQKYVDECB-UHFFFAOYSA-N,CC(C)N(CCC(C1=C(C=CC=C1)OC2OC(C(O)=O)C(C(C2O)O)O)(C3=CC=CC=N3)C(=O)N)C(C)C,,,C27H37N3O8,531.258065144,1.454800000000001,1,1,1,BTM00018,BTM00018,Aromatic OH-glucuronidation,BTMR0166,EC 2.4.1.17,HUMAN,BTM00004,CC(C)N(CCC(C1=C(C=CC=C1)O)(C2=CC=CC=N2)C(=O)N)C(C)C,"InChI=1S/C21H29N3O2/c1-15(2)24(16(3)4)14-12-21(20(22)26,19-11-7-8-13-23-19)17-9-5-6-10-18(17)25/h5-11,13,15-16,25H,12,14H2,1-4H3,(H2,22,26)",PKBSYTBFOSLEPK-UHFFFAOYSA-N,3.150300000000002,355.22597716800004
"InChI=1S/C27H37N3O8/c1-15(2)30(16(3)4)14-12-27(19-11-7-8-13-28-19,17-9-5-6-10-18(17)31)26(37)29-24-22(34)20(32)21(33)23(38-24)25(35)36/h5-11,13,15-16,20-24,31-34H,12,14H2,1-4H3,(H,29,37)(H,35,36)",IONOIAQLZZNBSD-UHFFFAOYSA-N,CC(C)N(CCC(C1=C(C=CC=C1)O)(C2=CC=CC=N2)C(=O)NC3C(C(O)C(C(O3)C(O)=O)O)O)C(C)C,,,C27H37N3O8,531.258065144,1.4097000000000013,3,1,1,BTM00019,BTM00019,N-Glucuronidation of amide,BTMR0172,EC 2.4.1.17,HUMAN,BTM00004,CC(C)N(CCC(C1=C(C=CC=C1)O)(C2=CC=CC=N2)C(=O)N)C(C)C,"InChI=1S/C21H29N3O2/c1-15(2)24(16(3)4)14-12-21(20(22)26,19-11-7-8-13-23-19)17-9-5-6-10-18(17)25/h5-11,13,15-16,25H,12,14H2,1-4H3,(H2,22,26)",PKBSYTBFOSLEPK-UHFFFAOYSA-N,3.150300000000002,355.22597716800004
"InChI=1S/C27H37N3O8/c1-15(2)30(16(3)4,24-22(34)20(32)21(33)23(38-24)25(35)36)14-12-27(26(28)37,19-11-7-8-13-29-19)17-9-5-6-10-18(17)31/h5-11,13,15-16,20-24,32-34H,12,14H2,1-4H3,(H3-,28,31,35,36,37)/p+1",ZUBREWNQGWZUSC-UHFFFAOYSA-O,CC(C)[N+](CCC(C1=C(C=CC=C1)O)(C2=CC=CC=N2)C(=O)N)(C(C)C)C3OC(C(O)=O)C(C(C3O)O)O,,,[C27H38N3O8]+,532.265890176,-0.1509999999999987,2,1,1,BTM00020,BTM00020,N-Glucuronidation of tertiary aliphatic amine,BTMR0244,EC 2.4.1.17,HUMAN,BTM00004,CC(C)N(CCC(C1=C(C=CC=C1)O)(C2=CC=CC=N2)C(=O)N)C(C)C,"InChI=1S/C21H29N3O2/c1-15(2)24(16(3)4)14-12-21(20(22)26,19-11-7-8-13-23-19)17-9-5-6-10-18(17)25/h5-11,13,15-16,25H,12,14H2,1-4H3,(H2,22,26)",PKBSYTBFOSLEPK-UHFFFAOYSA-N,3.150300000000002,355.22597716800004
"InChI=1S/C21H29N3O5S/c1-15(2)24(16(3)4)14-12-21(20(22)25,19-11-7-8-13-23-19)17-9-5-6-10-18(17)29-30(26,27)28/h5-11,13,15-16H,12,14H2,1-4H3,(H2,22,25)(H,26,27,28)",ATPHDTFNPQKKDG-UHFFFAOYSA-N,CC(C)N(CCC(C1=C(C=CC=C1)OS(O)(=O)=O)(C2=CC=CC=N2)C(=O)N)C(C)C,,,C21H29N3O5S,435.182792028,2.4135000000000018,0,0,0,BTM00021,BTM00021,Sulfonation of phenolic compound,BTMR1376,EC 2.8.2.1,HUMAN,BTM00004,CC(C)N(CCC(C1=C(C=CC=C1)O)(C2=CC=CC=N2)C(=O)N)C(C)C,"InChI=1S/C21H29N3O2/c1-15(2)24(16(3)4)14-12-21(20(22)26,19-11-7-8-13-23-19)17-9-5-6-10-18(17)25/h5-11,13,15-16,25H,12,14H2,1-4H3,(H2,22,26)",PKBSYTBFOSLEPK-UHFFFAOYSA-N,3.150300000000002,355.22597716800004
"InChI=1S/C22H31N3O2/c1-16(2)25(17(3)4)15-13-22(21(23)26,20-12-8-9-14-24-20)18-10-6-7-11-19(18)27-5/h6-12,14,16-17H,13,15H2,1-5H3,(H2,23,26)",NCHXWVLVZUIGQR-UHFFFAOYSA-N,CC(C)N(CCC(C1=C(C=CC=C1)OC)(C2=CC=CC=N2)C(=O)N)C(C)C,,,C22H31N3O2,369.24162723200004,3.401300000000003,0,0,0,BTM00022,BTM00022,Methylation of phenolic compound,BTMR1377,EC 2.1.1.25,HUMAN,BTM00004,CC(C)N(CCC(C1=C(C=CC=C1)O)(C2=CC=CC=N2)C(=O)N)C(C)C,"InChI=1S/C21H29N3O2/c1-15(2)24(16(3)4)14-12-21(20(22)26,19-11-7-8-13-23-19)17-9-5-6-10-18(17)25/h5-11,13,15-16,25H,12,14H2,1-4H3,(H2,22,26)",PKBSYTBFOSLEPK-UHFFFAOYSA-N,3.150300000000002,355.22597716800004
"InChI=1S/C27H37N3O8/c1-16(2)30(37,17(3)4)15-13-27(18-10-6-5-7-11-18,19-12-8-9-14-28-19)26(36)29-24-22(33)20(31)21(32)23(38-24)25(34)35/h5-12,14,16-17,20-24,31-33H,13,15H2,1-4H3,(H,29,36)(H,34,35)",QZVVUXSPCSZQJG-UHFFFAOYSA-N,CC(C)[N+](CCC(C1=CC=CC=C1)(C2=CC=CC=N2)C(=O)NC3C(C(O)C(C(O3)C(O)=O)O)O)(C(C)C)[O-],,,C27H37N3O8,531.258065144,1.2720000000000027,1,1,1,BTM00023,BTM00023,N-Glucuronidation of amide,BTMR0172,EC 2.4.1.17,HUMAN,BTM00005,CC(C)[N+](CCC(C1=CC=CC=C1)(C2=CC=CC=N2)C(=O)N)(C(C)C)[O-],"InChI=1S/C21H29N3O2/c1-16(2)24(26,17(3)4)15-13-21(20(22)25,18-10-6-5-7-11-18)19-12-8-9-14-23-19/h5-12,14,16-17H,13,15H2,1-4H3,(H2,22,25)",RDKXFAYXBDWJTP-UHFFFAOYSA-N,3.0126000000000017,355.225977168
"InChI=1S/C27H37N3O8/c1-16(2)30(17(3)4,38-25-22(33)20(31)21(32)23(37-25)24(34)35)15-13-27(26(28)36,18-10-6-5-7-11-18)19-12-8-9-14-29-19/h5-12,14,16-17,20-23,25,31-33H,13,15H2,1-4H3,(H2-,28,34,35,36)/p+1",DNQQRHUGCHFIGM-UHFFFAOYSA-O,CC(C)[N+](CCC(C1=CC=CC=C1)(C2=CC=CC=N2)C(=O)N)(C(C)C)OC3OC(C(O)C(O)C3O)C(O)=O,,,[C27H38N3O8]+,532.265890176,-0.03769999999999718,1,1,1,BTM00024,BTM00024,O-Glucuronidation of N-oxide,BTMR0184,EC 2.4.1.17,HUMAN,BTM00005,CC(C)[N+](CCC(C1=CC=CC=C1)(C2=CC=CC=N2)C(=O)N)(C(C)C)[O-],"InChI=1S/C21H29N3O2/c1-16(2)24(26,17(3)4)15-13-21(20(22)25,18-10-6-5-7-11-18)19-12-8-9-14-23-19/h5-12,14,16-17H,13,15H2,1-4H3,(H2,22,25)",RDKXFAYXBDWJTP-UHFFFAOYSA-N,3.0126000000000017,355.225977168
"InChI=1S/C27H37N3O8/c1-15(2)30(16(3)4)14-12-27(26(28)36,19-7-5-6-13-29-19)17-8-10-18(11-9-17)37-25-22(33)20(31)21(32)23(38-25)24(34)35/h5-11,13,15-16,20-23,25,31-33H,12,14H2,1-4H3,(H2,28,36)(H,34,35)",FBYKHQBORAWDDN-UHFFFAOYSA-N,CC(C)N(CCC(C1=CC=C(C=C1)OC2OC(C(O)=O)C(C(C2O)O)O)(C3=CC=CC=N3)C(=O)N)C(C)C,,,C27H37N3O8,531.258065144,1.454800000000001,1,1,1,BTM00025,BTM00025,Aromatic OH-glucuronidation,BTMR0166,EC 2.4.1.17,HUMAN,BTM00006,CC(C)N(CCC(C1=CC=C(C=C1)O)(C2=CC=CC=N2)C(=O)N)C(C)C,"InChI=1S/C21H29N3O2/c1-15(2)24(16(3)4)14-12-21(20(22)26,19-7-5-6-13-23-19)17-8-10-18(25)11-9-17/h5-11,13,15-16,25H,12,14H2,1-4H3,(H2,22,26)",IGDCCAGTPIOGTJ-UHFFFAOYSA-N,3.150300000000002,355.22597716800004
"InChI=1S/C27H37N3O8/c1-15(2)30(16(3)4)14-12-27(19-7-5-6-13-28-19,17-8-10-18(31)11-9-17)26(37)29-24-22(34)20(32)21(33)23(38-24)25(35)36/h5-11,13,15-16,20-24,31-34H,12,14H2,1-4H3,(H,29,37)(H,35,36)",HINPUKVOCXIADH-UHFFFAOYSA-N,CC(C)N(CCC(C1=CC=C(C=C1)O)(C2=CC=CC=N2)C(=O)NC3C(C(O)C(C(O3)C(O)=O)O)O)C(C)C,,,C27H37N3O8,531.258065144,1.4097000000000013,3,1,1,BTM00026,BTM00026,N-Glucuronidation of amide,BTMR0172,EC 2.4.1.17,HUMAN,BTM00006,CC(C)N(CCC(C1=CC=C(C=C1)O)(C2=CC=CC=N2)C(=O)N)C(C)C,"InChI=1S/C21H29N3O2/c1-15(2)24(16(3)4)14-12-21(20(22)26,19-7-5-6-13-23-19)17-8-10-18(25)11-9-17/h5-11,13,15-16,25H,12,14H2,1-4H3,(H2,22,26)",IGDCCAGTPIOGTJ-UHFFFAOYSA-N,3.150300000000002,355.22597716800004
"InChI=1S/C27H37N3O8/c1-15(2)30(16(3)4,24-22(34)20(32)21(33)23(38-24)25(35)36)14-12-27(26(28)37,19-7-5-6-13-29-19)17-8-10-18(31)11-9-17/h5-11,13,15-16,20-24,32-34H,12,14H2,1-4H3,(H3-,28,31,35,36,37)/p+1",XWMAQDDIEFIINK-UHFFFAOYSA-O,CC(C)[N+](CCC(C1=CC=C(C=C1)O)(C2=CC=CC=N2)C(=O)N)(C(C)C)C3OC(C(O)=O)C(C(C3O)O)O,,,[C27H38N3O8]+,532.265890176,-0.1509999999999987,2,1,1,BTM00027,BTM00027,N-Glucuronidation of tertiary aliphatic amine,BTMR0244,EC 2.4.1.17,HUMAN,BTM00006,CC(C)N(CCC(C1=CC=C(C=C1)O)(C2=CC=CC=N2)C(=O)N)C(C)C,"InChI=1S/C21H29N3O2/c1-15(2)24(16(3)4)14-12-21(20(22)26,19-7-5-6-13-23-19)17-8-10-18(25)11-9-17/h5-11,13,15-16,25H,12,14H2,1-4H3,(H2,22,26)",IGDCCAGTPIOGTJ-UHFFFAOYSA-N,3.150300000000002,355.22597716800004
"InChI=1S/C21H29N3O5S/c1-15(2)24(16(3)4)14-12-21(20(22)25,19-7-5-6-13-23-19)17-8-10-18(11-9-17)29-30(26,27)28/h5-11,13,15-16H,12,14H2,1-4H3,(H2,22,25)(H,26,27,28)",YAJPLCXDFYXGQB-UHFFFAOYSA-N,CC(C)N(CCC(C1=CC=C(C=C1)OS(O)(=O)=O)(C2=CC=CC=N2)C(=O)N)C(C)C,,,C21H29N3O5S,435.18279202800005,2.4135000000000018,0,0,0,BTM00028,BTM00028,Sulfonation of phenolic compound,BTMR1376,EC 2.8.2.1,HUMAN,BTM00006,CC(C)N(CCC(C1=CC=C(C=C1)O)(C2=CC=CC=N2)C(=O)N)C(C)C,"InChI=1S/C21H29N3O2/c1-15(2)24(16(3)4)14-12-21(20(22)26,19-7-5-6-13-23-19)17-8-10-18(25)11-9-17/h5-11,13,15-16,25H,12,14H2,1-4H3,(H2,22,26)",IGDCCAGTPIOGTJ-UHFFFAOYSA-N,3.150300000000002,355.22597716800004
"InChI=1S/C22H31N3O2/c1-16(2)25(17(3)4)15-13-22(21(23)26,20-8-6-7-14-24-20)18-9-11-19(27-5)12-10-18/h6-12,14,16-17H,13,15H2,1-5H3,(H2,23,26)",BUGOOUNNRWSDMV-UHFFFAOYSA-N,CC(C)N(CCC(C1=CC=C(C=C1)OC)(C2=CC=CC=N2)C(=O)N)C(C)C,,,C22H31N3O2,369.24162723200004,3.401300000000003,0,0,0,BTM00029,BTM00029,Methylation of phenolic compound,BTMR1377,EC 2.1.1.25,HUMAN,BTM00006,CC(C)N(CCC(C1=CC=C(C=C1)O)(C2=CC=CC=N2)C(=O)N)C(C)C,"InChI=1S/C21H29N3O2/c1-15(2)24(16(3)4)14-12-21(20(22)26,19-7-5-6-13-23-19)17-8-10-18(25)11-9-17/h5-11,13,15-16,25H,12,14H2,1-4H3,(H2,22,26)",IGDCCAGTPIOGTJ-UHFFFAOYSA-N,3.150300000000002,355.22597716800004
"InChI=1S/C24H31N3O7/c1-14(2)25-13-11-24(15-8-4-3-5-9-15,16-10-6-7-12-26-16)23(33)27-21-19(30)17(28)18(29)20(34-21)22(31)32/h3-10,12,14,17-21,25,28-30H,11,13H2,1-2H3,(H,27,33)(H,31,32)",YDZCVQNGZVHMNG-UHFFFAOYSA-N,N(CCC(C1=CC=CC=C1)(C2=CC=CC=N2)C(=O)NC3C(C(O)C(C(O3)C(O)=O)O)O)C(C)C,,,C24H31N3O7,473.216200332,0.41490000000000227,1,1,1,BTM00030,BTM00030,N-Glucuronidation of amide,BTMR0172,EC 2.4.1.17,HUMAN,BTM00008,N(CCC(C1=CC=CC=C1)(C2=CC=CC=N2)C(=O)N)C(C)C,"InChI=1S/C18H23N3O/c1-14(2)20-13-11-18(17(19)22,15-8-4-3-5-9-15)16-10-6-7-12-21-16/h3-10,12,14,20H,11,13H2,1-2H3,(H2,19,22)",UWNSWIXIVDMCHZ-UHFFFAOYSA-N,2.1555000000000026,297.18411235599996
"InChI=1S/C27H37N3O8/c1-16(2)30(17(3)15-37-25-22(33)20(31)21(32)23(38-25)24(34)35)14-12-27(26(28)36,18-9-5-4-6-10-18)19-11-7-8-13-29-19/h4-11,13,16-17,20-23,25,31-33H,12,14-15H2,1-3H3,(H2,28,36)(H,34,35)",WIOZLEDLVDOXKS-UHFFFAOYSA-N,C(C(C)N(CCC(C1=CC=CC=C1)(C2=CC=CC=N2)C(=O)N)C(C)C)OC3OC(C(O)=O)C(C(C3O)O)O,,,C27H37N3O8,531.258065144,0.9915000000000006,2,1,1,BTM00031,BTM00031,Alkyl-OH-glucuronidation,BTMR0165,EC 2.4.1.17,HUMAN,BTM00009,C(C(C)N(CCC(C1=CC=CC=C1)(C2=CC=CC=N2)C(=O)N)C(C)C)O,"InChI=1S/C21H29N3O2/c1-16(2)24(17(3)15-25)14-12-21(20(22)26,18-9-5-4-6-10-18)19-11-7-8-13-23-19/h4-11,13,16-17,25H,12,14-15H2,1-3H3,(H2,22,26)",UYJGCSCUSFDCSO-UHFFFAOYSA-N,2.529500000000003,355.22597716800004
"InChI=1S/C27H37N3O8/c1-16(2)30(17(3)15-31)14-12-27(18-9-5-4-6-10-18,19-11-7-8-13-28-19)26(37)29-24-22(34)20(32)21(33)23(38-24)25(35)36/h4-11,13,16-17,20-24,31-34H,12,14-15H2,1-3H3,(H,29,37)(H,35,36)",LOYYURQAKMOASE-UHFFFAOYSA-N,C(C(C)N(CCC(C1=CC=CC=C1)(C2=CC=CC=N2)C(=O)NC3C(C(O)C(C(O3)C(O)=O)O)O)C(C)C)O,,,C27H37N3O8,531.2580651439999,0.788900000000001,3,1,1,BTM00032,BTM00032,N-Glucuronidation of amide,BTMR0172,EC 2.4.1.17,HUMAN,BTM00009,C(C(C)N(CCC(C1=CC=CC=C1)(C2=CC=CC=N2)C(=O)N)C(C)C)O,"InChI=1S/C21H29N3O2/c1-16(2)24(17(3)15-25)14-12-21(20(22)26,18-9-5-4-6-10-18)19-11-7-8-13-23-19/h4-11,13,16-17,25H,12,14-15H2,1-3H3,(H2,22,26)",UYJGCSCUSFDCSO-UHFFFAOYSA-N,2.529500000000003,355.22597716800004
"InChI=1S/C27H37N3O8/c1-16(2)30(17(3)15-31,24-22(34)20(32)21(33)23(38-24)25(35)36)14-12-27(26(28)37,18-9-5-4-6-10-18)19-11-7-8-13-29-19/h4-11,13,16-17,20-24,31-34H,12,14-15H2,1-3H3,(H2-,28,35,36,37)/p+1",JEMMKEQMTSOWTD-UHFFFAOYSA-O,C(C(C)[N+](CCC(C1=CC=CC=C1)(C2=CC=CC=N2)C(=O)N)(C(C)C)C3OC(C(O)=O)C(C(C3O)O)O)O,,,[C27H38N3O8]+,532.265890176,-0.7717999999999983,2,1,1,BTM00033,BTM00033,N-Glucuronidation of tertiary aliphatic amine,BTMR0244,EC 2.4.1.17,HUMAN,BTM00009,C(C(C)N(CCC(C1=CC=CC=C1)(C2=CC=CC=N2)C(=O)N)C(C)C)O,"InChI=1S/C21H29N3O2/c1-16(2)24(17(3)15-25)14-12-21(20(22)26,18-9-5-4-6-10-18)19-11-7-8-13-23-19/h4-11,13,16-17,25H,12,14-15H2,1-3H3,(H2,22,26)",UYJGCSCUSFDCSO-UHFFFAOYSA-N,2.529500000000003,355.22597716800004
"InChI=1S/C21H29N3O5S/c1-16(2)24(17(3)15-29-30(26,27)28)14-12-21(20(22)25,18-9-5-4-6-10-18)19-11-7-8-13-23-19/h4-11,13,16-17H,12,14-15H2,1-3H3,(H2,22,25)(H,26,27,28)",XIZJWHUCXPJMHL-UHFFFAOYSA-N,C(C(C)N(CCC(C1=CC=CC=C1)(C2=CC=CC=N2)C(=O)N)C(C)C)OS(O)(=O)=O,,,C21H29N3O5S,435.182792028,1.9502000000000028,0,0,0,BTM00034,BTM00034,Sulfation of primary alcohol,BTMR0501,EC 2.8.2.2,HUMAN,BTM00009,C(C(C)N(CCC(C1=CC=CC=C1)(C2=CC=CC=N2)C(=O)N)C(C)C)O,"InChI=1S/C21H29N3O2/c1-16(2)24(17(3)15-25)14-12-21(20(22)26,18-9-5-4-6-10-18)19-11-7-8-13-23-19/h4-11,13,16-17,25H,12,14-15H2,1-3H3,(H2,22,26)",UYJGCSCUSFDCSO-UHFFFAOYSA-N,2.529500000000003,355.22597716800004
"InChI=1S/C27H35N3O7/c1-16(2)30(17(3)4)15-13-27(18-10-6-5-7-11-18,19-12-8-9-14-28-19)26(36)29-24-22(33)20(31)21(32)23(37-24)25(34)35/h5-12,14,17,20-24,31-33H,1,13,15H2,2-4H3,(H,29,36)(H,34,35)",HEOKNDQTXIYGOZ-UHFFFAOYSA-N,C=C(C)N(CCC(C1=CC=CC=C1)(C2=CC=CC=N2)C(=O)NC3C(C(O)C(C(O3)C(O)=O)O)O)C(C)C,,,C27H35N3O7,513.24750046,1.5487000000000024,1,1,1,BTM00035,BTM00035,N-Glucuronidation of amide,BTMR0172,EC 2.4.1.17,HUMAN,BTM00010,C=C(C)N(CCC(C1=CC=CC=C1)(C2=CC=CC=N2)C(=O)N)C(C)C,"InChI=1S/C21H27N3O/c1-16(2)24(17(3)4)15-13-21(20(22)25,18-10-6-5-7-11-18)19-12-8-9-14-23-19/h5-12,14,17H,1,13,15H2,2-4H3,(H2,22,25)",VLZKFFIMQBFOSX-UHFFFAOYSA-N,3.2893000000000034,337.215412484
"InChI=1S/C27H35N3O7/c1-16(2)30(17(3)4,24-22(33)20(31)21(32)23(37-24)25(34)35)15-13-27(26(28)36,18-10-6-5-7-11-18)19-12-8-9-14-29-19/h5-12,14,17,20-24,31-33H,1,13,15H2,2-4H3,(H2-,28,34,35,36)/p+1",PTGADPUUQIOGKZ-UHFFFAOYSA-O,C=C(C)[N+](CCC(C1=CC=CC=C1)(C2=CC=CC=N2)C(=O)N)(C(C)C)C3OC(C(O)=O)C(C(C3O)O)O,,,[C27H36N3O7]+,514.255325492,-0.011999999999997124,1,1,1,BTM00036,BTM00036,N-Glucuronidation of tertiary aliphatic amine,BTMR0244,EC 2.4.1.17,HUMAN,BTM00010,C=C(C)N(CCC(C1=CC=CC=C1)(C2=CC=CC=N2)C(=O)N)C(C)C,"InChI=1S/C21H27N3O/c1-16(2)24(17(3)4)15-13-21(20(22)25,18-10-6-5-7-11-18)19-12-8-9-14-23-19/h5-12,14,17H,1,13,15H2,2-4H3,(H2,22,25)",VLZKFFIMQBFOSX-UHFFFAOYSA-N,3.2893000000000034,337.215412484
"InChI=1S/C15H16N2O2/c16-14(19)15(9-11-18,12-6-2-1-3-7-12)13-8-4-5-10-17-13/h1-8,10,18H,9,11H2,(H2,16,19)",IFDGUJOIPKYHDO-UHFFFAOYSA-N,C(CC(C1=CC=CC=C1)(C2=CC=CC=N2)C(=O)N)O,,,C15H16N2O2,256.121177752,1.2870000000000013,0,0,0,BTM00037,BTM00037,Reduction of aldehyde,BTMR0367,EC 1.1.1.184,HUMAN,BTM00012,C(CC(C1=CC=CC=C1)(C2=CC=CC=N2)C(=O)N)=O,"InChI=1S/C15H14N2O2/c16-14(19)15(9-11-18,12-6-2-1-3-7-12)13-8-4-5-10-17-13/h1-8,10-11H,9H2,(H2,16,19)",NBULESZNHAYVOC-UHFFFAOYSA-N,1.2569,254.105527688
"InChI=1S/C15H14N2O3/c16-14(20)15(10-13(18)19,11-6-2-1-3-7-11)12-8-4-5-9-17-12/h1-9H,10H2,(H2,16,20)(H,18,19)",GJGQITNETUJOQH-UHFFFAOYSA-N,C(CC(C1=CC=CC=C1)(C2=CC=CC=N2)C(=O)N)(=O)O,,,C15H14N2O3,270.100442308,1.2095000000000002,0,0,0,BTM00038,BTM00038,Aldehyde oxidation,BTMR0050,EC 1.2.3.1,HUMAN,BTM00012,C(CC(C1=CC=CC=C1)(C2=CC=CC=N2)C(=O)N)=O,"InChI=1S/C15H14N2O2/c16-14(19)15(9-11-18,12-6-2-1-3-7-12)13-8-4-5-10-17-13/h1-8,10-11H,9H2,(H2,16,19)",NBULESZNHAYVOC-UHFFFAOYSA-N,1.2569,254.105527688
"InChI=1S/C21H22N2O8/c24-11-9-21(12-6-2-1-3-7-12,13-8-4-5-10-22-13)20(30)23-18-16(27)14(25)15(26)17(31-18)19(28)29/h1-8,10-11,14-18,25-27H,9H2,(H,23,30)(H,28,29)",ZYDUNHBRLJLBQG-UHFFFAOYSA-N,C(CC(C1=CC=CC=C1)(C2=CC=CC=N2)C(=O)NC3C(C(O)C(C(O3)C(O)=O)O)O)=O,,,C21H22N2O8,430.137615664,-0.4836999999999988,0,1,1,BTM00039,BTM00039,N-Glucuronidation of amide,BTMR0172,EC 2.4.1.17,HUMAN,BTM00012,C(CC(C1=CC=CC=C1)(C2=CC=CC=N2)C(=O)N)=O,"InChI=1S/C15H14N2O2/c16-14(19)15(9-11-18,12-6-2-1-3-7-12)13-8-4-5-10-17-13/h1-8,10-11H,9H2,(H2,16,19)",NBULESZNHAYVOC-UHFFFAOYSA-N,1.2569,254.105527688
"InChI=1S/C27H37N3O8/c1-16(2)30(26(3,4)37)15-13-27(17-10-6-5-7-11-17,18-12-8-9-14-28-18)25(36)29-23-21(33)19(31)20(32)22(38-23)24(34)35/h5-12,14,16,19-23,31-33,37H,13,15H2,1-4H3,(H,29,36)(H,34,35)",RHBWTFTYIUHYPK-UHFFFAOYSA-N,CC(C)(N(CCC(C1=CC=CC=C1)(C2=CC=CC=N2)C(=O)NC3C(C(O)C(C(O3)C(O)=O)O)O)C(C)C)O,,,C27H37N3O8,531.258065144,0.5108000000000026,3,1,1,BTM00040,BTM00040,N-Glucuronidation of amide,BTMR0172,EC 2.4.1.17,HUMAN,BTM00013,CC(C)(N(CCC(C1=CC=CC=C1)(C2=CC=CC=N2)C(=O)N)C(C)C)O,"InChI=1S/C21H29N3O2/c1-16(2)24(20(3,4)26)15-13-21(19(22)25,17-10-6-5-7-11-17)18-12-8-9-14-23-18/h5-12,14,16,26H,13,15H2,1-4H3,(H2,22,25)",XHLBUGNJOOFWJL-UHFFFAOYSA-N,2.251400000000003,355.22597716800004
"InChI=1S/C27H37N3O8/c1-16(2)30(26(3,4)37,23-21(33)19(31)20(32)22(38-23)24(34)35)15-13-27(25(28)36,17-10-6-5-7-11-17)18-12-8-9-14-29-18/h5-12,14,16,19-23,31-33,37H,13,15H2,1-4H3,(H2-,28,34,35,36)/p+1",YUCSIKUQNQGQKY-UHFFFAOYSA-O,CC(C)([N+](CCC(C1=CC=CC=C1)(C2=CC=CC=N2)C(=O)N)(C(C)C)C3OC(C(O)=O)C(C(C3O)O)O)O,,,[C27H38N3O8]+,532.265890176,-1.0498999999999976,2,1,1,BTM00041,BTM00041,N-Glucuronidation of tertiary aliphatic amine,BTMR0244,EC 2.4.1.17,HUMAN,BTM00013,CC(C)(N(CCC(C1=CC=CC=C1)(C2=CC=CC=N2)C(=O)N)C(C)C)O,"InChI=1S/C21H29N3O2/c1-16(2)24(20(3,4)26)15-13-21(19(22)25,17-10-6-5-7-11-17)18-12-8-9-14-23-18/h5-12,14,16,26H,13,15H2,1-4H3,(H2,22,25)",XHLBUGNJOOFWJL-UHFFFAOYSA-N,2.251400000000003,355.22597716800004
"InChI=1S/C27H37N3O8/c1-15(2)30(16(3)4)19(31)14-27(17-10-6-5-7-11-17,18-12-8-9-13-28-18)26(37)29-24-22(34)20(32)21(33)23(38-24)25(35)36/h5-13,15-16,19-24,31-34H,14H2,1-4H3,(H,29,37)(H,35,36)",KXFDRNHVJYNORX-UHFFFAOYSA-N,CC(C)N(C(CC(C1=CC=CC=C1)(C2=CC=CC=N2)C(=O)NC3C(C(O)C(C(O3)C(O)=O)O)O)O)C(C)C,,,C27H37N3O8,531.258065144,1.0786000000000038,3,1,1,BTM00042,BTM00042,N-Glucuronidation of amide,BTMR0172,EC 2.4.1.17,HUMAN,BTM00014,CC(C)N(C(CC(C1=CC=CC=C1)(C2=CC=CC=N2)C(=O)N)O)C(C)C,"InChI=1S/C21H29N3O2/c1-15(2)24(16(3)4)19(25)14-21(20(22)26,17-10-6-5-7-11-17)18-12-8-9-13-23-18/h5-13,15-16,19,25H,14H2,1-4H3,(H2,22,26)",RWTVRATWIFUJOJ-UHFFFAOYSA-N,2.819200000000003,355.225977168
"InChI=1S/C27H37N3O8/c1-15(2)30(16(3)4,24-22(34)20(32)21(33)23(38-24)25(35)36)19(31)14-27(26(28)37,17-10-6-5-7-11-17)18-12-8-9-13-29-18/h5-13,15-16,19-24,31-34H,14H2,1-4H3,(H2-,28,35,36,37)/p+1",BSWHJUJDQVTVQM-UHFFFAOYSA-O,CC(C)[N+](C(CC(C1=CC=CC=C1)(C2=CC=CC=N2)C(=O)N)O)(C(C)C)C3OC(C(O)=O)C(C(C3O)O)O,,,[C27H38N3O8]+,532.265890176,-0.48209999999999675,2,1,1,BTM00043,BTM00043,N-Glucuronidation of tertiary aliphatic amine,BTMR0244,EC 2.4.1.17,HUMAN,BTM00014,CC(C)N(C(CC(C1=CC=CC=C1)(C2=CC=CC=N2)C(=O)N)O)C(C)C,"InChI=1S/C21H29N3O2/c1-15(2)24(16(3)4)19(25)14-21(20(22)26,17-10-6-5-7-11-17)18-12-8-9-13-23-18/h5-13,15-16,19,25H,14H2,1-4H3,(H2,22,26)",RWTVRATWIFUJOJ-UHFFFAOYSA-N,2.819200000000003,355.225977168
"InChI=1S/C21H29N3O3/c1-15(2)23(16(3)4)14-12-21(20(22)26,17-9-5-6-10-18(17)25)19-11-7-8-13-24(19)27/h5-11,13,15-16,25H,12,14H2,1-4H3,(H2,22,26)",FYGXTUIJSYPOSD-UHFFFAOYSA-N,CC(C)N(CCC(C1=C(C=CC=C1)O)(C2=CC=CC=[N+]2[O-])C(=O)N)C(C)C,,,C21H29N3O3,371.220891788,2.9208000000000016,0,0,0,BTM00044,BTM00044,O-Hydroxylation of monosubstituted benzene,BTMR1034,"CYP1A2
CYP2C8
CYP2C9
CYP2C19
CYP3A4",HUMAN,BTM00003,CC(C)N(CCC(C1=CC=CC=C1)(C2=CC=CC=[N+]2[O-])C(=O)N)C(C)C,"InChI=1S/C21H29N3O2/c1-16(2)23(17(3)4)15-13-21(20(22)25,18-10-6-5-7-11-18)19-12-8-9-14-24(19)26/h5-12,14,16-17H,13,15H2,1-4H3,(H2,22,25)",RUFGWFOFQBSWGW-UHFFFAOYSA-N,3.188200000000002,355.22597716800004
"InChI=1S/C21H29N3O3/c1-16(2)24(27,17(3)4)15-13-21(20(22)25,18-10-6-5-7-11-18)19-12-8-9-14-23(19)26/h5-12,14,16-17H,13,15H2,1-4H3,(H2,22,25)",YWMBVYAELZSPLR-UHFFFAOYSA-N,CC(C)[N+](CCC(C1=CC=CC=C1)(C2=CC=CC=[N+]2[O-])C(=O)N)(C(C)C)[O-],,,C21H29N3O3,371.220891788,2.7831000000000023,0,0,0,BTM00045,BTM00045,N-Oxidation of aliphatic tertiary amine,BTMR1100,"CYP1A2
CYP2D6
CYP3A4",HUMAN,BTM00003,CC(C)N(CCC(C1=CC=CC=C1)(C2=CC=CC=[N+]2[O-])C(=O)N)C(C)C,"InChI=1S/C21H29N3O2/c1-16(2)23(17(3)4)15-13-21(20(22)25,18-10-6-5-7-11-18)19-12-8-9-14-24(19)26/h5-12,14,16-17H,13,15H2,1-4H3,(H2,22,25)",RUFGWFOFQBSWGW-UHFFFAOYSA-N,3.188200000000002,355.22597716800004
"InChI=1S/C21H29N3O3/c1-15(2)23(16(3)4)14-12-21(20(22)26,17-8-10-18(25)11-9-17)19-7-5-6-13-24(19)27/h5-11,13,15-16,25H,12,14H2,1-4H3,(H2,22,26)",ZEFIBVGEDGEGOE-UHFFFAOYSA-N,CC(C)N(CCC(C1=CC=C(C=C1)O)(C2=CC=CC=[N+]2[O-])C(=O)N)C(C)C,,,C21H29N3O3,371.220891788,2.9208000000000016,0,0,0,BTM00046,BTM00046,Hydroxylation of benzene on carbon para to electron donating group,BTMR1047,"CYP1A2
CYP2C8
CYP2C9
CYP2D6
CYP3A4",HUMAN,BTM00003,CC(C)N(CCC(C1=CC=CC=C1)(C2=CC=CC=[N+]2[O-])C(=O)N)C(C)C,"InChI=1S/C21H29N3O2/c1-16(2)23(17(3)4)15-13-21(20(22)25,18-10-6-5-7-11-18)19-12-8-9-14-24(19)26/h5-12,14,16-17H,13,15H2,1-4H3,(H2,22,25)",RUFGWFOFQBSWGW-UHFFFAOYSA-N,3.188200000000002,355.22597716800004
InChI=1S/C3H6O/c1-3(2)4/h1-2H3,CSCPPACGZOOCGX-UHFFFAOYSA-N,CC(C)=O,,,C3H6O,58.041864812,-0.24400000000000033,0,0,0,BTM00007,BTM00007,N-Deisopropylation,BTMR0051,"CYP1A2
CYP2B6
CYP2C8
CYP2C9
CYP2C19
CYP2E1
CYP3A4",HUMAN,BTM00003,CC(C)N(CCC(C1=CC=CC=C1)(C2=CC=CC=[N+]2[O-])C(=O)N)C(C)C,"InChI=1S/C21H29N3O2/c1-16(2)23(17(3)4)15-13-21(20(22)25,18-10-6-5-7-11-18)19-12-8-9-14-24(19)26/h5-12,14,16-17H,13,15H2,1-4H3,(H2,22,25)",RUFGWFOFQBSWGW-UHFFFAOYSA-N,3.188200000000002,355.22597716800004
"InChI=1S/C18H23N3O2/c1-14(2)20-12-11-18(17(19)22,15-8-4-3-5-9-15)16-10-6-7-13-21(16)23/h3-10,13-14,20H,11-12H2,1-2H3,(H2,19,22)",UPAPVGQHFHXRFU-UHFFFAOYSA-N,N(CCC(C1=CC=CC=C1)(C2=CC=CC=[N+]2[O-])C(=O)N)C(C)C,,,C18H23N3O2,313.17902697600005,1.9260000000000022,0,0,0,BTM00047,BTM00047,N-Deisopropylation,BTMR0051,"CYP1A2
CYP2B6
CYP2C8
CYP2C9
CYP2C19
CYP2E1
CYP3A4",HUMAN,BTM00003,CC(C)N(CCC(C1=CC=CC=C1)(C2=CC=CC=[N+]2[O-])C(=O)N)C(C)C,"InChI=1S/C21H29N3O2/c1-16(2)23(17(3)4)15-13-21(20(22)25,18-10-6-5-7-11-18)19-12-8-9-14-24(19)26/h5-12,14,16-17H,13,15H2,1-4H3,(H2,22,25)",RUFGWFOFQBSWGW-UHFFFAOYSA-N,3.188200000000002,355.22597716800004
"InChI=1S/C21H29N3O3/c1-16(2)23(17(3)15-25)14-12-21(20(22)26,18-9-5-4-6-10-18)19-11-7-8-13-24(19)27/h4-11,13,16-17,25H,12,14-15H2,1-3H3,(H2,22,26)",IXJGLLQGRPDXRI-UHFFFAOYSA-N,C(C(C)N(CCC(C1=CC=CC=C1)(C2=CC=CC=[N+]2[O-])C(=O)N)C(C)C)O,,,C21H29N3O3,371.220891788,2.3000000000000034,0,0,0,BTM00048,BTM00048,Hydroxylation of terminal methyl,BTMR1061,"CYP1A2
CYP2A6
CYP2B6
CYP2C8
CYP2C9
CYP2C19
CYP2D6
CYP2E1
CYP3A4",HUMAN,BTM00003,CC(C)N(CCC(C1=CC=CC=C1)(C2=CC=CC=[N+]2[O-])C(=O)N)C(C)C,"InChI=1S/C21H29N3O2/c1-16(2)23(17(3)4)15-13-21(20(22)25,18-10-6-5-7-11-18)19-12-8-9-14-24(19)26/h5-12,14,16-17H,13,15H2,1-4H3,(H2,22,25)",RUFGWFOFQBSWGW-UHFFFAOYSA-N,3.188200000000002,355.22597716800004
"InChI=1S/C21H27N3O2/c1-16(2)23(17(3)4)15-13-21(20(22)25,18-10-6-5-7-11-18)19-12-8-9-14-24(19)26/h5-12,14,17H,1,13,15H2,2-4H3,(H2,22,25)",QBCJLHUEINNTMR-UHFFFAOYSA-N,C=C(C)N(CCC(C1=CC=CC=C1)(C2=CC=CC=[N+]2[O-])C(=O)N)C(C)C,,,C21H27N3O2,353.210327104,3.0598000000000027,0,0,0,BTM00049,BTM00049,Terminal desaturation,BTMR1190,"CYP1A2
CYP2A6
CYP2C9
CYP2D6
CYP3A4",HUMAN,BTM00003,CC(C)N(CCC(C1=CC=CC=C1)(C2=CC=CC=[N+]2[O-])C(=O)N)C(C)C,"InChI=1S/C21H29N3O2/c1-16(2)23(17(3)4)15-13-21(20(22)25,18-10-6-5-7-11-18)19-12-8-9-14-24(19)26/h5-12,14,16-17H,13,15H2,1-4H3,(H2,22,25)",RUFGWFOFQBSWGW-UHFFFAOYSA-N,3.188200000000002,355.22597716800004
InChI=1S/C3H6O/c1-3(2)4/h1-2H3,CSCPPACGZOOCGX-UHFFFAOYSA-N,CC(C)=O,,,C3H6O,58.041864812,-0.24400000000000033,0,0,0,BTM00007,BTM00007,N-Dealkylation of acyclic tertiary amine,BTMR1142,"CYP1A2
CYP2A6
CYP2B6
CYP2C8
CYP2C9
CYP2C19
CYP2D6
CYP2E1
CYP3A4",HUMAN,BTM00003,CC(C)N(CCC(C1=CC=CC=C1)(C2=CC=CC=[N+]2[O-])C(=O)N)C(C)C,"InChI=1S/C21H29N3O2/c1-16(2)23(17(3)4)15-13-21(20(22)25,18-10-6-5-7-11-18)19-12-8-9-14-24(19)26/h5-12,14,16-17H,13,15H2,1-4H3,(H2,22,25)",RUFGWFOFQBSWGW-UHFFFAOYSA-N,3.188200000000002,355.22597716800004
"InChI=1S/C18H23N3O2/c1-14(2)20-12-11-18(17(19)22,15-8-4-3-5-9-15)16-10-6-7-13-21(16)23/h3-10,13-14,20H,11-12H2,1-2H3,(H2,19,22)",UPAPVGQHFHXRFU-UHFFFAOYSA-N,N(CCC(C1=CC=CC=C1)(C2=CC=CC=[N+]2[O-])C(=O)N)C(C)C,,,C18H23N3O2,313.17902697600005,1.9260000000000022,0,0,0,BTM00047,BTM00047,N-Dealkylation of acyclic tertiary amine,BTMR1142,"CYP1A2
CYP2A6
CYP2B6
CYP2C8
CYP2C9
CYP2C19
CYP2D6
CYP2E1
CYP3A4",HUMAN,BTM00003,CC(C)N(CCC(C1=CC=CC=C1)(C2=CC=CC=[N+]2[O-])C(=O)N)C(C)C,"InChI=1S/C21H29N3O2/c1-16(2)23(17(3)4)15-13-21(20(22)25,18-10-6-5-7-11-18)19-12-8-9-14-24(19)26/h5-12,14,16-17H,13,15H2,1-4H3,(H2,22,25)",RUFGWFOFQBSWGW-UHFFFAOYSA-N,3.188200000000002,355.22597716800004
"InChI=1S/C6H15N/c1-5(2)7-6(3)4/h5-7H,1-4H3",UAOMVDZJSHZZME-UHFFFAOYSA-N,CC(C)NC(C)C,,,C6H15N,101.12044947999999,1.2368000000000003,0,0,0,BTM00011,BTM00011,N-Dealkylation of acyclic tertiary amine,BTMR1142,"CYP1A2
CYP2A6
CYP2B6
CYP2C8
CYP2C9
CYP2C19
CYP2D6
CYP2E1
CYP3A4",HUMAN,BTM00003,CC(C)N(CCC(C1=CC=CC=C1)(C2=CC=CC=[N+]2[O-])C(=O)N)C(C)C,"InChI=1S/C21H29N3O2/c1-16(2)23(17(3)4)15-13-21(20(22)25,18-10-6-5-7-11-18)19-12-8-9-14-24(19)26/h5-12,14,16-17H,13,15H2,1-4H3,(H2,22,25)",RUFGWFOFQBSWGW-UHFFFAOYSA-N,3.188200000000002,355.22597716800004
"InChI=1S/C15H14N2O3/c16-14(19)15(9-11-18,12-6-2-1-3-7-12)13-8-4-5-10-17(13)20/h1-8,10-11H,9H2,(H2,16,19)",BWPAXDMOZPSLIP-UHFFFAOYSA-N,C(CC(C1=CC=CC=C1)(C2=CC=CC=[N+]2[O-])C(=O)N)=O,,,C15H14N2O3,270.10044230799997,1.0273999999999999,0,0,0,BTM00050,BTM00050,N-Dealkylation of acyclic tertiary amine,BTMR1142,"CYP1A2
CYP2A6
CYP2B6
CYP2C8
CYP2C9
CYP2C19
CYP2D6
CYP2E1
CYP3A4",HUMAN,BTM00003,CC(C)N(CCC(C1=CC=CC=C1)(C2=CC=CC=[N+]2[O-])C(=O)N)C(C)C,"InChI=1S/C21H29N3O2/c1-16(2)23(17(3)4)15-13-21(20(22)25,18-10-6-5-7-11-18)19-12-8-9-14-24(19)26/h5-12,14,16-17H,13,15H2,1-4H3,(H2,22,25)",RUFGWFOFQBSWGW-UHFFFAOYSA-N,3.188200000000002,355.22597716800004
"InChI=1S/C21H29N3O3/c1-16(2)23(20(3,4)26)15-13-21(19(22)25,17-10-6-5-7-11-17)18-12-8-9-14-24(18)27/h5-12,14,16,26H,13,15H2,1-4H3,(H2,22,25)",NHFCZASQODKMAH-UHFFFAOYSA-N,CC(C)(N(CCC(C1=CC=CC=C1)(C2=CC=CC=[N+]2[O-])C(=O)N)C(C)C)O,,,C21H29N3O3,371.220891788,2.021900000000003,0,0,0,BTM00051,BTM00051,Aliphatic hydroxylation of carbon alpha to secondary or tertiary alkyl-N,BTMR1081,"CYP2B6
CYP2C19
CYP2D6",HUMAN,BTM00003,CC(C)N(CCC(C1=CC=CC=C1)(C2=CC=CC=[N+]2[O-])C(=O)N)C(C)C,"InChI=1S/C21H29N3O2/c1-16(2)23(17(3)4)15-13-21(20(22)25,18-10-6-5-7-11-18)19-12-8-9-14-24(19)26/h5-12,14,16-17H,13,15H2,1-4H3,(H2,22,25)",RUFGWFOFQBSWGW-UHFFFAOYSA-N,3.188200000000002,355.22597716800004
"InChI=1S/C21H29N3O3/c1-15(2)24(16(3)4)19(25)14-21(20(22)26,17-10-6-5-7-11-17)18-12-8-9-13-23(18)27/h5-13,15-16,19,25H,14H2,1-4H3,(H2,22,26)",NEMYJEOWWSLMCJ-UHFFFAOYSA-N,CC(C)N(C(CC(C1=CC=CC=C1)(C2=CC=CC=[N+]2[O-])C(=O)N)O)C(C)C,,,C21H29N3O3,371.220891788,2.5897000000000023,0,0,0,BTM00052,BTM00052,Aliphatic hydroxylation of carbon alpha to secondary or tertiary alkyl-N,BTMR1081,"CYP2B6
CYP2C19
CYP2D6",HUMAN,BTM00003,CC(C)N(CCC(C1=CC=CC=C1)(C2=CC=CC=[N+]2[O-])C(=O)N)C(C)C,"InChI=1S/C21H29N3O2/c1-16(2)23(17(3)4)15-13-21(20(22)25,18-10-6-5-7-11-18)19-12-8-9-14-24(19)26/h5-12,14,16-17H,13,15H2,1-4H3,(H2,22,25)",RUFGWFOFQBSWGW-UHFFFAOYSA-N,3.188200000000002,355.22597716800004
"InChI=1S/C21H29N3O3/c1-15(2)23(16(3)4)14-12-21(20(22)26,17-9-5-6-10-18(17)25)19-11-7-8-13-24(19)27/h5-11,13,15-16,25H,12,14H2,1-4H3,(H2,22,26)",FYGXTUIJSYPOSD-UHFFFAOYSA-N,CC(C)N(CCC(C1=C(C=CC=C1)O)(C2=CC=CC=[N+]2[O-])C(=O)N)C(C)C,,,C21H29N3O3,371.220891788,2.9208000000000016,0,0,0,BTM00044,BTM00044,Pyridine N-oxidation,BTMR0096,"CYP1A2
CYP2C9
CYP2D6
CYP3A4",HUMAN,BTM00004,CC(C)N(CCC(C1=C(C=CC=C1)O)(C2=CC=CC=N2)C(=O)N)C(C)C,"InChI=1S/C21H29N3O2/c1-15(2)24(16(3)4)14-12-21(20(22)26,19-11-7-8-13-23-19)17-9-5-6-10-18(17)25/h5-11,13,15-16,25H,12,14H2,1-4H3,(H2,22,26)",PKBSYTBFOSLEPK-UHFFFAOYSA-N,3.150300000000002,355.22597716800004
"InChI=1S/C21H29N3O3/c1-14(2)24(15(3)4)12-10-21(20(22)27,19-7-5-6-11-23-19)17-13-16(25)8-9-18(17)26/h5-9,11,13-15,25-26H,10,12H2,1-4H3,(H2,22,27)",GBXGPRRIVQNKAH-UHFFFAOYSA-N,CC(C)N(CCC(C1=C(C=CC(=C1)O)O)(C2=CC=CC=N2)C(=O)N)C(C)C,,,C21H29N3O3,371.220891788,2.8829000000000042,0,1,1,BTM00053,BTM00053,p-Hydroxylation of phenol,BTMR1038,"CYP1A2
CYP2A6
CYP2B6
CYP2C8
CYP2C9
CYP2C19
CYP2D6
CYP2E1
CYP3A4",HUMAN,BTM00004,CC(C)N(CCC(C1=C(C=CC=C1)O)(C2=CC=CC=N2)C(=O)N)C(C)C,"InChI=1S/C21H29N3O2/c1-15(2)24(16(3)4)14-12-21(20(22)26,19-11-7-8-13-23-19)17-9-5-6-10-18(17)25/h5-11,13,15-16,25H,12,14H2,1-4H3,(H2,22,26)",PKBSYTBFOSLEPK-UHFFFAOYSA-N,3.150300000000002,355.22597716800004
"InChI=1S/C21H29N3O3/c1-14(2)24(15(3)4)13-11-21(20(22)27,18-10-5-6-12-23-18)19-16(25)8-7-9-17(19)26/h5-10,12,14-15,25-26H,11,13H2,1-4H3,(H2,22,27)",SSPZJFHEISRRNE-UHFFFAOYSA-N,CC(C)N(CCC(C1=C(C=CC=C1O)O)(C2=CC=CC=N2)C(=O)N)C(C)C,,,C21H29N3O3,371.220891788,2.8829000000000042,0,1,1,BTM00054,BTM00054,Hydroxylation of benzene on carbon ortho to electron donating group,BTMR1045,"CYP1A2
CYP2C8
CYP2C9
CYP2C19
CYP2D6
CYP3A4",HUMAN,BTM00004,CC(C)N(CCC(C1=C(C=CC=C1)O)(C2=CC=CC=N2)C(=O)N)C(C)C,"InChI=1S/C21H29N3O2/c1-15(2)24(16(3)4)14-12-21(20(22)26,19-11-7-8-13-23-19)17-9-5-6-10-18(17)25/h5-11,13,15-16,25H,12,14H2,1-4H3,(H2,22,26)",PKBSYTBFOSLEPK-UHFFFAOYSA-N,3.150300000000002,355.22597716800004
"InChI=1S/C21H29N3O3/c1-15(2)24(27,16(3)4)14-12-21(20(22)26,19-11-7-8-13-23-19)17-9-5-6-10-18(17)25/h5-11,13,15-16,25H,12,14H2,1-4H3,(H2,22,26)",PFTVBQUQONODBF-UHFFFAOYSA-N,CC(C)[N+](CCC(C1=C(C=CC=C1)O)(C2=CC=CC=N2)C(=O)N)(C(C)C)[O-],,,C21H29N3O3,371.220891788,2.7452000000000014,0,0,0,BTM00055,BTM00055,N-Oxidation of aliphatic tertiary amine,BTMR1100,"CYP1A2
CYP2D6
CYP3A4",HUMAN,BTM00004,CC(C)N(CCC(C1=C(C=CC=C1)O)(C2=CC=CC=N2)C(=O)N)C(C)C,"InChI=1S/C21H29N3O2/c1-15(2)24(16(3)4)14-12-21(20(22)26,19-11-7-8-13-23-19)17-9-5-6-10-18(17)25/h5-11,13,15-16,25H,12,14H2,1-4H3,(H2,22,26)",PKBSYTBFOSLEPK-UHFFFAOYSA-N,3.150300000000002,355.22597716800004
"InChI=1S/C21H29N3O3/c1-14(2)24(15(3)4)12-10-21(20(22)27,19-7-5-6-11-23-19)17-9-8-16(25)13-18(17)26/h5-9,11,13-15,25-26H,10,12H2,1-4H3,(H2,22,27)",GBCJBTHBSYJZRB-UHFFFAOYSA-N,CC(C)N(CCC(C1=C(C=C(C=C1)O)O)(C2=CC=CC=N2)C(=O)N)C(C)C,,,C21H29N3O3,371.220891788,2.8829000000000042,0,1,1,BTM00056,BTM00056,Hydroxylation of benzene on carbon para to electron donating group,BTMR1047,"CYP1A2
CYP2C8
CYP2C9
CYP2D6
CYP3A4",HUMAN,BTM00004,CC(C)N(CCC(C1=C(C=CC=C1)O)(C2=CC=CC=N2)C(=O)N)C(C)C,"InChI=1S/C21H29N3O2/c1-15(2)24(16(3)4)14-12-21(20(22)26,19-11-7-8-13-23-19)17-9-5-6-10-18(17)25/h5-11,13,15-16,25H,12,14H2,1-4H3,(H2,22,26)",PKBSYTBFOSLEPK-UHFFFAOYSA-N,3.150300000000002,355.22597716800004
InChI=1S/C3H6O/c1-3(2)4/h1-2H3,CSCPPACGZOOCGX-UHFFFAOYSA-N,CC(C)=O,,,C3H6O,58.041864812,-0.24400000000000033,0,0,0,BTM00007,BTM00007,N-Deisopropylation,BTMR0051,"CYP1A2
CYP2B6
CYP2C8
CYP2C9
CYP2C19
CYP2E1
CYP3A4",HUMAN,BTM00004,CC(C)N(CCC(C1=C(C=CC=C1)O)(C2=CC=CC=N2)C(=O)N)C(C)C,"InChI=1S/C21H29N3O2/c1-15(2)24(16(3)4)14-12-21(20(22)26,19-11-7-8-13-23-19)17-9-5-6-10-18(17)25/h5-11,13,15-16,25H,12,14H2,1-4H3,(H2,22,26)",PKBSYTBFOSLEPK-UHFFFAOYSA-N,3.150300000000002,355.22597716800004
"InChI=1S/C18H23N3O2/c1-13(2)20-12-10-18(17(19)23,16-9-5-6-11-21-16)14-7-3-4-8-15(14)22/h3-9,11,13,20,22H,10,12H2,1-2H3,(H2,19,23)",UMMJTEFLNNZOIN-UHFFFAOYSA-N,N(CCC(C1=C(C=CC=C1)O)(C2=CC=CC=N2)C(=O)N)C(C)C,,,C18H23N3O2,313.179026976,1.8881000000000019,0,1,1,BTM00057,BTM00057,N-Deisopropylation,BTMR0051,"CYP1A2
CYP2B6
CYP2C8
CYP2C9
CYP2C19
CYP2E1
CYP3A4",HUMAN,BTM00004,CC(C)N(CCC(C1=C(C=CC=C1)O)(C2=CC=CC=N2)C(=O)N)C(C)C,"InChI=1S/C21H29N3O2/c1-15(2)24(16(3)4)14-12-21(20(22)26,19-11-7-8-13-23-19)17-9-5-6-10-18(17)25/h5-11,13,15-16,25H,12,14H2,1-4H3,(H2,22,26)",PKBSYTBFOSLEPK-UHFFFAOYSA-N,3.150300000000002,355.22597716800004
"InChI=1S/C21H29N3O3/c1-15(2)24(16(3)14-25)13-11-21(20(22)27,19-10-6-7-12-23-19)17-8-4-5-9-18(17)26/h4-10,12,15-16,25-26H,11,13-14H2,1-3H3,(H2,22,27)",IOCRCWALQRVJOO-UHFFFAOYSA-N,C(C(C)N(CCC(C1=C(C=CC=C1)O)(C2=CC=CC=N2)C(=O)N)C(C)C)O,,,C21H29N3O3,371.220891788,2.2621000000000016,0,1,1,BTM00058,BTM00058,Hydroxylation of terminal methyl,BTMR1061,"CYP1A2
CYP2A6
CYP2B6
CYP2C8
CYP2C9
CYP2C19
CYP2D6
CYP2E1
CYP3A4",HUMAN,BTM00004,CC(C)N(CCC(C1=C(C=CC=C1)O)(C2=CC=CC=N2)C(=O)N)C(C)C,"InChI=1S/C21H29N3O2/c1-15(2)24(16(3)4)14-12-21(20(22)26,19-11-7-8-13-23-19)17-9-5-6-10-18(17)25/h5-11,13,15-16,25H,12,14H2,1-4H3,(H2,22,26)",PKBSYTBFOSLEPK-UHFFFAOYSA-N,3.150300000000002,355.22597716800004
"InChI=1S/C21H27N3O2/c1-15(2)24(16(3)4)14-12-21(20(22)26,19-11-7-8-13-23-19)17-9-5-6-10-18(17)25/h5-11,13,16,25H,1,12,14H2,2-4H3,(H2,22,26)",OURXTNAKJGJZKN-UHFFFAOYSA-N,C=C(C)N(CCC(C1=C(C=CC=C1)O)(C2=CC=CC=N2)C(=O)N)C(C)C,,,C21H27N3O2,353.21032710400004,3.021900000000002,0,0,0,BTM00059,BTM00059,Terminal desaturation,BTMR1190,"CYP1A2
CYP2A6
CYP2C9
CYP2D6
CYP3A4",HUMAN,BTM00004,CC(C)N(CCC(C1=C(C=CC=C1)O)(C2=CC=CC=N2)C(=O)N)C(C)C,"InChI=1S/C21H29N3O2/c1-15(2)24(16(3)4)14-12-21(20(22)26,19-11-7-8-13-23-19)17-9-5-6-10-18(17)25/h5-11,13,15-16,25H,12,14H2,1-4H3,(H2,22,26)",PKBSYTBFOSLEPK-UHFFFAOYSA-N,3.150300000000002,355.22597716800004
"InChI=1S/C21H29N3O3/c1-14(2)24(15(3)4)13-11-21(20(22)27,18-10-5-6-12-23-18)16-8-7-9-17(25)19(16)26/h5-10,12,14-15,25-26H,11,13H2,1-4H3,(H2,22,27)",YHXFJRGGHRPIHG-UHFFFAOYSA-N,CC(C)N(CCC(C1=C(C(=CC=C1)O)O)(C2=CC=CC=N2)C(=O)N)C(C)C,,,C21H29N3O3,371.220891788,2.8829000000000042,0,1,1,BTM00060,BTM00060,O-Hydroxylation of phenol,BTMR1037,"CYP1A2
CYP2A6
CYP2B6
CYP2C8
CYP2C9
CYP2C19
CYP2D6
CYP2E1
CYP3A4",HUMAN,BTM00004,CC(C)N(CCC(C1=C(C=CC=C1)O)(C2=CC=CC=N2)C(=O)N)C(C)C,"InChI=1S/C21H29N3O2/c1-15(2)24(16(3)4)14-12-21(20(22)26,19-11-7-8-13-23-19)17-9-5-6-10-18(17)25/h5-11,13,15-16,25H,12,14H2,1-4H3,(H2,22,26)",PKBSYTBFOSLEPK-UHFFFAOYSA-N,3.150300000000002,355.22597716800004
InChI=1S/C3H6O/c1-3(2)4/h1-2H3,CSCPPACGZOOCGX-UHFFFAOYSA-N,CC(C)=O,,,C3H6O,58.041864812,-0.24400000000000033,0,0,0,BTM00007,BTM00007,N-Dealkylation of acyclic tertiary amine,BTMR1142,"CYP1A2
CYP2A6
CYP2B6
CYP2C8
CYP2C9
CYP2C19
CYP2D6
CYP2E1
CYP3A4",HUMAN,BTM00004,CC(C)N(CCC(C1=C(C=CC=C1)O)(C2=CC=CC=N2)C(=O)N)C(C)C,"InChI=1S/C21H29N3O2/c1-15(2)24(16(3)4)14-12-21(20(22)26,19-11-7-8-13-23-19)17-9-5-6-10-18(17)25/h5-11,13,15-16,25H,12,14H2,1-4H3,(H2,22,26)",PKBSYTBFOSLEPK-UHFFFAOYSA-N,3.150300000000002,355.22597716800004
"InChI=1S/C18H23N3O2/c1-13(2)20-12-10-18(17(19)23,16-9-5-6-11-21-16)14-7-3-4-8-15(14)22/h3-9,11,13,20,22H,10,12H2,1-2H3,(H2,19,23)",UMMJTEFLNNZOIN-UHFFFAOYSA-N,N(CCC(C1=C(C=CC=C1)O)(C2=CC=CC=N2)C(=O)N)C(C)C,,,C18H23N3O2,313.179026976,1.8881000000000019,0,1,1,BTM00057,BTM00057,N-Dealkylation of acyclic tertiary amine,BTMR1142,"CYP1A2
CYP2A6
CYP2B6
CYP2C8
CYP2C9
CYP2C19
CYP2D6
CYP2E1
CYP3A4",HUMAN,BTM00004,CC(C)N(CCC(C1=C(C=CC=C1)O)(C2=CC=CC=N2)C(=O)N)C(C)C,"InChI=1S/C21H29N3O2/c1-15(2)24(16(3)4)14-12-21(20(22)26,19-11-7-8-13-23-19)17-9-5-6-10-18(17)25/h5-11,13,15-16,25H,12,14H2,1-4H3,(H2,22,26)",PKBSYTBFOSLEPK-UHFFFAOYSA-N,3.150300000000002,355.22597716800004
"InChI=1S/C6H15N/c1-5(2)7-6(3)4/h5-7H,1-4H3",UAOMVDZJSHZZME-UHFFFAOYSA-N,CC(C)NC(C)C,,,C6H15N,101.12044947999999,1.2368000000000003,0,0,0,BTM00011,BTM00011,N-Dealkylation of acyclic tertiary amine,BTMR1142,"CYP1A2
CYP2A6
CYP2B6
CYP2C8
CYP2C9
CYP2C19
CYP2D6
CYP2E1
CYP3A4",HUMAN,BTM00004,CC(C)N(CCC(C1=C(C=CC=C1)O)(C2=CC=CC=N2)C(=O)N)C(C)C,"InChI=1S/C21H29N3O2/c1-15(2)24(16(3)4)14-12-21(20(22)26,19-11-7-8-13-23-19)17-9-5-6-10-18(17)25/h5-11,13,15-16,25H,12,14H2,1-4H3,(H2,22,26)",PKBSYTBFOSLEPK-UHFFFAOYSA-N,3.150300000000002,355.22597716800004
"InChI=1S/C15H14N2O3/c16-14(20)15(8-10-18,13-7-3-4-9-17-13)11-5-1-2-6-12(11)19/h1-7,9-10,19H,8H2,(H2,16,20)",MUWAFLKJKOCGIJ-UHFFFAOYSA-N,C(CC(C1=C(C=CC=C1)O)(C2=CC=CC=N2)C(=O)N)=O,,,C15H14N2O3,270.10044230799997,0.9895000000000004,0,0,0,BTM00061,BTM00061,N-Dealkylation of acyclic tertiary amine,BTMR1142,"CYP1A2
CYP2A6
CYP2B6
CYP2C8
CYP2C9
CYP2C19
CYP2D6
CYP2E1
CYP3A4",HUMAN,BTM00004,CC(C)N(CCC(C1=C(C=CC=C1)O)(C2=CC=CC=N2)C(=O)N)C(C)C,"InChI=1S/C21H29N3O2/c1-15(2)24(16(3)4)14-12-21(20(22)26,19-11-7-8-13-23-19)17-9-5-6-10-18(17)25/h5-11,13,15-16,25H,12,14H2,1-4H3,(H2,22,26)",PKBSYTBFOSLEPK-UHFFFAOYSA-N,3.150300000000002,355.22597716800004
"InChI=1S/C21H29N3O3/c1-15(2)24(20(3,4)27)14-12-21(19(22)26,18-11-7-8-13-23-18)16-9-5-6-10-17(16)25/h5-11,13,15,25,27H,12,14H2,1-4H3,(H2,22,26)",QJRYRPSMTFEUFM-UHFFFAOYSA-N,CC(C)(N(CCC(C1=C(C=CC=C1)O)(C2=CC=CC=N2)C(=O)N)C(C)C)O,,,C21H29N3O3,371.220891788,1.984000000000003,0,1,1,BTM00062,BTM00062,Aliphatic hydroxylation of carbon alpha to secondary or tertiary alkyl-N,BTMR1081,"CYP2B6
CYP2C19
CYP2D6",HUMAN,BTM00004,CC(C)N(CCC(C1=C(C=CC=C1)O)(C2=CC=CC=N2)C(=O)N)C(C)C,"InChI=1S/C21H29N3O2/c1-15(2)24(16(3)4)14-12-21(20(22)26,19-11-7-8-13-23-19)17-9-5-6-10-18(17)25/h5-11,13,15-16,25H,12,14H2,1-4H3,(H2,22,26)",PKBSYTBFOSLEPK-UHFFFAOYSA-N,3.150300000000002,355.22597716800004
"InChI=1S/C21H29N3O3/c1-14(2)24(15(3)4)19(26)13-21(20(22)27,18-11-7-8-12-23-18)16-9-5-6-10-17(16)25/h5-12,14-15,19,25-26H,13H2,1-4H3,(H2,22,27)",NLTZTWOZWMIFDH-UHFFFAOYSA-N,CC(C)N(C(CC(C1=C(C=CC=C1)O)(C2=CC=CC=N2)C(=O)N)O)C(C)C,,,C21H29N3O3,371.220891788,2.5518000000000023,0,1,1,BTM00063,BTM00063,Aliphatic hydroxylation of carbon alpha to secondary or tertiary alkyl-N,BTMR1081,"CYP2B6
CYP2C19
CYP2D6",HUMAN,BTM00004,CC(C)N(CCC(C1=C(C=CC=C1)O)(C2=CC=CC=N2)C(=O)N)C(C)C,"InChI=1S/C21H29N3O2/c1-15(2)24(16(3)4)14-12-21(20(22)26,19-11-7-8-13-23-19)17-9-5-6-10-18(17)25/h5-11,13,15-16,25H,12,14H2,1-4H3,(H2,22,26)",PKBSYTBFOSLEPK-UHFFFAOYSA-N,3.150300000000002,355.22597716800004
"InChI=1S/C21H29N3O3/c1-16(2)24(27,17(3)4)15-13-21(20(22)25,18-10-6-5-7-11-18)19-12-8-9-14-23(19)26/h5-12,14,16-17H,13,15H2,1-4H3,(H2,22,25)",YWMBVYAELZSPLR-UHFFFAOYSA-N,CC(C)[N+](CCC(C1=CC=CC=C1)(C2=CC=CC=[N+]2[O-])C(=O)N)(C(C)C)[O-],,,C21H29N3O3,371.220891788,2.7831000000000023,0,0,0,BTM00045,BTM00045,Pyridine N-oxidation,BTMR0096,"CYP1A2
CYP2C9
CYP2D6
CYP3A4",HUMAN,BTM00005,CC(C)[N+](CCC(C1=CC=CC=C1)(C2=CC=CC=N2)C(=O)N)(C(C)C)[O-],"InChI=1S/C21H29N3O2/c1-16(2)24(26,17(3)4)15-13-21(20(22)25,18-10-6-5-7-11-18)19-12-8-9-14-23-19/h5-12,14,16-17H,13,15H2,1-4H3,(H2,22,25)",RDKXFAYXBDWJTP-UHFFFAOYSA-N,3.0126000000000017,355.225977168
"InChI=1S/C21H29N3O3/c1-15(2)24(27,16(3)4)14-12-21(20(22)26,19-11-7-8-13-23-19)17-9-5-6-10-18(17)25/h5-11,13,15-16,25H,12,14H2,1-4H3,(H2,22,26)",PFTVBQUQONODBF-UHFFFAOYSA-N,CC(C)[N+](CCC(C1=C(C=CC=C1)O)(C2=CC=CC=N2)C(=O)N)(C(C)C)[O-],,,C21H29N3O3,371.220891788,2.7452000000000014,0,0,0,BTM00055,BTM00055,O-Hydroxylation of monosubstituted benzene,BTMR1034,"CYP1A2
CYP2C8
CYP2C9
CYP2C19
CYP3A4",HUMAN,BTM00005,CC(C)[N+](CCC(C1=CC=CC=C1)(C2=CC=CC=N2)C(=O)N)(C(C)C)[O-],"InChI=1S/C21H29N3O2/c1-16(2)24(26,17(3)4)15-13-21(20(22)25,18-10-6-5-7-11-18)19-12-8-9-14-23-19/h5-12,14,16-17H,13,15H2,1-4H3,(H2,22,25)",RDKXFAYXBDWJTP-UHFFFAOYSA-N,3.0126000000000017,355.225977168
"InChI=1S/C21H29N3O3/c1-15(2)24(27,16(3)4)14-12-21(20(22)26,19-7-5-6-13-23-19)17-8-10-18(25)11-9-17/h5-11,13,15-16,25H,12,14H2,1-4H3,(H2,22,26)",AOLPYJJNAWHQFF-UHFFFAOYSA-N,CC(C)[N+](CCC(C1=CC=C(C=C1)O)(C2=CC=CC=N2)C(=O)N)(C(C)C)[O-],,,C21H29N3O3,371.220891788,2.7452000000000014,0,0,0,BTM00064,BTM00064,Hydroxylation of benzene on carbon para to electron donating group,BTMR1047,"CYP1A2
CYP2C8
CYP2C9
CYP2D6
CYP3A4",HUMAN,BTM00005,CC(C)[N+](CCC(C1=CC=CC=C1)(C2=CC=CC=N2)C(=O)N)(C(C)C)[O-],"InChI=1S/C21H29N3O2/c1-16(2)24(26,17(3)4)15-13-21(20(22)25,18-10-6-5-7-11-18)19-12-8-9-14-23-19/h5-12,14,16-17H,13,15H2,1-4H3,(H2,22,25)",RDKXFAYXBDWJTP-UHFFFAOYSA-N,3.0126000000000017,355.225977168
"InChI=1S/C21H29N3O3/c1-16(2)24(27,17(3)15-25)14-12-21(20(22)26,18-9-5-4-6-10-18)19-11-7-8-13-23-19/h4-11,13,16-17,25H,12,14-15H2,1-3H3,(H2,22,26)",WQYMFYJXDREIRY-UHFFFAOYSA-N,C(C(C)[N+](CCC(C1=CC=CC=C1)(C2=CC=CC=N2)C(=O)N)(C(C)C)[O-])O,,,C21H29N3O3,371.220891788,2.124400000000003,0,0,0,BTM00065,BTM00065,Hydroxylation of terminal methyl,BTMR1061,"CYP1A2
CYP2A6
CYP2B6
CYP2C8
CYP2C9
CYP2C19
CYP2D6
CYP2E1
CYP3A4",HUMAN,BTM00005,CC(C)[N+](CCC(C1=CC=CC=C1)(C2=CC=CC=N2)C(=O)N)(C(C)C)[O-],"InChI=1S/C21H29N3O2/c1-16(2)24(26,17(3)4)15-13-21(20(22)25,18-10-6-5-7-11-18)19-12-8-9-14-23-19/h5-12,14,16-17H,13,15H2,1-4H3,(H2,22,25)",RDKXFAYXBDWJTP-UHFFFAOYSA-N,3.0126000000000017,355.225977168
"InChI=1S/C21H27N3O2/c1-16(2)24(26,17(3)4)15-13-21(20(22)25,18-10-6-5-7-11-18)19-12-8-9-14-23-19/h5-12,14,17H,1,13,15H2,2-4H3,(H2,22,25)",CMGBNXOTPAAKEK-UHFFFAOYSA-N,C=C(C)[N+](CCC(C1=CC=CC=C1)(C2=CC=CC=N2)C(=O)N)(C(C)C)[O-],,,C21H27N3O2,353.21032710400004,2.8842000000000025,0,0,0,BTM00066,BTM00066,Terminal desaturation,BTMR1190,"CYP1A2
CYP2A6
CYP2C9
CYP2D6
CYP3A4",HUMAN,BTM00005,CC(C)[N+](CCC(C1=CC=CC=C1)(C2=CC=CC=N2)C(=O)N)(C(C)C)[O-],"InChI=1S/C21H29N3O2/c1-16(2)24(26,17(3)4)15-13-21(20(22)25,18-10-6-5-7-11-18)19-12-8-9-14-23-19/h5-12,14,16-17H,13,15H2,1-4H3,(H2,22,25)",RDKXFAYXBDWJTP-UHFFFAOYSA-N,3.0126000000000017,355.225977168
"InChI=1S/C21H29N3O3/c1-15(2)23(16(3)4)14-12-21(20(22)26,17-8-10-18(25)11-9-17)19-7-5-6-13-24(19)27/h5-11,13,15-16,25H,12,14H2,1-4H3,(H2,22,26)",ZEFIBVGEDGEGOE-UHFFFAOYSA-N,CC(C)N(CCC(C1=CC=C(C=C1)O)(C2=CC=CC=[N+]2[O-])C(=O)N)C(C)C,,,C21H29N3O3,371.220891788,2.9208000000000016,0,0,0,BTM00046,BTM00046,Pyridine N-oxidation,BTMR0096,"CYP1A2
CYP2C9
CYP2D6
CYP3A4",HUMAN,BTM00006,CC(C)N(CCC(C1=CC=C(C=C1)O)(C2=CC=CC=N2)C(=O)N)C(C)C,"InChI=1S/C21H29N3O2/c1-15(2)24(16(3)4)14-12-21(20(22)26,19-7-5-6-13-23-19)17-8-10-18(25)11-9-17/h5-11,13,15-16,25H,12,14H2,1-4H3,(H2,22,26)",IGDCCAGTPIOGTJ-UHFFFAOYSA-N,3.150300000000002,355.22597716800004
"InChI=1S/C21H29N3O3/c1-14(2)24(15(3)4)12-10-21(20(22)27,19-7-5-6-11-23-19)16-8-9-17(25)18(26)13-16/h5-9,11,13-15,25-26H,10,12H2,1-4H3,(H2,22,27)",ILLAUPCVPDTNSD-UHFFFAOYSA-N,CC(C)N(CCC(C1=CC=C(C(=C1)O)O)(C2=CC=CC=N2)C(=O)N)C(C)C,,,C21H29N3O3,371.220891788,2.8829000000000042,0,1,1,BTM00067,BTM00067,"2-Hydroxylation of 1,4-disubstituted benzene",BTMR0037,CYP1A2,HUMAN,BTM00006,CC(C)N(CCC(C1=CC=C(C=C1)O)(C2=CC=CC=N2)C(=O)N)C(C)C,"InChI=1S/C21H29N3O2/c1-15(2)24(16(3)4)14-12-21(20(22)26,19-7-5-6-13-23-19)17-8-10-18(25)11-9-17/h5-11,13,15-16,25H,12,14H2,1-4H3,(H2,22,26)",IGDCCAGTPIOGTJ-UHFFFAOYSA-N,3.150300000000002,355.22597716800004
"InChI=1S/C21H29N3O3/c1-15(2)24(27,16(3)4)14-12-21(20(22)26,19-7-5-6-13-23-19)17-8-10-18(25)11-9-17/h5-11,13,15-16,25H,12,14H2,1-4H3,(H2,22,26)",AOLPYJJNAWHQFF-UHFFFAOYSA-N,CC(C)[N+](CCC(C1=CC=C(C=C1)O)(C2=CC=CC=N2)C(=O)N)(C(C)C)[O-],,,C21H29N3O3,371.220891788,2.7452000000000014,0,0,0,BTM00064,BTM00064,N-Oxidation of aliphatic tertiary amine,BTMR1100,"CYP1A2
CYP2D6
CYP3A4",HUMAN,BTM00006,CC(C)N(CCC(C1=CC=C(C=C1)O)(C2=CC=CC=N2)C(=O)N)C(C)C,"InChI=1S/C21H29N3O2/c1-15(2)24(16(3)4)14-12-21(20(22)26,19-7-5-6-13-23-19)17-8-10-18(25)11-9-17/h5-11,13,15-16,25H,12,14H2,1-4H3,(H2,22,26)",IGDCCAGTPIOGTJ-UHFFFAOYSA-N,3.150300000000002,355.22597716800004
InChI=1S/C3H6O/c1-3(2)4/h1-2H3,CSCPPACGZOOCGX-UHFFFAOYSA-N,CC(C)=O,,,C3H6O,58.041864812,-0.24400000000000033,0,0,0,BTM00007,BTM00007,N-Deisopropylation,BTMR0051,"CYP1A2
CYP2B6
CYP2C8
CYP2C9
CYP2C19
CYP2E1
CYP3A4",HUMAN,BTM00006,CC(C)N(CCC(C1=CC=C(C=C1)O)(C2=CC=CC=N2)C(=O)N)C(C)C,"InChI=1S/C21H29N3O2/c1-15(2)24(16(3)4)14-12-21(20(22)26,19-7-5-6-13-23-19)17-8-10-18(25)11-9-17/h5-11,13,15-16,25H,12,14H2,1-4H3,(H2,22,26)",IGDCCAGTPIOGTJ-UHFFFAOYSA-N,3.150300000000002,355.22597716800004
"InChI=1S/C18H23N3O2/c1-13(2)20-12-10-18(17(19)23,16-5-3-4-11-21-16)14-6-8-15(22)9-7-14/h3-9,11,13,20,22H,10,12H2,1-2H3,(H2,19,23)",ONIXXSYMPHRZLO-UHFFFAOYSA-N,N(CCC(C1=CC=C(C=C1)O)(C2=CC=CC=N2)C(=O)N)C(C)C,,,C18H23N3O2,313.179026976,1.8881000000000019,0,1,1,BTM00068,BTM00068,N-Deisopropylation,BTMR0051,"CYP1A2
CYP2B6
CYP2C8
CYP2C9
CYP2C19
CYP2E1
CYP3A4",HUMAN,BTM00006,CC(C)N(CCC(C1=CC=C(C=C1)O)(C2=CC=CC=N2)C(=O)N)C(C)C,"InChI=1S/C21H29N3O2/c1-15(2)24(16(3)4)14-12-21(20(22)26,19-7-5-6-13-23-19)17-8-10-18(25)11-9-17/h5-11,13,15-16,25H,12,14H2,1-4H3,(H2,22,26)",IGDCCAGTPIOGTJ-UHFFFAOYSA-N,3.150300000000002,355.22597716800004
"InChI=1S/C21H29N3O3/c1-15(2)24(16(3)14-25)13-11-21(20(22)27,19-6-4-5-12-23-19)17-7-9-18(26)10-8-17/h4-10,12,15-16,25-26H,11,13-14H2,1-3H3,(H2,22,27)",OKHSIAJFOQOWHK-UHFFFAOYSA-N,C(C(C)N(CCC(C1=CC=C(C=C1)O)(C2=CC=CC=N2)C(=O)N)C(C)C)O,,,C21H29N3O3,371.220891788,2.2621000000000016,0,1,1,BTM00069,BTM00069,Hydroxylation of terminal methyl,BTMR1061,"CYP1A2
CYP2A6
CYP2B6
CYP2C8
CYP2C9
CYP2C19
CYP2D6
CYP2E1
CYP3A4",HUMAN,BTM00006,CC(C)N(CCC(C1=CC=C(C=C1)O)(C2=CC=CC=N2)C(=O)N)C(C)C,"InChI=1S/C21H29N3O2/c1-15(2)24(16(3)4)14-12-21(20(22)26,19-7-5-6-13-23-19)17-8-10-18(25)11-9-17/h5-11,13,15-16,25H,12,14H2,1-4H3,(H2,22,26)",IGDCCAGTPIOGTJ-UHFFFAOYSA-N,3.150300000000002,355.22597716800004
"InChI=1S/C21H27N3O2/c1-15(2)24(16(3)4)14-12-21(20(22)26,19-7-5-6-13-23-19)17-8-10-18(25)11-9-17/h5-11,13,16,25H,1,12,14H2,2-4H3,(H2,22,26)",OJFZVJNTXLJQAB-UHFFFAOYSA-N,C=C(C)N(CCC(C1=CC=C(C=C1)O)(C2=CC=CC=N2)C(=O)N)C(C)C,,,C21H27N3O2,353.21032710400004,3.021900000000002,0,0,0,BTM00070,BTM00070,Terminal desaturation,BTMR1190,"CYP1A2
CYP2A6
CYP2C9
CYP2D6
CYP3A4",HUMAN,BTM00006,CC(C)N(CCC(C1=CC=C(C=C1)O)(C2=CC=CC=N2)C(=O)N)C(C)C,"InChI=1S/C21H29N3O2/c1-15(2)24(16(3)4)14-12-21(20(22)26,19-7-5-6-13-23-19)17-8-10-18(25)11-9-17/h5-11,13,15-16,25H,12,14H2,1-4H3,(H2,22,26)",IGDCCAGTPIOGTJ-UHFFFAOYSA-N,3.150300000000002,355.22597716800004
InChI=1S/C3H6O/c1-3(2)4/h1-2H3,CSCPPACGZOOCGX-UHFFFAOYSA-N,CC(C)=O,,,C3H6O,58.041864812,-0.24400000000000033,0,0,0,BTM00007,BTM00007,N-Dealkylation of acyclic tertiary amine,BTMR1142,"CYP1A2
CYP2A6
CYP2B6
CYP2C8
CYP2C9
CYP2C19
CYP2D6
CYP2E1
CYP3A4",HUMAN,BTM00006,CC(C)N(CCC(C1=CC=C(C=C1)O)(C2=CC=CC=N2)C(=O)N)C(C)C,"InChI=1S/C21H29N3O2/c1-15(2)24(16(3)4)14-12-21(20(22)26,19-7-5-6-13-23-19)17-8-10-18(25)11-9-17/h5-11,13,15-16,25H,12,14H2,1-4H3,(H2,22,26)",IGDCCAGTPIOGTJ-UHFFFAOYSA-N,3.150300000000002,355.22597716800004
"InChI=1S/C18H23N3O2/c1-13(2)20-12-10-18(17(19)23,16-5-3-4-11-21-16)14-6-8-15(22)9-7-14/h3-9,11,13,20,22H,10,12H2,1-2H3,(H2,19,23)",ONIXXSYMPHRZLO-UHFFFAOYSA-N,N(CCC(C1=CC=C(C=C1)O)(C2=CC=CC=N2)C(=O)N)C(C)C,,,C18H23N3O2,313.179026976,1.8881000000000019,0,1,1,BTM00068,BTM00068,N-Dealkylation of acyclic tertiary amine,BTMR1142,"CYP1A2
CYP2A6
CYP2B6
CYP2C8
CYP2C9
CYP2C19
CYP2D6
CYP2E1
CYP3A4",HUMAN,BTM00006,CC(C)N(CCC(C1=CC=C(C=C1)O)(C2=CC=CC=N2)C(=O)N)C(C)C,"InChI=1S/C21H29N3O2/c1-15(2)24(16(3)4)14-12-21(20(22)26,19-7-5-6-13-23-19)17-8-10-18(25)11-9-17/h5-11,13,15-16,25H,12,14H2,1-4H3,(H2,22,26)",IGDCCAGTPIOGTJ-UHFFFAOYSA-N,3.150300000000002,355.22597716800004
"InChI=1S/C6H15N/c1-5(2)7-6(3)4/h5-7H,1-4H3",UAOMVDZJSHZZME-UHFFFAOYSA-N,CC(C)NC(C)C,,,C6H15N,101.12044947999999,1.2368000000000003,0,0,0,BTM00011,BTM00011,N-Dealkylation of acyclic tertiary amine,BTMR1142,"CYP1A2
CYP2A6
CYP2B6
CYP2C8
CYP2C9
CYP2C19
CYP2D6
CYP2E1
CYP3A4",HUMAN,BTM00006,CC(C)N(CCC(C1=CC=C(C=C1)O)(C2=CC=CC=N2)C(=O)N)C(C)C,"InChI=1S/C21H29N3O2/c1-15(2)24(16(3)4)14-12-21(20(22)26,19-7-5-6-13-23-19)17-8-10-18(25)11-9-17/h5-11,13,15-16,25H,12,14H2,1-4H3,(H2,22,26)",IGDCCAGTPIOGTJ-UHFFFAOYSA-N,3.150300000000002,355.22597716800004
"InChI=1S/C15H14N2O3/c16-14(20)15(8-10-18,13-3-1-2-9-17-13)11-4-6-12(19)7-5-11/h1-7,9-10,19H,8H2,(H2,16,20)",QIZBXWDTPJTQCY-UHFFFAOYSA-N,C(CC(C1=CC=C(C=C1)O)(C2=CC=CC=N2)C(=O)N)=O,,,C15H14N2O3,270.10044230799997,0.9895000000000004,0,0,0,BTM00071,BTM00071,N-Dealkylation of acyclic tertiary amine,BTMR1142,"CYP1A2
CYP2A6
CYP2B6
CYP2C8
CYP2C9
CYP2C19
CYP2D6
CYP2E1
CYP3A4",HUMAN,BTM00006,CC(C)N(CCC(C1=CC=C(C=C1)O)(C2=CC=CC=N2)C(=O)N)C(C)C,"InChI=1S/C21H29N3O2/c1-15(2)24(16(3)4)14-12-21(20(22)26,19-7-5-6-13-23-19)17-8-10-18(25)11-9-17/h5-11,13,15-16,25H,12,14H2,1-4H3,(H2,22,26)",IGDCCAGTPIOGTJ-UHFFFAOYSA-N,3.150300000000002,355.22597716800004
"InChI=1S/C21H29N3O3/c1-15(2)24(20(3,4)27)14-12-21(19(22)26,18-7-5-6-13-23-18)16-8-10-17(25)11-9-16/h5-11,13,15,25,27H,12,14H2,1-4H3,(H2,22,26)",YDYNZSCMISDIFJ-UHFFFAOYSA-N,CC(C)(N(CCC(C1=CC=C(C=C1)O)(C2=CC=CC=N2)C(=O)N)C(C)C)O,,,C21H29N3O3,371.220891788,1.984000000000003,0,1,1,BTM00072,BTM00072,Aliphatic hydroxylation of carbon alpha to secondary or tertiary alkyl-N,BTMR1081,"CYP2B6
CYP2C19
CYP2D6",HUMAN,BTM00006,CC(C)N(CCC(C1=CC=C(C=C1)O)(C2=CC=CC=N2)C(=O)N)C(C)C,"InChI=1S/C21H29N3O2/c1-15(2)24(16(3)4)14-12-21(20(22)26,19-7-5-6-13-23-19)17-8-10-18(25)11-9-17/h5-11,13,15-16,25H,12,14H2,1-4H3,(H2,22,26)",IGDCCAGTPIOGTJ-UHFFFAOYSA-N,3.150300000000002,355.22597716800004
"InChI=1S/C21H29N3O3/c1-14(2)24(15(3)4)19(26)13-21(20(22)27,18-7-5-6-12-23-18)16-8-10-17(25)11-9-16/h5-12,14-15,19,25-26H,13H2,1-4H3,(H2,22,27)",MMFWERPPFBJOST-UHFFFAOYSA-N,CC(C)N(C(CC(C1=CC=C(C=C1)O)(C2=CC=CC=N2)C(=O)N)O)C(C)C,,,C21H29N3O3,371.220891788,2.5518000000000023,0,1,1,BTM00073,BTM00073,Aliphatic hydroxylation of carbon alpha to secondary or tertiary alkyl-N,BTMR1081,"CYP2B6
CYP2C19
CYP2D6",HUMAN,BTM00006,CC(C)N(CCC(C1=CC=C(C=C1)O)(C2=CC=CC=N2)C(=O)N)C(C)C,"InChI=1S/C21H29N3O2/c1-15(2)24(16(3)4)14-12-21(20(22)26,19-7-5-6-13-23-19)17-8-10-18(25)11-9-17/h5-11,13,15-16,25H,12,14H2,1-4H3,(H2,22,26)",IGDCCAGTPIOGTJ-UHFFFAOYSA-N,3.150300000000002,355.22597716800004
"InChI=1S/C18H23N3O2/c1-14(2)20-12-11-18(17(19)22,15-8-4-3-5-9-15)16-10-6-7-13-21(16)23/h3-10,13-14,20H,11-12H2,1-2H3,(H2,19,22)",UPAPVGQHFHXRFU-UHFFFAOYSA-N,N(CCC(C1=CC=CC=C1)(C2=CC=CC=[N+]2[O-])C(=O)N)C(C)C,,,C18H23N3O2,313.17902697600005,1.9260000000000022,0,0,0,BTM00047,BTM00047,Pyridine N-oxidation,BTMR0096,"CYP1A2
CYP2C9
CYP2D6
CYP3A4",HUMAN,BTM00008,N(CCC(C1=CC=CC=C1)(C2=CC=CC=N2)C(=O)N)C(C)C,"InChI=1S/C18H23N3O/c1-14(2)20-13-11-18(17(19)22,15-8-4-3-5-9-15)16-10-6-7-12-21-16/h3-10,12,14,20H,11,13H2,1-2H3,(H2,19,22)",UWNSWIXIVDMCHZ-UHFFFAOYSA-N,2.1555000000000026,297.18411235599996
"InChI=1S/C18H23N3O2/c1-13(2)20-12-10-18(17(19)23,16-9-5-6-11-21-16)14-7-3-4-8-15(14)22/h3-9,11,13,20,22H,10,12H2,1-2H3,(H2,19,23)",UMMJTEFLNNZOIN-UHFFFAOYSA-N,N(CCC(C1=C(C=CC=C1)O)(C2=CC=CC=N2)C(=O)N)C(C)C,,,C18H23N3O2,313.179026976,1.8881000000000019,0,1,1,BTM00057,BTM00057,O-Hydroxylation of monosubstituted benzene,BTMR1034,"CYP1A2
CYP2C8
CYP2C9
CYP2C19
CYP3A4",HUMAN,BTM00008,N(CCC(C1=CC=CC=C1)(C2=CC=CC=N2)C(=O)N)C(C)C,"InChI=1S/C18H23N3O/c1-14(2)20-13-11-18(17(19)22,15-8-4-3-5-9-15)16-10-6-7-12-21-16/h3-10,12,14,20H,11,13H2,1-2H3,(H2,19,22)",UWNSWIXIVDMCHZ-UHFFFAOYSA-N,2.1555000000000026,297.18411235599996
"InChI=1S/C18H23N3O2/c1-13(2)20-12-10-18(17(19)23,16-5-3-4-11-21-16)14-6-8-15(22)9-7-14/h3-9,11,13,20,22H,10,12H2,1-2H3,(H2,19,23)",ONIXXSYMPHRZLO-UHFFFAOYSA-N,N(CCC(C1=CC=C(C=C1)O)(C2=CC=CC=N2)C(=O)N)C(C)C,,,C18H23N3O2,313.179026976,1.8881000000000019,0,1,1,BTM00068,BTM00068,Hydroxylation of benzene on carbon para to electron donating group,BTMR1047,"CYP1A2
CYP2C8
CYP2C9
CYP2D6
CYP3A4",HUMAN,BTM00008,N(CCC(C1=CC=CC=C1)(C2=CC=CC=N2)C(=O)N)C(C)C,"InChI=1S/C18H23N3O/c1-14(2)20-13-11-18(17(19)22,15-8-4-3-5-9-15)16-10-6-7-12-21-16/h3-10,12,14,20H,11,13H2,1-2H3,(H2,19,22)",UWNSWIXIVDMCHZ-UHFFFAOYSA-N,2.1555000000000026,297.18411235599996
"InChI=1S/C15H17N3O/c16-10-9-15(14(17)19,12-6-2-1-3-7-12)13-8-4-5-11-18-13/h1-8,11H,9-10,16H2,(H2,17,19)",PTPWRYLEPHBZRN-UHFFFAOYSA-N,NCCC(C1=CC=CC=C1)(C2=CC=CC=N2)C(=O)N,,,C15H17N3O,255.137162164,0.9974000000000015,0,0,0,BTM00074,BTM00074,N-Deisopropylation,BTMR0051,"CYP1A2
CYP2B6
CYP2C8
CYP2C9
CYP2C19
CYP2E1
CYP3A4",HUMAN,BTM00008,N(CCC(C1=CC=CC=C1)(C2=CC=CC=N2)C(=O)N)C(C)C,"InChI=1S/C18H23N3O/c1-14(2)20-13-11-18(17(19)22,15-8-4-3-5-9-15)16-10-6-7-12-21-16/h3-10,12,14,20H,11,13H2,1-2H3,(H2,19,22)",UWNSWIXIVDMCHZ-UHFFFAOYSA-N,2.1555000000000026,297.18411235599996
InChI=1S/C3H6O/c1-3(2)4/h1-2H3,CSCPPACGZOOCGX-UHFFFAOYSA-N,CC(C)=O,,,C3H6O,58.041864812,-0.24400000000000033,0,0,0,BTM00007,BTM00007,N-Deisopropylation,BTMR0051,"CYP1A2
CYP2B6
CYP2C8
CYP2C9
CYP2C19
CYP2E1
CYP3A4",HUMAN,BTM00008,N(CCC(C1=CC=CC=C1)(C2=CC=CC=N2)C(=O)N)C(C)C,"InChI=1S/C18H23N3O/c1-14(2)20-13-11-18(17(19)22,15-8-4-3-5-9-15)16-10-6-7-12-21-16/h3-10,12,14,20H,11,13H2,1-2H3,(H2,19,22)",UWNSWIXIVDMCHZ-UHFFFAOYSA-N,2.1555000000000026,297.18411235599996
"InChI=1S/C18H23N3O2/c1-14(13-22)20-12-10-18(17(19)23,15-7-3-2-4-8-15)16-9-5-6-11-21-16/h2-9,11,14,20,22H,10,12-13H2,1H3,(H2,19,23)",AHPVULQXSKPXCW-UHFFFAOYSA-N,N(CCC(C1=CC=CC=C1)(C2=CC=CC=N2)C(=O)N)C(C)CO,,,C18H23N3O2,313.17902697600005,1.2673000000000014,0,1,1,BTM00075,BTM00075,Hydroxylation of terminal methyl,BTMR1061,"CYP1A2
CYP2A6
CYP2B6
CYP2C8
CYP2C9
CYP2C19
CYP2D6
CYP2E1
CYP3A4",HUMAN,BTM00008,N(CCC(C1=CC=CC=C1)(C2=CC=CC=N2)C(=O)N)C(C)C,"InChI=1S/C18H23N3O/c1-14(2)20-13-11-18(17(19)22,15-8-4-3-5-9-15)16-10-6-7-12-21-16/h3-10,12,14,20H,11,13H2,1-2H3,(H2,19,22)",UWNSWIXIVDMCHZ-UHFFFAOYSA-N,2.1555000000000026,297.18411235599996
"InChI=1S/C18H21N3O/c1-14(2)20-13-11-18(17(19)22,15-8-4-3-5-9-15)16-10-6-7-12-21-16/h3-10,12,20H,1,11,13H2,2H3,(H2,19,22)",YTHFQPGPORIWME-UHFFFAOYSA-N,N(CCC(C1=CC=CC=C1)(C2=CC=CC=N2)C(=O)N)C(=C)C,,,C18H21N3O,295.168462292,2.0270999999999995,0,0,0,BTM00076,BTM00076,Terminal desaturation,BTMR1190,"CYP1A2
CYP2A6
CYP2C9
CYP2D6
CYP3A4",HUMAN,BTM00008,N(CCC(C1=CC=CC=C1)(C2=CC=CC=N2)C(=O)N)C(C)C,"InChI=1S/C18H23N3O/c1-14(2)20-13-11-18(17(19)22,15-8-4-3-5-9-15)16-10-6-7-12-21-16/h3-10,12,14,20H,11,13H2,1-2H3,(H2,19,22)",UWNSWIXIVDMCHZ-UHFFFAOYSA-N,2.1555000000000026,297.18411235599996
"InChI=1S/C15H17N3O/c16-10-9-15(14(17)19,12-6-2-1-3-7-12)13-8-4-5-11-18-13/h1-8,11H,9-10,16H2,(H2,17,19)",PTPWRYLEPHBZRN-UHFFFAOYSA-N,NCCC(C1=CC=CC=C1)(C2=CC=CC=N2)C(=O)N,,,C15H17N3O,255.137162164,0.9974000000000015,0,0,0,BTM00074,BTM00074,N-Dealkylation of acyclic secondary amine,BTMR1140,"CYP1A2
CYP2B6
CYP2C8
CYP2C9
CYP2C19
CYP2D6
CYP3A4",HUMAN,BTM00008,N(CCC(C1=CC=CC=C1)(C2=CC=CC=N2)C(=O)N)C(C)C,"InChI=1S/C18H23N3O/c1-14(2)20-13-11-18(17(19)22,15-8-4-3-5-9-15)16-10-6-7-12-21-16/h3-10,12,14,20H,11,13H2,1-2H3,(H2,19,22)",UWNSWIXIVDMCHZ-UHFFFAOYSA-N,2.1555000000000026,297.18411235599996
InChI=1S/C3H6O/c1-3(2)4/h1-2H3,CSCPPACGZOOCGX-UHFFFAOYSA-N,CC(C)=O,,,C3H6O,58.041864812,-0.24400000000000033,0,0,0,BTM00007,BTM00007,N-Dealkylation of acyclic secondary amine,BTMR1140,"CYP1A2
CYP2B6
CYP2C8
CYP2C9
CYP2C19
CYP2D6
CYP3A4",HUMAN,BTM00008,N(CCC(C1=CC=CC=C1)(C2=CC=CC=N2)C(=O)N)C(C)C,"InChI=1S/C18H23N3O/c1-14(2)20-13-11-18(17(19)22,15-8-4-3-5-9-15)16-10-6-7-12-21-16/h3-10,12,14,20H,11,13H2,1-2H3,(H2,19,22)",UWNSWIXIVDMCHZ-UHFFFAOYSA-N,2.1555000000000026,297.18411235599996
"InChI=1S/C3H9N/c1-3(2)4/h3H,4H2,1-2H3",JJWLVOIRVHMVIS-UHFFFAOYSA-N,NC(C)C,,,C3H9N,59.073499287999994,0.07870000000000044,0,0,0,BTM00077,BTM00077,N-Dealkylation of acyclic secondary amine,BTMR1140,"CYP1A2
CYP2B6
CYP2C8
CYP2C9
CYP2C19
CYP2D6
CYP3A4",HUMAN,BTM00008,N(CCC(C1=CC=CC=C1)(C2=CC=CC=N2)C(=O)N)C(C)C,"InChI=1S/C18H23N3O/c1-14(2)20-13-11-18(17(19)22,15-8-4-3-5-9-15)16-10-6-7-12-21-16/h3-10,12,14,20H,11,13H2,1-2H3,(H2,19,22)",UWNSWIXIVDMCHZ-UHFFFAOYSA-N,2.1555000000000026,297.18411235599996
"InChI=1S/C15H14N2O2/c16-14(19)15(9-11-18,12-6-2-1-3-7-12)13-8-4-5-10-17-13/h1-8,10-11H,9H2,(H2,16,19)",NBULESZNHAYVOC-UHFFFAOYSA-N,C(CC(C1=CC=CC=C1)(C2=CC=CC=N2)C(=O)N)=O,,,C15H14N2O2,254.105527688,1.2569,0,0,0,BTM00012,BTM00012,N-Dealkylation of acyclic secondary amine,BTMR1140,"CYP1A2
CYP2B6
CYP2C8
CYP2C9
CYP2C19
CYP2D6
CYP3A4",HUMAN,BTM00008,N(CCC(C1=CC=CC=C1)(C2=CC=CC=N2)C(=O)N)C(C)C,"InChI=1S/C18H23N3O/c1-14(2)20-13-11-18(17(19)22,15-8-4-3-5-9-15)16-10-6-7-12-21-16/h3-10,12,14,20H,11,13H2,1-2H3,(H2,19,22)",UWNSWIXIVDMCHZ-UHFFFAOYSA-N,2.1555000000000026,297.18411235599996
"InChI=1S/C21H29N3O3/c1-16(2)23(17(3)15-25)14-12-21(20(22)26,18-9-5-4-6-10-18)19-11-7-8-13-24(19)27/h4-11,13,16-17,25H,12,14-15H2,1-3H3,(H2,22,26)",IXJGLLQGRPDXRI-UHFFFAOYSA-N,C(C(C)N(CCC(C1=CC=CC=C1)(C2=CC=CC=[N+]2[O-])C(=O)N)C(C)C)O,,,C21H29N3O3,371.220891788,2.3000000000000034,0,0,0,BTM00048,BTM00048,Pyridine N-oxidation,BTMR0096,"CYP1A2
CYP2C9
CYP2D6
CYP3A4",HUMAN,BTM00009,C(C(C)N(CCC(C1=CC=CC=C1)(C2=CC=CC=N2)C(=O)N)C(C)C)O,"InChI=1S/C21H29N3O2/c1-16(2)24(17(3)15-25)14-12-21(20(22)26,18-9-5-4-6-10-18)19-11-7-8-13-23-19/h4-11,13,16-17,25H,12,14-15H2,1-3H3,(H2,22,26)",UYJGCSCUSFDCSO-UHFFFAOYSA-N,2.529500000000003,355.22597716800004
"InChI=1S/C21H29N3O3/c1-15(2)24(16(3)14-25)13-11-21(20(22)27,19-10-6-7-12-23-19)17-8-4-5-9-18(17)26/h4-10,12,15-16,25-26H,11,13-14H2,1-3H3,(H2,22,27)",IOCRCWALQRVJOO-UHFFFAOYSA-N,C(C(C)N(CCC(C1=C(C=CC=C1)O)(C2=CC=CC=N2)C(=O)N)C(C)C)O,,,C21H29N3O3,371.220891788,2.2621000000000016,0,1,1,BTM00058,BTM00058,O-Hydroxylation of monosubstituted benzene,BTMR1034,"CYP1A2
CYP2C8
CYP2C9
CYP2C19
CYP3A4",HUMAN,BTM00009,C(C(C)N(CCC(C1=CC=CC=C1)(C2=CC=CC=N2)C(=O)N)C(C)C)O,"InChI=1S/C21H29N3O2/c1-16(2)24(17(3)15-25)14-12-21(20(22)26,18-9-5-4-6-10-18)19-11-7-8-13-23-19/h4-11,13,16-17,25H,12,14-15H2,1-3H3,(H2,22,26)",UYJGCSCUSFDCSO-UHFFFAOYSA-N,2.529500000000003,355.22597716800004
"InChI=1S/C21H29N3O3/c1-16(2)24(27,17(3)15-25)14-12-21(20(22)26,18-9-5-4-6-10-18)19-11-7-8-13-23-19/h4-11,13,16-17,25H,12,14-15H2,1-3H3,(H2,22,26)",WQYMFYJXDREIRY-UHFFFAOYSA-N,C(C(C)[N+](CCC(C1=CC=CC=C1)(C2=CC=CC=N2)C(=O)N)(C(C)C)[O-])O,,,C21H29N3O3,371.220891788,2.124400000000003,0,0,0,BTM00065,BTM00065,N-Oxidation of aliphatic tertiary amine,BTMR1100,"CYP1A2
CYP2D6
CYP3A4",HUMAN,BTM00009,C(C(C)N(CCC(C1=CC=CC=C1)(C2=CC=CC=N2)C(=O)N)C(C)C)O,"InChI=1S/C21H29N3O2/c1-16(2)24(17(3)15-25)14-12-21(20(22)26,18-9-5-4-6-10-18)19-11-7-8-13-23-19/h4-11,13,16-17,25H,12,14-15H2,1-3H3,(H2,22,26)",UYJGCSCUSFDCSO-UHFFFAOYSA-N,2.529500000000003,355.22597716800004
"InChI=1S/C21H29N3O3/c1-15(2)24(16(3)14-25)13-11-21(20(22)27,19-6-4-5-12-23-19)17-7-9-18(26)10-8-17/h4-10,12,15-16,25-26H,11,13-14H2,1-3H3,(H2,22,27)",OKHSIAJFOQOWHK-UHFFFAOYSA-N,C(C(C)N(CCC(C1=CC=C(C=C1)O)(C2=CC=CC=N2)C(=O)N)C(C)C)O,,,C21H29N3O3,371.220891788,2.2621000000000016,0,1,1,BTM00069,BTM00069,Hydroxylation of benzene on carbon para to electron donating group,BTMR1047,"CYP1A2
CYP2C8
CYP2C9
CYP2D6
CYP3A4",HUMAN,BTM00009,C(C(C)N(CCC(C1=CC=CC=C1)(C2=CC=CC=N2)C(=O)N)C(C)C)O,"InChI=1S/C21H29N3O2/c1-16(2)24(17(3)15-25)14-12-21(20(22)26,18-9-5-4-6-10-18)19-11-7-8-13-23-19/h4-11,13,16-17,25H,12,14-15H2,1-3H3,(H2,22,26)",UYJGCSCUSFDCSO-UHFFFAOYSA-N,2.529500000000003,355.22597716800004
"InChI=1S/C21H27N3O2/c1-16(2)24(17(3)15-25)14-12-21(20(22)26,18-9-5-4-6-10-18)19-11-7-8-13-23-19/h4-11,13,15-17H,12,14H2,1-3H3,(H2,22,26)",MLPQKYMXSWFZPS-UHFFFAOYSA-N,C(C(C)N(CCC(C1=CC=CC=C1)(C2=CC=CC=N2)C(=O)N)C(C)C)=O,,,C21H27N3O2,353.21032710400004,2.7858000000000023,0,0,0,BTM00078,BTM00078,Oxidation of primary alcohol to aldehyde,BTMR0105,"CYP1A2
CYP2E1
CYP3A4",HUMAN,BTM00009,C(C(C)N(CCC(C1=CC=CC=C1)(C2=CC=CC=N2)C(=O)N)C(C)C)O,"InChI=1S/C21H29N3O2/c1-16(2)24(17(3)15-25)14-12-21(20(22)26,18-9-5-4-6-10-18)19-11-7-8-13-23-19/h4-11,13,16-17,25H,12,14-15H2,1-3H3,(H2,22,26)",UYJGCSCUSFDCSO-UHFFFAOYSA-N,2.529500000000003,355.22597716800004
"InChI=1S/C18H23N3O2/c1-14(13-22)20-12-10-18(17(19)23,15-7-3-2-4-8-15)16-9-5-6-11-21-16/h2-9,11,14,20,22H,10,12-13H2,1H3,(H2,19,23)",AHPVULQXSKPXCW-UHFFFAOYSA-N,N(CCC(C1=CC=CC=C1)(C2=CC=CC=N2)C(=O)N)C(C)CO,,,C18H23N3O2,313.17902697600005,1.2673000000000014,0,1,1,BTM00075,BTM00075,N-Deisopropylation,BTMR0051,"CYP1A2
CYP2B6
CYP2C8
CYP2C9
CYP2C19
CYP2E1
CYP3A4",HUMAN,BTM00009,C(C(C)N(CCC(C1=CC=CC=C1)(C2=CC=CC=N2)C(=O)N)C(C)C)O,"InChI=1S/C21H29N3O2/c1-16(2)24(17(3)15-25)14-12-21(20(22)26,18-9-5-4-6-10-18)19-11-7-8-13-23-19/h4-11,13,16-17,25H,12,14-15H2,1-3H3,(H2,22,26)",UYJGCSCUSFDCSO-UHFFFAOYSA-N,2.529500000000003,355.22597716800004
InChI=1S/C3H6O/c1-3(2)4/h1-2H3,CSCPPACGZOOCGX-UHFFFAOYSA-N,CC(C)=O,,,C3H6O,58.041864812,-0.24400000000000033,0,0,0,BTM00007,BTM00007,N-Deisopropylation,BTMR0051,"CYP1A2
CYP2B6
CYP2C8
CYP2C9
CYP2C19
CYP2E1
CYP3A4",HUMAN,BTM00009,C(C(C)N(CCC(C1=CC=CC=C1)(C2=CC=CC=N2)C(=O)N)C(C)C)O,"InChI=1S/C21H29N3O2/c1-16(2)24(17(3)15-25)14-12-21(20(22)26,18-9-5-4-6-10-18)19-11-7-8-13-23-19/h4-11,13,16-17,25H,12,14-15H2,1-3H3,(H2,22,26)",UYJGCSCUSFDCSO-UHFFFAOYSA-N,2.529500000000003,355.22597716800004
"InChI=1S/C21H29N3O3/c1-16(14-25)24(17(2)15-26)13-11-21(20(22)27,18-8-4-3-5-9-18)19-10-6-7-12-23-19/h3-10,12,16-17,25-26H,11,13-15H2,1-2H3,(H2,22,27)",FWNUOJGRLOZFGR-UHFFFAOYSA-N,C(C(C)N(CCC(C1=CC=CC=C1)(C2=CC=CC=N2)C(=O)N)C(C)CO)O,,,C21H29N3O3,371.220891788,1.6413000000000015,0,1,1,BTM00079,BTM00079,Hydroxylation of terminal methyl,BTMR1061,"CYP1A2
CYP2A6
CYP2B6
CYP2C8
CYP2C9
CYP2C19
CYP2D6
CYP2E1
CYP3A4",HUMAN,BTM00009,C(C(C)N(CCC(C1=CC=CC=C1)(C2=CC=CC=N2)C(=O)N)C(C)C)O,"InChI=1S/C21H29N3O2/c1-16(2)24(17(3)15-25)14-12-21(20(22)26,18-9-5-4-6-10-18)19-11-7-8-13-23-19/h4-11,13,16-17,25H,12,14-15H2,1-3H3,(H2,22,26)",UYJGCSCUSFDCSO-UHFFFAOYSA-N,2.529500000000003,355.22597716800004
"InChI=1S/C21H29N3O3/c1-16(2)24(18(14-25)15-26)13-11-21(20(22)27,17-8-4-3-5-9-17)19-10-6-7-12-23-19/h3-10,12,16,18,25-26H,11,13-15H2,1-2H3,(H2,22,27)",BOQLOBULQHMPLB-UHFFFAOYSA-N,C(C(CO)N(CCC(C1=CC=CC=C1)(C2=CC=CC=N2)C(=O)N)C(C)C)O,,,C21H29N3O3,371.220891788,1.6413000000000015,0,1,1,BTM00080,BTM00080,Hydroxylation of terminal methyl,BTMR1061,"CYP1A2
CYP2A6
CYP2B6
CYP2C8
CYP2C9
CYP2C19
CYP2D6
CYP2E1
CYP3A4",HUMAN,BTM00009,C(C(C)N(CCC(C1=CC=CC=C1)(C2=CC=CC=N2)C(=O)N)C(C)C)O,"InChI=1S/C21H29N3O2/c1-16(2)24(17(3)15-25)14-12-21(20(22)26,18-9-5-4-6-10-18)19-11-7-8-13-23-19/h4-11,13,16-17,25H,12,14-15H2,1-3H3,(H2,22,26)",UYJGCSCUSFDCSO-UHFFFAOYSA-N,2.529500000000003,355.22597716800004
"InChI=1S/C21H27N3O2/c1-16(2)24(17(3)15-25)14-12-21(20(22)26,18-9-5-4-6-10-18)19-11-7-8-13-23-19/h4-11,13,16,25H,3,12,14-15H2,1-2H3,(H2,22,26)",NXYOEJGCBJXUEM-UHFFFAOYSA-N,C(C(=C)N(CCC(C1=CC=CC=C1)(C2=CC=CC=N2)C(=O)N)C(C)C)O,,,C21H27N3O2,353.210327104,2.401100000000003,0,0,0,BTM00081,BTM00081,Terminal desaturation,BTMR1190,"CYP1A2
CYP2A6
CYP2C9
CYP2D6
CYP3A4",HUMAN,BTM00009,C(C(C)N(CCC(C1=CC=CC=C1)(C2=CC=CC=N2)C(=O)N)C(C)C)O,"InChI=1S/C21H29N3O2/c1-16(2)24(17(3)15-25)14-12-21(20(22)26,18-9-5-4-6-10-18)19-11-7-8-13-23-19/h4-11,13,16-17,25H,12,14-15H2,1-3H3,(H2,22,26)",UYJGCSCUSFDCSO-UHFFFAOYSA-N,2.529500000000003,355.22597716800004
"InChI=1S/C21H27N3O2/c1-16(2)24(17(3)15-25)14-12-21(20(22)26,18-9-5-4-6-10-18)19-11-7-8-13-23-19/h4-11,13,17,25H,1,12,14-15H2,2-3H3,(H2,22,26)",QYGLSSRPGZWHBR-UHFFFAOYSA-N,C(C(C)N(CCC(C1=CC=CC=C1)(C2=CC=CC=N2)C(=O)N)C(=C)C)O,,,C21H27N3O2,353.21032710400004,2.401100000000003,0,0,0,BTM00082,BTM00082,Terminal desaturation,BTMR1190,"CYP1A2
CYP2A6
CYP2C9
CYP2D6
CYP3A4",HUMAN,BTM00009,C(C(C)N(CCC(C1=CC=CC=C1)(C2=CC=CC=N2)C(=O)N)C(C)C)O,"InChI=1S/C21H29N3O2/c1-16(2)24(17(3)15-25)14-12-21(20(22)26,18-9-5-4-6-10-18)19-11-7-8-13-23-19/h4-11,13,16-17,25H,12,14-15H2,1-3H3,(H2,22,26)",UYJGCSCUSFDCSO-UHFFFAOYSA-N,2.529500000000003,355.22597716800004
"InChI=1S/C3H6O2/c1-3(5)2-4/h4H,2H2,1H3",XLSMFKSTNGKWQX-UHFFFAOYSA-N,C(C(C)=O)O,,,C3H6O2,74.036779432,-0.7026,0,0,0,BTM00083,BTM00083,N-Dealkylation of acyclic tertiary amine,BTMR1142,"CYP1A2
CYP2A6
CYP2B6
CYP2C8
CYP2C9
CYP2C19
CYP2D6
CYP2E1
CYP3A4",HUMAN,BTM00009,C(C(C)N(CCC(C1=CC=CC=C1)(C2=CC=CC=N2)C(=O)N)C(C)C)O,"InChI=1S/C21H29N3O2/c1-16(2)24(17(3)15-25)14-12-21(20(22)26,18-9-5-4-6-10-18)19-11-7-8-13-23-19/h4-11,13,16-17,25H,12,14-15H2,1-3H3,(H2,22,26)",UYJGCSCUSFDCSO-UHFFFAOYSA-N,2.529500000000003,355.22597716800004
"InChI=1S/C18H23N3O/c1-14(2)20-13-11-18(17(19)22,15-8-4-3-5-9-15)16-10-6-7-12-21-16/h3-10,12,14,20H,11,13H2,1-2H3,(H2,19,22)",UWNSWIXIVDMCHZ-UHFFFAOYSA-N,N(CCC(C1=CC=CC=C1)(C2=CC=CC=N2)C(=O)N)C(C)C,,,C18H23N3O,297.18411235599996,2.1555000000000026,0,0,0,BTM00008,BTM00008,N-Dealkylation of acyclic tertiary amine,BTMR1142,"CYP1A2
CYP2A6
CYP2B6
CYP2C8
CYP2C9
CYP2C19
CYP2D6
CYP2E1
CYP3A4",HUMAN,BTM00009,C(C(C)N(CCC(C1=CC=CC=C1)(C2=CC=CC=N2)C(=O)N)C(C)C)O,"InChI=1S/C21H29N3O2/c1-16(2)24(17(3)15-25)14-12-21(20(22)26,18-9-5-4-6-10-18)19-11-7-8-13-23-19/h4-11,13,16-17,25H,12,14-15H2,1-3H3,(H2,22,26)",UYJGCSCUSFDCSO-UHFFFAOYSA-N,2.529500000000003,355.22597716800004
"InChI=1S/C18H23N3O2/c1-14(13-22)20-12-10-18(17(19)23,15-7-3-2-4-8-15)16-9-5-6-11-21-16/h2-9,11,14,20,22H,10,12-13H2,1H3,(H2,19,23)",AHPVULQXSKPXCW-UHFFFAOYSA-N,N(CCC(C1=CC=CC=C1)(C2=CC=CC=N2)C(=O)N)C(C)CO,,,C18H23N3O2,313.17902697600005,1.2673000000000014,0,1,1,BTM00075,BTM00075,N-Dealkylation of acyclic tertiary amine,BTMR1142,"CYP1A2
CYP2A6
CYP2B6
CYP2C8
CYP2C9
CYP2C19
CYP2D6
CYP2E1
CYP3A4",HUMAN,BTM00009,C(C(C)N(CCC(C1=CC=CC=C1)(C2=CC=CC=N2)C(=O)N)C(C)C)O,"InChI=1S/C21H29N3O2/c1-16(2)24(17(3)15-25)14-12-21(20(22)26,18-9-5-4-6-10-18)19-11-7-8-13-23-19/h4-11,13,16-17,25H,12,14-15H2,1-3H3,(H2,22,26)",UYJGCSCUSFDCSO-UHFFFAOYSA-N,2.529500000000003,355.22597716800004
InChI=1S/C3H6O/c1-3(2)4/h1-2H3,CSCPPACGZOOCGX-UHFFFAOYSA-N,CC(C)=O,,,C3H6O,58.041864812,-0.24400000000000033,0,0,0,BTM00007,BTM00007,N-Dealkylation of acyclic tertiary amine,BTMR1142,"CYP1A2
CYP2A6
CYP2B6
CYP2C8
CYP2C9
CYP2C19
CYP2D6
CYP2E1
CYP3A4",HUMAN,BTM00009,C(C(C)N(CCC(C1=CC=CC=C1)(C2=CC=CC=N2)C(=O)N)C(C)C)O,"InChI=1S/C21H29N3O2/c1-16(2)24(17(3)15-25)14-12-21(20(22)26,18-9-5-4-6-10-18)19-11-7-8-13-23-19/h4-11,13,16-17,25H,12,14-15H2,1-3H3,(H2,22,26)",UYJGCSCUSFDCSO-UHFFFAOYSA-N,2.529500000000003,355.22597716800004
"InChI=1S/C6H15NO/c1-5(2)7-6(3)4-8/h5-8H,4H2,1-3H3",VGZJOXPMODLELN-UHFFFAOYSA-N,C(C(C)NC(C)C)O,,,C6H15NO,117.1153641,0.34859999999999997,0,0,0,BTM00084,BTM00084,N-Dealkylation of acyclic tertiary amine,BTMR1142,"CYP1A2
CYP2A6
CYP2B6
CYP2C8
CYP2C9
CYP2C19
CYP2D6
CYP2E1
CYP3A4",HUMAN,BTM00009,C(C(C)N(CCC(C1=CC=CC=C1)(C2=CC=CC=N2)C(=O)N)C(C)C)O,"InChI=1S/C21H29N3O2/c1-16(2)24(17(3)15-25)14-12-21(20(22)26,18-9-5-4-6-10-18)19-11-7-8-13-23-19/h4-11,13,16-17,25H,12,14-15H2,1-3H3,(H2,22,26)",UYJGCSCUSFDCSO-UHFFFAOYSA-N,2.529500000000003,355.22597716800004
"InChI=1S/C15H14N2O2/c16-14(19)15(9-11-18,12-6-2-1-3-7-12)13-8-4-5-10-17-13/h1-8,10-11H,9H2,(H2,16,19)",NBULESZNHAYVOC-UHFFFAOYSA-N,C(CC(C1=CC=CC=C1)(C2=CC=CC=N2)C(=O)N)=O,,,C15H14N2O2,254.105527688,1.2569,0,0,0,BTM00012,BTM00012,N-Dealkylation of acyclic tertiary amine,BTMR1142,"CYP1A2
CYP2A6
CYP2B6
CYP2C8
CYP2C9
CYP2C19
CYP2D6
CYP2E1
CYP3A4",HUMAN,BTM00009,C(C(C)N(CCC(C1=CC=CC=C1)(C2=CC=CC=N2)C(=O)N)C(C)C)O,"InChI=1S/C21H29N3O2/c1-16(2)24(17(3)15-25)14-12-21(20(22)26,18-9-5-4-6-10-18)19-11-7-8-13-23-19/h4-11,13,16-17,25H,12,14-15H2,1-3H3,(H2,22,26)",UYJGCSCUSFDCSO-UHFFFAOYSA-N,2.529500000000003,355.22597716800004
"InChI=1S/C21H29N3O3/c1-16(2)24(20(3,27)15-25)14-12-21(19(22)26,17-9-5-4-6-10-17)18-11-7-8-13-23-18/h4-11,13,16,25,27H,12,14-15H2,1-3H3,(H2,22,26)",RNFWZXWKQWAFMB-UHFFFAOYSA-N,C(C(C)(N(CCC(C1=CC=CC=C1)(C2=CC=CC=N2)C(=O)N)C(C)C)O)O,,,C21H29N3O3,371.220891788,1.751400000000003,0,1,1,BTM00085,BTM00085,Aliphatic hydroxylation of carbon alpha to secondary or tertiary alkyl-N,BTMR1081,"CYP2B6
CYP2C19
CYP2D6",HUMAN,BTM00009,C(C(C)N(CCC(C1=CC=CC=C1)(C2=CC=CC=N2)C(=O)N)C(C)C)O,"InChI=1S/C21H29N3O2/c1-16(2)24(17(3)15-25)14-12-21(20(22)26,18-9-5-4-6-10-18)19-11-7-8-13-23-19/h4-11,13,16-17,25H,12,14-15H2,1-3H3,(H2,22,26)",UYJGCSCUSFDCSO-UHFFFAOYSA-N,2.529500000000003,355.22597716800004
"InChI=1S/C21H29N3O3/c1-16(15-25)24(20(2,3)27)14-12-21(19(22)26,17-9-5-4-6-10-17)18-11-7-8-13-23-18/h4-11,13,16,25,27H,12,14-15H2,1-3H3,(H2,22,26)",NSSBRQVOXOYFMD-UHFFFAOYSA-N,C(C(C)N(CCC(C1=CC=CC=C1)(C2=CC=CC=N2)C(=O)N)C(C)(C)O)O,,,C21H29N3O3,371.220891788,1.363200000000003,0,1,1,BTM00086,BTM00086,Aliphatic hydroxylation of carbon alpha to secondary or tertiary alkyl-N,BTMR1081,"CYP2B6
CYP2C19
CYP2D6",HUMAN,BTM00009,C(C(C)N(CCC(C1=CC=CC=C1)(C2=CC=CC=N2)C(=O)N)C(C)C)O,"InChI=1S/C21H29N3O2/c1-16(2)24(17(3)15-25)14-12-21(20(22)26,18-9-5-4-6-10-18)19-11-7-8-13-23-19/h4-11,13,16-17,25H,12,14-15H2,1-3H3,(H2,22,26)",UYJGCSCUSFDCSO-UHFFFAOYSA-N,2.529500000000003,355.22597716800004
"InChI=1S/C21H29N3O3/c1-15(2)24(16(3)14-25)19(26)13-21(20(22)27,17-9-5-4-6-10-17)18-11-7-8-12-23-18/h4-12,15-16,19,25-26H,13-14H2,1-3H3,(H2,22,27)",NMTMFANPIXTNPG-UHFFFAOYSA-N,C(C(C)N(C(CC(C1=CC=CC=C1)(C2=CC=CC=N2)C(=O)N)O)C(C)C)O,,,C21H29N3O3,371.220891788,1.9310000000000018,0,1,1,BTM00087,BTM00087,Aliphatic hydroxylation of carbon alpha to secondary or tertiary alkyl-N,BTMR1081,"CYP2B6
CYP2C19
CYP2D6",HUMAN,BTM00009,C(C(C)N(CCC(C1=CC=CC=C1)(C2=CC=CC=N2)C(=O)N)C(C)C)O,"InChI=1S/C21H29N3O2/c1-16(2)24(17(3)15-25)14-12-21(20(22)26,18-9-5-4-6-10-18)19-11-7-8-13-23-19/h4-11,13,16-17,25H,12,14-15H2,1-3H3,(H2,22,26)",UYJGCSCUSFDCSO-UHFFFAOYSA-N,2.529500000000003,355.22597716800004
"InChI=1S/C21H27N3O2/c1-16(2)23(17(3)4)15-13-21(20(22)25,18-10-6-5-7-11-18)19-12-8-9-14-24(19)26/h5-12,14,17H,1,13,15H2,2-4H3,(H2,22,25)",QBCJLHUEINNTMR-UHFFFAOYSA-N,C=C(C)N(CCC(C1=CC=CC=C1)(C2=CC=CC=[N+]2[O-])C(=O)N)C(C)C,,,C21H27N3O2,353.210327104,3.0598000000000027,0,0,0,BTM00049,BTM00049,Pyridine N-oxidation,BTMR0096,"CYP1A2
CYP2C9
CYP2D6
CYP3A4",HUMAN,BTM00010,C=C(C)N(CCC(C1=CC=CC=C1)(C2=CC=CC=N2)C(=O)N)C(C)C,"InChI=1S/C21H27N3O/c1-16(2)24(17(3)4)15-13-21(20(22)25,18-10-6-5-7-11-18)19-12-8-9-14-23-19/h5-12,14,17H,1,13,15H2,2-4H3,(H2,22,25)",VLZKFFIMQBFOSX-UHFFFAOYSA-N,3.2893000000000034,337.215412484
"InChI=1S/C21H27N3O2/c1-15(2)24(16(3)4)14-12-21(20(22)26,19-11-7-8-13-23-19)17-9-5-6-10-18(17)25/h5-11,13,16,25H,1,12,14H2,2-4H3,(H2,22,26)",OURXTNAKJGJZKN-UHFFFAOYSA-N,C=C(C)N(CCC(C1=C(C=CC=C1)O)(C2=CC=CC=N2)C(=O)N)C(C)C,,,C21H27N3O2,353.21032710400004,3.021900000000002,0,0,0,BTM00059,BTM00059,O-Hydroxylation of monosubstituted benzene,BTMR1034,"CYP1A2
CYP2C8
CYP2C9
CYP2C19
CYP3A4",HUMAN,BTM00010,C=C(C)N(CCC(C1=CC=CC=C1)(C2=CC=CC=N2)C(=O)N)C(C)C,"InChI=1S/C21H27N3O/c1-16(2)24(17(3)4)15-13-21(20(22)25,18-10-6-5-7-11-18)19-12-8-9-14-23-19/h5-12,14,17H,1,13,15H2,2-4H3,(H2,22,25)",VLZKFFIMQBFOSX-UHFFFAOYSA-N,3.2893000000000034,337.215412484
"InChI=1S/C21H27N3O2/c1-16(2)24(26,17(3)4)15-13-21(20(22)25,18-10-6-5-7-11-18)19-12-8-9-14-23-19/h5-12,14,17H,1,13,15H2,2-4H3,(H2,22,25)",CMGBNXOTPAAKEK-UHFFFAOYSA-N,C=C(C)[N+](CCC(C1=CC=CC=C1)(C2=CC=CC=N2)C(=O)N)(C(C)C)[O-],,,C21H27N3O2,353.21032710400004,2.8842000000000025,0,0,0,BTM00066,BTM00066,N-Oxidation of aliphatic tertiary amine,BTMR1100,"CYP1A2
CYP2D6
CYP3A4",HUMAN,BTM00010,C=C(C)N(CCC(C1=CC=CC=C1)(C2=CC=CC=N2)C(=O)N)C(C)C,"InChI=1S/C21H27N3O/c1-16(2)24(17(3)4)15-13-21(20(22)25,18-10-6-5-7-11-18)19-12-8-9-14-23-19/h5-12,14,17H,1,13,15H2,2-4H3,(H2,22,25)",VLZKFFIMQBFOSX-UHFFFAOYSA-N,3.2893000000000034,337.215412484
"InChI=1S/C21H27N3O2/c1-15(2)24(16(3)4)14-12-21(20(22)26,19-7-5-6-13-23-19)17-8-10-18(25)11-9-17/h5-11,13,16,25H,1,12,14H2,2-4H3,(H2,22,26)",OJFZVJNTXLJQAB-UHFFFAOYSA-N,C=C(C)N(CCC(C1=CC=C(C=C1)O)(C2=CC=CC=N2)C(=O)N)C(C)C,,,C21H27N3O2,353.21032710400004,3.021900000000002,0,0,0,BTM00070,BTM00070,Hydroxylation of benzene on carbon para to electron donating group,BTMR1047,"CYP1A2
CYP2C8
CYP2C9
CYP2D6
CYP3A4",HUMAN,BTM00010,C=C(C)N(CCC(C1=CC=CC=C1)(C2=CC=CC=N2)C(=O)N)C(C)C,"InChI=1S/C21H27N3O/c1-16(2)24(17(3)4)15-13-21(20(22)25,18-10-6-5-7-11-18)19-12-8-9-14-23-19/h5-12,14,17H,1,13,15H2,2-4H3,(H2,22,25)",VLZKFFIMQBFOSX-UHFFFAOYSA-N,3.2893000000000034,337.215412484
"InChI=1S/C18H21N3O/c1-14(2)20-13-11-18(17(19)22,15-8-4-3-5-9-15)16-10-6-7-12-21-16/h3-10,12,20H,1,11,13H2,2H3,(H2,19,22)",YTHFQPGPORIWME-UHFFFAOYSA-N,N(CCC(C1=CC=CC=C1)(C2=CC=CC=N2)C(=O)N)C(=C)C,,,C18H21N3O,295.168462292,2.0270999999999995,0,0,0,BTM00076,BTM00076,N-Deisopropylation,BTMR0051,"CYP1A2
CYP2B6
CYP2C8
CYP2C9
CYP2C19
CYP2E1
CYP3A4",HUMAN,BTM00010,C=C(C)N(CCC(C1=CC=CC=C1)(C2=CC=CC=N2)C(=O)N)C(C)C,"InChI=1S/C21H27N3O/c1-16(2)24(17(3)4)15-13-21(20(22)25,18-10-6-5-7-11-18)19-12-8-9-14-23-19/h5-12,14,17H,1,13,15H2,2-4H3,(H2,22,25)",VLZKFFIMQBFOSX-UHFFFAOYSA-N,3.2893000000000034,337.215412484
InChI=1S/C3H6O/c1-3(2)4/h1-2H3,CSCPPACGZOOCGX-UHFFFAOYSA-N,CC(C)=O,,,C3H6O,58.041864812,-0.24400000000000033,0,0,0,BTM00007,BTM00007,N-Deisopropylation,BTMR0051,"CYP1A2
CYP2B6
CYP2C8
CYP2C9
CYP2C19
CYP2E1
CYP3A4",HUMAN,BTM00010,C=C(C)N(CCC(C1=CC=CC=C1)(C2=CC=CC=N2)C(=O)N)C(C)C,"InChI=1S/C21H27N3O/c1-16(2)24(17(3)4)15-13-21(20(22)25,18-10-6-5-7-11-18)19-12-8-9-14-23-19/h5-12,14,17H,1,13,15H2,2-4H3,(H2,22,25)",VLZKFFIMQBFOSX-UHFFFAOYSA-N,3.2893000000000034,337.215412484
"InChI=1S/C21H27N3O2/c1-16(2)24(17(3)15-25)14-12-21(20(22)26,18-9-5-4-6-10-18)19-11-7-8-13-23-19/h4-11,13,17,25H,1,12,14-15H2,2-3H3,(H2,22,26)",QYGLSSRPGZWHBR-UHFFFAOYSA-N,C(C(C)N(CCC(C1=CC=CC=C1)(C2=CC=CC=N2)C(=O)N)C(=C)C)O,,,C21H27N3O2,353.21032710400004,2.401100000000003,0,0,0,BTM00082,BTM00082,Hydroxylation of terminal methyl,BTMR1061,"CYP1A2
CYP2A6
CYP2B6
CYP2C8
CYP2C9
CYP2C19
CYP2D6
CYP2E1
CYP3A4",HUMAN,BTM00010,C=C(C)N(CCC(C1=CC=CC=C1)(C2=CC=CC=N2)C(=O)N)C(C)C,"InChI=1S/C21H27N3O/c1-16(2)24(17(3)4)15-13-21(20(22)25,18-10-6-5-7-11-18)19-12-8-9-14-23-19/h5-12,14,17H,1,13,15H2,2-4H3,(H2,22,25)",VLZKFFIMQBFOSX-UHFFFAOYSA-N,3.2893000000000034,337.215412484
"InChI=1S/C21H25N3O/c1-16(2)24(17(3)4)15-13-21(20(22)25,18-10-6-5-7-11-18)19-12-8-9-14-23-19/h5-12,14H,1,3,13,15H2,2,4H3,(H2,22,25)",CMKMMHVFADOBEU-UHFFFAOYSA-N,C=C(C)N(CCC(C1=CC=CC=C1)(C2=CC=CC=N2)C(=O)N)C(=C)C,,,C21H25N3O,335.19976242,3.1609000000000034,0,0,0,BTM00088,BTM00088,Terminal desaturation,BTMR1190,"CYP1A2
CYP2A6
CYP2C9
CYP2D6
CYP3A4",HUMAN,BTM00010,C=C(C)N(CCC(C1=CC=CC=C1)(C2=CC=CC=N2)C(=O)N)C(C)C,"InChI=1S/C21H27N3O/c1-16(2)24(17(3)4)15-13-21(20(22)25,18-10-6-5-7-11-18)19-12-8-9-14-23-19/h5-12,14,17H,1,13,15H2,2-4H3,(H2,22,25)",VLZKFFIMQBFOSX-UHFFFAOYSA-N,3.2893000000000034,337.215412484
"InChI=1S/C18H21N3O/c1-14(2)20-13-11-18(17(19)22,15-8-4-3-5-9-15)16-10-6-7-12-21-16/h3-10,12,20H,1,11,13H2,2H3,(H2,19,22)",YTHFQPGPORIWME-UHFFFAOYSA-N,N(CCC(C1=CC=CC=C1)(C2=CC=CC=N2)C(=O)N)C(=C)C,,,C18H21N3O,295.168462292,2.0270999999999995,0,0,0,BTM00076,BTM00076,N-Dealkylation of acyclic tertiary amine,BTMR1142,"CYP1A2
CYP2A6
CYP2B6
CYP2C8
CYP2C9
CYP2C19
CYP2D6
CYP2E1
CYP3A4",HUMAN,BTM00010,C=C(C)N(CCC(C1=CC=CC=C1)(C2=CC=CC=N2)C(=O)N)C(C)C,"InChI=1S/C21H27N3O/c1-16(2)24(17(3)4)15-13-21(20(22)25,18-10-6-5-7-11-18)19-12-8-9-14-23-19/h5-12,14,17H,1,13,15H2,2-4H3,(H2,22,25)",VLZKFFIMQBFOSX-UHFFFAOYSA-N,3.2893000000000034,337.215412484
InChI=1S/C3H6O/c1-3(2)4/h1-2H3,CSCPPACGZOOCGX-UHFFFAOYSA-N,CC(C)=O,,,C3H6O,58.041864812,-0.24400000000000033,0,0,0,BTM00007,BTM00007,N-Dealkylation of acyclic tertiary amine,BTMR1142,"CYP1A2
CYP2A6
CYP2B6
CYP2C8
CYP2C9
CYP2C19
CYP2D6
CYP2E1
CYP3A4",HUMAN,BTM00010,C=C(C)N(CCC(C1=CC=CC=C1)(C2=CC=CC=N2)C(=O)N)C(C)C,"InChI=1S/C21H27N3O/c1-16(2)24(17(3)4)15-13-21(20(22)25,18-10-6-5-7-11-18)19-12-8-9-14-23-19/h5-12,14,17H,1,13,15H2,2-4H3,(H2,22,25)",VLZKFFIMQBFOSX-UHFFFAOYSA-N,3.2893000000000034,337.215412484
"InChI=1S/C6H13N/c1-5(2)7-6(3)4/h6-7H,1H2,2-4H3",WIRHYSRIYDMUNZ-UHFFFAOYSA-N,C=C(C)NC(C)C,,,C6H13N,99.10479941599999,1.1083999999999985,0,0,0,BTM00089,BTM00089,N-Dealkylation of acyclic tertiary amine,BTMR1142,"CYP1A2
CYP2A6
CYP2B6
CYP2C8
CYP2C9
CYP2C19
CYP2D6
CYP2E1
CYP3A4",HUMAN,BTM00010,C=C(C)N(CCC(C1=CC=CC=C1)(C2=CC=CC=N2)C(=O)N)C(C)C,"InChI=1S/C21H27N3O/c1-16(2)24(17(3)4)15-13-21(20(22)25,18-10-6-5-7-11-18)19-12-8-9-14-23-19/h5-12,14,17H,1,13,15H2,2-4H3,(H2,22,25)",VLZKFFIMQBFOSX-UHFFFAOYSA-N,3.2893000000000034,337.215412484
"InChI=1S/C15H14N2O2/c16-14(19)15(9-11-18,12-6-2-1-3-7-12)13-8-4-5-10-17-13/h1-8,10-11H,9H2,(H2,16,19)",NBULESZNHAYVOC-UHFFFAOYSA-N,C(CC(C1=CC=CC=C1)(C2=CC=CC=N2)C(=O)N)=O,,,C15H14N2O2,254.105527688,1.2569,0,0,0,BTM00012,BTM00012,N-Dealkylation of acyclic tertiary amine,BTMR1142,"CYP1A2
CYP2A6
CYP2B6
CYP2C8
CYP2C9
CYP2C19
CYP2D6
CYP2E1
CYP3A4",HUMAN,BTM00010,C=C(C)N(CCC(C1=CC=CC=C1)(C2=CC=CC=N2)C(=O)N)C(C)C,"InChI=1S/C21H27N3O/c1-16(2)24(17(3)4)15-13-21(20(22)25,18-10-6-5-7-11-18)19-12-8-9-14-23-19/h5-12,14,17H,1,13,15H2,2-4H3,(H2,22,25)",VLZKFFIMQBFOSX-UHFFFAOYSA-N,3.2893000000000034,337.215412484
"InChI=1S/C21H27N3O2/c1-16(2)24(20(3,4)26)15-13-21(19(22)25,17-10-6-5-7-11-17)18-12-8-9-14-23-18/h5-12,14,26H,1,13,15H2,2-4H3,(H2,22,25)",WIEJSAGPLAKCSQ-UHFFFAOYSA-N,C=C(C)N(CCC(C1=CC=CC=C1)(C2=CC=CC=N2)C(=O)N)C(C)(C)O,,,C21H27N3O2,353.210327104,2.1230000000000033,0,0,0,BTM00090,BTM00090,Aliphatic hydroxylation of carbon alpha to secondary or tertiary alkyl-N,BTMR1081,"CYP2B6
CYP2C19
CYP2D6",HUMAN,BTM00010,C=C(C)N(CCC(C1=CC=CC=C1)(C2=CC=CC=N2)C(=O)N)C(C)C,"InChI=1S/C21H27N3O/c1-16(2)24(17(3)4)15-13-21(20(22)25,18-10-6-5-7-11-18)19-12-8-9-14-23-19/h5-12,14,17H,1,13,15H2,2-4H3,(H2,22,25)",VLZKFFIMQBFOSX-UHFFFAOYSA-N,3.2893000000000034,337.215412484
"InChI=1S/C21H27N3O2/c1-15(2)24(16(3)4)19(25)14-21(20(22)26,17-10-6-5-7-11-17)18-12-8-9-13-23-18/h5-13,16,19,25H,1,14H2,2-4H3,(H2,22,26)",XEAMYEAHLXLZHT-UHFFFAOYSA-N,C=C(C)N(C(CC(C1=CC=CC=C1)(C2=CC=CC=N2)C(=O)N)O)C(C)C,,,C21H27N3O2,353.210327104,2.690800000000003,0,0,0,BTM00091,BTM00091,Aliphatic hydroxylation of carbon alpha to secondary or tertiary alkyl-N,BTMR1081,"CYP2B6
CYP2C19
CYP2D6",HUMAN,BTM00010,C=C(C)N(CCC(C1=CC=CC=C1)(C2=CC=CC=N2)C(=O)N)C(C)C,"InChI=1S/C21H27N3O/c1-16(2)24(17(3)4)15-13-21(20(22)25,18-10-6-5-7-11-18)19-12-8-9-14-23-19/h5-12,14,17H,1,13,15H2,2-4H3,(H2,22,25)",VLZKFFIMQBFOSX-UHFFFAOYSA-N,3.2893000000000034,337.215412484
InChI=1S/C3H6O/c1-3(2)4/h1-2H3,CSCPPACGZOOCGX-UHFFFAOYSA-N,CC(C)=O,,,C3H6O,58.041864812,-0.24400000000000033,0,0,0,BTM00007,BTM00007,N-Deisopropylation,BTMR0051,"CYP1A2
CYP2B6
CYP2C8
CYP2C9
CYP2C19
CYP2E1
CYP3A4",HUMAN,BTM00011,CC(C)NC(C)C,"InChI=1S/C6H15N/c1-5(2)7-6(3)4/h5-7H,1-4H3",UAOMVDZJSHZZME-UHFFFAOYSA-N,1.2368000000000003,101.12044947999999
"InChI=1S/C3H9N/c1-3(2)4/h3H,4H2,1-2H3",JJWLVOIRVHMVIS-UHFFFAOYSA-N,NC(C)C,,,C3H9N,59.073499287999994,0.07870000000000044,0,0,0,BTM00077,BTM00077,N-Deisopropylation,BTMR0051,"CYP1A2
CYP2B6
CYP2C8
CYP2C9
CYP2C19
CYP2E1
CYP3A4",HUMAN,BTM00011,CC(C)NC(C)C,"InChI=1S/C6H15N/c1-5(2)7-6(3)4/h5-7H,1-4H3",UAOMVDZJSHZZME-UHFFFAOYSA-N,1.2368000000000003,101.12044947999999
"InChI=1S/C6H15NO/c1-5(2)7-6(3)4-8/h5-8H,4H2,1-3H3",VGZJOXPMODLELN-UHFFFAOYSA-N,C(C(C)NC(C)C)O,,,C6H15NO,117.1153641,0.34859999999999997,0,0,0,BTM00084,BTM00084,Hydroxylation of terminal methyl,BTMR1061,"CYP1A2
CYP2A6
CYP2B6
CYP2C8
CYP2C9
CYP2C19
CYP2D6
CYP2E1
CYP3A4",HUMAN,BTM00011,CC(C)NC(C)C,"InChI=1S/C6H15N/c1-5(2)7-6(3)4/h5-7H,1-4H3",UAOMVDZJSHZZME-UHFFFAOYSA-N,1.2368000000000003,101.12044947999999
"InChI=1S/C6H13N/c1-5(2)7-6(3)4/h6-7H,1H2,2-4H3",WIRHYSRIYDMUNZ-UHFFFAOYSA-N,C=C(C)NC(C)C,,,C6H13N,99.10479941599999,1.1083999999999985,0,0,0,BTM00089,BTM00089,Terminal desaturation,BTMR1190,"CYP1A2
CYP2A6
CYP2C9
CYP2D6
CYP3A4",HUMAN,BTM00011,CC(C)NC(C)C,"InChI=1S/C6H15N/c1-5(2)7-6(3)4/h5-7H,1-4H3",UAOMVDZJSHZZME-UHFFFAOYSA-N,1.2368000000000003,101.12044947999999
"InChI=1S/C15H14N2O3/c16-14(19)15(9-11-18,12-6-2-1-3-7-12)13-8-4-5-10-17(13)20/h1-8,10-11H,9H2,(H2,16,19)",BWPAXDMOZPSLIP-UHFFFAOYSA-N,C(CC(C1=CC=CC=C1)(C2=CC=CC=[N+]2[O-])C(=O)N)=O,,,C15H14N2O3,270.10044230799997,1.0273999999999999,0,0,0,BTM00050,BTM00050,Pyridine N-oxidation,BTMR0096,"CYP1A2
CYP2C9
CYP2D6
CYP3A4",HUMAN,BTM00012,C(CC(C1=CC=CC=C1)(C2=CC=CC=N2)C(=O)N)=O,"InChI=1S/C15H14N2O2/c16-14(19)15(9-11-18,12-6-2-1-3-7-12)13-8-4-5-10-17-13/h1-8,10-11H,9H2,(H2,16,19)",NBULESZNHAYVOC-UHFFFAOYSA-N,1.2569,254.105527688
"InChI=1S/C15H14N2O3/c16-14(20)15(8-10-18,13-7-3-4-9-17-13)11-5-1-2-6-12(11)19/h1-7,9-10,19H,8H2,(H2,16,20)",MUWAFLKJKOCGIJ-UHFFFAOYSA-N,C(CC(C1=C(C=CC=C1)O)(C2=CC=CC=N2)C(=O)N)=O,,,C15H14N2O3,270.10044230799997,0.9895000000000004,0,0,0,BTM00061,BTM00061,O-Hydroxylation of monosubstituted benzene,BTMR1034,"CYP1A2
CYP2C8
CYP2C9
CYP2C19
CYP3A4",HUMAN,BTM00012,C(CC(C1=CC=CC=C1)(C2=CC=CC=N2)C(=O)N)=O,"InChI=1S/C15H14N2O2/c16-14(19)15(9-11-18,12-6-2-1-3-7-12)13-8-4-5-10-17-13/h1-8,10-11H,9H2,(H2,16,19)",NBULESZNHAYVOC-UHFFFAOYSA-N,1.2569,254.105527688
"InChI=1S/C15H14N2O3/c16-14(20)15(8-10-18,13-3-1-2-9-17-13)11-4-6-12(19)7-5-11/h1-7,9-10,19H,8H2,(H2,16,20)",QIZBXWDTPJTQCY-UHFFFAOYSA-N,C(CC(C1=CC=C(C=C1)O)(C2=CC=CC=N2)C(=O)N)=O,,,C15H14N2O3,270.10044230799997,0.9895000000000004,0,0,0,BTM00071,BTM00071,Hydroxylation of benzene on carbon para to electron donating group,BTMR1047,"CYP1A2
CYP2C8
CYP2C9
CYP2D6
CYP3A4",HUMAN,BTM00012,C(CC(C1=CC=CC=C1)(C2=CC=CC=N2)C(=O)N)=O,"InChI=1S/C15H14N2O2/c16-14(19)15(9-11-18,12-6-2-1-3-7-12)13-8-4-5-10-17-13/h1-8,10-11H,9H2,(H2,16,19)",NBULESZNHAYVOC-UHFFFAOYSA-N,1.2569,254.105527688
"InChI=1S/C15H14N2O3/c16-14(20)15(13(19)10-18,11-6-2-1-3-7-11)12-8-4-5-9-17-12/h1-10,13,19H,(H2,16,20)",QBQNRLCSWFLSBW-UHFFFAOYSA-N,C(C(C(C1=CC=CC=C1)(C2=CC=CC=N2)C(=O)N)O)=O,,,C15H14N2O3,270.10044230799997,0.7113999999999998,0,0,0,BTM00092,BTM00092,alpha-Hydroxylation of carbonyl group,BTMR1054,"CYP1A2
CYP2A6
CYP2B6
CYP2C8
CYP2C9
CYP2C19
CYP2D6
CYP3A4",HUMAN,BTM00012,C(CC(C1=CC=CC=C1)(C2=CC=CC=N2)C(=O)N)=O,"InChI=1S/C15H14N2O2/c16-14(19)15(9-11-18,12-6-2-1-3-7-12)13-8-4-5-10-17-13/h1-8,10-11H,9H2,(H2,16,19)",NBULESZNHAYVOC-UHFFFAOYSA-N,1.2569,254.105527688
"InChI=1S/C21H29N3O3/c1-16(2)23(20(3,4)26)15-13-21(19(22)25,17-10-6-5-7-11-17)18-12-8-9-14-24(18)27/h5-12,14,16,26H,13,15H2,1-4H3,(H2,22,25)",NHFCZASQODKMAH-UHFFFAOYSA-N,CC(C)(N(CCC(C1=CC=CC=C1)(C2=CC=CC=[N+]2[O-])C(=O)N)C(C)C)O,,,C21H29N3O3,371.220891788,2.021900000000003,0,0,0,BTM00051,BTM00051,Pyridine N-oxidation,BTMR0096,"CYP1A2
CYP2C9
CYP2D6
CYP3A4",HUMAN,BTM00013,CC(C)(N(CCC(C1=CC=CC=C1)(C2=CC=CC=N2)C(=O)N)C(C)C)O,"InChI=1S/C21H29N3O2/c1-16(2)24(20(3,4)26)15-13-21(19(22)25,17-10-6-5-7-11-17)18-12-8-9-14-23-18/h5-12,14,16,26H,13,15H2,1-4H3,(H2,22,25)",XHLBUGNJOOFWJL-UHFFFAOYSA-N,2.251400000000003,355.22597716800004
"InChI=1S/C21H29N3O3/c1-15(2)24(20(3,4)27)14-12-21(19(22)26,18-11-7-8-13-23-18)16-9-5-6-10-17(16)25/h5-11,13,15,25,27H,12,14H2,1-4H3,(H2,22,26)",QJRYRPSMTFEUFM-UHFFFAOYSA-N,CC(C)(N(CCC(C1=C(C=CC=C1)O)(C2=CC=CC=N2)C(=O)N)C(C)C)O,,,C21H29N3O3,371.220891788,1.984000000000003,0,1,1,BTM00062,BTM00062,O-Hydroxylation of monosubstituted benzene,BTMR1034,"CYP1A2
CYP2C8
CYP2C9
CYP2C19
CYP3A4",HUMAN,BTM00013,CC(C)(N(CCC(C1=CC=CC=C1)(C2=CC=CC=N2)C(=O)N)C(C)C)O,"InChI=1S/C21H29N3O2/c1-16(2)24(20(3,4)26)15-13-21(19(22)25,17-10-6-5-7-11-17)18-12-8-9-14-23-18/h5-12,14,16,26H,13,15H2,1-4H3,(H2,22,25)",XHLBUGNJOOFWJL-UHFFFAOYSA-N,2.251400000000003,355.22597716800004
"InChI=1S/C21H29N3O3/c1-16(2)24(27,20(3,4)26)15-13-21(19(22)25,17-10-6-5-7-11-17)18-12-8-9-14-23-18/h5-12,14,16,26H,13,15H2,1-4H3,(H2,22,25)",WMYVOMTXWPCJBA-UHFFFAOYSA-N,CC(C)([N+](CCC(C1=CC=CC=C1)(C2=CC=CC=N2)C(=O)N)(C(C)C)[O-])O,,,C21H29N3O3,371.220891788,1.8463000000000032,0,0,0,BTM00093,BTM00093,N-Oxidation of aliphatic tertiary amine,BTMR1100,"CYP1A2
CYP2D6
CYP3A4",HUMAN,BTM00013,CC(C)(N(CCC(C1=CC=CC=C1)(C2=CC=CC=N2)C(=O)N)C(C)C)O,"InChI=1S/C21H29N3O2/c1-16(2)24(20(3,4)26)15-13-21(19(22)25,17-10-6-5-7-11-17)18-12-8-9-14-23-18/h5-12,14,16,26H,13,15H2,1-4H3,(H2,22,25)",XHLBUGNJOOFWJL-UHFFFAOYSA-N,2.251400000000003,355.22597716800004
"InChI=1S/C21H29N3O3/c1-15(2)24(20(3,4)27)14-12-21(19(22)26,18-7-5-6-13-23-18)16-8-10-17(25)11-9-16/h5-11,13,15,25,27H,12,14H2,1-4H3,(H2,22,26)",YDYNZSCMISDIFJ-UHFFFAOYSA-N,CC(C)(N(CCC(C1=CC=C(C=C1)O)(C2=CC=CC=N2)C(=O)N)C(C)C)O,,,C21H29N3O3,371.220891788,1.984000000000003,0,1,1,BTM00072,BTM00072,Hydroxylation of benzene on carbon para to electron donating group,BTMR1047,"CYP1A2
CYP2C8
CYP2C9
CYP2D6
CYP3A4",HUMAN,BTM00013,CC(C)(N(CCC(C1=CC=CC=C1)(C2=CC=CC=N2)C(=O)N)C(C)C)O,"InChI=1S/C21H29N3O2/c1-16(2)24(20(3,4)26)15-13-21(19(22)25,17-10-6-5-7-11-17)18-12-8-9-14-23-18/h5-12,14,16,26H,13,15H2,1-4H3,(H2,22,25)",XHLBUGNJOOFWJL-UHFFFAOYSA-N,2.251400000000003,355.22597716800004
"InChI=1S/C18H23N3O2/c1-17(2,23)21-13-11-18(16(19)22,14-8-4-3-5-9-14)15-10-6-7-12-20-15/h3-10,12,21,23H,11,13H2,1-2H3,(H2,19,22)",UWMJOKWVDMBWIN-UHFFFAOYSA-N,CC(C)(NCCC(C1=CC=CC=C1)(C2=CC=CC=N2)C(=O)N)O,,,C18H23N3O2,313.179026976,0.9892000000000037,0,1,1,BTM00094,BTM00094,N-Deisopropylation,BTMR0051,"CYP1A2
CYP2B6
CYP2C8
CYP2C9
CYP2C19
CYP2E1
CYP3A4",HUMAN,BTM00013,CC(C)(N(CCC(C1=CC=CC=C1)(C2=CC=CC=N2)C(=O)N)C(C)C)O,"InChI=1S/C21H29N3O2/c1-16(2)24(20(3,4)26)15-13-21(19(22)25,17-10-6-5-7-11-17)18-12-8-9-14-23-18/h5-12,14,16,26H,13,15H2,1-4H3,(H2,22,25)",XHLBUGNJOOFWJL-UHFFFAOYSA-N,2.251400000000003,355.22597716800004
InChI=1S/C3H6O/c1-3(2)4/h1-2H3,CSCPPACGZOOCGX-UHFFFAOYSA-N,CC(C)=O,,,C3H6O,58.041864812,-0.24400000000000033,0,0,0,BTM00007,BTM00007,N-Deisopropylation,BTMR0051,"CYP1A2
CYP2B6
CYP2C8
CYP2C9
CYP2C19
CYP2E1
CYP3A4",HUMAN,BTM00013,CC(C)(N(CCC(C1=CC=CC=C1)(C2=CC=CC=N2)C(=O)N)C(C)C)O,"InChI=1S/C21H29N3O2/c1-16(2)24(20(3,4)26)15-13-21(19(22)25,17-10-6-5-7-11-17)18-12-8-9-14-23-18/h5-12,14,16,26H,13,15H2,1-4H3,(H2,22,25)",XHLBUGNJOOFWJL-UHFFFAOYSA-N,2.251400000000003,355.22597716800004
"InChI=1S/C21H29N3O3/c1-16(2)24(20(3,27)15-25)14-12-21(19(22)26,17-9-5-4-6-10-17)18-11-7-8-13-23-18/h4-11,13,16,25,27H,12,14-15H2,1-3H3,(H2,22,26)",RNFWZXWKQWAFMB-UHFFFAOYSA-N,C(C(C)(N(CCC(C1=CC=CC=C1)(C2=CC=CC=N2)C(=O)N)C(C)C)O)O,,,C21H29N3O3,371.220891788,1.751400000000003,0,1,1,BTM00085,BTM00085,Hydroxylation of terminal methyl,BTMR1061,"CYP1A2
CYP2A6
CYP2B6
CYP2C8
CYP2C9
CYP2C19
CYP2D6
CYP2E1
CYP3A4",HUMAN,BTM00013,CC(C)(N(CCC(C1=CC=CC=C1)(C2=CC=CC=N2)C(=O)N)C(C)C)O,"InChI=1S/C21H29N3O2/c1-16(2)24(20(3,4)26)15-13-21(19(22)25,17-10-6-5-7-11-17)18-12-8-9-14-23-18/h5-12,14,16,26H,13,15H2,1-4H3,(H2,22,25)",XHLBUGNJOOFWJL-UHFFFAOYSA-N,2.251400000000003,355.22597716800004
"InChI=1S/C21H29N3O3/c1-16(15-25)24(20(2,3)27)14-12-21(19(22)26,17-9-5-4-6-10-17)18-11-7-8-13-23-18/h4-11,13,16,25,27H,12,14-15H2,1-3H3,(H2,22,26)",NSSBRQVOXOYFMD-UHFFFAOYSA-N,C(C(C)N(CCC(C1=CC=CC=C1)(C2=CC=CC=N2)C(=O)N)C(C)(C)O)O,,,C21H29N3O3,371.220891788,1.363200000000003,0,1,1,BTM00086,BTM00086,Hydroxylation of terminal methyl,BTMR1061,"CYP1A2
CYP2A6
CYP2B6
CYP2C8
CYP2C9
CYP2C19
CYP2D6
CYP2E1
CYP3A4",HUMAN,BTM00013,CC(C)(N(CCC(C1=CC=CC=C1)(C2=CC=CC=N2)C(=O)N)C(C)C)O,"InChI=1S/C21H29N3O2/c1-16(2)24(20(3,4)26)15-13-21(19(22)25,17-10-6-5-7-11-17)18-12-8-9-14-23-18/h5-12,14,16,26H,13,15H2,1-4H3,(H2,22,25)",XHLBUGNJOOFWJL-UHFFFAOYSA-N,2.251400000000003,355.22597716800004
"InChI=1S/C21H27N3O2/c1-16(2)24(20(3,4)26)15-13-21(19(22)25,17-10-6-5-7-11-17)18-12-8-9-14-23-18/h5-12,14,26H,1,13,15H2,2-4H3,(H2,22,25)",WIEJSAGPLAKCSQ-UHFFFAOYSA-N,C=C(C)N(CCC(C1=CC=CC=C1)(C2=CC=CC=N2)C(=O)N)C(C)(C)O,,,C21H27N3O2,353.210327104,2.1230000000000033,0,0,0,BTM00090,BTM00090,Terminal desaturation,BTMR1190,"CYP1A2
CYP2A6
CYP2C9
CYP2D6
CYP3A4",HUMAN,BTM00013,CC(C)(N(CCC(C1=CC=CC=C1)(C2=CC=CC=N2)C(=O)N)C(C)C)O,"InChI=1S/C21H29N3O2/c1-16(2)24(20(3,4)26)15-13-21(19(22)25,17-10-6-5-7-11-17)18-12-8-9-14-23-18/h5-12,14,16,26H,13,15H2,1-4H3,(H2,22,25)",XHLBUGNJOOFWJL-UHFFFAOYSA-N,2.251400000000003,355.22597716800004
"InChI=1S/C18H23N3O2/c1-17(2,23)21-13-11-18(16(19)22,14-8-4-3-5-9-14)15-10-6-7-12-20-15/h3-10,12,21,23H,11,13H2,1-2H3,(H2,19,22)",UWMJOKWVDMBWIN-UHFFFAOYSA-N,CC(C)(NCCC(C1=CC=CC=C1)(C2=CC=CC=N2)C(=O)N)O,,,C18H23N3O2,313.179026976,0.9892000000000037,0,1,1,BTM00094,BTM00094,N-Dealkylation of acyclic tertiary amine,BTMR1142,"CYP1A2
CYP2A6
CYP2B6
CYP2C8
CYP2C9
CYP2C19
CYP2D6
CYP2E1
CYP3A4",HUMAN,BTM00013,CC(C)(N(CCC(C1=CC=CC=C1)(C2=CC=CC=N2)C(=O)N)C(C)C)O,"InChI=1S/C21H29N3O2/c1-16(2)24(20(3,4)26)15-13-21(19(22)25,17-10-6-5-7-11-17)18-12-8-9-14-23-18/h5-12,14,16,26H,13,15H2,1-4H3,(H2,22,25)",XHLBUGNJOOFWJL-UHFFFAOYSA-N,2.251400000000003,355.22597716800004
InChI=1S/C3H6O/c1-3(2)4/h1-2H3,CSCPPACGZOOCGX-UHFFFAOYSA-N,CC(C)=O,,,C3H6O,58.041864812,-0.24400000000000033,0,0,0,BTM00007,BTM00007,N-Dealkylation of acyclic tertiary amine,BTMR1142,"CYP1A2
CYP2A6
CYP2B6
CYP2C8
CYP2C9
CYP2C19
CYP2D6
CYP2E1
CYP3A4",HUMAN,BTM00013,CC(C)(N(CCC(C1=CC=CC=C1)(C2=CC=CC=N2)C(=O)N)C(C)C)O,"InChI=1S/C21H29N3O2/c1-16(2)24(20(3,4)26)15-13-21(19(22)25,17-10-6-5-7-11-17)18-12-8-9-14-23-18/h5-12,14,16,26H,13,15H2,1-4H3,(H2,22,25)",XHLBUGNJOOFWJL-UHFFFAOYSA-N,2.251400000000003,355.22597716800004
"InChI=1S/C6H15NO/c1-5(2)7-6(3,4)8/h5,7-8H,1-4H3",QHPWRDNABXCTMP-UHFFFAOYSA-N,CC(C)(NC(C)C)O,,,C6H15NO,117.1153641,0.07049999999999884,0,0,0,BTM00095,BTM00095,N-Dealkylation of acyclic tertiary amine,BTMR1142,"CYP1A2
CYP2A6
CYP2B6
CYP2C8
CYP2C9
CYP2C19
CYP2D6
CYP2E1
CYP3A4",HUMAN,BTM00013,CC(C)(N(CCC(C1=CC=CC=C1)(C2=CC=CC=N2)C(=O)N)C(C)C)O,"InChI=1S/C21H29N3O2/c1-16(2)24(20(3,4)26)15-13-21(19(22)25,17-10-6-5-7-11-17)18-12-8-9-14-23-18/h5-12,14,16,26H,13,15H2,1-4H3,(H2,22,25)",XHLBUGNJOOFWJL-UHFFFAOYSA-N,2.251400000000003,355.22597716800004
"InChI=1S/C15H14N2O2/c16-14(19)15(9-11-18,12-6-2-1-3-7-12)13-8-4-5-10-17-13/h1-8,10-11H,9H2,(H2,16,19)",NBULESZNHAYVOC-UHFFFAOYSA-N,C(CC(C1=CC=CC=C1)(C2=CC=CC=N2)C(=O)N)=O,,,C15H14N2O2,254.105527688,1.2569,0,0,0,BTM00012,BTM00012,N-Dealkylation of acyclic tertiary amine,BTMR1142,"CYP1A2
CYP2A6
CYP2B6
CYP2C8
CYP2C9
CYP2C19
CYP2D6
CYP2E1
CYP3A4",HUMAN,BTM00013,CC(C)(N(CCC(C1=CC=CC=C1)(C2=CC=CC=N2)C(=O)N)C(C)C)O,"InChI=1S/C21H29N3O2/c1-16(2)24(20(3,4)26)15-13-21(19(22)25,17-10-6-5-7-11-17)18-12-8-9-14-23-18/h5-12,14,16,26H,13,15H2,1-4H3,(H2,22,25)",XHLBUGNJOOFWJL-UHFFFAOYSA-N,2.251400000000003,355.22597716800004
"InChI=1S/C21H29N3O3/c1-15(2)24(16(3)4)19(25)14-21(20(22)26,17-10-6-5-7-11-17)18-12-8-9-13-23(18)27/h5-13,15-16,19,25H,14H2,1-4H3,(H2,22,26)",NEMYJEOWWSLMCJ-UHFFFAOYSA-N,CC(C)N(C(CC(C1=CC=CC=C1)(C2=CC=CC=[N+]2[O-])C(=O)N)O)C(C)C,,,C21H29N3O3,371.220891788,2.5897000000000023,0,0,0,BTM00052,BTM00052,Pyridine N-oxidation,BTMR0096,"CYP1A2
CYP2C9
CYP2D6
CYP3A4",HUMAN,BTM00014,CC(C)N(C(CC(C1=CC=CC=C1)(C2=CC=CC=N2)C(=O)N)O)C(C)C,"InChI=1S/C21H29N3O2/c1-15(2)24(16(3)4)19(25)14-21(20(22)26,17-10-6-5-7-11-17)18-12-8-9-13-23-18/h5-13,15-16,19,25H,14H2,1-4H3,(H2,22,26)",RWTVRATWIFUJOJ-UHFFFAOYSA-N,2.819200000000003,355.225977168
"InChI=1S/C21H29N3O3/c1-14(2)24(15(3)4)19(26)13-21(20(22)27,18-11-7-8-12-23-18)16-9-5-6-10-17(16)25/h5-12,14-15,19,25-26H,13H2,1-4H3,(H2,22,27)",NLTZTWOZWMIFDH-UHFFFAOYSA-N,CC(C)N(C(CC(C1=C(C=CC=C1)O)(C2=CC=CC=N2)C(=O)N)O)C(C)C,,,C21H29N3O3,371.220891788,2.5518000000000023,0,1,1,BTM00063,BTM00063,O-Hydroxylation of monosubstituted benzene,BTMR1034,"CYP1A2
CYP2C8
CYP2C9
CYP2C19
CYP3A4",HUMAN,BTM00014,CC(C)N(C(CC(C1=CC=CC=C1)(C2=CC=CC=N2)C(=O)N)O)C(C)C,"InChI=1S/C21H29N3O2/c1-15(2)24(16(3)4)19(25)14-21(20(22)26,17-10-6-5-7-11-17)18-12-8-9-13-23-18/h5-13,15-16,19,25H,14H2,1-4H3,(H2,22,26)",RWTVRATWIFUJOJ-UHFFFAOYSA-N,2.819200000000003,355.225977168
"InChI=1S/C21H29N3O3/c1-15(2)24(27,16(3)4)19(25)14-21(20(22)26,17-10-6-5-7-11-17)18-12-8-9-13-23-18/h5-13,15-16,19,25H,14H2,1-4H3,(H2,22,26)",SJLWNFNZQFRSPW-UHFFFAOYSA-N,CC(C)[N+](C(CC(C1=CC=CC=C1)(C2=CC=CC=N2)C(=O)N)O)(C(C)C)[O-],,,C21H29N3O3,371.220891788,2.414100000000002,0,0,0,BTM00096,BTM00096,N-Oxidation of aliphatic tertiary amine,BTMR1100,"CYP1A2
CYP2D6
CYP3A4",HUMAN,BTM00014,CC(C)N(C(CC(C1=CC=CC=C1)(C2=CC=CC=N2)C(=O)N)O)C(C)C,"InChI=1S/C21H29N3O2/c1-15(2)24(16(3)4)19(25)14-21(20(22)26,17-10-6-5-7-11-17)18-12-8-9-13-23-18/h5-13,15-16,19,25H,14H2,1-4H3,(H2,22,26)",RWTVRATWIFUJOJ-UHFFFAOYSA-N,2.819200000000003,355.225977168
"InChI=1S/C21H29N3O3/c1-14(2)24(15(3)4)19(26)13-21(20(22)27,18-7-5-6-12-23-18)16-8-10-17(25)11-9-16/h5-12,14-15,19,25-26H,13H2,1-4H3,(H2,22,27)",MMFWERPPFBJOST-UHFFFAOYSA-N,CC(C)N(C(CC(C1=CC=C(C=C1)O)(C2=CC=CC=N2)C(=O)N)O)C(C)C,,,C21H29N3O3,371.220891788,2.5518000000000023,0,1,1,BTM00073,BTM00073,Hydroxylation of benzene on carbon para to electron donating group,BTMR1047,"CYP1A2
CYP2C8
CYP2C9
CYP2D6
CYP3A4",HUMAN,BTM00014,CC(C)N(C(CC(C1=CC=CC=C1)(C2=CC=CC=N2)C(=O)N)O)C(C)C,"InChI=1S/C21H29N3O2/c1-15(2)24(16(3)4)19(25)14-21(20(22)26,17-10-6-5-7-11-17)18-12-8-9-13-23-18/h5-13,15-16,19,25H,14H2,1-4H3,(H2,22,26)",RWTVRATWIFUJOJ-UHFFFAOYSA-N,2.819200000000003,355.225977168
InChI=1S/C3H6O/c1-3(2)4/h1-2H3,CSCPPACGZOOCGX-UHFFFAOYSA-N,CC(C)=O,,,C3H6O,58.041864812,-0.24400000000000033,0,0,0,BTM00007,BTM00007,N-Deisopropylation,BTMR0051,"CYP1A2
CYP2B6
CYP2C8
CYP2C9
CYP2C19
CYP2E1
CYP3A4",HUMAN,BTM00014,CC(C)N(C(CC(C1=CC=CC=C1)(C2=CC=CC=N2)C(=O)N)O)C(C)C,"InChI=1S/C21H29N3O2/c1-15(2)24(16(3)4)19(25)14-21(20(22)26,17-10-6-5-7-11-17)18-12-8-9-13-23-18/h5-13,15-16,19,25H,14H2,1-4H3,(H2,22,26)",RWTVRATWIFUJOJ-UHFFFAOYSA-N,2.819200000000003,355.225977168
"InChI=1S/C18H23N3O2/c1-13(2)21-16(22)12-18(17(19)23,14-8-4-3-5-9-14)15-10-6-7-11-20-15/h3-11,13,16,21-22H,12H2,1-2H3,(H2,19,23)",DMJFPAOAKFYHGS-UHFFFAOYSA-N,N(C(CC(C1=CC=CC=C1)(C2=CC=CC=N2)C(=O)N)O)C(C)C,,,C18H23N3O2,313.179026976,1.5570000000000022,0,1,1,BTM00097,BTM00097,N-Deisopropylation,BTMR0051,"CYP1A2
CYP2B6
CYP2C8
CYP2C9
CYP2C19
CYP2E1
CYP3A4",HUMAN,BTM00014,CC(C)N(C(CC(C1=CC=CC=C1)(C2=CC=CC=N2)C(=O)N)O)C(C)C,"InChI=1S/C21H29N3O2/c1-15(2)24(16(3)4)19(25)14-21(20(22)26,17-10-6-5-7-11-17)18-12-8-9-13-23-18/h5-13,15-16,19,25H,14H2,1-4H3,(H2,22,26)",RWTVRATWIFUJOJ-UHFFFAOYSA-N,2.819200000000003,355.225977168
"InChI=1S/C21H29N3O3/c1-15(2)24(16(3)14-25)19(26)13-21(20(22)27,17-9-5-4-6-10-17)18-11-7-8-12-23-18/h4-12,15-16,19,25-26H,13-14H2,1-3H3,(H2,22,27)",NMTMFANPIXTNPG-UHFFFAOYSA-N,C(C(C)N(C(CC(C1=CC=CC=C1)(C2=CC=CC=N2)C(=O)N)O)C(C)C)O,,,C21H29N3O3,371.220891788,1.9310000000000018,0,1,1,BTM00087,BTM00087,Hydroxylation of terminal methyl,BTMR1061,"CYP1A2
CYP2A6
CYP2B6
CYP2C8
CYP2C9
CYP2C19
CYP2D6
CYP2E1
CYP3A4",HUMAN,BTM00014,CC(C)N(C(CC(C1=CC=CC=C1)(C2=CC=CC=N2)C(=O)N)O)C(C)C,"InChI=1S/C21H29N3O2/c1-15(2)24(16(3)4)19(25)14-21(20(22)26,17-10-6-5-7-11-17)18-12-8-9-13-23-18/h5-13,15-16,19,25H,14H2,1-4H3,(H2,22,26)",RWTVRATWIFUJOJ-UHFFFAOYSA-N,2.819200000000003,355.225977168
"InChI=1S/C21H27N3O2/c1-15(2)24(16(3)4)19(25)14-21(20(22)26,17-10-6-5-7-11-17)18-12-8-9-13-23-18/h5-13,16,19,25H,1,14H2,2-4H3,(H2,22,26)",XEAMYEAHLXLZHT-UHFFFAOYSA-N,C=C(C)N(C(CC(C1=CC=CC=C1)(C2=CC=CC=N2)C(=O)N)O)C(C)C,,,C21H27N3O2,353.210327104,2.690800000000003,0,0,0,BTM00091,BTM00091,Terminal desaturation,BTMR1190,"CYP1A2
CYP2A6
CYP2C9
CYP2D6
CYP3A4",HUMAN,BTM00014,CC(C)N(C(CC(C1=CC=CC=C1)(C2=CC=CC=N2)C(=O)N)O)C(C)C,"InChI=1S/C21H29N3O2/c1-15(2)24(16(3)4)19(25)14-21(20(22)26,17-10-6-5-7-11-17)18-12-8-9-13-23-18/h5-13,15-16,19,25H,14H2,1-4H3,(H2,22,26)",RWTVRATWIFUJOJ-UHFFFAOYSA-N,2.819200000000003,355.225977168
InChI=1S/C3H6O/c1-3(2)4/h1-2H3,CSCPPACGZOOCGX-UHFFFAOYSA-N,CC(C)=O,,,C3H6O,58.041864812,-0.24400000000000033,0,0,0,BTM00007,BTM00007,N-Dealkylation of acyclic tertiary amine,BTMR1142,"CYP1A2
CYP2A6
CYP2B6
CYP2C8
CYP2C9
CYP2C19
CYP2D6
CYP2E1
CYP3A4",HUMAN,BTM00014,CC(C)N(C(CC(C1=CC=CC=C1)(C2=CC=CC=N2)C(=O)N)O)C(C)C,"InChI=1S/C21H29N3O2/c1-15(2)24(16(3)4)19(25)14-21(20(22)26,17-10-6-5-7-11-17)18-12-8-9-13-23-18/h5-13,15-16,19,25H,14H2,1-4H3,(H2,22,26)",RWTVRATWIFUJOJ-UHFFFAOYSA-N,2.819200000000003,355.225977168
"InChI=1S/C18H23N3O2/c1-13(2)21-16(22)12-18(17(19)23,14-8-4-3-5-9-14)15-10-6-7-11-20-15/h3-11,13,16,21-22H,12H2,1-2H3,(H2,19,23)",DMJFPAOAKFYHGS-UHFFFAOYSA-N,N(C(CC(C1=CC=CC=C1)(C2=CC=CC=N2)C(=O)N)O)C(C)C,,,C18H23N3O2,313.179026976,1.5570000000000022,0,1,1,BTM00097,BTM00097,N-Dealkylation of acyclic tertiary amine,BTMR1142,"CYP1A2
CYP2A6
CYP2B6
CYP2C8
CYP2C9
CYP2C19
CYP2D6
CYP2E1
CYP3A4",HUMAN,BTM00014,CC(C)N(C(CC(C1=CC=CC=C1)(C2=CC=CC=N2)C(=O)N)O)C(C)C,"InChI=1S/C21H29N3O2/c1-15(2)24(16(3)4)19(25)14-21(20(22)26,17-10-6-5-7-11-17)18-12-8-9-13-23-18/h5-13,15-16,19,25H,14H2,1-4H3,(H2,22,26)",RWTVRATWIFUJOJ-UHFFFAOYSA-N,2.819200000000003,355.225977168
"InChI=1S/C6H15N/c1-5(2)7-6(3)4/h5-7H,1-4H3",UAOMVDZJSHZZME-UHFFFAOYSA-N,CC(C)NC(C)C,,,C6H15N,101.12044947999999,1.2368000000000003,0,0,0,BTM00011,BTM00011,N-Dealkylation of acyclic tertiary amine,BTMR1142,"CYP1A2
CYP2A6
CYP2B6
CYP2C8
CYP2C9
CYP2C19
CYP2D6
CYP2E1
CYP3A4",HUMAN,BTM00014,CC(C)N(C(CC(C1=CC=CC=C1)(C2=CC=CC=N2)C(=O)N)O)C(C)C,"InChI=1S/C21H29N3O2/c1-15(2)24(16(3)4)19(25)14-21(20(22)26,17-10-6-5-7-11-17)18-12-8-9-13-23-18/h5-13,15-16,19,25H,14H2,1-4H3,(H2,22,26)",RWTVRATWIFUJOJ-UHFFFAOYSA-N,2.819200000000003,355.225977168
"InChI=1S/C15H14N2O3/c16-14(20)15(10-13(18)19,11-6-2-1-3-7-11)12-8-4-5-9-17-12/h1-9H,10H2,(H2,16,20)(H,18,19)",GJGQITNETUJOQH-UHFFFAOYSA-N,C(CC(C1=CC=CC=C1)(C2=CC=CC=N2)C(=O)N)(=O)O,,,C15H14N2O3,270.100442308,1.2095000000000002,0,0,0,BTM00038,BTM00038,N-Dealkylation of acyclic tertiary amine,BTMR1142,"CYP1A2
CYP2A6
CYP2B6
CYP2C8
CYP2C9
CYP2C19
CYP2D6
CYP2E1
CYP3A4",HUMAN,BTM00014,CC(C)N(C(CC(C1=CC=CC=C1)(C2=CC=CC=N2)C(=O)N)O)C(C)C,"InChI=1S/C21H29N3O2/c1-15(2)24(16(3)4)19(25)14-21(20(22)26,17-10-6-5-7-11-17)18-12-8-9-13-23-18/h5-13,15-16,19,25H,14H2,1-4H3,(H2,22,26)",RWTVRATWIFUJOJ-UHFFFAOYSA-N,2.819200000000003,355.225977168
"InChI=1S/C21H29N3O/c1-16(2)24(17(3)4)15-13-21(20(22)25,18-10-6-5-7-11-18)19-12-8-9-14-23-19/h5-12,14,16-17H,13,15H2,1-4H3,(H2,22,25)",UVTNFZQICZKOEM-UHFFFAOYSA-N,CC(C)N(CCC(C1=CC=CC=C1)(C2=CC=CC=N2)C(=O)N)C(C)C,,,C21H29N3O,339.2310,,0,0,0,,,4'-Dehydroxylation of substituted benzene,BTMR1012,Unspecified bacterial dehydroxylase,GUTMICRO,BTM00006,CC(C)N(CCC(C1=CC=C(C=C1)O)(C2=CC=CC=N2)C(=O)N)C(C)C,"InChI=1S/C21H29N3O2/c1-15(2)24(16(3)4)14-12-21(20(22)26,19-7-5-6-13-23-19)17-8-10-18(25)11-9-17/h5-11,13,15-16,25H,12,14H2,1-4H3,(H2,22,26)",IGDCCAGTPIOGTJ-UHFFFAOYSA-N,3.150300000000002,355.22597716800004
