InChI,InChIKey,SMILES,Synonyms,PUBCHEM_CID,Molecular formula,Major Isotope Mass,ALogP,Lipinski_Violations,Insecticide_Likeness_Violations,Post_Em_Herbicide_Likeness_Violations,Metabolite ID,cdk:Title,Reaction,Reaction ID,Enzyme(s),Biosystem,Precursor ID,Precursor SMILES,Precursor InChI,Precursor InChIKey,Precursor ALogP,Precursor Major Isotope Mass
"InChI=1S/C26H34N2O6/c1-16(15-28(2,3)25-23(31)21(29)22(30)24(34-25)26(32)33)14-27-19-10-6-4-8-17(19)12-13-18-9-5-7-11-20(18)27/h4-11,16,21-25,29-31H,12-15H2,1-3H3/p+1",ORJWGIPXGWHWSW-UHFFFAOYSA-O,CC(CN1C2=CC=CC=C2CCC3=CC=CC=C31)C[N+](C)(C)C4OC(C(O)=O)C(C(C4O)O)O,,,[C26H35N2O6]+,471.24951183999997,1.5353000000000028,0,1,1,BTM00001,BTM00001,N-Glucuronidation of tertiary aliphatic amine,BTMR0244,EC 2.4.1.17,HUMAN,,CC(CN1C2=CC=CC=C2CCC3=CC=CC=C31)CN(C)C,"InChI=1S/C20H26N2/c1-16(14-21(2)3)15-22-19-10-6-4-8-17(19)12-13-18-9-5-7-11-20(18)22/h4-11,16H,12-15H2,1-3H3",ZSCDBOWYZJWBIY-UHFFFAOYSA-N,,294.2095
"InChI=1S/C6H13NO/c1-6(5-8)4-7(2)3/h5-6H,4H2,1-3H3",JRKCEWUWTPANMB-UHFFFAOYSA-N,CC(C=O)CN(C)C,,,C6H13NO,115.099714036,0.5343000000000004,0,0,0,BTM00002,BTM00002,N-Dealkylation of mixed tertiary amine,BTMR1145,"CYP1A2
CYP2A6
CYP2B6
CYP2C8
CYP2C9
CYP2C19
CYP2D6
CYP3A4",HUMAN,,CC(CN1C2=CC=CC=C2CCC3=CC=CC=C31)CN(C)C,"InChI=1S/C20H26N2/c1-16(14-21(2)3)15-22-19-10-6-4-8-17(19)12-13-18-9-5-7-11-20(18)22/h4-11,16H,12-15H2,1-3H3",ZSCDBOWYZJWBIY-UHFFFAOYSA-N,,294.2095
"InChI=1S/C14H13N/c1-3-7-13-11(5-1)9-10-12-6-2-4-8-14(12)15-13/h1-8,15H,9-10H2",ZSMRRZONCYIFNB-UHFFFAOYSA-N,N1C2=CC=CC=C2CCC3=CC=CC=C31,,,C14H13N,195.104799416,3.9808999999999997,0,0,0,BTM00003,BTM00003,N-Dealkylation of mixed tertiary amine,BTMR1145,"CYP1A2
CYP2A6
CYP2B6
CYP2C8
CYP2C9
CYP2C19
CYP2D6
CYP3A4",HUMAN,,CC(CN1C2=CC=CC=C2CCC3=CC=CC=C31)CN(C)C,"InChI=1S/C20H26N2/c1-16(14-21(2)3)15-22-19-10-6-4-8-17(19)12-13-18-9-5-7-11-20(18)22/h4-11,16H,12-15H2,1-3H3",ZSCDBOWYZJWBIY-UHFFFAOYSA-N,,294.2095
"InChI=1S/C20H26N2O/c1-15(13-21(2)3)14-22-19-7-5-4-6-16(19)8-9-17-10-11-18(23)12-20(17)22/h4-7,10-12,15,23H,8-9,13-14H2,1-3H3",MAQNRCYTONBDRQ-UHFFFAOYSA-N,CC(CN1C2=CC(=CC=C2CCC3=CC=CC=C31)O)CN(C)C,,,C20H26N2O,310.20451345199996,4.5692,0,0,0,BTM00004,BTM00004,Aromatic hydroxylation of fused benzene ring,BTMR1030,"CYP1A2
CYP2A6
CYP2B6
CYP2C8
CYP2C9
CYP2C19
CYP2D6
CYP2E1
CYP3A4",HUMAN,,CC(CN1C2=CC=CC=C2CCC3=CC=CC=C31)CN(C)C,"InChI=1S/C20H26N2/c1-16(14-21(2)3)15-22-19-10-6-4-8-17(19)12-13-18-9-5-7-11-20(18)22/h4-11,16H,12-15H2,1-3H3",ZSCDBOWYZJWBIY-UHFFFAOYSA-N,,294.2095
"InChI=1S/C20H26N2O/c1-15(13-21(2)3)14-22-19-7-5-4-6-16(19)8-9-17-12-18(23)10-11-20(17)22/h4-7,10-12,15,23H,8-9,13-14H2,1-3H3",FQJSSUOYVSEYPF-UHFFFAOYSA-N,CC(CN1C2=CC=C(C=C2CCC3=CC=CC=C31)O)CN(C)C,,,C20H26N2O,310.20451345199996,4.5692,0,0,0,BTM00005,BTM00005,Aromatic hydroxylation of fused benzene ring,BTMR1030,"CYP1A2
CYP2A6
CYP2B6
CYP2C8
CYP2C9
CYP2C19
CYP2D6
CYP2E1
CYP3A4",HUMAN,,CC(CN1C2=CC=CC=C2CCC3=CC=CC=C31)CN(C)C,"InChI=1S/C20H26N2/c1-16(14-21(2)3)15-22-19-10-6-4-8-17(19)12-13-18-9-5-7-11-20(18)22/h4-11,16H,12-15H2,1-3H3",ZSCDBOWYZJWBIY-UHFFFAOYSA-N,,294.2095
"InChI=1S/C20H26N2O/c1-16(15-22(2,3)23)14-21-19-10-6-4-8-17(19)12-13-18-9-5-7-11-20(18)21/h4-11,16H,12-15H2,1-3H3",UNOPAPJVNIQNJP-UHFFFAOYSA-N,CC(CN1C2=CC=CC=C2CCC3=CC=CC=C31)C[N+](C)(C)[O-],,,C20H26N2O,310.204513452,4.431499999999999,0,0,0,BTM00006,BTM00006,N-Oxidation of aliphatic tertiary amine,BTMR1100,"CYP1A2
CYP2D6
CYP3A4",HUMAN,,CC(CN1C2=CC=CC=C2CCC3=CC=CC=C31)CN(C)C,"InChI=1S/C20H26N2/c1-16(14-21(2)3)15-22-19-10-6-4-8-17(19)12-13-18-9-5-7-11-20(18)22/h4-11,16H,12-15H2,1-3H3",ZSCDBOWYZJWBIY-UHFFFAOYSA-N,,294.2095
"InChI=1S/C20H26N2O/c1-15(13-21(2)3)14-22-18-9-5-4-7-16(18)11-12-17-8-6-10-19(23)20(17)22/h4-10,15,23H,11-14H2,1-3H3",XQBPCRMVZURSFB-UHFFFAOYSA-N,CC(CN1C2=CC=CC=C2CCC3=CC=CC(=C31)O)CN(C)C,,,C20H26N2O,310.20451345199996,4.5692,0,0,0,BTM00007,BTM00007,Aromatic hydroxylation of fused benzene ring,BTMR1031,"CYP1A2
CYP2B6
CYP2C8
CYP2C9
CYP2C19
CYP2D6
CYP3A4",HUMAN,,CC(CN1C2=CC=CC=C2CCC3=CC=CC=C31)CN(C)C,"InChI=1S/C20H26N2/c1-16(14-21(2)3)15-22-19-10-6-4-8-17(19)12-13-18-9-5-7-11-20(18)22/h4-11,16H,12-15H2,1-3H3",ZSCDBOWYZJWBIY-UHFFFAOYSA-N,,294.2095
"InChI=1S/C20H26N2O/c1-15(13-21(2)3)14-22-18-8-5-4-7-16(18)11-12-17-19(22)9-6-10-20(17)23/h4-10,15,23H,11-14H2,1-3H3",KNCANBDGCAOXBV-UHFFFAOYSA-N,CC(CN1C2=CC=CC=C2CCC3=C(C=CC=C31)O)CN(C)C,,,C20H26N2O,310.204513452,4.5692,0,0,0,BTM00008,BTM00008,Aromatic hydroxylation of fused benzene ring,BTMR1032,"CYP1A2
CYP2B6
CYP2C8
CYP2C9
CYP2C19
CYP2D6
CYP3A4",HUMAN,,CC(CN1C2=CC=CC=C2CCC3=CC=CC=C31)CN(C)C,"InChI=1S/C20H26N2/c1-16(14-21(2)3)15-22-19-10-6-4-8-17(19)12-13-18-9-5-7-11-20(18)22/h4-11,16H,12-15H2,1-3H3",ZSCDBOWYZJWBIY-UHFFFAOYSA-N,,294.2095
"InChI=1S/C20H26N2O/c1-21(2)13-16(15-23)14-22-19-9-5-3-7-17(19)11-12-18-8-4-6-10-20(18)22/h3-10,16,23H,11-15H2,1-2H3",CKCNZSUXHSEJJH-UHFFFAOYSA-N,C(C(CN1C2=CC=CC=C2CCC3=CC=CC=C31)CN(C)C)O,,,C20H26N2O,310.20451345199996,3.842500000000001,0,0,0,BTM00009,BTM00009,Hydroxylation of terminal methyl,BTMR1061,"CYP1A2
CYP2A6
CYP2B6
CYP2C8
CYP2C9
CYP2C19
CYP2D6
CYP2E1
CYP3A4",HUMAN,,CC(CN1C2=CC=CC=C2CCC3=CC=CC=C31)CN(C)C,"InChI=1S/C20H26N2/c1-16(14-21(2)3)15-22-19-10-6-4-8-17(19)12-13-18-9-5-7-11-20(18)22/h4-11,16H,12-15H2,1-3H3",ZSCDBOWYZJWBIY-UHFFFAOYSA-N,,294.2095
"InChI=1S/C20H24N2/c1-16(14-21(2)3)15-22-19-10-6-4-8-17(19)12-13-18-9-5-7-11-20(18)22/h4-11H,1,12-15H2,2-3H3",MIDFTARQPSTMSS-UHFFFAOYSA-N,C=C(CN1C2=CC=CC=C2CCC3=CC=CC=C31)CN(C)C,,,C20H24N2,292.193948768,4.837400000000001,0,0,0,BTM00010,BTM00010,Terminal desaturation,BTMR1190,"CYP1A2
CYP2A6
CYP2C9
CYP2D6
CYP3A4",HUMAN,,CC(CN1C2=CC=CC=C2CCC3=CC=CC=C31)CN(C)C,"InChI=1S/C20H26N2/c1-16(14-21(2)3)15-22-19-10-6-4-8-17(19)12-13-18-9-5-7-11-20(18)22/h4-11,16H,12-15H2,1-3H3",ZSCDBOWYZJWBIY-UHFFFAOYSA-N,,294.2095
"InChI=1S/C18H19NO/c1-14(13-20)12-19-17-8-4-2-6-15(17)10-11-16-7-3-5-9-18(16)19/h2-9,13-14H,10-12H2,1H3",QHWISLHPPUHJRL-UHFFFAOYSA-N,CC(CN1C2=CC=CC=C2CCC3=CC=CC=C31)C=O,,,C18H19NO,265.14666422799996,4.401000000000002,0,0,0,BTM00011,BTM00011,N-Dealkylation of acyclic tertiary amine,BTMR1142,"CYP1A2
CYP2A6
CYP2B6
CYP2C8
CYP2C9
CYP2C19
CYP2D6
CYP2E1
CYP3A4",HUMAN,,CC(CN1C2=CC=CC=C2CCC3=CC=CC=C31)CN(C)C,"InChI=1S/C20H26N2/c1-16(14-21(2)3)15-22-19-10-6-4-8-17(19)12-13-18-9-5-7-11-20(18)22/h4-11,16H,12-15H2,1-3H3",ZSCDBOWYZJWBIY-UHFFFAOYSA-N,,294.2095
"InChI=1S/C2H7N/c1-3-2/h3H,1-2H3",ROSDSFDQCJNGOL-UHFFFAOYSA-N,N(C)C,,,C2H7N,45.057849224,-0.21580000000000035,0,0,0,BTM00012,BTM00012,N-Dealkylation of acyclic tertiary amine,BTMR1142,"CYP1A2
CYP2A6
CYP2B6
CYP2C8
CYP2C9
CYP2C19
CYP2D6
CYP2E1
CYP3A4",HUMAN,,CC(CN1C2=CC=CC=C2CCC3=CC=CC=C31)CN(C)C,"InChI=1S/C20H26N2/c1-16(14-21(2)3)15-22-19-10-6-4-8-17(19)12-13-18-9-5-7-11-20(18)22/h4-11,16H,12-15H2,1-3H3",ZSCDBOWYZJWBIY-UHFFFAOYSA-N,,294.2095
"InChI=1S/C19H24N2/c1-15(13-20-2)14-21-18-9-5-3-7-16(18)11-12-17-8-4-6-10-19(17)21/h3-10,15,20H,11-14H2,1-2H3",FUEUKSCRQNPXKS-UHFFFAOYSA-N,CC(CN1C2=CC=CC=C2CCC3=CC=CC=C31)CNC,,,C19H24N2,280.193948768,4.3007,0,0,0,BTM00013,BTM00013,N-Dealkylation of acyclic tertiary amine,BTMR1142,"CYP1A2
CYP2A6
CYP2B6
CYP2C8
CYP2C9
CYP2C19
CYP2D6
CYP2E1
CYP3A4",HUMAN,,CC(CN1C2=CC=CC=C2CCC3=CC=CC=C31)CN(C)C,"InChI=1S/C20H26N2/c1-16(14-21(2)3)15-22-19-10-6-4-8-17(19)12-13-18-9-5-7-11-20(18)22/h4-11,16H,12-15H2,1-3H3",ZSCDBOWYZJWBIY-UHFFFAOYSA-N,,294.2095
"InChI=1S/C20H26N2O/c1-20(23,14-21(2)3)15-22-18-10-6-4-8-16(18)12-13-17-9-5-7-11-19(17)22/h4-11,23H,12-15H2,1-3H3",MCXQNEIOGOZKEU-UHFFFAOYSA-N,CC(CN1C2=CC=CC=C2CCC3=CC=CC=C31)(CN(C)C)O,,,C20H26N2O,310.20451345199996,4.019800000000001,0,0,0,BTM00014,BTM00014,Hydroxylation of penultimate aliphatic tertiary carbon,BTMR1075,"CYP2A6
CYP2B6
CYP2C8
CYP2C9
CYP2D6
CYP3A4",HUMAN,,CC(CN1C2=CC=CC=C2CCC3=CC=CC=C31)CN(C)C,"InChI=1S/C20H26N2/c1-16(14-21(2)3)15-22-19-10-6-4-8-17(19)12-13-18-9-5-7-11-20(18)22/h4-11,16H,12-15H2,1-3H3",ZSCDBOWYZJWBIY-UHFFFAOYSA-N,,294.2095
"InChI=1S/C20H26N2O/c1-15(20(23)21(2)3)14-22-18-10-6-4-8-16(18)12-13-17-9-5-7-11-19(17)22/h4-11,15,20,23H,12-14H2,1-3H3",LEWZQDDUHASSDT-UHFFFAOYSA-N,CC(CN1C2=CC=CC=C2CCC3=CC=CC=C31)C(N(C)C)O,,,C20H26N2O,310.204513452,4.5935,0,0,0,BTM00015,BTM00015,Aliphatic hydroxylation of carbon alpha to secondary or tertiary alkyl-N,BTMR1081,"CYP2B6
CYP2C19
CYP2D6",HUMAN,,CC(CN1C2=CC=CC=C2CCC3=CC=CC=C31)CN(C)C,"InChI=1S/C20H26N2/c1-16(14-21(2)3)15-22-19-10-6-4-8-17(19)12-13-18-9-5-7-11-20(18)22/h4-11,16H,12-15H2,1-3H3",ZSCDBOWYZJWBIY-UHFFFAOYSA-N,,294.2095
"InChI=1S/C20H26N2O/c1-15(14-21(2)3)20(23)22-18-10-6-4-8-16(18)12-13-17-9-5-7-11-19(17)22/h4-11,15,20,23H,12-14H2,1-3H3",DVJXETSKZIUYFQ-UHFFFAOYSA-N,CC(C(N1C2=CC=CC=C2CCC3=CC=CC=C31)O)CN(C)C,,,C20H26N2O,310.204513452,4.5935,0,0,0,BTM00016,BTM00016,Aliphatic hydroxylation of carbon alpha to secondary or tertiary alkyl-N,BTMR1081,"CYP2B6
CYP2C19
CYP2D6",HUMAN,,CC(CN1C2=CC=CC=C2CCC3=CC=CC=C31)CN(C)C,"InChI=1S/C20H26N2/c1-16(14-21(2)3)15-22-19-10-6-4-8-17(19)12-13-18-9-5-7-11-20(18)22/h4-11,16H,12-15H2,1-3H3",ZSCDBOWYZJWBIY-UHFFFAOYSA-N,,294.2095
"InChI=1S/C6H15NO/c1-6(5-8)4-7(2)3/h6,8H,4-5H2,1-3H3",FZASHPCRPMSFEG-UHFFFAOYSA-N,CC(CO)CN(C)C,,,C6H15NO,117.1153641,0.2917999999999997,0,0,0,BTM00017,BTM00017,Reduction of aldehyde,BTMR0367,EC 1.1.1.184,HUMAN,BTM00002,CC(C=O)CN(C)C,"InChI=1S/C6H13NO/c1-6(5-8)4-7(2)3/h5-6H,4H2,1-3H3",JRKCEWUWTPANMB-UHFFFAOYSA-N,0.5343000000000004,115.099714036
"InChI=1S/C6H13NO2/c1-5(6(8)9)4-7(2)3/h5H,4H2,1-3H3,(H,8,9)",JZRKIWQSOIPFET-UHFFFAOYSA-N,CC(C(=O)O)CN(C)C,,,C6H13NO2,131.094628656,0.48690000000000005,0,0,0,BTM00018,BTM00018,Aldehyde oxidation,BTMR0050,EC 1.2.3.1,HUMAN,BTM00002,CC(C=O)CN(C)C,"InChI=1S/C6H13NO/c1-6(5-8)4-7(2)3/h5-6H,4H2,1-3H3",JRKCEWUWTPANMB-UHFFFAOYSA-N,0.5343000000000004,115.099714036
"InChI=1S/C12H21NO7/c1-6(5-14)4-13(2,3)11-9(17)7(15)8(16)10(20-11)12(18)19/h5-11,15-17H,4H2,1-3H3/p+1",WFBFEULPABZGHY-UHFFFAOYSA-O,CC(C=O)C[N+](C)(C)C1OC(C(O)=O)C(C(C1O)O)O,,,[C12H22NO7]+,292.139627044,-2.767,0,1,1,BTM00019,BTM00019,N-Glucuronidation of tertiary aliphatic amine,BTMR0244,EC 2.4.1.17,HUMAN,BTM00002,CC(C=O)CN(C)C,"InChI=1S/C6H13NO/c1-6(5-8)4-7(2)3/h5-6H,4H2,1-3H3",JRKCEWUWTPANMB-UHFFFAOYSA-N,0.5343000000000004,115.099714036
"InChI=1S/C26H34N2O7/c1-15(13-27(2)3)14-28-19-7-5-4-6-16(19)8-9-17-10-11-18(12-20(17)28)34-26-23(31)21(29)22(30)24(35-26)25(32)33/h4-7,10-12,15,21-24,26,29-31H,8-9,13-14H2,1-3H3,(H,32,33)",YGPJKEXXGCYVFX-UHFFFAOYSA-N,CC(CN1C2=CC(=CC=C2CCC3=CC=CC=C31)OC4OC(C(O)=O)C(C(C4O)O)O)CN(C)C,,,C26H34N2O7,486.236601428,2.8737000000000013,0,1,1,BTM00020,BTM00020,Aromatic OH-glucuronidation,BTMR0166,EC 2.4.1.17,HUMAN,BTM00004,CC(CN1C2=CC(=CC=C2CCC3=CC=CC=C31)O)CN(C)C,"InChI=1S/C20H26N2O/c1-15(13-21(2)3)14-22-19-7-5-4-6-16(19)8-9-17-10-11-18(23)12-20(17)22/h4-7,10-12,15,23H,8-9,13-14H2,1-3H3",MAQNRCYTONBDRQ-UHFFFAOYSA-N,4.5692,310.20451345199996
"InChI=1S/C26H34N2O7/c1-15(14-28(2,3)25-23(32)21(30)22(31)24(35-25)26(33)34)13-27-19-7-5-4-6-16(19)8-9-17-10-11-18(29)12-20(17)27/h4-7,10-12,15,21-25,30-32H,8-9,13-14H2,1-3H3,(H-,29,33,34)/p+1",OHKRFHRCRXTPQN-UHFFFAOYSA-O,CC(CN1C2=CC(=CC=C2CCC3=CC=CC=C31)O)C[N+](C)(C)C4OC(C(O)=O)C(C(C4O)O)O,,,[C26H35N2O7]+,487.24442646,1.267900000000002,0,1,1,BTM00021,BTM00021,N-Glucuronidation of tertiary aliphatic amine,BTMR0244,EC 2.4.1.17,HUMAN,BTM00004,CC(CN1C2=CC(=CC=C2CCC3=CC=CC=C31)O)CN(C)C,"InChI=1S/C20H26N2O/c1-15(13-21(2)3)14-22-19-7-5-4-6-16(19)8-9-17-10-11-18(23)12-20(17)22/h4-7,10-12,15,23H,8-9,13-14H2,1-3H3",MAQNRCYTONBDRQ-UHFFFAOYSA-N,4.5692,310.20451345199996
"InChI=1S/C20H26N2O4S/c1-15(13-21(2)3)14-22-19-7-5-4-6-16(19)8-9-17-10-11-18(12-20(17)22)26-27(23,24)25/h4-7,10-12,15H,8-9,13-14H2,1-3H3,(H,23,24,25)",XJBBGUUEAGEONP-UHFFFAOYSA-N,CC(CN1C2=CC(=CC=C2CCC3=CC=CC=C31)OS(O)(=O)=O)CN(C)C,,,C20H26N2O4S,390.16132831199997,3.8324000000000003,0,0,0,BTM00022,BTM00022,Sulfonation of phenolic compound,BTMR1376,EC 2.8.2.1,HUMAN,BTM00004,CC(CN1C2=CC(=CC=C2CCC3=CC=CC=C31)O)CN(C)C,"InChI=1S/C20H26N2O/c1-15(13-21(2)3)14-22-19-7-5-4-6-16(19)8-9-17-10-11-18(23)12-20(17)22/h4-7,10-12,15,23H,8-9,13-14H2,1-3H3",MAQNRCYTONBDRQ-UHFFFAOYSA-N,4.5692,310.20451345199996
"InChI=1S/C21H28N2O/c1-16(14-22(2)3)15-23-20-8-6-5-7-17(20)9-10-18-11-12-19(24-4)13-21(18)23/h5-8,11-13,16H,9-10,14-15H2,1-4H3",QNFYMYKXQLXVFI-UHFFFAOYSA-N,CC(CN1C2=CC(=CC=C2CCC3=CC=CC=C31)OC)CN(C)C,,,C21H28N2O,324.22016351599996,4.820200000000003,0,0,0,BTM00023,BTM00023,Methylation of phenolic compound,BTMR1377,EC 2.1.1.25,HUMAN,BTM00004,CC(CN1C2=CC(=CC=C2CCC3=CC=CC=C31)O)CN(C)C,"InChI=1S/C20H26N2O/c1-15(13-21(2)3)14-22-19-7-5-4-6-16(19)8-9-17-10-11-18(23)12-20(17)22/h4-7,10-12,15,23H,8-9,13-14H2,1-3H3",MAQNRCYTONBDRQ-UHFFFAOYSA-N,4.5692,310.20451345199996
"InChI=1S/C26H34N2O7/c1-15(13-27(2)3)14-28-19-7-5-4-6-16(19)8-9-17-12-18(10-11-20(17)28)34-26-23(31)21(29)22(30)24(35-26)25(32)33/h4-7,10-12,15,21-24,26,29-31H,8-9,13-14H2,1-3H3,(H,32,33)",BUSWXMBBMRIMSF-UHFFFAOYSA-N,CC(CN1C2=CC=C(C=C2CCC3=CC=CC=C31)OC4OC(C(O)=O)C(C(C4O)O)O)CN(C)C,,,C26H34N2O7,486.236601428,2.8737000000000013,0,1,1,BTM00024,BTM00024,Aromatic OH-glucuronidation,BTMR0166,EC 2.4.1.17,HUMAN,BTM00005,CC(CN1C2=CC=C(C=C2CCC3=CC=CC=C31)O)CN(C)C,"InChI=1S/C20H26N2O/c1-15(13-21(2)3)14-22-19-7-5-4-6-16(19)8-9-17-12-18(23)10-11-20(17)22/h4-7,10-12,15,23H,8-9,13-14H2,1-3H3",FQJSSUOYVSEYPF-UHFFFAOYSA-N,4.5692,310.20451345199996
"InChI=1S/C26H34N2O7/c1-15(14-28(2,3)25-23(32)21(30)22(31)24(35-25)26(33)34)13-27-19-7-5-4-6-16(19)8-9-17-12-18(29)10-11-20(17)27/h4-7,10-12,15,21-25,30-32H,8-9,13-14H2,1-3H3,(H-,29,33,34)/p+1",ANBHZLYBLAANOG-UHFFFAOYSA-O,CC(CN1C2=CC=C(C=C2CCC3=CC=CC=C31)O)C[N+](C)(C)C4OC(C(O)=O)C(C(C4O)O)O,,,[C26H35N2O7]+,487.24442646,1.267900000000002,0,1,1,BTM00025,BTM00025,N-Glucuronidation of tertiary aliphatic amine,BTMR0244,EC 2.4.1.17,HUMAN,BTM00005,CC(CN1C2=CC=C(C=C2CCC3=CC=CC=C31)O)CN(C)C,"InChI=1S/C20H26N2O/c1-15(13-21(2)3)14-22-19-7-5-4-6-16(19)8-9-17-12-18(23)10-11-20(17)22/h4-7,10-12,15,23H,8-9,13-14H2,1-3H3",FQJSSUOYVSEYPF-UHFFFAOYSA-N,4.5692,310.20451345199996
"InChI=1S/C20H26N2O4S/c1-15(13-21(2)3)14-22-19-7-5-4-6-16(19)8-9-17-12-18(10-11-20(17)22)26-27(23,24)25/h4-7,10-12,15H,8-9,13-14H2,1-3H3,(H,23,24,25)",OXMJRBRTWJCVQH-UHFFFAOYSA-N,CC(CN1C2=CC=C(C=C2CCC3=CC=CC=C31)OS(O)(=O)=O)CN(C)C,,,C20H26N2O4S,390.161328312,3.8324000000000003,0,0,0,BTM00026,BTM00026,Sulfonation of phenolic compound,BTMR1376,EC 2.8.2.1,HUMAN,BTM00005,CC(CN1C2=CC=C(C=C2CCC3=CC=CC=C31)O)CN(C)C,"InChI=1S/C20H26N2O/c1-15(13-21(2)3)14-22-19-7-5-4-6-16(19)8-9-17-12-18(23)10-11-20(17)22/h4-7,10-12,15,23H,8-9,13-14H2,1-3H3",FQJSSUOYVSEYPF-UHFFFAOYSA-N,4.5692,310.20451345199996
"InChI=1S/C21H28N2O/c1-16(14-22(2)3)15-23-20-8-6-5-7-17(20)9-10-18-13-19(24-4)11-12-21(18)23/h5-8,11-13,16H,9-10,14-15H2,1-4H3",PGEHORGPJXSMNI-UHFFFAOYSA-N,CC(CN1C2=CC=C(C=C2CCC3=CC=CC=C31)OC)CN(C)C,,,C21H28N2O,324.22016351599996,4.820200000000003,0,0,0,BTM00027,BTM00027,Methylation of phenolic compound,BTMR1377,EC 2.1.1.25,HUMAN,BTM00005,CC(CN1C2=CC=C(C=C2CCC3=CC=CC=C31)O)CN(C)C,"InChI=1S/C20H26N2O/c1-15(13-21(2)3)14-22-19-7-5-4-6-16(19)8-9-17-12-18(23)10-11-20(17)22/h4-7,10-12,15,23H,8-9,13-14H2,1-3H3",FQJSSUOYVSEYPF-UHFFFAOYSA-N,4.5692,310.20451345199996
"InChI=1S/C26H34N2O7/c1-16(15-28(2,3)35-26-23(31)21(29)22(30)24(34-26)25(32)33)14-27-19-10-6-4-8-17(19)12-13-18-9-5-7-11-20(18)27/h4-11,16,21-24,26,29-31H,12-15H2,1-3H3/p+1",GGBFYLHKEABMBI-UHFFFAOYSA-O,CC(CN1C2=CC=CC=C2CCC3=CC=CC=C31)C[N+](C)(C)OC4OC(C(O)C(O)C4O)C(O)=O,,,[C26H35N2O7]+,487.24442646,1.381200000000003,0,1,1,BTM00028,BTM00028,O-Glucuronidation of N-oxide,BTMR0184,EC 2.4.1.17,HUMAN,BTM00006,CC(CN1C2=CC=CC=C2CCC3=CC=CC=C31)C[N+](C)(C)[O-],"InChI=1S/C20H26N2O/c1-16(15-22(2,3)23)14-21-19-10-6-4-8-17(19)12-13-18-9-5-7-11-20(18)21/h4-11,16H,12-15H2,1-3H3",UNOPAPJVNIQNJP-UHFFFAOYSA-N,4.431499999999999,310.204513452
"InChI=1S/C26H34N2O7/c1-15(13-27(2)3)14-28-18-9-5-4-7-16(18)11-12-17-8-6-10-19(20(17)28)34-26-23(31)21(29)22(30)24(35-26)25(32)33/h4-10,15,21-24,26,29-31H,11-14H2,1-3H3,(H,32,33)",KBVQJJUNVMGHBS-UHFFFAOYSA-N,CC(CN1C2=CC=CC=C2CCC3=CC=CC(=C31)OC4OC(C(O)=O)C(C(C4O)O)O)CN(C)C,,,C26H34N2O7,486.236601428,2.8737000000000013,0,1,1,BTM00029,BTM00029,Aromatic OH-glucuronidation,BTMR0166,EC 2.4.1.17,HUMAN,BTM00007,CC(CN1C2=CC=CC=C2CCC3=CC=CC(=C31)O)CN(C)C,"InChI=1S/C20H26N2O/c1-15(13-21(2)3)14-22-18-9-5-4-7-16(18)11-12-17-8-6-10-19(23)20(17)22/h4-10,15,23H,11-14H2,1-3H3",XQBPCRMVZURSFB-UHFFFAOYSA-N,4.5692,310.20451345199996
"InChI=1S/C26H34N2O7/c1-15(14-28(2,3)25-23(32)21(30)22(31)24(35-25)26(33)34)13-27-18-9-5-4-7-16(18)11-12-17-8-6-10-19(29)20(17)27/h4-10,15,21-25,30-32H,11-14H2,1-3H3,(H-,29,33,34)/p+1",SVMRUWPSOOMMTR-UHFFFAOYSA-O,CC(CN1C2=CC=CC=C2CCC3=CC=CC(=C31)O)C[N+](C)(C)C4OC(C(O)=O)C(C(C4O)O)O,,,[C26H35N2O7]+,487.24442646,1.267900000000002,0,1,1,BTM00030,BTM00030,N-Glucuronidation of tertiary aliphatic amine,BTMR0244,EC 2.4.1.17,HUMAN,BTM00007,CC(CN1C2=CC=CC=C2CCC3=CC=CC(=C31)O)CN(C)C,"InChI=1S/C20H26N2O/c1-15(13-21(2)3)14-22-18-9-5-4-7-16(18)11-12-17-8-6-10-19(23)20(17)22/h4-10,15,23H,11-14H2,1-3H3",XQBPCRMVZURSFB-UHFFFAOYSA-N,4.5692,310.20451345199996
"InChI=1S/C20H26N2O4S/c1-15(13-21(2)3)14-22-18-9-5-4-7-16(18)11-12-17-8-6-10-19(20(17)22)26-27(23,24)25/h4-10,15H,11-14H2,1-3H3,(H,23,24,25)",ABSMXBPVLLOXIS-UHFFFAOYSA-N,CC(CN1C2=CC=CC=C2CCC3=CC=CC(=C31)OS(O)(=O)=O)CN(C)C,,,C20H26N2O4S,390.16132831199997,3.8324000000000003,0,0,0,BTM00031,BTM00031,Sulfonation of phenolic compound,BTMR1376,EC 2.8.2.1,HUMAN,BTM00007,CC(CN1C2=CC=CC=C2CCC3=CC=CC(=C31)O)CN(C)C,"InChI=1S/C20H26N2O/c1-15(13-21(2)3)14-22-18-9-5-4-7-16(18)11-12-17-8-6-10-19(23)20(17)22/h4-10,15,23H,11-14H2,1-3H3",XQBPCRMVZURSFB-UHFFFAOYSA-N,4.5692,310.20451345199996
"InChI=1S/C21H28N2O/c1-16(14-22(2)3)15-23-19-10-6-5-8-17(19)12-13-18-9-7-11-20(24-4)21(18)23/h5-11,16H,12-15H2,1-4H3",DGPUBAOBGFKNHF-UHFFFAOYSA-N,CC(CN1C2=CC=CC=C2CCC3=CC=CC(=C31)OC)CN(C)C,,,C21H28N2O,324.220163516,4.820200000000003,0,0,0,BTM00032,BTM00032,Methylation of phenolic compound,BTMR1377,EC 2.1.1.25,HUMAN,BTM00007,CC(CN1C2=CC=CC=C2CCC3=CC=CC(=C31)O)CN(C)C,"InChI=1S/C20H26N2O/c1-15(13-21(2)3)14-22-18-9-5-4-7-16(18)11-12-17-8-6-10-19(23)20(17)22/h4-10,15,23H,11-14H2,1-3H3",XQBPCRMVZURSFB-UHFFFAOYSA-N,4.5692,310.20451345199996
"InChI=1S/C26H34N2O7/c1-15(13-27(2)3)14-28-18-8-5-4-7-16(18)11-12-17-19(28)9-6-10-20(17)34-26-23(31)21(29)22(30)24(35-26)25(32)33/h4-10,15,21-24,26,29-31H,11-14H2,1-3H3,(H,32,33)",JWMCLZGKNXQRLA-UHFFFAOYSA-N,CC(CN1C2=CC=CC=C2CCC3=C(C=CC=C31)OC4OC(C(O)=O)C(C(C4O)O)O)CN(C)C,,,C26H34N2O7,486.236601428,2.8737000000000013,0,1,1,BTM00033,BTM00033,Aromatic OH-glucuronidation,BTMR0166,EC 2.4.1.17,HUMAN,BTM00008,CC(CN1C2=CC=CC=C2CCC3=C(C=CC=C31)O)CN(C)C,"InChI=1S/C20H26N2O/c1-15(13-21(2)3)14-22-18-8-5-4-7-16(18)11-12-17-19(22)9-6-10-20(17)23/h4-10,15,23H,11-14H2,1-3H3",KNCANBDGCAOXBV-UHFFFAOYSA-N,4.5692,310.204513452
"InChI=1S/C26H34N2O7/c1-15(14-28(2,3)25-23(32)21(30)22(31)24(35-25)26(33)34)13-27-18-8-5-4-7-16(18)11-12-17-19(27)9-6-10-20(17)29/h4-10,15,21-25,30-32H,11-14H2,1-3H3,(H-,29,33,34)/p+1",NIZRFSXHYQOWDV-UHFFFAOYSA-O,CC(CN1C2=CC=CC=C2CCC3=C(C=CC=C31)O)C[N+](C)(C)C4OC(C(O)=O)C(C(C4O)O)O,,,[C26H35N2O7]+,487.24442646,1.267900000000002,0,1,1,BTM00034,BTM00034,N-Glucuronidation of tertiary aliphatic amine,BTMR0244,EC 2.4.1.17,HUMAN,BTM00008,CC(CN1C2=CC=CC=C2CCC3=C(C=CC=C31)O)CN(C)C,"InChI=1S/C20H26N2O/c1-15(13-21(2)3)14-22-18-8-5-4-7-16(18)11-12-17-19(22)9-6-10-20(17)23/h4-10,15,23H,11-14H2,1-3H3",KNCANBDGCAOXBV-UHFFFAOYSA-N,4.5692,310.204513452
"InChI=1S/C20H26N2O4S/c1-15(13-21(2)3)14-22-18-8-5-4-7-16(18)11-12-17-19(22)9-6-10-20(17)26-27(23,24)25/h4-10,15H,11-14H2,1-3H3,(H,23,24,25)",PYNKDTGAEVRIMU-UHFFFAOYSA-N,CC(CN1C2=CC=CC=C2CCC3=C(C=CC=C31)OS(O)(=O)=O)CN(C)C,,,C20H26N2O4S,390.161328312,3.8324000000000003,0,0,0,BTM00035,BTM00035,Sulfonation of phenolic compound,BTMR1376,EC 2.8.2.1,HUMAN,BTM00008,CC(CN1C2=CC=CC=C2CCC3=C(C=CC=C31)O)CN(C)C,"InChI=1S/C20H26N2O/c1-15(13-21(2)3)14-22-18-8-5-4-7-16(18)11-12-17-19(22)9-6-10-20(17)23/h4-10,15,23H,11-14H2,1-3H3",KNCANBDGCAOXBV-UHFFFAOYSA-N,4.5692,310.204513452
"InChI=1S/C21H28N2O/c1-16(14-22(2)3)15-23-19-9-6-5-8-17(19)12-13-18-20(23)10-7-11-21(18)24-4/h5-11,16H,12-15H2,1-4H3",CDYSZKNGGZJXRV-UHFFFAOYSA-N,CC(CN1C2=CC=CC=C2CCC3=C(C=CC=C31)OC)CN(C)C,,,C21H28N2O,324.220163516,4.820200000000003,0,0,0,BTM00036,BTM00036,Methylation of phenolic compound,BTMR1377,EC 2.1.1.25,HUMAN,BTM00008,CC(CN1C2=CC=CC=C2CCC3=C(C=CC=C31)O)CN(C)C,"InChI=1S/C20H26N2O/c1-15(13-21(2)3)14-22-18-8-5-4-7-16(18)11-12-17-19(22)9-6-10-20(17)23/h4-10,15,23H,11-14H2,1-3H3",KNCANBDGCAOXBV-UHFFFAOYSA-N,4.5692,310.204513452
"InChI=1S/C26H34N2O7/c1-27(2)13-16(15-34-26-23(31)21(29)22(30)24(35-26)25(32)33)14-28-19-9-5-3-7-17(19)11-12-18-8-4-6-10-20(18)28/h3-10,16,21-24,26,29-31H,11-15H2,1-2H3,(H,32,33)",IJRZDHBBUITRSG-UHFFFAOYSA-N,C(C(CN1C2=CC=CC=C2CCC3=CC=CC=C31)CN(C)C)OC4OC(C(O)=O)C(C(C4O)O)O,,,C26H34N2O7,486.236601428,2.3045000000000013,0,1,1,BTM00037,BTM00037,Alkyl-OH-glucuronidation,BTMR0165,EC 2.4.1.17,HUMAN,BTM00009,C(C(CN1C2=CC=CC=C2CCC3=CC=CC=C31)CN(C)C)O,"InChI=1S/C20H26N2O/c1-21(2)13-16(15-23)14-22-19-9-5-3-7-17(19)11-12-18-8-4-6-10-20(18)22/h3-10,16,23H,11-15H2,1-2H3",CKCNZSUXHSEJJH-UHFFFAOYSA-N,3.842500000000001,310.20451345199996
"InChI=1S/C26H34N2O7/c1-28(2,25-23(32)21(30)22(31)24(35-25)26(33)34)14-16(15-29)13-27-19-9-5-3-7-17(19)11-12-18-8-4-6-10-20(18)27/h3-10,16,21-25,29-32H,11-15H2,1-2H3/p+1",SQBBZJVVUACZGK-UHFFFAOYSA-O,C(C(CN1C2=CC=CC=C2CCC3=CC=CC=C31)C[N+](C)(C)C4OC(C(O)=O)C(C(C4O)O)O)O,,,[C26H35N2O7]+,487.24442646,0.5412000000000015,0,1,1,BTM00038,BTM00038,N-Glucuronidation of tertiary aliphatic amine,BTMR0244,EC 2.4.1.17,HUMAN,BTM00009,C(C(CN1C2=CC=CC=C2CCC3=CC=CC=C31)CN(C)C)O,"InChI=1S/C20H26N2O/c1-21(2)13-16(15-23)14-22-19-9-5-3-7-17(19)11-12-18-8-4-6-10-20(18)22/h3-10,16,23H,11-15H2,1-2H3",CKCNZSUXHSEJJH-UHFFFAOYSA-N,3.842500000000001,310.20451345199996
"InChI=1S/C20H26N2O4S/c1-21(2)13-16(15-26-27(23,24)25)14-22-19-9-5-3-7-17(19)11-12-18-8-4-6-10-20(18)22/h3-10,16H,11-15H2,1-2H3,(H,23,24,25)",XYHJIYRLJJGFPV-UHFFFAOYSA-N,C(C(CN1C2=CC=CC=C2CCC3=CC=CC=C31)CN(C)C)OS(O)(=O)=O,,,C20H26N2O4S,390.161328312,3.2632000000000008,0,0,0,BTM00039,BTM00039,Sulfation of primary alcohol,BTMR0501,EC 2.8.2.2,HUMAN,BTM00009,C(C(CN1C2=CC=CC=C2CCC3=CC=CC=C31)CN(C)C)O,"InChI=1S/C20H26N2O/c1-21(2)13-16(15-23)14-22-19-9-5-3-7-17(19)11-12-18-8-4-6-10-20(18)22/h3-10,16,23H,11-15H2,1-2H3",CKCNZSUXHSEJJH-UHFFFAOYSA-N,3.842500000000001,310.20451345199996
"InChI=1S/C26H32N2O6/c1-16(15-28(2,3)25-23(31)21(29)22(30)24(34-25)26(32)33)14-27-19-10-6-4-8-17(19)12-13-18-9-5-7-11-20(18)27/h4-11,21-25,29-31H,1,12-15H2,2-3H3/p+1",ASWKQKBSWUHOKE-UHFFFAOYSA-O,C=C(CN1C2=CC=CC=C2CCC3=CC=CC=C31)C[N+](C)(C)C4OC(C(O)=O)C(C(C4O)O)O,,,[C26H33N2O6]+,469.23386177599997,1.5361000000000036,0,1,1,BTM00040,BTM00040,N-Glucuronidation of tertiary aliphatic amine,BTMR0244,EC 2.4.1.17,HUMAN,BTM00010,C=C(CN1C2=CC=CC=C2CCC3=CC=CC=C31)CN(C)C,"InChI=1S/C20H24N2/c1-16(14-21(2)3)15-22-19-10-6-4-8-17(19)12-13-18-9-5-7-11-20(18)22/h4-11H,1,12-15H2,2-3H3",MIDFTARQPSTMSS-UHFFFAOYSA-N,4.837400000000001,292.193948768
"InChI=1S/C18H21NO/c1-14(13-20)12-19-17-8-4-2-6-15(17)10-11-16-7-3-5-9-18(16)19/h2-9,14,20H,10-13H2,1H3",KIBWAYRGSNHAJR-UHFFFAOYSA-N,CC(CN1C2=CC=CC=C2CCC3=CC=CC=C31)CO,,,C18H21NO,267.16231429199996,4.1585,0,0,0,BTM00041,BTM00041,Reduction of aldehyde,BTMR0367,EC 1.1.1.184,HUMAN,BTM00011,CC(CN1C2=CC=CC=C2CCC3=CC=CC=C31)C=O,"InChI=1S/C18H19NO/c1-14(13-20)12-19-17-8-4-2-6-15(17)10-11-16-7-3-5-9-18(16)19/h2-9,13-14H,10-12H2,1H3",QHWISLHPPUHJRL-UHFFFAOYSA-N,4.401000000000002,265.14666422799996
"InChI=1S/C18H19NO2/c1-13(18(20)21)12-19-16-8-4-2-6-14(16)10-11-15-7-3-5-9-17(15)19/h2-9,13H,10-12H2,1H3,(H,20,21)",YHMUADUXOLBTPN-UHFFFAOYSA-N,CC(CN1C2=CC=CC=C2CCC3=CC=CC=C31)C(=O)O,,,C18H19NO2,281.141578848,4.353600000000001,0,0,0,BTM00042,BTM00042,Aldehyde oxidation,BTMR0050,EC 1.2.3.1,HUMAN,BTM00011,CC(CN1C2=CC=CC=C2CCC3=CC=CC=C31)C=O,"InChI=1S/C18H19NO/c1-14(13-20)12-19-17-8-4-2-6-15(17)10-11-16-7-3-5-9-18(16)19/h2-9,13-14H,10-12H2,1H3",QHWISLHPPUHJRL-UHFFFAOYSA-N,4.401000000000002,265.14666422799996
"InChI=1S/C26H34N2O7/c1-26(14-27(2)3,35-25-22(31)20(29)21(30)23(34-25)24(32)33)15-28-18-10-6-4-8-16(18)12-13-17-9-5-7-11-19(17)28/h4-11,20-23,25,29-31H,12-15H2,1-3H3,(H,32,33)",ACXFFMHSMQTSCC-UHFFFAOYSA-N,CC(CN1C2=CC=CC=C2CCC3=CC=CC=C31)(CN(C)C)OC4OC(C(O)=O)C(C(C4O)O)O,,,C26H34N2O7,486.236601428,2.4818000000000024,0,1,1,BTM00043,BTM00043,Alkyl-OH-glucuronidation,BTMR0165,EC 2.4.1.17,HUMAN,BTM00014,CC(CN1C2=CC=CC=C2CCC3=CC=CC=C31)(CN(C)C)O,"InChI=1S/C20H26N2O/c1-20(23,14-21(2)3)15-22-18-10-6-4-8-16(18)12-13-17-9-5-7-11-19(17)22/h4-11,23H,12-15H2,1-3H3",MCXQNEIOGOZKEU-UHFFFAOYSA-N,4.019800000000001,310.20451345199996
"InChI=1S/C26H34N2O7/c1-26(34,15-28(2,3)24-22(31)20(29)21(30)23(35-24)25(32)33)14-27-18-10-6-4-8-16(18)12-13-17-9-5-7-11-19(17)27/h4-11,20-24,29-31,34H,12-15H2,1-3H3/p+1",IMPHTUGISKBNSE-UHFFFAOYSA-O,CC(CN1C2=CC=CC=C2CCC3=CC=CC=C31)(C[N+](C)(C)C4OC(C(O)=O)C(C(C4O)O)O)O,,,[C26H35N2O7]+,487.24442646,0.7185000000000021,0,1,1,BTM00044,BTM00044,N-Glucuronidation of tertiary aliphatic amine,BTMR0244,EC 2.4.1.17,HUMAN,BTM00014,CC(CN1C2=CC=CC=C2CCC3=CC=CC=C31)(CN(C)C)O,"InChI=1S/C20H26N2O/c1-20(23,14-21(2)3)15-22-18-10-6-4-8-16(18)12-13-17-9-5-7-11-19(17)22/h4-11,23H,12-15H2,1-3H3",MCXQNEIOGOZKEU-UHFFFAOYSA-N,4.019800000000001,310.20451345199996
"InChI=1S/C26H34N2O7/c1-15(24(32)28(2,3)25-22(31)20(29)21(30)23(35-25)26(33)34)14-27-18-10-6-4-8-16(18)12-13-17-9-5-7-11-19(17)27/h4-11,15,20-25,29-32H,12-14H2,1-3H3/p+1",JMHVIVXPVLOYSD-UHFFFAOYSA-O,CC(CN1C2=CC=CC=C2CCC3=CC=CC=C31)C([N+](C)(C)C4OC(C(O)=O)C(C(C4O)O)O)O,,,[C26H35N2O7]+,487.24442646,1.2922000000000036,0,1,1,BTM00045,BTM00045,N-Glucuronidation of tertiary aliphatic amine,BTMR0244,EC 2.4.1.17,HUMAN,BTM00015,CC(CN1C2=CC=CC=C2CCC3=CC=CC=C31)C(N(C)C)O,"InChI=1S/C20H26N2O/c1-15(20(23)21(2)3)14-22-18-10-6-4-8-16(18)12-13-17-9-5-7-11-19(17)22/h4-11,15,20,23H,12-14H2,1-3H3",LEWZQDDUHASSDT-UHFFFAOYSA-N,4.5935,310.204513452
"InChI=1S/C26H34N2O7/c1-15(14-28(2,3)25-22(31)20(29)21(30)23(35-25)26(33)34)24(32)27-18-10-6-4-8-16(18)12-13-17-9-5-7-11-19(17)27/h4-11,15,20-25,29-32H,12-14H2,1-3H3/p+1",AXIVTTDLORVESL-UHFFFAOYSA-O,CC(C(N1C2=CC=CC=C2CCC3=CC=CC=C31)O)C[N+](C)(C)C4OC(C(O)=O)C(C(C4O)O)O,,,[C26H35N2O7]+,487.24442646,1.2922000000000036,0,1,1,BTM00046,BTM00046,N-Glucuronidation of tertiary aliphatic amine,BTMR0244,EC 2.4.1.17,HUMAN,BTM00016,CC(C(N1C2=CC=CC=C2CCC3=CC=CC=C31)O)CN(C)C,"InChI=1S/C20H26N2O/c1-15(14-21(2)3)20(23)22-18-10-6-4-8-16(18)12-13-17-9-5-7-11-19(17)22/h4-11,15,20,23H,12-14H2,1-3H3",DVJXETSKZIUYFQ-UHFFFAOYSA-N,4.5935,310.204513452
"InChI=1S/C6H13NO2/c1-6(5-8)4-7(2,3)9/h5-6H,4H2,1-3H3",KVSPAWZZBLYTOP-UHFFFAOYSA-N,CC(C=O)C[N+](C)(C)[O-],,,C6H13NO2,131.094628656,0.12920000000000065,0,0,0,BTM00047,BTM00047,N-Oxidation of aliphatic tertiary amine,BTMR1100,"CYP1A2
CYP2D6
CYP3A4",HUMAN,BTM00002,CC(C=O)CN(C)C,"InChI=1S/C6H13NO/c1-6(5-8)4-7(2)3/h5-6H,4H2,1-3H3",JRKCEWUWTPANMB-UHFFFAOYSA-N,0.5343000000000004,115.099714036
"InChI=1S/C6H13NO2/c1-7(2)3-6(4-8)5-9/h4,6,9H,3,5H2,1-2H3",JPQYQUVGQYFDJL-UHFFFAOYSA-N,C(C(C=O)CN(C)C)O,,,C6H13NO2,131.094628656,-0.5564000000000003,0,0,0,BTM00048,BTM00048,Hydroxylation of terminal methyl,BTMR1061,"CYP1A2
CYP2A6
CYP2B6
CYP2C8
CYP2C9
CYP2C19
CYP2D6
CYP2E1
CYP3A4",HUMAN,BTM00002,CC(C=O)CN(C)C,"InChI=1S/C6H13NO/c1-6(5-8)4-7(2)3/h5-6H,4H2,1-3H3",JRKCEWUWTPANMB-UHFFFAOYSA-N,0.5343000000000004,115.099714036
"InChI=1S/C6H11NO/c1-6(5-8)4-7(2)3/h5H,1,4H2,2-3H3",NYZPAYQKQUKZTB-UHFFFAOYSA-N,C=C(C=O)CN(C)C,,,C6H11NO,113.084063972,0.5488999999999998,0,0,0,BTM00049,BTM00049,Terminal desaturation,BTMR1190,"CYP1A2
CYP2A6
CYP2C9
CYP2D6
CYP3A4",HUMAN,BTM00002,CC(C=O)CN(C)C,"InChI=1S/C6H13NO/c1-6(5-8)4-7(2)3/h5-6H,4H2,1-3H3",JRKCEWUWTPANMB-UHFFFAOYSA-N,0.5343000000000004,115.099714036
"InChI=1S/C6H13NO2/c1-6(9,5-8)4-7(2)3/h5,9H,4H2,1-3H3",PLAUFUAUPMDCHJ-UHFFFAOYSA-N,CC(C=O)(CN(C)C)O,,,C6H13NO2,131.094628656,-0.26869999999999994,0,0,0,BTM00050,BTM00050,alpha-Hydroxylation of carbonyl group,BTMR1054,"CYP1A2
CYP2A6
CYP2B6
CYP2C8
CYP2C9
CYP2C19
CYP2D6
CYP3A4",HUMAN,BTM00002,CC(C=O)CN(C)C,"InChI=1S/C6H13NO/c1-6(5-8)4-7(2)3/h5-6H,4H2,1-3H3",JRKCEWUWTPANMB-UHFFFAOYSA-N,0.5343000000000004,115.099714036
"InChI=1S/C4H6O2/c1-4(2-5)3-6/h2-4H,1H3",VXYSFSCCSQAYJV-UHFFFAOYSA-N,CC(C=O)C=O,,,C4H6O2,86.036779432,0.11250000000000018,0,0,0,BTM00051,BTM00051,N-Dealkylation of acyclic tertiary amine,BTMR1142,"CYP1A2
CYP2A6
CYP2B6
CYP2C8
CYP2C9
CYP2C19
CYP2D6
CYP2E1
CYP3A4",HUMAN,BTM00002,CC(C=O)CN(C)C,"InChI=1S/C6H13NO/c1-6(5-8)4-7(2)3/h5-6H,4H2,1-3H3",JRKCEWUWTPANMB-UHFFFAOYSA-N,0.5343000000000004,115.099714036
"InChI=1S/C2H7N/c1-3-2/h3H,1-2H3",ROSDSFDQCJNGOL-UHFFFAOYSA-N,N(C)C,,,C2H7N,45.057849224,-0.21580000000000035,0,0,0,BTM00012,BTM00012,N-Dealkylation of acyclic tertiary amine,BTMR1142,"CYP1A2
CYP2A6
CYP2B6
CYP2C8
CYP2C9
CYP2C19
CYP2D6
CYP2E1
CYP3A4",HUMAN,BTM00002,CC(C=O)CN(C)C,"InChI=1S/C6H13NO/c1-6(5-8)4-7(2)3/h5-6H,4H2,1-3H3",JRKCEWUWTPANMB-UHFFFAOYSA-N,0.5343000000000004,115.099714036
"InChI=1S/C5H11NO/c1-5(4-7)3-6-2/h4-6H,3H2,1-2H3",QAAICYDCLDIDEZ-UHFFFAOYSA-N,CC(C=O)CNC,,,C5H11NO,101.084063972,-0.0015999999999991577,0,0,0,BTM00052,BTM00052,N-Dealkylation of acyclic tertiary amine,BTMR1142,"CYP1A2
CYP2A6
CYP2B6
CYP2C8
CYP2C9
CYP2C19
CYP2D6
CYP2E1
CYP3A4",HUMAN,BTM00002,CC(C=O)CN(C)C,"InChI=1S/C6H13NO/c1-6(5-8)4-7(2)3/h5-6H,4H2,1-3H3",JRKCEWUWTPANMB-UHFFFAOYSA-N,0.5343000000000004,115.099714036
"InChI=1S/C6H13NO2/c1-5(4-8)6(9)7(2)3/h4-6,9H,1-3H3",OHUGPRUGXOMECB-UHFFFAOYSA-N,CC(C=O)C(N(C)C)O,,,C6H13NO2,131.094628656,0.19460000000000033,0,0,0,BTM00053,BTM00053,Aliphatic hydroxylation of carbon alpha to secondary or tertiary alkyl-N,BTMR1081,"CYP2B6
CYP2C19
CYP2D6",HUMAN,BTM00002,CC(C=O)CN(C)C,"InChI=1S/C6H13NO/c1-6(5-8)4-7(2)3/h5-6H,4H2,1-3H3",JRKCEWUWTPANMB-UHFFFAOYSA-N,0.5343000000000004,115.099714036
"InChI=1S/C14H13NO/c16-12-8-7-11-6-5-10-3-1-2-4-13(10)15-14(11)9-12/h1-4,7-9,15-16H,5-6H2",VICJHHAIPXHTKJ-UHFFFAOYSA-N,N1C2=CC(=CC=C2CCC3=CC=CC=C31)O,,,C14H13NO,211.099714036,3.7135000000000007,0,0,0,BTM00054,BTM00054,Aromatic hydroxylation of fused benzene ring,BTMR1030,"CYP1A2
CYP2A6
CYP2B6
CYP2C8
CYP2C9
CYP2C19
CYP2D6
CYP2E1
CYP3A4",HUMAN,BTM00003,N1C2=CC=CC=C2CCC3=CC=CC=C31,"InChI=1S/C14H13N/c1-3-7-13-11(5-1)9-10-12-6-2-4-8-14(12)15-13/h1-8,15H,9-10H2",ZSMRRZONCYIFNB-UHFFFAOYSA-N,3.9808999999999997,195.104799416
"InChI=1S/C14H13NO/c16-12-7-8-14-11(9-12)6-5-10-3-1-2-4-13(10)15-14/h1-4,7-9,15-16H,5-6H2",DWEDVKMRFXQLQH-UHFFFAOYSA-N,N1C2=CC=C(C=C2CCC3=CC=CC=C31)O,,,C14H13NO,211.099714036,3.7135000000000007,0,0,0,BTM00055,BTM00055,Aromatic hydroxylation of fused benzene ring,BTMR1030,"CYP1A2
CYP2A6
CYP2B6
CYP2C8
CYP2C9
CYP2C19
CYP2D6
CYP2E1
CYP3A4",HUMAN,BTM00003,N1C2=CC=CC=C2CCC3=CC=CC=C31,"InChI=1S/C14H13N/c1-3-7-13-11(5-1)9-10-12-6-2-4-8-14(12)15-13/h1-8,15H,9-10H2",ZSMRRZONCYIFNB-UHFFFAOYSA-N,3.9808999999999997,195.104799416
"InChI=1S/C14H13NO/c16-13-7-3-5-11-9-8-10-4-1-2-6-12(10)15-14(11)13/h1-7,15-16H,8-9H2",GLDALMMTOYDLSA-UHFFFAOYSA-N,N1C2=CC=CC=C2CCC3=CC=CC(=C31)O,,,C14H13NO,211.099714036,3.7135000000000007,0,0,0,BTM00056,BTM00056,Aromatic hydroxylation of fused benzene ring,BTMR1031,"CYP1A2
CYP2B6
CYP2C8
CYP2C9
CYP2C19
CYP2D6
CYP3A4",HUMAN,BTM00003,N1C2=CC=CC=C2CCC3=CC=CC=C31,"InChI=1S/C14H13N/c1-3-7-13-11(5-1)9-10-12-6-2-4-8-14(12)15-13/h1-8,15H,9-10H2",ZSMRRZONCYIFNB-UHFFFAOYSA-N,3.9808999999999997,195.104799416
"InChI=1S/C14H13NO/c16-14-7-3-6-13-11(14)9-8-10-4-1-2-5-12(10)15-13/h1-7,15-16H,8-9H2",NHUZAKWJDJUVBF-UHFFFAOYSA-N,N1C2=CC=CC=C2CCC3=C(C=CC=C31)O,,,C14H13NO,211.099714036,3.7135000000000007,0,0,0,BTM00057,BTM00057,Aromatic hydroxylation of fused benzene ring,BTMR1032,"CYP1A2
CYP2B6
CYP2C8
CYP2C9
CYP2C19
CYP2D6
CYP3A4",HUMAN,BTM00003,N1C2=CC=CC=C2CCC3=CC=CC=C31,"InChI=1S/C14H13N/c1-3-7-13-11(5-1)9-10-12-6-2-4-8-14(12)15-13/h1-8,15H,9-10H2",ZSMRRZONCYIFNB-UHFFFAOYSA-N,3.9808999999999997,195.104799416
"InChI=1S/C6H13NO/c1-6(5-8)4-7(2)3/h5-6H,4H2,1-3H3",JRKCEWUWTPANMB-UHFFFAOYSA-N,CC(C=O)CN(C)C,,,C6H13NO,115.099714036,0.5343000000000004,0,0,0,BTM00002,BTM00002,N-Dealkylation of mixed tertiary amine,BTMR1145,"CYP1A2
CYP2A6
CYP2B6
CYP2C8
CYP2C9
CYP2C19
CYP2D6
CYP3A4",HUMAN,BTM00004,CC(CN1C2=CC(=CC=C2CCC3=CC=CC=C31)O)CN(C)C,"InChI=1S/C20H26N2O/c1-15(13-21(2)3)14-22-19-7-5-4-6-16(19)8-9-17-10-11-18(23)12-20(17)22/h4-7,10-12,15,23H,8-9,13-14H2,1-3H3",MAQNRCYTONBDRQ-UHFFFAOYSA-N,4.5692,310.20451345199996
"InChI=1S/C14H13NO/c16-12-8-7-11-6-5-10-3-1-2-4-13(10)15-14(11)9-12/h1-4,7-9,15-16H,5-6H2",VICJHHAIPXHTKJ-UHFFFAOYSA-N,N1C2=CC(=CC=C2CCC3=CC=CC=C31)O,,,C14H13NO,211.099714036,3.7135000000000007,0,0,0,BTM00054,BTM00054,N-Dealkylation of mixed tertiary amine,BTMR1145,"CYP1A2
CYP2A6
CYP2B6
CYP2C8
CYP2C9
CYP2C19
CYP2D6
CYP3A4",HUMAN,BTM00004,CC(CN1C2=CC(=CC=C2CCC3=CC=CC=C31)O)CN(C)C,"InChI=1S/C20H26N2O/c1-15(13-21(2)3)14-22-19-7-5-4-6-16(19)8-9-17-10-11-18(23)12-20(17)22/h4-7,10-12,15,23H,8-9,13-14H2,1-3H3",MAQNRCYTONBDRQ-UHFFFAOYSA-N,4.5692,310.20451345199996
"InChI=1S/C20H26N2O2/c1-14(12-21(2)3)13-22-17-7-5-4-6-15(17)8-9-16-10-19(23)20(24)11-18(16)22/h4-7,10-11,14,23-24H,8-9,12-13H2,1-3H3",XQTMHXOISACRPC-UHFFFAOYSA-N,CC(CN1C2=CC(=C(C=C2CCC3=CC=CC=C31)O)O)CN(C)C,,,C20H26N2O2,326.199428072,4.301800000000002,0,0,0,BTM00058,BTM00058,Aromatic hydroxylation of fused benzene ring,BTMR1030,"CYP1A2
CYP2A6
CYP2B6
CYP2C8
CYP2C9
CYP2C19
CYP2D6
CYP2E1
CYP3A4",HUMAN,BTM00004,CC(CN1C2=CC(=CC=C2CCC3=CC=CC=C31)O)CN(C)C,"InChI=1S/C20H26N2O/c1-15(13-21(2)3)14-22-19-7-5-4-6-16(19)8-9-17-10-11-18(23)12-20(17)22/h4-7,10-12,15,23H,8-9,13-14H2,1-3H3",MAQNRCYTONBDRQ-UHFFFAOYSA-N,4.5692,310.20451345199996
"InChI=1S/C20H26N2O2/c1-14(12-21(2)3)13-22-19-9-8-17(23)10-16(19)5-4-15-6-7-18(24)11-20(15)22/h6-11,14,23-24H,4-5,12-13H2,1-3H3",OHIDYPKVQGCQAK-UHFFFAOYSA-N,CC(CN1C2=CC(=CC=C2CCC3=CC(=CC=C31)O)O)CN(C)C,,,C20H26N2O2,326.199428072,4.301800000000002,0,0,0,BTM00059,BTM00059,Aromatic hydroxylation of fused benzene ring,BTMR1030,"CYP1A2
CYP2A6
CYP2B6
CYP2C8
CYP2C9
CYP2C19
CYP2D6
CYP2E1
CYP3A4",HUMAN,BTM00004,CC(CN1C2=CC(=CC=C2CCC3=CC=CC=C31)O)CN(C)C,"InChI=1S/C20H26N2O/c1-15(13-21(2)3)14-22-19-7-5-4-6-16(19)8-9-17-10-11-18(23)12-20(17)22/h4-7,10-12,15,23H,8-9,13-14H2,1-3H3",MAQNRCYTONBDRQ-UHFFFAOYSA-N,4.5692,310.20451345199996
"InChI=1S/C20H26N2O2/c1-14(12-21(2)3)13-22-19-10-17(23)8-6-15(19)4-5-16-7-9-18(24)11-20(16)22/h6-11,14,23-24H,4-5,12-13H2,1-3H3",USIWCZNKQRLDBC-UHFFFAOYSA-N,CC(CN1C2=CC(=CC=C2CCC3=CC=C(C=C31)O)O)CN(C)C,,,C20H26N2O2,326.199428072,4.301800000000002,0,0,0,BTM00060,BTM00060,Aromatic hydroxylation of fused benzene ring,BTMR1030,"CYP1A2
CYP2A6
CYP2B6
CYP2C8
CYP2C9
CYP2C19
CYP2D6
CYP2E1
CYP3A4",HUMAN,BTM00004,CC(CN1C2=CC(=CC=C2CCC3=CC=CC=C31)O)CN(C)C,"InChI=1S/C20H26N2O/c1-15(13-21(2)3)14-22-19-7-5-4-6-16(19)8-9-17-10-11-18(23)12-20(17)22/h4-7,10-12,15,23H,8-9,13-14H2,1-3H3",MAQNRCYTONBDRQ-UHFFFAOYSA-N,4.5692,310.20451345199996
"InChI=1S/C20H26N2O2/c1-15(14-22(2,3)24)13-21-19-7-5-4-6-16(19)8-9-17-10-11-18(23)12-20(17)21/h4-7,10-12,15,23H,8-9,13-14H2,1-3H3",JNSUFULGDIHGLF-UHFFFAOYSA-N,CC(CN1C2=CC(=CC=C2CCC3=CC=CC=C31)O)C[N+](C)(C)[O-],,,C20H26N2O2,326.199428072,4.1641,0,0,0,BTM00061,BTM00061,N-Oxidation of aliphatic tertiary amine,BTMR1100,"CYP1A2
CYP2D6
CYP3A4",HUMAN,BTM00004,CC(CN1C2=CC(=CC=C2CCC3=CC=CC=C31)O)CN(C)C,"InChI=1S/C20H26N2O/c1-15(13-21(2)3)14-22-19-7-5-4-6-16(19)8-9-17-10-11-18(23)12-20(17)22/h4-7,10-12,15,23H,8-9,13-14H2,1-3H3",MAQNRCYTONBDRQ-UHFFFAOYSA-N,4.5692,310.20451345199996
"InChI=1S/C20H26N2O2/c1-14(12-21(2)3)13-22-18-11-17(23)10-9-15(18)7-8-16-5-4-6-19(24)20(16)22/h4-6,9-11,14,23-24H,7-8,12-13H2,1-3H3",SGOGGDXSSNOIQY-UHFFFAOYSA-N,CC(CN1C2=CC(=CC=C2CCC3=CC=CC(=C31)O)O)CN(C)C,,,C20H26N2O2,326.199428072,4.301800000000002,0,0,0,BTM00062,BTM00062,Aromatic hydroxylation of fused benzene ring,BTMR1031,"CYP1A2
CYP2B6
CYP2C8
CYP2C9
CYP2C19
CYP2D6
CYP3A4",HUMAN,BTM00004,CC(CN1C2=CC(=CC=C2CCC3=CC=CC=C31)O)CN(C)C,"InChI=1S/C20H26N2O/c1-15(13-21(2)3)14-22-19-7-5-4-6-16(19)8-9-17-10-11-18(23)12-20(17)22/h4-7,10-12,15,23H,8-9,13-14H2,1-3H3",MAQNRCYTONBDRQ-UHFFFAOYSA-N,4.5692,310.20451345199996
"InChI=1S/C20H26N2O2/c1-14(12-21(2)3)13-22-18-5-4-6-20(24)17(18)10-8-15-7-9-16(23)11-19(15)22/h4-7,9,11,14,23-24H,8,10,12-13H2,1-3H3",GLTCXYVFMXJRGP-UHFFFAOYSA-N,CC(CN1C2=CC(=CC=C2CCC3=C(C=CC=C31)O)O)CN(C)C,,,C20H26N2O2,326.199428072,4.301800000000002,0,0,0,BTM00063,BTM00063,Aromatic hydroxylation of fused benzene ring,BTMR1032,"CYP1A2
CYP2B6
CYP2C8
CYP2C9
CYP2C19
CYP2D6
CYP3A4",HUMAN,BTM00004,CC(CN1C2=CC(=CC=C2CCC3=CC=CC=C31)O)CN(C)C,"InChI=1S/C20H26N2O/c1-15(13-21(2)3)14-22-19-7-5-4-6-16(19)8-9-17-10-11-18(23)12-20(17)22/h4-7,10-12,15,23H,8-9,13-14H2,1-3H3",MAQNRCYTONBDRQ-UHFFFAOYSA-N,4.5692,310.20451345199996
"InChI=1S/C20H26N2O2/c1-14(12-21(2)3)13-22-18-7-5-4-6-15(18)8-9-17-19(22)10-16(23)11-20(17)24/h4-7,10-11,14,23-24H,8-9,12-13H2,1-3H3",BFTFMGJQOZVNFW-UHFFFAOYSA-N,CC(CN1C2=CC(=CC(=C2CCC3=CC=CC=C31)O)O)CN(C)C,,,C20H26N2O2,326.199428072,4.301800000000002,0,0,0,BTM00064,BTM00064,Aromatic hydroxylation of fused benzene ring,BTMR1032,"CYP1A2
CYP2B6
CYP2C8
CYP2C9
CYP2C19
CYP2D6
CYP3A4",HUMAN,BTM00004,CC(CN1C2=CC(=CC=C2CCC3=CC=CC=C31)O)CN(C)C,"InChI=1S/C20H26N2O/c1-15(13-21(2)3)14-22-19-7-5-4-6-16(19)8-9-17-10-11-18(23)12-20(17)22/h4-7,10-12,15,23H,8-9,13-14H2,1-3H3",MAQNRCYTONBDRQ-UHFFFAOYSA-N,4.5692,310.20451345199996
"InChI=1S/C20H26N2O2/c1-21(2)12-15(14-23)13-22-19-6-4-3-5-16(19)7-8-17-9-10-18(24)11-20(17)22/h3-6,9-11,15,23-24H,7-8,12-14H2,1-2H3",XWWOWKJBYPFKQG-UHFFFAOYSA-N,C(C(CN1C2=CC(=CC=C2CCC3=CC=CC=C31)O)CN(C)C)O,,,C20H26N2O2,326.199428072,3.5751,0,0,0,BTM00065,BTM00065,Hydroxylation of terminal methyl,BTMR1061,"CYP1A2
CYP2A6
CYP2B6
CYP2C8
CYP2C9
CYP2C19
CYP2D6
CYP2E1
CYP3A4",HUMAN,BTM00004,CC(CN1C2=CC(=CC=C2CCC3=CC=CC=C31)O)CN(C)C,"InChI=1S/C20H26N2O/c1-15(13-21(2)3)14-22-19-7-5-4-6-16(19)8-9-17-10-11-18(23)12-20(17)22/h4-7,10-12,15,23H,8-9,13-14H2,1-3H3",MAQNRCYTONBDRQ-UHFFFAOYSA-N,4.5692,310.20451345199996
"InChI=1S/C20H24N2O/c1-15(13-21(2)3)14-22-19-7-5-4-6-16(19)8-9-17-10-11-18(23)12-20(17)22/h4-7,10-12,23H,1,8-9,13-14H2,2-3H3",WSRGZDUSERFOEL-UHFFFAOYSA-N,C=C(CN1C2=CC(=CC=C2CCC3=CC=CC=C31)O)CN(C)C,,,C20H24N2O,308.18886338799996,4.569999999999999,0,0,0,BTM00066,BTM00066,Terminal desaturation,BTMR1190,"CYP1A2
CYP2A6
CYP2C9
CYP2D6
CYP3A4",HUMAN,BTM00004,CC(CN1C2=CC(=CC=C2CCC3=CC=CC=C31)O)CN(C)C,"InChI=1S/C20H26N2O/c1-15(13-21(2)3)14-22-19-7-5-4-6-16(19)8-9-17-10-11-18(23)12-20(17)22/h4-7,10-12,15,23H,8-9,13-14H2,1-3H3",MAQNRCYTONBDRQ-UHFFFAOYSA-N,4.5692,310.20451345199996
"InChI=1S/C18H19NO2/c1-13(12-20)11-19-17-5-3-2-4-14(17)6-7-15-8-9-16(21)10-18(15)19/h2-5,8-10,12-13,21H,6-7,11H2,1H3",CNJABSXHOZYYRR-UHFFFAOYSA-N,CC(CN1C2=CC(=CC=C2CCC3=CC=CC=C31)O)C=O,,,C18H19NO2,281.141578848,4.1335999999999995,0,0,0,BTM00067,BTM00067,N-Dealkylation of acyclic tertiary amine,BTMR1142,"CYP1A2
CYP2A6
CYP2B6
CYP2C8
CYP2C9
CYP2C19
CYP2D6
CYP2E1
CYP3A4",HUMAN,BTM00004,CC(CN1C2=CC(=CC=C2CCC3=CC=CC=C31)O)CN(C)C,"InChI=1S/C20H26N2O/c1-15(13-21(2)3)14-22-19-7-5-4-6-16(19)8-9-17-10-11-18(23)12-20(17)22/h4-7,10-12,15,23H,8-9,13-14H2,1-3H3",MAQNRCYTONBDRQ-UHFFFAOYSA-N,4.5692,310.20451345199996
"InChI=1S/C2H7N/c1-3-2/h3H,1-2H3",ROSDSFDQCJNGOL-UHFFFAOYSA-N,N(C)C,,,C2H7N,45.057849224,-0.21580000000000035,0,0,0,BTM00012,BTM00012,N-Dealkylation of acyclic tertiary amine,BTMR1142,"CYP1A2
CYP2A6
CYP2B6
CYP2C8
CYP2C9
CYP2C19
CYP2D6
CYP2E1
CYP3A4",HUMAN,BTM00004,CC(CN1C2=CC(=CC=C2CCC3=CC=CC=C31)O)CN(C)C,"InChI=1S/C20H26N2O/c1-15(13-21(2)3)14-22-19-7-5-4-6-16(19)8-9-17-10-11-18(23)12-20(17)22/h4-7,10-12,15,23H,8-9,13-14H2,1-3H3",MAQNRCYTONBDRQ-UHFFFAOYSA-N,4.5692,310.20451345199996
"InChI=1S/C19H24N2O/c1-14(12-20-2)13-21-18-6-4-3-5-15(18)7-8-16-9-10-17(22)11-19(16)21/h3-6,9-11,14,20,22H,7-8,12-13H2,1-2H3",JHROHYMCPSVWEO-UHFFFAOYSA-N,CC(CN1C2=CC(=CC=C2CCC3=CC=CC=C31)O)CNC,,,C19H24N2O,296.18886338799996,4.0333000000000006,0,0,0,BTM00068,BTM00068,N-Dealkylation of acyclic tertiary amine,BTMR1142,"CYP1A2
CYP2A6
CYP2B6
CYP2C8
CYP2C9
CYP2C19
CYP2D6
CYP2E1
CYP3A4",HUMAN,BTM00004,CC(CN1C2=CC(=CC=C2CCC3=CC=CC=C31)O)CN(C)C,"InChI=1S/C20H26N2O/c1-15(13-21(2)3)14-22-19-7-5-4-6-16(19)8-9-17-10-11-18(23)12-20(17)22/h4-7,10-12,15,23H,8-9,13-14H2,1-3H3",MAQNRCYTONBDRQ-UHFFFAOYSA-N,4.5692,310.20451345199996
"InChI=1S/C20H26N2O2/c1-20(24,13-21(2)3)14-22-18-7-5-4-6-15(18)8-9-16-10-11-17(23)12-19(16)22/h4-7,10-12,23-24H,8-9,13-14H2,1-3H3",BJVFLPIKKQFITN-UHFFFAOYSA-N,CC(CN1C2=CC(=CC=C2CCC3=CC=CC=C31)O)(CN(C)C)O,,,C20H26N2O2,326.199428072,3.752400000000001,0,0,0,BTM00069,BTM00069,Hydroxylation of penultimate aliphatic tertiary carbon,BTMR1075,"CYP2A6
CYP2B6
CYP2C8
CYP2C9
CYP2D6
CYP3A4",HUMAN,BTM00004,CC(CN1C2=CC(=CC=C2CCC3=CC=CC=C31)O)CN(C)C,"InChI=1S/C20H26N2O/c1-15(13-21(2)3)14-22-19-7-5-4-6-16(19)8-9-17-10-11-18(23)12-20(17)22/h4-7,10-12,15,23H,8-9,13-14H2,1-3H3",MAQNRCYTONBDRQ-UHFFFAOYSA-N,4.5692,310.20451345199996
"InChI=1S/C20H26N2O2/c1-14(20(24)21(2)3)13-22-18-7-5-4-6-15(18)8-9-16-10-11-17(23)12-19(16)22/h4-7,10-12,14,20,23-24H,8-9,13H2,1-3H3",GLJJTICCUAUTEB-UHFFFAOYSA-N,CC(CN1C2=CC(=CC=C2CCC3=CC=CC=C31)O)C(N(C)C)O,,,C20H26N2O2,326.199428072,4.326099999999999,0,0,0,BTM00070,BTM00070,Aliphatic hydroxylation of carbon alpha to secondary or tertiary alkyl-N,BTMR1081,"CYP2B6
CYP2C19
CYP2D6",HUMAN,BTM00004,CC(CN1C2=CC(=CC=C2CCC3=CC=CC=C31)O)CN(C)C,"InChI=1S/C20H26N2O/c1-15(13-21(2)3)14-22-19-7-5-4-6-16(19)8-9-17-10-11-18(23)12-20(17)22/h4-7,10-12,15,23H,8-9,13-14H2,1-3H3",MAQNRCYTONBDRQ-UHFFFAOYSA-N,4.5692,310.20451345199996
"InChI=1S/C20H26N2O2/c1-14(13-21(2)3)20(24)22-18-7-5-4-6-15(18)8-9-16-10-11-17(23)12-19(16)22/h4-7,10-12,14,20,23-24H,8-9,13H2,1-3H3",PFSWGTXHWLQOMS-UHFFFAOYSA-N,CC(C(N1C2=CC(=CC=C2CCC3=CC=CC=C31)O)O)CN(C)C,,,C20H26N2O2,326.199428072,4.326099999999999,0,0,0,BTM00071,BTM00071,Aliphatic hydroxylation of carbon alpha to secondary or tertiary alkyl-N,BTMR1081,"CYP2B6
CYP2C19
CYP2D6",HUMAN,BTM00004,CC(CN1C2=CC(=CC=C2CCC3=CC=CC=C31)O)CN(C)C,"InChI=1S/C20H26N2O/c1-15(13-21(2)3)14-22-19-7-5-4-6-16(19)8-9-17-10-11-18(23)12-20(17)22/h4-7,10-12,15,23H,8-9,13-14H2,1-3H3",MAQNRCYTONBDRQ-UHFFFAOYSA-N,4.5692,310.20451345199996
"InChI=1S/C6H13NO/c1-6(5-8)4-7(2)3/h5-6H,4H2,1-3H3",JRKCEWUWTPANMB-UHFFFAOYSA-N,CC(C=O)CN(C)C,,,C6H13NO,115.099714036,0.5343000000000004,0,0,0,BTM00002,BTM00002,N-Dealkylation of mixed tertiary amine,BTMR1145,"CYP1A2
CYP2A6
CYP2B6
CYP2C8
CYP2C9
CYP2C19
CYP2D6
CYP3A4",HUMAN,BTM00005,CC(CN1C2=CC=C(C=C2CCC3=CC=CC=C31)O)CN(C)C,"InChI=1S/C20H26N2O/c1-15(13-21(2)3)14-22-19-7-5-4-6-16(19)8-9-17-12-18(23)10-11-20(17)22/h4-7,10-12,15,23H,8-9,13-14H2,1-3H3",FQJSSUOYVSEYPF-UHFFFAOYSA-N,4.5692,310.20451345199996
"InChI=1S/C14H13NO/c16-12-7-8-14-11(9-12)6-5-10-3-1-2-4-13(10)15-14/h1-4,7-9,15-16H,5-6H2",DWEDVKMRFXQLQH-UHFFFAOYSA-N,N1C2=CC=C(C=C2CCC3=CC=CC=C31)O,,,C14H13NO,211.099714036,3.7135000000000007,0,0,0,BTM00055,BTM00055,N-Dealkylation of mixed tertiary amine,BTMR1145,"CYP1A2
CYP2A6
CYP2B6
CYP2C8
CYP2C9
CYP2C19
CYP2D6
CYP3A4",HUMAN,BTM00005,CC(CN1C2=CC=C(C=C2CCC3=CC=CC=C31)O)CN(C)C,"InChI=1S/C20H26N2O/c1-15(13-21(2)3)14-22-19-7-5-4-6-16(19)8-9-17-12-18(23)10-11-20(17)22/h4-7,10-12,15,23H,8-9,13-14H2,1-3H3",FQJSSUOYVSEYPF-UHFFFAOYSA-N,4.5692,310.20451345199996
"InChI=1S/C20H26N2O2/c1-14(12-21(2)3)13-22-17-7-5-4-6-15(17)8-9-16-10-19(23)20(24)11-18(16)22/h4-7,10-11,14,23-24H,8-9,12-13H2,1-3H3",XQTMHXOISACRPC-UHFFFAOYSA-N,CC(CN1C2=CC(=C(C=C2CCC3=CC=CC=C31)O)O)CN(C)C,,,C20H26N2O2,326.199428072,4.301800000000002,0,0,0,BTM00058,BTM00058,Aromatic hydroxylation of fused benzene ring,BTMR1030,"CYP1A2
CYP2A6
CYP2B6
CYP2C8
CYP2C9
CYP2C19
CYP2D6
CYP2E1
CYP3A4",HUMAN,BTM00005,CC(CN1C2=CC=C(C=C2CCC3=CC=CC=C31)O)CN(C)C,"InChI=1S/C20H26N2O/c1-15(13-21(2)3)14-22-19-7-5-4-6-16(19)8-9-17-12-18(23)10-11-20(17)22/h4-7,10-12,15,23H,8-9,13-14H2,1-3H3",FQJSSUOYVSEYPF-UHFFFAOYSA-N,4.5692,310.20451345199996
"InChI=1S/C20H26N2O2/c1-14(12-21(2)3)13-22-19-8-6-17(23)10-15(19)4-5-16-11-18(24)7-9-20(16)22/h6-11,14,23-24H,4-5,12-13H2,1-3H3",QCSZZMHFWNPUSL-UHFFFAOYSA-N,CC(CN1C2=CC=C(C=C2CCC3=CC(=CC=C31)O)O)CN(C)C,,,C20H26N2O2,326.199428072,4.301800000000002,0,0,0,BTM00072,BTM00072,Aromatic hydroxylation of fused benzene ring,BTMR1030,"CYP1A2
CYP2A6
CYP2B6
CYP2C8
CYP2C9
CYP2C19
CYP2D6
CYP2E1
CYP3A4",HUMAN,BTM00005,CC(CN1C2=CC=C(C=C2CCC3=CC=CC=C31)O)CN(C)C,"InChI=1S/C20H26N2O/c1-15(13-21(2)3)14-22-19-7-5-4-6-16(19)8-9-17-12-18(23)10-11-20(17)22/h4-7,10-12,15,23H,8-9,13-14H2,1-3H3",FQJSSUOYVSEYPF-UHFFFAOYSA-N,4.5692,310.20451345199996
"InChI=1S/C20H26N2O2/c1-14(12-21(2)3)13-22-19-9-8-17(23)10-16(19)5-4-15-6-7-18(24)11-20(15)22/h6-11,14,23-24H,4-5,12-13H2,1-3H3",OHIDYPKVQGCQAK-UHFFFAOYSA-N,CC(CN1C2=CC(=CC=C2CCC3=CC(=CC=C31)O)O)CN(C)C,,,C20H26N2O2,326.199428072,4.301800000000002,0,0,0,BTM00059,BTM00059,Aromatic hydroxylation of fused benzene ring,BTMR1030,"CYP1A2
CYP2A6
CYP2B6
CYP2C8
CYP2C9
CYP2C19
CYP2D6
CYP2E1
CYP3A4",HUMAN,BTM00005,CC(CN1C2=CC=C(C=C2CCC3=CC=CC=C31)O)CN(C)C,"InChI=1S/C20H26N2O/c1-15(13-21(2)3)14-22-19-7-5-4-6-16(19)8-9-17-12-18(23)10-11-20(17)22/h4-7,10-12,15,23H,8-9,13-14H2,1-3H3",FQJSSUOYVSEYPF-UHFFFAOYSA-N,4.5692,310.20451345199996
"InChI=1S/C20H26N2O2/c1-15(14-22(2,3)24)13-21-19-7-5-4-6-16(19)8-9-17-12-18(23)10-11-20(17)21/h4-7,10-12,15,23H,8-9,13-14H2,1-3H3",CHVPWIUSPZHRDW-UHFFFAOYSA-N,CC(CN1C2=CC=C(C=C2CCC3=CC=CC=C31)O)C[N+](C)(C)[O-],,,C20H26N2O2,326.199428072,4.1641,0,0,0,BTM00073,BTM00073,N-Oxidation of aliphatic tertiary amine,BTMR1100,"CYP1A2
CYP2D6
CYP3A4",HUMAN,BTM00005,CC(CN1C2=CC=C(C=C2CCC3=CC=CC=C31)O)CN(C)C,"InChI=1S/C20H26N2O/c1-15(13-21(2)3)14-22-19-7-5-4-6-16(19)8-9-17-12-18(23)10-11-20(17)22/h4-7,10-12,15,23H,8-9,13-14H2,1-3H3",FQJSSUOYVSEYPF-UHFFFAOYSA-N,4.5692,310.20451345199996
"InChI=1S/C20H26N2O2/c1-14(12-21(2)3)13-22-18-10-9-17(23)11-16(18)8-7-15-5-4-6-19(24)20(15)22/h4-6,9-11,14,23-24H,7-8,12-13H2,1-3H3",QWNUBALNJTXGKJ-UHFFFAOYSA-N,CC(CN1C2=CC=C(C=C2CCC3=CC=CC(=C31)O)O)CN(C)C,,,C20H26N2O2,326.199428072,4.301800000000002,0,0,0,BTM00074,BTM00074,Aromatic hydroxylation of fused benzene ring,BTMR1031,"CYP1A2
CYP2B6
CYP2C8
CYP2C9
CYP2C19
CYP2D6
CYP3A4",HUMAN,BTM00005,CC(CN1C2=CC=C(C=C2CCC3=CC=CC=C31)O)CN(C)C,"InChI=1S/C20H26N2O/c1-15(13-21(2)3)14-22-19-7-5-4-6-16(19)8-9-17-12-18(23)10-11-20(17)22/h4-7,10-12,15,23H,8-9,13-14H2,1-3H3",FQJSSUOYVSEYPF-UHFFFAOYSA-N,4.5692,310.20451345199996
"InChI=1S/C20H26N2O2/c1-14(12-21(2)3)13-22-18-7-5-4-6-15(18)8-9-16-10-17(23)11-19(24)20(16)22/h4-7,10-11,14,23-24H,8-9,12-13H2,1-3H3",PZKRYOGNTLKAOA-UHFFFAOYSA-N,CC(CN1C2=C(C=C(C=C2CCC3=CC=CC=C31)O)O)CN(C)C,,,C20H26N2O2,326.199428072,4.301800000000002,0,0,0,BTM00075,BTM00075,Aromatic hydroxylation of fused benzene ring,BTMR1031,"CYP1A2
CYP2B6
CYP2C8
CYP2C9
CYP2C19
CYP2D6
CYP3A4",HUMAN,BTM00005,CC(CN1C2=CC=C(C=C2CCC3=CC=CC=C31)O)CN(C)C,"InChI=1S/C20H26N2O/c1-15(13-21(2)3)14-22-19-7-5-4-6-16(19)8-9-17-12-18(23)10-11-20(17)22/h4-7,10-12,15,23H,8-9,13-14H2,1-3H3",FQJSSUOYVSEYPF-UHFFFAOYSA-N,4.5692,310.20451345199996
"InChI=1S/C20H26N2O2/c1-14(12-21(2)3)13-22-18-10-8-16(23)11-15(18)7-9-17-19(22)5-4-6-20(17)24/h4-6,8,10-11,14,23-24H,7,9,12-13H2,1-3H3",XEMBFOBOBXZPTO-UHFFFAOYSA-N,CC(CN1C2=CC=C(C=C2CCC3=C(C=CC=C31)O)O)CN(C)C,,,C20H26N2O2,326.199428072,4.301800000000002,0,0,0,BTM00076,BTM00076,Aromatic hydroxylation of fused benzene ring,BTMR1032,"CYP1A2
CYP2B6
CYP2C8
CYP2C9
CYP2C19
CYP2D6
CYP3A4",HUMAN,BTM00005,CC(CN1C2=CC=C(C=C2CCC3=CC=CC=C31)O)CN(C)C,"InChI=1S/C20H26N2O/c1-15(13-21(2)3)14-22-19-7-5-4-6-16(19)8-9-17-12-18(23)10-11-20(17)22/h4-7,10-12,15,23H,8-9,13-14H2,1-3H3",FQJSSUOYVSEYPF-UHFFFAOYSA-N,4.5692,310.20451345199996
"InChI=1S/C20H26N2O2/c1-14(12-21(2)3)13-22-17-7-5-4-6-15(17)8-9-16-18(22)10-11-19(23)20(16)24/h4-7,10-11,14,23-24H,8-9,12-13H2,1-3H3",QBJMAVQHVJJJFC-UHFFFAOYSA-N,CC(CN1C2=CC=C(C(=C2CCC3=CC=CC=C31)O)O)CN(C)C,,,C20H26N2O2,326.199428072,4.301800000000002,0,0,0,BTM00077,BTM00077,Aromatic hydroxylation of fused benzene ring,BTMR1032,"CYP1A2
CYP2B6
CYP2C8
CYP2C9
CYP2C19
CYP2D6
CYP3A4",HUMAN,BTM00005,CC(CN1C2=CC=C(C=C2CCC3=CC=CC=C31)O)CN(C)C,"InChI=1S/C20H26N2O/c1-15(13-21(2)3)14-22-19-7-5-4-6-16(19)8-9-17-12-18(23)10-11-20(17)22/h4-7,10-12,15,23H,8-9,13-14H2,1-3H3",FQJSSUOYVSEYPF-UHFFFAOYSA-N,4.5692,310.20451345199996
"InChI=1S/C20H26N2O2/c1-21(2)12-15(14-23)13-22-19-6-4-3-5-16(19)7-8-17-11-18(24)9-10-20(17)22/h3-6,9-11,15,23-24H,7-8,12-14H2,1-2H3",ZBXVXUKJMQLGPR-UHFFFAOYSA-N,C(C(CN1C2=CC=C(C=C2CCC3=CC=CC=C31)O)CN(C)C)O,,,C20H26N2O2,326.199428072,3.5751,0,0,0,BTM00078,BTM00078,Hydroxylation of terminal methyl,BTMR1061,"CYP1A2
CYP2A6
CYP2B6
CYP2C8
CYP2C9
CYP2C19
CYP2D6
CYP2E1
CYP3A4",HUMAN,BTM00005,CC(CN1C2=CC=C(C=C2CCC3=CC=CC=C31)O)CN(C)C,"InChI=1S/C20H26N2O/c1-15(13-21(2)3)14-22-19-7-5-4-6-16(19)8-9-17-12-18(23)10-11-20(17)22/h4-7,10-12,15,23H,8-9,13-14H2,1-3H3",FQJSSUOYVSEYPF-UHFFFAOYSA-N,4.5692,310.20451345199996
"InChI=1S/C20H24N2O/c1-15(13-21(2)3)14-22-19-7-5-4-6-16(19)8-9-17-12-18(23)10-11-20(17)22/h4-7,10-12,23H,1,8-9,13-14H2,2-3H3",VTTIXEVOSGRDSY-UHFFFAOYSA-N,C=C(CN1C2=CC=C(C=C2CCC3=CC=CC=C31)O)CN(C)C,,,C20H24N2O,308.18886338799996,4.569999999999999,0,0,0,BTM00079,BTM00079,Terminal desaturation,BTMR1190,"CYP1A2
CYP2A6
CYP2C9
CYP2D6
CYP3A4",HUMAN,BTM00005,CC(CN1C2=CC=C(C=C2CCC3=CC=CC=C31)O)CN(C)C,"InChI=1S/C20H26N2O/c1-15(13-21(2)3)14-22-19-7-5-4-6-16(19)8-9-17-12-18(23)10-11-20(17)22/h4-7,10-12,15,23H,8-9,13-14H2,1-3H3",FQJSSUOYVSEYPF-UHFFFAOYSA-N,4.5692,310.20451345199996
"InChI=1S/C18H19NO2/c1-13(12-20)11-19-17-5-3-2-4-14(17)6-7-15-10-16(21)8-9-18(15)19/h2-5,8-10,12-13,21H,6-7,11H2,1H3",CJCXJHOVFCLBGU-UHFFFAOYSA-N,CC(CN1C2=CC=C(C=C2CCC3=CC=CC=C31)O)C=O,,,C18H19NO2,281.14157884800005,4.1335999999999995,0,0,0,BTM00080,BTM00080,N-Dealkylation of acyclic tertiary amine,BTMR1142,"CYP1A2
CYP2A6
CYP2B6
CYP2C8
CYP2C9
CYP2C19
CYP2D6
CYP2E1
CYP3A4",HUMAN,BTM00005,CC(CN1C2=CC=C(C=C2CCC3=CC=CC=C31)O)CN(C)C,"InChI=1S/C20H26N2O/c1-15(13-21(2)3)14-22-19-7-5-4-6-16(19)8-9-17-12-18(23)10-11-20(17)22/h4-7,10-12,15,23H,8-9,13-14H2,1-3H3",FQJSSUOYVSEYPF-UHFFFAOYSA-N,4.5692,310.20451345199996
"InChI=1S/C2H7N/c1-3-2/h3H,1-2H3",ROSDSFDQCJNGOL-UHFFFAOYSA-N,N(C)C,,,C2H7N,45.057849224,-0.21580000000000035,0,0,0,BTM00012,BTM00012,N-Dealkylation of acyclic tertiary amine,BTMR1142,"CYP1A2
CYP2A6
CYP2B6
CYP2C8
CYP2C9
CYP2C19
CYP2D6
CYP2E1
CYP3A4",HUMAN,BTM00005,CC(CN1C2=CC=C(C=C2CCC3=CC=CC=C31)O)CN(C)C,"InChI=1S/C20H26N2O/c1-15(13-21(2)3)14-22-19-7-5-4-6-16(19)8-9-17-12-18(23)10-11-20(17)22/h4-7,10-12,15,23H,8-9,13-14H2,1-3H3",FQJSSUOYVSEYPF-UHFFFAOYSA-N,4.5692,310.20451345199996
"InChI=1S/C19H24N2O/c1-14(12-20-2)13-21-18-6-4-3-5-15(18)7-8-16-11-17(22)9-10-19(16)21/h3-6,9-11,14,20,22H,7-8,12-13H2,1-2H3",LITUUVIRCVGRTI-UHFFFAOYSA-N,CC(CN1C2=CC=C(C=C2CCC3=CC=CC=C31)O)CNC,,,C19H24N2O,296.18886338799996,4.0333000000000006,0,0,0,BTM00081,BTM00081,N-Dealkylation of acyclic tertiary amine,BTMR1142,"CYP1A2
CYP2A6
CYP2B6
CYP2C8
CYP2C9
CYP2C19
CYP2D6
CYP2E1
CYP3A4",HUMAN,BTM00005,CC(CN1C2=CC=C(C=C2CCC3=CC=CC=C31)O)CN(C)C,"InChI=1S/C20H26N2O/c1-15(13-21(2)3)14-22-19-7-5-4-6-16(19)8-9-17-12-18(23)10-11-20(17)22/h4-7,10-12,15,23H,8-9,13-14H2,1-3H3",FQJSSUOYVSEYPF-UHFFFAOYSA-N,4.5692,310.20451345199996
"InChI=1S/C20H26N2O2/c1-20(24,13-21(2)3)14-22-18-7-5-4-6-15(18)8-9-16-12-17(23)10-11-19(16)22/h4-7,10-12,23-24H,8-9,13-14H2,1-3H3",JJBZSDVTAPBJKH-UHFFFAOYSA-N,CC(CN1C2=CC=C(C=C2CCC3=CC=CC=C31)O)(CN(C)C)O,,,C20H26N2O2,326.199428072,3.752400000000001,0,0,0,BTM00082,BTM00082,Hydroxylation of penultimate aliphatic tertiary carbon,BTMR1075,"CYP2A6
CYP2B6
CYP2C8
CYP2C9
CYP2D6
CYP3A4",HUMAN,BTM00005,CC(CN1C2=CC=C(C=C2CCC3=CC=CC=C31)O)CN(C)C,"InChI=1S/C20H26N2O/c1-15(13-21(2)3)14-22-19-7-5-4-6-16(19)8-9-17-12-18(23)10-11-20(17)22/h4-7,10-12,15,23H,8-9,13-14H2,1-3H3",FQJSSUOYVSEYPF-UHFFFAOYSA-N,4.5692,310.20451345199996
"InChI=1S/C20H26N2O2/c1-14(20(24)21(2)3)13-22-18-7-5-4-6-15(18)8-9-16-12-17(23)10-11-19(16)22/h4-7,10-12,14,20,23-24H,8-9,13H2,1-3H3",IPQVTIAOZGCYQI-UHFFFAOYSA-N,CC(CN1C2=CC=C(C=C2CCC3=CC=CC=C31)O)C(N(C)C)O,,,C20H26N2O2,326.199428072,4.326099999999999,0,0,0,BTM00083,BTM00083,Aliphatic hydroxylation of carbon alpha to secondary or tertiary alkyl-N,BTMR1081,"CYP2B6
CYP2C19
CYP2D6",HUMAN,BTM00005,CC(CN1C2=CC=C(C=C2CCC3=CC=CC=C31)O)CN(C)C,"InChI=1S/C20H26N2O/c1-15(13-21(2)3)14-22-19-7-5-4-6-16(19)8-9-17-12-18(23)10-11-20(17)22/h4-7,10-12,15,23H,8-9,13-14H2,1-3H3",FQJSSUOYVSEYPF-UHFFFAOYSA-N,4.5692,310.20451345199996
"InChI=1S/C20H26N2O2/c1-14(13-21(2)3)20(24)22-18-7-5-4-6-15(18)8-9-16-12-17(23)10-11-19(16)22/h4-7,10-12,14,20,23-24H,8-9,13H2,1-3H3",GWBURHBSUAYOGA-UHFFFAOYSA-N,CC(C(N1C2=CC=C(C=C2CCC3=CC=CC=C31)O)O)CN(C)C,,,C20H26N2O2,326.199428072,4.326099999999999,0,0,0,BTM00084,BTM00084,Aliphatic hydroxylation of carbon alpha to secondary or tertiary alkyl-N,BTMR1081,"CYP2B6
CYP2C19
CYP2D6",HUMAN,BTM00005,CC(CN1C2=CC=C(C=C2CCC3=CC=CC=C31)O)CN(C)C,"InChI=1S/C20H26N2O/c1-15(13-21(2)3)14-22-19-7-5-4-6-16(19)8-9-17-12-18(23)10-11-20(17)22/h4-7,10-12,15,23H,8-9,13-14H2,1-3H3",FQJSSUOYVSEYPF-UHFFFAOYSA-N,4.5692,310.20451345199996
"InChI=1S/C6H13NO2/c1-6(5-8)4-7(2,3)9/h5-6H,4H2,1-3H3",KVSPAWZZBLYTOP-UHFFFAOYSA-N,CC(C=O)C[N+](C)(C)[O-],,,C6H13NO2,131.094628656,0.12920000000000065,0,0,0,BTM00047,BTM00047,N-Dealkylation of mixed tertiary amine,BTMR1145,"CYP1A2
CYP2A6
CYP2B6
CYP2C8
CYP2C9
CYP2C19
CYP2D6
CYP3A4",HUMAN,BTM00006,CC(CN1C2=CC=CC=C2CCC3=CC=CC=C31)C[N+](C)(C)[O-],"InChI=1S/C20H26N2O/c1-16(15-22(2,3)23)14-21-19-10-6-4-8-17(19)12-13-18-9-5-7-11-20(18)21/h4-11,16H,12-15H2,1-3H3",UNOPAPJVNIQNJP-UHFFFAOYSA-N,4.431499999999999,310.204513452
"InChI=1S/C14H13N/c1-3-7-13-11(5-1)9-10-12-6-2-4-8-14(12)15-13/h1-8,15H,9-10H2",ZSMRRZONCYIFNB-UHFFFAOYSA-N,N1C2=CC=CC=C2CCC3=CC=CC=C31,,,C14H13N,195.104799416,3.9808999999999997,0,0,0,BTM00003,BTM00003,N-Dealkylation of mixed tertiary amine,BTMR1145,"CYP1A2
CYP2A6
CYP2B6
CYP2C8
CYP2C9
CYP2C19
CYP2D6
CYP3A4",HUMAN,BTM00006,CC(CN1C2=CC=CC=C2CCC3=CC=CC=C31)C[N+](C)(C)[O-],"InChI=1S/C20H26N2O/c1-16(15-22(2,3)23)14-21-19-10-6-4-8-17(19)12-13-18-9-5-7-11-20(18)21/h4-11,16H,12-15H2,1-3H3",UNOPAPJVNIQNJP-UHFFFAOYSA-N,4.431499999999999,310.204513452
"InChI=1S/C20H26N2O2/c1-15(14-22(2,3)24)13-21-19-7-5-4-6-16(19)8-9-17-10-11-18(23)12-20(17)21/h4-7,10-12,15,23H,8-9,13-14H2,1-3H3",JNSUFULGDIHGLF-UHFFFAOYSA-N,CC(CN1C2=CC(=CC=C2CCC3=CC=CC=C31)O)C[N+](C)(C)[O-],,,C20H26N2O2,326.199428072,4.1641,0,0,0,BTM00061,BTM00061,Aromatic hydroxylation of fused benzene ring,BTMR1030,"CYP1A2
CYP2A6
CYP2B6
CYP2C8
CYP2C9
CYP2C19
CYP2D6
CYP2E1
CYP3A4",HUMAN,BTM00006,CC(CN1C2=CC=CC=C2CCC3=CC=CC=C31)C[N+](C)(C)[O-],"InChI=1S/C20H26N2O/c1-16(15-22(2,3)23)14-21-19-10-6-4-8-17(19)12-13-18-9-5-7-11-20(18)21/h4-11,16H,12-15H2,1-3H3",UNOPAPJVNIQNJP-UHFFFAOYSA-N,4.431499999999999,310.204513452
"InChI=1S/C20H26N2O2/c1-15(14-22(2,3)24)13-21-19-7-5-4-6-16(19)8-9-17-12-18(23)10-11-20(17)21/h4-7,10-12,15,23H,8-9,13-14H2,1-3H3",CHVPWIUSPZHRDW-UHFFFAOYSA-N,CC(CN1C2=CC=C(C=C2CCC3=CC=CC=C31)O)C[N+](C)(C)[O-],,,C20H26N2O2,326.199428072,4.1641,0,0,0,BTM00073,BTM00073,Aromatic hydroxylation of fused benzene ring,BTMR1030,"CYP1A2
CYP2A6
CYP2B6
CYP2C8
CYP2C9
CYP2C19
CYP2D6
CYP2E1
CYP3A4",HUMAN,BTM00006,CC(CN1C2=CC=CC=C2CCC3=CC=CC=C31)C[N+](C)(C)[O-],"InChI=1S/C20H26N2O/c1-16(15-22(2,3)23)14-21-19-10-6-4-8-17(19)12-13-18-9-5-7-11-20(18)21/h4-11,16H,12-15H2,1-3H3",UNOPAPJVNIQNJP-UHFFFAOYSA-N,4.431499999999999,310.204513452
"InChI=1S/C20H26N2O2/c1-15(14-22(2,3)24)13-21-18-9-5-4-7-16(18)11-12-17-8-6-10-19(23)20(17)21/h4-10,15,23H,11-14H2,1-3H3",ROPVPTFIHOGYNI-UHFFFAOYSA-N,CC(CN1C2=CC=CC=C2CCC3=CC=CC(=C31)O)C[N+](C)(C)[O-],,,C20H26N2O2,326.199428072,4.1641,0,0,0,BTM00085,BTM00085,Aromatic hydroxylation of fused benzene ring,BTMR1031,"CYP1A2
CYP2B6
CYP2C8
CYP2C9
CYP2C19
CYP2D6
CYP3A4",HUMAN,BTM00006,CC(CN1C2=CC=CC=C2CCC3=CC=CC=C31)C[N+](C)(C)[O-],"InChI=1S/C20H26N2O/c1-16(15-22(2,3)23)14-21-19-10-6-4-8-17(19)12-13-18-9-5-7-11-20(18)21/h4-11,16H,12-15H2,1-3H3",UNOPAPJVNIQNJP-UHFFFAOYSA-N,4.431499999999999,310.204513452
"InChI=1S/C20H26N2O2/c1-15(14-22(2,3)24)13-21-18-8-5-4-7-16(18)11-12-17-19(21)9-6-10-20(17)23/h4-10,15,23H,11-14H2,1-3H3",LULGNIZHIPTVSL-UHFFFAOYSA-N,CC(CN1C2=CC=CC=C2CCC3=C(C=CC=C31)O)C[N+](C)(C)[O-],,,C20H26N2O2,326.199428072,4.1641,0,0,0,BTM00086,BTM00086,Aromatic hydroxylation of fused benzene ring,BTMR1032,"CYP1A2
CYP2B6
CYP2C8
CYP2C9
CYP2C19
CYP2D6
CYP3A4",HUMAN,BTM00006,CC(CN1C2=CC=CC=C2CCC3=CC=CC=C31)C[N+](C)(C)[O-],"InChI=1S/C20H26N2O/c1-16(15-22(2,3)23)14-21-19-10-6-4-8-17(19)12-13-18-9-5-7-11-20(18)21/h4-11,16H,12-15H2,1-3H3",UNOPAPJVNIQNJP-UHFFFAOYSA-N,4.431499999999999,310.204513452
"InChI=1S/C20H26N2O2/c1-22(2,24)14-16(15-23)13-21-19-9-5-3-7-17(19)11-12-18-8-4-6-10-20(18)21/h3-10,16,23H,11-15H2,1-2H3",DMQNCKFPIKLBOQ-UHFFFAOYSA-N,C(C(CN1C2=CC=CC=C2CCC3=CC=CC=C31)C[N+](C)(C)[O-])O,,,C20H26N2O2,326.199428072,3.437400000000001,0,0,0,BTM00087,BTM00087,Hydroxylation of terminal methyl,BTMR1061,"CYP1A2
CYP2A6
CYP2B6
CYP2C8
CYP2C9
CYP2C19
CYP2D6
CYP2E1
CYP3A4",HUMAN,BTM00006,CC(CN1C2=CC=CC=C2CCC3=CC=CC=C31)C[N+](C)(C)[O-],"InChI=1S/C20H26N2O/c1-16(15-22(2,3)23)14-21-19-10-6-4-8-17(19)12-13-18-9-5-7-11-20(18)21/h4-11,16H,12-15H2,1-3H3",UNOPAPJVNIQNJP-UHFFFAOYSA-N,4.431499999999999,310.204513452
"InChI=1S/C20H24N2O/c1-16(15-22(2,3)23)14-21-19-10-6-4-8-17(19)12-13-18-9-5-7-11-20(18)21/h4-11H,1,12-15H2,2-3H3",UURYRYIGMHKXJD-UHFFFAOYSA-N,C=C(CN1C2=CC=CC=C2CCC3=CC=CC=C31)C[N+](C)(C)[O-],,,C20H24N2O,308.18886338799996,4.432300000000001,0,0,0,BTM00088,BTM00088,Terminal desaturation,BTMR1190,"CYP1A2
CYP2A6
CYP2C9
CYP2D6
CYP3A4",HUMAN,BTM00006,CC(CN1C2=CC=CC=C2CCC3=CC=CC=C31)C[N+](C)(C)[O-],"InChI=1S/C20H26N2O/c1-16(15-22(2,3)23)14-21-19-10-6-4-8-17(19)12-13-18-9-5-7-11-20(18)21/h4-11,16H,12-15H2,1-3H3",UNOPAPJVNIQNJP-UHFFFAOYSA-N,4.431499999999999,310.204513452
"InChI=1S/C20H26N2O2/c1-20(23,15-22(2,3)24)14-21-18-10-6-4-8-16(18)12-13-17-9-5-7-11-19(17)21/h4-11,23H,12-15H2,1-3H3",JTJVZEBFGFIHLS-UHFFFAOYSA-N,CC(CN1C2=CC=CC=C2CCC3=CC=CC=C31)(C[N+](C)(C)[O-])O,,,C20H26N2O2,326.199428072,3.6147,0,0,0,BTM00089,BTM00089,Hydroxylation of penultimate aliphatic tertiary carbon,BTMR1075,"CYP2A6
CYP2B6
CYP2C8
CYP2C9
CYP2D6
CYP3A4",HUMAN,BTM00006,CC(CN1C2=CC=CC=C2CCC3=CC=CC=C31)C[N+](C)(C)[O-],"InChI=1S/C20H26N2O/c1-16(15-22(2,3)23)14-21-19-10-6-4-8-17(19)12-13-18-9-5-7-11-20(18)21/h4-11,16H,12-15H2,1-3H3",UNOPAPJVNIQNJP-UHFFFAOYSA-N,4.431499999999999,310.204513452
"InChI=1S/C20H26N2O2/c1-15(14-22(2,3)24)20(23)21-18-10-6-4-8-16(18)12-13-17-9-5-7-11-19(17)21/h4-11,15,20,23H,12-14H2,1-3H3",AEBCDVNCBCKCKE-UHFFFAOYSA-N,CC(C(N1C2=CC=CC=C2CCC3=CC=CC=C31)O)C[N+](C)(C)[O-],,,C20H26N2O2,326.199428072,4.188399999999999,0,0,0,BTM00090,BTM00090,Aliphatic hydroxylation of carbon alpha to secondary or tertiary alkyl-N,BTMR1081,"CYP2B6
CYP2C19
CYP2D6",HUMAN,BTM00006,CC(CN1C2=CC=CC=C2CCC3=CC=CC=C31)C[N+](C)(C)[O-],"InChI=1S/C20H26N2O/c1-16(15-22(2,3)23)14-21-19-10-6-4-8-17(19)12-13-18-9-5-7-11-20(18)21/h4-11,16H,12-15H2,1-3H3",UNOPAPJVNIQNJP-UHFFFAOYSA-N,4.431499999999999,310.204513452
"InChI=1S/C6H13NO/c1-6(5-8)4-7(2)3/h5-6H,4H2,1-3H3",JRKCEWUWTPANMB-UHFFFAOYSA-N,CC(C=O)CN(C)C,,,C6H13NO,115.099714036,0.5343000000000004,0,0,0,BTM00002,BTM00002,N-Dealkylation of mixed tertiary amine,BTMR1145,"CYP1A2
CYP2A6
CYP2B6
CYP2C8
CYP2C9
CYP2C19
CYP2D6
CYP3A4",HUMAN,BTM00007,CC(CN1C2=CC=CC=C2CCC3=CC=CC(=C31)O)CN(C)C,"InChI=1S/C20H26N2O/c1-15(13-21(2)3)14-22-18-9-5-4-7-16(18)11-12-17-8-6-10-19(23)20(17)22/h4-10,15,23H,11-14H2,1-3H3",XQBPCRMVZURSFB-UHFFFAOYSA-N,4.5692,310.20451345199996
"InChI=1S/C14H13NO/c16-13-7-3-5-11-9-8-10-4-1-2-6-12(10)15-14(11)13/h1-7,15-16H,8-9H2",GLDALMMTOYDLSA-UHFFFAOYSA-N,N1C2=CC=CC=C2CCC3=CC=CC(=C31)O,,,C14H13NO,211.099714036,3.7135000000000007,0,0,0,BTM00056,BTM00056,N-Dealkylation of mixed tertiary amine,BTMR1145,"CYP1A2
CYP2A6
CYP2B6
CYP2C8
CYP2C9
CYP2C19
CYP2D6
CYP3A4",HUMAN,BTM00007,CC(CN1C2=CC=CC=C2CCC3=CC=CC(=C31)O)CN(C)C,"InChI=1S/C20H26N2O/c1-15(13-21(2)3)14-22-18-9-5-4-7-16(18)11-12-17-8-6-10-19(23)20(17)22/h4-10,15,23H,11-14H2,1-3H3",XQBPCRMVZURSFB-UHFFFAOYSA-N,4.5692,310.20451345199996
"InChI=1S/C20H26N2O2/c1-14(12-21(2)3)13-22-18-11-17(23)10-9-15(18)7-8-16-5-4-6-19(24)20(16)22/h4-6,9-11,14,23-24H,7-8,12-13H2,1-3H3",SGOGGDXSSNOIQY-UHFFFAOYSA-N,CC(CN1C2=CC(=CC=C2CCC3=CC=CC(=C31)O)O)CN(C)C,,,C20H26N2O2,326.199428072,4.301800000000002,0,0,0,BTM00062,BTM00062,Aromatic hydroxylation of fused benzene ring,BTMR1030,"CYP1A2
CYP2A6
CYP2B6
CYP2C8
CYP2C9
CYP2C19
CYP2D6
CYP2E1
CYP3A4",HUMAN,BTM00007,CC(CN1C2=CC=CC=C2CCC3=CC=CC(=C31)O)CN(C)C,"InChI=1S/C20H26N2O/c1-15(13-21(2)3)14-22-18-9-5-4-7-16(18)11-12-17-8-6-10-19(23)20(17)22/h4-10,15,23H,11-14H2,1-3H3",XQBPCRMVZURSFB-UHFFFAOYSA-N,4.5692,310.20451345199996
"InChI=1S/C20H26N2O2/c1-14(12-21(2)3)13-22-18-10-9-17(23)11-16(18)8-7-15-5-4-6-19(24)20(15)22/h4-6,9-11,14,23-24H,7-8,12-13H2,1-3H3",QWNUBALNJTXGKJ-UHFFFAOYSA-N,CC(CN1C2=CC=C(C=C2CCC3=CC=CC(=C31)O)O)CN(C)C,,,C20H26N2O2,326.199428072,4.301800000000002,0,0,0,BTM00074,BTM00074,Aromatic hydroxylation of fused benzene ring,BTMR1030,"CYP1A2
CYP2A6
CYP2B6
CYP2C8
CYP2C9
CYP2C19
CYP2D6
CYP2E1
CYP3A4",HUMAN,BTM00007,CC(CN1C2=CC=CC=C2CCC3=CC=CC(=C31)O)CN(C)C,"InChI=1S/C20H26N2O/c1-15(13-21(2)3)14-22-18-9-5-4-7-16(18)11-12-17-8-6-10-19(23)20(17)22/h4-10,15,23H,11-14H2,1-3H3",XQBPCRMVZURSFB-UHFFFAOYSA-N,4.5692,310.20451345199996
"InChI=1S/C20H26N2O2/c1-14(12-21(2)3)13-22-18-7-5-4-6-15(18)8-9-16-10-17(23)11-19(24)20(16)22/h4-7,10-11,14,23-24H,8-9,12-13H2,1-3H3",PZKRYOGNTLKAOA-UHFFFAOYSA-N,CC(CN1C2=C(C=C(C=C2CCC3=CC=CC=C31)O)O)CN(C)C,,,C20H26N2O2,326.199428072,4.301800000000002,0,0,0,BTM00075,BTM00075,Aromatic hydroxylation of fused benzene ring,BTMR1030,"CYP1A2
CYP2A6
CYP2B6
CYP2C8
CYP2C9
CYP2C19
CYP2D6
CYP2E1
CYP3A4",HUMAN,BTM00007,CC(CN1C2=CC=CC=C2CCC3=CC=CC(=C31)O)CN(C)C,"InChI=1S/C20H26N2O/c1-15(13-21(2)3)14-22-18-9-5-4-7-16(18)11-12-17-8-6-10-19(23)20(17)22/h4-10,15,23H,11-14H2,1-3H3",XQBPCRMVZURSFB-UHFFFAOYSA-N,4.5692,310.20451345199996
"InChI=1S/C20H26N2O2/c1-14(12-21(2)3)13-22-17-7-5-4-6-15(17)8-9-16-10-11-18(23)20(24)19(16)22/h4-7,10-11,14,23-24H,8-9,12-13H2,1-3H3",VLCMRIJCTXOGJR-UHFFFAOYSA-N,CC(CN1C2=CC=CC=C2CCC3=CC=C(C(=C31)O)O)CN(C)C,,,C20H26N2O2,326.199428072,4.301800000000002,0,0,0,BTM00091,BTM00091,Aromatic hydroxylation of fused benzene ring,BTMR1030,"CYP1A2
CYP2A6
CYP2B6
CYP2C8
CYP2C9
CYP2C19
CYP2D6
CYP2E1
CYP3A4",HUMAN,BTM00007,CC(CN1C2=CC=CC=C2CCC3=CC=CC(=C31)O)CN(C)C,"InChI=1S/C20H26N2O/c1-15(13-21(2)3)14-22-18-9-5-4-7-16(18)11-12-17-8-6-10-19(23)20(17)22/h4-10,15,23H,11-14H2,1-3H3",XQBPCRMVZURSFB-UHFFFAOYSA-N,4.5692,310.20451345199996
"InChI=1S/C20H26N2O2/c1-15(14-22(2,3)24)13-21-18-9-5-4-7-16(18)11-12-17-8-6-10-19(23)20(17)21/h4-10,15,23H,11-14H2,1-3H3",ROPVPTFIHOGYNI-UHFFFAOYSA-N,CC(CN1C2=CC=CC=C2CCC3=CC=CC(=C31)O)C[N+](C)(C)[O-],,,C20H26N2O2,326.199428072,4.1641,0,0,0,BTM00085,BTM00085,N-Oxidation of aliphatic tertiary amine,BTMR1100,"CYP1A2
CYP2D6
CYP3A4",HUMAN,BTM00007,CC(CN1C2=CC=CC=C2CCC3=CC=CC(=C31)O)CN(C)C,"InChI=1S/C20H26N2O/c1-15(13-21(2)3)14-22-18-9-5-4-7-16(18)11-12-17-8-6-10-19(23)20(17)22/h4-10,15,23H,11-14H2,1-3H3",XQBPCRMVZURSFB-UHFFFAOYSA-N,4.5692,310.20451345199996
"InChI=1S/C20H26N2O2/c1-14(12-21(2)3)13-22-19-15(6-4-8-17(19)23)10-11-16-7-5-9-18(24)20(16)22/h4-9,14,23-24H,10-13H2,1-3H3",ZITZJNXHUBAZLQ-UHFFFAOYSA-N,CC(CN1C2=C(C=CC=C2CCC3=CC=CC(=C31)O)O)CN(C)C,,,C20H26N2O2,326.199428072,4.301800000000002,0,0,0,BTM00092,BTM00092,Aromatic hydroxylation of fused benzene ring,BTMR1031,"CYP1A2
CYP2B6
CYP2C8
CYP2C9
CYP2C19
CYP2D6
CYP3A4",HUMAN,BTM00007,CC(CN1C2=CC=CC=C2CCC3=CC=CC(=C31)O)CN(C)C,"InChI=1S/C20H26N2O/c1-15(13-21(2)3)14-22-18-9-5-4-7-16(18)11-12-17-8-6-10-19(23)20(17)22/h4-10,15,23H,11-14H2,1-3H3",XQBPCRMVZURSFB-UHFFFAOYSA-N,4.5692,310.20451345199996
"InChI=1S/C20H26N2O2/c1-14(12-21(2)3)13-22-17-7-5-8-18(23)16(17)11-10-15-6-4-9-19(24)20(15)22/h4-9,14,23-24H,10-13H2,1-3H3",KOPAXMCVDWUZMB-UHFFFAOYSA-N,CC(CN1C2=CC=CC(=C2CCC3=CC=CC(=C31)O)O)CN(C)C,,,C20H26N2O2,326.199428072,4.301800000000002,0,0,0,BTM00093,BTM00093,Aromatic hydroxylation of fused benzene ring,BTMR1032,"CYP1A2
CYP2B6
CYP2C8
CYP2C9
CYP2C19
CYP2D6
CYP3A4",HUMAN,BTM00007,CC(CN1C2=CC=CC=C2CCC3=CC=CC(=C31)O)CN(C)C,"InChI=1S/C20H26N2O/c1-15(13-21(2)3)14-22-18-9-5-4-7-16(18)11-12-17-8-6-10-19(23)20(17)22/h4-10,15,23H,11-14H2,1-3H3",XQBPCRMVZURSFB-UHFFFAOYSA-N,4.5692,310.20451345199996
"InChI=1S/C20H26N2O2/c1-21(2)12-15(14-23)13-22-18-8-4-3-6-16(18)10-11-17-7-5-9-19(24)20(17)22/h3-9,15,23-24H,10-14H2,1-2H3",CRSSDEMSYQVUME-UHFFFAOYSA-N,C(C(CN1C2=CC=CC=C2CCC3=CC=CC(=C31)O)CN(C)C)O,,,C20H26N2O2,326.199428072,3.5751,0,0,0,BTM00094,BTM00094,Hydroxylation of terminal methyl,BTMR1061,"CYP1A2
CYP2A6
CYP2B6
CYP2C8
CYP2C9
CYP2C19
CYP2D6
CYP2E1
CYP3A4",HUMAN,BTM00007,CC(CN1C2=CC=CC=C2CCC3=CC=CC(=C31)O)CN(C)C,"InChI=1S/C20H26N2O/c1-15(13-21(2)3)14-22-18-9-5-4-7-16(18)11-12-17-8-6-10-19(23)20(17)22/h4-10,15,23H,11-14H2,1-3H3",XQBPCRMVZURSFB-UHFFFAOYSA-N,4.5692,310.20451345199996
"InChI=1S/C20H24N2O/c1-15(13-21(2)3)14-22-18-9-5-4-7-16(18)11-12-17-8-6-10-19(23)20(17)22/h4-10,23H,1,11-14H2,2-3H3",PMBHWHBNRBIOCH-UHFFFAOYSA-N,C=C(CN1C2=CC=CC=C2CCC3=CC=CC(=C31)O)CN(C)C,,,C20H24N2O,308.188863388,4.569999999999999,0,0,0,BTM00095,BTM00095,Terminal desaturation,BTMR1190,"CYP1A2
CYP2A6
CYP2C9
CYP2D6
CYP3A4",HUMAN,BTM00007,CC(CN1C2=CC=CC=C2CCC3=CC=CC(=C31)O)CN(C)C,"InChI=1S/C20H26N2O/c1-15(13-21(2)3)14-22-18-9-5-4-7-16(18)11-12-17-8-6-10-19(23)20(17)22/h4-10,15,23H,11-14H2,1-3H3",XQBPCRMVZURSFB-UHFFFAOYSA-N,4.5692,310.20451345199996
"InChI=1S/C18H19NO2/c1-13(12-20)11-19-16-7-3-2-5-14(16)9-10-15-6-4-8-17(21)18(15)19/h2-8,12-13,21H,9-11H2,1H3",YSFKXUMYLJTNDY-UHFFFAOYSA-N,CC(CN1C2=CC=CC=C2CCC3=CC=CC(=C31)O)C=O,,,C18H19NO2,281.14157884800005,4.1335999999999995,0,0,0,BTM00096,BTM00096,N-Dealkylation of acyclic tertiary amine,BTMR1142,"CYP1A2
CYP2A6
CYP2B6
CYP2C8
CYP2C9
CYP2C19
CYP2D6
CYP2E1
CYP3A4",HUMAN,BTM00007,CC(CN1C2=CC=CC=C2CCC3=CC=CC(=C31)O)CN(C)C,"InChI=1S/C20H26N2O/c1-15(13-21(2)3)14-22-18-9-5-4-7-16(18)11-12-17-8-6-10-19(23)20(17)22/h4-10,15,23H,11-14H2,1-3H3",XQBPCRMVZURSFB-UHFFFAOYSA-N,4.5692,310.20451345199996
"InChI=1S/C2H7N/c1-3-2/h3H,1-2H3",ROSDSFDQCJNGOL-UHFFFAOYSA-N,N(C)C,,,C2H7N,45.057849224,-0.21580000000000035,0,0,0,BTM00012,BTM00012,N-Dealkylation of acyclic tertiary amine,BTMR1142,"CYP1A2
CYP2A6
CYP2B6
CYP2C8
CYP2C9
CYP2C19
CYP2D6
CYP2E1
CYP3A4",HUMAN,BTM00007,CC(CN1C2=CC=CC=C2CCC3=CC=CC(=C31)O)CN(C)C,"InChI=1S/C20H26N2O/c1-15(13-21(2)3)14-22-18-9-5-4-7-16(18)11-12-17-8-6-10-19(23)20(17)22/h4-10,15,23H,11-14H2,1-3H3",XQBPCRMVZURSFB-UHFFFAOYSA-N,4.5692,310.20451345199996
"InChI=1S/C19H24N2O/c1-14(12-20-2)13-21-17-8-4-3-6-15(17)10-11-16-7-5-9-18(22)19(16)21/h3-9,14,20,22H,10-13H2,1-2H3",PMNVYGXFVZZMNP-UHFFFAOYSA-N,CC(CN1C2=CC=CC=C2CCC3=CC=CC(=C31)O)CNC,,,C19H24N2O,296.188863388,4.0333000000000006,0,0,0,BTM00097,BTM00097,N-Dealkylation of acyclic tertiary amine,BTMR1142,"CYP1A2
CYP2A6
CYP2B6
CYP2C8
CYP2C9
CYP2C19
CYP2D6
CYP2E1
CYP3A4",HUMAN,BTM00007,CC(CN1C2=CC=CC=C2CCC3=CC=CC(=C31)O)CN(C)C,"InChI=1S/C20H26N2O/c1-15(13-21(2)3)14-22-18-9-5-4-7-16(18)11-12-17-8-6-10-19(23)20(17)22/h4-10,15,23H,11-14H2,1-3H3",XQBPCRMVZURSFB-UHFFFAOYSA-N,4.5692,310.20451345199996
"InChI=1S/C20H26N2O2/c1-20(24,13-21(2)3)14-22-17-9-5-4-7-15(17)11-12-16-8-6-10-18(23)19(16)22/h4-10,23-24H,11-14H2,1-3H3",ISFSPQHRLBCZLD-UHFFFAOYSA-N,CC(CN1C2=CC=CC=C2CCC3=CC=CC(=C31)O)(CN(C)C)O,,,C20H26N2O2,326.199428072,3.752400000000001,0,0,0,BTM00098,BTM00098,Hydroxylation of penultimate aliphatic tertiary carbon,BTMR1075,"CYP2A6
CYP2B6
CYP2C8
CYP2C9
CYP2D6
CYP3A4",HUMAN,BTM00007,CC(CN1C2=CC=CC=C2CCC3=CC=CC(=C31)O)CN(C)C,"InChI=1S/C20H26N2O/c1-15(13-21(2)3)14-22-18-9-5-4-7-16(18)11-12-17-8-6-10-19(23)20(17)22/h4-10,15,23H,11-14H2,1-3H3",XQBPCRMVZURSFB-UHFFFAOYSA-N,4.5692,310.20451345199996
"InChI=1S/C20H26N2O2/c1-14(20(24)21(2)3)13-22-17-9-5-4-7-15(17)11-12-16-8-6-10-18(23)19(16)22/h4-10,14,20,23-24H,11-13H2,1-3H3",DWOZYOXTRLKKRT-UHFFFAOYSA-N,CC(CN1C2=CC=CC=C2CCC3=CC=CC(=C31)O)C(N(C)C)O,,,C20H26N2O2,326.199428072,4.326099999999999,0,0,0,BTM00099,BTM00099,Aliphatic hydroxylation of carbon alpha to secondary or tertiary alkyl-N,BTMR1081,"CYP2B6
CYP2C19
CYP2D6",HUMAN,BTM00007,CC(CN1C2=CC=CC=C2CCC3=CC=CC(=C31)O)CN(C)C,"InChI=1S/C20H26N2O/c1-15(13-21(2)3)14-22-18-9-5-4-7-16(18)11-12-17-8-6-10-19(23)20(17)22/h4-10,15,23H,11-14H2,1-3H3",XQBPCRMVZURSFB-UHFFFAOYSA-N,4.5692,310.20451345199996
"InChI=1S/C20H26N2O2/c1-14(13-21(2)3)20(24)22-17-9-5-4-7-15(17)11-12-16-8-6-10-18(23)19(16)22/h4-10,14,20,23-24H,11-13H2,1-3H3",PJZHKHZBQOZMSL-UHFFFAOYSA-N,CC(C(N1C2=CC=CC=C2CCC3=CC=CC(=C31)O)O)CN(C)C,,,C20H26N2O2,326.199428072,4.326099999999999,0,0,0,BTM00100,BTM00100,Aliphatic hydroxylation of carbon alpha to secondary or tertiary alkyl-N,BTMR1081,"CYP2B6
CYP2C19
CYP2D6",HUMAN,BTM00007,CC(CN1C2=CC=CC=C2CCC3=CC=CC(=C31)O)CN(C)C,"InChI=1S/C20H26N2O/c1-15(13-21(2)3)14-22-18-9-5-4-7-16(18)11-12-17-8-6-10-19(23)20(17)22/h4-10,15,23H,11-14H2,1-3H3",XQBPCRMVZURSFB-UHFFFAOYSA-N,4.5692,310.20451345199996
"InChI=1S/C6H13NO/c1-6(5-8)4-7(2)3/h5-6H,4H2,1-3H3",JRKCEWUWTPANMB-UHFFFAOYSA-N,CC(C=O)CN(C)C,,,C6H13NO,115.099714036,0.5343000000000004,0,0,0,BTM00002,BTM00002,N-Dealkylation of mixed tertiary amine,BTMR1145,"CYP1A2
CYP2A6
CYP2B6
CYP2C8
CYP2C9
CYP2C19
CYP2D6
CYP3A4",HUMAN,BTM00008,CC(CN1C2=CC=CC=C2CCC3=C(C=CC=C31)O)CN(C)C,"InChI=1S/C20H26N2O/c1-15(13-21(2)3)14-22-18-8-5-4-7-16(18)11-12-17-19(22)9-6-10-20(17)23/h4-10,15,23H,11-14H2,1-3H3",KNCANBDGCAOXBV-UHFFFAOYSA-N,4.5692,310.204513452
"InChI=1S/C14H13NO/c16-14-7-3-6-13-11(14)9-8-10-4-1-2-5-12(10)15-13/h1-7,15-16H,8-9H2",NHUZAKWJDJUVBF-UHFFFAOYSA-N,N1C2=CC=CC=C2CCC3=C(C=CC=C31)O,,,C14H13NO,211.099714036,3.7135000000000007,0,0,0,BTM00057,BTM00057,N-Dealkylation of mixed tertiary amine,BTMR1145,"CYP1A2
CYP2A6
CYP2B6
CYP2C8
CYP2C9
CYP2C19
CYP2D6
CYP3A4",HUMAN,BTM00008,CC(CN1C2=CC=CC=C2CCC3=C(C=CC=C31)O)CN(C)C,"InChI=1S/C20H26N2O/c1-15(13-21(2)3)14-22-18-8-5-4-7-16(18)11-12-17-19(22)9-6-10-20(17)23/h4-10,15,23H,11-14H2,1-3H3",KNCANBDGCAOXBV-UHFFFAOYSA-N,4.5692,310.204513452
"InChI=1S/C20H26N2O2/c1-14(12-21(2)3)13-22-18-5-4-6-20(24)17(18)10-8-15-7-9-16(23)11-19(15)22/h4-7,9,11,14,23-24H,8,10,12-13H2,1-3H3",GLTCXYVFMXJRGP-UHFFFAOYSA-N,CC(CN1C2=CC(=CC=C2CCC3=C(C=CC=C31)O)O)CN(C)C,,,C20H26N2O2,326.199428072,4.301800000000002,0,0,0,BTM00063,BTM00063,Aromatic hydroxylation of fused benzene ring,BTMR1030,"CYP1A2
CYP2A6
CYP2B6
CYP2C8
CYP2C9
CYP2C19
CYP2D6
CYP2E1
CYP3A4",HUMAN,BTM00008,CC(CN1C2=CC=CC=C2CCC3=C(C=CC=C31)O)CN(C)C,"InChI=1S/C20H26N2O/c1-15(13-21(2)3)14-22-18-8-5-4-7-16(18)11-12-17-19(22)9-6-10-20(17)23/h4-10,15,23H,11-14H2,1-3H3",KNCANBDGCAOXBV-UHFFFAOYSA-N,4.5692,310.204513452
"InChI=1S/C20H26N2O2/c1-14(12-21(2)3)13-22-18-10-8-16(23)11-15(18)7-9-17-19(22)5-4-6-20(17)24/h4-6,8,10-11,14,23-24H,7,9,12-13H2,1-3H3",XEMBFOBOBXZPTO-UHFFFAOYSA-N,CC(CN1C2=CC=C(C=C2CCC3=C(C=CC=C31)O)O)CN(C)C,,,C20H26N2O2,326.199428072,4.301800000000002,0,0,0,BTM00076,BTM00076,Aromatic hydroxylation of fused benzene ring,BTMR1030,"CYP1A2
CYP2A6
CYP2B6
CYP2C8
CYP2C9
CYP2C19
CYP2D6
CYP2E1
CYP3A4",HUMAN,BTM00008,CC(CN1C2=CC=CC=C2CCC3=C(C=CC=C31)O)CN(C)C,"InChI=1S/C20H26N2O/c1-15(13-21(2)3)14-22-18-8-5-4-7-16(18)11-12-17-19(22)9-6-10-20(17)23/h4-10,15,23H,11-14H2,1-3H3",KNCANBDGCAOXBV-UHFFFAOYSA-N,4.5692,310.204513452
"InChI=1S/C20H26N2O2/c1-14(12-21(2)3)13-22-17-7-5-4-6-15(17)8-9-16-18(22)10-11-19(23)20(16)24/h4-7,10-11,14,23-24H,8-9,12-13H2,1-3H3",QBJMAVQHVJJJFC-UHFFFAOYSA-N,CC(CN1C2=CC=C(C(=C2CCC3=CC=CC=C31)O)O)CN(C)C,,,C20H26N2O2,326.199428072,4.301800000000002,0,0,0,BTM00077,BTM00077,Aromatic hydroxylation of fused benzene ring,BTMR1030,"CYP1A2
CYP2A6
CYP2B6
CYP2C8
CYP2C9
CYP2C19
CYP2D6
CYP2E1
CYP3A4",HUMAN,BTM00008,CC(CN1C2=CC=CC=C2CCC3=C(C=CC=C31)O)CN(C)C,"InChI=1S/C20H26N2O/c1-15(13-21(2)3)14-22-18-8-5-4-7-16(18)11-12-17-19(22)9-6-10-20(17)23/h4-10,15,23H,11-14H2,1-3H3",KNCANBDGCAOXBV-UHFFFAOYSA-N,4.5692,310.204513452
"InChI=1S/C20H26N2O2/c1-14(12-21(2)3)13-22-18-7-5-4-6-15(18)8-9-17-19(22)10-16(23)11-20(17)24/h4-7,10-11,14,23-24H,8-9,12-13H2,1-3H3",BFTFMGJQOZVNFW-UHFFFAOYSA-N,CC(CN1C2=CC(=CC(=C2CCC3=CC=CC=C31)O)O)CN(C)C,,,C20H26N2O2,326.199428072,4.301800000000002,0,0,0,BTM00064,BTM00064,Aromatic hydroxylation of fused benzene ring,BTMR1030,"CYP1A2
CYP2A6
CYP2B6
CYP2C8
CYP2C9
CYP2C19
CYP2D6
CYP2E1
CYP3A4",HUMAN,BTM00008,CC(CN1C2=CC=CC=C2CCC3=C(C=CC=C31)O)CN(C)C,"InChI=1S/C20H26N2O/c1-15(13-21(2)3)14-22-18-8-5-4-7-16(18)11-12-17-19(22)9-6-10-20(17)23/h4-10,15,23H,11-14H2,1-3H3",KNCANBDGCAOXBV-UHFFFAOYSA-N,4.5692,310.204513452
"InChI=1S/C20H26N2O2/c1-15(14-22(2,3)24)13-21-18-8-5-4-7-16(18)11-12-17-19(21)9-6-10-20(17)23/h4-10,15,23H,11-14H2,1-3H3",LULGNIZHIPTVSL-UHFFFAOYSA-N,CC(CN1C2=CC=CC=C2CCC3=C(C=CC=C31)O)C[N+](C)(C)[O-],,,C20H26N2O2,326.199428072,4.1641,0,0,0,BTM00086,BTM00086,N-Oxidation of aliphatic tertiary amine,BTMR1100,"CYP1A2
CYP2D6
CYP3A4",HUMAN,BTM00008,CC(CN1C2=CC=CC=C2CCC3=C(C=CC=C31)O)CN(C)C,"InChI=1S/C20H26N2O/c1-15(13-21(2)3)14-22-18-8-5-4-7-16(18)11-12-17-19(22)9-6-10-20(17)23/h4-10,15,23H,11-14H2,1-3H3",KNCANBDGCAOXBV-UHFFFAOYSA-N,4.5692,310.204513452
"InChI=1S/C20H26N2O2/c1-14(12-21(2)3)13-22-17-7-5-8-18(23)16(17)11-10-15-6-4-9-19(24)20(15)22/h4-9,14,23-24H,10-13H2,1-3H3",KOPAXMCVDWUZMB-UHFFFAOYSA-N,CC(CN1C2=CC=CC(=C2CCC3=CC=CC(=C31)O)O)CN(C)C,,,C20H26N2O2,326.199428072,4.301800000000002,0,0,0,BTM00093,BTM00093,Aromatic hydroxylation of fused benzene ring,BTMR1031,"CYP1A2
CYP2B6
CYP2C8
CYP2C9
CYP2C19
CYP2D6
CYP3A4",HUMAN,BTM00008,CC(CN1C2=CC=CC=C2CCC3=C(C=CC=C31)O)CN(C)C,"InChI=1S/C20H26N2O/c1-15(13-21(2)3)14-22-18-8-5-4-7-16(18)11-12-17-19(22)9-6-10-20(17)23/h4-10,15,23H,11-14H2,1-3H3",KNCANBDGCAOXBV-UHFFFAOYSA-N,4.5692,310.204513452
"InChI=1S/C20H26N2O2/c1-14(12-21(2)3)13-22-17-6-4-8-19(23)15(17)10-11-16-18(22)7-5-9-20(16)24/h4-9,14,23-24H,10-13H2,1-3H3",BUIOOQDLQPFILS-UHFFFAOYSA-N,CC(CN1C2=CC=CC(=C2CCC3=C(C=CC=C31)O)O)CN(C)C,,,C20H26N2O2,326.199428072,4.301800000000002,0,0,0,BTM00101,BTM00101,Aromatic hydroxylation of fused benzene ring,BTMR1032,"CYP1A2
CYP2B6
CYP2C8
CYP2C9
CYP2C19
CYP2D6
CYP3A4",HUMAN,BTM00008,CC(CN1C2=CC=CC=C2CCC3=C(C=CC=C31)O)CN(C)C,"InChI=1S/C20H26N2O/c1-15(13-21(2)3)14-22-18-8-5-4-7-16(18)11-12-17-19(22)9-6-10-20(17)23/h4-10,15,23H,11-14H2,1-3H3",KNCANBDGCAOXBV-UHFFFAOYSA-N,4.5692,310.204513452
"InChI=1S/C20H26N2O2/c1-21(2)12-15(14-23)13-22-18-7-4-3-6-16(18)10-11-17-19(22)8-5-9-20(17)24/h3-9,15,23-24H,10-14H2,1-2H3",MGJGPSVWVZEPGR-UHFFFAOYSA-N,C(C(CN1C2=CC=CC=C2CCC3=C(C=CC=C31)O)CN(C)C)O,,,C20H26N2O2,326.199428072,3.5751,0,0,0,BTM00102,BTM00102,Hydroxylation of terminal methyl,BTMR1061,"CYP1A2
CYP2A6
CYP2B6
CYP2C8
CYP2C9
CYP2C19
CYP2D6
CYP2E1
CYP3A4",HUMAN,BTM00008,CC(CN1C2=CC=CC=C2CCC3=C(C=CC=C31)O)CN(C)C,"InChI=1S/C20H26N2O/c1-15(13-21(2)3)14-22-18-8-5-4-7-16(18)11-12-17-19(22)9-6-10-20(17)23/h4-10,15,23H,11-14H2,1-3H3",KNCANBDGCAOXBV-UHFFFAOYSA-N,4.5692,310.204513452
"InChI=1S/C20H24N2O/c1-15(13-21(2)3)14-22-18-8-5-4-7-16(18)11-12-17-19(22)9-6-10-20(17)23/h4-10,23H,1,11-14H2,2-3H3",HCKCXYGVAYNMES-UHFFFAOYSA-N,C=C(CN1C2=CC=CC=C2CCC3=C(C=CC=C31)O)CN(C)C,,,C20H24N2O,308.188863388,4.569999999999999,0,0,0,BTM00103,BTM00103,Terminal desaturation,BTMR1190,"CYP1A2
CYP2A6
CYP2C9
CYP2D6
CYP3A4",HUMAN,BTM00008,CC(CN1C2=CC=CC=C2CCC3=C(C=CC=C31)O)CN(C)C,"InChI=1S/C20H26N2O/c1-15(13-21(2)3)14-22-18-8-5-4-7-16(18)11-12-17-19(22)9-6-10-20(17)23/h4-10,15,23H,11-14H2,1-3H3",KNCANBDGCAOXBV-UHFFFAOYSA-N,4.5692,310.204513452
"InChI=1S/C18H19NO2/c1-13(12-20)11-19-16-6-3-2-5-14(16)9-10-15-17(19)7-4-8-18(15)21/h2-8,12-13,21H,9-11H2,1H3",AOZLWFBNKWZBRB-UHFFFAOYSA-N,CC(CN1C2=CC=CC=C2CCC3=C(C=CC=C31)O)C=O,,,C18H19NO2,281.141578848,4.1335999999999995,0,0,0,BTM00104,BTM00104,N-Dealkylation of acyclic tertiary amine,BTMR1142,"CYP1A2
CYP2A6
CYP2B6
CYP2C8
CYP2C9
CYP2C19
CYP2D6
CYP2E1
CYP3A4",HUMAN,BTM00008,CC(CN1C2=CC=CC=C2CCC3=C(C=CC=C31)O)CN(C)C,"InChI=1S/C20H26N2O/c1-15(13-21(2)3)14-22-18-8-5-4-7-16(18)11-12-17-19(22)9-6-10-20(17)23/h4-10,15,23H,11-14H2,1-3H3",KNCANBDGCAOXBV-UHFFFAOYSA-N,4.5692,310.204513452
"InChI=1S/C2H7N/c1-3-2/h3H,1-2H3",ROSDSFDQCJNGOL-UHFFFAOYSA-N,N(C)C,,,C2H7N,45.057849224,-0.21580000000000035,0,0,0,BTM00012,BTM00012,N-Dealkylation of acyclic tertiary amine,BTMR1142,"CYP1A2
CYP2A6
CYP2B6
CYP2C8
CYP2C9
CYP2C19
CYP2D6
CYP2E1
CYP3A4",HUMAN,BTM00008,CC(CN1C2=CC=CC=C2CCC3=C(C=CC=C31)O)CN(C)C,"InChI=1S/C20H26N2O/c1-15(13-21(2)3)14-22-18-8-5-4-7-16(18)11-12-17-19(22)9-6-10-20(17)23/h4-10,15,23H,11-14H2,1-3H3",KNCANBDGCAOXBV-UHFFFAOYSA-N,4.5692,310.204513452
"InChI=1S/C19H24N2O/c1-14(12-20-2)13-21-17-7-4-3-6-15(17)10-11-16-18(21)8-5-9-19(16)22/h3-9,14,20,22H,10-13H2,1-2H3",FLWXJNVBBMRBOE-UHFFFAOYSA-N,CC(CN1C2=CC=CC=C2CCC3=C(C=CC=C31)O)CNC,,,C19H24N2O,296.18886338799996,4.0333000000000006,0,0,0,BTM00105,BTM00105,N-Dealkylation of acyclic tertiary amine,BTMR1142,"CYP1A2
CYP2A6
CYP2B6
CYP2C8
CYP2C9
CYP2C19
CYP2D6
CYP2E1
CYP3A4",HUMAN,BTM00008,CC(CN1C2=CC=CC=C2CCC3=C(C=CC=C31)O)CN(C)C,"InChI=1S/C20H26N2O/c1-15(13-21(2)3)14-22-18-8-5-4-7-16(18)11-12-17-19(22)9-6-10-20(17)23/h4-10,15,23H,11-14H2,1-3H3",KNCANBDGCAOXBV-UHFFFAOYSA-N,4.5692,310.204513452
"InChI=1S/C20H26N2O2/c1-20(24,13-21(2)3)14-22-17-8-5-4-7-15(17)11-12-16-18(22)9-6-10-19(16)23/h4-10,23-24H,11-14H2,1-3H3",VYGXANWSGAJVKV-UHFFFAOYSA-N,CC(CN1C2=CC=CC=C2CCC3=C(C=CC=C31)O)(CN(C)C)O,,,C20H26N2O2,326.199428072,3.752400000000001,0,0,0,BTM00106,BTM00106,Hydroxylation of penultimate aliphatic tertiary carbon,BTMR1075,"CYP2A6
CYP2B6
CYP2C8
CYP2C9
CYP2D6
CYP3A4",HUMAN,BTM00008,CC(CN1C2=CC=CC=C2CCC3=C(C=CC=C31)O)CN(C)C,"InChI=1S/C20H26N2O/c1-15(13-21(2)3)14-22-18-8-5-4-7-16(18)11-12-17-19(22)9-6-10-20(17)23/h4-10,15,23H,11-14H2,1-3H3",KNCANBDGCAOXBV-UHFFFAOYSA-N,4.5692,310.204513452
"InChI=1S/C20H26N2O2/c1-14(20(24)21(2)3)13-22-17-8-5-4-7-15(17)11-12-16-18(22)9-6-10-19(16)23/h4-10,14,20,23-24H,11-13H2,1-3H3",RUPFUURBRACYMQ-UHFFFAOYSA-N,CC(CN1C2=CC=CC=C2CCC3=C(C=CC=C31)O)C(N(C)C)O,,,C20H26N2O2,326.199428072,4.326099999999999,0,0,0,BTM00107,BTM00107,Aliphatic hydroxylation of carbon alpha to secondary or tertiary alkyl-N,BTMR1081,"CYP2B6
CYP2C19
CYP2D6",HUMAN,BTM00008,CC(CN1C2=CC=CC=C2CCC3=C(C=CC=C31)O)CN(C)C,"InChI=1S/C20H26N2O/c1-15(13-21(2)3)14-22-18-8-5-4-7-16(18)11-12-17-19(22)9-6-10-20(17)23/h4-10,15,23H,11-14H2,1-3H3",KNCANBDGCAOXBV-UHFFFAOYSA-N,4.5692,310.204513452
"InChI=1S/C20H26N2O2/c1-14(13-21(2)3)20(24)22-17-8-5-4-7-15(17)11-12-16-18(22)9-6-10-19(16)23/h4-10,14,20,23-24H,11-13H2,1-3H3",DCUMSEIAEQYSJV-UHFFFAOYSA-N,CC(C(N1C2=CC=CC=C2CCC3=C(C=CC=C31)O)O)CN(C)C,,,C20H26N2O2,326.199428072,4.326099999999999,0,0,0,BTM00108,BTM00108,Aliphatic hydroxylation of carbon alpha to secondary or tertiary alkyl-N,BTMR1081,"CYP2B6
CYP2C19
CYP2D6",HUMAN,BTM00008,CC(CN1C2=CC=CC=C2CCC3=C(C=CC=C31)O)CN(C)C,"InChI=1S/C20H26N2O/c1-15(13-21(2)3)14-22-18-8-5-4-7-16(18)11-12-17-19(22)9-6-10-20(17)23/h4-10,15,23H,11-14H2,1-3H3",KNCANBDGCAOXBV-UHFFFAOYSA-N,4.5692,310.204513452
"InChI=1S/C6H13NO2/c1-7(2)3-6(4-8)5-9/h4,6,9H,3,5H2,1-2H3",JPQYQUVGQYFDJL-UHFFFAOYSA-N,C(C(C=O)CN(C)C)O,,,C6H13NO2,131.094628656,-0.5564000000000003,0,0,0,BTM00048,BTM00048,N-Dealkylation of mixed tertiary amine,BTMR1145,"CYP1A2
CYP2A6
CYP2B6
CYP2C8
CYP2C9
CYP2C19
CYP2D6
CYP3A4",HUMAN,BTM00009,C(C(CN1C2=CC=CC=C2CCC3=CC=CC=C31)CN(C)C)O,"InChI=1S/C20H26N2O/c1-21(2)13-16(15-23)14-22-19-9-5-3-7-17(19)11-12-18-8-4-6-10-20(18)22/h3-10,16,23H,11-15H2,1-2H3",CKCNZSUXHSEJJH-UHFFFAOYSA-N,3.842500000000001,310.20451345199996
"InChI=1S/C14H13N/c1-3-7-13-11(5-1)9-10-12-6-2-4-8-14(12)15-13/h1-8,15H,9-10H2",ZSMRRZONCYIFNB-UHFFFAOYSA-N,N1C2=CC=CC=C2CCC3=CC=CC=C31,,,C14H13N,195.104799416,3.9808999999999997,0,0,0,BTM00003,BTM00003,N-Dealkylation of mixed tertiary amine,BTMR1145,"CYP1A2
CYP2A6
CYP2B6
CYP2C8
CYP2C9
CYP2C19
CYP2D6
CYP3A4",HUMAN,BTM00009,C(C(CN1C2=CC=CC=C2CCC3=CC=CC=C31)CN(C)C)O,"InChI=1S/C20H26N2O/c1-21(2)13-16(15-23)14-22-19-9-5-3-7-17(19)11-12-18-8-4-6-10-20(18)22/h3-10,16,23H,11-15H2,1-2H3",CKCNZSUXHSEJJH-UHFFFAOYSA-N,3.842500000000001,310.20451345199996
"InChI=1S/C20H26N2O2/c1-21(2)12-15(14-23)13-22-19-6-4-3-5-16(19)7-8-17-9-10-18(24)11-20(17)22/h3-6,9-11,15,23-24H,7-8,12-14H2,1-2H3",XWWOWKJBYPFKQG-UHFFFAOYSA-N,C(C(CN1C2=CC(=CC=C2CCC3=CC=CC=C31)O)CN(C)C)O,,,C20H26N2O2,326.199428072,3.5751,0,0,0,BTM00065,BTM00065,Aromatic hydroxylation of fused benzene ring,BTMR1030,"CYP1A2
CYP2A6
CYP2B6
CYP2C8
CYP2C9
CYP2C19
CYP2D6
CYP2E1
CYP3A4",HUMAN,BTM00009,C(C(CN1C2=CC=CC=C2CCC3=CC=CC=C31)CN(C)C)O,"InChI=1S/C20H26N2O/c1-21(2)13-16(15-23)14-22-19-9-5-3-7-17(19)11-12-18-8-4-6-10-20(18)22/h3-10,16,23H,11-15H2,1-2H3",CKCNZSUXHSEJJH-UHFFFAOYSA-N,3.842500000000001,310.20451345199996
"InChI=1S/C20H26N2O2/c1-21(2)12-15(14-23)13-22-19-6-4-3-5-16(19)7-8-17-11-18(24)9-10-20(17)22/h3-6,9-11,15,23-24H,7-8,12-14H2,1-2H3",ZBXVXUKJMQLGPR-UHFFFAOYSA-N,C(C(CN1C2=CC=C(C=C2CCC3=CC=CC=C31)O)CN(C)C)O,,,C20H26N2O2,326.199428072,3.5751,0,0,0,BTM00078,BTM00078,Aromatic hydroxylation of fused benzene ring,BTMR1030,"CYP1A2
CYP2A6
CYP2B6
CYP2C8
CYP2C9
CYP2C19
CYP2D6
CYP2E1
CYP3A4",HUMAN,BTM00009,C(C(CN1C2=CC=CC=C2CCC3=CC=CC=C31)CN(C)C)O,"InChI=1S/C20H26N2O/c1-21(2)13-16(15-23)14-22-19-9-5-3-7-17(19)11-12-18-8-4-6-10-20(18)22/h3-10,16,23H,11-15H2,1-2H3",CKCNZSUXHSEJJH-UHFFFAOYSA-N,3.842500000000001,310.20451345199996
"InChI=1S/C20H26N2O2/c1-22(2,24)14-16(15-23)13-21-19-9-5-3-7-17(19)11-12-18-8-4-6-10-20(18)21/h3-10,16,23H,11-15H2,1-2H3",DMQNCKFPIKLBOQ-UHFFFAOYSA-N,C(C(CN1C2=CC=CC=C2CCC3=CC=CC=C31)C[N+](C)(C)[O-])O,,,C20H26N2O2,326.199428072,3.437400000000001,0,0,0,BTM00087,BTM00087,N-Oxidation of aliphatic tertiary amine,BTMR1100,"CYP1A2
CYP2D6
CYP3A4",HUMAN,BTM00009,C(C(CN1C2=CC=CC=C2CCC3=CC=CC=C31)CN(C)C)O,"InChI=1S/C20H26N2O/c1-21(2)13-16(15-23)14-22-19-9-5-3-7-17(19)11-12-18-8-4-6-10-20(18)22/h3-10,16,23H,11-15H2,1-2H3",CKCNZSUXHSEJJH-UHFFFAOYSA-N,3.842500000000001,310.20451345199996
"InChI=1S/C20H26N2O2/c1-21(2)12-15(14-23)13-22-18-8-4-3-6-16(18)10-11-17-7-5-9-19(24)20(17)22/h3-9,15,23-24H,10-14H2,1-2H3",CRSSDEMSYQVUME-UHFFFAOYSA-N,C(C(CN1C2=CC=CC=C2CCC3=CC=CC(=C31)O)CN(C)C)O,,,C20H26N2O2,326.199428072,3.5751,0,0,0,BTM00094,BTM00094,Aromatic hydroxylation of fused benzene ring,BTMR1031,"CYP1A2
CYP2B6
CYP2C8
CYP2C9
CYP2C19
CYP2D6
CYP3A4",HUMAN,BTM00009,C(C(CN1C2=CC=CC=C2CCC3=CC=CC=C31)CN(C)C)O,"InChI=1S/C20H26N2O/c1-21(2)13-16(15-23)14-22-19-9-5-3-7-17(19)11-12-18-8-4-6-10-20(18)22/h3-10,16,23H,11-15H2,1-2H3",CKCNZSUXHSEJJH-UHFFFAOYSA-N,3.842500000000001,310.20451345199996
"InChI=1S/C20H26N2O2/c1-21(2)12-15(14-23)13-22-18-7-4-3-6-16(18)10-11-17-19(22)8-5-9-20(17)24/h3-9,15,23-24H,10-14H2,1-2H3",MGJGPSVWVZEPGR-UHFFFAOYSA-N,C(C(CN1C2=CC=CC=C2CCC3=C(C=CC=C31)O)CN(C)C)O,,,C20H26N2O2,326.199428072,3.5751,0,0,0,BTM00102,BTM00102,Aromatic hydroxylation of fused benzene ring,BTMR1032,"CYP1A2
CYP2B6
CYP2C8
CYP2C9
CYP2C19
CYP2D6
CYP3A4",HUMAN,BTM00009,C(C(CN1C2=CC=CC=C2CCC3=CC=CC=C31)CN(C)C)O,"InChI=1S/C20H26N2O/c1-21(2)13-16(15-23)14-22-19-9-5-3-7-17(19)11-12-18-8-4-6-10-20(18)22/h3-10,16,23H,11-15H2,1-2H3",CKCNZSUXHSEJJH-UHFFFAOYSA-N,3.842500000000001,310.20451345199996
"InChI=1S/C20H24N2O/c1-21(2)13-16(15-23)14-22-19-9-5-3-7-17(19)11-12-18-8-4-6-10-20(18)22/h3-10,15-16H,11-14H2,1-2H3",KFWNKJLMAFVXMG-UHFFFAOYSA-N,C(C(CN1C2=CC=CC=C2CCC3=CC=CC=C31)CN(C)C)=O,,,C20H24N2O,308.18886338799996,3.9884000000000013,0,0,0,BTM00109,BTM00109,Oxidation of primary alcohol to aldehyde,BTMR0105,"CYP1A2
CYP2E1
CYP3A4",HUMAN,BTM00009,C(C(CN1C2=CC=CC=C2CCC3=CC=CC=C31)CN(C)C)O,"InChI=1S/C20H26N2O/c1-21(2)13-16(15-23)14-22-19-9-5-3-7-17(19)11-12-18-8-4-6-10-20(18)22/h3-10,16,23H,11-15H2,1-2H3",CKCNZSUXHSEJJH-UHFFFAOYSA-N,3.842500000000001,310.20451345199996
"InChI=1S/C18H19NO2/c20-12-14(13-21)11-19-17-7-3-1-5-15(17)9-10-16-6-2-4-8-18(16)19/h1-8,12,14,21H,9-11,13H2",ARWAOHMNESKVBR-UHFFFAOYSA-N,C(C(CN1C2=CC=CC=C2CCC3=CC=CC=C31)C=O)O,,,C18H19NO2,281.141578848,3.310300000000001,0,0,0,BTM00110,BTM00110,N-Dealkylation of acyclic tertiary amine,BTMR1142,"CYP1A2
CYP2A6
CYP2B6
CYP2C8
CYP2C9
CYP2C19
CYP2D6
CYP2E1
CYP3A4",HUMAN,BTM00009,C(C(CN1C2=CC=CC=C2CCC3=CC=CC=C31)CN(C)C)O,"InChI=1S/C20H26N2O/c1-21(2)13-16(15-23)14-22-19-9-5-3-7-17(19)11-12-18-8-4-6-10-20(18)22/h3-10,16,23H,11-15H2,1-2H3",CKCNZSUXHSEJJH-UHFFFAOYSA-N,3.842500000000001,310.20451345199996
"InChI=1S/C2H7N/c1-3-2/h3H,1-2H3",ROSDSFDQCJNGOL-UHFFFAOYSA-N,N(C)C,,,C2H7N,45.057849224,-0.21580000000000035,0,0,0,BTM00012,BTM00012,N-Dealkylation of acyclic tertiary amine,BTMR1142,"CYP1A2
CYP2A6
CYP2B6
CYP2C8
CYP2C9
CYP2C19
CYP2D6
CYP2E1
CYP3A4",HUMAN,BTM00009,C(C(CN1C2=CC=CC=C2CCC3=CC=CC=C31)CN(C)C)O,"InChI=1S/C20H26N2O/c1-21(2)13-16(15-23)14-22-19-9-5-3-7-17(19)11-12-18-8-4-6-10-20(18)22/h3-10,16,23H,11-15H2,1-2H3",CKCNZSUXHSEJJH-UHFFFAOYSA-N,3.842500000000001,310.20451345199996
"InChI=1S/C19H24N2O/c1-20-12-15(14-22)13-21-18-8-4-2-6-16(18)10-11-17-7-3-5-9-19(17)21/h2-9,15,20,22H,10-14H2,1H3",AHXGBJITVBEIOA-UHFFFAOYSA-N,C(C(CN1C2=CC=CC=C2CCC3=CC=CC=C31)CNC)O,,,C19H24N2O,296.18886338799996,3.3066000000000026,0,0,0,BTM00111,BTM00111,N-Dealkylation of acyclic tertiary amine,BTMR1142,"CYP1A2
CYP2A6
CYP2B6
CYP2C8
CYP2C9
CYP2C19
CYP2D6
CYP2E1
CYP3A4",HUMAN,BTM00009,C(C(CN1C2=CC=CC=C2CCC3=CC=CC=C31)CN(C)C)O,"InChI=1S/C20H26N2O/c1-21(2)13-16(15-23)14-22-19-9-5-3-7-17(19)11-12-18-8-4-6-10-20(18)22/h3-10,16,23H,11-15H2,1-2H3",CKCNZSUXHSEJJH-UHFFFAOYSA-N,3.842500000000001,310.20451345199996
"InChI=1S/C20H26N2O2/c1-21(2)13-20(24,15-23)14-22-18-9-5-3-7-16(18)11-12-17-8-4-6-10-19(17)22/h3-10,23-24H,11-15H2,1-2H3",WNUHHZLELQRLMF-UHFFFAOYSA-N,C(C(CN1C2=CC=CC=C2CCC3=CC=CC=C31)(CN(C)C)O)O,,,C20H26N2O2,326.199428072,3.1316,0,0,0,BTM00112,BTM00112,Hydroxylation of alkyl methine,BTMR0053,"CYP2A6
CYP2B6
CYP2C8
CYP2C9
CYP2D6
CYP3A4",HUMAN,BTM00009,C(C(CN1C2=CC=CC=C2CCC3=CC=CC=C31)CN(C)C)O,"InChI=1S/C20H26N2O/c1-21(2)13-16(15-23)14-22-19-9-5-3-7-17(19)11-12-18-8-4-6-10-20(18)22/h3-10,16,23H,11-15H2,1-2H3",CKCNZSUXHSEJJH-UHFFFAOYSA-N,3.842500000000001,310.20451345199996
"InChI=1S/C20H26N2O2/c1-21(2)20(24)17(14-23)13-22-18-9-5-3-7-15(18)11-12-16-8-4-6-10-19(16)22/h3-10,17,20,23-24H,11-14H2,1-2H3",PDQABIDNQPFYEX-UHFFFAOYSA-N,C(C(CN1C2=CC=CC=C2CCC3=CC=CC=C31)C(N(C)C)O)O,,,C20H26N2O2,326.199428072,3.2310000000000003,0,0,0,BTM00113,BTM00113,Aliphatic hydroxylation of carbon alpha to secondary or tertiary alkyl-N,BTMR1081,"CYP2B6
CYP2C19
CYP2D6",HUMAN,BTM00009,C(C(CN1C2=CC=CC=C2CCC3=CC=CC=C31)CN(C)C)O,"InChI=1S/C20H26N2O/c1-21(2)13-16(15-23)14-22-19-9-5-3-7-17(19)11-12-18-8-4-6-10-20(18)22/h3-10,16,23H,11-15H2,1-2H3",CKCNZSUXHSEJJH-UHFFFAOYSA-N,3.842500000000001,310.20451345199996
"InChI=1S/C20H26N2O2/c1-21(2)13-17(14-23)20(24)22-18-9-5-3-7-15(18)11-12-16-8-4-6-10-19(16)22/h3-10,17,20,23-24H,11-14H2,1-2H3",CGIDTYIDZHGCAU-UHFFFAOYSA-N,C(C(C(N1C2=CC=CC=C2CCC3=CC=CC=C31)O)CN(C)C)O,,,C20H26N2O2,326.199428072,3.2310000000000003,0,0,0,BTM00114,BTM00114,Aliphatic hydroxylation of carbon alpha to secondary or tertiary alkyl-N,BTMR1081,"CYP2B6
CYP2C19
CYP2D6",HUMAN,BTM00009,C(C(CN1C2=CC=CC=C2CCC3=CC=CC=C31)CN(C)C)O,"InChI=1S/C20H26N2O/c1-21(2)13-16(15-23)14-22-19-9-5-3-7-17(19)11-12-18-8-4-6-10-20(18)22/h3-10,16,23H,11-15H2,1-2H3",CKCNZSUXHSEJJH-UHFFFAOYSA-N,3.842500000000001,310.20451345199996
"InChI=1S/C6H11NO/c1-6(5-8)4-7(2)3/h5H,1,4H2,2-3H3",NYZPAYQKQUKZTB-UHFFFAOYSA-N,C=C(C=O)CN(C)C,,,C6H11NO,113.084063972,0.5488999999999998,0,0,0,BTM00049,BTM00049,N-Dealkylation of mixed tertiary amine,BTMR1145,"CYP1A2
CYP2A6
CYP2B6
CYP2C8
CYP2C9
CYP2C19
CYP2D6
CYP3A4",HUMAN,BTM00010,C=C(CN1C2=CC=CC=C2CCC3=CC=CC=C31)CN(C)C,"InChI=1S/C20H24N2/c1-16(14-21(2)3)15-22-19-10-6-4-8-17(19)12-13-18-9-5-7-11-20(18)22/h4-11H,1,12-15H2,2-3H3",MIDFTARQPSTMSS-UHFFFAOYSA-N,4.837400000000001,292.193948768
"InChI=1S/C14H13N/c1-3-7-13-11(5-1)9-10-12-6-2-4-8-14(12)15-13/h1-8,15H,9-10H2",ZSMRRZONCYIFNB-UHFFFAOYSA-N,N1C2=CC=CC=C2CCC3=CC=CC=C31,,,C14H13N,195.104799416,3.9808999999999997,0,0,0,BTM00003,BTM00003,N-Dealkylation of mixed tertiary amine,BTMR1145,"CYP1A2
CYP2A6
CYP2B6
CYP2C8
CYP2C9
CYP2C19
CYP2D6
CYP3A4",HUMAN,BTM00010,C=C(CN1C2=CC=CC=C2CCC3=CC=CC=C31)CN(C)C,"InChI=1S/C20H24N2/c1-16(14-21(2)3)15-22-19-10-6-4-8-17(19)12-13-18-9-5-7-11-20(18)22/h4-11H,1,12-15H2,2-3H3",MIDFTARQPSTMSS-UHFFFAOYSA-N,4.837400000000001,292.193948768
"InChI=1S/C20H24N2O/c1-15(13-21(2)3)14-22-19-7-5-4-6-16(19)8-9-17-10-11-18(23)12-20(17)22/h4-7,10-12,23H,1,8-9,13-14H2,2-3H3",WSRGZDUSERFOEL-UHFFFAOYSA-N,C=C(CN1C2=CC(=CC=C2CCC3=CC=CC=C31)O)CN(C)C,,,C20H24N2O,308.18886338799996,4.569999999999999,0,0,0,BTM00066,BTM00066,Aromatic hydroxylation of fused benzene ring,BTMR1030,"CYP1A2
CYP2A6
CYP2B6
CYP2C8
CYP2C9
CYP2C19
CYP2D6
CYP2E1
CYP3A4",HUMAN,BTM00010,C=C(CN1C2=CC=CC=C2CCC3=CC=CC=C31)CN(C)C,"InChI=1S/C20H24N2/c1-16(14-21(2)3)15-22-19-10-6-4-8-17(19)12-13-18-9-5-7-11-20(18)22/h4-11H,1,12-15H2,2-3H3",MIDFTARQPSTMSS-UHFFFAOYSA-N,4.837400000000001,292.193948768
"InChI=1S/C20H24N2O/c1-15(13-21(2)3)14-22-19-7-5-4-6-16(19)8-9-17-12-18(23)10-11-20(17)22/h4-7,10-12,23H,1,8-9,13-14H2,2-3H3",VTTIXEVOSGRDSY-UHFFFAOYSA-N,C=C(CN1C2=CC=C(C=C2CCC3=CC=CC=C31)O)CN(C)C,,,C20H24N2O,308.18886338799996,4.569999999999999,0,0,0,BTM00079,BTM00079,Aromatic hydroxylation of fused benzene ring,BTMR1030,"CYP1A2
CYP2A6
CYP2B6
CYP2C8
CYP2C9
CYP2C19
CYP2D6
CYP2E1
CYP3A4",HUMAN,BTM00010,C=C(CN1C2=CC=CC=C2CCC3=CC=CC=C31)CN(C)C,"InChI=1S/C20H24N2/c1-16(14-21(2)3)15-22-19-10-6-4-8-17(19)12-13-18-9-5-7-11-20(18)22/h4-11H,1,12-15H2,2-3H3",MIDFTARQPSTMSS-UHFFFAOYSA-N,4.837400000000001,292.193948768
"InChI=1S/C20H24N2O/c1-16(15-22(2,3)23)14-21-19-10-6-4-8-17(19)12-13-18-9-5-7-11-20(18)21/h4-11H,1,12-15H2,2-3H3",UURYRYIGMHKXJD-UHFFFAOYSA-N,C=C(CN1C2=CC=CC=C2CCC3=CC=CC=C31)C[N+](C)(C)[O-],,,C20H24N2O,308.18886338799996,4.432300000000001,0,0,0,BTM00088,BTM00088,N-Oxidation of aliphatic tertiary amine,BTMR1100,"CYP1A2
CYP2D6
CYP3A4",HUMAN,BTM00010,C=C(CN1C2=CC=CC=C2CCC3=CC=CC=C31)CN(C)C,"InChI=1S/C20H24N2/c1-16(14-21(2)3)15-22-19-10-6-4-8-17(19)12-13-18-9-5-7-11-20(18)22/h4-11H,1,12-15H2,2-3H3",MIDFTARQPSTMSS-UHFFFAOYSA-N,4.837400000000001,292.193948768
"InChI=1S/C20H24N2O/c1-21(2)13-20(15-23-20)14-22-18-9-5-3-7-16(18)11-12-17-8-4-6-10-19(17)22/h3-10H,11-15H2,1-2H3",DBWJKNOWTXZSQM-UHFFFAOYSA-N,C1C(CN2C3=CC=CC=C3CCC4=CC=CC=C42)(CN(C)C)O1,,,C20H24N2O,308.188863388,3.8981,0,0,0,BTM00115,BTM00115,Epoxidation of alkene,BTMR0109,"CYP1A2
CYP2B6
CYP2B6
CYP2C8
CYP2C9
CYP2C19
CYP2D6
CYP2E1
CYP3A4",HUMAN,BTM00010,C=C(CN1C2=CC=CC=C2CCC3=CC=CC=C31)CN(C)C,"InChI=1S/C20H24N2/c1-16(14-21(2)3)15-22-19-10-6-4-8-17(19)12-13-18-9-5-7-11-20(18)22/h4-11H,1,12-15H2,2-3H3",MIDFTARQPSTMSS-UHFFFAOYSA-N,4.837400000000001,292.193948768
"InChI=1S/C20H24N2O/c1-15(13-21(2)3)14-22-18-9-5-4-7-16(18)11-12-17-8-6-10-19(23)20(17)22/h4-10,23H,1,11-14H2,2-3H3",PMBHWHBNRBIOCH-UHFFFAOYSA-N,C=C(CN1C2=CC=CC=C2CCC3=CC=CC(=C31)O)CN(C)C,,,C20H24N2O,308.188863388,4.569999999999999,0,0,0,BTM00095,BTM00095,Aromatic hydroxylation of fused benzene ring,BTMR1031,"CYP1A2
CYP2B6
CYP2C8
CYP2C9
CYP2C19
CYP2D6
CYP3A4",HUMAN,BTM00010,C=C(CN1C2=CC=CC=C2CCC3=CC=CC=C31)CN(C)C,"InChI=1S/C20H24N2/c1-16(14-21(2)3)15-22-19-10-6-4-8-17(19)12-13-18-9-5-7-11-20(18)22/h4-11H,1,12-15H2,2-3H3",MIDFTARQPSTMSS-UHFFFAOYSA-N,4.837400000000001,292.193948768
"InChI=1S/C20H24N2O/c1-15(13-21(2)3)14-22-18-8-5-4-7-16(18)11-12-17-19(22)9-6-10-20(17)23/h4-10,23H,1,11-14H2,2-3H3",HCKCXYGVAYNMES-UHFFFAOYSA-N,C=C(CN1C2=CC=CC=C2CCC3=C(C=CC=C31)O)CN(C)C,,,C20H24N2O,308.188863388,4.569999999999999,0,0,0,BTM00103,BTM00103,Aromatic hydroxylation of fused benzene ring,BTMR1032,"CYP1A2
CYP2B6
CYP2C8
CYP2C9
CYP2C19
CYP2D6
CYP3A4",HUMAN,BTM00010,C=C(CN1C2=CC=CC=C2CCC3=CC=CC=C31)CN(C)C,"InChI=1S/C20H24N2/c1-16(14-21(2)3)15-22-19-10-6-4-8-17(19)12-13-18-9-5-7-11-20(18)22/h4-11H,1,12-15H2,2-3H3",MIDFTARQPSTMSS-UHFFFAOYSA-N,4.837400000000001,292.193948768
"InChI=1S/C18H17NO/c1-14(13-20)12-19-17-8-4-2-6-15(17)10-11-16-7-3-5-9-18(16)19/h2-9,13H,1,10-12H2",LIHRVHQDWMUABL-UHFFFAOYSA-N,C=C(CN1C2=CC=CC=C2CCC3=CC=CC=C31)C=O,,,C18H17NO,263.131014164,4.415600000000001,0,0,0,BTM00116,BTM00116,N-Dealkylation of acyclic tertiary amine,BTMR1142,"CYP1A2
CYP2A6
CYP2B6
CYP2C8
CYP2C9
CYP2C19
CYP2D6
CYP2E1
CYP3A4",HUMAN,BTM00010,C=C(CN1C2=CC=CC=C2CCC3=CC=CC=C31)CN(C)C,"InChI=1S/C20H24N2/c1-16(14-21(2)3)15-22-19-10-6-4-8-17(19)12-13-18-9-5-7-11-20(18)22/h4-11H,1,12-15H2,2-3H3",MIDFTARQPSTMSS-UHFFFAOYSA-N,4.837400000000001,292.193948768
"InChI=1S/C2H7N/c1-3-2/h3H,1-2H3",ROSDSFDQCJNGOL-UHFFFAOYSA-N,N(C)C,,,C2H7N,45.057849224,-0.21580000000000035,0,0,0,BTM00012,BTM00012,N-Dealkylation of acyclic tertiary amine,BTMR1142,"CYP1A2
CYP2A6
CYP2B6
CYP2C8
CYP2C9
CYP2C19
CYP2D6
CYP2E1
CYP3A4",HUMAN,BTM00010,C=C(CN1C2=CC=CC=C2CCC3=CC=CC=C31)CN(C)C,"InChI=1S/C20H24N2/c1-16(14-21(2)3)15-22-19-10-6-4-8-17(19)12-13-18-9-5-7-11-20(18)22/h4-11H,1,12-15H2,2-3H3",MIDFTARQPSTMSS-UHFFFAOYSA-N,4.837400000000001,292.193948768
"InChI=1S/C19H22N2/c1-15(13-20-2)14-21-18-9-5-3-7-16(18)11-12-17-8-4-6-10-19(17)21/h3-10,20H,1,11-14H2,2H3",ZNVAPRZICOFEPC-UHFFFAOYSA-N,C=C(CN1C2=CC=CC=C2CCC3=CC=CC=C31)CNC,,,C19H22N2,278.178298704,4.301500000000001,0,0,0,BTM00117,BTM00117,N-Dealkylation of acyclic tertiary amine,BTMR1142,"CYP1A2
CYP2A6
CYP2B6
CYP2C8
CYP2C9
CYP2C19
CYP2D6
CYP2E1
CYP3A4",HUMAN,BTM00010,C=C(CN1C2=CC=CC=C2CCC3=CC=CC=C31)CN(C)C,"InChI=1S/C20H24N2/c1-16(14-21(2)3)15-22-19-10-6-4-8-17(19)12-13-18-9-5-7-11-20(18)22/h4-11H,1,12-15H2,2-3H3",MIDFTARQPSTMSS-UHFFFAOYSA-N,4.837400000000001,292.193948768
"InChI=1S/C20H24N2O/c1-15(20(23)21(2)3)14-22-18-10-6-4-8-16(18)12-13-17-9-5-7-11-19(17)22/h4-11,20,23H,1,12-14H2,2-3H3",XEZYKKWPQWPBHH-UHFFFAOYSA-N,C=C(CN1C2=CC=CC=C2CCC3=CC=CC=C31)C(N(C)C)O,,,C20H24N2O,308.18886338799996,4.497699999999999,0,0,0,BTM00118,BTM00118,Aliphatic hydroxylation of carbon alpha to secondary or tertiary alkyl-N,BTMR1081,"CYP2B6
CYP2C19
CYP2D6",HUMAN,BTM00010,C=C(CN1C2=CC=CC=C2CCC3=CC=CC=C31)CN(C)C,"InChI=1S/C20H24N2/c1-16(14-21(2)3)15-22-19-10-6-4-8-17(19)12-13-18-9-5-7-11-20(18)22/h4-11H,1,12-15H2,2-3H3",MIDFTARQPSTMSS-UHFFFAOYSA-N,4.837400000000001,292.193948768
"InChI=1S/C20H24N2O/c1-15(14-21(2)3)20(23)22-18-10-6-4-8-16(18)12-13-17-9-5-7-11-19(17)22/h4-11,20,23H,1,12-14H2,2-3H3",FZAURDWVUWJHAE-UHFFFAOYSA-N,C=C(C(N1C2=CC=CC=C2CCC3=CC=CC=C31)O)CN(C)C,,,C20H24N2O,308.188863388,4.497699999999999,0,0,0,BTM00119,BTM00119,Aliphatic hydroxylation of carbon alpha to secondary or tertiary alkyl-N,BTMR1081,"CYP2B6
CYP2C19
CYP2D6",HUMAN,BTM00010,C=C(CN1C2=CC=CC=C2CCC3=CC=CC=C31)CN(C)C,"InChI=1S/C20H24N2/c1-16(14-21(2)3)15-22-19-10-6-4-8-17(19)12-13-18-9-5-7-11-20(18)22/h4-11H,1,12-15H2,2-3H3",MIDFTARQPSTMSS-UHFFFAOYSA-N,4.837400000000001,292.193948768
"InChI=1S/C4H6O2/c1-4(2-5)3-6/h2-4H,1H3",VXYSFSCCSQAYJV-UHFFFAOYSA-N,CC(C=O)C=O,,,C4H6O2,86.036779432,0.11250000000000018,0,0,0,BTM00051,BTM00051,N-Dealkylation of mixed tertiary amine,BTMR1145,"CYP1A2
CYP2A6
CYP2B6
CYP2C8
CYP2C9
CYP2C19
CYP2D6
CYP3A4",HUMAN,BTM00011,CC(CN1C2=CC=CC=C2CCC3=CC=CC=C31)C=O,"InChI=1S/C18H19NO/c1-14(13-20)12-19-17-8-4-2-6-15(17)10-11-16-7-3-5-9-18(16)19/h2-9,13-14H,10-12H2,1H3",QHWISLHPPUHJRL-UHFFFAOYSA-N,4.401000000000002,265.14666422799996
"InChI=1S/C14H13N/c1-3-7-13-11(5-1)9-10-12-6-2-4-8-14(12)15-13/h1-8,15H,9-10H2",ZSMRRZONCYIFNB-UHFFFAOYSA-N,N1C2=CC=CC=C2CCC3=CC=CC=C31,,,C14H13N,195.104799416,3.9808999999999997,0,0,0,BTM00003,BTM00003,N-Dealkylation of mixed tertiary amine,BTMR1145,"CYP1A2
CYP2A6
CYP2B6
CYP2C8
CYP2C9
CYP2C19
CYP2D6
CYP3A4",HUMAN,BTM00011,CC(CN1C2=CC=CC=C2CCC3=CC=CC=C31)C=O,"InChI=1S/C18H19NO/c1-14(13-20)12-19-17-8-4-2-6-15(17)10-11-16-7-3-5-9-18(16)19/h2-9,13-14H,10-12H2,1H3",QHWISLHPPUHJRL-UHFFFAOYSA-N,4.401000000000002,265.14666422799996
"InChI=1S/C18H19NO2/c1-13(12-20)11-19-17-5-3-2-4-14(17)6-7-15-8-9-16(21)10-18(15)19/h2-5,8-10,12-13,21H,6-7,11H2,1H3",CNJABSXHOZYYRR-UHFFFAOYSA-N,CC(CN1C2=CC(=CC=C2CCC3=CC=CC=C31)O)C=O,,,C18H19NO2,281.141578848,4.1335999999999995,0,0,0,BTM00067,BTM00067,Aromatic hydroxylation of fused benzene ring,BTMR1030,"CYP1A2
CYP2A6
CYP2B6
CYP2C8
CYP2C9
CYP2C19
CYP2D6
CYP2E1
CYP3A4",HUMAN,BTM00011,CC(CN1C2=CC=CC=C2CCC3=CC=CC=C31)C=O,"InChI=1S/C18H19NO/c1-14(13-20)12-19-17-8-4-2-6-15(17)10-11-16-7-3-5-9-18(16)19/h2-9,13-14H,10-12H2,1H3",QHWISLHPPUHJRL-UHFFFAOYSA-N,4.401000000000002,265.14666422799996
"InChI=1S/C18H19NO2/c1-13(12-20)11-19-17-5-3-2-4-14(17)6-7-15-10-16(21)8-9-18(15)19/h2-5,8-10,12-13,21H,6-7,11H2,1H3",CJCXJHOVFCLBGU-UHFFFAOYSA-N,CC(CN1C2=CC=C(C=C2CCC3=CC=CC=C31)O)C=O,,,C18H19NO2,281.14157884800005,4.1335999999999995,0,0,0,BTM00080,BTM00080,Aromatic hydroxylation of fused benzene ring,BTMR1030,"CYP1A2
CYP2A6
CYP2B6
CYP2C8
CYP2C9
CYP2C19
CYP2D6
CYP2E1
CYP3A4",HUMAN,BTM00011,CC(CN1C2=CC=CC=C2CCC3=CC=CC=C31)C=O,"InChI=1S/C18H19NO/c1-14(13-20)12-19-17-8-4-2-6-15(17)10-11-16-7-3-5-9-18(16)19/h2-9,13-14H,10-12H2,1H3",QHWISLHPPUHJRL-UHFFFAOYSA-N,4.401000000000002,265.14666422799996
"InChI=1S/C18H19NO2/c1-13(12-20)11-19-16-7-3-2-5-14(16)9-10-15-6-4-8-17(21)18(15)19/h2-8,12-13,21H,9-11H2,1H3",YSFKXUMYLJTNDY-UHFFFAOYSA-N,CC(CN1C2=CC=CC=C2CCC3=CC=CC(=C31)O)C=O,,,C18H19NO2,281.14157884800005,4.1335999999999995,0,0,0,BTM00096,BTM00096,Aromatic hydroxylation of fused benzene ring,BTMR1031,"CYP1A2
CYP2B6
CYP2C8
CYP2C9
CYP2C19
CYP2D6
CYP3A4",HUMAN,BTM00011,CC(CN1C2=CC=CC=C2CCC3=CC=CC=C31)C=O,"InChI=1S/C18H19NO/c1-14(13-20)12-19-17-8-4-2-6-15(17)10-11-16-7-3-5-9-18(16)19/h2-9,13-14H,10-12H2,1H3",QHWISLHPPUHJRL-UHFFFAOYSA-N,4.401000000000002,265.14666422799996
"InChI=1S/C18H19NO2/c1-13(12-20)11-19-16-6-3-2-5-14(16)9-10-15-17(19)7-4-8-18(15)21/h2-8,12-13,21H,9-11H2,1H3",AOZLWFBNKWZBRB-UHFFFAOYSA-N,CC(CN1C2=CC=CC=C2CCC3=C(C=CC=C31)O)C=O,,,C18H19NO2,281.141578848,4.1335999999999995,0,0,0,BTM00104,BTM00104,Aromatic hydroxylation of fused benzene ring,BTMR1032,"CYP1A2
CYP2B6
CYP2C8
CYP2C9
CYP2C19
CYP2D6
CYP3A4",HUMAN,BTM00011,CC(CN1C2=CC=CC=C2CCC3=CC=CC=C31)C=O,"InChI=1S/C18H19NO/c1-14(13-20)12-19-17-8-4-2-6-15(17)10-11-16-7-3-5-9-18(16)19/h2-9,13-14H,10-12H2,1H3",QHWISLHPPUHJRL-UHFFFAOYSA-N,4.401000000000002,265.14666422799996
"InChI=1S/C18H19NO2/c20-12-14(13-21)11-19-17-7-3-1-5-15(17)9-10-16-6-2-4-8-18(16)19/h1-8,12,14,21H,9-11,13H2",ARWAOHMNESKVBR-UHFFFAOYSA-N,C(C(CN1C2=CC=CC=C2CCC3=CC=CC=C31)C=O)O,,,C18H19NO2,281.141578848,3.310300000000001,0,0,0,BTM00110,BTM00110,Hydroxylation of terminal methyl,BTMR1061,"CYP1A2
CYP2A6
CYP2B6
CYP2C8
CYP2C9
CYP2C19
CYP2D6
CYP2E1
CYP3A4",HUMAN,BTM00011,CC(CN1C2=CC=CC=C2CCC3=CC=CC=C31)C=O,"InChI=1S/C18H19NO/c1-14(13-20)12-19-17-8-4-2-6-15(17)10-11-16-7-3-5-9-18(16)19/h2-9,13-14H,10-12H2,1H3",QHWISLHPPUHJRL-UHFFFAOYSA-N,4.401000000000002,265.14666422799996
"InChI=1S/C18H17NO/c1-14(13-20)12-19-17-8-4-2-6-15(17)10-11-16-7-3-5-9-18(16)19/h2-9,13H,1,10-12H2",LIHRVHQDWMUABL-UHFFFAOYSA-N,C=C(CN1C2=CC=CC=C2CCC3=CC=CC=C31)C=O,,,C18H17NO,263.131014164,4.415600000000001,0,0,0,BTM00116,BTM00116,Terminal desaturation,BTMR1190,"CYP1A2
CYP2A6
CYP2C9
CYP2D6
CYP3A4",HUMAN,BTM00011,CC(CN1C2=CC=CC=C2CCC3=CC=CC=C31)C=O,"InChI=1S/C18H19NO/c1-14(13-20)12-19-17-8-4-2-6-15(17)10-11-16-7-3-5-9-18(16)19/h2-9,13-14H,10-12H2,1H3",QHWISLHPPUHJRL-UHFFFAOYSA-N,4.401000000000002,265.14666422799996
"InChI=1S/C18H19NO2/c1-18(21,13-20)12-19-16-8-4-2-6-14(16)10-11-15-7-3-5-9-17(15)19/h2-9,13,21H,10-12H2,1H3",MAHWEKFERVXVOE-UHFFFAOYSA-N,CC(CN1C2=CC=CC=C2CCC3=CC=CC=C31)(C=O)O,,,C18H19NO2,281.141578848,3.5980000000000008,0,0,0,BTM00120,BTM00120,alpha-Hydroxylation of carbonyl group,BTMR1054,"CYP1A2
CYP2A6
CYP2B6
CYP2C8
CYP2C9
CYP2C19
CYP2D6
CYP3A4",HUMAN,BTM00011,CC(CN1C2=CC=CC=C2CCC3=CC=CC=C31)C=O,"InChI=1S/C18H19NO/c1-14(13-20)12-19-17-8-4-2-6-15(17)10-11-16-7-3-5-9-18(16)19/h2-9,13-14H,10-12H2,1H3",QHWISLHPPUHJRL-UHFFFAOYSA-N,4.401000000000002,265.14666422799996
"InChI=1S/C18H19NO2/c1-13(12-20)18(21)19-16-8-4-2-6-14(16)10-11-15-7-3-5-9-17(15)19/h2-9,12-13,18,21H,10-11H2,1H3",VVKPDQRQBINDDN-UHFFFAOYSA-N,CC(C(N1C2=CC=CC=C2CCC3=CC=CC=C31)O)C=O,,,C18H19NO2,281.14157884800005,4.061300000000001,0,0,0,BTM00121,BTM00121,Aliphatic hydroxylation of carbon alpha to secondary or tertiary alkyl-N,BTMR1081,"CYP2B6
CYP2C19
CYP2D6",HUMAN,BTM00011,CC(CN1C2=CC=CC=C2CCC3=CC=CC=C31)C=O,"InChI=1S/C18H19NO/c1-14(13-20)12-19-17-8-4-2-6-15(17)10-11-16-7-3-5-9-18(16)19/h2-9,13-14H,10-12H2,1H3",QHWISLHPPUHJRL-UHFFFAOYSA-N,4.401000000000002,265.14666422799996
"InChI=1S/C5H11NO/c1-5(4-7)3-6-2/h4-6H,3H2,1-2H3",QAAICYDCLDIDEZ-UHFFFAOYSA-N,CC(C=O)CNC,,,C5H11NO,101.084063972,-0.0015999999999991577,0,0,0,BTM00052,BTM00052,N-Dealkylation of mixed tertiary amine,BTMR1145,"CYP1A2
CYP2A6
CYP2B6
CYP2C8
CYP2C9
CYP2C19
CYP2D6
CYP3A4",HUMAN,BTM00013,CC(CN1C2=CC=CC=C2CCC3=CC=CC=C31)CNC,"InChI=1S/C19H24N2/c1-15(13-20-2)14-21-18-9-5-3-7-16(18)11-12-17-8-4-6-10-19(17)21/h3-10,15,20H,11-14H2,1-2H3",FUEUKSCRQNPXKS-UHFFFAOYSA-N,4.3007,280.193948768
"InChI=1S/C14H13N/c1-3-7-13-11(5-1)9-10-12-6-2-4-8-14(12)15-13/h1-8,15H,9-10H2",ZSMRRZONCYIFNB-UHFFFAOYSA-N,N1C2=CC=CC=C2CCC3=CC=CC=C31,,,C14H13N,195.104799416,3.9808999999999997,0,0,0,BTM00003,BTM00003,N-Dealkylation of mixed tertiary amine,BTMR1145,"CYP1A2
CYP2A6
CYP2B6
CYP2C8
CYP2C9
CYP2C19
CYP2D6
CYP3A4",HUMAN,BTM00013,CC(CN1C2=CC=CC=C2CCC3=CC=CC=C31)CNC,"InChI=1S/C19H24N2/c1-15(13-20-2)14-21-18-9-5-3-7-16(18)11-12-17-8-4-6-10-19(17)21/h3-10,15,20H,11-14H2,1-2H3",FUEUKSCRQNPXKS-UHFFFAOYSA-N,4.3007,280.193948768
"InChI=1S/C19H24N2O/c1-14(12-20-2)13-21-18-6-4-3-5-15(18)7-8-16-9-10-17(22)11-19(16)21/h3-6,9-11,14,20,22H,7-8,12-13H2,1-2H3",JHROHYMCPSVWEO-UHFFFAOYSA-N,CC(CN1C2=CC(=CC=C2CCC3=CC=CC=C31)O)CNC,,,C19H24N2O,296.18886338799996,4.0333000000000006,0,0,0,BTM00068,BTM00068,Aromatic hydroxylation of fused benzene ring,BTMR1030,"CYP1A2
CYP2A6
CYP2B6
CYP2C8
CYP2C9
CYP2C19
CYP2D6
CYP2E1
CYP3A4",HUMAN,BTM00013,CC(CN1C2=CC=CC=C2CCC3=CC=CC=C31)CNC,"InChI=1S/C19H24N2/c1-15(13-20-2)14-21-18-9-5-3-7-16(18)11-12-17-8-4-6-10-19(17)21/h3-10,15,20H,11-14H2,1-2H3",FUEUKSCRQNPXKS-UHFFFAOYSA-N,4.3007,280.193948768
"InChI=1S/C19H24N2O/c1-14(12-20-2)13-21-18-6-4-3-5-15(18)7-8-16-11-17(22)9-10-19(16)21/h3-6,9-11,14,20,22H,7-8,12-13H2,1-2H3",LITUUVIRCVGRTI-UHFFFAOYSA-N,CC(CN1C2=CC=C(C=C2CCC3=CC=CC=C31)O)CNC,,,C19H24N2O,296.18886338799996,4.0333000000000006,0,0,0,BTM00081,BTM00081,Aromatic hydroxylation of fused benzene ring,BTMR1030,"CYP1A2
CYP2A6
CYP2B6
CYP2C8
CYP2C9
CYP2C19
CYP2D6
CYP2E1
CYP3A4",HUMAN,BTM00013,CC(CN1C2=CC=CC=C2CCC3=CC=CC=C31)CNC,"InChI=1S/C19H24N2/c1-15(13-20-2)14-21-18-9-5-3-7-16(18)11-12-17-8-4-6-10-19(17)21/h3-10,15,20H,11-14H2,1-2H3",FUEUKSCRQNPXKS-UHFFFAOYSA-N,4.3007,280.193948768
"InChI=1S/C19H24N2O/c1-14(12-20-2)13-21-17-8-4-3-6-15(17)10-11-16-7-5-9-18(22)19(16)21/h3-9,14,20,22H,10-13H2,1-2H3",PMNVYGXFVZZMNP-UHFFFAOYSA-N,CC(CN1C2=CC=CC=C2CCC3=CC=CC(=C31)O)CNC,,,C19H24N2O,296.188863388,4.0333000000000006,0,0,0,BTM00097,BTM00097,Aromatic hydroxylation of fused benzene ring,BTMR1031,"CYP1A2
CYP2B6
CYP2C8
CYP2C9
CYP2C19
CYP2D6
CYP3A4",HUMAN,BTM00013,CC(CN1C2=CC=CC=C2CCC3=CC=CC=C31)CNC,"InChI=1S/C19H24N2/c1-15(13-20-2)14-21-18-9-5-3-7-16(18)11-12-17-8-4-6-10-19(17)21/h3-10,15,20H,11-14H2,1-2H3",FUEUKSCRQNPXKS-UHFFFAOYSA-N,4.3007,280.193948768
"InChI=1S/C19H24N2O/c1-14(12-20-2)13-21-17-7-4-3-6-15(17)10-11-16-18(21)8-5-9-19(16)22/h3-9,14,20,22H,10-13H2,1-2H3",FLWXJNVBBMRBOE-UHFFFAOYSA-N,CC(CN1C2=CC=CC=C2CCC3=C(C=CC=C31)O)CNC,,,C19H24N2O,296.18886338799996,4.0333000000000006,0,0,0,BTM00105,BTM00105,Aromatic hydroxylation of fused benzene ring,BTMR1032,"CYP1A2
CYP2B6
CYP2C8
CYP2C9
CYP2C19
CYP2D6
CYP3A4",HUMAN,BTM00013,CC(CN1C2=CC=CC=C2CCC3=CC=CC=C31)CNC,"InChI=1S/C19H24N2/c1-15(13-20-2)14-21-18-9-5-3-7-16(18)11-12-17-8-4-6-10-19(17)21/h3-10,15,20H,11-14H2,1-2H3",FUEUKSCRQNPXKS-UHFFFAOYSA-N,4.3007,280.193948768
"InChI=1S/C19H24N2O/c1-20-12-15(14-22)13-21-18-8-4-2-6-16(18)10-11-17-7-3-5-9-19(17)21/h2-9,15,20,22H,10-14H2,1H3",AHXGBJITVBEIOA-UHFFFAOYSA-N,C(C(CN1C2=CC=CC=C2CCC3=CC=CC=C31)CNC)O,,,C19H24N2O,296.18886338799996,3.3066000000000026,0,0,0,BTM00111,BTM00111,Hydroxylation of terminal methyl,BTMR1061,"CYP1A2
CYP2A6
CYP2B6
CYP2C8
CYP2C9
CYP2C19
CYP2D6
CYP2E1
CYP3A4",HUMAN,BTM00013,CC(CN1C2=CC=CC=C2CCC3=CC=CC=C31)CNC,"InChI=1S/C19H24N2/c1-15(13-20-2)14-21-18-9-5-3-7-16(18)11-12-17-8-4-6-10-19(17)21/h3-10,15,20H,11-14H2,1-2H3",FUEUKSCRQNPXKS-UHFFFAOYSA-N,4.3007,280.193948768
"InChI=1S/C19H22N2/c1-15(13-20-2)14-21-18-9-5-3-7-16(18)11-12-17-8-4-6-10-19(17)21/h3-10,20H,1,11-14H2,2H3",ZNVAPRZICOFEPC-UHFFFAOYSA-N,C=C(CN1C2=CC=CC=C2CCC3=CC=CC=C31)CNC,,,C19H22N2,278.178298704,4.301500000000001,0,0,0,BTM00117,BTM00117,Terminal desaturation,BTMR1190,"CYP1A2
CYP2A6
CYP2C9
CYP2D6
CYP3A4",HUMAN,BTM00013,CC(CN1C2=CC=CC=C2CCC3=CC=CC=C31)CNC,"InChI=1S/C19H24N2/c1-15(13-20-2)14-21-18-9-5-3-7-16(18)11-12-17-8-4-6-10-19(17)21/h3-10,15,20H,11-14H2,1-2H3",FUEUKSCRQNPXKS-UHFFFAOYSA-N,4.3007,280.193948768
"InChI=1S/C18H19NO/c1-14(13-20)12-19-17-8-4-2-6-15(17)10-11-16-7-3-5-9-18(16)19/h2-9,13-14H,10-12H2,1H3",QHWISLHPPUHJRL-UHFFFAOYSA-N,CC(CN1C2=CC=CC=C2CCC3=CC=CC=C31)C=O,,,C18H19NO,265.14666422799996,4.401000000000002,0,0,0,BTM00011,BTM00011,N-Dealkylation of acyclic secondary amine,BTMR1140,"CYP1A2
CYP2B6
CYP2C8
CYP2C9
CYP2C19
CYP2D6
CYP3A4",HUMAN,BTM00013,CC(CN1C2=CC=CC=C2CCC3=CC=CC=C31)CNC,"InChI=1S/C19H24N2/c1-15(13-20-2)14-21-18-9-5-3-7-16(18)11-12-17-8-4-6-10-19(17)21/h3-10,15,20H,11-14H2,1-2H3",FUEUKSCRQNPXKS-UHFFFAOYSA-N,4.3007,280.193948768
"InChI=1S/CH5N/c1-2/h2H2,1H3",BAVYZALUXZFZLV-UHFFFAOYSA-N,NC,,,CH5N,31.04219916,-0.6476000000000002,0,0,0,BTM00122,BTM00122,N-Dealkylation of acyclic secondary amine,BTMR1140,"CYP1A2
CYP2B6
CYP2C8
CYP2C9
CYP2C19
CYP2D6
CYP3A4",HUMAN,BTM00013,CC(CN1C2=CC=CC=C2CCC3=CC=CC=C31)CNC,"InChI=1S/C19H24N2/c1-15(13-20-2)14-21-18-9-5-3-7-16(18)11-12-17-8-4-6-10-19(17)21/h3-10,15,20H,11-14H2,1-2H3",FUEUKSCRQNPXKS-UHFFFAOYSA-N,4.3007,280.193948768
"InChI=1S/C18H22N2/c1-14(12-19)13-20-17-8-4-2-6-15(17)10-11-16-7-3-5-9-18(16)20/h2-9,14H,10-13,19H2,1H3",JLNBXNUXHJTETI-UHFFFAOYSA-N,CC(CN1C2=CC=CC=C2CCC3=CC=CC=C31)CN,,,C18H22N2,266.178298704,3.8689000000000004,0,0,0,BTM00123,BTM00123,N-Dealkylation of acyclic secondary amine,BTMR1140,"CYP1A2
CYP2B6
CYP2C8
CYP2C9
CYP2C19
CYP2D6
CYP3A4",HUMAN,BTM00013,CC(CN1C2=CC=CC=C2CCC3=CC=CC=C31)CNC,"InChI=1S/C19H24N2/c1-15(13-20-2)14-21-18-9-5-3-7-16(18)11-12-17-8-4-6-10-19(17)21/h3-10,15,20H,11-14H2,1-2H3",FUEUKSCRQNPXKS-UHFFFAOYSA-N,4.3007,280.193948768
"InChI=1S/C19H24N2O/c1-19(22,13-20-2)14-21-17-9-5-3-7-15(17)11-12-16-8-4-6-10-18(16)21/h3-10,20,22H,11-14H2,1-2H3",ILHIAKSUOULSMJ-UHFFFAOYSA-N,CC(CN1C2=CC=CC=C2CCC3=CC=CC=C31)(CNC)O,,,C19H24N2O,296.18886338799996,3.4838999999999984,0,0,0,BTM00124,BTM00124,Hydroxylation of penultimate aliphatic tertiary carbon,BTMR1075,"CYP2A6
CYP2B6
CYP2C8
CYP2C9
CYP2D6
CYP3A4",HUMAN,BTM00013,CC(CN1C2=CC=CC=C2CCC3=CC=CC=C31)CNC,"InChI=1S/C19H24N2/c1-15(13-20-2)14-21-18-9-5-3-7-16(18)11-12-17-8-4-6-10-19(17)21/h3-10,15,20H,11-14H2,1-2H3",FUEUKSCRQNPXKS-UHFFFAOYSA-N,4.3007,280.193948768
"InChI=1S/C19H24N2O/c1-14(13-20-2)19(22)21-17-9-5-3-7-15(17)11-12-16-8-4-6-10-18(16)21/h3-10,14,19-20,22H,11-13H2,1-2H3",GNAVBJXBVQIAOU-UHFFFAOYSA-N,CC(C(N1C2=CC=CC=C2CCC3=CC=CC=C31)O)CNC,,,C19H24N2O,296.188863388,4.057600000000001,0,0,0,BTM00125,BTM00125,Aliphatic hydroxylation of carbon alpha to secondary or tertiary alkyl-N,BTMR1081,"CYP2B6
CYP2C19
CYP2D6",HUMAN,BTM00013,CC(CN1C2=CC=CC=C2CCC3=CC=CC=C31)CNC,"InChI=1S/C19H24N2/c1-15(13-20-2)14-21-18-9-5-3-7-16(18)11-12-17-8-4-6-10-19(17)21/h3-10,15,20H,11-14H2,1-2H3",FUEUKSCRQNPXKS-UHFFFAOYSA-N,4.3007,280.193948768
"InChI=1S/C6H13NO2/c1-6(9,5-8)4-7(2)3/h5,9H,4H2,1-3H3",PLAUFUAUPMDCHJ-UHFFFAOYSA-N,CC(C=O)(CN(C)C)O,,,C6H13NO2,131.094628656,-0.26869999999999994,0,0,0,BTM00050,BTM00050,N-Dealkylation of mixed tertiary amine,BTMR1145,"CYP1A2
CYP2A6
CYP2B6
CYP2C8
CYP2C9
CYP2C19
CYP2D6
CYP3A4",HUMAN,BTM00014,CC(CN1C2=CC=CC=C2CCC3=CC=CC=C31)(CN(C)C)O,"InChI=1S/C20H26N2O/c1-20(23,14-21(2)3)15-22-18-10-6-4-8-16(18)12-13-17-9-5-7-11-19(17)22/h4-11,23H,12-15H2,1-3H3",MCXQNEIOGOZKEU-UHFFFAOYSA-N,4.019800000000001,310.20451345199996
"InChI=1S/C14H13N/c1-3-7-13-11(5-1)9-10-12-6-2-4-8-14(12)15-13/h1-8,15H,9-10H2",ZSMRRZONCYIFNB-UHFFFAOYSA-N,N1C2=CC=CC=C2CCC3=CC=CC=C31,,,C14H13N,195.104799416,3.9808999999999997,0,0,0,BTM00003,BTM00003,N-Dealkylation of mixed tertiary amine,BTMR1145,"CYP1A2
CYP2A6
CYP2B6
CYP2C8
CYP2C9
CYP2C19
CYP2D6
CYP3A4",HUMAN,BTM00014,CC(CN1C2=CC=CC=C2CCC3=CC=CC=C31)(CN(C)C)O,"InChI=1S/C20H26N2O/c1-20(23,14-21(2)3)15-22-18-10-6-4-8-16(18)12-13-17-9-5-7-11-19(17)22/h4-11,23H,12-15H2,1-3H3",MCXQNEIOGOZKEU-UHFFFAOYSA-N,4.019800000000001,310.20451345199996
"InChI=1S/C20H26N2O2/c1-20(24,13-21(2)3)14-22-18-7-5-4-6-15(18)8-9-16-10-11-17(23)12-19(16)22/h4-7,10-12,23-24H,8-9,13-14H2,1-3H3",BJVFLPIKKQFITN-UHFFFAOYSA-N,CC(CN1C2=CC(=CC=C2CCC3=CC=CC=C31)O)(CN(C)C)O,,,C20H26N2O2,326.199428072,3.752400000000001,0,0,0,BTM00069,BTM00069,Aromatic hydroxylation of fused benzene ring,BTMR1030,"CYP1A2
CYP2A6
CYP2B6
CYP2C8
CYP2C9
CYP2C19
CYP2D6
CYP2E1
CYP3A4",HUMAN,BTM00014,CC(CN1C2=CC=CC=C2CCC3=CC=CC=C31)(CN(C)C)O,"InChI=1S/C20H26N2O/c1-20(23,14-21(2)3)15-22-18-10-6-4-8-16(18)12-13-17-9-5-7-11-19(17)22/h4-11,23H,12-15H2,1-3H3",MCXQNEIOGOZKEU-UHFFFAOYSA-N,4.019800000000001,310.20451345199996
"InChI=1S/C20H26N2O2/c1-20(24,13-21(2)3)14-22-18-7-5-4-6-15(18)8-9-16-12-17(23)10-11-19(16)22/h4-7,10-12,23-24H,8-9,13-14H2,1-3H3",JJBZSDVTAPBJKH-UHFFFAOYSA-N,CC(CN1C2=CC=C(C=C2CCC3=CC=CC=C31)O)(CN(C)C)O,,,C20H26N2O2,326.199428072,3.752400000000001,0,0,0,BTM00082,BTM00082,Aromatic hydroxylation of fused benzene ring,BTMR1030,"CYP1A2
CYP2A6
CYP2B6
CYP2C8
CYP2C9
CYP2C19
CYP2D6
CYP2E1
CYP3A4",HUMAN,BTM00014,CC(CN1C2=CC=CC=C2CCC3=CC=CC=C31)(CN(C)C)O,"InChI=1S/C20H26N2O/c1-20(23,14-21(2)3)15-22-18-10-6-4-8-16(18)12-13-17-9-5-7-11-19(17)22/h4-11,23H,12-15H2,1-3H3",MCXQNEIOGOZKEU-UHFFFAOYSA-N,4.019800000000001,310.20451345199996
"InChI=1S/C20H26N2O2/c1-20(23,15-22(2,3)24)14-21-18-10-6-4-8-16(18)12-13-17-9-5-7-11-19(17)21/h4-11,23H,12-15H2,1-3H3",JTJVZEBFGFIHLS-UHFFFAOYSA-N,CC(CN1C2=CC=CC=C2CCC3=CC=CC=C31)(C[N+](C)(C)[O-])O,,,C20H26N2O2,326.199428072,3.6147,0,0,0,BTM00089,BTM00089,N-Oxidation of aliphatic tertiary amine,BTMR1100,"CYP1A2
CYP2D6
CYP3A4",HUMAN,BTM00014,CC(CN1C2=CC=CC=C2CCC3=CC=CC=C31)(CN(C)C)O,"InChI=1S/C20H26N2O/c1-20(23,14-21(2)3)15-22-18-10-6-4-8-16(18)12-13-17-9-5-7-11-19(17)22/h4-11,23H,12-15H2,1-3H3",MCXQNEIOGOZKEU-UHFFFAOYSA-N,4.019800000000001,310.20451345199996
"InChI=1S/C20H26N2O2/c1-20(24,13-21(2)3)14-22-17-9-5-4-7-15(17)11-12-16-8-6-10-18(23)19(16)22/h4-10,23-24H,11-14H2,1-3H3",ISFSPQHRLBCZLD-UHFFFAOYSA-N,CC(CN1C2=CC=CC=C2CCC3=CC=CC(=C31)O)(CN(C)C)O,,,C20H26N2O2,326.199428072,3.752400000000001,0,0,0,BTM00098,BTM00098,Aromatic hydroxylation of fused benzene ring,BTMR1031,"CYP1A2
CYP2B6
CYP2C8
CYP2C9
CYP2C19
CYP2D6
CYP3A4",HUMAN,BTM00014,CC(CN1C2=CC=CC=C2CCC3=CC=CC=C31)(CN(C)C)O,"InChI=1S/C20H26N2O/c1-20(23,14-21(2)3)15-22-18-10-6-4-8-16(18)12-13-17-9-5-7-11-19(17)22/h4-11,23H,12-15H2,1-3H3",MCXQNEIOGOZKEU-UHFFFAOYSA-N,4.019800000000001,310.20451345199996
"InChI=1S/C20H26N2O2/c1-20(24,13-21(2)3)14-22-17-8-5-4-7-15(17)11-12-16-18(22)9-6-10-19(16)23/h4-10,23-24H,11-14H2,1-3H3",VYGXANWSGAJVKV-UHFFFAOYSA-N,CC(CN1C2=CC=CC=C2CCC3=C(C=CC=C31)O)(CN(C)C)O,,,C20H26N2O2,326.199428072,3.752400000000001,0,0,0,BTM00106,BTM00106,Aromatic hydroxylation of fused benzene ring,BTMR1032,"CYP1A2
CYP2B6
CYP2C8
CYP2C9
CYP2C19
CYP2D6
CYP3A4",HUMAN,BTM00014,CC(CN1C2=CC=CC=C2CCC3=CC=CC=C31)(CN(C)C)O,"InChI=1S/C20H26N2O/c1-20(23,14-21(2)3)15-22-18-10-6-4-8-16(18)12-13-17-9-5-7-11-19(17)22/h4-11,23H,12-15H2,1-3H3",MCXQNEIOGOZKEU-UHFFFAOYSA-N,4.019800000000001,310.20451345199996
"InChI=1S/C20H26N2O2/c1-21(2)13-20(24,15-23)14-22-18-9-5-3-7-16(18)11-12-17-8-4-6-10-19(17)22/h3-10,23-24H,11-15H2,1-2H3",WNUHHZLELQRLMF-UHFFFAOYSA-N,C(C(CN1C2=CC=CC=C2CCC3=CC=CC=C31)(CN(C)C)O)O,,,C20H26N2O2,326.199428072,3.1316,0,0,0,BTM00112,BTM00112,Hydroxylation of terminal methyl,BTMR1061,"CYP1A2
CYP2A6
CYP2B6
CYP2C8
CYP2C9
CYP2C19
CYP2D6
CYP2E1
CYP3A4",HUMAN,BTM00014,CC(CN1C2=CC=CC=C2CCC3=CC=CC=C31)(CN(C)C)O,"InChI=1S/C20H26N2O/c1-20(23,14-21(2)3)15-22-18-10-6-4-8-16(18)12-13-17-9-5-7-11-19(17)22/h4-11,23H,12-15H2,1-3H3",MCXQNEIOGOZKEU-UHFFFAOYSA-N,4.019800000000001,310.20451345199996
"InChI=1S/C18H19NO2/c1-18(21,13-20)12-19-16-8-4-2-6-14(16)10-11-15-7-3-5-9-17(15)19/h2-9,13,21H,10-12H2,1H3",MAHWEKFERVXVOE-UHFFFAOYSA-N,CC(CN1C2=CC=CC=C2CCC3=CC=CC=C31)(C=O)O,,,C18H19NO2,281.141578848,3.5980000000000008,0,0,0,BTM00120,BTM00120,N-Dealkylation of acyclic tertiary amine,BTMR1142,"CYP1A2
CYP2A6
CYP2B6
CYP2C8
CYP2C9
CYP2C19
CYP2D6
CYP2E1
CYP3A4",HUMAN,BTM00014,CC(CN1C2=CC=CC=C2CCC3=CC=CC=C31)(CN(C)C)O,"InChI=1S/C20H26N2O/c1-20(23,14-21(2)3)15-22-18-10-6-4-8-16(18)12-13-17-9-5-7-11-19(17)22/h4-11,23H,12-15H2,1-3H3",MCXQNEIOGOZKEU-UHFFFAOYSA-N,4.019800000000001,310.20451345199996
"InChI=1S/C2H7N/c1-3-2/h3H,1-2H3",ROSDSFDQCJNGOL-UHFFFAOYSA-N,N(C)C,,,C2H7N,45.057849224,-0.21580000000000035,0,0,0,BTM00012,BTM00012,N-Dealkylation of acyclic tertiary amine,BTMR1142,"CYP1A2
CYP2A6
CYP2B6
CYP2C8
CYP2C9
CYP2C19
CYP2D6
CYP2E1
CYP3A4",HUMAN,BTM00014,CC(CN1C2=CC=CC=C2CCC3=CC=CC=C31)(CN(C)C)O,"InChI=1S/C20H26N2O/c1-20(23,14-21(2)3)15-22-18-10-6-4-8-16(18)12-13-17-9-5-7-11-19(17)22/h4-11,23H,12-15H2,1-3H3",MCXQNEIOGOZKEU-UHFFFAOYSA-N,4.019800000000001,310.20451345199996
"InChI=1S/C19H24N2O/c1-19(22,13-20-2)14-21-17-9-5-3-7-15(17)11-12-16-8-4-6-10-18(16)21/h3-10,20,22H,11-14H2,1-2H3",ILHIAKSUOULSMJ-UHFFFAOYSA-N,CC(CN1C2=CC=CC=C2CCC3=CC=CC=C31)(CNC)O,,,C19H24N2O,296.18886338799996,3.4838999999999984,0,0,0,BTM00124,BTM00124,N-Dealkylation of acyclic tertiary amine,BTMR1142,"CYP1A2
CYP2A6
CYP2B6
CYP2C8
CYP2C9
CYP2C19
CYP2D6
CYP2E1
CYP3A4",HUMAN,BTM00014,CC(CN1C2=CC=CC=C2CCC3=CC=CC=C31)(CN(C)C)O,"InChI=1S/C20H26N2O/c1-20(23,14-21(2)3)15-22-18-10-6-4-8-16(18)12-13-17-9-5-7-11-19(17)22/h4-11,23H,12-15H2,1-3H3",MCXQNEIOGOZKEU-UHFFFAOYSA-N,4.019800000000001,310.20451345199996
"InChI=1S/C20H26N2O2/c1-20(24,19(23)21(2)3)14-22-17-10-6-4-8-15(17)12-13-16-9-5-7-11-18(16)22/h4-11,19,23-24H,12-14H2,1-3H3",CPRUANSZJUCRTL-UHFFFAOYSA-N,CC(CN1C2=CC=CC=C2CCC3=CC=CC=C31)(C(N(C)C)O)O,,,C20H26N2O2,326.199428072,3.6801000000000013,0,0,0,BTM00126,BTM00126,Aliphatic hydroxylation of carbon alpha to secondary or tertiary alkyl-N,BTMR1081,"CYP2B6
CYP2C19
CYP2D6",HUMAN,BTM00014,CC(CN1C2=CC=CC=C2CCC3=CC=CC=C31)(CN(C)C)O,"InChI=1S/C20H26N2O/c1-20(23,14-21(2)3)15-22-18-10-6-4-8-16(18)12-13-17-9-5-7-11-19(17)22/h4-11,23H,12-15H2,1-3H3",MCXQNEIOGOZKEU-UHFFFAOYSA-N,4.019800000000001,310.20451345199996
"InChI=1S/C20H26N2O2/c1-20(24,14-21(2)3)19(23)22-17-10-6-4-8-15(17)12-13-16-9-5-7-11-18(16)22/h4-11,19,23-24H,12-14H2,1-3H3",XVDLQANPDWOZHD-UHFFFAOYSA-N,CC(C(N1C2=CC=CC=C2CCC3=CC=CC=C31)O)(CN(C)C)O,,,C20H26N2O2,326.199428072,3.6801000000000013,0,0,0,BTM00127,BTM00127,Aliphatic hydroxylation of carbon alpha to secondary or tertiary alkyl-N,BTMR1081,"CYP2B6
CYP2C19
CYP2D6",HUMAN,BTM00014,CC(CN1C2=CC=CC=C2CCC3=CC=CC=C31)(CN(C)C)O,"InChI=1S/C20H26N2O/c1-20(23,14-21(2)3)15-22-18-10-6-4-8-16(18)12-13-17-9-5-7-11-19(17)22/h4-11,23H,12-15H2,1-3H3",MCXQNEIOGOZKEU-UHFFFAOYSA-N,4.019800000000001,310.20451345199996
"InChI=1S/C6H13NO2/c1-5(4-8)6(9)7(2)3/h4-6,9H,1-3H3",OHUGPRUGXOMECB-UHFFFAOYSA-N,CC(C=O)C(N(C)C)O,,,C6H13NO2,131.094628656,0.19460000000000033,0,0,0,BTM00053,BTM00053,N-Dealkylation of mixed tertiary amine,BTMR1145,"CYP1A2
CYP2A6
CYP2B6
CYP2C8
CYP2C9
CYP2C19
CYP2D6
CYP3A4",HUMAN,BTM00015,CC(CN1C2=CC=CC=C2CCC3=CC=CC=C31)C(N(C)C)O,"InChI=1S/C20H26N2O/c1-15(20(23)21(2)3)14-22-18-10-6-4-8-16(18)12-13-17-9-5-7-11-19(17)22/h4-11,15,20,23H,12-14H2,1-3H3",LEWZQDDUHASSDT-UHFFFAOYSA-N,4.5935,310.204513452
"InChI=1S/C14H13N/c1-3-7-13-11(5-1)9-10-12-6-2-4-8-14(12)15-13/h1-8,15H,9-10H2",ZSMRRZONCYIFNB-UHFFFAOYSA-N,N1C2=CC=CC=C2CCC3=CC=CC=C31,,,C14H13N,195.104799416,3.9808999999999997,0,0,0,BTM00003,BTM00003,N-Dealkylation of mixed tertiary amine,BTMR1145,"CYP1A2
CYP2A6
CYP2B6
CYP2C8
CYP2C9
CYP2C19
CYP2D6
CYP3A4",HUMAN,BTM00015,CC(CN1C2=CC=CC=C2CCC3=CC=CC=C31)C(N(C)C)O,"InChI=1S/C20H26N2O/c1-15(20(23)21(2)3)14-22-18-10-6-4-8-16(18)12-13-17-9-5-7-11-19(17)22/h4-11,15,20,23H,12-14H2,1-3H3",LEWZQDDUHASSDT-UHFFFAOYSA-N,4.5935,310.204513452
"InChI=1S/C20H26N2O2/c1-14(20(24)21(2)3)13-22-18-7-5-4-6-15(18)8-9-16-10-11-17(23)12-19(16)22/h4-7,10-12,14,20,23-24H,8-9,13H2,1-3H3",GLJJTICCUAUTEB-UHFFFAOYSA-N,CC(CN1C2=CC(=CC=C2CCC3=CC=CC=C31)O)C(N(C)C)O,,,C20H26N2O2,326.199428072,4.326099999999999,0,0,0,BTM00070,BTM00070,Aromatic hydroxylation of fused benzene ring,BTMR1030,"CYP1A2
CYP2A6
CYP2B6
CYP2C8
CYP2C9
CYP2C19
CYP2D6
CYP2E1
CYP3A4",HUMAN,BTM00015,CC(CN1C2=CC=CC=C2CCC3=CC=CC=C31)C(N(C)C)O,"InChI=1S/C20H26N2O/c1-15(20(23)21(2)3)14-22-18-10-6-4-8-16(18)12-13-17-9-5-7-11-19(17)22/h4-11,15,20,23H,12-14H2,1-3H3",LEWZQDDUHASSDT-UHFFFAOYSA-N,4.5935,310.204513452
"InChI=1S/C20H26N2O2/c1-14(20(24)21(2)3)13-22-18-7-5-4-6-15(18)8-9-16-12-17(23)10-11-19(16)22/h4-7,10-12,14,20,23-24H,8-9,13H2,1-3H3",IPQVTIAOZGCYQI-UHFFFAOYSA-N,CC(CN1C2=CC=C(C=C2CCC3=CC=CC=C31)O)C(N(C)C)O,,,C20H26N2O2,326.199428072,4.326099999999999,0,0,0,BTM00083,BTM00083,Aromatic hydroxylation of fused benzene ring,BTMR1030,"CYP1A2
CYP2A6
CYP2B6
CYP2C8
CYP2C9
CYP2C19
CYP2D6
CYP2E1
CYP3A4",HUMAN,BTM00015,CC(CN1C2=CC=CC=C2CCC3=CC=CC=C31)C(N(C)C)O,"InChI=1S/C20H26N2O/c1-15(20(23)21(2)3)14-22-18-10-6-4-8-16(18)12-13-17-9-5-7-11-19(17)22/h4-11,15,20,23H,12-14H2,1-3H3",LEWZQDDUHASSDT-UHFFFAOYSA-N,4.5935,310.204513452
"InChI=1S/C20H26N2O2/c1-15(20(23)22(2,3)24)14-21-18-10-6-4-8-16(18)12-13-17-9-5-7-11-19(17)21/h4-11,15,20,23H,12-14H2,1-3H3",BTYVZPBTBJYGOX-UHFFFAOYSA-N,CC(CN1C2=CC=CC=C2CCC3=CC=CC=C31)C([N+](C)(C)[O-])O,,,C20H26N2O2,326.199428072,4.188399999999999,0,0,0,BTM00128,BTM00128,N-Oxidation of aliphatic tertiary amine,BTMR1100,"CYP1A2
CYP2D6
CYP3A4",HUMAN,BTM00015,CC(CN1C2=CC=CC=C2CCC3=CC=CC=C31)C(N(C)C)O,"InChI=1S/C20H26N2O/c1-15(20(23)21(2)3)14-22-18-10-6-4-8-16(18)12-13-17-9-5-7-11-19(17)22/h4-11,15,20,23H,12-14H2,1-3H3",LEWZQDDUHASSDT-UHFFFAOYSA-N,4.5935,310.204513452
"InChI=1S/C20H26N2O2/c1-14(20(24)21(2)3)13-22-17-9-5-4-7-15(17)11-12-16-8-6-10-18(23)19(16)22/h4-10,14,20,23-24H,11-13H2,1-3H3",DWOZYOXTRLKKRT-UHFFFAOYSA-N,CC(CN1C2=CC=CC=C2CCC3=CC=CC(=C31)O)C(N(C)C)O,,,C20H26N2O2,326.199428072,4.326099999999999,0,0,0,BTM00099,BTM00099,Aromatic hydroxylation of fused benzene ring,BTMR1031,"CYP1A2
CYP2B6
CYP2C8
CYP2C9
CYP2C19
CYP2D6
CYP3A4",HUMAN,BTM00015,CC(CN1C2=CC=CC=C2CCC3=CC=CC=C31)C(N(C)C)O,"InChI=1S/C20H26N2O/c1-15(20(23)21(2)3)14-22-18-10-6-4-8-16(18)12-13-17-9-5-7-11-19(17)22/h4-11,15,20,23H,12-14H2,1-3H3",LEWZQDDUHASSDT-UHFFFAOYSA-N,4.5935,310.204513452
"InChI=1S/C20H26N2O2/c1-14(20(24)21(2)3)13-22-17-8-5-4-7-15(17)11-12-16-18(22)9-6-10-19(16)23/h4-10,14,20,23-24H,11-13H2,1-3H3",RUPFUURBRACYMQ-UHFFFAOYSA-N,CC(CN1C2=CC=CC=C2CCC3=C(C=CC=C31)O)C(N(C)C)O,,,C20H26N2O2,326.199428072,4.326099999999999,0,0,0,BTM00107,BTM00107,Aromatic hydroxylation of fused benzene ring,BTMR1032,"CYP1A2
CYP2B6
CYP2C8
CYP2C9
CYP2C19
CYP2D6
CYP3A4",HUMAN,BTM00015,CC(CN1C2=CC=CC=C2CCC3=CC=CC=C31)C(N(C)C)O,"InChI=1S/C20H26N2O/c1-15(20(23)21(2)3)14-22-18-10-6-4-8-16(18)12-13-17-9-5-7-11-19(17)22/h4-11,15,20,23H,12-14H2,1-3H3",LEWZQDDUHASSDT-UHFFFAOYSA-N,4.5935,310.204513452
"InChI=1S/C20H26N2O2/c1-21(2)20(24)17(14-23)13-22-18-9-5-3-7-15(18)11-12-16-8-4-6-10-19(16)22/h3-10,17,20,23-24H,11-14H2,1-2H3",PDQABIDNQPFYEX-UHFFFAOYSA-N,C(C(CN1C2=CC=CC=C2CCC3=CC=CC=C31)C(N(C)C)O)O,,,C20H26N2O2,326.199428072,3.2310000000000003,0,0,0,BTM00113,BTM00113,Hydroxylation of terminal methyl,BTMR1061,"CYP1A2
CYP2A6
CYP2B6
CYP2C8
CYP2C9
CYP2C19
CYP2D6
CYP2E1
CYP3A4",HUMAN,BTM00015,CC(CN1C2=CC=CC=C2CCC3=CC=CC=C31)C(N(C)C)O,"InChI=1S/C20H26N2O/c1-15(20(23)21(2)3)14-22-18-10-6-4-8-16(18)12-13-17-9-5-7-11-19(17)22/h4-11,15,20,23H,12-14H2,1-3H3",LEWZQDDUHASSDT-UHFFFAOYSA-N,4.5935,310.204513452
"InChI=1S/C20H24N2O/c1-15(20(23)21(2)3)14-22-18-10-6-4-8-16(18)12-13-17-9-5-7-11-19(17)22/h4-11,20,23H,1,12-14H2,2-3H3",XEZYKKWPQWPBHH-UHFFFAOYSA-N,C=C(CN1C2=CC=CC=C2CCC3=CC=CC=C31)C(N(C)C)O,,,C20H24N2O,308.18886338799996,4.497699999999999,0,0,0,BTM00118,BTM00118,Terminal desaturation,BTMR1190,"CYP1A2
CYP2A6
CYP2C9
CYP2D6
CYP3A4",HUMAN,BTM00015,CC(CN1C2=CC=CC=C2CCC3=CC=CC=C31)C(N(C)C)O,"InChI=1S/C20H26N2O/c1-15(20(23)21(2)3)14-22-18-10-6-4-8-16(18)12-13-17-9-5-7-11-19(17)22/h4-11,15,20,23H,12-14H2,1-3H3",LEWZQDDUHASSDT-UHFFFAOYSA-N,4.5935,310.204513452
"InChI=1S/C18H19NO2/c1-13(18(20)21)12-19-16-8-4-2-6-14(16)10-11-15-7-3-5-9-17(15)19/h2-9,13H,10-12H2,1H3,(H,20,21)",YHMUADUXOLBTPN-UHFFFAOYSA-N,CC(CN1C2=CC=CC=C2CCC3=CC=CC=C31)C(=O)O,,,C18H19NO2,281.141578848,4.353600000000001,0,0,0,BTM00042,BTM00042,N-Dealkylation of acyclic tertiary amine,BTMR1142,"CYP1A2
CYP2A6
CYP2B6
CYP2C8
CYP2C9
CYP2C19
CYP2D6
CYP2E1
CYP3A4",HUMAN,BTM00015,CC(CN1C2=CC=CC=C2CCC3=CC=CC=C31)C(N(C)C)O,"InChI=1S/C20H26N2O/c1-15(20(23)21(2)3)14-22-18-10-6-4-8-16(18)12-13-17-9-5-7-11-19(17)22/h4-11,15,20,23H,12-14H2,1-3H3",LEWZQDDUHASSDT-UHFFFAOYSA-N,4.5935,310.204513452
"InChI=1S/C2H7N/c1-3-2/h3H,1-2H3",ROSDSFDQCJNGOL-UHFFFAOYSA-N,N(C)C,,,C2H7N,45.057849224,-0.21580000000000035,0,0,0,BTM00012,BTM00012,N-Dealkylation of acyclic tertiary amine,BTMR1142,"CYP1A2
CYP2A6
CYP2B6
CYP2C8
CYP2C9
CYP2C19
CYP2D6
CYP2E1
CYP3A4",HUMAN,BTM00015,CC(CN1C2=CC=CC=C2CCC3=CC=CC=C31)C(N(C)C)O,"InChI=1S/C20H26N2O/c1-15(20(23)21(2)3)14-22-18-10-6-4-8-16(18)12-13-17-9-5-7-11-19(17)22/h4-11,15,20,23H,12-14H2,1-3H3",LEWZQDDUHASSDT-UHFFFAOYSA-N,4.5935,310.204513452
"InChI=1S/C19H24N2O/c1-14(19(22)20-2)13-21-17-9-5-3-7-15(17)11-12-16-8-4-6-10-18(16)21/h3-10,14,19-20,22H,11-13H2,1-2H3",YPSDPXMZXAFVHJ-UHFFFAOYSA-N,CC(CN1C2=CC=CC=C2CCC3=CC=CC=C31)C(NC)O,,,C19H24N2O,296.188863388,4.057600000000001,0,0,0,BTM00129,BTM00129,N-Dealkylation of acyclic tertiary amine,BTMR1142,"CYP1A2
CYP2A6
CYP2B6
CYP2C8
CYP2C9
CYP2C19
CYP2D6
CYP2E1
CYP3A4",HUMAN,BTM00015,CC(CN1C2=CC=CC=C2CCC3=CC=CC=C31)C(N(C)C)O,"InChI=1S/C20H26N2O/c1-15(20(23)21(2)3)14-22-18-10-6-4-8-16(18)12-13-17-9-5-7-11-19(17)22/h4-11,15,20,23H,12-14H2,1-3H3",LEWZQDDUHASSDT-UHFFFAOYSA-N,4.5935,310.204513452
"InChI=1S/C20H26N2O2/c1-20(24,19(23)21(2)3)14-22-17-10-6-4-8-15(17)12-13-16-9-5-7-11-18(16)22/h4-11,19,23-24H,12-14H2,1-3H3",CPRUANSZJUCRTL-UHFFFAOYSA-N,CC(CN1C2=CC=CC=C2CCC3=CC=CC=C31)(C(N(C)C)O)O,,,C20H26N2O2,326.199428072,3.6801000000000013,0,0,0,BTM00126,BTM00126,Hydroxylation of penultimate aliphatic tertiary carbon,BTMR1075,"CYP2A6
CYP2B6
CYP2C8
CYP2C9
CYP2D6
CYP3A4",HUMAN,BTM00015,CC(CN1C2=CC=CC=C2CCC3=CC=CC=C31)C(N(C)C)O,"InChI=1S/C20H26N2O/c1-15(20(23)21(2)3)14-22-18-10-6-4-8-16(18)12-13-17-9-5-7-11-19(17)22/h4-11,15,20,23H,12-14H2,1-3H3",LEWZQDDUHASSDT-UHFFFAOYSA-N,4.5935,310.204513452
"InChI=1S/C20H26N2O2/c1-14(19(23)21(2)3)20(24)22-17-10-6-4-8-15(17)12-13-16-9-5-7-11-18(16)22/h4-11,14,19-20,23-24H,12-13H2,1-3H3",MFDYUESPXXSTGC-UHFFFAOYSA-N,CC(C(N1C2=CC=CC=C2CCC3=CC=CC=C31)O)C(N(C)C)O,,,C20H26N2O2,326.199428072,3.982,0,0,0,BTM00130,BTM00130,Aliphatic hydroxylation of carbon alpha to secondary or tertiary alkyl-N,BTMR1081,"CYP2B6
CYP2C19
CYP2D6",HUMAN,BTM00015,CC(CN1C2=CC=CC=C2CCC3=CC=CC=C31)C(N(C)C)O,"InChI=1S/C20H26N2O/c1-15(20(23)21(2)3)14-22-18-10-6-4-8-16(18)12-13-17-9-5-7-11-19(17)22/h4-11,15,20,23H,12-14H2,1-3H3",LEWZQDDUHASSDT-UHFFFAOYSA-N,4.5935,310.204513452
"InChI=1S/C6H13NO2/c1-5(6(8)9)4-7(2)3/h5H,4H2,1-3H3,(H,8,9)",JZRKIWQSOIPFET-UHFFFAOYSA-N,CC(C(=O)O)CN(C)C,,,C6H13NO2,131.094628656,0.48690000000000005,0,0,0,BTM00018,BTM00018,N-Dealkylation of mixed tertiary amine,BTMR1145,"CYP1A2
CYP2A6
CYP2B6
CYP2C8
CYP2C9
CYP2C19
CYP2D6
CYP3A4",HUMAN,BTM00016,CC(C(N1C2=CC=CC=C2CCC3=CC=CC=C31)O)CN(C)C,"InChI=1S/C20H26N2O/c1-15(14-21(2)3)20(23)22-18-10-6-4-8-16(18)12-13-17-9-5-7-11-19(17)22/h4-11,15,20,23H,12-14H2,1-3H3",DVJXETSKZIUYFQ-UHFFFAOYSA-N,4.5935,310.204513452
"InChI=1S/C14H13N/c1-3-7-13-11(5-1)9-10-12-6-2-4-8-14(12)15-13/h1-8,15H,9-10H2",ZSMRRZONCYIFNB-UHFFFAOYSA-N,N1C2=CC=CC=C2CCC3=CC=CC=C31,,,C14H13N,195.104799416,3.9808999999999997,0,0,0,BTM00003,BTM00003,N-Dealkylation of mixed tertiary amine,BTMR1145,"CYP1A2
CYP2A6
CYP2B6
CYP2C8
CYP2C9
CYP2C19
CYP2D6
CYP3A4",HUMAN,BTM00016,CC(C(N1C2=CC=CC=C2CCC3=CC=CC=C31)O)CN(C)C,"InChI=1S/C20H26N2O/c1-15(14-21(2)3)20(23)22-18-10-6-4-8-16(18)12-13-17-9-5-7-11-19(17)22/h4-11,15,20,23H,12-14H2,1-3H3",DVJXETSKZIUYFQ-UHFFFAOYSA-N,4.5935,310.204513452
"InChI=1S/C20H26N2O2/c1-14(13-21(2)3)20(24)22-18-7-5-4-6-15(18)8-9-16-10-11-17(23)12-19(16)22/h4-7,10-12,14,20,23-24H,8-9,13H2,1-3H3",PFSWGTXHWLQOMS-UHFFFAOYSA-N,CC(C(N1C2=CC(=CC=C2CCC3=CC=CC=C31)O)O)CN(C)C,,,C20H26N2O2,326.199428072,4.326099999999999,0,0,0,BTM00071,BTM00071,Aromatic hydroxylation of fused benzene ring,BTMR1030,"CYP1A2
CYP2A6
CYP2B6
CYP2C8
CYP2C9
CYP2C19
CYP2D6
CYP2E1
CYP3A4",HUMAN,BTM00016,CC(C(N1C2=CC=CC=C2CCC3=CC=CC=C31)O)CN(C)C,"InChI=1S/C20H26N2O/c1-15(14-21(2)3)20(23)22-18-10-6-4-8-16(18)12-13-17-9-5-7-11-19(17)22/h4-11,15,20,23H,12-14H2,1-3H3",DVJXETSKZIUYFQ-UHFFFAOYSA-N,4.5935,310.204513452
"InChI=1S/C20H26N2O2/c1-14(13-21(2)3)20(24)22-18-7-5-4-6-15(18)8-9-16-12-17(23)10-11-19(16)22/h4-7,10-12,14,20,23-24H,8-9,13H2,1-3H3",GWBURHBSUAYOGA-UHFFFAOYSA-N,CC(C(N1C2=CC=C(C=C2CCC3=CC=CC=C31)O)O)CN(C)C,,,C20H26N2O2,326.199428072,4.326099999999999,0,0,0,BTM00084,BTM00084,Aromatic hydroxylation of fused benzene ring,BTMR1030,"CYP1A2
CYP2A6
CYP2B6
CYP2C8
CYP2C9
CYP2C19
CYP2D6
CYP2E1
CYP3A4",HUMAN,BTM00016,CC(C(N1C2=CC=CC=C2CCC3=CC=CC=C31)O)CN(C)C,"InChI=1S/C20H26N2O/c1-15(14-21(2)3)20(23)22-18-10-6-4-8-16(18)12-13-17-9-5-7-11-19(17)22/h4-11,15,20,23H,12-14H2,1-3H3",DVJXETSKZIUYFQ-UHFFFAOYSA-N,4.5935,310.204513452
"InChI=1S/C20H26N2O2/c1-15(14-22(2,3)24)20(23)21-18-10-6-4-8-16(18)12-13-17-9-5-7-11-19(17)21/h4-11,15,20,23H,12-14H2,1-3H3",AEBCDVNCBCKCKE-UHFFFAOYSA-N,CC(C(N1C2=CC=CC=C2CCC3=CC=CC=C31)O)C[N+](C)(C)[O-],,,C20H26N2O2,326.199428072,4.188399999999999,0,0,0,BTM00090,BTM00090,N-Oxidation of aliphatic tertiary amine,BTMR1100,"CYP1A2
CYP2D6
CYP3A4",HUMAN,BTM00016,CC(C(N1C2=CC=CC=C2CCC3=CC=CC=C31)O)CN(C)C,"InChI=1S/C20H26N2O/c1-15(14-21(2)3)20(23)22-18-10-6-4-8-16(18)12-13-17-9-5-7-11-19(17)22/h4-11,15,20,23H,12-14H2,1-3H3",DVJXETSKZIUYFQ-UHFFFAOYSA-N,4.5935,310.204513452
"InChI=1S/C20H26N2O2/c1-14(13-21(2)3)20(24)22-17-9-5-4-7-15(17)11-12-16-8-6-10-18(23)19(16)22/h4-10,14,20,23-24H,11-13H2,1-3H3",PJZHKHZBQOZMSL-UHFFFAOYSA-N,CC(C(N1C2=CC=CC=C2CCC3=CC=CC(=C31)O)O)CN(C)C,,,C20H26N2O2,326.199428072,4.326099999999999,0,0,0,BTM00100,BTM00100,Aromatic hydroxylation of fused benzene ring,BTMR1031,"CYP1A2
CYP2B6
CYP2C8
CYP2C9
CYP2C19
CYP2D6
CYP3A4",HUMAN,BTM00016,CC(C(N1C2=CC=CC=C2CCC3=CC=CC=C31)O)CN(C)C,"InChI=1S/C20H26N2O/c1-15(14-21(2)3)20(23)22-18-10-6-4-8-16(18)12-13-17-9-5-7-11-19(17)22/h4-11,15,20,23H,12-14H2,1-3H3",DVJXETSKZIUYFQ-UHFFFAOYSA-N,4.5935,310.204513452
"InChI=1S/C20H26N2O2/c1-14(13-21(2)3)20(24)22-17-8-5-4-7-15(17)11-12-16-18(22)9-6-10-19(16)23/h4-10,14,20,23-24H,11-13H2,1-3H3",DCUMSEIAEQYSJV-UHFFFAOYSA-N,CC(C(N1C2=CC=CC=C2CCC3=C(C=CC=C31)O)O)CN(C)C,,,C20H26N2O2,326.199428072,4.326099999999999,0,0,0,BTM00108,BTM00108,Aromatic hydroxylation of fused benzene ring,BTMR1032,"CYP1A2
CYP2B6
CYP2C8
CYP2C9
CYP2C19
CYP2D6
CYP3A4",HUMAN,BTM00016,CC(C(N1C2=CC=CC=C2CCC3=CC=CC=C31)O)CN(C)C,"InChI=1S/C20H26N2O/c1-15(14-21(2)3)20(23)22-18-10-6-4-8-16(18)12-13-17-9-5-7-11-19(17)22/h4-11,15,20,23H,12-14H2,1-3H3",DVJXETSKZIUYFQ-UHFFFAOYSA-N,4.5935,310.204513452
"InChI=1S/C20H26N2O2/c1-21(2)13-17(14-23)20(24)22-18-9-5-3-7-15(18)11-12-16-8-4-6-10-19(16)22/h3-10,17,20,23-24H,11-14H2,1-2H3",CGIDTYIDZHGCAU-UHFFFAOYSA-N,C(C(C(N1C2=CC=CC=C2CCC3=CC=CC=C31)O)CN(C)C)O,,,C20H26N2O2,326.199428072,3.2310000000000003,0,0,0,BTM00114,BTM00114,Hydroxylation of terminal methyl,BTMR1061,"CYP1A2
CYP2A6
CYP2B6
CYP2C8
CYP2C9
CYP2C19
CYP2D6
CYP2E1
CYP3A4",HUMAN,BTM00016,CC(C(N1C2=CC=CC=C2CCC3=CC=CC=C31)O)CN(C)C,"InChI=1S/C20H26N2O/c1-15(14-21(2)3)20(23)22-18-10-6-4-8-16(18)12-13-17-9-5-7-11-19(17)22/h4-11,15,20,23H,12-14H2,1-3H3",DVJXETSKZIUYFQ-UHFFFAOYSA-N,4.5935,310.204513452
"InChI=1S/C20H24N2O/c1-15(14-21(2)3)20(23)22-18-10-6-4-8-16(18)12-13-17-9-5-7-11-19(17)22/h4-11,20,23H,1,12-14H2,2-3H3",FZAURDWVUWJHAE-UHFFFAOYSA-N,C=C(C(N1C2=CC=CC=C2CCC3=CC=CC=C31)O)CN(C)C,,,C20H24N2O,308.188863388,4.497699999999999,0,0,0,BTM00119,BTM00119,Terminal desaturation,BTMR1190,"CYP1A2
CYP2A6
CYP2C9
CYP2D6
CYP3A4",HUMAN,BTM00016,CC(C(N1C2=CC=CC=C2CCC3=CC=CC=C31)O)CN(C)C,"InChI=1S/C20H26N2O/c1-15(14-21(2)3)20(23)22-18-10-6-4-8-16(18)12-13-17-9-5-7-11-19(17)22/h4-11,15,20,23H,12-14H2,1-3H3",DVJXETSKZIUYFQ-UHFFFAOYSA-N,4.5935,310.204513452
"InChI=1S/C18H19NO2/c1-13(12-20)18(21)19-16-8-4-2-6-14(16)10-11-15-7-3-5-9-17(15)19/h2-9,12-13,18,21H,10-11H2,1H3",VVKPDQRQBINDDN-UHFFFAOYSA-N,CC(C(N1C2=CC=CC=C2CCC3=CC=CC=C31)O)C=O,,,C18H19NO2,281.14157884800005,4.061300000000001,0,0,0,BTM00121,BTM00121,N-Dealkylation of acyclic tertiary amine,BTMR1142,"CYP1A2
CYP2A6
CYP2B6
CYP2C8
CYP2C9
CYP2C19
CYP2D6
CYP2E1
CYP3A4",HUMAN,BTM00016,CC(C(N1C2=CC=CC=C2CCC3=CC=CC=C31)O)CN(C)C,"InChI=1S/C20H26N2O/c1-15(14-21(2)3)20(23)22-18-10-6-4-8-16(18)12-13-17-9-5-7-11-19(17)22/h4-11,15,20,23H,12-14H2,1-3H3",DVJXETSKZIUYFQ-UHFFFAOYSA-N,4.5935,310.204513452
"InChI=1S/C2H7N/c1-3-2/h3H,1-2H3",ROSDSFDQCJNGOL-UHFFFAOYSA-N,N(C)C,,,C2H7N,45.057849224,-0.21580000000000035,0,0,0,BTM00012,BTM00012,N-Dealkylation of acyclic tertiary amine,BTMR1142,"CYP1A2
CYP2A6
CYP2B6
CYP2C8
CYP2C9
CYP2C19
CYP2D6
CYP2E1
CYP3A4",HUMAN,BTM00016,CC(C(N1C2=CC=CC=C2CCC3=CC=CC=C31)O)CN(C)C,"InChI=1S/C20H26N2O/c1-15(14-21(2)3)20(23)22-18-10-6-4-8-16(18)12-13-17-9-5-7-11-19(17)22/h4-11,15,20,23H,12-14H2,1-3H3",DVJXETSKZIUYFQ-UHFFFAOYSA-N,4.5935,310.204513452
"InChI=1S/C19H24N2O/c1-14(13-20-2)19(22)21-17-9-5-3-7-15(17)11-12-16-8-4-6-10-18(16)21/h3-10,14,19-20,22H,11-13H2,1-2H3",GNAVBJXBVQIAOU-UHFFFAOYSA-N,CC(C(N1C2=CC=CC=C2CCC3=CC=CC=C31)O)CNC,,,C19H24N2O,296.188863388,4.057600000000001,0,0,0,BTM00125,BTM00125,N-Dealkylation of acyclic tertiary amine,BTMR1142,"CYP1A2
CYP2A6
CYP2B6
CYP2C8
CYP2C9
CYP2C19
CYP2D6
CYP2E1
CYP3A4",HUMAN,BTM00016,CC(C(N1C2=CC=CC=C2CCC3=CC=CC=C31)O)CN(C)C,"InChI=1S/C20H26N2O/c1-15(14-21(2)3)20(23)22-18-10-6-4-8-16(18)12-13-17-9-5-7-11-19(17)22/h4-11,15,20,23H,12-14H2,1-3H3",DVJXETSKZIUYFQ-UHFFFAOYSA-N,4.5935,310.204513452
"InChI=1S/C20H26N2O2/c1-20(24,14-21(2)3)19(23)22-17-10-6-4-8-15(17)12-13-16-9-5-7-11-18(16)22/h4-11,19,23-24H,12-14H2,1-3H3",XVDLQANPDWOZHD-UHFFFAOYSA-N,CC(C(N1C2=CC=CC=C2CCC3=CC=CC=C31)O)(CN(C)C)O,,,C20H26N2O2,326.199428072,3.6801000000000013,0,0,0,BTM00127,BTM00127,Hydroxylation of penultimate aliphatic tertiary carbon,BTMR1075,"CYP2A6
CYP2B6
CYP2C8
CYP2C9
CYP2D6
CYP3A4",HUMAN,BTM00016,CC(C(N1C2=CC=CC=C2CCC3=CC=CC=C31)O)CN(C)C,"InChI=1S/C20H26N2O/c1-15(14-21(2)3)20(23)22-18-10-6-4-8-16(18)12-13-17-9-5-7-11-19(17)22/h4-11,15,20,23H,12-14H2,1-3H3",DVJXETSKZIUYFQ-UHFFFAOYSA-N,4.5935,310.204513452
"InChI=1S/C20H26N2O2/c1-14(19(23)21(2)3)20(24)22-17-10-6-4-8-15(17)12-13-16-9-5-7-11-18(16)22/h4-11,14,19-20,23-24H,12-13H2,1-3H3",MFDYUESPXXSTGC-UHFFFAOYSA-N,CC(C(N1C2=CC=CC=C2CCC3=CC=CC=C31)O)C(N(C)C)O,,,C20H26N2O2,326.199428072,3.982,0,0,0,BTM00130,BTM00130,Aliphatic hydroxylation of carbon alpha to secondary or tertiary alkyl-N,BTMR1081,"CYP2B6
CYP2C19
CYP2D6",HUMAN,BTM00016,CC(C(N1C2=CC=CC=C2CCC3=CC=CC=C31)O)CN(C)C,"InChI=1S/C20H26N2O/c1-15(14-21(2)3)20(23)22-18-10-6-4-8-16(18)12-13-17-9-5-7-11-19(17)22/h4-11,15,20,23H,12-14H2,1-3H3",DVJXETSKZIUYFQ-UHFFFAOYSA-N,4.5935,310.204513452
