InChI,InChIKey,SMILES,Synonyms,PUBCHEM_CID,Molecular formula,Major Isotope Mass,ALogP,Lipinski_Violations,Insecticide_Likeness_Violations,Post_Em_Herbicide_Likeness_Violations,Metabolite ID,cdk:Title,Reaction,Reaction ID,Enzyme(s),Biosystem,Precursor ID,Precursor SMILES,Precursor InChI,Precursor InChIKey,Precursor ALogP,Precursor Major Isotope Mass
"InChI=1S/C23H21F7N4O4/c1-21(36,13-8-14(22(25,26)27)10-15(9-13)23(28,29)30)38-19-18(12-2-4-16(24)5-3-12)34(6-7-37-19)11-17-31-20(35)33-32-17/h2-5,8-10,18-19,36H,6-7,11H2,1H3,(H2,31,32,33,35)",OQXLGZFXSCOEPG-UHFFFAOYSA-N,CC(C1=CC(=CC(=C1)C(F)(F)F)C(F)(F)F)(OC2C(N(CCO2)CC3=NC(=O)NN3)C4=CC=C(C=C4)F)O,,,C23H21F7N4O4,550.145102692,5.147300000000001,1,1,1,BTM00001,BTM00001,Hydroxylation of non-terminal aliphatic carbon adjacent to aromatic ring,BTMR1077,"CYP1A2
CYP2C8
CYP2C9
CYP2D6
CYP3A4",HUMAN,,CC(C1=CC(=CC(=C1)C(F)(F)F)C(F)(F)F)OC2C(N(CCO2)CC3=NC(=O)NN3)C4=CC=C(C=C4)F,"InChI=1S/C23H21F7N4O3/c1-12(14-8-15(22(25,26)27)10-16(9-14)23(28,29)30)37-20-19(13-2-4-17(24)5-3-13)34(6-7-36-20)11-18-31-21(35)33-32-18/h2-5,8-10,12,19-20H,6-7,11H2,1H3,(H2,31,32,33,35)",ATALOFNDEOCMKK-UHFFFAOYSA-N,,534.1501
"InChI=1S/C23H21F7N4O4/c1-12(14-8-15(22(25,26)27)10-16(9-14)23(28,29)30)38-20-19(13-2-4-17(24)5-3-13)34(36,6-7-37-20)11-18-31-21(35)33-32-18/h2-5,8-10,12,19-20H,6-7,11H2,1H3,(H2,31,32,33,35)",CXAQOLFUIZCJSQ-UHFFFAOYSA-N,CC(C1=CC(=CC(=C1)C(F)(F)F)C(F)(F)F)OC2C([N+](CCO2)(CC3=NC(=O)NN3)[O-])C4=CC=C(C=C4)F,,,C23H21F7N4O4,550.145102692,5.520300000000001,1,0,0,BTM00002,BTM00002,N-Oxidation of alicyclic tertiary amine,BTMR1099,"CYP1A2
CYP2C8
CYP2C19
CYP2D6
CYP3A4",HUMAN,,CC(C1=CC(=CC(=C1)C(F)(F)F)C(F)(F)F)OC2C(N(CCO2)CC3=NC(=O)NN3)C4=CC=C(C=C4)F,"InChI=1S/C23H21F7N4O3/c1-12(14-8-15(22(25,26)27)10-16(9-14)23(28,29)30)37-20-19(13-2-4-17(24)5-3-13)34(6-7-36-20)11-18-31-21(35)33-32-18/h2-5,8-10,12,19-20H,6-7,11H2,1H3,(H2,31,32,33,35)",ATALOFNDEOCMKK-UHFFFAOYSA-N,,534.1501
"InChI=1S/C20H18F7NO2/c1-11(13-8-14(19(22,23)24)10-15(9-13)20(25,26)27)30-18-17(28-6-7-29-18)12-2-4-16(21)5-3-12/h2-5,8-11,17-18,28H,6-7H2,1H3",AFBDSAJOMZYQAI-UHFFFAOYSA-N,CC(C1=CC(=CC(=C1)C(F)(F)F)C(F)(F)F)OC2C(NCCO2)C3=CC=C(C=C3)F,,,C20H18F7NO2,437.12257635599997,5.204000000000001,1,0,0,BTM00003,BTM00003,N-Dealkylation of alicyclic tertiary amine,BTMR1144,"CYP1A2
CYP2A6
CYP2B6
CYP2C8
CYP2C9
CYP2C19
CYP2D6
CYP3A4",HUMAN,,CC(C1=CC(=CC(=C1)C(F)(F)F)C(F)(F)F)OC2C(N(CCO2)CC3=NC(=O)NN3)C4=CC=C(C=C4)F,"InChI=1S/C23H21F7N4O3/c1-12(14-8-15(22(25,26)27)10-16(9-14)23(28,29)30)37-20-19(13-2-4-17(24)5-3-13)34(6-7-36-20)11-18-31-21(35)33-32-18/h2-5,8-10,12,19-20H,6-7,11H2,1H3,(H2,31,32,33,35)",ATALOFNDEOCMKK-UHFFFAOYSA-N,,534.1501
"InChI=1S/C3H3N3O2/c7-1-2-4-3(8)6-5-2/h1H,(H2,4,5,6,8)",YLAKZWGIZJMOJV-UHFFFAOYSA-N,C(C1=NC(=O)NN1)=O,,,C3H3N3O2,113.022526336,0.19140000000000001,0,0,0,BTM00004,BTM00004,N-Dealkylation of alicyclic tertiary amine,BTMR1144,"CYP1A2
CYP2A6
CYP2B6
CYP2C8
CYP2C9
CYP2C19
CYP2D6
CYP3A4",HUMAN,,CC(C1=CC(=CC(=C1)C(F)(F)F)C(F)(F)F)OC2C(N(CCO2)CC3=NC(=O)NN3)C4=CC=C(C=C4)F,"InChI=1S/C23H21F7N4O3/c1-12(14-8-15(22(25,26)27)10-16(9-14)23(28,29)30)37-20-19(13-2-4-17(24)5-3-13)34(6-7-36-20)11-18-31-21(35)33-32-18/h2-5,8-10,12,19-20H,6-7,11H2,1H3,(H2,31,32,33,35)",ATALOFNDEOCMKK-UHFFFAOYSA-N,,534.1501
"InChI=1S/C23H21F7N4O4/c1-11(13-6-14(22(25,26)27)8-15(7-13)23(28,29)30)38-20-19(12-2-4-16(24)5-3-12)34(18(35)10-37-20)9-17-31-21(36)33-32-17/h2-8,11,18-20,35H,9-10H2,1H3,(H2,31,32,33,36)",RJRUMVKFSXQBOR-UHFFFAOYSA-N,CC(C1=CC(=CC(=C1)C(F)(F)F)C(F)(F)F)OC2C(N(C(CO2)O)CC3=NC(=O)NN3)C4=CC=C(C=C4)F,,,C23H21F7N4O4,550.1451026919999,5.585700000000001,1,1,1,BTM00005,BTM00005,Hydroxylation of heteroalicyclic secondary carbon,BTMR1070,"CYP1A2
CYP2A6
CYP2C9
CYP2D6
CYP3A4",HUMAN,,CC(C1=CC(=CC(=C1)C(F)(F)F)C(F)(F)F)OC2C(N(CCO2)CC3=NC(=O)NN3)C4=CC=C(C=C4)F,"InChI=1S/C23H21F7N4O3/c1-12(14-8-15(22(25,26)27)10-16(9-14)23(28,29)30)37-20-19(13-2-4-17(24)5-3-13)34(6-7-36-20)11-18-31-21(35)33-32-18/h2-5,8-10,12,19-20H,6-7,11H2,1H3,(H2,31,32,33,35)",ATALOFNDEOCMKK-UHFFFAOYSA-N,,534.1501
"InChI=1S/C23H21F7N4O4/c1-11(13-6-14(22(25,26)27)8-15(7-13)23(28,29)30)38-20-19(12-2-4-16(24)5-3-12)34(18(35)10-37-20)9-17-31-21(36)33-32-17/h2-8,11,18-20,35H,9-10H2,1H3,(H2,31,32,33,36)",RJRUMVKFSXQBOR-UHFFFAOYSA-N,CC(C1=CC(=CC(=C1)C(F)(F)F)C(F)(F)F)OC2C(N(C(CO2)O)CC3=NC(=O)NN3)C4=CC=C(C=C4)F,,,C23H21F7N4O4,550.1451026919999,5.585700000000001,1,1,1,BTM00005,BTM00005,Hydroxylation of heteroalicyclic secondary carbon,BTMR1071,CYP1A2,HUMAN,,CC(C1=CC(=CC(=C1)C(F)(F)F)C(F)(F)F)OC2C(N(CCO2)CC3=NC(=O)NN3)C4=CC=C(C=C4)F,"InChI=1S/C23H21F7N4O3/c1-12(14-8-15(22(25,26)27)10-16(9-14)23(28,29)30)37-20-19(13-2-4-17(24)5-3-13)34(6-7-36-20)11-18-31-21(35)33-32-18/h2-5,8-10,12,19-20H,6-7,11H2,1H3,(H2,31,32,33,35)",ATALOFNDEOCMKK-UHFFFAOYSA-N,,534.1501
"InChI=1S/C23H21F7N4O4/c1-11(13-6-14(22(25,26)27)8-15(7-13)23(28,29)30)37-20-19(12-2-4-16(24)5-3-12)34(10-18(35)38-20)9-17-31-21(36)33-32-17/h2-8,11,18-20,35H,9-10H2,1H3,(H2,31,32,33,36)",YIITVNVDERVSMO-UHFFFAOYSA-N,CC(C1=CC(=CC(=C1)C(F)(F)F)C(F)(F)F)OC2C(N(CC(O2)O)CC3=NC(=O)NN3)C4=CC=C(C=C4)F,,,C23H21F7N4O4,550.145102692,5.585700000000001,1,1,1,BTM00006,BTM00006,Hydroxylation of heteroalicyclic secondary carbon,BTMR1071,CYP1A2,HUMAN,,CC(C1=CC(=CC(=C1)C(F)(F)F)C(F)(F)F)OC2C(N(CCO2)CC3=NC(=O)NN3)C4=CC=C(C=C4)F,"InChI=1S/C23H21F7N4O3/c1-12(14-8-15(22(25,26)27)10-16(9-14)23(28,29)30)37-20-19(13-2-4-17(24)5-3-13)34(6-7-36-20)11-18-31-21(35)33-32-18/h2-5,8-10,12,19-20H,6-7,11H2,1H3,(H2,31,32,33,35)",ATALOFNDEOCMKK-UHFFFAOYSA-N,,534.1501
"InChI=1S/C23H21F7N4O4/c24-16-3-1-12(2-4-16)19-20(37-6-5-34(19)10-18-31-21(36)33-32-18)38-17(11-35)13-7-14(22(25,26)27)9-15(8-13)23(28,29)30/h1-4,7-9,17,19-20,35H,5-6,10-11H2,(H2,31,32,33,36)",HKSPYQLHTAGSCY-UHFFFAOYSA-N,C(C(C1=CC(=CC(=C1)C(F)(F)F)C(F)(F)F)OC2C(N(CCO2)CC3=NC(=O)NN3)C4=CC=C(C=C4)F)O,,,C23H21F7N4O4,550.145102692,5.037200000000002,1,1,1,BTM00007,BTM00007,Hydroxylation of terminal methyl,BTMR1061,"CYP1A2
CYP2A6
CYP2B6
CYP2C8
CYP2C9
CYP2C19
CYP2D6
CYP2E1
CYP3A4",HUMAN,,CC(C1=CC(=CC(=C1)C(F)(F)F)C(F)(F)F)OC2C(N(CCO2)CC3=NC(=O)NN3)C4=CC=C(C=C4)F,"InChI=1S/C23H21F7N4O3/c1-12(14-8-15(22(25,26)27)10-16(9-14)23(28,29)30)37-20-19(13-2-4-17(24)5-3-13)34(6-7-36-20)11-18-31-21(35)33-32-18/h2-5,8-10,12,19-20H,6-7,11H2,1H3,(H2,31,32,33,35)",ATALOFNDEOCMKK-UHFFFAOYSA-N,,534.1501
"InChI=1S/C23H19F7N4O3/c1-12(14-8-15(22(25,26)27)10-16(9-14)23(28,29)30)37-20-19(13-2-4-17(24)5-3-13)34(6-7-36-20)11-18-31-21(35)33-32-18/h2-5,8-10,19-20H,1,6-7,11H2,(H2,31,32,33,35)",HIZDVORUIJNMKW-UHFFFAOYSA-N,C=C(C1=CC(=CC(=C1)C(F)(F)F)C(F)(F)F)OC2C(N(CCO2)CC3=NC(=O)NN3)C4=CC=C(C=C4)F,,,C23H19F7N4O3,532.1345380079999,5.797000000000001,2,0,0,BTM00008,BTM00008,Terminal desaturation,BTMR1190,"CYP1A2
CYP2A6
CYP2C9
CYP2D6
CYP3A4",HUMAN,,CC(C1=CC(=CC(=C1)C(F)(F)F)C(F)(F)F)OC2C(N(CCO2)CC3=NC(=O)NN3)C4=CC=C(C=C4)F,"InChI=1S/C23H21F7N4O3/c1-12(14-8-15(22(25,26)27)10-16(9-14)23(28,29)30)37-20-19(13-2-4-17(24)5-3-13)34(6-7-36-20)11-18-31-21(35)33-32-18/h2-5,8-10,12,19-20H,6-7,11H2,1H3,(H2,31,32,33,35)",ATALOFNDEOCMKK-UHFFFAOYSA-N,,534.1501
"InChI=1S/C23H21F7N4O4/c1-11(13-6-14(22(25,26)27)9-15(7-13)23(28,29)30)38-20-19(12-2-3-16(24)17(35)8-12)34(4-5-37-20)10-18-31-21(36)33-32-18/h2-3,6-9,11,19-20,35H,4-5,10H2,1H3,(H2,31,32,33,36)",ZUUPDHKUNLROQZ-UHFFFAOYSA-N,CC(C1=CC(=CC(=C1)C(F)(F)F)C(F)(F)F)OC2C(N(CCO2)CC3=NC(=O)NN3)C4=CC(=C(C=C4)F)O,,,C23H21F7N4O4,550.145102692,5.658000000000002,1,1,1,BTM00009,BTM00009,Hydroxylation of aromatic carbon ortho to halide group,BTMR1040,"CYP1A2
CYP2A6
CYP2B6
CYP2C8
CYP2C9
CYP2C19
CYP2D6
CYP2E1
CYP3A4",HUMAN,,CC(C1=CC(=CC(=C1)C(F)(F)F)C(F)(F)F)OC2C(N(CCO2)CC3=NC(=O)NN3)C4=CC=C(C=C4)F,"InChI=1S/C23H21F7N4O3/c1-12(14-8-15(22(25,26)27)10-16(9-14)23(28,29)30)37-20-19(13-2-4-17(24)5-3-13)34(6-7-36-20)11-18-31-21(35)33-32-18/h2-5,8-10,12,19-20H,6-7,11H2,1H3,(H2,31,32,33,35)",ATALOFNDEOCMKK-UHFFFAOYSA-N,,534.1501
"InChI=1S/C23H21F7N4O4/c1-11(12-6-13(22(25,26)27)8-14(7-12)23(28,29)30)38-20-19(16-3-2-15(24)9-17(16)35)34(4-5-37-20)10-18-31-21(36)33-32-18/h2-3,6-9,11,19-20,35H,4-5,10H2,1H3,(H2,31,32,33,36)",QVABEHWAMKODGY-UHFFFAOYSA-N,CC(C1=CC(=CC(=C1)C(F)(F)F)C(F)(F)F)OC2C(N(CCO2)CC3=NC(=O)NN3)C4=C(C=C(C=C4)F)O,,,C23H21F7N4O4,550.145102692,5.658000000000002,1,1,1,BTM00010,BTM00010,Hydroxylation of aromatic carbon meta to halide group,BTMR1039,"CYP2A6
CYP2B6
CYP2C9
CYP2C19
CYP2E1
CYP3A4",HUMAN,,CC(C1=CC(=CC(=C1)C(F)(F)F)C(F)(F)F)OC2C(N(CCO2)CC3=NC(=O)NN3)C4=CC=C(C=C4)F,"InChI=1S/C23H21F7N4O3/c1-12(14-8-15(22(25,26)27)10-16(9-14)23(28,29)30)37-20-19(13-2-4-17(24)5-3-13)34(6-7-36-20)11-18-31-21(35)33-32-18/h2-5,8-10,12,19-20H,6-7,11H2,1H3,(H2,31,32,33,35)",ATALOFNDEOCMKK-UHFFFAOYSA-N,,534.1501
"InChI=1S/C23H21F7N4O4/c1-12(13-8-15(22(25,26)27)10-16(9-13)23(28,29)30)38-19-21(36,14-2-4-17(24)5-3-14)34(6-7-37-19)11-18-31-20(35)33-32-18/h2-5,8-10,12,19,36H,6-7,11H2,1H3,(H2,31,32,33,35)",UDYLXAILXFTXIU-UHFFFAOYSA-N,CC(C1=CC(=CC(=C1)C(F)(F)F)C(F)(F)F)OC2C(N(CCO2)CC3=NC(=O)NN3)(C4=CC=C(C=C4)F)O,,,C23H21F7N4O4,550.145102692,5.535500000000001,1,1,1,BTM00011,BTM00011,Aliphatic hydroxylation of carbon alpha to secondary or tertiary alkyl-N,BTMR1081,"CYP2B6
CYP2C19
CYP2D6",HUMAN,,CC(C1=CC(=CC(=C1)C(F)(F)F)C(F)(F)F)OC2C(N(CCO2)CC3=NC(=O)NN3)C4=CC=C(C=C4)F,"InChI=1S/C23H21F7N4O3/c1-12(14-8-15(22(25,26)27)10-16(9-14)23(28,29)30)37-20-19(13-2-4-17(24)5-3-13)34(6-7-36-20)11-18-31-21(35)33-32-18/h2-5,8-10,12,19-20H,6-7,11H2,1H3,(H2,31,32,33,35)",ATALOFNDEOCMKK-UHFFFAOYSA-N,,534.1501
"InChI=1S/C23H21F7N4O4/c1-11(13-8-14(22(25,26)27)10-15(9-13)23(28,29)30)38-20-17(12-2-4-16(24)5-3-12)34(6-7-37-20)19(35)18-31-21(36)33-32-18/h2-5,8-11,17,19-20,35H,6-7H2,1H3,(H2,31,32,33,36)",FVHSAOXFGWXNEW-UHFFFAOYSA-N,CC(C1=CC(=CC(=C1)C(F)(F)F)C(F)(F)F)OC2C(N(CCO2)C(C3=NC(=O)NN3)O)C4=CC=C(C=C4)F,,,C23H21F7N4O4,550.145102692,5.585700000000001,2,1,1,BTM00012,BTM00012,Aliphatic hydroxylation of carbon alpha to secondary or tertiary alkyl-N,BTMR1081,"CYP2B6
CYP2C19
CYP2D6",HUMAN,,CC(C1=CC(=CC(=C1)C(F)(F)F)C(F)(F)F)OC2C(N(CCO2)CC3=NC(=O)NN3)C4=CC=C(C=C4)F,"InChI=1S/C23H21F7N4O3/c1-12(14-8-15(22(25,26)27)10-16(9-14)23(28,29)30)37-20-19(13-2-4-17(24)5-3-13)34(6-7-36-20)11-18-31-21(35)33-32-18/h2-5,8-10,12,19-20H,6-7,11H2,1H3,(H2,31,32,33,35)",ATALOFNDEOCMKK-UHFFFAOYSA-N,,534.1501
"InChI=1S/C23H21F7N4O4/c1-11(13-6-14(22(25,26)27)8-15(7-13)23(28,29)30)38-20-19(12-2-4-16(24)5-3-12)34(18(35)10-37-20)9-17-31-21(36)33-32-17/h2-8,11,18-20,35H,9-10H2,1H3,(H2,31,32,33,36)",RJRUMVKFSXQBOR-UHFFFAOYSA-N,CC(C1=CC(=CC(=C1)C(F)(F)F)C(F)(F)F)OC2C(N(C(CO2)O)CC3=NC(=O)NN3)C4=CC=C(C=C4)F,,,C23H21F7N4O4,550.1451026919999,5.585700000000001,1,1,1,BTM00005,BTM00005,Aliphatic hydroxylation of carbon alpha to secondary or tertiary alkyl-N,BTMR1081,"CYP2B6
CYP2C19
CYP2D6",HUMAN,,CC(C1=CC(=CC(=C1)C(F)(F)F)C(F)(F)F)OC2C(N(CCO2)CC3=NC(=O)NN3)C4=CC=C(C=C4)F,"InChI=1S/C23H21F7N4O3/c1-12(14-8-15(22(25,26)27)10-16(9-14)23(28,29)30)37-20-19(13-2-4-17(24)5-3-13)34(6-7-36-20)11-18-31-21(35)33-32-18/h2-5,8-10,12,19-20H,6-7,11H2,1H3,(H2,31,32,33,35)",ATALOFNDEOCMKK-UHFFFAOYSA-N,,534.1501
"InChI=1S/C29H29F7N4O10/c1-12(14-8-15(28(31,32)33)10-16(9-14)29(34,35)36)48-25-19(13-2-4-17(30)5-3-13)40(6-7-47-25,11-18-37-27(46)39-38-18)50-26-22(43)20(41)21(42)23(49-26)24(44)45/h2-5,8-10,12,19-23,25-26,41-43H,6-7,11H2,1H3,(H2-,37,38,39,44,45,46)/p+1",VOINHDSOCNOBQD-UHFFFAOYSA-O,CC(C1=CC(=CC(=C1)C(F)(F)F)C(F)(F)F)OC2C([N+](CCO2)(CC3=NC(=O)NN3)OC4OC(C(O)C(O)C4O)C(O)=O)C5=CC=C(C=C5)F,,,[C29H30F7N4O10]+,727.1850157,2.4700000000000015,2,1,1,BTM00013,BTM00013,O-Glucuronidation of N-oxide,BTMR0184,EC 2.4.1.17,HUMAN,BTM00002,CC(C1=CC(=CC(=C1)C(F)(F)F)C(F)(F)F)OC2C([N+](CCO2)(CC3=NC(=O)NN3)[O-])C4=CC=C(C=C4)F,"InChI=1S/C23H21F7N4O4/c1-12(14-8-15(22(25,26)27)10-16(9-14)23(28,29)30)38-20-19(13-2-4-17(24)5-3-13)34(36,6-7-37-20)11-18-31-21(35)33-32-18/h2-5,8-10,12,19-20H,6-7,11H2,1H3,(H2,31,32,33,35)",CXAQOLFUIZCJSQ-UHFFFAOYSA-N,5.520300000000001,550.145102692
"InChI=1S/C3H5N3O2/c7-1-2-4-3(8)6-5-2/h7H,1H2,(H2,4,5,6,8)",UPCXBOISTZRVFS-UHFFFAOYSA-N,C(C1=NC(=O)NN1)O,,,C3H5N3O2,115.0381764,-0.17249999999999988,0,1,1,BTM00014,BTM00014,Reduction of aldehyde,BTMR0367,EC 1.1.1.184,HUMAN,BTM00004,C(C1=NC(=O)NN1)=O,"InChI=1S/C3H3N3O2/c7-1-2-4-3(8)6-5-2/h1H,(H2,4,5,6,8)",YLAKZWGIZJMOJV-UHFFFAOYSA-N,0.19140000000000001,113.022526336
"InChI=1S/C3H3N3O3/c7-2(8)1-4-3(9)6-5-1/h(H,7,8)(H2,4,5,6,9)",KNSPHEMRHVERJM-UHFFFAOYSA-N,C(C1=NC(=O)NN1)(=O)O,,,C3H3N3O3,129.017440956,0.03640000000000004,0,1,1,BTM00015,BTM00015,Aldehyde oxidation,BTMR0050,EC 1.2.3.1,HUMAN,BTM00004,C(C1=NC(=O)NN1)=O,"InChI=1S/C3H3N3O2/c7-1-2-4-3(8)6-5-2/h1H,(H2,4,5,6,8)",YLAKZWGIZJMOJV-UHFFFAOYSA-N,0.19140000000000001,113.022526336
"InChI=1S/C29H29F7N4O10/c30-16-3-1-12(2-4-16)19-25(47-6-5-40(19)10-18-37-27(46)39-38-18)49-17(11-48-26-22(43)20(41)21(42)23(50-26)24(44)45)13-7-14(28(31,32)33)9-15(8-13)29(34,35)36/h1-4,7-9,17,19-23,25-26,41-43H,5-6,10-11H2,(H,44,45)(H2,37,38,39,46)",FVWJWBLVRDXUKH-UHFFFAOYSA-N,C(C(C1=CC(=CC(=C1)C(F)(F)F)C(F)(F)F)OC2C(N(CCO2)CC3=NC(=O)NN3)C4=CC=C(C=C4)F)OC5OC(C(O)=O)C(C(C5O)O)O,,,C29H29F7N4O10,726.177190668,3.4991999999999988,3,1,1,BTM00016,BTM00016,Alkyl-OH-glucuronidation,BTMR0165,EC 2.4.1.17,HUMAN,BTM00007,C(C(C1=CC(=CC(=C1)C(F)(F)F)C(F)(F)F)OC2C(N(CCO2)CC3=NC(=O)NN3)C4=CC=C(C=C4)F)O,"InChI=1S/C23H21F7N4O4/c24-16-3-1-12(2-4-16)19-20(37-6-5-34(19)10-18-31-21(36)33-32-18)38-17(11-35)13-7-14(22(25,26)27)9-15(8-13)23(28,29)30/h1-4,7-9,17,19-20,35H,5-6,10-11H2,(H2,31,32,33,36)",HKSPYQLHTAGSCY-UHFFFAOYSA-N,5.037200000000002,550.145102692
"InChI=1S/C23H21F7N4O7S/c24-16-3-1-12(2-4-16)19-20(39-6-5-34(19)10-18-31-21(35)33-32-18)41-17(11-40-42(36,37)38)13-7-14(22(25,26)27)9-15(8-13)23(28,29)30/h1-4,7-9,17,19-20H,5-6,10-11H2,(H,36,37,38)(H2,31,32,33,35)",PIWIROXEYKEVMU-UHFFFAOYSA-N,C(C(C1=CC(=CC(=C1)C(F)(F)F)C(F)(F)F)OC2C(N(CCO2)CC3=NC(=O)NN3)C4=CC=C(C=C4)F)OS(O)(=O)=O,,,C23H21F7N4O7S,630.101917552,4.457900000000002,1,1,1,BTM00017,BTM00017,Sulfation of primary alcohol,BTMR0501,EC 2.8.2.2,HUMAN,BTM00007,C(C(C1=CC(=CC(=C1)C(F)(F)F)C(F)(F)F)OC2C(N(CCO2)CC3=NC(=O)NN3)C4=CC=C(C=C4)F)O,"InChI=1S/C23H21F7N4O4/c24-16-3-1-12(2-4-16)19-20(37-6-5-34(19)10-18-31-21(36)33-32-18)38-17(11-35)13-7-14(22(25,26)27)9-15(8-13)23(28,29)30/h1-4,7-9,17,19-20,35H,5-6,10-11H2,(H2,31,32,33,36)",HKSPYQLHTAGSCY-UHFFFAOYSA-N,5.037200000000002,550.145102692
"InChI=1S/C29H29F7N4O10/c1-11(13-6-14(28(31,32)33)9-15(7-13)29(34,35)36)48-25-19(40(4-5-47-25)10-18-37-27(46)39-38-18)12-2-3-16(30)17(8-12)49-26-22(43)20(41)21(42)23(50-26)24(44)45/h2-3,6-9,11,19-23,25-26,41-43H,4-5,10H2,1H3,(H,44,45)(H2,37,38,39,46)",BNKGGHNJFOAXRV-UHFFFAOYSA-N,CC(C1=CC(=CC(=C1)C(F)(F)F)C(F)(F)F)OC2C(N(CCO2)CC3=NC(=O)NN3)C4=CC(=C(C=C4)F)OC5OC(C(O)=O)C(C(C5O)O)O,,,C29H29F7N4O10,726.177190668,3.9625000000000017,3,1,1,BTM00018,BTM00018,Aromatic OH-glucuronidation,BTMR0166,EC 2.4.1.17,HUMAN,BTM00009,CC(C1=CC(=CC(=C1)C(F)(F)F)C(F)(F)F)OC2C(N(CCO2)CC3=NC(=O)NN3)C4=CC(=C(C=C4)F)O,"InChI=1S/C23H21F7N4O4/c1-11(13-6-14(22(25,26)27)9-15(7-13)23(28,29)30)38-20-19(12-2-3-16(24)17(35)8-12)34(4-5-37-20)10-18-31-21(36)33-32-18/h2-3,6-9,11,19-20,35H,4-5,10H2,1H3,(H2,31,32,33,36)",ZUUPDHKUNLROQZ-UHFFFAOYSA-N,5.658000000000002,550.145102692
"InChI=1S/C23H21F7N4O7S/c1-11(13-6-14(22(25,26)27)9-15(7-13)23(28,29)30)40-20-19(12-2-3-16(24)17(8-12)41-42(36,37)38)34(4-5-39-20)10-18-31-21(35)33-32-18/h2-3,6-9,11,19-20H,4-5,10H2,1H3,(H,36,37,38)(H2,31,32,33,35)",QUGMMXWHZWXVSG-UHFFFAOYSA-N,CC(C1=CC(=CC(=C1)C(F)(F)F)C(F)(F)F)OC2C(N(CCO2)CC3=NC(=O)NN3)C4=CC(=C(C=C4)F)OS(O)(=O)=O,,,C23H21F7N4O7S,630.101917552,4.9212000000000025,1,1,1,BTM00019,BTM00019,Sulfonation of phenolic compound,BTMR1376,EC 2.8.2.1,HUMAN,BTM00009,CC(C1=CC(=CC(=C1)C(F)(F)F)C(F)(F)F)OC2C(N(CCO2)CC3=NC(=O)NN3)C4=CC(=C(C=C4)F)O,"InChI=1S/C23H21F7N4O4/c1-11(13-6-14(22(25,26)27)9-15(7-13)23(28,29)30)38-20-19(12-2-3-16(24)17(35)8-12)34(4-5-37-20)10-18-31-21(36)33-32-18/h2-3,6-9,11,19-20,35H,4-5,10H2,1H3,(H2,31,32,33,36)",ZUUPDHKUNLROQZ-UHFFFAOYSA-N,5.658000000000002,550.145102692
"InChI=1S/C24H23F7N4O4/c1-12(14-7-15(23(26,27)28)10-16(8-14)24(29,30)31)39-21-20(13-3-4-17(25)18(9-13)37-2)35(5-6-38-21)11-19-32-22(36)34-33-19/h3-4,7-10,12,20-21H,5-6,11H2,1-2H3,(H2,32,33,34,36)",VZGRYCLAAUTBNA-UHFFFAOYSA-N,CC(C1=CC(=CC(=C1)C(F)(F)F)C(F)(F)F)OC2C(N(CCO2)CC3=NC(=O)NN3)C4=CC(=C(C=C4)F)OC,,,C24H23F7N4O4,564.160752756,5.909000000000002,2,0,0,BTM00020,BTM00020,Methylation of phenolic compound,BTMR1377,EC 2.1.1.25,HUMAN,BTM00009,CC(C1=CC(=CC(=C1)C(F)(F)F)C(F)(F)F)OC2C(N(CCO2)CC3=NC(=O)NN3)C4=CC(=C(C=C4)F)O,"InChI=1S/C23H21F7N4O4/c1-11(13-6-14(22(25,26)27)9-15(7-13)23(28,29)30)38-20-19(12-2-3-16(24)17(35)8-12)34(4-5-37-20)10-18-31-21(36)33-32-18/h2-3,6-9,11,19-20,35H,4-5,10H2,1H3,(H2,31,32,33,36)",ZUUPDHKUNLROQZ-UHFFFAOYSA-N,5.658000000000002,550.145102692
"InChI=1S/C29H29F7N4O10/c1-11(12-6-13(28(31,32)33)8-14(7-12)29(34,35)36)48-25-19(40(4-5-47-25)10-18-37-27(46)39-38-18)16-3-2-15(30)9-17(16)49-26-22(43)20(41)21(42)23(50-26)24(44)45/h2-3,6-9,11,19-23,25-26,41-43H,4-5,10H2,1H3,(H,44,45)(H2,37,38,39,46)",OORYUGDFXAUHTK-UHFFFAOYSA-N,CC(C1=CC(=CC(=C1)C(F)(F)F)C(F)(F)F)OC2C(N(CCO2)CC3=NC(=O)NN3)C4=C(C=C(C=C4)F)OC5OC(C(O)=O)C(C(C5O)O)O,,,C29H29F7N4O10,726.177190668,3.9625000000000017,3,1,1,BTM00021,BTM00021,Aromatic OH-glucuronidation,BTMR0166,EC 2.4.1.17,HUMAN,BTM00010,CC(C1=CC(=CC(=C1)C(F)(F)F)C(F)(F)F)OC2C(N(CCO2)CC3=NC(=O)NN3)C4=C(C=C(C=C4)F)O,"InChI=1S/C23H21F7N4O4/c1-11(12-6-13(22(25,26)27)8-14(7-12)23(28,29)30)38-20-19(16-3-2-15(24)9-17(16)35)34(4-5-37-20)10-18-31-21(36)33-32-18/h2-3,6-9,11,19-20,35H,4-5,10H2,1H3,(H2,31,32,33,36)",QVABEHWAMKODGY-UHFFFAOYSA-N,5.658000000000002,550.145102692
"InChI=1S/C23H21F7N4O7S/c1-11(12-6-13(22(25,26)27)8-14(7-12)23(28,29)30)40-20-19(16-3-2-15(24)9-17(16)41-42(36,37)38)34(4-5-39-20)10-18-31-21(35)33-32-18/h2-3,6-9,11,19-20H,4-5,10H2,1H3,(H,36,37,38)(H2,31,32,33,35)",YQPLSNDFGHYADT-UHFFFAOYSA-N,CC(C1=CC(=CC(=C1)C(F)(F)F)C(F)(F)F)OC2C(N(CCO2)CC3=NC(=O)NN3)C4=C(C=C(C=C4)F)OS(O)(=O)=O,,,C23H21F7N4O7S,630.101917552,4.9212000000000025,1,1,1,BTM00022,BTM00022,Sulfonation of phenolic compound,BTMR1376,EC 2.8.2.1,HUMAN,BTM00010,CC(C1=CC(=CC(=C1)C(F)(F)F)C(F)(F)F)OC2C(N(CCO2)CC3=NC(=O)NN3)C4=C(C=C(C=C4)F)O,"InChI=1S/C23H21F7N4O4/c1-11(12-6-13(22(25,26)27)8-14(7-12)23(28,29)30)38-20-19(16-3-2-15(24)9-17(16)35)34(4-5-37-20)10-18-31-21(36)33-32-18/h2-3,6-9,11,19-20,35H,4-5,10H2,1H3,(H2,31,32,33,36)",QVABEHWAMKODGY-UHFFFAOYSA-N,5.658000000000002,550.145102692
"InChI=1S/C24H23F7N4O4/c1-12(13-7-14(23(26,27)28)9-15(8-13)24(29,30)31)39-21-20(17-4-3-16(25)10-18(17)37-2)35(5-6-38-21)11-19-32-22(36)34-33-19/h3-4,7-10,12,20-21H,5-6,11H2,1-2H3,(H2,32,33,34,36)",WLIMUTQSPBXRGA-UHFFFAOYSA-N,CC(C1=CC(=CC(=C1)C(F)(F)F)C(F)(F)F)OC2C(N(CCO2)CC3=NC(=O)NN3)C4=C(C=C(C=C4)F)OC,,,C24H23F7N4O4,564.160752756,5.909000000000002,2,0,0,BTM00023,BTM00023,Methylation of phenolic compound,BTMR1377,EC 2.1.1.25,HUMAN,BTM00010,CC(C1=CC(=CC(=C1)C(F)(F)F)C(F)(F)F)OC2C(N(CCO2)CC3=NC(=O)NN3)C4=C(C=C(C=C4)F)O,"InChI=1S/C23H21F7N4O4/c1-11(12-6-13(22(25,26)27)8-14(7-12)23(28,29)30)38-20-19(16-3-2-15(24)9-17(16)35)34(4-5-37-20)10-18-31-21(36)33-32-18/h2-3,6-9,11,19-20,35H,4-5,10H2,1H3,(H2,31,32,33,36)",QVABEHWAMKODGY-UHFFFAOYSA-N,5.658000000000002,550.145102692
"InChI=1S/C23H21F7N4O5/c1-21(36,13-8-14(22(25,26)27)10-15(9-13)23(28,29)30)39-19-18(12-2-4-16(24)5-3-12)34(37,6-7-38-19)11-17-31-20(35)33-32-17/h2-5,8-10,18-19,36H,6-7,11H2,1H3,(H2,31,32,33,35)",XDCOAAZNGVWCRH-UHFFFAOYSA-N,CC(C1=CC(=CC(=C1)C(F)(F)F)C(F)(F)F)(OC2C([N+](CCO2)(CC3=NC(=O)NN3)[O-])C4=CC=C(C=C4)F)O,,,C23H21F7N4O5,566.140017312,4.7422,1,1,1,BTM00024,BTM00024,N-Oxidation of alicyclic tertiary amine,BTMR1099,"CYP1A2
CYP2C8
CYP2C19
CYP2D6
CYP3A4",HUMAN,BTM00001,CC(C1=CC(=CC(=C1)C(F)(F)F)C(F)(F)F)(OC2C(N(CCO2)CC3=NC(=O)NN3)C4=CC=C(C=C4)F)O,"InChI=1S/C23H21F7N4O4/c1-21(36,13-8-14(22(25,26)27)10-15(9-13)23(28,29)30)38-19-18(12-2-4-16(24)5-3-12)34(6-7-37-19)11-17-31-20(35)33-32-17/h2-5,8-10,18-19,36H,6-7,11H2,1H3,(H2,31,32,33,35)",OQXLGZFXSCOEPG-UHFFFAOYSA-N,5.147300000000001,550.145102692
"InChI=1S/C20H18F7NO3/c1-18(29,12-8-13(19(22,23)24)10-14(9-12)20(25,26)27)31-17-16(28-6-7-30-17)11-2-4-15(21)5-3-11/h2-5,8-10,16-17,28-29H,6-7H2,1H3",YYTLBKUMWUZNRP-UHFFFAOYSA-N,CC(C1=CC(=CC(=C1)C(F)(F)F)C(F)(F)F)(OC2C(NCCO2)C3=CC=C(C=C3)F)O,,,C20H18F7NO3,453.117490976,4.425899999999999,0,0,0,BTM00025,BTM00025,N-Dealkylation of alicyclic tertiary amine,BTMR1144,"CYP1A2
CYP2A6
CYP2B6
CYP2C8
CYP2C9
CYP2C19
CYP2D6
CYP3A4",HUMAN,BTM00001,CC(C1=CC(=CC(=C1)C(F)(F)F)C(F)(F)F)(OC2C(N(CCO2)CC3=NC(=O)NN3)C4=CC=C(C=C4)F)O,"InChI=1S/C23H21F7N4O4/c1-21(36,13-8-14(22(25,26)27)10-15(9-13)23(28,29)30)38-19-18(12-2-4-16(24)5-3-12)34(6-7-37-19)11-17-31-20(35)33-32-17/h2-5,8-10,18-19,36H,6-7,11H2,1H3,(H2,31,32,33,35)",OQXLGZFXSCOEPG-UHFFFAOYSA-N,5.147300000000001,550.145102692
"InChI=1S/C3H3N3O2/c7-1-2-4-3(8)6-5-2/h1H,(H2,4,5,6,8)",YLAKZWGIZJMOJV-UHFFFAOYSA-N,C(C1=NC(=O)NN1)=O,,,C3H3N3O2,113.022526336,0.19140000000000001,0,0,0,BTM00004,BTM00004,N-Dealkylation of alicyclic tertiary amine,BTMR1144,"CYP1A2
CYP2A6
CYP2B6
CYP2C8
CYP2C9
CYP2C19
CYP2D6
CYP3A4",HUMAN,BTM00001,CC(C1=CC(=CC(=C1)C(F)(F)F)C(F)(F)F)(OC2C(N(CCO2)CC3=NC(=O)NN3)C4=CC=C(C=C4)F)O,"InChI=1S/C23H21F7N4O4/c1-21(36,13-8-14(22(25,26)27)10-15(9-13)23(28,29)30)38-19-18(12-2-4-16(24)5-3-12)34(6-7-37-19)11-17-31-20(35)33-32-17/h2-5,8-10,18-19,36H,6-7,11H2,1H3,(H2,31,32,33,35)",OQXLGZFXSCOEPG-UHFFFAOYSA-N,5.147300000000001,550.145102692
"InChI=1S/C23H21F7N4O5/c1-21(37,12-6-13(22(25,26)27)8-14(7-12)23(28,29)30)39-19-18(11-2-4-15(24)5-3-11)34(17(35)10-38-19)9-16-31-20(36)33-32-16/h2-8,17-19,35,37H,9-10H2,1H3,(H2,31,32,33,36)",XGSOLGWHACQKQH-UHFFFAOYSA-N,CC(C1=CC(=CC(=C1)C(F)(F)F)C(F)(F)F)(OC2C(N(C(CO2)O)CC3=NC(=O)NN3)C4=CC=C(C=C4)F)O,,,C23H21F7N4O5,566.140017312,4.8076,1,1,1,BTM00026,BTM00026,Hydroxylation of heteroalicyclic secondary carbon,BTMR1070,"CYP1A2
CYP2A6
CYP2C9
CYP2D6
CYP3A4",HUMAN,BTM00001,CC(C1=CC(=CC(=C1)C(F)(F)F)C(F)(F)F)(OC2C(N(CCO2)CC3=NC(=O)NN3)C4=CC=C(C=C4)F)O,"InChI=1S/C23H21F7N4O4/c1-21(36,13-8-14(22(25,26)27)10-15(9-13)23(28,29)30)38-19-18(12-2-4-16(24)5-3-12)34(6-7-37-19)11-17-31-20(35)33-32-17/h2-5,8-10,18-19,36H,6-7,11H2,1H3,(H2,31,32,33,35)",OQXLGZFXSCOEPG-UHFFFAOYSA-N,5.147300000000001,550.145102692
"InChI=1S/C23H21F7N4O5/c1-21(37,12-6-13(22(25,26)27)8-14(7-12)23(28,29)30)39-19-18(11-2-4-15(24)5-3-11)34(17(35)10-38-19)9-16-31-20(36)33-32-16/h2-8,17-19,35,37H,9-10H2,1H3,(H2,31,32,33,36)",XGSOLGWHACQKQH-UHFFFAOYSA-N,CC(C1=CC(=CC(=C1)C(F)(F)F)C(F)(F)F)(OC2C(N(C(CO2)O)CC3=NC(=O)NN3)C4=CC=C(C=C4)F)O,,,C23H21F7N4O5,566.140017312,4.8076,1,1,1,BTM00026,BTM00026,Hydroxylation of heteroalicyclic secondary carbon,BTMR1071,CYP1A2,HUMAN,BTM00001,CC(C1=CC(=CC(=C1)C(F)(F)F)C(F)(F)F)(OC2C(N(CCO2)CC3=NC(=O)NN3)C4=CC=C(C=C4)F)O,"InChI=1S/C23H21F7N4O4/c1-21(36,13-8-14(22(25,26)27)10-15(9-13)23(28,29)30)38-19-18(12-2-4-16(24)5-3-12)34(6-7-37-19)11-17-31-20(35)33-32-17/h2-5,8-10,18-19,36H,6-7,11H2,1H3,(H2,31,32,33,35)",OQXLGZFXSCOEPG-UHFFFAOYSA-N,5.147300000000001,550.145102692
"InChI=1S/C23H21F7N4O5/c1-21(37,12-6-13(22(25,26)27)8-14(7-12)23(28,29)30)39-19-18(11-2-4-15(24)5-3-11)34(10-17(35)38-19)9-16-31-20(36)33-32-16/h2-8,17-19,35,37H,9-10H2,1H3,(H2,31,32,33,36)",QJPBFNMRPPJLQT-UHFFFAOYSA-N,CC(C1=CC(=CC(=C1)C(F)(F)F)C(F)(F)F)(OC2C(N(CC(O2)O)CC3=NC(=O)NN3)C4=CC=C(C=C4)F)O,,,C23H21F7N4O5,566.140017312,4.8076,1,1,1,BTM00027,BTM00027,Hydroxylation of heteroalicyclic secondary carbon,BTMR1071,CYP1A2,HUMAN,BTM00001,CC(C1=CC(=CC(=C1)C(F)(F)F)C(F)(F)F)(OC2C(N(CCO2)CC3=NC(=O)NN3)C4=CC=C(C=C4)F)O,"InChI=1S/C23H21F7N4O4/c1-21(36,13-8-14(22(25,26)27)10-15(9-13)23(28,29)30)38-19-18(12-2-4-16(24)5-3-12)34(6-7-37-19)11-17-31-20(35)33-32-17/h2-5,8-10,18-19,36H,6-7,11H2,1H3,(H2,31,32,33,35)",OQXLGZFXSCOEPG-UHFFFAOYSA-N,5.147300000000001,550.145102692
"InChI=1S/C23H21F7N4O5/c24-16-3-1-12(2-4-16)18-19(38-6-5-34(18)10-17-31-20(36)33-32-17)39-21(37,11-35)13-7-14(22(25,26)27)9-15(8-13)23(28,29)30/h1-4,7-9,18-19,35,37H,5-6,10-11H2,(H2,31,32,33,36)",LIRDWXAOBHZYOA-UHFFFAOYSA-N,C(C(C1=CC(=CC(=C1)C(F)(F)F)C(F)(F)F)(OC2C(N(CCO2)CC3=NC(=O)NN3)C4=CC=C(C=C4)F)O)O,,,C23H21F7N4O5,566.140017312,4.6473,1,1,1,BTM00028,BTM00028,Hydroxylation of terminal methyl,BTMR1061,"CYP1A2
CYP2A6
CYP2B6
CYP2C8
CYP2C9
CYP2C19
CYP2D6
CYP2E1
CYP3A4",HUMAN,BTM00001,CC(C1=CC(=CC(=C1)C(F)(F)F)C(F)(F)F)(OC2C(N(CCO2)CC3=NC(=O)NN3)C4=CC=C(C=C4)F)O,"InChI=1S/C23H21F7N4O4/c1-21(36,13-8-14(22(25,26)27)10-15(9-13)23(28,29)30)38-19-18(12-2-4-16(24)5-3-12)34(6-7-37-19)11-17-31-20(35)33-32-17/h2-5,8-10,18-19,36H,6-7,11H2,1H3,(H2,31,32,33,35)",OQXLGZFXSCOEPG-UHFFFAOYSA-N,5.147300000000001,550.145102692
"InChI=1S/C23H21F7N4O5/c1-21(37,12-7-13(22(25,26)27)9-14(8-12)23(28,29)30)39-19-18(11-2-3-15(24)16(35)6-11)34(4-5-38-19)10-17-31-20(36)33-32-17/h2-3,6-9,18-19,35,37H,4-5,10H2,1H3,(H2,31,32,33,36)",NCDGUVYNZWFPIP-UHFFFAOYSA-N,CC(C1=CC(=CC(=C1)C(F)(F)F)C(F)(F)F)(OC2C(N(CCO2)CC3=NC(=O)NN3)C4=CC(=C(C=C4)F)O)O,,,C23H21F7N4O5,566.140017312,4.879900000000002,1,1,1,BTM00029,BTM00029,Hydroxylation of aromatic carbon ortho to halide group,BTMR1040,"CYP1A2
CYP2A6
CYP2B6
CYP2C8
CYP2C9
CYP2C19
CYP2D6
CYP2E1
CYP3A4",HUMAN,BTM00001,CC(C1=CC(=CC(=C1)C(F)(F)F)C(F)(F)F)(OC2C(N(CCO2)CC3=NC(=O)NN3)C4=CC=C(C=C4)F)O,"InChI=1S/C23H21F7N4O4/c1-21(36,13-8-14(22(25,26)27)10-15(9-13)23(28,29)30)38-19-18(12-2-4-16(24)5-3-12)34(6-7-37-19)11-17-31-20(35)33-32-17/h2-5,8-10,18-19,36H,6-7,11H2,1H3,(H2,31,32,33,35)",OQXLGZFXSCOEPG-UHFFFAOYSA-N,5.147300000000001,550.145102692
"InChI=1S/C23H21F7N4O5/c1-21(37,11-6-12(22(25,26)27)8-13(7-11)23(28,29)30)39-19-18(15-3-2-14(24)9-16(15)35)34(4-5-38-19)10-17-31-20(36)33-32-17/h2-3,6-9,18-19,35,37H,4-5,10H2,1H3,(H2,31,32,33,36)",SINIVRRHAUPAGC-UHFFFAOYSA-N,CC(C1=CC(=CC(=C1)C(F)(F)F)C(F)(F)F)(OC2C(N(CCO2)CC3=NC(=O)NN3)C4=C(C=C(C=C4)F)O)O,,,C23H21F7N4O5,566.1400173119999,4.879900000000002,1,1,1,BTM00030,BTM00030,Hydroxylation of aromatic carbon meta to halide group,BTMR1039,"CYP2A6
CYP2B6
CYP2C9
CYP2C19
CYP2E1
CYP3A4",HUMAN,BTM00001,CC(C1=CC(=CC(=C1)C(F)(F)F)C(F)(F)F)(OC2C(N(CCO2)CC3=NC(=O)NN3)C4=CC=C(C=C4)F)O,"InChI=1S/C23H21F7N4O4/c1-21(36,13-8-14(22(25,26)27)10-15(9-13)23(28,29)30)38-19-18(12-2-4-16(24)5-3-12)34(6-7-37-19)11-17-31-20(35)33-32-17/h2-5,8-10,18-19,36H,6-7,11H2,1H3,(H2,31,32,33,35)",OQXLGZFXSCOEPG-UHFFFAOYSA-N,5.147300000000001,550.145102692
"InChI=1S/C23H21F7N4O5/c1-20(36,13-8-14(22(25,26)27)10-15(9-13)23(28,29)30)39-18-21(37,12-2-4-16(24)5-3-12)34(6-7-38-18)11-17-31-19(35)33-32-17/h2-5,8-10,18,36-37H,6-7,11H2,1H3,(H2,31,32,33,35)",FRZXACVUKCXZCO-UHFFFAOYSA-N,CC(C1=CC(=CC(=C1)C(F)(F)F)C(F)(F)F)(OC2C(N(CCO2)CC3=NC(=O)NN3)(C4=CC=C(C=C4)F)O)O,,,C23H21F7N4O5,566.140017312,4.757400000000002,1,1,1,BTM00031,BTM00031,Aliphatic hydroxylation of carbon alpha to secondary or tertiary alkyl-N,BTMR1081,"CYP2B6
CYP2C19
CYP2D6",HUMAN,BTM00001,CC(C1=CC(=CC(=C1)C(F)(F)F)C(F)(F)F)(OC2C(N(CCO2)CC3=NC(=O)NN3)C4=CC=C(C=C4)F)O,"InChI=1S/C23H21F7N4O4/c1-21(36,13-8-14(22(25,26)27)10-15(9-13)23(28,29)30)38-19-18(12-2-4-16(24)5-3-12)34(6-7-37-19)11-17-31-20(35)33-32-17/h2-5,8-10,18-19,36H,6-7,11H2,1H3,(H2,31,32,33,35)",OQXLGZFXSCOEPG-UHFFFAOYSA-N,5.147300000000001,550.145102692
"InChI=1S/C23H21F7N4O5/c1-21(37,12-8-13(22(25,26)27)10-14(9-12)23(28,29)30)39-19-16(11-2-4-15(24)5-3-11)34(6-7-38-19)18(35)17-31-20(36)33-32-17/h2-5,8-10,16,18-19,35,37H,6-7H2,1H3,(H2,31,32,33,36)",LSKMZTKOYPZPQY-UHFFFAOYSA-N,CC(C1=CC(=CC(=C1)C(F)(F)F)C(F)(F)F)(OC2C(N(CCO2)C(C3=NC(=O)NN3)O)C4=CC=C(C=C4)F)O,,,C23H21F7N4O5,566.140017312,4.8076,1,1,1,BTM00032,BTM00032,Aliphatic hydroxylation of carbon alpha to secondary or tertiary alkyl-N,BTMR1081,"CYP2B6
CYP2C19
CYP2D6",HUMAN,BTM00001,CC(C1=CC(=CC(=C1)C(F)(F)F)C(F)(F)F)(OC2C(N(CCO2)CC3=NC(=O)NN3)C4=CC=C(C=C4)F)O,"InChI=1S/C23H21F7N4O4/c1-21(36,13-8-14(22(25,26)27)10-15(9-13)23(28,29)30)38-19-18(12-2-4-16(24)5-3-12)34(6-7-37-19)11-17-31-20(35)33-32-17/h2-5,8-10,18-19,36H,6-7,11H2,1H3,(H2,31,32,33,35)",OQXLGZFXSCOEPG-UHFFFAOYSA-N,5.147300000000001,550.145102692
"InChI=1S/C23H21F7N4O5/c1-21(37,12-6-13(22(25,26)27)8-14(7-12)23(28,29)30)39-19-18(11-2-4-15(24)5-3-11)34(17(35)10-38-19)9-16-31-20(36)33-32-16/h2-8,17-19,35,37H,9-10H2,1H3,(H2,31,32,33,36)",XGSOLGWHACQKQH-UHFFFAOYSA-N,CC(C1=CC(=CC(=C1)C(F)(F)F)C(F)(F)F)(OC2C(N(C(CO2)O)CC3=NC(=O)NN3)C4=CC=C(C=C4)F)O,,,C23H21F7N4O5,566.140017312,4.8076,1,1,1,BTM00026,BTM00026,Aliphatic hydroxylation of carbon alpha to secondary or tertiary alkyl-N,BTMR1081,"CYP2B6
CYP2C19
CYP2D6",HUMAN,BTM00001,CC(C1=CC(=CC(=C1)C(F)(F)F)C(F)(F)F)(OC2C(N(CCO2)CC3=NC(=O)NN3)C4=CC=C(C=C4)F)O,"InChI=1S/C23H21F7N4O4/c1-21(36,13-8-14(22(25,26)27)10-15(9-13)23(28,29)30)38-19-18(12-2-4-16(24)5-3-12)34(6-7-37-19)11-17-31-20(35)33-32-17/h2-5,8-10,18-19,36H,6-7,11H2,1H3,(H2,31,32,33,35)",OQXLGZFXSCOEPG-UHFFFAOYSA-N,5.147300000000001,550.145102692
"InChI=1S/C23H21F7N4O5/c1-21(36,13-8-14(22(25,26)27)10-15(9-13)23(28,29)30)39-19-18(12-2-4-16(24)5-3-12)34(37,6-7-38-19)11-17-31-20(35)33-32-17/h2-5,8-10,18-19,36H,6-7,11H2,1H3,(H2,31,32,33,35)",XDCOAAZNGVWCRH-UHFFFAOYSA-N,CC(C1=CC(=CC(=C1)C(F)(F)F)C(F)(F)F)(OC2C([N+](CCO2)(CC3=NC(=O)NN3)[O-])C4=CC=C(C=C4)F)O,,,C23H21F7N4O5,566.140017312,4.7422,1,1,1,BTM00024,BTM00024,Hydroxylation of non-terminal aliphatic carbon adjacent to aromatic ring,BTMR1077,"CYP1A2
CYP2C8
CYP2C9
CYP2D6
CYP3A4",HUMAN,BTM00002,CC(C1=CC(=CC(=C1)C(F)(F)F)C(F)(F)F)OC2C([N+](CCO2)(CC3=NC(=O)NN3)[O-])C4=CC=C(C=C4)F,"InChI=1S/C23H21F7N4O4/c1-12(14-8-15(22(25,26)27)10-16(9-14)23(28,29)30)38-20-19(13-2-4-17(24)5-3-13)34(36,6-7-37-20)11-18-31-21(35)33-32-18/h2-5,8-10,12,19-20H,6-7,11H2,1H3,(H2,31,32,33,35)",CXAQOLFUIZCJSQ-UHFFFAOYSA-N,5.520300000000001,550.145102692
"InChI=1S/C23H21F7N4O5/c1-11(13-6-14(22(25,26)27)8-15(7-13)23(28,29)30)39-20-19(12-2-4-16(24)5-3-12)34(37,18(35)10-38-20)9-17-31-21(36)33-32-17/h2-8,11,18-20,35H,9-10H2,1H3,(H2,31,32,33,36)",NUVVFJDFXGVLIW-UHFFFAOYSA-N,CC(C1=CC(=CC(=C1)C(F)(F)F)C(F)(F)F)OC2C([N+](C(CO2)O)(CC3=NC(=O)NN3)[O-])C4=CC=C(C=C4)F,,,C23H21F7N4O5,566.140017312,5.1806,1,1,1,BTM00033,BTM00033,Hydroxylation of heteroalicyclic secondary carbon,BTMR1070,"CYP1A2
CYP2A6
CYP2C9
CYP2D6
CYP3A4",HUMAN,BTM00002,CC(C1=CC(=CC(=C1)C(F)(F)F)C(F)(F)F)OC2C([N+](CCO2)(CC3=NC(=O)NN3)[O-])C4=CC=C(C=C4)F,"InChI=1S/C23H21F7N4O4/c1-12(14-8-15(22(25,26)27)10-16(9-14)23(28,29)30)38-20-19(13-2-4-17(24)5-3-13)34(36,6-7-37-20)11-18-31-21(35)33-32-18/h2-5,8-10,12,19-20H,6-7,11H2,1H3,(H2,31,32,33,35)",CXAQOLFUIZCJSQ-UHFFFAOYSA-N,5.520300000000001,550.145102692
"InChI=1S/C23H21F7N4O5/c1-11(13-6-14(22(25,26)27)8-15(7-13)23(28,29)30)39-20-19(12-2-4-16(24)5-3-12)34(37,18(35)10-38-20)9-17-31-21(36)33-32-17/h2-8,11,18-20,35H,9-10H2,1H3,(H2,31,32,33,36)",NUVVFJDFXGVLIW-UHFFFAOYSA-N,CC(C1=CC(=CC(=C1)C(F)(F)F)C(F)(F)F)OC2C([N+](C(CO2)O)(CC3=NC(=O)NN3)[O-])C4=CC=C(C=C4)F,,,C23H21F7N4O5,566.140017312,5.1806,1,1,1,BTM00033,BTM00033,Hydroxylation of heteroalicyclic secondary carbon,BTMR1071,CYP1A2,HUMAN,BTM00002,CC(C1=CC(=CC(=C1)C(F)(F)F)C(F)(F)F)OC2C([N+](CCO2)(CC3=NC(=O)NN3)[O-])C4=CC=C(C=C4)F,"InChI=1S/C23H21F7N4O4/c1-12(14-8-15(22(25,26)27)10-16(9-14)23(28,29)30)38-20-19(13-2-4-17(24)5-3-13)34(36,6-7-37-20)11-18-31-21(35)33-32-18/h2-5,8-10,12,19-20H,6-7,11H2,1H3,(H2,31,32,33,35)",CXAQOLFUIZCJSQ-UHFFFAOYSA-N,5.520300000000001,550.145102692
"InChI=1S/C23H21F7N4O5/c1-11(13-6-14(22(25,26)27)8-15(7-13)23(28,29)30)38-20-19(12-2-4-16(24)5-3-12)34(37,10-18(35)39-20)9-17-31-21(36)33-32-17/h2-8,11,18-20,35H,9-10H2,1H3,(H2,31,32,33,36)",ARDBITRKHXKCPO-UHFFFAOYSA-N,CC(C1=CC(=CC(=C1)C(F)(F)F)C(F)(F)F)OC2C([N+](CC(O2)O)(CC3=NC(=O)NN3)[O-])C4=CC=C(C=C4)F,,,C23H21F7N4O5,566.1400173119999,5.1806,1,1,1,BTM00034,BTM00034,Hydroxylation of heteroalicyclic secondary carbon,BTMR1071,CYP1A2,HUMAN,BTM00002,CC(C1=CC(=CC(=C1)C(F)(F)F)C(F)(F)F)OC2C([N+](CCO2)(CC3=NC(=O)NN3)[O-])C4=CC=C(C=C4)F,"InChI=1S/C23H21F7N4O4/c1-12(14-8-15(22(25,26)27)10-16(9-14)23(28,29)30)38-20-19(13-2-4-17(24)5-3-13)34(36,6-7-37-20)11-18-31-21(35)33-32-18/h2-5,8-10,12,19-20H,6-7,11H2,1H3,(H2,31,32,33,35)",CXAQOLFUIZCJSQ-UHFFFAOYSA-N,5.520300000000001,550.145102692
"InChI=1S/C23H21F7N4O5/c24-16-3-1-12(2-4-16)19-20(38-6-5-34(19,37)10-18-31-21(36)33-32-18)39-17(11-35)13-7-14(22(25,26)27)9-15(8-13)23(28,29)30/h1-4,7-9,17,19-20,35H,5-6,10-11H2,(H2,31,32,33,36)",OHXUNRRNHYEERW-UHFFFAOYSA-N,C(C(C1=CC(=CC(=C1)C(F)(F)F)C(F)(F)F)OC2C([N+](CCO2)(CC3=NC(=O)NN3)[O-])C4=CC=C(C=C4)F)O,,,C23H21F7N4O5,566.140017312,4.632100000000002,1,1,1,BTM00035,BTM00035,Hydroxylation of terminal methyl,BTMR1061,"CYP1A2
CYP2A6
CYP2B6
CYP2C8
CYP2C9
CYP2C19
CYP2D6
CYP2E1
CYP3A4",HUMAN,BTM00002,CC(C1=CC(=CC(=C1)C(F)(F)F)C(F)(F)F)OC2C([N+](CCO2)(CC3=NC(=O)NN3)[O-])C4=CC=C(C=C4)F,"InChI=1S/C23H21F7N4O4/c1-12(14-8-15(22(25,26)27)10-16(9-14)23(28,29)30)38-20-19(13-2-4-17(24)5-3-13)34(36,6-7-37-20)11-18-31-21(35)33-32-18/h2-5,8-10,12,19-20H,6-7,11H2,1H3,(H2,31,32,33,35)",CXAQOLFUIZCJSQ-UHFFFAOYSA-N,5.520300000000001,550.145102692
"InChI=1S/C23H19F7N4O4/c1-12(14-8-15(22(25,26)27)10-16(9-14)23(28,29)30)38-20-19(13-2-4-17(24)5-3-13)34(36,6-7-37-20)11-18-31-21(35)33-32-18/h2-5,8-10,19-20H,1,6-7,11H2,(H2,31,32,33,35)",AAJGRVJKSHKRNU-UHFFFAOYSA-N,C=C(C1=CC(=CC(=C1)C(F)(F)F)C(F)(F)F)OC2C([N+](CCO2)(CC3=NC(=O)NN3)[O-])C4=CC=C(C=C4)F,,,C23H19F7N4O4,548.129452628,5.3919,2,0,0,BTM00036,BTM00036,Terminal desaturation,BTMR1190,"CYP1A2
CYP2A6
CYP2C9
CYP2D6
CYP3A4",HUMAN,BTM00002,CC(C1=CC(=CC(=C1)C(F)(F)F)C(F)(F)F)OC2C([N+](CCO2)(CC3=NC(=O)NN3)[O-])C4=CC=C(C=C4)F,"InChI=1S/C23H21F7N4O4/c1-12(14-8-15(22(25,26)27)10-16(9-14)23(28,29)30)38-20-19(13-2-4-17(24)5-3-13)34(36,6-7-37-20)11-18-31-21(35)33-32-18/h2-5,8-10,12,19-20H,6-7,11H2,1H3,(H2,31,32,33,35)",CXAQOLFUIZCJSQ-UHFFFAOYSA-N,5.520300000000001,550.145102692
"InChI=1S/C23H21F7N4O5/c1-11(13-6-14(22(25,26)27)9-15(7-13)23(28,29)30)39-20-19(12-2-3-16(24)17(35)8-12)34(37,4-5-38-20)10-18-31-21(36)33-32-18/h2-3,6-9,11,19-20,35H,4-5,10H2,1H3,(H2,31,32,33,36)",IGPCBOWNJAEJJV-UHFFFAOYSA-N,CC(C1=CC(=CC(=C1)C(F)(F)F)C(F)(F)F)OC2C([N+](CCO2)(CC3=NC(=O)NN3)[O-])C4=CC(=C(C=C4)F)O,,,C23H21F7N4O5,566.140017312,5.252900000000002,1,1,1,BTM00037,BTM00037,Hydroxylation of aromatic carbon ortho to halide group,BTMR1040,"CYP1A2
CYP2A6
CYP2B6
CYP2C8
CYP2C9
CYP2C19
CYP2D6
CYP2E1
CYP3A4",HUMAN,BTM00002,CC(C1=CC(=CC(=C1)C(F)(F)F)C(F)(F)F)OC2C([N+](CCO2)(CC3=NC(=O)NN3)[O-])C4=CC=C(C=C4)F,"InChI=1S/C23H21F7N4O4/c1-12(14-8-15(22(25,26)27)10-16(9-14)23(28,29)30)38-20-19(13-2-4-17(24)5-3-13)34(36,6-7-37-20)11-18-31-21(35)33-32-18/h2-5,8-10,12,19-20H,6-7,11H2,1H3,(H2,31,32,33,35)",CXAQOLFUIZCJSQ-UHFFFAOYSA-N,5.520300000000001,550.145102692
"InChI=1S/C23H21F7N4O5/c1-11(12-6-13(22(25,26)27)8-14(7-12)23(28,29)30)39-20-19(16-3-2-15(24)9-17(16)35)34(37,4-5-38-20)10-18-31-21(36)33-32-18/h2-3,6-9,11,19-20,35H,4-5,10H2,1H3,(H2,31,32,33,36)",ILMCXVZHHOZXDH-UHFFFAOYSA-N,CC(C1=CC(=CC(=C1)C(F)(F)F)C(F)(F)F)OC2C([N+](CCO2)(CC3=NC(=O)NN3)[O-])C4=C(C=C(C=C4)F)O,,,C23H21F7N4O5,566.140017312,5.252900000000002,1,1,1,BTM00038,BTM00038,Hydroxylation of aromatic carbon meta to halide group,BTMR1039,"CYP2A6
CYP2B6
CYP2C9
CYP2C19
CYP2E1
CYP3A4",HUMAN,BTM00002,CC(C1=CC(=CC(=C1)C(F)(F)F)C(F)(F)F)OC2C([N+](CCO2)(CC3=NC(=O)NN3)[O-])C4=CC=C(C=C4)F,"InChI=1S/C23H21F7N4O4/c1-12(14-8-15(22(25,26)27)10-16(9-14)23(28,29)30)38-20-19(13-2-4-17(24)5-3-13)34(36,6-7-37-20)11-18-31-21(35)33-32-18/h2-5,8-10,12,19-20H,6-7,11H2,1H3,(H2,31,32,33,35)",CXAQOLFUIZCJSQ-UHFFFAOYSA-N,5.520300000000001,550.145102692
"InChI=1S/C20H18F7NO3/c1-18(29,12-8-13(19(22,23)24)10-14(9-12)20(25,26)27)31-17-16(28-6-7-30-17)11-2-4-15(21)5-3-11/h2-5,8-10,16-17,28-29H,6-7H2,1H3",YYTLBKUMWUZNRP-UHFFFAOYSA-N,CC(C1=CC(=CC(=C1)C(F)(F)F)C(F)(F)F)(OC2C(NCCO2)C3=CC=C(C=C3)F)O,,,C20H18F7NO3,453.117490976,4.425899999999999,0,0,0,BTM00025,BTM00025,Hydroxylation of non-terminal aliphatic carbon adjacent to aromatic ring,BTMR1077,"CYP1A2
CYP2C8
CYP2C9
CYP2D6
CYP3A4",HUMAN,BTM00003,CC(C1=CC(=CC(=C1)C(F)(F)F)C(F)(F)F)OC2C(NCCO2)C3=CC=C(C=C3)F,"InChI=1S/C20H18F7NO2/c1-11(13-8-14(19(22,23)24)10-15(9-13)20(25,26)27)30-18-17(28-6-7-29-18)12-2-4-16(21)5-3-12/h2-5,8-11,17-18,28H,6-7H2,1H3",AFBDSAJOMZYQAI-UHFFFAOYSA-N,5.204000000000001,437.12257635599997
"InChI=1S/C20H18F7NO3/c1-10(12-6-13(19(22,23)24)8-14(7-12)20(25,26)27)31-18-17(28-16(29)9-30-18)11-2-4-15(21)5-3-11/h2-8,10,16-18,28-29H,9H2,1H3",OTQZUTAGZJNHOF-UHFFFAOYSA-N,CC(C1=CC(=CC(=C1)C(F)(F)F)C(F)(F)F)OC2C(NC(CO2)O)C3=CC=C(C=C3)F,,,C20H18F7NO3,453.11749097599994,4.8643,0,0,0,BTM00039,BTM00039,Hydroxylation of heteroalicyclic secondary carbon,BTMR1070,"CYP1A2
CYP2A6
CYP2C9
CYP2D6
CYP3A4",HUMAN,BTM00003,CC(C1=CC(=CC(=C1)C(F)(F)F)C(F)(F)F)OC2C(NCCO2)C3=CC=C(C=C3)F,"InChI=1S/C20H18F7NO2/c1-11(13-8-14(19(22,23)24)10-15(9-13)20(25,26)27)30-18-17(28-6-7-29-18)12-2-4-16(21)5-3-12/h2-5,8-11,17-18,28H,6-7H2,1H3",AFBDSAJOMZYQAI-UHFFFAOYSA-N,5.204000000000001,437.12257635599997
"InChI=1S/C20H18F7NO3/c1-10(12-6-13(19(22,23)24)8-14(7-12)20(25,26)27)31-18-17(28-16(29)9-30-18)11-2-4-15(21)5-3-11/h2-8,10,16-18,28-29H,9H2,1H3",OTQZUTAGZJNHOF-UHFFFAOYSA-N,CC(C1=CC(=CC(=C1)C(F)(F)F)C(F)(F)F)OC2C(NC(CO2)O)C3=CC=C(C=C3)F,,,C20H18F7NO3,453.11749097599994,4.8643,0,0,0,BTM00039,BTM00039,Hydroxylation of heteroalicyclic secondary carbon,BTMR1071,CYP1A2,HUMAN,BTM00003,CC(C1=CC(=CC(=C1)C(F)(F)F)C(F)(F)F)OC2C(NCCO2)C3=CC=C(C=C3)F,"InChI=1S/C20H18F7NO2/c1-11(13-8-14(19(22,23)24)10-15(9-13)20(25,26)27)30-18-17(28-6-7-29-18)12-2-4-16(21)5-3-12/h2-5,8-11,17-18,28H,6-7H2,1H3",AFBDSAJOMZYQAI-UHFFFAOYSA-N,5.204000000000001,437.12257635599997
"InChI=1S/C20H18F7NO3/c1-10(12-6-13(19(22,23)24)8-14(7-12)20(25,26)27)30-18-17(28-9-16(29)31-18)11-2-4-15(21)5-3-11/h2-8,10,16-18,28-29H,9H2,1H3",XALLLHOPOFVYLX-UHFFFAOYSA-N,CC(C1=CC(=CC(=C1)C(F)(F)F)C(F)(F)F)OC2C(NCC(O2)O)C3=CC=C(C=C3)F,,,C20H18F7NO3,453.117490976,4.8643,1,0,0,BTM00040,BTM00040,Hydroxylation of heteroalicyclic secondary carbon,BTMR1071,CYP1A2,HUMAN,BTM00003,CC(C1=CC(=CC(=C1)C(F)(F)F)C(F)(F)F)OC2C(NCCO2)C3=CC=C(C=C3)F,"InChI=1S/C20H18F7NO2/c1-11(13-8-14(19(22,23)24)10-15(9-13)20(25,26)27)30-18-17(28-6-7-29-18)12-2-4-16(21)5-3-12/h2-5,8-11,17-18,28H,6-7H2,1H3",AFBDSAJOMZYQAI-UHFFFAOYSA-N,5.204000000000001,437.12257635599997
"InChI=1S/C20H18F7NO3/c21-15-3-1-11(2-4-15)17-18(30-6-5-28-17)31-16(10-29)12-7-13(19(22,23)24)9-14(8-12)20(25,26)27/h1-4,7-9,16-18,28-29H,5-6,10H2",NLGZJMANHCJSAN-UHFFFAOYSA-N,C(C(C1=CC(=CC(=C1)C(F)(F)F)C(F)(F)F)OC2C(NCCO2)C3=CC=C(C=C3)F)O,,,C20H18F7NO3,453.117490976,4.3158,0,0,0,BTM00041,BTM00041,Hydroxylation of terminal methyl,BTMR1061,"CYP1A2
CYP2A6
CYP2B6
CYP2C8
CYP2C9
CYP2C19
CYP2D6
CYP2E1
CYP3A4",HUMAN,BTM00003,CC(C1=CC(=CC(=C1)C(F)(F)F)C(F)(F)F)OC2C(NCCO2)C3=CC=C(C=C3)F,"InChI=1S/C20H18F7NO2/c1-11(13-8-14(19(22,23)24)10-15(9-13)20(25,26)27)30-18-17(28-6-7-29-18)12-2-4-16(21)5-3-12/h2-5,8-11,17-18,28H,6-7H2,1H3",AFBDSAJOMZYQAI-UHFFFAOYSA-N,5.204000000000001,437.12257635599997
"InChI=1S/C20H16F7NO2/c1-11(13-8-14(19(22,23)24)10-15(9-13)20(25,26)27)30-18-17(28-6-7-29-18)12-2-4-16(21)5-3-12/h2-5,8-10,17-18,28H,1,6-7H2",NJLMYJLWJJWRML-UHFFFAOYSA-N,C=C(C1=CC(=CC(=C1)C(F)(F)F)C(F)(F)F)OC2C(NCCO2)C3=CC=C(C=C3)F,,,C20H16F7NO2,435.106926292,5.0756000000000006,1,0,0,BTM00042,BTM00042,Terminal desaturation,BTMR1190,"CYP1A2
CYP2A6
CYP2C9
CYP2D6
CYP3A4",HUMAN,BTM00003,CC(C1=CC(=CC(=C1)C(F)(F)F)C(F)(F)F)OC2C(NCCO2)C3=CC=C(C=C3)F,"InChI=1S/C20H18F7NO2/c1-11(13-8-14(19(22,23)24)10-15(9-13)20(25,26)27)30-18-17(28-6-7-29-18)12-2-4-16(21)5-3-12/h2-5,8-11,17-18,28H,6-7H2,1H3",AFBDSAJOMZYQAI-UHFFFAOYSA-N,5.204000000000001,437.12257635599997
"InChI=1S/C20H18F7NO3/c1-10(12-6-13(19(22,23)24)9-14(7-12)20(25,26)27)31-18-17(28-4-5-30-18)11-2-3-15(21)16(29)8-11/h2-3,6-10,17-18,28-29H,4-5H2,1H3",ZFFIEBRCADGBQP-UHFFFAOYSA-N,CC(C1=CC(=CC(=C1)C(F)(F)F)C(F)(F)F)OC2C(NCCO2)C3=CC(=C(C=C3)F)O,,,C20H18F7NO3,453.117490976,4.9366,1,0,0,BTM00043,BTM00043,Hydroxylation of aromatic carbon ortho to halide group,BTMR1040,"CYP1A2
CYP2A6
CYP2B6
CYP2C8
CYP2C9
CYP2C19
CYP2D6
CYP2E1
CYP3A4",HUMAN,BTM00003,CC(C1=CC(=CC(=C1)C(F)(F)F)C(F)(F)F)OC2C(NCCO2)C3=CC=C(C=C3)F,"InChI=1S/C20H18F7NO2/c1-11(13-8-14(19(22,23)24)10-15(9-13)20(25,26)27)30-18-17(28-6-7-29-18)12-2-4-16(21)5-3-12/h2-5,8-11,17-18,28H,6-7H2,1H3",AFBDSAJOMZYQAI-UHFFFAOYSA-N,5.204000000000001,437.12257635599997
"InChI=1S/C20H18F7NO3/c1-10(11-6-12(19(22,23)24)8-13(7-11)20(25,26)27)31-18-17(28-4-5-30-18)15-3-2-14(21)9-16(15)29/h2-3,6-10,17-18,28-29H,4-5H2,1H3",OJNFHSDWEZPLNH-UHFFFAOYSA-N,CC(C1=CC(=CC(=C1)C(F)(F)F)C(F)(F)F)OC2C(NCCO2)C3=C(C=C(C=C3)F)O,,,C20H18F7NO3,453.117490976,4.9366,1,0,0,BTM00044,BTM00044,Hydroxylation of aromatic carbon meta to halide group,BTMR1039,"CYP2A6
CYP2B6
CYP2C9
CYP2C19
CYP2E1
CYP3A4",HUMAN,BTM00003,CC(C1=CC(=CC(=C1)C(F)(F)F)C(F)(F)F)OC2C(NCCO2)C3=CC=C(C=C3)F,"InChI=1S/C20H18F7NO2/c1-11(13-8-14(19(22,23)24)10-15(9-13)20(25,26)27)30-18-17(28-6-7-29-18)12-2-4-16(21)5-3-12/h2-5,8-11,17-18,28H,6-7H2,1H3",AFBDSAJOMZYQAI-UHFFFAOYSA-N,5.204000000000001,437.12257635599997
"InChI=1S/C23H21F7N4O5/c1-21(37,12-6-13(22(25,26)27)8-14(7-12)23(28,29)30)39-19-18(11-2-4-15(24)5-3-11)34(17(35)10-38-19)9-16-31-20(36)33-32-16/h2-8,17-19,35,37H,9-10H2,1H3,(H2,31,32,33,36)",XGSOLGWHACQKQH-UHFFFAOYSA-N,CC(C1=CC(=CC(=C1)C(F)(F)F)C(F)(F)F)(OC2C(N(C(CO2)O)CC3=NC(=O)NN3)C4=CC=C(C=C4)F)O,,,C23H21F7N4O5,566.140017312,4.8076,1,1,1,BTM00026,BTM00026,Hydroxylation of non-terminal aliphatic carbon adjacent to aromatic ring,BTMR1077,"CYP1A2
CYP2C8
CYP2C9
CYP2D6
CYP3A4",HUMAN,BTM00005,CC(C1=CC(=CC(=C1)C(F)(F)F)C(F)(F)F)OC2C(N(C(CO2)O)CC3=NC(=O)NN3)C4=CC=C(C=C4)F,"InChI=1S/C23H21F7N4O4/c1-11(13-6-14(22(25,26)27)8-15(7-13)23(28,29)30)38-20-19(12-2-4-16(24)5-3-12)34(18(35)10-37-20)9-17-31-21(36)33-32-17/h2-8,11,18-20,35H,9-10H2,1H3,(H2,31,32,33,36)",RJRUMVKFSXQBOR-UHFFFAOYSA-N,5.585700000000001,550.1451026919999
"InChI=1S/C20H18F7NO3/c1-10(12-6-13(19(22,23)24)8-14(7-12)20(25,26)27)31-18-17(28-16(29)9-30-18)11-2-4-15(21)5-3-11/h2-8,10,16-18,28-29H,9H2,1H3",OTQZUTAGZJNHOF-UHFFFAOYSA-N,CC(C1=CC(=CC(=C1)C(F)(F)F)C(F)(F)F)OC2C(NC(CO2)O)C3=CC=C(C=C3)F,,,C20H18F7NO3,453.11749097599994,4.8643,0,0,0,BTM00039,BTM00039,N-Dealkylation of alicyclic tertiary amine,BTMR1144,"CYP1A2
CYP2A6
CYP2B6
CYP2C8
CYP2C9
CYP2C19
CYP2D6
CYP3A4",HUMAN,BTM00005,CC(C1=CC(=CC(=C1)C(F)(F)F)C(F)(F)F)OC2C(N(C(CO2)O)CC3=NC(=O)NN3)C4=CC=C(C=C4)F,"InChI=1S/C23H21F7N4O4/c1-11(13-6-14(22(25,26)27)8-15(7-13)23(28,29)30)38-20-19(12-2-4-16(24)5-3-12)34(18(35)10-37-20)9-17-31-21(36)33-32-17/h2-8,11,18-20,35H,9-10H2,1H3,(H2,31,32,33,36)",RJRUMVKFSXQBOR-UHFFFAOYSA-N,5.585700000000001,550.1451026919999
"InChI=1S/C3H3N3O2/c7-1-2-4-3(8)6-5-2/h1H,(H2,4,5,6,8)",YLAKZWGIZJMOJV-UHFFFAOYSA-N,C(C1=NC(=O)NN1)=O,,,C3H3N3O2,113.022526336,0.19140000000000001,0,0,0,BTM00004,BTM00004,N-Dealkylation of alicyclic tertiary amine,BTMR1144,"CYP1A2
CYP2A6
CYP2B6
CYP2C8
CYP2C9
CYP2C19
CYP2D6
CYP3A4",HUMAN,BTM00005,CC(C1=CC(=CC(=C1)C(F)(F)F)C(F)(F)F)OC2C(N(C(CO2)O)CC3=NC(=O)NN3)C4=CC=C(C=C4)F,"InChI=1S/C23H21F7N4O4/c1-11(13-6-14(22(25,26)27)8-15(7-13)23(28,29)30)38-20-19(12-2-4-16(24)5-3-12)34(18(35)10-37-20)9-17-31-21(36)33-32-17/h2-8,11,18-20,35H,9-10H2,1H3,(H2,31,32,33,36)",RJRUMVKFSXQBOR-UHFFFAOYSA-N,5.585700000000001,550.1451026919999
"InChI=1S/C23H21F7N4O5/c1-11(13-6-14(22(25,26)27)8-15(7-13)23(28,29)30)39-20-19(12-2-4-16(24)5-3-12)34(37,18(35)10-38-20)9-17-31-21(36)33-32-17/h2-8,11,18-20,35H,9-10H2,1H3,(H2,31,32,33,36)",NUVVFJDFXGVLIW-UHFFFAOYSA-N,CC(C1=CC(=CC(=C1)C(F)(F)F)C(F)(F)F)OC2C([N+](C(CO2)O)(CC3=NC(=O)NN3)[O-])C4=CC=C(C=C4)F,,,C23H21F7N4O5,566.140017312,5.1806,1,1,1,BTM00033,BTM00033,N-Oxidation of aliphatic tertiary amine,BTMR1100,"CYP1A2
CYP2D6
CYP3A4",HUMAN,BTM00005,CC(C1=CC(=CC(=C1)C(F)(F)F)C(F)(F)F)OC2C(N(C(CO2)O)CC3=NC(=O)NN3)C4=CC=C(C=C4)F,"InChI=1S/C23H21F7N4O4/c1-11(13-6-14(22(25,26)27)8-15(7-13)23(28,29)30)38-20-19(12-2-4-16(24)5-3-12)34(18(35)10-37-20)9-17-31-21(36)33-32-17/h2-8,11,18-20,35H,9-10H2,1H3,(H2,31,32,33,36)",RJRUMVKFSXQBOR-UHFFFAOYSA-N,5.585700000000001,550.1451026919999
"InChI=1S/C23H21F7N4O5/c1-10(12-6-13(22(25,26)27)8-14(7-12)23(28,29)30)38-20-17(11-2-4-15(24)5-3-11)34(18(35)19(36)39-20)9-16-31-21(37)33-32-16/h2-8,10,17-20,35-36H,9H2,1H3,(H2,31,32,33,37)",WHOUHRDPKUTSRK-UHFFFAOYSA-N,CC(C1=CC(=CC(=C1)C(F)(F)F)C(F)(F)F)OC2C(N(C(C(O2)O)O)CC3=NC(=O)NN3)C4=CC=C(C=C4)F,,,C23H21F7N4O5,566.140017312,5.246,1,1,1,BTM00045,BTM00045,Hydroxylation of heteroalicyclic secondary carbon,BTMR1071,CYP1A2,HUMAN,BTM00005,CC(C1=CC(=CC(=C1)C(F)(F)F)C(F)(F)F)OC2C(N(C(CO2)O)CC3=NC(=O)NN3)C4=CC=C(C=C4)F,"InChI=1S/C23H21F7N4O4/c1-11(13-6-14(22(25,26)27)8-15(7-13)23(28,29)30)38-20-19(12-2-4-16(24)5-3-12)34(18(35)10-37-20)9-17-31-21(36)33-32-17/h2-8,11,18-20,35H,9-10H2,1H3,(H2,31,32,33,36)",RJRUMVKFSXQBOR-UHFFFAOYSA-N,5.585700000000001,550.1451026919999
"InChI=1S/C23H21F7N4O5/c24-15-3-1-11(2-4-15)19-20(38-10-18(36)34(19)8-17-31-21(37)33-32-17)39-16(9-35)12-5-13(22(25,26)27)7-14(6-12)23(28,29)30/h1-7,16,18-20,35-36H,8-10H2,(H2,31,32,33,37)",IXFSPGIDLNUUEX-UHFFFAOYSA-N,C(C(C1=CC(=CC(=C1)C(F)(F)F)C(F)(F)F)OC2C(N(C(CO2)O)CC3=NC(=O)NN3)C4=CC=C(C=C4)F)O,,,C23H21F7N4O5,566.140017312,4.697500000000001,1,1,1,BTM00046,BTM00046,Hydroxylation of terminal methyl,BTMR1061,"CYP1A2
CYP2A6
CYP2B6
CYP2C8
CYP2C9
CYP2C19
CYP2D6
CYP2E1
CYP3A4",HUMAN,BTM00005,CC(C1=CC(=CC(=C1)C(F)(F)F)C(F)(F)F)OC2C(N(C(CO2)O)CC3=NC(=O)NN3)C4=CC=C(C=C4)F,"InChI=1S/C23H21F7N4O4/c1-11(13-6-14(22(25,26)27)8-15(7-13)23(28,29)30)38-20-19(12-2-4-16(24)5-3-12)34(18(35)10-37-20)9-17-31-21(36)33-32-17/h2-8,11,18-20,35H,9-10H2,1H3,(H2,31,32,33,36)",RJRUMVKFSXQBOR-UHFFFAOYSA-N,5.585700000000001,550.1451026919999
"InChI=1S/C23H19F7N4O4/c1-11(13-6-14(22(25,26)27)8-15(7-13)23(28,29)30)38-20-19(12-2-4-16(24)5-3-12)34(18(35)10-37-20)9-17-31-21(36)33-32-17/h2-8,18-20,35H,1,9-10H2,(H2,31,32,33,36)",HIAAYNUUSYLDSX-UHFFFAOYSA-N,C=C(C1=CC(=CC(=C1)C(F)(F)F)C(F)(F)F)OC2C(N(C(CO2)O)CC3=NC(=O)NN3)C4=CC=C(C=C4)F,,,C23H19F7N4O4,548.1294526280001,5.457300000000002,2,1,1,BTM00047,BTM00047,Terminal desaturation,BTMR1190,"CYP1A2
CYP2A6
CYP2C9
CYP2D6
CYP3A4",HUMAN,BTM00005,CC(C1=CC(=CC(=C1)C(F)(F)F)C(F)(F)F)OC2C(N(C(CO2)O)CC3=NC(=O)NN3)C4=CC=C(C=C4)F,"InChI=1S/C23H21F7N4O4/c1-11(13-6-14(22(25,26)27)8-15(7-13)23(28,29)30)38-20-19(12-2-4-16(24)5-3-12)34(18(35)10-37-20)9-17-31-21(36)33-32-17/h2-8,11,18-20,35H,9-10H2,1H3,(H2,31,32,33,36)",RJRUMVKFSXQBOR-UHFFFAOYSA-N,5.585700000000001,550.1451026919999
"InChI=1S/C23H21F7N4O5/c1-10(12-4-13(22(25,26)27)7-14(5-12)23(28,29)30)39-20-19(11-2-3-15(24)16(35)6-11)34(18(36)9-38-20)8-17-31-21(37)33-32-17/h2-7,10,18-20,35-36H,8-9H2,1H3,(H2,31,32,33,37)",HCMMKSJFKUQCCP-UHFFFAOYSA-N,CC(C1=CC(=CC(=C1)C(F)(F)F)C(F)(F)F)OC2C(N(C(CO2)O)CC3=NC(=O)NN3)C4=CC(=C(C=C4)F)O,,,C23H21F7N4O5,566.140017312,5.318300000000002,1,1,1,BTM00048,BTM00048,Hydroxylation of aromatic carbon ortho to halide group,BTMR1040,"CYP1A2
CYP2A6
CYP2B6
CYP2C8
CYP2C9
CYP2C19
CYP2D6
CYP2E1
CYP3A4",HUMAN,BTM00005,CC(C1=CC(=CC(=C1)C(F)(F)F)C(F)(F)F)OC2C(N(C(CO2)O)CC3=NC(=O)NN3)C4=CC=C(C=C4)F,"InChI=1S/C23H21F7N4O4/c1-11(13-6-14(22(25,26)27)8-15(7-13)23(28,29)30)38-20-19(12-2-4-16(24)5-3-12)34(18(35)10-37-20)9-17-31-21(36)33-32-17/h2-8,11,18-20,35H,9-10H2,1H3,(H2,31,32,33,36)",RJRUMVKFSXQBOR-UHFFFAOYSA-N,5.585700000000001,550.1451026919999
"InChI=1S/C23H21F7N4O5/c1-10(11-4-12(22(25,26)27)6-13(5-11)23(28,29)30)39-20-19(15-3-2-14(24)7-16(15)35)34(18(36)9-38-20)8-17-31-21(37)33-32-17/h2-7,10,18-20,35-36H,8-9H2,1H3,(H2,31,32,33,37)",NPESWNXZAAOTMN-UHFFFAOYSA-N,CC(C1=CC(=CC(=C1)C(F)(F)F)C(F)(F)F)OC2C(N(C(CO2)O)CC3=NC(=O)NN3)C4=C(C=C(C=C4)F)O,,,C23H21F7N4O5,566.140017312,5.318300000000002,1,1,1,BTM00049,BTM00049,Hydroxylation of aromatic carbon meta to halide group,BTMR1039,"CYP2A6
CYP2B6
CYP2C9
CYP2C19
CYP2E1
CYP3A4",HUMAN,BTM00005,CC(C1=CC(=CC(=C1)C(F)(F)F)C(F)(F)F)OC2C(N(C(CO2)O)CC3=NC(=O)NN3)C4=CC=C(C=C4)F,"InChI=1S/C23H21F7N4O4/c1-11(13-6-14(22(25,26)27)8-15(7-13)23(28,29)30)38-20-19(12-2-4-16(24)5-3-12)34(18(35)10-37-20)9-17-31-21(36)33-32-17/h2-8,11,18-20,35H,9-10H2,1H3,(H2,31,32,33,36)",RJRUMVKFSXQBOR-UHFFFAOYSA-N,5.585700000000001,550.1451026919999
"InChI=1S/C23H21F7N4O5/c1-21(37,12-6-13(22(25,26)27)8-14(7-12)23(28,29)30)39-19-18(11-2-4-15(24)5-3-11)34(10-17(35)38-19)9-16-31-20(36)33-32-16/h2-8,17-19,35,37H,9-10H2,1H3,(H2,31,32,33,36)",QJPBFNMRPPJLQT-UHFFFAOYSA-N,CC(C1=CC(=CC(=C1)C(F)(F)F)C(F)(F)F)(OC2C(N(CC(O2)O)CC3=NC(=O)NN3)C4=CC=C(C=C4)F)O,,,C23H21F7N4O5,566.140017312,4.8076,1,1,1,BTM00027,BTM00027,Hydroxylation of non-terminal aliphatic carbon adjacent to aromatic ring,BTMR1077,"CYP1A2
CYP2C8
CYP2C9
CYP2D6
CYP3A4",HUMAN,BTM00006,CC(C1=CC(=CC(=C1)C(F)(F)F)C(F)(F)F)OC2C(N(CC(O2)O)CC3=NC(=O)NN3)C4=CC=C(C=C4)F,"InChI=1S/C23H21F7N4O4/c1-11(13-6-14(22(25,26)27)8-15(7-13)23(28,29)30)37-20-19(12-2-4-16(24)5-3-12)34(10-18(35)38-20)9-17-31-21(36)33-32-17/h2-8,11,18-20,35H,9-10H2,1H3,(H2,31,32,33,36)",YIITVNVDERVSMO-UHFFFAOYSA-N,5.585700000000001,550.145102692
"InChI=1S/C23H21F7N4O5/c1-11(13-6-14(22(25,26)27)8-15(7-13)23(28,29)30)38-20-19(12-2-4-16(24)5-3-12)34(37,10-18(35)39-20)9-17-31-21(36)33-32-17/h2-8,11,18-20,35H,9-10H2,1H3,(H2,31,32,33,36)",ARDBITRKHXKCPO-UHFFFAOYSA-N,CC(C1=CC(=CC(=C1)C(F)(F)F)C(F)(F)F)OC2C([N+](CC(O2)O)(CC3=NC(=O)NN3)[O-])C4=CC=C(C=C4)F,,,C23H21F7N4O5,566.1400173119999,5.1806,1,1,1,BTM00034,BTM00034,N-Oxidation of alicyclic tertiary amine,BTMR1099,"CYP1A2
CYP2C8
CYP2C19
CYP2D6
CYP3A4",HUMAN,BTM00006,CC(C1=CC(=CC(=C1)C(F)(F)F)C(F)(F)F)OC2C(N(CC(O2)O)CC3=NC(=O)NN3)C4=CC=C(C=C4)F,"InChI=1S/C23H21F7N4O4/c1-11(13-6-14(22(25,26)27)8-15(7-13)23(28,29)30)37-20-19(12-2-4-16(24)5-3-12)34(10-18(35)38-20)9-17-31-21(36)33-32-17/h2-8,11,18-20,35H,9-10H2,1H3,(H2,31,32,33,36)",YIITVNVDERVSMO-UHFFFAOYSA-N,5.585700000000001,550.145102692
"InChI=1S/C20H18F7NO3/c1-10(12-6-13(19(22,23)24)8-14(7-12)20(25,26)27)30-18-17(28-9-16(29)31-18)11-2-4-15(21)5-3-11/h2-8,10,16-18,28-29H,9H2,1H3",XALLLHOPOFVYLX-UHFFFAOYSA-N,CC(C1=CC(=CC(=C1)C(F)(F)F)C(F)(F)F)OC2C(NCC(O2)O)C3=CC=C(C=C3)F,,,C20H18F7NO3,453.117490976,4.8643,1,0,0,BTM00040,BTM00040,N-Dealkylation of alicyclic tertiary amine,BTMR1144,"CYP1A2
CYP2A6
CYP2B6
CYP2C8
CYP2C9
CYP2C19
CYP2D6
CYP3A4",HUMAN,BTM00006,CC(C1=CC(=CC(=C1)C(F)(F)F)C(F)(F)F)OC2C(N(CC(O2)O)CC3=NC(=O)NN3)C4=CC=C(C=C4)F,"InChI=1S/C23H21F7N4O4/c1-11(13-6-14(22(25,26)27)8-15(7-13)23(28,29)30)37-20-19(12-2-4-16(24)5-3-12)34(10-18(35)38-20)9-17-31-21(36)33-32-17/h2-8,11,18-20,35H,9-10H2,1H3,(H2,31,32,33,36)",YIITVNVDERVSMO-UHFFFAOYSA-N,5.585700000000001,550.145102692
"InChI=1S/C3H3N3O2/c7-1-2-4-3(8)6-5-2/h1H,(H2,4,5,6,8)",YLAKZWGIZJMOJV-UHFFFAOYSA-N,C(C1=NC(=O)NN1)=O,,,C3H3N3O2,113.022526336,0.19140000000000001,0,0,0,BTM00004,BTM00004,N-Dealkylation of alicyclic tertiary amine,BTMR1144,"CYP1A2
CYP2A6
CYP2B6
CYP2C8
CYP2C9
CYP2C19
CYP2D6
CYP3A4",HUMAN,BTM00006,CC(C1=CC(=CC(=C1)C(F)(F)F)C(F)(F)F)OC2C(N(CC(O2)O)CC3=NC(=O)NN3)C4=CC=C(C=C4)F,"InChI=1S/C23H21F7N4O4/c1-11(13-6-14(22(25,26)27)8-15(7-13)23(28,29)30)37-20-19(12-2-4-16(24)5-3-12)34(10-18(35)38-20)9-17-31-21(36)33-32-17/h2-8,11,18-20,35H,9-10H2,1H3,(H2,31,32,33,36)",YIITVNVDERVSMO-UHFFFAOYSA-N,5.585700000000001,550.145102692
"InChI=1S/C23H21F7N4O5/c1-10(12-6-13(22(25,26)27)8-14(7-12)23(28,29)30)38-20-17(11-2-4-15(24)5-3-11)34(18(35)19(36)39-20)9-16-31-21(37)33-32-16/h2-8,10,17-20,35-36H,9H2,1H3,(H2,31,32,33,37)",WHOUHRDPKUTSRK-UHFFFAOYSA-N,CC(C1=CC(=CC(=C1)C(F)(F)F)C(F)(F)F)OC2C(N(C(C(O2)O)O)CC3=NC(=O)NN3)C4=CC=C(C=C4)F,,,C23H21F7N4O5,566.140017312,5.246,1,1,1,BTM00045,BTM00045,Hydroxylation of heteroalicyclic secondary carbon,BTMR1070,"CYP1A2
CYP2A6
CYP2C9
CYP2D6
CYP3A4",HUMAN,BTM00006,CC(C1=CC(=CC(=C1)C(F)(F)F)C(F)(F)F)OC2C(N(CC(O2)O)CC3=NC(=O)NN3)C4=CC=C(C=C4)F,"InChI=1S/C23H21F7N4O4/c1-11(13-6-14(22(25,26)27)8-15(7-13)23(28,29)30)37-20-19(12-2-4-16(24)5-3-12)34(10-18(35)38-20)9-17-31-21(36)33-32-17/h2-8,11,18-20,35H,9-10H2,1H3,(H2,31,32,33,36)",YIITVNVDERVSMO-UHFFFAOYSA-N,5.585700000000001,550.145102692
"InChI=1S/C23H21F7N4O5/c24-15-3-1-11(2-4-15)19-20(39-18(36)9-34(19)8-17-31-21(37)33-32-17)38-16(10-35)12-5-13(22(25,26)27)7-14(6-12)23(28,29)30/h1-7,16,18-20,35-36H,8-10H2,(H2,31,32,33,37)",CFGBJXOCZICXGL-UHFFFAOYSA-N,C(C(C1=CC(=CC(=C1)C(F)(F)F)C(F)(F)F)OC2C(N(CC(O2)O)CC3=NC(=O)NN3)C4=CC=C(C=C4)F)O,,,C23H21F7N4O5,566.140017312,4.697500000000001,1,1,1,BTM00050,BTM00050,Hydroxylation of terminal methyl,BTMR1061,"CYP1A2
CYP2A6
CYP2B6
CYP2C8
CYP2C9
CYP2C19
CYP2D6
CYP2E1
CYP3A4",HUMAN,BTM00006,CC(C1=CC(=CC(=C1)C(F)(F)F)C(F)(F)F)OC2C(N(CC(O2)O)CC3=NC(=O)NN3)C4=CC=C(C=C4)F,"InChI=1S/C23H21F7N4O4/c1-11(13-6-14(22(25,26)27)8-15(7-13)23(28,29)30)37-20-19(12-2-4-16(24)5-3-12)34(10-18(35)38-20)9-17-31-21(36)33-32-17/h2-8,11,18-20,35H,9-10H2,1H3,(H2,31,32,33,36)",YIITVNVDERVSMO-UHFFFAOYSA-N,5.585700000000001,550.145102692
"InChI=1S/C23H19F7N4O4/c1-11(13-6-14(22(25,26)27)8-15(7-13)23(28,29)30)37-20-19(12-2-4-16(24)5-3-12)34(10-18(35)38-20)9-17-31-21(36)33-32-17/h2-8,18-20,35H,1,9-10H2,(H2,31,32,33,36)",LVQRHVCTCDRRIY-UHFFFAOYSA-N,C=C(C1=CC(=CC(=C1)C(F)(F)F)C(F)(F)F)OC2C(N(CC(O2)O)CC3=NC(=O)NN3)C4=CC=C(C=C4)F,,,C23H19F7N4O4,548.1294526280001,5.457300000000002,2,1,1,BTM00051,BTM00051,Terminal desaturation,BTMR1190,"CYP1A2
CYP2A6
CYP2C9
CYP2D6
CYP3A4",HUMAN,BTM00006,CC(C1=CC(=CC(=C1)C(F)(F)F)C(F)(F)F)OC2C(N(CC(O2)O)CC3=NC(=O)NN3)C4=CC=C(C=C4)F,"InChI=1S/C23H21F7N4O4/c1-11(13-6-14(22(25,26)27)8-15(7-13)23(28,29)30)37-20-19(12-2-4-16(24)5-3-12)34(10-18(35)38-20)9-17-31-21(36)33-32-17/h2-8,11,18-20,35H,9-10H2,1H3,(H2,31,32,33,36)",YIITVNVDERVSMO-UHFFFAOYSA-N,5.585700000000001,550.145102692
"InChI=1S/C23H21F7N4O5/c1-10(12-4-13(22(25,26)27)7-14(5-12)23(28,29)30)38-20-19(11-2-3-15(24)16(35)6-11)34(9-18(36)39-20)8-17-31-21(37)33-32-17/h2-7,10,18-20,35-36H,8-9H2,1H3,(H2,31,32,33,37)",BJDFMMWLLOEANG-UHFFFAOYSA-N,CC(C1=CC(=CC(=C1)C(F)(F)F)C(F)(F)F)OC2C(N(CC(O2)O)CC3=NC(=O)NN3)C4=CC(=C(C=C4)F)O,,,C23H21F7N4O5,566.140017312,5.318300000000002,1,1,1,BTM00052,BTM00052,Hydroxylation of aromatic carbon ortho to halide group,BTMR1040,"CYP1A2
CYP2A6
CYP2B6
CYP2C8
CYP2C9
CYP2C19
CYP2D6
CYP2E1
CYP3A4",HUMAN,BTM00006,CC(C1=CC(=CC(=C1)C(F)(F)F)C(F)(F)F)OC2C(N(CC(O2)O)CC3=NC(=O)NN3)C4=CC=C(C=C4)F,"InChI=1S/C23H21F7N4O4/c1-11(13-6-14(22(25,26)27)8-15(7-13)23(28,29)30)37-20-19(12-2-4-16(24)5-3-12)34(10-18(35)38-20)9-17-31-21(36)33-32-17/h2-8,11,18-20,35H,9-10H2,1H3,(H2,31,32,33,36)",YIITVNVDERVSMO-UHFFFAOYSA-N,5.585700000000001,550.145102692
"InChI=1S/C23H21F7N4O5/c1-10(11-4-12(22(25,26)27)6-13(5-11)23(28,29)30)38-20-19(15-3-2-14(24)7-16(15)35)34(9-18(36)39-20)8-17-31-21(37)33-32-17/h2-7,10,18-20,35-36H,8-9H2,1H3,(H2,31,32,33,37)",RSWYRTCXRYOEIA-UHFFFAOYSA-N,CC(C1=CC(=CC(=C1)C(F)(F)F)C(F)(F)F)OC2C(N(CC(O2)O)CC3=NC(=O)NN3)C4=C(C=C(C=C4)F)O,,,C23H21F7N4O5,566.140017312,5.318300000000002,1,1,1,BTM00053,BTM00053,Hydroxylation of aromatic carbon meta to halide group,BTMR1039,"CYP2A6
CYP2B6
CYP2C9
CYP2C19
CYP2E1
CYP3A4",HUMAN,BTM00006,CC(C1=CC(=CC(=C1)C(F)(F)F)C(F)(F)F)OC2C(N(CC(O2)O)CC3=NC(=O)NN3)C4=CC=C(C=C4)F,"InChI=1S/C23H21F7N4O4/c1-11(13-6-14(22(25,26)27)8-15(7-13)23(28,29)30)37-20-19(12-2-4-16(24)5-3-12)34(10-18(35)38-20)9-17-31-21(36)33-32-17/h2-8,11,18-20,35H,9-10H2,1H3,(H2,31,32,33,36)",YIITVNVDERVSMO-UHFFFAOYSA-N,5.585700000000001,550.145102692
"InChI=1S/C23H21F7N4O5/c1-11(12-6-14(22(25,26)27)8-15(7-12)23(28,29)30)38-19-21(37,13-2-4-16(24)5-3-13)34(10-18(35)39-19)9-17-31-20(36)33-32-17/h2-8,11,18-19,35,37H,9-10H2,1H3,(H2,31,32,33,36)",UBYNISRVWZVIFO-UHFFFAOYSA-N,CC(C1=CC(=CC(=C1)C(F)(F)F)C(F)(F)F)OC2C(N(CC(O2)O)CC3=NC(=O)NN3)(C4=CC=C(C=C4)F)O,,,C23H21F7N4O5,566.140017312,5.1958,1,1,1,BTM00054,BTM00054,Aliphatic hydroxylation of carbon alpha to secondary or tertiary alkyl-N,BTMR1081,"CYP2B6
CYP2C19
CYP2D6",HUMAN,BTM00006,CC(C1=CC(=CC(=C1)C(F)(F)F)C(F)(F)F)OC2C(N(CC(O2)O)CC3=NC(=O)NN3)C4=CC=C(C=C4)F,"InChI=1S/C23H21F7N4O4/c1-11(13-6-14(22(25,26)27)8-15(7-13)23(28,29)30)37-20-19(12-2-4-16(24)5-3-12)34(10-18(35)38-20)9-17-31-21(36)33-32-17/h2-8,11,18-20,35H,9-10H2,1H3,(H2,31,32,33,36)",YIITVNVDERVSMO-UHFFFAOYSA-N,5.585700000000001,550.145102692
"InChI=1S/C23H21F7N4O5/c1-10(12-6-13(22(25,26)27)8-14(7-12)23(28,29)30)38-20-17(11-2-4-15(24)5-3-11)34(9-16(35)39-20)19(36)18-31-21(37)33-32-18/h2-8,10,16-17,19-20,35-36H,9H2,1H3,(H2,31,32,33,37)",RFCKHHOLZDSUMY-UHFFFAOYSA-N,CC(C1=CC(=CC(=C1)C(F)(F)F)C(F)(F)F)OC2C(N(CC(O2)O)C(C3=NC(=O)NN3)O)C4=CC=C(C=C4)F,,,C23H21F7N4O5,566.140017312,5.246,1,1,1,BTM00055,BTM00055,Aliphatic hydroxylation of carbon alpha to secondary or tertiary alkyl-N,BTMR1081,"CYP2B6
CYP2C19
CYP2D6",HUMAN,BTM00006,CC(C1=CC(=CC(=C1)C(F)(F)F)C(F)(F)F)OC2C(N(CC(O2)O)CC3=NC(=O)NN3)C4=CC=C(C=C4)F,"InChI=1S/C23H21F7N4O4/c1-11(13-6-14(22(25,26)27)8-15(7-13)23(28,29)30)37-20-19(12-2-4-16(24)5-3-12)34(10-18(35)38-20)9-17-31-21(36)33-32-17/h2-8,11,18-20,35H,9-10H2,1H3,(H2,31,32,33,36)",YIITVNVDERVSMO-UHFFFAOYSA-N,5.585700000000001,550.145102692
"InChI=1S/C23H21F7N4O5/c1-10(12-6-13(22(25,26)27)8-14(7-12)23(28,29)30)38-20-17(11-2-4-15(24)5-3-11)34(18(35)19(36)39-20)9-16-31-21(37)33-32-16/h2-8,10,17-20,35-36H,9H2,1H3,(H2,31,32,33,37)",WHOUHRDPKUTSRK-UHFFFAOYSA-N,CC(C1=CC(=CC(=C1)C(F)(F)F)C(F)(F)F)OC2C(N(C(C(O2)O)O)CC3=NC(=O)NN3)C4=CC=C(C=C4)F,,,C23H21F7N4O5,566.140017312,5.246,1,1,1,BTM00045,BTM00045,Aliphatic hydroxylation of carbon alpha to secondary or tertiary alkyl-N,BTMR1081,"CYP2B6
CYP2C19
CYP2D6",HUMAN,BTM00006,CC(C1=CC(=CC(=C1)C(F)(F)F)C(F)(F)F)OC2C(N(CC(O2)O)CC3=NC(=O)NN3)C4=CC=C(C=C4)F,"InChI=1S/C23H21F7N4O4/c1-11(13-6-14(22(25,26)27)8-15(7-13)23(28,29)30)37-20-19(12-2-4-16(24)5-3-12)34(10-18(35)38-20)9-17-31-21(36)33-32-17/h2-8,11,18-20,35H,9-10H2,1H3,(H2,31,32,33,36)",YIITVNVDERVSMO-UHFFFAOYSA-N,5.585700000000001,550.145102692
"InChI=1S/C23H21F7N4O5/c24-16-3-1-12(2-4-16)18-19(38-6-5-34(18)10-17-31-20(36)33-32-17)39-21(37,11-35)13-7-14(22(25,26)27)9-15(8-13)23(28,29)30/h1-4,7-9,18-19,35,37H,5-6,10-11H2,(H2,31,32,33,36)",LIRDWXAOBHZYOA-UHFFFAOYSA-N,C(C(C1=CC(=CC(=C1)C(F)(F)F)C(F)(F)F)(OC2C(N(CCO2)CC3=NC(=O)NN3)C4=CC=C(C=C4)F)O)O,,,C23H21F7N4O5,566.140017312,4.6473,1,1,1,BTM00028,BTM00028,Hydroxylation of non-terminal aliphatic carbon adjacent to aromatic ring,BTMR1077,"CYP1A2
CYP2C8
CYP2C9
CYP2D6
CYP3A4",HUMAN,BTM00007,C(C(C1=CC(=CC(=C1)C(F)(F)F)C(F)(F)F)OC2C(N(CCO2)CC3=NC(=O)NN3)C4=CC=C(C=C4)F)O,"InChI=1S/C23H21F7N4O4/c24-16-3-1-12(2-4-16)19-20(37-6-5-34(19)10-18-31-21(36)33-32-18)38-17(11-35)13-7-14(22(25,26)27)9-15(8-13)23(28,29)30/h1-4,7-9,17,19-20,35H,5-6,10-11H2,(H2,31,32,33,36)",HKSPYQLHTAGSCY-UHFFFAOYSA-N,5.037200000000002,550.145102692
"InChI=1S/C23H21F7N4O5/c24-16-3-1-12(2-4-16)19-20(38-6-5-34(19,37)10-18-31-21(36)33-32-18)39-17(11-35)13-7-14(22(25,26)27)9-15(8-13)23(28,29)30/h1-4,7-9,17,19-20,35H,5-6,10-11H2,(H2,31,32,33,36)",OHXUNRRNHYEERW-UHFFFAOYSA-N,C(C(C1=CC(=CC(=C1)C(F)(F)F)C(F)(F)F)OC2C([N+](CCO2)(CC3=NC(=O)NN3)[O-])C4=CC=C(C=C4)F)O,,,C23H21F7N4O5,566.140017312,4.632100000000002,1,1,1,BTM00035,BTM00035,N-Oxidation of alicyclic tertiary amine,BTMR1099,"CYP1A2
CYP2C8
CYP2C19
CYP2D6
CYP3A4",HUMAN,BTM00007,C(C(C1=CC(=CC(=C1)C(F)(F)F)C(F)(F)F)OC2C(N(CCO2)CC3=NC(=O)NN3)C4=CC=C(C=C4)F)O,"InChI=1S/C23H21F7N4O4/c24-16-3-1-12(2-4-16)19-20(37-6-5-34(19)10-18-31-21(36)33-32-18)38-17(11-35)13-7-14(22(25,26)27)9-15(8-13)23(28,29)30/h1-4,7-9,17,19-20,35H,5-6,10-11H2,(H2,31,32,33,36)",HKSPYQLHTAGSCY-UHFFFAOYSA-N,5.037200000000002,550.145102692
"InChI=1S/C20H18F7NO3/c21-15-3-1-11(2-4-15)17-18(30-6-5-28-17)31-16(10-29)12-7-13(19(22,23)24)9-14(8-12)20(25,26)27/h1-4,7-9,16-18,28-29H,5-6,10H2",NLGZJMANHCJSAN-UHFFFAOYSA-N,C(C(C1=CC(=CC(=C1)C(F)(F)F)C(F)(F)F)OC2C(NCCO2)C3=CC=C(C=C3)F)O,,,C20H18F7NO3,453.117490976,4.3158,0,0,0,BTM00041,BTM00041,N-Dealkylation of alicyclic tertiary amine,BTMR1144,"CYP1A2
CYP2A6
CYP2B6
CYP2C8
CYP2C9
CYP2C19
CYP2D6
CYP3A4",HUMAN,BTM00007,C(C(C1=CC(=CC(=C1)C(F)(F)F)C(F)(F)F)OC2C(N(CCO2)CC3=NC(=O)NN3)C4=CC=C(C=C4)F)O,"InChI=1S/C23H21F7N4O4/c24-16-3-1-12(2-4-16)19-20(37-6-5-34(19)10-18-31-21(36)33-32-18)38-17(11-35)13-7-14(22(25,26)27)9-15(8-13)23(28,29)30/h1-4,7-9,17,19-20,35H,5-6,10-11H2,(H2,31,32,33,36)",HKSPYQLHTAGSCY-UHFFFAOYSA-N,5.037200000000002,550.145102692
"InChI=1S/C3H3N3O2/c7-1-2-4-3(8)6-5-2/h1H,(H2,4,5,6,8)",YLAKZWGIZJMOJV-UHFFFAOYSA-N,C(C1=NC(=O)NN1)=O,,,C3H3N3O2,113.022526336,0.19140000000000001,0,0,0,BTM00004,BTM00004,N-Dealkylation of alicyclic tertiary amine,BTMR1144,"CYP1A2
CYP2A6
CYP2B6
CYP2C8
CYP2C9
CYP2C19
CYP2D6
CYP3A4",HUMAN,BTM00007,C(C(C1=CC(=CC(=C1)C(F)(F)F)C(F)(F)F)OC2C(N(CCO2)CC3=NC(=O)NN3)C4=CC=C(C=C4)F)O,"InChI=1S/C23H21F7N4O4/c24-16-3-1-12(2-4-16)19-20(37-6-5-34(19)10-18-31-21(36)33-32-18)38-17(11-35)13-7-14(22(25,26)27)9-15(8-13)23(28,29)30/h1-4,7-9,17,19-20,35H,5-6,10-11H2,(H2,31,32,33,36)",HKSPYQLHTAGSCY-UHFFFAOYSA-N,5.037200000000002,550.145102692
"InChI=1S/C23H21F7N4O5/c24-15-3-1-11(2-4-15)19-20(38-10-18(36)34(19)8-17-31-21(37)33-32-17)39-16(9-35)12-5-13(22(25,26)27)7-14(6-12)23(28,29)30/h1-7,16,18-20,35-36H,8-10H2,(H2,31,32,33,37)",IXFSPGIDLNUUEX-UHFFFAOYSA-N,C(C(C1=CC(=CC(=C1)C(F)(F)F)C(F)(F)F)OC2C(N(C(CO2)O)CC3=NC(=O)NN3)C4=CC=C(C=C4)F)O,,,C23H21F7N4O5,566.140017312,4.697500000000001,1,1,1,BTM00046,BTM00046,Hydroxylation of heteroalicyclic secondary carbon,BTMR1070,"CYP1A2
CYP2A6
CYP2C9
CYP2D6
CYP3A4",HUMAN,BTM00007,C(C(C1=CC(=CC(=C1)C(F)(F)F)C(F)(F)F)OC2C(N(CCO2)CC3=NC(=O)NN3)C4=CC=C(C=C4)F)O,"InChI=1S/C23H21F7N4O4/c24-16-3-1-12(2-4-16)19-20(37-6-5-34(19)10-18-31-21(36)33-32-18)38-17(11-35)13-7-14(22(25,26)27)9-15(8-13)23(28,29)30/h1-4,7-9,17,19-20,35H,5-6,10-11H2,(H2,31,32,33,36)",HKSPYQLHTAGSCY-UHFFFAOYSA-N,5.037200000000002,550.145102692
"InChI=1S/C23H21F7N4O5/c24-15-3-1-11(2-4-15)19-20(38-10-18(36)34(19)8-17-31-21(37)33-32-17)39-16(9-35)12-5-13(22(25,26)27)7-14(6-12)23(28,29)30/h1-7,16,18-20,35-36H,8-10H2,(H2,31,32,33,37)",IXFSPGIDLNUUEX-UHFFFAOYSA-N,C(C(C1=CC(=CC(=C1)C(F)(F)F)C(F)(F)F)OC2C(N(C(CO2)O)CC3=NC(=O)NN3)C4=CC=C(C=C4)F)O,,,C23H21F7N4O5,566.140017312,4.697500000000001,1,1,1,BTM00046,BTM00046,Hydroxylation of heteroalicyclic secondary carbon,BTMR1071,CYP1A2,HUMAN,BTM00007,C(C(C1=CC(=CC(=C1)C(F)(F)F)C(F)(F)F)OC2C(N(CCO2)CC3=NC(=O)NN3)C4=CC=C(C=C4)F)O,"InChI=1S/C23H21F7N4O4/c24-16-3-1-12(2-4-16)19-20(37-6-5-34(19)10-18-31-21(36)33-32-18)38-17(11-35)13-7-14(22(25,26)27)9-15(8-13)23(28,29)30/h1-4,7-9,17,19-20,35H,5-6,10-11H2,(H2,31,32,33,36)",HKSPYQLHTAGSCY-UHFFFAOYSA-N,5.037200000000002,550.145102692
"InChI=1S/C23H21F7N4O5/c24-15-3-1-11(2-4-15)19-20(39-18(36)9-34(19)8-17-31-21(37)33-32-17)38-16(10-35)12-5-13(22(25,26)27)7-14(6-12)23(28,29)30/h1-7,16,18-20,35-36H,8-10H2,(H2,31,32,33,37)",CFGBJXOCZICXGL-UHFFFAOYSA-N,C(C(C1=CC(=CC(=C1)C(F)(F)F)C(F)(F)F)OC2C(N(CC(O2)O)CC3=NC(=O)NN3)C4=CC=C(C=C4)F)O,,,C23H21F7N4O5,566.140017312,4.697500000000001,1,1,1,BTM00050,BTM00050,Hydroxylation of heteroalicyclic secondary carbon,BTMR1071,CYP1A2,HUMAN,BTM00007,C(C(C1=CC(=CC(=C1)C(F)(F)F)C(F)(F)F)OC2C(N(CCO2)CC3=NC(=O)NN3)C4=CC=C(C=C4)F)O,"InChI=1S/C23H21F7N4O4/c24-16-3-1-12(2-4-16)19-20(37-6-5-34(19)10-18-31-21(36)33-32-18)38-17(11-35)13-7-14(22(25,26)27)9-15(8-13)23(28,29)30/h1-4,7-9,17,19-20,35H,5-6,10-11H2,(H2,31,32,33,36)",HKSPYQLHTAGSCY-UHFFFAOYSA-N,5.037200000000002,550.145102692
"InChI=1S/C23H19F7N4O4/c24-16-3-1-12(2-4-16)19-20(37-6-5-34(19)10-18-31-21(36)33-32-18)38-17(11-35)13-7-14(22(25,26)27)9-15(8-13)23(28,29)30/h1-4,7-9,11,17,19-20H,5-6,10H2,(H2,31,32,33,36)",NLSDEKLIFKYHPU-UHFFFAOYSA-N,C(C(C1=CC(=CC(=C1)C(F)(F)F)C(F)(F)F)OC2C(N(CCO2)CC3=NC(=O)NN3)C4=CC=C(C=C4)F)=O,,,C23H19F7N4O4,548.1294526280001,5.293500000000002,1,0,0,BTM00056,BTM00056,Oxidation of primary alcohol to aldehyde,BTMR0105,"CYP1A2
CYP2E1
CYP3A4",HUMAN,BTM00007,C(C(C1=CC(=CC(=C1)C(F)(F)F)C(F)(F)F)OC2C(N(CCO2)CC3=NC(=O)NN3)C4=CC=C(C=C4)F)O,"InChI=1S/C23H21F7N4O4/c24-16-3-1-12(2-4-16)19-20(37-6-5-34(19)10-18-31-21(36)33-32-18)38-17(11-35)13-7-14(22(25,26)27)9-15(8-13)23(28,29)30/h1-4,7-9,17,19-20,35H,5-6,10-11H2,(H2,31,32,33,36)",HKSPYQLHTAGSCY-UHFFFAOYSA-N,5.037200000000002,550.145102692
"InChI=1S/C23H21F7N4O5/c24-15-2-1-11(7-16(15)36)19-20(38-4-3-34(19)9-18-31-21(37)33-32-18)39-17(10-35)12-5-13(22(25,26)27)8-14(6-12)23(28,29)30/h1-2,5-8,17,19-20,35-36H,3-4,9-10H2,(H2,31,32,33,37)",VDDFMGRYLYTTEF-UHFFFAOYSA-N,C(C(C1=CC(=CC(=C1)C(F)(F)F)C(F)(F)F)OC2C(N(CCO2)CC3=NC(=O)NN3)C4=CC(=C(C=C4)F)O)O,,,C23H21F7N4O5,566.140017312,4.769800000000002,1,1,1,BTM00057,BTM00057,Hydroxylation of aromatic carbon ortho to halide group,BTMR1040,"CYP1A2
CYP2A6
CYP2B6
CYP2C8
CYP2C9
CYP2C19
CYP2D6
CYP2E1
CYP3A4",HUMAN,BTM00007,C(C(C1=CC(=CC(=C1)C(F)(F)F)C(F)(F)F)OC2C(N(CCO2)CC3=NC(=O)NN3)C4=CC=C(C=C4)F)O,"InChI=1S/C23H21F7N4O4/c24-16-3-1-12(2-4-16)19-20(37-6-5-34(19)10-18-31-21(36)33-32-18)38-17(11-35)13-7-14(22(25,26)27)9-15(8-13)23(28,29)30/h1-4,7-9,17,19-20,35H,5-6,10-11H2,(H2,31,32,33,36)",HKSPYQLHTAGSCY-UHFFFAOYSA-N,5.037200000000002,550.145102692
"InChI=1S/C23H21F7N4O5/c24-14-1-2-15(16(36)8-14)19-20(38-4-3-34(19)9-18-31-21(37)33-32-18)39-17(10-35)11-5-12(22(25,26)27)7-13(6-11)23(28,29)30/h1-2,5-8,17,19-20,35-36H,3-4,9-10H2,(H2,31,32,33,37)",NUKKSOARURZVFV-UHFFFAOYSA-N,C(C(C1=CC(=CC(=C1)C(F)(F)F)C(F)(F)F)OC2C(N(CCO2)CC3=NC(=O)NN3)C4=C(C=C(C=C4)F)O)O,,,C23H21F7N4O5,566.140017312,4.769800000000002,1,1,1,BTM00058,BTM00058,Hydroxylation of aromatic carbon meta to halide group,BTMR1039,"CYP2A6
CYP2B6
CYP2C9
CYP2C19
CYP2E1
CYP3A4",HUMAN,BTM00007,C(C(C1=CC(=CC(=C1)C(F)(F)F)C(F)(F)F)OC2C(N(CCO2)CC3=NC(=O)NN3)C4=CC=C(C=C4)F)O,"InChI=1S/C23H21F7N4O4/c24-16-3-1-12(2-4-16)19-20(37-6-5-34(19)10-18-31-21(36)33-32-18)38-17(11-35)13-7-14(22(25,26)27)9-15(8-13)23(28,29)30/h1-4,7-9,17,19-20,35H,5-6,10-11H2,(H2,31,32,33,36)",HKSPYQLHTAGSCY-UHFFFAOYSA-N,5.037200000000002,550.145102692
"InChI=1S/C23H21F7N4O5/c24-16-3-1-13(2-4-16)21(37)19(38-6-5-34(21)10-18-31-20(36)33-32-18)39-17(11-35)12-7-14(22(25,26)27)9-15(8-12)23(28,29)30/h1-4,7-9,17,19,35,37H,5-6,10-11H2,(H2,31,32,33,36)",IHPCQSROEYGUGF-UHFFFAOYSA-N,C(C(C1=CC(=CC(=C1)C(F)(F)F)C(F)(F)F)OC2C(N(CCO2)CC3=NC(=O)NN3)(C4=CC=C(C=C4)F)O)O,,,C23H21F7N4O5,566.1400173119999,4.6473,1,1,1,BTM00059,BTM00059,Aliphatic hydroxylation of carbon alpha to secondary or tertiary alkyl-N,BTMR1081,"CYP2B6
CYP2C19
CYP2D6",HUMAN,BTM00007,C(C(C1=CC(=CC(=C1)C(F)(F)F)C(F)(F)F)OC2C(N(CCO2)CC3=NC(=O)NN3)C4=CC=C(C=C4)F)O,"InChI=1S/C23H21F7N4O4/c24-16-3-1-12(2-4-16)19-20(37-6-5-34(19)10-18-31-21(36)33-32-18)38-17(11-35)13-7-14(22(25,26)27)9-15(8-13)23(28,29)30/h1-4,7-9,17,19-20,35H,5-6,10-11H2,(H2,31,32,33,36)",HKSPYQLHTAGSCY-UHFFFAOYSA-N,5.037200000000002,550.145102692
"InChI=1S/C23H21F7N4O5/c24-15-3-1-11(2-4-15)17-20(38-6-5-34(17)19(36)18-31-21(37)33-32-18)39-16(10-35)12-7-13(22(25,26)27)9-14(8-12)23(28,29)30/h1-4,7-9,16-17,19-20,35-36H,5-6,10H2,(H2,31,32,33,37)",OWSKIXWYKMPMEY-UHFFFAOYSA-N,C(C(C1=CC(=CC(=C1)C(F)(F)F)C(F)(F)F)OC2C(N(CCO2)C(C3=NC(=O)NN3)O)C4=CC=C(C=C4)F)O,,,C23H21F7N4O5,566.140017312,4.697500000000001,1,1,1,BTM00060,BTM00060,Aliphatic hydroxylation of carbon alpha to secondary or tertiary alkyl-N,BTMR1081,"CYP2B6
CYP2C19
CYP2D6",HUMAN,BTM00007,C(C(C1=CC(=CC(=C1)C(F)(F)F)C(F)(F)F)OC2C(N(CCO2)CC3=NC(=O)NN3)C4=CC=C(C=C4)F)O,"InChI=1S/C23H21F7N4O4/c24-16-3-1-12(2-4-16)19-20(37-6-5-34(19)10-18-31-21(36)33-32-18)38-17(11-35)13-7-14(22(25,26)27)9-15(8-13)23(28,29)30/h1-4,7-9,17,19-20,35H,5-6,10-11H2,(H2,31,32,33,36)",HKSPYQLHTAGSCY-UHFFFAOYSA-N,5.037200000000002,550.145102692
"InChI=1S/C23H21F7N4O5/c24-15-3-1-11(2-4-15)19-20(38-10-18(36)34(19)8-17-31-21(37)33-32-17)39-16(9-35)12-5-13(22(25,26)27)7-14(6-12)23(28,29)30/h1-7,16,18-20,35-36H,8-10H2,(H2,31,32,33,37)",IXFSPGIDLNUUEX-UHFFFAOYSA-N,C(C(C1=CC(=CC(=C1)C(F)(F)F)C(F)(F)F)OC2C(N(C(CO2)O)CC3=NC(=O)NN3)C4=CC=C(C=C4)F)O,,,C23H21F7N4O5,566.140017312,4.697500000000001,1,1,1,BTM00046,BTM00046,Aliphatic hydroxylation of carbon alpha to secondary or tertiary alkyl-N,BTMR1081,"CYP2B6
CYP2C19
CYP2D6",HUMAN,BTM00007,C(C(C1=CC(=CC(=C1)C(F)(F)F)C(F)(F)F)OC2C(N(CCO2)CC3=NC(=O)NN3)C4=CC=C(C=C4)F)O,"InChI=1S/C23H21F7N4O4/c24-16-3-1-12(2-4-16)19-20(37-6-5-34(19)10-18-31-21(36)33-32-18)38-17(11-35)13-7-14(22(25,26)27)9-15(8-13)23(28,29)30/h1-4,7-9,17,19-20,35H,5-6,10-11H2,(H2,31,32,33,36)",HKSPYQLHTAGSCY-UHFFFAOYSA-N,5.037200000000002,550.145102692
"InChI=1S/C23H19F7N4O4/c1-12(14-8-15(22(25,26)27)10-16(9-14)23(28,29)30)38-20-19(13-2-4-17(24)5-3-13)34(36,6-7-37-20)11-18-31-21(35)33-32-18/h2-5,8-10,19-20H,1,6-7,11H2,(H2,31,32,33,35)",AAJGRVJKSHKRNU-UHFFFAOYSA-N,C=C(C1=CC(=CC(=C1)C(F)(F)F)C(F)(F)F)OC2C([N+](CCO2)(CC3=NC(=O)NN3)[O-])C4=CC=C(C=C4)F,,,C23H19F7N4O4,548.129452628,5.3919,2,0,0,BTM00036,BTM00036,N-Oxidation of alicyclic tertiary amine,BTMR1099,"CYP1A2
CYP2C8
CYP2C19
CYP2D6
CYP3A4",HUMAN,BTM00008,C=C(C1=CC(=CC(=C1)C(F)(F)F)C(F)(F)F)OC2C(N(CCO2)CC3=NC(=O)NN3)C4=CC=C(C=C4)F,"InChI=1S/C23H19F7N4O3/c1-12(14-8-15(22(25,26)27)10-16(9-14)23(28,29)30)37-20-19(13-2-4-17(24)5-3-13)34(6-7-36-20)11-18-31-21(35)33-32-18/h2-5,8-10,19-20H,1,6-7,11H2,(H2,31,32,33,35)",HIZDVORUIJNMKW-UHFFFAOYSA-N,5.797000000000001,532.1345380079999
"InChI=1S/C20H16F7NO2/c1-11(13-8-14(19(22,23)24)10-15(9-13)20(25,26)27)30-18-17(28-6-7-29-18)12-2-4-16(21)5-3-12/h2-5,8-10,17-18,28H,1,6-7H2",NJLMYJLWJJWRML-UHFFFAOYSA-N,C=C(C1=CC(=CC(=C1)C(F)(F)F)C(F)(F)F)OC2C(NCCO2)C3=CC=C(C=C3)F,,,C20H16F7NO2,435.106926292,5.0756000000000006,1,0,0,BTM00042,BTM00042,N-Dealkylation of alicyclic tertiary amine,BTMR1144,"CYP1A2
CYP2A6
CYP2B6
CYP2C8
CYP2C9
CYP2C19
CYP2D6
CYP3A4",HUMAN,BTM00008,C=C(C1=CC(=CC(=C1)C(F)(F)F)C(F)(F)F)OC2C(N(CCO2)CC3=NC(=O)NN3)C4=CC=C(C=C4)F,"InChI=1S/C23H19F7N4O3/c1-12(14-8-15(22(25,26)27)10-16(9-14)23(28,29)30)37-20-19(13-2-4-17(24)5-3-13)34(6-7-36-20)11-18-31-21(35)33-32-18/h2-5,8-10,19-20H,1,6-7,11H2,(H2,31,32,33,35)",HIZDVORUIJNMKW-UHFFFAOYSA-N,5.797000000000001,532.1345380079999
"InChI=1S/C3H3N3O2/c7-1-2-4-3(8)6-5-2/h1H,(H2,4,5,6,8)",YLAKZWGIZJMOJV-UHFFFAOYSA-N,C(C1=NC(=O)NN1)=O,,,C3H3N3O2,113.022526336,0.19140000000000001,0,0,0,BTM00004,BTM00004,N-Dealkylation of alicyclic tertiary amine,BTMR1144,"CYP1A2
CYP2A6
CYP2B6
CYP2C8
CYP2C9
CYP2C19
CYP2D6
CYP3A4",HUMAN,BTM00008,C=C(C1=CC(=CC(=C1)C(F)(F)F)C(F)(F)F)OC2C(N(CCO2)CC3=NC(=O)NN3)C4=CC=C(C=C4)F,"InChI=1S/C23H19F7N4O3/c1-12(14-8-15(22(25,26)27)10-16(9-14)23(28,29)30)37-20-19(13-2-4-17(24)5-3-13)34(6-7-36-20)11-18-31-21(35)33-32-18/h2-5,8-10,19-20H,1,6-7,11H2,(H2,31,32,33,35)",HIZDVORUIJNMKW-UHFFFAOYSA-N,5.797000000000001,532.1345380079999
"InChI=1S/C23H19F7N4O4/c24-16-3-1-12(2-4-16)18-19(36-6-5-34(18)10-17-31-20(35)33-32-17)38-21(11-37-21)13-7-14(22(25,26)27)9-15(8-13)23(28,29)30/h1-4,7-9,18-19H,5-6,10-11H2,(H2,31,32,33,35)",HHUFVGZFZBMAGB-UHFFFAOYSA-N,C1C(C2=CC(=CC(=C2)C(F)(F)F)C(F)(F)F)(OC3C(N(CCO3)CC4=NC(=O)NN4)C5=CC=C(C=C5)F)O1,,,C23H19F7N4O4,548.129452628,5.4138,1,0,0,BTM00061,BTM00061,Epoxidation of vinyl ether,BTMR1026,"CYP1A2
CYP3A4",HUMAN,BTM00008,C=C(C1=CC(=CC(=C1)C(F)(F)F)C(F)(F)F)OC2C(N(CCO2)CC3=NC(=O)NN3)C4=CC=C(C=C4)F,"InChI=1S/C23H19F7N4O3/c1-12(14-8-15(22(25,26)27)10-16(9-14)23(28,29)30)37-20-19(13-2-4-17(24)5-3-13)34(6-7-36-20)11-18-31-21(35)33-32-18/h2-5,8-10,19-20H,1,6-7,11H2,(H2,31,32,33,35)",HIZDVORUIJNMKW-UHFFFAOYSA-N,5.797000000000001,532.1345380079999
"InChI=1S/C23H19F7N4O4/c1-11(13-6-14(22(25,26)27)8-15(7-13)23(28,29)30)38-20-19(12-2-4-16(24)5-3-12)34(18(35)10-37-20)9-17-31-21(36)33-32-17/h2-8,18-20,35H,1,9-10H2,(H2,31,32,33,36)",HIAAYNUUSYLDSX-UHFFFAOYSA-N,C=C(C1=CC(=CC(=C1)C(F)(F)F)C(F)(F)F)OC2C(N(C(CO2)O)CC3=NC(=O)NN3)C4=CC=C(C=C4)F,,,C23H19F7N4O4,548.1294526280001,5.457300000000002,2,1,1,BTM00047,BTM00047,Hydroxylation of heteroalicyclic secondary carbon,BTMR1070,"CYP1A2
CYP2A6
CYP2C9
CYP2D6
CYP3A4",HUMAN,BTM00008,C=C(C1=CC(=CC(=C1)C(F)(F)F)C(F)(F)F)OC2C(N(CCO2)CC3=NC(=O)NN3)C4=CC=C(C=C4)F,"InChI=1S/C23H19F7N4O3/c1-12(14-8-15(22(25,26)27)10-16(9-14)23(28,29)30)37-20-19(13-2-4-17(24)5-3-13)34(6-7-36-20)11-18-31-21(35)33-32-18/h2-5,8-10,19-20H,1,6-7,11H2,(H2,31,32,33,35)",HIZDVORUIJNMKW-UHFFFAOYSA-N,5.797000000000001,532.1345380079999
"InChI=1S/C23H19F7N4O4/c1-11(13-6-14(22(25,26)27)8-15(7-13)23(28,29)30)38-20-19(12-2-4-16(24)5-3-12)34(18(35)10-37-20)9-17-31-21(36)33-32-17/h2-8,18-20,35H,1,9-10H2,(H2,31,32,33,36)",HIAAYNUUSYLDSX-UHFFFAOYSA-N,C=C(C1=CC(=CC(=C1)C(F)(F)F)C(F)(F)F)OC2C(N(C(CO2)O)CC3=NC(=O)NN3)C4=CC=C(C=C4)F,,,C23H19F7N4O4,548.1294526280001,5.457300000000002,2,1,1,BTM00047,BTM00047,Hydroxylation of heteroalicyclic secondary carbon,BTMR1071,CYP1A2,HUMAN,BTM00008,C=C(C1=CC(=CC(=C1)C(F)(F)F)C(F)(F)F)OC2C(N(CCO2)CC3=NC(=O)NN3)C4=CC=C(C=C4)F,"InChI=1S/C23H19F7N4O3/c1-12(14-8-15(22(25,26)27)10-16(9-14)23(28,29)30)37-20-19(13-2-4-17(24)5-3-13)34(6-7-36-20)11-18-31-21(35)33-32-18/h2-5,8-10,19-20H,1,6-7,11H2,(H2,31,32,33,35)",HIZDVORUIJNMKW-UHFFFAOYSA-N,5.797000000000001,532.1345380079999
"InChI=1S/C23H19F7N4O4/c1-11(13-6-14(22(25,26)27)8-15(7-13)23(28,29)30)37-20-19(12-2-4-16(24)5-3-12)34(10-18(35)38-20)9-17-31-21(36)33-32-17/h2-8,18-20,35H,1,9-10H2,(H2,31,32,33,36)",LVQRHVCTCDRRIY-UHFFFAOYSA-N,C=C(C1=CC(=CC(=C1)C(F)(F)F)C(F)(F)F)OC2C(N(CC(O2)O)CC3=NC(=O)NN3)C4=CC=C(C=C4)F,,,C23H19F7N4O4,548.1294526280001,5.457300000000002,2,1,1,BTM00051,BTM00051,Hydroxylation of heteroalicyclic secondary carbon,BTMR1071,CYP1A2,HUMAN,BTM00008,C=C(C1=CC(=CC(=C1)C(F)(F)F)C(F)(F)F)OC2C(N(CCO2)CC3=NC(=O)NN3)C4=CC=C(C=C4)F,"InChI=1S/C23H19F7N4O3/c1-12(14-8-15(22(25,26)27)10-16(9-14)23(28,29)30)37-20-19(13-2-4-17(24)5-3-13)34(6-7-36-20)11-18-31-21(35)33-32-18/h2-5,8-10,19-20H,1,6-7,11H2,(H2,31,32,33,35)",HIZDVORUIJNMKW-UHFFFAOYSA-N,5.797000000000001,532.1345380079999
"InChI=1S/C23H19F7N4O4/c1-11(13-6-14(22(25,26)27)9-15(7-13)23(28,29)30)38-20-19(12-2-3-16(24)17(35)8-12)34(4-5-37-20)10-18-31-21(36)33-32-18/h2-3,6-9,19-20,35H,1,4-5,10H2,(H2,31,32,33,36)",SHHRLYVUAYVARZ-UHFFFAOYSA-N,C=C(C1=CC(=CC(=C1)C(F)(F)F)C(F)(F)F)OC2C(N(CCO2)CC3=NC(=O)NN3)C4=CC(=C(C=C4)F)O,,,C23H19F7N4O4,548.129452628,5.529599999999999,2,1,1,BTM00062,BTM00062,Hydroxylation of aromatic carbon ortho to halide group,BTMR1040,"CYP1A2
CYP2A6
CYP2B6
CYP2C8
CYP2C9
CYP2C19
CYP2D6
CYP2E1
CYP3A4",HUMAN,BTM00008,C=C(C1=CC(=CC(=C1)C(F)(F)F)C(F)(F)F)OC2C(N(CCO2)CC3=NC(=O)NN3)C4=CC=C(C=C4)F,"InChI=1S/C23H19F7N4O3/c1-12(14-8-15(22(25,26)27)10-16(9-14)23(28,29)30)37-20-19(13-2-4-17(24)5-3-13)34(6-7-36-20)11-18-31-21(35)33-32-18/h2-5,8-10,19-20H,1,6-7,11H2,(H2,31,32,33,35)",HIZDVORUIJNMKW-UHFFFAOYSA-N,5.797000000000001,532.1345380079999
"InChI=1S/C23H19F7N4O4/c1-11(12-6-13(22(25,26)27)8-14(7-12)23(28,29)30)38-20-19(16-3-2-15(24)9-17(16)35)34(4-5-37-20)10-18-31-21(36)33-32-18/h2-3,6-9,19-20,35H,1,4-5,10H2,(H2,31,32,33,36)",KHAUPIGEJVBMPN-UHFFFAOYSA-N,C=C(C1=CC(=CC(=C1)C(F)(F)F)C(F)(F)F)OC2C(N(CCO2)CC3=NC(=O)NN3)C4=C(C=C(C=C4)F)O,,,C23H19F7N4O4,548.129452628,5.529599999999999,2,1,1,BTM00063,BTM00063,Hydroxylation of aromatic carbon meta to halide group,BTMR1039,"CYP2A6
CYP2B6
CYP2C9
CYP2C19
CYP2E1
CYP3A4",HUMAN,BTM00008,C=C(C1=CC(=CC(=C1)C(F)(F)F)C(F)(F)F)OC2C(N(CCO2)CC3=NC(=O)NN3)C4=CC=C(C=C4)F,"InChI=1S/C23H19F7N4O3/c1-12(14-8-15(22(25,26)27)10-16(9-14)23(28,29)30)37-20-19(13-2-4-17(24)5-3-13)34(6-7-36-20)11-18-31-21(35)33-32-18/h2-5,8-10,19-20H,1,6-7,11H2,(H2,31,32,33,35)",HIZDVORUIJNMKW-UHFFFAOYSA-N,5.797000000000001,532.1345380079999
"InChI=1S/C23H19F7N4O4/c1-12(13-8-15(22(25,26)27)10-16(9-13)23(28,29)30)38-19-21(36,14-2-4-17(24)5-3-14)34(6-7-37-19)11-18-31-20(35)33-32-18/h2-5,8-10,19,36H,1,6-7,11H2,(H2,31,32,33,35)",OJVOLYXHCAYERN-UHFFFAOYSA-N,C=C(C1=CC(=CC(=C1)C(F)(F)F)C(F)(F)F)OC2C(N(CCO2)CC3=NC(=O)NN3)(C4=CC=C(C=C4)F)O,,,C23H19F7N4O4,548.1294526280001,5.4071,1,1,1,BTM00064,BTM00064,Aliphatic hydroxylation of carbon alpha to secondary or tertiary alkyl-N,BTMR1081,"CYP2B6
CYP2C19
CYP2D6",HUMAN,BTM00008,C=C(C1=CC(=CC(=C1)C(F)(F)F)C(F)(F)F)OC2C(N(CCO2)CC3=NC(=O)NN3)C4=CC=C(C=C4)F,"InChI=1S/C23H19F7N4O3/c1-12(14-8-15(22(25,26)27)10-16(9-14)23(28,29)30)37-20-19(13-2-4-17(24)5-3-13)34(6-7-36-20)11-18-31-21(35)33-32-18/h2-5,8-10,19-20H,1,6-7,11H2,(H2,31,32,33,35)",HIZDVORUIJNMKW-UHFFFAOYSA-N,5.797000000000001,532.1345380079999
"InChI=1S/C23H19F7N4O4/c1-11(13-8-14(22(25,26)27)10-15(9-13)23(28,29)30)38-20-17(12-2-4-16(24)5-3-12)34(6-7-37-20)19(35)18-31-21(36)33-32-18/h2-5,8-10,17,19-20,35H,1,6-7H2,(H2,31,32,33,36)",WBPVNEKSBOHUNW-UHFFFAOYSA-N,C=C(C1=CC(=CC(=C1)C(F)(F)F)C(F)(F)F)OC2C(N(CCO2)C(C3=NC(=O)NN3)O)C4=CC=C(C=C4)F,,,C23H19F7N4O4,548.129452628,5.457300000000002,2,1,1,BTM00065,BTM00065,Aliphatic hydroxylation of carbon alpha to secondary or tertiary alkyl-N,BTMR1081,"CYP2B6
CYP2C19
CYP2D6",HUMAN,BTM00008,C=C(C1=CC(=CC(=C1)C(F)(F)F)C(F)(F)F)OC2C(N(CCO2)CC3=NC(=O)NN3)C4=CC=C(C=C4)F,"InChI=1S/C23H19F7N4O3/c1-12(14-8-15(22(25,26)27)10-16(9-14)23(28,29)30)37-20-19(13-2-4-17(24)5-3-13)34(6-7-36-20)11-18-31-21(35)33-32-18/h2-5,8-10,19-20H,1,6-7,11H2,(H2,31,32,33,35)",HIZDVORUIJNMKW-UHFFFAOYSA-N,5.797000000000001,532.1345380079999
"InChI=1S/C23H19F7N4O4/c1-11(13-6-14(22(25,26)27)8-15(7-13)23(28,29)30)38-20-19(12-2-4-16(24)5-3-12)34(18(35)10-37-20)9-17-31-21(36)33-32-17/h2-8,18-20,35H,1,9-10H2,(H2,31,32,33,36)",HIAAYNUUSYLDSX-UHFFFAOYSA-N,C=C(C1=CC(=CC(=C1)C(F)(F)F)C(F)(F)F)OC2C(N(C(CO2)O)CC3=NC(=O)NN3)C4=CC=C(C=C4)F,,,C23H19F7N4O4,548.1294526280001,5.457300000000002,2,1,1,BTM00047,BTM00047,Aliphatic hydroxylation of carbon alpha to secondary or tertiary alkyl-N,BTMR1081,"CYP2B6
CYP2C19
CYP2D6",HUMAN,BTM00008,C=C(C1=CC(=CC(=C1)C(F)(F)F)C(F)(F)F)OC2C(N(CCO2)CC3=NC(=O)NN3)C4=CC=C(C=C4)F,"InChI=1S/C23H19F7N4O3/c1-12(14-8-15(22(25,26)27)10-16(9-14)23(28,29)30)37-20-19(13-2-4-17(24)5-3-13)34(6-7-36-20)11-18-31-21(35)33-32-18/h2-5,8-10,19-20H,1,6-7,11H2,(H2,31,32,33,35)",HIZDVORUIJNMKW-UHFFFAOYSA-N,5.797000000000001,532.1345380079999
"InChI=1S/C23H21F7N4O5/c1-21(37,12-7-13(22(25,26)27)9-14(8-12)23(28,29)30)39-19-18(11-2-3-15(24)16(35)6-11)34(4-5-38-19)10-17-31-20(36)33-32-17/h2-3,6-9,18-19,35,37H,4-5,10H2,1H3,(H2,31,32,33,36)",NCDGUVYNZWFPIP-UHFFFAOYSA-N,CC(C1=CC(=CC(=C1)C(F)(F)F)C(F)(F)F)(OC2C(N(CCO2)CC3=NC(=O)NN3)C4=CC(=C(C=C4)F)O)O,,,C23H21F7N4O5,566.140017312,4.879900000000002,1,1,1,BTM00029,BTM00029,Hydroxylation of non-terminal aliphatic carbon adjacent to aromatic ring,BTMR1077,"CYP1A2
CYP2C8
CYP2C9
CYP2D6
CYP3A4",HUMAN,BTM00009,CC(C1=CC(=CC(=C1)C(F)(F)F)C(F)(F)F)OC2C(N(CCO2)CC3=NC(=O)NN3)C4=CC(=C(C=C4)F)O,"InChI=1S/C23H21F7N4O4/c1-11(13-6-14(22(25,26)27)9-15(7-13)23(28,29)30)38-20-19(12-2-3-16(24)17(35)8-12)34(4-5-37-20)10-18-31-21(36)33-32-18/h2-3,6-9,11,19-20,35H,4-5,10H2,1H3,(H2,31,32,33,36)",ZUUPDHKUNLROQZ-UHFFFAOYSA-N,5.658000000000002,550.145102692
"InChI=1S/C23H21F7N4O5/c1-10(11-4-12(22(25,26)27)6-13(5-11)23(28,29)30)39-20-19(14-7-17(36)15(24)8-16(14)35)34(2-3-38-20)9-18-31-21(37)33-32-18/h4-8,10,19-20,35-36H,2-3,9H2,1H3,(H2,31,32,33,37)",PYCIDXCZVTYKJN-UHFFFAOYSA-N,CC(C1=CC(=CC(=C1)C(F)(F)F)C(F)(F)F)OC2C(N(CCO2)CC3=NC(=O)NN3)C4=CC(=C(C=C4O)F)O,,,C23H21F7N4O5,566.140017312,5.390600000000002,1,1,1,BTM00066,BTM00066,p-Hydroxylation of phenol,BTMR1038,"CYP1A2
CYP2A6
CYP2B6
CYP2C8
CYP2C9
CYP2C19
CYP2D6
CYP2E1
CYP3A4",HUMAN,BTM00009,CC(C1=CC(=CC(=C1)C(F)(F)F)C(F)(F)F)OC2C(N(CCO2)CC3=NC(=O)NN3)C4=CC(=C(C=C4)F)O,"InChI=1S/C23H21F7N4O4/c1-11(13-6-14(22(25,26)27)9-15(7-13)23(28,29)30)38-20-19(12-2-3-16(24)17(35)8-12)34(4-5-37-20)10-18-31-21(36)33-32-18/h2-3,6-9,11,19-20,35H,4-5,10H2,1H3,(H2,31,32,33,36)",ZUUPDHKUNLROQZ-UHFFFAOYSA-N,5.658000000000002,550.145102692
"InChI=1S/C23H21F7N4O5/c1-11(13-6-14(22(25,26)27)9-15(7-13)23(28,29)30)39-20-19(12-2-3-16(24)17(35)8-12)34(37,4-5-38-20)10-18-31-21(36)33-32-18/h2-3,6-9,11,19-20,35H,4-5,10H2,1H3,(H2,31,32,33,36)",IGPCBOWNJAEJJV-UHFFFAOYSA-N,CC(C1=CC(=CC(=C1)C(F)(F)F)C(F)(F)F)OC2C([N+](CCO2)(CC3=NC(=O)NN3)[O-])C4=CC(=C(C=C4)F)O,,,C23H21F7N4O5,566.140017312,5.252900000000002,1,1,1,BTM00037,BTM00037,N-Oxidation of alicyclic tertiary amine,BTMR1099,"CYP1A2
CYP2C8
CYP2C19
CYP2D6
CYP3A4",HUMAN,BTM00009,CC(C1=CC(=CC(=C1)C(F)(F)F)C(F)(F)F)OC2C(N(CCO2)CC3=NC(=O)NN3)C4=CC(=C(C=C4)F)O,"InChI=1S/C23H21F7N4O4/c1-11(13-6-14(22(25,26)27)9-15(7-13)23(28,29)30)38-20-19(12-2-3-16(24)17(35)8-12)34(4-5-37-20)10-18-31-21(36)33-32-18/h2-3,6-9,11,19-20,35H,4-5,10H2,1H3,(H2,31,32,33,36)",ZUUPDHKUNLROQZ-UHFFFAOYSA-N,5.658000000000002,550.145102692
"InChI=1S/C20H18F7NO3/c1-10(12-6-13(19(22,23)24)9-14(7-12)20(25,26)27)31-18-17(28-4-5-30-18)11-2-3-15(21)16(29)8-11/h2-3,6-10,17-18,28-29H,4-5H2,1H3",ZFFIEBRCADGBQP-UHFFFAOYSA-N,CC(C1=CC(=CC(=C1)C(F)(F)F)C(F)(F)F)OC2C(NCCO2)C3=CC(=C(C=C3)F)O,,,C20H18F7NO3,453.117490976,4.9366,1,0,0,BTM00043,BTM00043,N-Dealkylation of alicyclic tertiary amine,BTMR1144,"CYP1A2
CYP2A6
CYP2B6
CYP2C8
CYP2C9
CYP2C19
CYP2D6
CYP3A4",HUMAN,BTM00009,CC(C1=CC(=CC(=C1)C(F)(F)F)C(F)(F)F)OC2C(N(CCO2)CC3=NC(=O)NN3)C4=CC(=C(C=C4)F)O,"InChI=1S/C23H21F7N4O4/c1-11(13-6-14(22(25,26)27)9-15(7-13)23(28,29)30)38-20-19(12-2-3-16(24)17(35)8-12)34(4-5-37-20)10-18-31-21(36)33-32-18/h2-3,6-9,11,19-20,35H,4-5,10H2,1H3,(H2,31,32,33,36)",ZUUPDHKUNLROQZ-UHFFFAOYSA-N,5.658000000000002,550.145102692
"InChI=1S/C3H3N3O2/c7-1-2-4-3(8)6-5-2/h1H,(H2,4,5,6,8)",YLAKZWGIZJMOJV-UHFFFAOYSA-N,C(C1=NC(=O)NN1)=O,,,C3H3N3O2,113.022526336,0.19140000000000001,0,0,0,BTM00004,BTM00004,N-Dealkylation of alicyclic tertiary amine,BTMR1144,"CYP1A2
CYP2A6
CYP2B6
CYP2C8
CYP2C9
CYP2C19
CYP2D6
CYP3A4",HUMAN,BTM00009,CC(C1=CC(=CC(=C1)C(F)(F)F)C(F)(F)F)OC2C(N(CCO2)CC3=NC(=O)NN3)C4=CC(=C(C=C4)F)O,"InChI=1S/C23H21F7N4O4/c1-11(13-6-14(22(25,26)27)9-15(7-13)23(28,29)30)38-20-19(12-2-3-16(24)17(35)8-12)34(4-5-37-20)10-18-31-21(36)33-32-18/h2-3,6-9,11,19-20,35H,4-5,10H2,1H3,(H2,31,32,33,36)",ZUUPDHKUNLROQZ-UHFFFAOYSA-N,5.658000000000002,550.145102692
"InChI=1S/C23H21F7N4O5/c1-10(12-4-13(22(25,26)27)7-14(5-12)23(28,29)30)39-20-19(11-2-3-15(24)16(35)6-11)34(18(36)9-38-20)8-17-31-21(37)33-32-17/h2-7,10,18-20,35-36H,8-9H2,1H3,(H2,31,32,33,37)",HCMMKSJFKUQCCP-UHFFFAOYSA-N,CC(C1=CC(=CC(=C1)C(F)(F)F)C(F)(F)F)OC2C(N(C(CO2)O)CC3=NC(=O)NN3)C4=CC(=C(C=C4)F)O,,,C23H21F7N4O5,566.140017312,5.318300000000002,1,1,1,BTM00048,BTM00048,Hydroxylation of heteroalicyclic secondary carbon,BTMR1070,"CYP1A2
CYP2A6
CYP2C9
CYP2D6
CYP3A4",HUMAN,BTM00009,CC(C1=CC(=CC(=C1)C(F)(F)F)C(F)(F)F)OC2C(N(CCO2)CC3=NC(=O)NN3)C4=CC(=C(C=C4)F)O,"InChI=1S/C23H21F7N4O4/c1-11(13-6-14(22(25,26)27)9-15(7-13)23(28,29)30)38-20-19(12-2-3-16(24)17(35)8-12)34(4-5-37-20)10-18-31-21(36)33-32-18/h2-3,6-9,11,19-20,35H,4-5,10H2,1H3,(H2,31,32,33,36)",ZUUPDHKUNLROQZ-UHFFFAOYSA-N,5.658000000000002,550.145102692
"InChI=1S/C23H21F7N4O5/c1-10(12-4-13(22(25,26)27)7-14(5-12)23(28,29)30)39-20-19(11-2-3-15(24)16(35)6-11)34(18(36)9-38-20)8-17-31-21(37)33-32-17/h2-7,10,18-20,35-36H,8-9H2,1H3,(H2,31,32,33,37)",HCMMKSJFKUQCCP-UHFFFAOYSA-N,CC(C1=CC(=CC(=C1)C(F)(F)F)C(F)(F)F)OC2C(N(C(CO2)O)CC3=NC(=O)NN3)C4=CC(=C(C=C4)F)O,,,C23H21F7N4O5,566.140017312,5.318300000000002,1,1,1,BTM00048,BTM00048,Hydroxylation of heteroalicyclic secondary carbon,BTMR1071,CYP1A2,HUMAN,BTM00009,CC(C1=CC(=CC(=C1)C(F)(F)F)C(F)(F)F)OC2C(N(CCO2)CC3=NC(=O)NN3)C4=CC(=C(C=C4)F)O,"InChI=1S/C23H21F7N4O4/c1-11(13-6-14(22(25,26)27)9-15(7-13)23(28,29)30)38-20-19(12-2-3-16(24)17(35)8-12)34(4-5-37-20)10-18-31-21(36)33-32-18/h2-3,6-9,11,19-20,35H,4-5,10H2,1H3,(H2,31,32,33,36)",ZUUPDHKUNLROQZ-UHFFFAOYSA-N,5.658000000000002,550.145102692
"InChI=1S/C23H21F7N4O5/c1-10(12-4-13(22(25,26)27)7-14(5-12)23(28,29)30)38-20-19(11-2-3-15(24)16(35)6-11)34(9-18(36)39-20)8-17-31-21(37)33-32-17/h2-7,10,18-20,35-36H,8-9H2,1H3,(H2,31,32,33,37)",BJDFMMWLLOEANG-UHFFFAOYSA-N,CC(C1=CC(=CC(=C1)C(F)(F)F)C(F)(F)F)OC2C(N(CC(O2)O)CC3=NC(=O)NN3)C4=CC(=C(C=C4)F)O,,,C23H21F7N4O5,566.140017312,5.318300000000002,1,1,1,BTM00052,BTM00052,Hydroxylation of heteroalicyclic secondary carbon,BTMR1071,CYP1A2,HUMAN,BTM00009,CC(C1=CC(=CC(=C1)C(F)(F)F)C(F)(F)F)OC2C(N(CCO2)CC3=NC(=O)NN3)C4=CC(=C(C=C4)F)O,"InChI=1S/C23H21F7N4O4/c1-11(13-6-14(22(25,26)27)9-15(7-13)23(28,29)30)38-20-19(12-2-3-16(24)17(35)8-12)34(4-5-37-20)10-18-31-21(36)33-32-18/h2-3,6-9,11,19-20,35H,4-5,10H2,1H3,(H2,31,32,33,36)",ZUUPDHKUNLROQZ-UHFFFAOYSA-N,5.658000000000002,550.145102692
"InChI=1S/C23H21F7N4O5/c24-15-2-1-11(7-16(15)36)19-20(38-4-3-34(19)9-18-31-21(37)33-32-18)39-17(10-35)12-5-13(22(25,26)27)8-14(6-12)23(28,29)30/h1-2,5-8,17,19-20,35-36H,3-4,9-10H2,(H2,31,32,33,37)",VDDFMGRYLYTTEF-UHFFFAOYSA-N,C(C(C1=CC(=CC(=C1)C(F)(F)F)C(F)(F)F)OC2C(N(CCO2)CC3=NC(=O)NN3)C4=CC(=C(C=C4)F)O)O,,,C23H21F7N4O5,566.140017312,4.769800000000002,1,1,1,BTM00057,BTM00057,Hydroxylation of terminal methyl,BTMR1061,"CYP1A2
CYP2A6
CYP2B6
CYP2C8
CYP2C9
CYP2C19
CYP2D6
CYP2E1
CYP3A4",HUMAN,BTM00009,CC(C1=CC(=CC(=C1)C(F)(F)F)C(F)(F)F)OC2C(N(CCO2)CC3=NC(=O)NN3)C4=CC(=C(C=C4)F)O,"InChI=1S/C23H21F7N4O4/c1-11(13-6-14(22(25,26)27)9-15(7-13)23(28,29)30)38-20-19(12-2-3-16(24)17(35)8-12)34(4-5-37-20)10-18-31-21(36)33-32-18/h2-3,6-9,11,19-20,35H,4-5,10H2,1H3,(H2,31,32,33,36)",ZUUPDHKUNLROQZ-UHFFFAOYSA-N,5.658000000000002,550.145102692
"InChI=1S/C23H19F7N4O4/c1-11(13-6-14(22(25,26)27)9-15(7-13)23(28,29)30)38-20-19(12-2-3-16(24)17(35)8-12)34(4-5-37-20)10-18-31-21(36)33-32-18/h2-3,6-9,19-20,35H,1,4-5,10H2,(H2,31,32,33,36)",SHHRLYVUAYVARZ-UHFFFAOYSA-N,C=C(C1=CC(=CC(=C1)C(F)(F)F)C(F)(F)F)OC2C(N(CCO2)CC3=NC(=O)NN3)C4=CC(=C(C=C4)F)O,,,C23H19F7N4O4,548.129452628,5.529599999999999,2,1,1,BTM00062,BTM00062,Terminal desaturation,BTMR1190,"CYP1A2
CYP2A6
CYP2C9
CYP2D6
CYP3A4",HUMAN,BTM00009,CC(C1=CC(=CC(=C1)C(F)(F)F)C(F)(F)F)OC2C(N(CCO2)CC3=NC(=O)NN3)C4=CC(=C(C=C4)F)O,"InChI=1S/C23H21F7N4O4/c1-11(13-6-14(22(25,26)27)9-15(7-13)23(28,29)30)38-20-19(12-2-3-16(24)17(35)8-12)34(4-5-37-20)10-18-31-21(36)33-32-18/h2-3,6-9,11,19-20,35H,4-5,10H2,1H3,(H2,31,32,33,36)",ZUUPDHKUNLROQZ-UHFFFAOYSA-N,5.658000000000002,550.145102692
"InChI=1S/C23H21F7N4O5/c1-10(11-6-12(22(25,26)27)8-13(7-11)23(28,29)30)39-20-17(14-2-3-15(24)19(36)18(14)35)34(4-5-38-20)9-16-31-21(37)33-32-16/h2-3,6-8,10,17,20,35-36H,4-5,9H2,1H3,(H2,31,32,33,37)",RNMSGPVECRINAY-UHFFFAOYSA-N,CC(C1=CC(=CC(=C1)C(F)(F)F)C(F)(F)F)OC2C(N(CCO2)CC3=NC(=O)NN3)C4=C(C(=C(C=C4)F)O)O,,,C23H21F7N4O5,566.140017312,5.390600000000002,1,1,1,BTM00067,BTM00067,O-Hydroxylation of phenol,BTMR1037,"CYP1A2
CYP2A6
CYP2B6
CYP2C8
CYP2C9
CYP2C19
CYP2D6
CYP2E1
CYP3A4",HUMAN,BTM00009,CC(C1=CC(=CC(=C1)C(F)(F)F)C(F)(F)F)OC2C(N(CCO2)CC3=NC(=O)NN3)C4=CC(=C(C=C4)F)O,"InChI=1S/C23H21F7N4O4/c1-11(13-6-14(22(25,26)27)9-15(7-13)23(28,29)30)38-20-19(12-2-3-16(24)17(35)8-12)34(4-5-37-20)10-18-31-21(36)33-32-18/h2-3,6-9,11,19-20,35H,4-5,10H2,1H3,(H2,31,32,33,36)",ZUUPDHKUNLROQZ-UHFFFAOYSA-N,5.658000000000002,550.145102692
"InChI=1S/C23H21F7N4O5/c1-10(11-4-13(22(25,26)27)8-14(5-11)23(28,29)30)39-20-19(12-6-15(35)18(24)16(36)7-12)34(2-3-38-20)9-17-31-21(37)33-32-17/h4-8,10,19-20,35-36H,2-3,9H2,1H3,(H2,31,32,33,37)",AGLUSTUYHLXCLH-UHFFFAOYSA-N,CC(C1=CC(=CC(=C1)C(F)(F)F)C(F)(F)F)OC2C(N(CCO2)CC3=NC(=O)NN3)C4=CC(=C(C(=C4)O)F)O,,,C23H21F7N4O5,566.140017312,5.390600000000002,1,1,1,BTM00068,BTM00068,Hydroxylation of aromatic carbon ortho to halide group,BTMR1040,"CYP1A2
CYP2A6
CYP2B6
CYP2C8
CYP2C9
CYP2C19
CYP2D6
CYP2E1
CYP3A4",HUMAN,BTM00009,CC(C1=CC(=CC(=C1)C(F)(F)F)C(F)(F)F)OC2C(N(CCO2)CC3=NC(=O)NN3)C4=CC(=C(C=C4)F)O,"InChI=1S/C23H21F7N4O4/c1-11(13-6-14(22(25,26)27)9-15(7-13)23(28,29)30)38-20-19(12-2-3-16(24)17(35)8-12)34(4-5-37-20)10-18-31-21(36)33-32-18/h2-3,6-9,11,19-20,35H,4-5,10H2,1H3,(H2,31,32,33,36)",ZUUPDHKUNLROQZ-UHFFFAOYSA-N,5.658000000000002,550.145102692
"InChI=1S/C23H21F7N4O5/c1-11(12-6-14(22(25,26)27)8-15(7-12)23(28,29)30)39-19-21(37,13-2-3-16(24)17(35)9-13)34(4-5-38-19)10-18-31-20(36)33-32-18/h2-3,6-9,11,19,35,37H,4-5,10H2,1H3,(H2,31,32,33,36)",BDAGCXXTOMFZBJ-UHFFFAOYSA-N,CC(C1=CC(=CC(=C1)C(F)(F)F)C(F)(F)F)OC2C(N(CCO2)CC3=NC(=O)NN3)(C4=CC(=C(C=C4)F)O)O,,,C23H21F7N4O5,566.140017312,5.268100000000001,1,1,1,BTM00069,BTM00069,Aliphatic hydroxylation of carbon alpha to secondary or tertiary alkyl-N,BTMR1081,"CYP2B6
CYP2C19
CYP2D6",HUMAN,BTM00009,CC(C1=CC(=CC(=C1)C(F)(F)F)C(F)(F)F)OC2C(N(CCO2)CC3=NC(=O)NN3)C4=CC(=C(C=C4)F)O,"InChI=1S/C23H21F7N4O4/c1-11(13-6-14(22(25,26)27)9-15(7-13)23(28,29)30)38-20-19(12-2-3-16(24)17(35)8-12)34(4-5-37-20)10-18-31-21(36)33-32-18/h2-3,6-9,11,19-20,35H,4-5,10H2,1H3,(H2,31,32,33,36)",ZUUPDHKUNLROQZ-UHFFFAOYSA-N,5.658000000000002,550.145102692
"InChI=1S/C23H21F7N4O5/c1-10(12-6-13(22(25,26)27)9-14(7-12)23(28,29)30)39-20-17(11-2-3-15(24)16(35)8-11)34(4-5-38-20)19(36)18-31-21(37)33-32-18/h2-3,6-10,17,19-20,35-36H,4-5H2,1H3,(H2,31,32,33,37)",SYYNESXBFQQRIR-UHFFFAOYSA-N,CC(C1=CC(=CC(=C1)C(F)(F)F)C(F)(F)F)OC2C(N(CCO2)C(C3=NC(=O)NN3)O)C4=CC(=C(C=C4)F)O,,,C23H21F7N4O5,566.140017312,5.318300000000002,1,1,1,BTM00070,BTM00070,Aliphatic hydroxylation of carbon alpha to secondary or tertiary alkyl-N,BTMR1081,"CYP2B6
CYP2C19
CYP2D6",HUMAN,BTM00009,CC(C1=CC(=CC(=C1)C(F)(F)F)C(F)(F)F)OC2C(N(CCO2)CC3=NC(=O)NN3)C4=CC(=C(C=C4)F)O,"InChI=1S/C23H21F7N4O4/c1-11(13-6-14(22(25,26)27)9-15(7-13)23(28,29)30)38-20-19(12-2-3-16(24)17(35)8-12)34(4-5-37-20)10-18-31-21(36)33-32-18/h2-3,6-9,11,19-20,35H,4-5,10H2,1H3,(H2,31,32,33,36)",ZUUPDHKUNLROQZ-UHFFFAOYSA-N,5.658000000000002,550.145102692
"InChI=1S/C23H21F7N4O5/c1-10(12-4-13(22(25,26)27)7-14(5-12)23(28,29)30)39-20-19(11-2-3-15(24)16(35)6-11)34(18(36)9-38-20)8-17-31-21(37)33-32-17/h2-7,10,18-20,35-36H,8-9H2,1H3,(H2,31,32,33,37)",HCMMKSJFKUQCCP-UHFFFAOYSA-N,CC(C1=CC(=CC(=C1)C(F)(F)F)C(F)(F)F)OC2C(N(C(CO2)O)CC3=NC(=O)NN3)C4=CC(=C(C=C4)F)O,,,C23H21F7N4O5,566.140017312,5.318300000000002,1,1,1,BTM00048,BTM00048,Aliphatic hydroxylation of carbon alpha to secondary or tertiary alkyl-N,BTMR1081,"CYP2B6
CYP2C19
CYP2D6",HUMAN,BTM00009,CC(C1=CC(=CC(=C1)C(F)(F)F)C(F)(F)F)OC2C(N(CCO2)CC3=NC(=O)NN3)C4=CC(=C(C=C4)F)O,"InChI=1S/C23H21F7N4O4/c1-11(13-6-14(22(25,26)27)9-15(7-13)23(28,29)30)38-20-19(12-2-3-16(24)17(35)8-12)34(4-5-37-20)10-18-31-21(36)33-32-18/h2-3,6-9,11,19-20,35H,4-5,10H2,1H3,(H2,31,32,33,36)",ZUUPDHKUNLROQZ-UHFFFAOYSA-N,5.658000000000002,550.145102692
"InChI=1S/C23H21F7N4O5/c1-21(37,11-6-12(22(25,26)27)8-13(7-11)23(28,29)30)39-19-18(15-3-2-14(24)9-16(15)35)34(4-5-38-19)10-17-31-20(36)33-32-17/h2-3,6-9,18-19,35,37H,4-5,10H2,1H3,(H2,31,32,33,36)",SINIVRRHAUPAGC-UHFFFAOYSA-N,CC(C1=CC(=CC(=C1)C(F)(F)F)C(F)(F)F)(OC2C(N(CCO2)CC3=NC(=O)NN3)C4=C(C=C(C=C4)F)O)O,,,C23H21F7N4O5,566.1400173119999,4.879900000000002,1,1,1,BTM00030,BTM00030,Hydroxylation of non-terminal aliphatic carbon adjacent to aromatic ring,BTMR1077,"CYP1A2
CYP2C8
CYP2C9
CYP2D6
CYP3A4",HUMAN,BTM00010,CC(C1=CC(=CC(=C1)C(F)(F)F)C(F)(F)F)OC2C(N(CCO2)CC3=NC(=O)NN3)C4=C(C=C(C=C4)F)O,"InChI=1S/C23H21F7N4O4/c1-11(12-6-13(22(25,26)27)8-14(7-12)23(28,29)30)38-20-19(16-3-2-15(24)9-17(16)35)34(4-5-37-20)10-18-31-21(36)33-32-18/h2-3,6-9,11,19-20,35H,4-5,10H2,1H3,(H2,31,32,33,36)",QVABEHWAMKODGY-UHFFFAOYSA-N,5.658000000000002,550.145102692
"InChI=1S/C23H21F7N4O5/c1-10(11-4-12(22(25,26)27)6-13(5-11)23(28,29)30)39-20-19(14-7-17(36)15(24)8-16(14)35)34(2-3-38-20)9-18-31-21(37)33-32-18/h4-8,10,19-20,35-36H,2-3,9H2,1H3,(H2,31,32,33,37)",PYCIDXCZVTYKJN-UHFFFAOYSA-N,CC(C1=CC(=CC(=C1)C(F)(F)F)C(F)(F)F)OC2C(N(CCO2)CC3=NC(=O)NN3)C4=CC(=C(C=C4O)F)O,,,C23H21F7N4O5,566.140017312,5.390600000000002,1,1,1,BTM00066,BTM00066,p-Hydroxylation of phenol,BTMR1038,"CYP1A2
CYP2A6
CYP2B6
CYP2C8
CYP2C9
CYP2C19
CYP2D6
CYP2E1
CYP3A4",HUMAN,BTM00010,CC(C1=CC(=CC(=C1)C(F)(F)F)C(F)(F)F)OC2C(N(CCO2)CC3=NC(=O)NN3)C4=C(C=C(C=C4)F)O,"InChI=1S/C23H21F7N4O4/c1-11(12-6-13(22(25,26)27)8-14(7-12)23(28,29)30)38-20-19(16-3-2-15(24)9-17(16)35)34(4-5-37-20)10-18-31-21(36)33-32-18/h2-3,6-9,11,19-20,35H,4-5,10H2,1H3,(H2,31,32,33,36)",QVABEHWAMKODGY-UHFFFAOYSA-N,5.658000000000002,550.145102692
"InChI=1S/C23H21F7N4O5/c1-11(12-6-13(22(25,26)27)8-14(7-12)23(28,29)30)39-20-19(16-3-2-15(24)9-17(16)35)34(37,4-5-38-20)10-18-31-21(36)33-32-18/h2-3,6-9,11,19-20,35H,4-5,10H2,1H3,(H2,31,32,33,36)",ILMCXVZHHOZXDH-UHFFFAOYSA-N,CC(C1=CC(=CC(=C1)C(F)(F)F)C(F)(F)F)OC2C([N+](CCO2)(CC3=NC(=O)NN3)[O-])C4=C(C=C(C=C4)F)O,,,C23H21F7N4O5,566.140017312,5.252900000000002,1,1,1,BTM00038,BTM00038,N-Oxidation of alicyclic tertiary amine,BTMR1099,"CYP1A2
CYP2C8
CYP2C19
CYP2D6
CYP3A4",HUMAN,BTM00010,CC(C1=CC(=CC(=C1)C(F)(F)F)C(F)(F)F)OC2C(N(CCO2)CC3=NC(=O)NN3)C4=C(C=C(C=C4)F)O,"InChI=1S/C23H21F7N4O4/c1-11(12-6-13(22(25,26)27)8-14(7-12)23(28,29)30)38-20-19(16-3-2-15(24)9-17(16)35)34(4-5-37-20)10-18-31-21(36)33-32-18/h2-3,6-9,11,19-20,35H,4-5,10H2,1H3,(H2,31,32,33,36)",QVABEHWAMKODGY-UHFFFAOYSA-N,5.658000000000002,550.145102692
"InChI=1S/C20H18F7NO3/c1-10(11-6-12(19(22,23)24)8-13(7-11)20(25,26)27)31-18-17(28-4-5-30-18)15-3-2-14(21)9-16(15)29/h2-3,6-10,17-18,28-29H,4-5H2,1H3",OJNFHSDWEZPLNH-UHFFFAOYSA-N,CC(C1=CC(=CC(=C1)C(F)(F)F)C(F)(F)F)OC2C(NCCO2)C3=C(C=C(C=C3)F)O,,,C20H18F7NO3,453.117490976,4.9366,1,0,0,BTM00044,BTM00044,N-Dealkylation of alicyclic tertiary amine,BTMR1144,"CYP1A2
CYP2A6
CYP2B6
CYP2C8
CYP2C9
CYP2C19
CYP2D6
CYP3A4",HUMAN,BTM00010,CC(C1=CC(=CC(=C1)C(F)(F)F)C(F)(F)F)OC2C(N(CCO2)CC3=NC(=O)NN3)C4=C(C=C(C=C4)F)O,"InChI=1S/C23H21F7N4O4/c1-11(12-6-13(22(25,26)27)8-14(7-12)23(28,29)30)38-20-19(16-3-2-15(24)9-17(16)35)34(4-5-37-20)10-18-31-21(36)33-32-18/h2-3,6-9,11,19-20,35H,4-5,10H2,1H3,(H2,31,32,33,36)",QVABEHWAMKODGY-UHFFFAOYSA-N,5.658000000000002,550.145102692
"InChI=1S/C3H3N3O2/c7-1-2-4-3(8)6-5-2/h1H,(H2,4,5,6,8)",YLAKZWGIZJMOJV-UHFFFAOYSA-N,C(C1=NC(=O)NN1)=O,,,C3H3N3O2,113.022526336,0.19140000000000001,0,0,0,BTM00004,BTM00004,N-Dealkylation of alicyclic tertiary amine,BTMR1144,"CYP1A2
CYP2A6
CYP2B6
CYP2C8
CYP2C9
CYP2C19
CYP2D6
CYP3A4",HUMAN,BTM00010,CC(C1=CC(=CC(=C1)C(F)(F)F)C(F)(F)F)OC2C(N(CCO2)CC3=NC(=O)NN3)C4=C(C=C(C=C4)F)O,"InChI=1S/C23H21F7N4O4/c1-11(12-6-13(22(25,26)27)8-14(7-12)23(28,29)30)38-20-19(16-3-2-15(24)9-17(16)35)34(4-5-37-20)10-18-31-21(36)33-32-18/h2-3,6-9,11,19-20,35H,4-5,10H2,1H3,(H2,31,32,33,36)",QVABEHWAMKODGY-UHFFFAOYSA-N,5.658000000000002,550.145102692
"InChI=1S/C23H21F7N4O5/c1-10(11-4-12(22(25,26)27)6-13(5-11)23(28,29)30)39-20-19(15-3-2-14(24)7-16(15)35)34(18(36)9-38-20)8-17-31-21(37)33-32-17/h2-7,10,18-20,35-36H,8-9H2,1H3,(H2,31,32,33,37)",NPESWNXZAAOTMN-UHFFFAOYSA-N,CC(C1=CC(=CC(=C1)C(F)(F)F)C(F)(F)F)OC2C(N(C(CO2)O)CC3=NC(=O)NN3)C4=C(C=C(C=C4)F)O,,,C23H21F7N4O5,566.140017312,5.318300000000002,1,1,1,BTM00049,BTM00049,Hydroxylation of heteroalicyclic secondary carbon,BTMR1070,"CYP1A2
CYP2A6
CYP2C9
CYP2D6
CYP3A4",HUMAN,BTM00010,CC(C1=CC(=CC(=C1)C(F)(F)F)C(F)(F)F)OC2C(N(CCO2)CC3=NC(=O)NN3)C4=C(C=C(C=C4)F)O,"InChI=1S/C23H21F7N4O4/c1-11(12-6-13(22(25,26)27)8-14(7-12)23(28,29)30)38-20-19(16-3-2-15(24)9-17(16)35)34(4-5-37-20)10-18-31-21(36)33-32-18/h2-3,6-9,11,19-20,35H,4-5,10H2,1H3,(H2,31,32,33,36)",QVABEHWAMKODGY-UHFFFAOYSA-N,5.658000000000002,550.145102692
"InChI=1S/C23H21F7N4O5/c1-10(11-4-12(22(25,26)27)6-13(5-11)23(28,29)30)39-20-19(15-3-2-14(24)7-16(15)35)34(18(36)9-38-20)8-17-31-21(37)33-32-17/h2-7,10,18-20,35-36H,8-9H2,1H3,(H2,31,32,33,37)",NPESWNXZAAOTMN-UHFFFAOYSA-N,CC(C1=CC(=CC(=C1)C(F)(F)F)C(F)(F)F)OC2C(N(C(CO2)O)CC3=NC(=O)NN3)C4=C(C=C(C=C4)F)O,,,C23H21F7N4O5,566.140017312,5.318300000000002,1,1,1,BTM00049,BTM00049,Hydroxylation of heteroalicyclic secondary carbon,BTMR1071,CYP1A2,HUMAN,BTM00010,CC(C1=CC(=CC(=C1)C(F)(F)F)C(F)(F)F)OC2C(N(CCO2)CC3=NC(=O)NN3)C4=C(C=C(C=C4)F)O,"InChI=1S/C23H21F7N4O4/c1-11(12-6-13(22(25,26)27)8-14(7-12)23(28,29)30)38-20-19(16-3-2-15(24)9-17(16)35)34(4-5-37-20)10-18-31-21(36)33-32-18/h2-3,6-9,11,19-20,35H,4-5,10H2,1H3,(H2,31,32,33,36)",QVABEHWAMKODGY-UHFFFAOYSA-N,5.658000000000002,550.145102692
"InChI=1S/C23H21F7N4O5/c1-10(11-4-12(22(25,26)27)6-13(5-11)23(28,29)30)38-20-19(15-3-2-14(24)7-16(15)35)34(9-18(36)39-20)8-17-31-21(37)33-32-17/h2-7,10,18-20,35-36H,8-9H2,1H3,(H2,31,32,33,37)",RSWYRTCXRYOEIA-UHFFFAOYSA-N,CC(C1=CC(=CC(=C1)C(F)(F)F)C(F)(F)F)OC2C(N(CC(O2)O)CC3=NC(=O)NN3)C4=C(C=C(C=C4)F)O,,,C23H21F7N4O5,566.140017312,5.318300000000002,1,1,1,BTM00053,BTM00053,Hydroxylation of heteroalicyclic secondary carbon,BTMR1071,CYP1A2,HUMAN,BTM00010,CC(C1=CC(=CC(=C1)C(F)(F)F)C(F)(F)F)OC2C(N(CCO2)CC3=NC(=O)NN3)C4=C(C=C(C=C4)F)O,"InChI=1S/C23H21F7N4O4/c1-11(12-6-13(22(25,26)27)8-14(7-12)23(28,29)30)38-20-19(16-3-2-15(24)9-17(16)35)34(4-5-37-20)10-18-31-21(36)33-32-18/h2-3,6-9,11,19-20,35H,4-5,10H2,1H3,(H2,31,32,33,36)",QVABEHWAMKODGY-UHFFFAOYSA-N,5.658000000000002,550.145102692
"InChI=1S/C23H21F7N4O5/c24-14-1-2-15(16(36)8-14)19-20(38-4-3-34(19)9-18-31-21(37)33-32-18)39-17(10-35)11-5-12(22(25,26)27)7-13(6-11)23(28,29)30/h1-2,5-8,17,19-20,35-36H,3-4,9-10H2,(H2,31,32,33,37)",NUKKSOARURZVFV-UHFFFAOYSA-N,C(C(C1=CC(=CC(=C1)C(F)(F)F)C(F)(F)F)OC2C(N(CCO2)CC3=NC(=O)NN3)C4=C(C=C(C=C4)F)O)O,,,C23H21F7N4O5,566.140017312,4.769800000000002,1,1,1,BTM00058,BTM00058,Hydroxylation of terminal methyl,BTMR1061,"CYP1A2
CYP2A6
CYP2B6
CYP2C8
CYP2C9
CYP2C19
CYP2D6
CYP2E1
CYP3A4",HUMAN,BTM00010,CC(C1=CC(=CC(=C1)C(F)(F)F)C(F)(F)F)OC2C(N(CCO2)CC3=NC(=O)NN3)C4=C(C=C(C=C4)F)O,"InChI=1S/C23H21F7N4O4/c1-11(12-6-13(22(25,26)27)8-14(7-12)23(28,29)30)38-20-19(16-3-2-15(24)9-17(16)35)34(4-5-37-20)10-18-31-21(36)33-32-18/h2-3,6-9,11,19-20,35H,4-5,10H2,1H3,(H2,31,32,33,36)",QVABEHWAMKODGY-UHFFFAOYSA-N,5.658000000000002,550.145102692
"InChI=1S/C23H19F7N4O4/c1-11(12-6-13(22(25,26)27)8-14(7-12)23(28,29)30)38-20-19(16-3-2-15(24)9-17(16)35)34(4-5-37-20)10-18-31-21(36)33-32-18/h2-3,6-9,19-20,35H,1,4-5,10H2,(H2,31,32,33,36)",KHAUPIGEJVBMPN-UHFFFAOYSA-N,C=C(C1=CC(=CC(=C1)C(F)(F)F)C(F)(F)F)OC2C(N(CCO2)CC3=NC(=O)NN3)C4=C(C=C(C=C4)F)O,,,C23H19F7N4O4,548.129452628,5.529599999999999,2,1,1,BTM00063,BTM00063,Terminal desaturation,BTMR1190,"CYP1A2
CYP2A6
CYP2C9
CYP2D6
CYP3A4",HUMAN,BTM00010,CC(C1=CC(=CC(=C1)C(F)(F)F)C(F)(F)F)OC2C(N(CCO2)CC3=NC(=O)NN3)C4=C(C=C(C=C4)F)O,"InChI=1S/C23H21F7N4O4/c1-11(12-6-13(22(25,26)27)8-14(7-12)23(28,29)30)38-20-19(16-3-2-15(24)9-17(16)35)34(4-5-37-20)10-18-31-21(36)33-32-18/h2-3,6-9,11,19-20,35H,4-5,10H2,1H3,(H2,31,32,33,36)",QVABEHWAMKODGY-UHFFFAOYSA-N,5.658000000000002,550.145102692
"InChI=1S/C23H21F7N4O5/c1-10(11-6-12(22(25,26)27)8-13(7-11)23(28,29)30)39-20-17(14-2-3-15(24)19(36)18(14)35)34(4-5-38-20)9-16-31-21(37)33-32-16/h2-3,6-8,10,17,20,35-36H,4-5,9H2,1H3,(H2,31,32,33,37)",RNMSGPVECRINAY-UHFFFAOYSA-N,CC(C1=CC(=CC(=C1)C(F)(F)F)C(F)(F)F)OC2C(N(CCO2)CC3=NC(=O)NN3)C4=C(C(=C(C=C4)F)O)O,,,C23H21F7N4O5,566.140017312,5.390600000000002,1,1,1,BTM00067,BTM00067,O-Hydroxylation of phenol,BTMR1037,"CYP1A2
CYP2A6
CYP2B6
CYP2C8
CYP2C9
CYP2C19
CYP2D6
CYP2E1
CYP3A4",HUMAN,BTM00010,CC(C1=CC(=CC(=C1)C(F)(F)F)C(F)(F)F)OC2C(N(CCO2)CC3=NC(=O)NN3)C4=C(C=C(C=C4)F)O,"InChI=1S/C23H21F7N4O4/c1-11(12-6-13(22(25,26)27)8-14(7-12)23(28,29)30)38-20-19(16-3-2-15(24)9-17(16)35)34(4-5-37-20)10-18-31-21(36)33-32-18/h2-3,6-9,11,19-20,35H,4-5,10H2,1H3,(H2,31,32,33,36)",QVABEHWAMKODGY-UHFFFAOYSA-N,5.658000000000002,550.145102692
"InChI=1S/C23H21F7N4O5/c1-10(11-4-12(22(25,26)27)6-13(5-11)23(28,29)30)39-20-19(18-15(35)7-14(24)8-16(18)36)34(2-3-38-20)9-17-31-21(37)33-32-17/h4-8,10,19-20,35-36H,2-3,9H2,1H3,(H2,31,32,33,37)",OVGLHWZIWFPJGU-UHFFFAOYSA-N,CC(C1=CC(=CC(=C1)C(F)(F)F)C(F)(F)F)OC2C(N(CCO2)CC3=NC(=O)NN3)C4=C(C=C(C=C4O)F)O,,,C23H21F7N4O5,566.140017312,5.390600000000002,1,1,1,BTM00071,BTM00071,Hydroxylation of aromatic carbon meta to halide group,BTMR1039,"CYP2A6
CYP2B6
CYP2C9
CYP2C19
CYP2E1
CYP3A4",HUMAN,BTM00010,CC(C1=CC(=CC(=C1)C(F)(F)F)C(F)(F)F)OC2C(N(CCO2)CC3=NC(=O)NN3)C4=C(C=C(C=C4)F)O,"InChI=1S/C23H21F7N4O4/c1-11(12-6-13(22(25,26)27)8-14(7-12)23(28,29)30)38-20-19(16-3-2-15(24)9-17(16)35)34(4-5-37-20)10-18-31-21(36)33-32-18/h2-3,6-9,11,19-20,35H,4-5,10H2,1H3,(H2,31,32,33,36)",QVABEHWAMKODGY-UHFFFAOYSA-N,5.658000000000002,550.145102692
"InChI=1S/C23H21F7N4O5/c1-11(12-6-13(22(25,26)27)8-14(7-12)23(28,29)30)39-19-21(37,16-3-2-15(24)9-17(16)35)34(4-5-38-19)10-18-31-20(36)33-32-18/h2-3,6-9,11,19,35,37H,4-5,10H2,1H3,(H2,31,32,33,36)",MOVYHWZYGFGOEC-UHFFFAOYSA-N,CC(C1=CC(=CC(=C1)C(F)(F)F)C(F)(F)F)OC2C(N(CCO2)CC3=NC(=O)NN3)(C4=C(C=C(C=C4)F)O)O,,,C23H21F7N4O5,566.140017312,5.268100000000001,1,1,1,BTM00072,BTM00072,Aliphatic hydroxylation of carbon alpha to secondary or tertiary alkyl-N,BTMR1081,"CYP2B6
CYP2C19
CYP2D6",HUMAN,BTM00010,CC(C1=CC(=CC(=C1)C(F)(F)F)C(F)(F)F)OC2C(N(CCO2)CC3=NC(=O)NN3)C4=C(C=C(C=C4)F)O,"InChI=1S/C23H21F7N4O4/c1-11(12-6-13(22(25,26)27)8-14(7-12)23(28,29)30)38-20-19(16-3-2-15(24)9-17(16)35)34(4-5-37-20)10-18-31-21(36)33-32-18/h2-3,6-9,11,19-20,35H,4-5,10H2,1H3,(H2,31,32,33,36)",QVABEHWAMKODGY-UHFFFAOYSA-N,5.658000000000002,550.145102692
"InChI=1S/C23H21F7N4O5/c1-10(11-6-12(22(25,26)27)8-13(7-11)23(28,29)30)39-20-17(15-3-2-14(24)9-16(15)35)34(4-5-38-20)19(36)18-31-21(37)33-32-18/h2-3,6-10,17,19-20,35-36H,4-5H2,1H3,(H2,31,32,33,37)",RBRWLPZOUCGZKH-UHFFFAOYSA-N,CC(C1=CC(=CC(=C1)C(F)(F)F)C(F)(F)F)OC2C(N(CCO2)C(C3=NC(=O)NN3)O)C4=C(C=C(C=C4)F)O,,,C23H21F7N4O5,566.140017312,5.318300000000002,1,1,1,BTM00073,BTM00073,Aliphatic hydroxylation of carbon alpha to secondary or tertiary alkyl-N,BTMR1081,"CYP2B6
CYP2C19
CYP2D6",HUMAN,BTM00010,CC(C1=CC(=CC(=C1)C(F)(F)F)C(F)(F)F)OC2C(N(CCO2)CC3=NC(=O)NN3)C4=C(C=C(C=C4)F)O,"InChI=1S/C23H21F7N4O4/c1-11(12-6-13(22(25,26)27)8-14(7-12)23(28,29)30)38-20-19(16-3-2-15(24)9-17(16)35)34(4-5-37-20)10-18-31-21(36)33-32-18/h2-3,6-9,11,19-20,35H,4-5,10H2,1H3,(H2,31,32,33,36)",QVABEHWAMKODGY-UHFFFAOYSA-N,5.658000000000002,550.145102692
"InChI=1S/C23H21F7N4O5/c1-10(11-4-12(22(25,26)27)6-13(5-11)23(28,29)30)39-20-19(15-3-2-14(24)7-16(15)35)34(18(36)9-38-20)8-17-31-21(37)33-32-17/h2-7,10,18-20,35-36H,8-9H2,1H3,(H2,31,32,33,37)",NPESWNXZAAOTMN-UHFFFAOYSA-N,CC(C1=CC(=CC(=C1)C(F)(F)F)C(F)(F)F)OC2C(N(C(CO2)O)CC3=NC(=O)NN3)C4=C(C=C(C=C4)F)O,,,C23H21F7N4O5,566.140017312,5.318300000000002,1,1,1,BTM00049,BTM00049,Aliphatic hydroxylation of carbon alpha to secondary or tertiary alkyl-N,BTMR1081,"CYP2B6
CYP2C19
CYP2D6",HUMAN,BTM00010,CC(C1=CC(=CC(=C1)C(F)(F)F)C(F)(F)F)OC2C(N(CCO2)CC3=NC(=O)NN3)C4=C(C=C(C=C4)F)O,"InChI=1S/C23H21F7N4O4/c1-11(12-6-13(22(25,26)27)8-14(7-12)23(28,29)30)38-20-19(16-3-2-15(24)9-17(16)35)34(4-5-37-20)10-18-31-21(36)33-32-18/h2-3,6-9,11,19-20,35H,4-5,10H2,1H3,(H2,31,32,33,36)",QVABEHWAMKODGY-UHFFFAOYSA-N,5.658000000000002,550.145102692
"InChI=1S/C23H21F7N4O5/c1-20(36,13-8-14(22(25,26)27)10-15(9-13)23(28,29)30)39-18-21(37,12-2-4-16(24)5-3-12)34(6-7-38-18)11-17-31-19(35)33-32-17/h2-5,8-10,18,36-37H,6-7,11H2,1H3,(H2,31,32,33,35)",FRZXACVUKCXZCO-UHFFFAOYSA-N,CC(C1=CC(=CC(=C1)C(F)(F)F)C(F)(F)F)(OC2C(N(CCO2)CC3=NC(=O)NN3)(C4=CC=C(C=C4)F)O)O,,,C23H21F7N4O5,566.140017312,4.757400000000002,1,1,1,BTM00031,BTM00031,Hydroxylation of non-terminal aliphatic carbon adjacent to aromatic ring,BTMR1077,"CYP1A2
CYP2C8
CYP2C9
CYP2D6
CYP3A4",HUMAN,BTM00011,CC(C1=CC(=CC(=C1)C(F)(F)F)C(F)(F)F)OC2C(N(CCO2)CC3=NC(=O)NN3)(C4=CC=C(C=C4)F)O,"InChI=1S/C23H21F7N4O4/c1-12(13-8-15(22(25,26)27)10-16(9-13)23(28,29)30)38-19-21(36,14-2-4-17(24)5-3-14)34(6-7-37-19)11-18-31-20(35)33-32-18/h2-5,8-10,12,19,36H,6-7,11H2,1H3,(H2,31,32,33,35)",UDYLXAILXFTXIU-UHFFFAOYSA-N,5.535500000000001,550.145102692
"InChI=1S/C20H18F7NO3/c1-11(12-8-14(19(22,23)24)10-15(9-12)20(25,26)27)31-17-18(29,28-6-7-30-17)13-2-4-16(21)5-3-13/h2-5,8-11,17,28-29H,6-7H2,1H3",LSRUPCWDECHRBR-UHFFFAOYSA-N,CC(C1=CC(=CC(=C1)C(F)(F)F)C(F)(F)F)OC2C(NCCO2)(C3=CC=C(C=C3)F)O,,,C20H18F7NO3,453.117490976,4.814099999999999,0,0,0,BTM00074,BTM00074,N-Dealkylation of alicyclic tertiary amine,BTMR1144,"CYP1A2
CYP2A6
CYP2B6
CYP2C8
CYP2C9
CYP2C19
CYP2D6
CYP3A4",HUMAN,BTM00011,CC(C1=CC(=CC(=C1)C(F)(F)F)C(F)(F)F)OC2C(N(CCO2)CC3=NC(=O)NN3)(C4=CC=C(C=C4)F)O,"InChI=1S/C23H21F7N4O4/c1-12(13-8-15(22(25,26)27)10-16(9-13)23(28,29)30)38-19-21(36,14-2-4-17(24)5-3-14)34(6-7-37-19)11-18-31-20(35)33-32-18/h2-5,8-10,12,19,36H,6-7,11H2,1H3,(H2,31,32,33,35)",UDYLXAILXFTXIU-UHFFFAOYSA-N,5.535500000000001,550.145102692
"InChI=1S/C3H3N3O2/c7-1-2-4-3(8)6-5-2/h1H,(H2,4,5,6,8)",YLAKZWGIZJMOJV-UHFFFAOYSA-N,C(C1=NC(=O)NN1)=O,,,C3H3N3O2,113.022526336,0.19140000000000001,0,0,0,BTM00004,BTM00004,N-Dealkylation of alicyclic tertiary amine,BTMR1144,"CYP1A2
CYP2A6
CYP2B6
CYP2C8
CYP2C9
CYP2C19
CYP2D6
CYP3A4",HUMAN,BTM00011,CC(C1=CC(=CC(=C1)C(F)(F)F)C(F)(F)F)OC2C(N(CCO2)CC3=NC(=O)NN3)(C4=CC=C(C=C4)F)O,"InChI=1S/C23H21F7N4O4/c1-12(13-8-15(22(25,26)27)10-16(9-13)23(28,29)30)38-19-21(36,14-2-4-17(24)5-3-14)34(6-7-37-19)11-18-31-20(35)33-32-18/h2-5,8-10,12,19,36H,6-7,11H2,1H3,(H2,31,32,33,35)",UDYLXAILXFTXIU-UHFFFAOYSA-N,5.535500000000001,550.145102692
"InChI=1S/C23H21F7N4O5/c1-12(13-8-15(22(25,26)27)10-16(9-13)23(28,29)30)39-19-21(36,14-2-4-17(24)5-3-14)34(37,6-7-38-19)11-18-31-20(35)33-32-18/h2-5,8-10,12,19,36H,6-7,11H2,1H3,(H2,31,32,33,35)",BDHJDUWWNKXFER-UHFFFAOYSA-N,CC(C1=CC(=CC(=C1)C(F)(F)F)C(F)(F)F)OC2C([N+](CCO2)(CC3=NC(=O)NN3)[O-])(C4=CC=C(C=C4)F)O,,,C23H21F7N4O5,566.140017312,5.1304,1,1,1,BTM00075,BTM00075,N-Oxidation of aliphatic tertiary amine,BTMR1100,"CYP1A2
CYP2D6
CYP3A4",HUMAN,BTM00011,CC(C1=CC(=CC(=C1)C(F)(F)F)C(F)(F)F)OC2C(N(CCO2)CC3=NC(=O)NN3)(C4=CC=C(C=C4)F)O,"InChI=1S/C23H21F7N4O4/c1-12(13-8-15(22(25,26)27)10-16(9-13)23(28,29)30)38-19-21(36,14-2-4-17(24)5-3-14)34(6-7-37-19)11-18-31-20(35)33-32-18/h2-5,8-10,12,19,36H,6-7,11H2,1H3,(H2,31,32,33,35)",UDYLXAILXFTXIU-UHFFFAOYSA-N,5.535500000000001,550.145102692
"InChI=1S/C23H21F7N4O5/c1-11(12-6-14(22(25,26)27)8-15(7-12)23(28,29)30)39-19-21(37,13-2-4-16(24)5-3-13)34(18(35)10-38-19)9-17-31-20(36)33-32-17/h2-8,11,18-19,35,37H,9-10H2,1H3,(H2,31,32,33,36)",POBWSKPDQQPTGX-UHFFFAOYSA-N,CC(C1=CC(=CC(=C1)C(F)(F)F)C(F)(F)F)OC2C(N(C(CO2)O)CC3=NC(=O)NN3)(C4=CC=C(C=C4)F)O,,,C23H21F7N4O5,566.140017312,5.1958,1,1,1,BTM00076,BTM00076,Hydroxylation of heteroalicyclic secondary carbon,BTMR1070,"CYP1A2
CYP2A6
CYP2C9
CYP2D6
CYP3A4",HUMAN,BTM00011,CC(C1=CC(=CC(=C1)C(F)(F)F)C(F)(F)F)OC2C(N(CCO2)CC3=NC(=O)NN3)(C4=CC=C(C=C4)F)O,"InChI=1S/C23H21F7N4O4/c1-12(13-8-15(22(25,26)27)10-16(9-13)23(28,29)30)38-19-21(36,14-2-4-17(24)5-3-14)34(6-7-37-19)11-18-31-20(35)33-32-18/h2-5,8-10,12,19,36H,6-7,11H2,1H3,(H2,31,32,33,35)",UDYLXAILXFTXIU-UHFFFAOYSA-N,5.535500000000001,550.145102692
"InChI=1S/C23H21F7N4O5/c1-11(12-6-14(22(25,26)27)8-15(7-12)23(28,29)30)39-19-21(37,13-2-4-16(24)5-3-13)34(18(35)10-38-19)9-17-31-20(36)33-32-17/h2-8,11,18-19,35,37H,9-10H2,1H3,(H2,31,32,33,36)",POBWSKPDQQPTGX-UHFFFAOYSA-N,CC(C1=CC(=CC(=C1)C(F)(F)F)C(F)(F)F)OC2C(N(C(CO2)O)CC3=NC(=O)NN3)(C4=CC=C(C=C4)F)O,,,C23H21F7N4O5,566.140017312,5.1958,1,1,1,BTM00076,BTM00076,Hydroxylation of heteroalicyclic secondary carbon,BTMR1071,CYP1A2,HUMAN,BTM00011,CC(C1=CC(=CC(=C1)C(F)(F)F)C(F)(F)F)OC2C(N(CCO2)CC3=NC(=O)NN3)(C4=CC=C(C=C4)F)O,"InChI=1S/C23H21F7N4O4/c1-12(13-8-15(22(25,26)27)10-16(9-13)23(28,29)30)38-19-21(36,14-2-4-17(24)5-3-14)34(6-7-37-19)11-18-31-20(35)33-32-18/h2-5,8-10,12,19,36H,6-7,11H2,1H3,(H2,31,32,33,35)",UDYLXAILXFTXIU-UHFFFAOYSA-N,5.535500000000001,550.145102692
"InChI=1S/C23H21F7N4O5/c1-11(12-6-14(22(25,26)27)8-15(7-12)23(28,29)30)38-19-21(37,13-2-4-16(24)5-3-13)34(10-18(35)39-19)9-17-31-20(36)33-32-17/h2-8,11,18-19,35,37H,9-10H2,1H3,(H2,31,32,33,36)",UBYNISRVWZVIFO-UHFFFAOYSA-N,CC(C1=CC(=CC(=C1)C(F)(F)F)C(F)(F)F)OC2C(N(CC(O2)O)CC3=NC(=O)NN3)(C4=CC=C(C=C4)F)O,,,C23H21F7N4O5,566.140017312,5.1958,1,1,1,BTM00054,BTM00054,Hydroxylation of heteroalicyclic secondary carbon,BTMR1071,CYP1A2,HUMAN,BTM00011,CC(C1=CC(=CC(=C1)C(F)(F)F)C(F)(F)F)OC2C(N(CCO2)CC3=NC(=O)NN3)(C4=CC=C(C=C4)F)O,"InChI=1S/C23H21F7N4O4/c1-12(13-8-15(22(25,26)27)10-16(9-13)23(28,29)30)38-19-21(36,14-2-4-17(24)5-3-14)34(6-7-37-19)11-18-31-20(35)33-32-18/h2-5,8-10,12,19,36H,6-7,11H2,1H3,(H2,31,32,33,35)",UDYLXAILXFTXIU-UHFFFAOYSA-N,5.535500000000001,550.145102692
"InChI=1S/C23H21F7N4O5/c24-16-3-1-13(2-4-16)21(37)19(38-6-5-34(21)10-18-31-20(36)33-32-18)39-17(11-35)12-7-14(22(25,26)27)9-15(8-12)23(28,29)30/h1-4,7-9,17,19,35,37H,5-6,10-11H2,(H2,31,32,33,36)",IHPCQSROEYGUGF-UHFFFAOYSA-N,C(C(C1=CC(=CC(=C1)C(F)(F)F)C(F)(F)F)OC2C(N(CCO2)CC3=NC(=O)NN3)(C4=CC=C(C=C4)F)O)O,,,C23H21F7N4O5,566.1400173119999,4.6473,1,1,1,BTM00059,BTM00059,Hydroxylation of terminal methyl,BTMR1061,"CYP1A2
CYP2A6
CYP2B6
CYP2C8
CYP2C9
CYP2C19
CYP2D6
CYP2E1
CYP3A4",HUMAN,BTM00011,CC(C1=CC(=CC(=C1)C(F)(F)F)C(F)(F)F)OC2C(N(CCO2)CC3=NC(=O)NN3)(C4=CC=C(C=C4)F)O,"InChI=1S/C23H21F7N4O4/c1-12(13-8-15(22(25,26)27)10-16(9-13)23(28,29)30)38-19-21(36,14-2-4-17(24)5-3-14)34(6-7-37-19)11-18-31-20(35)33-32-18/h2-5,8-10,12,19,36H,6-7,11H2,1H3,(H2,31,32,33,35)",UDYLXAILXFTXIU-UHFFFAOYSA-N,5.535500000000001,550.145102692
"InChI=1S/C23H19F7N4O4/c1-12(13-8-15(22(25,26)27)10-16(9-13)23(28,29)30)38-19-21(36,14-2-4-17(24)5-3-14)34(6-7-37-19)11-18-31-20(35)33-32-18/h2-5,8-10,19,36H,1,6-7,11H2,(H2,31,32,33,35)",OJVOLYXHCAYERN-UHFFFAOYSA-N,C=C(C1=CC(=CC(=C1)C(F)(F)F)C(F)(F)F)OC2C(N(CCO2)CC3=NC(=O)NN3)(C4=CC=C(C=C4)F)O,,,C23H19F7N4O4,548.1294526280001,5.4071,1,1,1,BTM00064,BTM00064,Terminal desaturation,BTMR1190,"CYP1A2
CYP2A6
CYP2C9
CYP2D6
CYP3A4",HUMAN,BTM00011,CC(C1=CC(=CC(=C1)C(F)(F)F)C(F)(F)F)OC2C(N(CCO2)CC3=NC(=O)NN3)(C4=CC=C(C=C4)F)O,"InChI=1S/C23H21F7N4O4/c1-12(13-8-15(22(25,26)27)10-16(9-13)23(28,29)30)38-19-21(36,14-2-4-17(24)5-3-14)34(6-7-37-19)11-18-31-20(35)33-32-18/h2-5,8-10,12,19,36H,6-7,11H2,1H3,(H2,31,32,33,35)",UDYLXAILXFTXIU-UHFFFAOYSA-N,5.535500000000001,550.145102692
"InChI=1S/C23H21F7N4O5/c1-11(12-6-14(22(25,26)27)8-15(7-12)23(28,29)30)39-19-21(37,13-2-3-16(24)17(35)9-13)34(4-5-38-19)10-18-31-20(36)33-32-18/h2-3,6-9,11,19,35,37H,4-5,10H2,1H3,(H2,31,32,33,36)",BDAGCXXTOMFZBJ-UHFFFAOYSA-N,CC(C1=CC(=CC(=C1)C(F)(F)F)C(F)(F)F)OC2C(N(CCO2)CC3=NC(=O)NN3)(C4=CC(=C(C=C4)F)O)O,,,C23H21F7N4O5,566.140017312,5.268100000000001,1,1,1,BTM00069,BTM00069,Hydroxylation of aromatic carbon ortho to halide group,BTMR1040,"CYP1A2
CYP2A6
CYP2B6
CYP2C8
CYP2C9
CYP2C19
CYP2D6
CYP2E1
CYP3A4",HUMAN,BTM00011,CC(C1=CC(=CC(=C1)C(F)(F)F)C(F)(F)F)OC2C(N(CCO2)CC3=NC(=O)NN3)(C4=CC=C(C=C4)F)O,"InChI=1S/C23H21F7N4O4/c1-12(13-8-15(22(25,26)27)10-16(9-13)23(28,29)30)38-19-21(36,14-2-4-17(24)5-3-14)34(6-7-37-19)11-18-31-20(35)33-32-18/h2-5,8-10,12,19,36H,6-7,11H2,1H3,(H2,31,32,33,35)",UDYLXAILXFTXIU-UHFFFAOYSA-N,5.535500000000001,550.145102692
"InChI=1S/C23H21F7N4O5/c1-11(12-6-13(22(25,26)27)8-14(7-12)23(28,29)30)39-19-21(37,16-3-2-15(24)9-17(16)35)34(4-5-38-19)10-18-31-20(36)33-32-18/h2-3,6-9,11,19,35,37H,4-5,10H2,1H3,(H2,31,32,33,36)",MOVYHWZYGFGOEC-UHFFFAOYSA-N,CC(C1=CC(=CC(=C1)C(F)(F)F)C(F)(F)F)OC2C(N(CCO2)CC3=NC(=O)NN3)(C4=C(C=C(C=C4)F)O)O,,,C23H21F7N4O5,566.140017312,5.268100000000001,1,1,1,BTM00072,BTM00072,Hydroxylation of aromatic carbon meta to halide group,BTMR1039,"CYP2A6
CYP2B6
CYP2C9
CYP2C19
CYP2E1
CYP3A4",HUMAN,BTM00011,CC(C1=CC(=CC(=C1)C(F)(F)F)C(F)(F)F)OC2C(N(CCO2)CC3=NC(=O)NN3)(C4=CC=C(C=C4)F)O,"InChI=1S/C23H21F7N4O4/c1-12(13-8-15(22(25,26)27)10-16(9-13)23(28,29)30)38-19-21(36,14-2-4-17(24)5-3-14)34(6-7-37-19)11-18-31-20(35)33-32-18/h2-5,8-10,12,19,36H,6-7,11H2,1H3,(H2,31,32,33,35)",UDYLXAILXFTXIU-UHFFFAOYSA-N,5.535500000000001,550.145102692
"InChI=1S/C23H21F7N4O5/c1-21(37,12-8-13(22(25,26)27)10-14(9-12)23(28,29)30)39-19-16(11-2-4-15(24)5-3-11)34(6-7-38-19)18(35)17-31-20(36)33-32-17/h2-5,8-10,16,18-19,35,37H,6-7H2,1H3,(H2,31,32,33,36)",LSKMZTKOYPZPQY-UHFFFAOYSA-N,CC(C1=CC(=CC(=C1)C(F)(F)F)C(F)(F)F)(OC2C(N(CCO2)C(C3=NC(=O)NN3)O)C4=CC=C(C=C4)F)O,,,C23H21F7N4O5,566.140017312,4.8076,1,1,1,BTM00032,BTM00032,Hydroxylation of non-terminal aliphatic carbon adjacent to aromatic ring,BTMR1077,"CYP1A2
CYP2C8
CYP2C9
CYP2D6
CYP3A4",HUMAN,BTM00012,CC(C1=CC(=CC(=C1)C(F)(F)F)C(F)(F)F)OC2C(N(CCO2)C(C3=NC(=O)NN3)O)C4=CC=C(C=C4)F,"InChI=1S/C23H21F7N4O4/c1-11(13-8-14(22(25,26)27)10-15(9-13)23(28,29)30)38-20-17(12-2-4-16(24)5-3-12)34(6-7-37-20)19(35)18-31-21(36)33-32-18/h2-5,8-11,17,19-20,35H,6-7H2,1H3,(H2,31,32,33,36)",FVHSAOXFGWXNEW-UHFFFAOYSA-N,5.585700000000001,550.145102692
"InChI=1S/C20H18F7NO2/c1-11(13-8-14(19(22,23)24)10-15(9-13)20(25,26)27)30-18-17(28-6-7-29-18)12-2-4-16(21)5-3-12/h2-5,8-11,17-18,28H,6-7H2,1H3",AFBDSAJOMZYQAI-UHFFFAOYSA-N,CC(C1=CC(=CC(=C1)C(F)(F)F)C(F)(F)F)OC2C(NCCO2)C3=CC=C(C=C3)F,,,C20H18F7NO2,437.12257635599997,5.204000000000001,1,0,0,BTM00003,BTM00003,N-Dealkylation of alicyclic tertiary amine,BTMR1144,"CYP1A2
CYP2A6
CYP2B6
CYP2C8
CYP2C9
CYP2C19
CYP2D6
CYP3A4",HUMAN,BTM00012,CC(C1=CC(=CC(=C1)C(F)(F)F)C(F)(F)F)OC2C(N(CCO2)C(C3=NC(=O)NN3)O)C4=CC=C(C=C4)F,"InChI=1S/C23H21F7N4O4/c1-11(13-8-14(22(25,26)27)10-15(9-13)23(28,29)30)38-20-17(12-2-4-16(24)5-3-12)34(6-7-37-20)19(35)18-31-21(36)33-32-18/h2-5,8-11,17,19-20,35H,6-7H2,1H3,(H2,31,32,33,36)",FVHSAOXFGWXNEW-UHFFFAOYSA-N,5.585700000000001,550.145102692
"InChI=1S/C3H3N3O3/c7-2(8)1-4-3(9)6-5-1/h(H,7,8)(H2,4,5,6,9)",KNSPHEMRHVERJM-UHFFFAOYSA-N,C(C1=NC(=O)NN1)(=O)O,,,C3H3N3O3,129.017440956,0.03640000000000004,0,1,1,BTM00015,BTM00015,N-Dealkylation of alicyclic tertiary amine,BTMR1144,"CYP1A2
CYP2A6
CYP2B6
CYP2C8
CYP2C9
CYP2C19
CYP2D6
CYP3A4",HUMAN,BTM00012,CC(C1=CC(=CC(=C1)C(F)(F)F)C(F)(F)F)OC2C(N(CCO2)C(C3=NC(=O)NN3)O)C4=CC=C(C=C4)F,"InChI=1S/C23H21F7N4O4/c1-11(13-8-14(22(25,26)27)10-15(9-13)23(28,29)30)38-20-17(12-2-4-16(24)5-3-12)34(6-7-37-20)19(35)18-31-21(36)33-32-18/h2-5,8-11,17,19-20,35H,6-7H2,1H3,(H2,31,32,33,36)",FVHSAOXFGWXNEW-UHFFFAOYSA-N,5.585700000000001,550.145102692
"InChI=1S/C23H21F7N4O5/c1-11(13-8-14(22(25,26)27)10-15(9-13)23(28,29)30)39-20-17(12-2-4-16(24)5-3-12)34(37,6-7-38-20)19(35)18-31-21(36)33-32-18/h2-5,8-11,17,19-20,35H,6-7H2,1H3,(H2,31,32,33,36)",HYPLEVUOPANUNK-UHFFFAOYSA-N,CC(C1=CC(=CC(=C1)C(F)(F)F)C(F)(F)F)OC2C([N+](CCO2)(C(C3=NC(=O)NN3)O)[O-])C4=CC=C(C=C4)F,,,C23H21F7N4O5,566.140017312,5.1806,1,1,1,BTM00077,BTM00077,N-Oxidation of aliphatic tertiary amine,BTMR1100,"CYP1A2
CYP2D6
CYP3A4",HUMAN,BTM00012,CC(C1=CC(=CC(=C1)C(F)(F)F)C(F)(F)F)OC2C(N(CCO2)C(C3=NC(=O)NN3)O)C4=CC=C(C=C4)F,"InChI=1S/C23H21F7N4O4/c1-11(13-8-14(22(25,26)27)10-15(9-13)23(28,29)30)38-20-17(12-2-4-16(24)5-3-12)34(6-7-37-20)19(35)18-31-21(36)33-32-18/h2-5,8-11,17,19-20,35H,6-7H2,1H3,(H2,31,32,33,36)",FVHSAOXFGWXNEW-UHFFFAOYSA-N,5.585700000000001,550.145102692
"InChI=1S/C23H21F7N4O5/c1-10(12-6-13(22(25,26)27)8-14(7-12)23(28,29)30)39-20-17(11-2-4-15(24)5-3-11)34(16(35)9-38-20)19(36)18-31-21(37)33-32-18/h2-8,10,16-17,19-20,35-36H,9H2,1H3,(H2,31,32,33,37)",NFAQUSJDQDTRRN-UHFFFAOYSA-N,CC(C1=CC(=CC(=C1)C(F)(F)F)C(F)(F)F)OC2C(N(C(CO2)O)C(C3=NC(=O)NN3)O)C4=CC=C(C=C4)F,,,C23H21F7N4O5,566.140017312,5.246,2,1,1,BTM00078,BTM00078,Hydroxylation of heteroalicyclic secondary carbon,BTMR1070,"CYP1A2
CYP2A6
CYP2C9
CYP2D6
CYP3A4",HUMAN,BTM00012,CC(C1=CC(=CC(=C1)C(F)(F)F)C(F)(F)F)OC2C(N(CCO2)C(C3=NC(=O)NN3)O)C4=CC=C(C=C4)F,"InChI=1S/C23H21F7N4O4/c1-11(13-8-14(22(25,26)27)10-15(9-13)23(28,29)30)38-20-17(12-2-4-16(24)5-3-12)34(6-7-37-20)19(35)18-31-21(36)33-32-18/h2-5,8-11,17,19-20,35H,6-7H2,1H3,(H2,31,32,33,36)",FVHSAOXFGWXNEW-UHFFFAOYSA-N,5.585700000000001,550.145102692
"InChI=1S/C23H21F7N4O5/c1-10(12-6-13(22(25,26)27)8-14(7-12)23(28,29)30)39-20-17(11-2-4-15(24)5-3-11)34(16(35)9-38-20)19(36)18-31-21(37)33-32-18/h2-8,10,16-17,19-20,35-36H,9H2,1H3,(H2,31,32,33,37)",NFAQUSJDQDTRRN-UHFFFAOYSA-N,CC(C1=CC(=CC(=C1)C(F)(F)F)C(F)(F)F)OC2C(N(C(CO2)O)C(C3=NC(=O)NN3)O)C4=CC=C(C=C4)F,,,C23H21F7N4O5,566.140017312,5.246,2,1,1,BTM00078,BTM00078,Hydroxylation of heteroalicyclic secondary carbon,BTMR1071,CYP1A2,HUMAN,BTM00012,CC(C1=CC(=CC(=C1)C(F)(F)F)C(F)(F)F)OC2C(N(CCO2)C(C3=NC(=O)NN3)O)C4=CC=C(C=C4)F,"InChI=1S/C23H21F7N4O4/c1-11(13-8-14(22(25,26)27)10-15(9-13)23(28,29)30)38-20-17(12-2-4-16(24)5-3-12)34(6-7-37-20)19(35)18-31-21(36)33-32-18/h2-5,8-11,17,19-20,35H,6-7H2,1H3,(H2,31,32,33,36)",FVHSAOXFGWXNEW-UHFFFAOYSA-N,5.585700000000001,550.145102692
"InChI=1S/C23H21F7N4O5/c1-10(12-6-13(22(25,26)27)8-14(7-12)23(28,29)30)38-20-17(11-2-4-15(24)5-3-11)34(9-16(35)39-20)19(36)18-31-21(37)33-32-18/h2-8,10,16-17,19-20,35-36H,9H2,1H3,(H2,31,32,33,37)",RFCKHHOLZDSUMY-UHFFFAOYSA-N,CC(C1=CC(=CC(=C1)C(F)(F)F)C(F)(F)F)OC2C(N(CC(O2)O)C(C3=NC(=O)NN3)O)C4=CC=C(C=C4)F,,,C23H21F7N4O5,566.140017312,5.246,1,1,1,BTM00055,BTM00055,Hydroxylation of heteroalicyclic secondary carbon,BTMR1071,CYP1A2,HUMAN,BTM00012,CC(C1=CC(=CC(=C1)C(F)(F)F)C(F)(F)F)OC2C(N(CCO2)C(C3=NC(=O)NN3)O)C4=CC=C(C=C4)F,"InChI=1S/C23H21F7N4O4/c1-11(13-8-14(22(25,26)27)10-15(9-13)23(28,29)30)38-20-17(12-2-4-16(24)5-3-12)34(6-7-37-20)19(35)18-31-21(36)33-32-18/h2-5,8-11,17,19-20,35H,6-7H2,1H3,(H2,31,32,33,36)",FVHSAOXFGWXNEW-UHFFFAOYSA-N,5.585700000000001,550.145102692
"InChI=1S/C23H21F7N4O5/c24-15-3-1-11(2-4-15)17-20(38-6-5-34(17)19(36)18-31-21(37)33-32-18)39-16(10-35)12-7-13(22(25,26)27)9-14(8-12)23(28,29)30/h1-4,7-9,16-17,19-20,35-36H,5-6,10H2,(H2,31,32,33,37)",OWSKIXWYKMPMEY-UHFFFAOYSA-N,C(C(C1=CC(=CC(=C1)C(F)(F)F)C(F)(F)F)OC2C(N(CCO2)C(C3=NC(=O)NN3)O)C4=CC=C(C=C4)F)O,,,C23H21F7N4O5,566.140017312,4.697500000000001,1,1,1,BTM00060,BTM00060,Hydroxylation of terminal methyl,BTMR1061,"CYP1A2
CYP2A6
CYP2B6
CYP2C8
CYP2C9
CYP2C19
CYP2D6
CYP2E1
CYP3A4",HUMAN,BTM00012,CC(C1=CC(=CC(=C1)C(F)(F)F)C(F)(F)F)OC2C(N(CCO2)C(C3=NC(=O)NN3)O)C4=CC=C(C=C4)F,"InChI=1S/C23H21F7N4O4/c1-11(13-8-14(22(25,26)27)10-15(9-13)23(28,29)30)38-20-17(12-2-4-16(24)5-3-12)34(6-7-37-20)19(35)18-31-21(36)33-32-18/h2-5,8-11,17,19-20,35H,6-7H2,1H3,(H2,31,32,33,36)",FVHSAOXFGWXNEW-UHFFFAOYSA-N,5.585700000000001,550.145102692
"InChI=1S/C23H19F7N4O4/c1-11(13-8-14(22(25,26)27)10-15(9-13)23(28,29)30)38-20-17(12-2-4-16(24)5-3-12)34(6-7-37-20)19(35)18-31-21(36)33-32-18/h2-5,8-10,17,19-20,35H,1,6-7H2,(H2,31,32,33,36)",WBPVNEKSBOHUNW-UHFFFAOYSA-N,C=C(C1=CC(=CC(=C1)C(F)(F)F)C(F)(F)F)OC2C(N(CCO2)C(C3=NC(=O)NN3)O)C4=CC=C(C=C4)F,,,C23H19F7N4O4,548.129452628,5.457300000000002,2,1,1,BTM00065,BTM00065,Terminal desaturation,BTMR1190,"CYP1A2
CYP2A6
CYP2C9
CYP2D6
CYP3A4",HUMAN,BTM00012,CC(C1=CC(=CC(=C1)C(F)(F)F)C(F)(F)F)OC2C(N(CCO2)C(C3=NC(=O)NN3)O)C4=CC=C(C=C4)F,"InChI=1S/C23H21F7N4O4/c1-11(13-8-14(22(25,26)27)10-15(9-13)23(28,29)30)38-20-17(12-2-4-16(24)5-3-12)34(6-7-37-20)19(35)18-31-21(36)33-32-18/h2-5,8-11,17,19-20,35H,6-7H2,1H3,(H2,31,32,33,36)",FVHSAOXFGWXNEW-UHFFFAOYSA-N,5.585700000000001,550.145102692
"InChI=1S/C23H21F7N4O5/c1-10(12-6-13(22(25,26)27)9-14(7-12)23(28,29)30)39-20-17(11-2-3-15(24)16(35)8-11)34(4-5-38-20)19(36)18-31-21(37)33-32-18/h2-3,6-10,17,19-20,35-36H,4-5H2,1H3,(H2,31,32,33,37)",SYYNESXBFQQRIR-UHFFFAOYSA-N,CC(C1=CC(=CC(=C1)C(F)(F)F)C(F)(F)F)OC2C(N(CCO2)C(C3=NC(=O)NN3)O)C4=CC(=C(C=C4)F)O,,,C23H21F7N4O5,566.140017312,5.318300000000002,1,1,1,BTM00070,BTM00070,Hydroxylation of aromatic carbon ortho to halide group,BTMR1040,"CYP1A2
CYP2A6
CYP2B6
CYP2C8
CYP2C9
CYP2C19
CYP2D6
CYP2E1
CYP3A4",HUMAN,BTM00012,CC(C1=CC(=CC(=C1)C(F)(F)F)C(F)(F)F)OC2C(N(CCO2)C(C3=NC(=O)NN3)O)C4=CC=C(C=C4)F,"InChI=1S/C23H21F7N4O4/c1-11(13-8-14(22(25,26)27)10-15(9-13)23(28,29)30)38-20-17(12-2-4-16(24)5-3-12)34(6-7-37-20)19(35)18-31-21(36)33-32-18/h2-5,8-11,17,19-20,35H,6-7H2,1H3,(H2,31,32,33,36)",FVHSAOXFGWXNEW-UHFFFAOYSA-N,5.585700000000001,550.145102692
"InChI=1S/C23H21F7N4O5/c1-10(11-6-12(22(25,26)27)8-13(7-11)23(28,29)30)39-20-17(15-3-2-14(24)9-16(15)35)34(4-5-38-20)19(36)18-31-21(37)33-32-18/h2-3,6-10,17,19-20,35-36H,4-5H2,1H3,(H2,31,32,33,37)",RBRWLPZOUCGZKH-UHFFFAOYSA-N,CC(C1=CC(=CC(=C1)C(F)(F)F)C(F)(F)F)OC2C(N(CCO2)C(C3=NC(=O)NN3)O)C4=C(C=C(C=C4)F)O,,,C23H21F7N4O5,566.140017312,5.318300000000002,1,1,1,BTM00073,BTM00073,Hydroxylation of aromatic carbon meta to halide group,BTMR1039,"CYP2A6
CYP2B6
CYP2C9
CYP2C19
CYP2E1
CYP3A4",HUMAN,BTM00012,CC(C1=CC(=CC(=C1)C(F)(F)F)C(F)(F)F)OC2C(N(CCO2)C(C3=NC(=O)NN3)O)C4=CC=C(C=C4)F,"InChI=1S/C23H21F7N4O4/c1-11(13-8-14(22(25,26)27)10-15(9-13)23(28,29)30)38-20-17(12-2-4-16(24)5-3-12)34(6-7-37-20)19(35)18-31-21(36)33-32-18/h2-5,8-11,17,19-20,35H,6-7H2,1H3,(H2,31,32,33,36)",FVHSAOXFGWXNEW-UHFFFAOYSA-N,5.585700000000001,550.145102692
