InChI,InChIKey,SMILES,Synonyms,PUBCHEM_CID,Molecular formula,Major Isotope Mass,ALogP,Lipinski_Violations,Insecticide_Likeness_Violations,Post_Em_Herbicide_Likeness_Violations,Metabolite ID,cdk:Title,Reaction,Reaction ID,Enzyme(s),Biosystem,Precursor ID,Precursor SMILES,Precursor InChI,Precursor InChIKey,Precursor ALogP,Precursor Major Isotope Mass
"InChI=1S/C8H16N2O/c1-9-4-6-10(7-5-9)3-2-8-11/h8H,2-7H2,1H3",UGPFLPVWZHOEHO-UHFFFAOYSA-N,CN1CCN(CC1)CCC=O,,,C8H16N2O,156.126263132,0.029100000000001132,0,0,0,BTM00001,BTM00001,N-Dealkylation of mixed tertiary amine,BTMR1145,"CYP1A2
CYP2A6
CYP2B6
CYP2C8
CYP2C9
CYP2C19
CYP2D6
CYP3A4",HUMAN,,CN1CCN(CC1)CCCN2C3=CC=CC=C3SC4=C2C=C(C=C4)Cl,"InChI=1S/C20H24ClN3S/c1-22-11-13-23(14-12-22)9-4-10-24-17-5-2-3-6-19(17)25-20-8-7-16(21)15-18(20)24/h2-3,5-8,15H,4,9-14H2,1H3",WIKYUJGCLQQFNW-UHFFFAOYSA-N,,373.1379
"InChI=1S/C12H8ClNS/c13-8-5-6-12-10(7-8)14-9-3-1-2-4-11(9)15-12/h1-7,14H",KFZGLJSYQXZIGP-UHFFFAOYSA-N,N1C2=CC=CC=C2SC3=C1C=C(C=C3)Cl,,,C12H8ClNS,233.006597936,4.3329,0,0,0,BTM00002,BTM00002,N-Dealkylation of mixed tertiary amine,BTMR1145,"CYP1A2
CYP2A6
CYP2B6
CYP2C8
CYP2C9
CYP2C19
CYP2D6
CYP3A4",HUMAN,,CN1CCN(CC1)CCCN2C3=CC=CC=C3SC4=C2C=C(C=C4)Cl,"InChI=1S/C20H24ClN3S/c1-22-11-13-23(14-12-22)9-4-10-24-17-5-2-3-6-19(17)25-20-8-7-16(21)15-18(20)24/h2-3,5-8,15H,4,9-14H2,1H3",WIKYUJGCLQQFNW-UHFFFAOYSA-N,,373.1379
"InChI=1S/C20H24ClN3OS/c1-22-8-10-23(11-9-22)13-16(25)14-24-17-4-2-3-5-19(17)26-20-7-6-15(21)12-18(20)24/h2-7,12,16,25H,8-11,13-14H2,1H3",OFLCTZRNFNMBEE-UHFFFAOYSA-N,CN1CCN(CC1)CC(CN2C3=CC=CC=C3SC4=C2C=C(C=C4)Cl)O,,,C20H24ClN3OS,389.132861068,4.1241,0,0,0,BTM00003,BTM00003,Hydroxylation of acyclic aliphatic secondary carbon,BTMR1063,"CYP1A2
CYP2A6
CYP2B6
CYP2C9
CYP2E1
CYP3A4",HUMAN,,CN1CCN(CC1)CCCN2C3=CC=CC=C3SC4=C2C=C(C=C4)Cl,"InChI=1S/C20H24ClN3S/c1-22-11-13-23(14-12-22)9-4-10-24-17-5-2-3-6-19(17)25-20-8-7-16(21)15-18(20)24/h2-3,5-8,15H,4,9-14H2,1H3",WIKYUJGCLQQFNW-UHFFFAOYSA-N,,373.1379
"InChI=1S/C20H24ClN3OS/c1-22-11-13-23(14-12-22)9-4-10-24-17-5-2-3-6-19(17)26(25)20-8-7-16(21)15-18(20)24/h2-3,5-8,15H,4,9-14H2,1H3",AZGYHFQQUZPAFZ-UHFFFAOYSA-N,CN1CCN(CC1)CCCN2C3=CC=CC=C3S(C4=C2C=C(C=C4)Cl)=O,,,C20H24ClN3OS,389.132861068,3.5854000000000013,0,0,0,BTM00004,BTM00004,S-Oxidation of diarylthioether to sulfoxide,BTMR0059,"CYP1A2
CYP2B6
CYP2D6
CYP3A4",HUMAN,,CN1CCN(CC1)CCCN2C3=CC=CC=C3SC4=C2C=C(C=C4)Cl,"InChI=1S/C20H24ClN3S/c1-22-11-13-23(14-12-22)9-4-10-24-17-5-2-3-6-19(17)25-20-8-7-16(21)15-18(20)24/h2-3,5-8,15H,4,9-14H2,1H3",WIKYUJGCLQQFNW-UHFFFAOYSA-N,,373.1379
"InChI=1S/C20H24ClN3OS/c1-22-9-11-23(12-10-22)7-2-8-24-17-13-15(21)3-5-19(17)26-20-6-4-16(25)14-18(20)24/h3-6,13-14,25H,2,7-12H2,1H3",YKALSODMDPYKBX-UHFFFAOYSA-N,CN1CCN(CC1)CCCN2C3=CC(=CC=C3SC4=C2C=C(C=C4)Cl)O,,,C20H24ClN3OS,389.132861068,4.4298,0,0,0,BTM00005,BTM00005,Aromatic hydroxylation of fused benzene ring,BTMR1030,"CYP1A2
CYP2A6
CYP2B6
CYP2C8
CYP2C9
CYP2C19
CYP2D6
CYP2E1
CYP3A4",HUMAN,,CN1CCN(CC1)CCCN2C3=CC=CC=C3SC4=C2C=C(C=C4)Cl,"InChI=1S/C20H24ClN3S/c1-22-11-13-23(14-12-22)9-4-10-24-17-5-2-3-6-19(17)25-20-8-7-16(21)15-18(20)24/h2-3,5-8,15H,4,9-14H2,1H3",WIKYUJGCLQQFNW-UHFFFAOYSA-N,,373.1379
"InChI=1S/C20H24ClN3OS/c1-22-9-11-23(12-10-22)7-2-8-24-17-5-4-16(25)14-20(17)26-19-6-3-15(21)13-18(19)24/h3-6,13-14,25H,2,7-12H2,1H3",BRUHMTGXYBUCRP-UHFFFAOYSA-N,CN1CCN(CC1)CCCN2C3=CC=C(C=C3SC4=C2C=C(C=C4)Cl)O,,,C20H24ClN3OS,389.132861068,4.4298,0,0,0,BTM00006,BTM00006,Aromatic hydroxylation of fused benzene ring,BTMR1030,"CYP1A2
CYP2A6
CYP2B6
CYP2C8
CYP2C9
CYP2C19
CYP2D6
CYP2E1
CYP3A4",HUMAN,,CN1CCN(CC1)CCCN2C3=CC=CC=C3SC4=C2C=C(C=C4)Cl,"InChI=1S/C20H24ClN3S/c1-22-11-13-23(14-12-22)9-4-10-24-17-5-2-3-6-19(17)25-20-8-7-16(21)15-18(20)24/h2-3,5-8,15H,4,9-14H2,1H3",WIKYUJGCLQQFNW-UHFFFAOYSA-N,,373.1379
"InChI=1S/C20H24ClN3OS/c1-22-9-11-23(12-10-22)7-4-8-24-16-5-2-3-6-19(16)26-20-14-18(25)15(21)13-17(20)24/h2-3,5-6,13-14,25H,4,7-12H2,1H3",QYPDUSJIDRKKLD-UHFFFAOYSA-N,CN1CCN(CC1)CCCN2C3=CC=CC=C3SC4=C2C=C(C(=C4)O)Cl,,,C20H24ClN3OS,389.132861068,4.4298,0,0,0,BTM00007,BTM00007,Aromatic hydroxylation of fused benzene ring,BTMR1030,"CYP1A2
CYP2A6
CYP2B6
CYP2C8
CYP2C9
CYP2C19
CYP2D6
CYP2E1
CYP3A4",HUMAN,,CN1CCN(CC1)CCCN2C3=CC=CC=C3SC4=C2C=C(C=C4)Cl,"InChI=1S/C20H24ClN3S/c1-22-11-13-23(14-12-22)9-4-10-24-17-5-2-3-6-19(17)25-20-8-7-16(21)15-18(20)24/h2-3,5-8,15H,4,9-14H2,1H3",WIKYUJGCLQQFNW-UHFFFAOYSA-N,,373.1379
"InChI=1S/C20H24ClN3OS/c1-22-10-13-24(25,14-11-22)12-4-9-23-17-5-2-3-6-19(17)26-20-8-7-16(21)15-18(20)23/h2-3,5-8,15H,4,9-14H2,1H3",PCXIZBFFAKKSHC-UHFFFAOYSA-N,CN1CC[N+](CC1)(CCCN2C3=CC=CC=C3SC4=C2C=C(C=C4)Cl)[O-],,,C20H24ClN3OS,389.13286106799995,4.292100000000001,0,0,0,BTM00008,BTM00008,N-Oxidation of alicyclic tertiary amine,BTMR1099,"CYP1A2
CYP2C8
CYP2C19
CYP2D6
CYP3A4",HUMAN,,CN1CCN(CC1)CCCN2C3=CC=CC=C3SC4=C2C=C(C=C4)Cl,"InChI=1S/C20H24ClN3S/c1-22-11-13-23(14-12-22)9-4-10-24-17-5-2-3-6-19(17)25-20-8-7-16(21)15-18(20)24/h2-3,5-8,15H,4,9-14H2,1H3",WIKYUJGCLQQFNW-UHFFFAOYSA-N,,373.1379
"InChI=1S/C20H24ClN3OS/c1-24(25)13-11-22(12-14-24)9-4-10-23-17-5-2-3-6-19(17)26-20-8-7-16(21)15-18(20)23/h2-3,5-8,15H,4,9-14H2,1H3",UTXMUELIYPUPBE-UHFFFAOYSA-N,C[N+]1(CCN(CC1)CCCN2C3=CC=CC=C3SC4=C2C=C(C=C4)Cl)[O-],,,C20H24ClN3OS,389.13286106799995,4.292100000000001,0,0,0,BTM00009,BTM00009,N-Oxidation of alicyclic tertiary amine,BTMR1099,"CYP1A2
CYP2C8
CYP2C19
CYP2D6
CYP3A4",HUMAN,,CN1CCN(CC1)CCCN2C3=CC=CC=C3SC4=C2C=C(C=C4)Cl,"InChI=1S/C20H24ClN3S/c1-22-11-13-23(14-12-22)9-4-10-24-17-5-2-3-6-19(17)25-20-8-7-16(21)15-18(20)24/h2-3,5-8,15H,4,9-14H2,1H3",WIKYUJGCLQQFNW-UHFFFAOYSA-N,,373.1379
"InChI=1S/C19H22ClN3S/c20-15-6-7-19-17(14-15)23(16-4-1-2-5-18(16)24-19)11-3-10-22-12-8-21-9-13-22/h1-2,4-7,14,21H,3,8-13H2",ZWIQAXTYRCAVFE-UHFFFAOYSA-N,N1CCN(CC1)CCCN2C3=CC=CC=C3SC4=C2C=C(C=C4)Cl,,,C19H22ClN3S,359.12229638400004,4.1613,0,0,0,BTM00010,BTM00010,N-Dealkylation of alicyclic tertiary amine,BTMR1144,"CYP1A2
CYP2A6
CYP2B6
CYP2C8
CYP2C9
CYP2C19
CYP2D6
CYP3A4",HUMAN,,CN1CCN(CC1)CCCN2C3=CC=CC=C3SC4=C2C=C(C=C4)Cl,"InChI=1S/C20H24ClN3S/c1-22-11-13-23(14-12-22)9-4-10-24-17-5-2-3-6-19(17)25-20-8-7-16(21)15-18(20)24/h2-3,5-8,15H,4,9-14H2,1H3",WIKYUJGCLQQFNW-UHFFFAOYSA-N,,373.1379
"InChI=1S/C5H12N2/c1-7-4-2-6-3-5-7/h6H,2-5H2,1H3",PVOAHINGSUIXLS-UHFFFAOYSA-N,CN1CCNCC1,,,C5H12N2,100.10004838399999,-0.2585000000000002,0,0,0,BTM00011,BTM00011,N-Dealkylation of alicyclic tertiary amine,BTMR1144,"CYP1A2
CYP2A6
CYP2B6
CYP2C8
CYP2C9
CYP2C19
CYP2D6
CYP3A4",HUMAN,,CN1CCN(CC1)CCCN2C3=CC=CC=C3SC4=C2C=C(C=C4)Cl,"InChI=1S/C20H24ClN3S/c1-22-11-13-23(14-12-22)9-4-10-24-17-5-2-3-6-19(17)25-20-8-7-16(21)15-18(20)24/h2-3,5-8,15H,4,9-14H2,1H3",WIKYUJGCLQQFNW-UHFFFAOYSA-N,,373.1379
"InChI=1S/C15H12ClNOS/c16-11-6-7-15-13(10-11)17(8-3-9-18)12-4-1-2-5-14(12)19-15/h1-2,4-7,9-10H,3,8H2",LCOVLCMLZVPYOH-UHFFFAOYSA-N,C(CCN1C2=CC=CC=C2SC3=C1C=C(C=C3)Cl)=O,,,C15H12ClNOS,289.03281268399996,4.290499999999999,0,0,0,BTM00012,BTM00012,N-Dealkylation of alicyclic tertiary amine,BTMR1144,"CYP1A2
CYP2A6
CYP2B6
CYP2C8
CYP2C9
CYP2C19
CYP2D6
CYP3A4",HUMAN,,CN1CCN(CC1)CCCN2C3=CC=CC=C3SC4=C2C=C(C=C4)Cl,"InChI=1S/C20H24ClN3S/c1-22-11-13-23(14-12-22)9-4-10-24-17-5-2-3-6-19(17)25-20-8-7-16(21)15-18(20)24/h2-3,5-8,15H,4,9-14H2,1H3",WIKYUJGCLQQFNW-UHFFFAOYSA-N,,373.1379
"InChI=1S/C20H24ClN3OS/c1-22-11-12-23(14-20(22)25)9-4-10-24-16-5-2-3-6-18(16)26-19-8-7-15(21)13-17(19)24/h2-3,5-8,13,20,25H,4,9-12,14H2,1H3",DMEDRWDVVGEJQQ-UHFFFAOYSA-N,CN1C(CN(CC1)CCCN2C3=CC=CC=C3SC4=C2C=C(C=C4)Cl)O,,,C20H24ClN3OS,389.13286106799995,4.357500000000002,0,0,0,BTM00013,BTM00013,Hydroxylation of heteroalicyclic secondary carbon,BTMR1070,"CYP1A2
CYP2A6
CYP2C9
CYP2D6
CYP3A4",HUMAN,,CN1CCN(CC1)CCCN2C3=CC=CC=C3SC4=C2C=C(C=C4)Cl,"InChI=1S/C20H24ClN3S/c1-22-11-13-23(14-12-22)9-4-10-24-17-5-2-3-6-19(17)25-20-8-7-16(21)15-18(20)24/h2-3,5-8,15H,4,9-14H2,1H3",WIKYUJGCLQQFNW-UHFFFAOYSA-N,,373.1379
"InChI=1S/C20H24ClN3OS/c1-22-11-12-23(20(25)14-22)9-4-10-24-16-5-2-3-6-18(16)26-19-8-7-15(21)13-17(19)24/h2-3,5-8,13,20,25H,4,9-12,14H2,1H3",CNGHZKYDNUPWTA-UHFFFAOYSA-N,CN1CC(N(CC1)CCCN2C3=CC=CC=C3SC4=C2C=C(C=C4)Cl)O,,,C20H24ClN3OS,389.13286106799995,4.357500000000002,0,0,0,BTM00014,BTM00014,Hydroxylation of heteroalicyclic secondary carbon,BTMR1070,"CYP1A2
CYP2A6
CYP2C9
CYP2D6
CYP3A4",HUMAN,,CN1CCN(CC1)CCCN2C3=CC=CC=C3SC4=C2C=C(C=C4)Cl,"InChI=1S/C20H24ClN3S/c1-22-11-13-23(14-12-22)9-4-10-24-17-5-2-3-6-19(17)25-20-8-7-16(21)15-18(20)24/h2-3,5-8,15H,4,9-14H2,1H3",WIKYUJGCLQQFNW-UHFFFAOYSA-N,,373.1379
"InChI=1S/C20H24ClN3OS/c1-22-11-13-23(14-12-22)9-4-10-24-16-5-2-3-6-17(16)26-18-8-7-15(21)20(25)19(18)24/h2-3,5-8,25H,4,9-14H2,1H3",UEFRBTGKRVYCJQ-UHFFFAOYSA-N,CN1CCN(CC1)CCCN2C3=CC=CC=C3SC4=C2C(=C(C=C4)Cl)O,,,C20H24ClN3OS,389.132861068,4.4298,0,0,0,BTM00015,BTM00015,Hydroxylation of aromatic carbon ortho to halide group,BTMR1040,"CYP1A2
CYP2A6
CYP2B6
CYP2C8
CYP2C9
CYP2C19
CYP2D6
CYP2E1
CYP3A4",HUMAN,,CN1CCN(CC1)CCCN2C3=CC=CC=C3SC4=C2C=C(C=C4)Cl,"InChI=1S/C20H24ClN3S/c1-22-11-13-23(14-12-22)9-4-10-24-17-5-2-3-6-19(17)25-20-8-7-16(21)15-18(20)24/h2-3,5-8,15H,4,9-14H2,1H3",WIKYUJGCLQQFNW-UHFFFAOYSA-N,,373.1379
"InChI=1S/C20H24ClN3OS/c1-22-9-11-23(12-10-22)7-4-8-24-16-5-2-3-6-19(16)26-20-14-18(25)15(21)13-17(20)24/h2-3,5-6,13-14,25H,4,7-12H2,1H3",QYPDUSJIDRKKLD-UHFFFAOYSA-N,CN1CCN(CC1)CCCN2C3=CC=CC=C3SC4=C2C=C(C(=C4)O)Cl,,,C20H24ClN3OS,389.132861068,4.4298,0,0,0,BTM00007,BTM00007,Hydroxylation of aromatic carbon ortho to halide group,BTMR1040,"CYP1A2
CYP2A6
CYP2B6
CYP2C8
CYP2C9
CYP2C19
CYP2D6
CYP2E1
CYP3A4",HUMAN,,CN1CCN(CC1)CCCN2C3=CC=CC=C3SC4=C2C=C(C=C4)Cl,"InChI=1S/C20H24ClN3S/c1-22-11-13-23(14-12-22)9-4-10-24-17-5-2-3-6-19(17)25-20-8-7-16(21)15-18(20)24/h2-3,5-8,15H,4,9-14H2,1H3",WIKYUJGCLQQFNW-UHFFFAOYSA-N,,373.1379
"InChI=1S/C20H24ClN3OS/c1-22-9-11-23(12-10-22)7-4-8-24-16-5-2-3-6-19(16)26-20-17(24)13-15(21)14-18(20)25/h2-3,5-6,13-14,25H,4,7-12H2,1H3",NFOWCPCTDSHCTB-UHFFFAOYSA-N,CN1CCN(CC1)CCCN2C3=CC=CC=C3SC4=C2C=C(C=C4O)Cl,,,C20H24ClN3OS,389.132861068,4.4298,0,0,0,BTM00016,BTM00016,Hydroxylation of aromatic carbon meta to halide group,BTMR1039,"CYP2A6
CYP2B6
CYP2C9
CYP2C19
CYP2E1
CYP3A4",HUMAN,,CN1CCN(CC1)CCCN2C3=CC=CC=C3SC4=C2C=C(C=C4)Cl,"InChI=1S/C20H24ClN3S/c1-22-11-13-23(14-12-22)9-4-10-24-17-5-2-3-6-19(17)25-20-8-7-16(21)15-18(20)24/h2-3,5-8,15H,4,9-14H2,1H3",WIKYUJGCLQQFNW-UHFFFAOYSA-N,,373.1379
"InChI=1S/C20H24ClN3OS/c1-22-11-12-23(14-20(22)25)9-4-10-24-16-5-2-3-6-18(16)26-19-8-7-15(21)13-17(19)24/h2-3,5-8,13,20,25H,4,9-12,14H2,1H3",DMEDRWDVVGEJQQ-UHFFFAOYSA-N,CN1C(CN(CC1)CCCN2C3=CC=CC=C3SC4=C2C=C(C=C4)Cl)O,,,C20H24ClN3OS,389.13286106799995,4.357500000000002,0,0,0,BTM00013,BTM00013,Aliphatic hydroxylation of carbon alpha to secondary or tertiary alkyl-N,BTMR1081,"CYP2B6
CYP2C19
CYP2D6",HUMAN,,CN1CCN(CC1)CCCN2C3=CC=CC=C3SC4=C2C=C(C=C4)Cl,"InChI=1S/C20H24ClN3S/c1-22-11-13-23(14-12-22)9-4-10-24-17-5-2-3-6-19(17)25-20-8-7-16(21)15-18(20)24/h2-3,5-8,15H,4,9-14H2,1H3",WIKYUJGCLQQFNW-UHFFFAOYSA-N,,373.1379
"InChI=1S/C20H24ClN3OS/c1-22-11-12-23(20(25)14-22)9-4-10-24-16-5-2-3-6-18(16)26-19-8-7-15(21)13-17(19)24/h2-3,5-8,13,20,25H,4,9-12,14H2,1H3",CNGHZKYDNUPWTA-UHFFFAOYSA-N,CN1CC(N(CC1)CCCN2C3=CC=CC=C3SC4=C2C=C(C=C4)Cl)O,,,C20H24ClN3OS,389.13286106799995,4.357500000000002,0,0,0,BTM00014,BTM00014,Aliphatic hydroxylation of carbon alpha to secondary or tertiary alkyl-N,BTMR1081,"CYP2B6
CYP2C19
CYP2D6",HUMAN,,CN1CCN(CC1)CCCN2C3=CC=CC=C3SC4=C2C=C(C=C4)Cl,"InChI=1S/C20H24ClN3S/c1-22-11-13-23(14-12-22)9-4-10-24-17-5-2-3-6-19(17)25-20-8-7-16(21)15-18(20)24/h2-3,5-8,15H,4,9-14H2,1H3",WIKYUJGCLQQFNW-UHFFFAOYSA-N,,373.1379
"InChI=1S/C20H24ClN3OS/c1-22-10-12-23(13-11-22)20(25)8-9-24-16-4-2-3-5-18(16)26-19-7-6-15(21)14-17(19)24/h2-7,14,20,25H,8-13H2,1H3",JVELCBFRZKZYMS-UHFFFAOYSA-N,CN1CCN(CC1)C(CCN2C3=CC=CC=C3SC4=C2C=C(C=C4)Cl)O,,,C20H24ClN3OS,389.132861068,4.550700000000002,0,0,0,BTM00017,BTM00017,Aliphatic hydroxylation of carbon alpha to secondary or tertiary alkyl-N,BTMR1081,"CYP2B6
CYP2C19
CYP2D6",HUMAN,,CN1CCN(CC1)CCCN2C3=CC=CC=C3SC4=C2C=C(C=C4)Cl,"InChI=1S/C20H24ClN3S/c1-22-11-13-23(14-12-22)9-4-10-24-17-5-2-3-6-19(17)25-20-8-7-16(21)15-18(20)24/h2-3,5-8,15H,4,9-14H2,1H3",WIKYUJGCLQQFNW-UHFFFAOYSA-N,,373.1379
"InChI=1S/C20H24ClN3OS/c1-22-10-12-23(13-11-22)9-8-20(25)24-16-4-2-3-5-18(16)26-19-7-6-15(21)14-17(19)24/h2-7,14,20,25H,8-13H2,1H3",VNHUGUXMBRTZNG-UHFFFAOYSA-N,CN1CCN(CC1)CCC(N2C3=CC=CC=C3SC4=C2C=C(C=C4)Cl)O,,,C20H24ClN3OS,389.13286106800007,4.550700000000002,0,0,0,BTM00018,BTM00018,Aliphatic hydroxylation of carbon alpha to secondary or tertiary alkyl-N,BTMR1081,"CYP2B6
CYP2C19
CYP2D6",HUMAN,,CN1CCN(CC1)CCCN2C3=CC=CC=C3SC4=C2C=C(C=C4)Cl,"InChI=1S/C20H24ClN3S/c1-22-11-13-23(14-12-22)9-4-10-24-17-5-2-3-6-19(17)25-20-8-7-16(21)15-18(20)24/h2-3,5-8,15H,4,9-14H2,1H3",WIKYUJGCLQQFNW-UHFFFAOYSA-N,,373.1379
"InChI=1S/C8H18N2O/c1-9-4-6-10(7-5-9)3-2-8-11/h11H,2-8H2,1H3",JKRSQNBRNIYETC-UHFFFAOYSA-N,CN1CCN(CC1)CCCO,,,C8H18N2O,158.141913196,-0.19959999999999964,0,0,0,BTM00019,BTM00019,Reduction of aldehyde,BTMR0367,EC 1.1.1.184,HUMAN,BTM00001,CN1CCN(CC1)CCC=O,"InChI=1S/C8H16N2O/c1-9-4-6-10(7-5-9)3-2-8-11/h8H,2-7H2,1H3",UGPFLPVWZHOEHO-UHFFFAOYSA-N,0.029100000000001132,156.126263132
"InChI=1S/C8H16N2O2/c1-9-4-6-10(7-5-9)3-2-8(11)12/h2-7H2,1H3,(H,11,12)",JSHLMMUXJIDENZ-UHFFFAOYSA-N,CN1CCN(CC1)CCC(=O)O,,,C8H16N2O2,172.121177752,-0.01829999999999838,0,0,0,BTM00020,BTM00020,Aldehyde oxidation,BTMR0050,EC 1.2.3.1,HUMAN,BTM00001,CN1CCN(CC1)CCC=O,"InChI=1S/C8H16N2O/c1-9-4-6-10(7-5-9)3-2-8-11/h8H,2-7H2,1H3",UGPFLPVWZHOEHO-UHFFFAOYSA-N,0.029100000000001132,156.126263132
"InChI=1S/C26H32ClN3O7S/c1-28-8-10-29(11-9-28)13-16(36-26-23(33)21(31)22(32)24(37-26)25(34)35)14-30-17-4-2-3-5-19(17)38-20-7-6-15(27)12-18(20)30/h2-7,12,16,21-24,26,31-33H,8-11,13-14H2,1H3,(H,34,35)",XBROWYUISKVIDJ-UHFFFAOYSA-N,CN1CCN(CC1)CC(CN2C3=CC=CC=C3SC4=C2C=C(C=C4)Cl)OC5OC(C(O)=O)C(C(C5O)O)O,,,C26H32ClN3O7S,565.164949044,2.5861,1,1,1,BTM00021,BTM00021,Alkyl-OH-glucuronidation,BTMR0165,EC 2.4.1.17,HUMAN,BTM00003,CN1CCN(CC1)CC(CN2C3=CC=CC=C3SC4=C2C=C(C=C4)Cl)O,"InChI=1S/C20H24ClN3OS/c1-22-8-10-23(11-9-22)13-16(25)14-24-17-4-2-3-5-19(17)26-20-7-6-15(21)12-18(20)24/h2-7,12,16,25H,8-11,13-14H2,1H3",OFLCTZRNFNMBEE-UHFFFAOYSA-N,4.1241,389.132861068
"InChI=1S/C20H24ClN3O4S2/c1-22-8-10-23(11-9-22)13-16(28-30(25,26)27)14-24-17-4-2-3-5-19(17)29-20-7-6-15(21)12-18(20)24/h2-7,12,16H,8-11,13-14H2,1H3,(H,25,26,27)",LMBJWZRTRSXKQZ-UHFFFAOYSA-N,CN1CCN(CC1)CC(CN2C3=CC=CC=C3SC4=C2C=C(C=C4)Cl)OS(O)(=O)=O,,,C20H24ClN3O4S2,469.089675928,3.5448,0,0,0,BTM00022,BTM00022,Sulfation of secondary alcohol,BTMR0502,EC 2.8.2.2,HUMAN,BTM00003,CN1CCN(CC1)CC(CN2C3=CC=CC=C3SC4=C2C=C(C=C4)Cl)O,"InChI=1S/C20H24ClN3OS/c1-22-8-10-23(11-9-22)13-16(25)14-24-17-4-2-3-5-19(17)26-20-7-6-15(21)12-18(20)24/h2-7,12,16,25H,8-11,13-14H2,1H3",OFLCTZRNFNMBEE-UHFFFAOYSA-N,4.1241,389.132861068
"InChI=1S/C20H24ClN3S/c1-22-11-13-23(14-12-22)9-4-10-24-17-5-2-3-6-19(17)25-20-8-7-16(21)15-18(20)24/h2-3,5-8,15H,4,9-14H2,1H3",WIKYUJGCLQQFNW-UHFFFAOYSA-N,CN1CCN(CC1)CCCN2C3=CC=CC=C3SC4=C2C=C(C=C4)Cl,,,C20H24ClN3S,373.1379,,0,0,0,,,Reduction of sulfoxide to thioether,BTMR0152,EC 1.2.3.1,HUMAN,BTM00004,CN1CCN(CC1)CCCN2C3=CC=CC=C3S(C4=C2C=C(C=C4)Cl)=O,"InChI=1S/C20H24ClN3OS/c1-22-11-13-23(14-12-22)9-4-10-24-17-5-2-3-6-19(17)26(25)20-8-7-16(21)15-18(20)24/h2-3,5-8,15H,4,9-14H2,1H3",AZGYHFQQUZPAFZ-UHFFFAOYSA-N,3.5854000000000013,389.132861068
"InChI=1S/C26H32ClN3O7S/c1-28-9-11-29(12-10-28)7-2-8-30-17-13-15(27)3-5-19(17)38-20-6-4-16(14-18(20)30)36-26-23(33)21(31)22(32)24(37-26)25(34)35/h3-6,13-14,21-24,26,31-33H,2,7-12H2,1H3,(H,34,35)",GEXHHPYPMUNENG-UHFFFAOYSA-N,CN1CCN(CC1)CCCN2C3=CC(=CC=C3SC4=C2C=C(C=C4)Cl)OC5OC(C(O)=O)C(C(C5O)O)O,,,C26H32ClN3O7S,565.164949044,2.7343000000000037,1,1,1,BTM00023,BTM00023,Aromatic OH-glucuronidation,BTMR0166,EC 2.4.1.17,HUMAN,BTM00005,CN1CCN(CC1)CCCN2C3=CC(=CC=C3SC4=C2C=C(C=C4)Cl)O,"InChI=1S/C20H24ClN3OS/c1-22-9-11-23(12-10-22)7-2-8-24-17-13-15(21)3-5-19(17)26-20-6-4-16(25)14-18(20)24/h3-6,13-14,25H,2,7-12H2,1H3",YKALSODMDPYKBX-UHFFFAOYSA-N,4.4298,389.132861068
"InChI=1S/C20H24ClN3O4S2/c1-22-9-11-23(12-10-22)7-2-8-24-17-13-15(21)3-5-19(17)29-20-6-4-16(14-18(20)24)28-30(25,26)27/h3-6,13-14H,2,7-12H2,1H3,(H,25,26,27)",GYFKXXQALFOGOH-UHFFFAOYSA-N,CN1CCN(CC1)CCCN2C3=CC(=CC=C3SC4=C2C=C(C=C4)Cl)OS(O)(=O)=O,,,C20H24ClN3O4S2,469.089675928,3.693,0,0,0,BTM00024,BTM00024,Sulfonation of phenolic compound,BTMR1376,EC 2.8.2.1,HUMAN,BTM00005,CN1CCN(CC1)CCCN2C3=CC(=CC=C3SC4=C2C=C(C=C4)Cl)O,"InChI=1S/C20H24ClN3OS/c1-22-9-11-23(12-10-22)7-2-8-24-17-13-15(21)3-5-19(17)26-20-6-4-16(25)14-18(20)24/h3-6,13-14,25H,2,7-12H2,1H3",YKALSODMDPYKBX-UHFFFAOYSA-N,4.4298,389.132861068
"InChI=1S/C21H26ClN3OS/c1-23-10-12-24(13-11-23)8-3-9-25-18-14-16(22)4-6-20(18)27-21-7-5-17(26-2)15-19(21)25/h4-7,14-15H,3,8-13H2,1-2H3",XZYAYJQGKJUBQJ-UHFFFAOYSA-N,CN1CCN(CC1)CCCN2C3=CC(=CC=C3SC4=C2C=C(C=C4)Cl)OC,,,C21H26ClN3OS,403.148511132,4.6808,0,0,0,BTM00025,BTM00025,Methylation of phenolic compound,BTMR1377,EC 2.1.1.25,HUMAN,BTM00005,CN1CCN(CC1)CCCN2C3=CC(=CC=C3SC4=C2C=C(C=C4)Cl)O,"InChI=1S/C20H24ClN3OS/c1-22-9-11-23(12-10-22)7-2-8-24-17-13-15(21)3-5-19(17)26-20-6-4-16(25)14-18(20)24/h3-6,13-14,25H,2,7-12H2,1H3",YKALSODMDPYKBX-UHFFFAOYSA-N,4.4298,389.132861068
"InChI=1S/C26H32ClN3O7S/c1-28-9-11-29(12-10-28)7-2-8-30-17-5-4-16(14-20(17)38-19-6-3-15(27)13-18(19)30)36-26-23(33)21(31)22(32)24(37-26)25(34)35/h3-6,13-14,21-24,26,31-33H,2,7-12H2,1H3,(H,34,35)",ADDUGVZSFNAWHC-UHFFFAOYSA-N,CN1CCN(CC1)CCCN2C3=CC=C(C=C3SC4=C2C=C(C=C4)Cl)OC5OC(C(O)=O)C(C(C5O)O)O,,,C26H32ClN3O7S,565.164949044,2.7343000000000037,1,1,1,BTM00026,BTM00026,Aromatic OH-glucuronidation,BTMR0166,EC 2.4.1.17,HUMAN,BTM00006,CN1CCN(CC1)CCCN2C3=CC=C(C=C3SC4=C2C=C(C=C4)Cl)O,"InChI=1S/C20H24ClN3OS/c1-22-9-11-23(12-10-22)7-2-8-24-17-5-4-16(25)14-20(17)26-19-6-3-15(21)13-18(19)24/h3-6,13-14,25H,2,7-12H2,1H3",BRUHMTGXYBUCRP-UHFFFAOYSA-N,4.4298,389.132861068
"InChI=1S/C20H24ClN3O4S2/c1-22-9-11-23(12-10-22)7-2-8-24-17-5-4-16(28-30(25,26)27)14-20(17)29-19-6-3-15(21)13-18(19)24/h3-6,13-14H,2,7-12H2,1H3,(H,25,26,27)",HSAFVJXMXFVXCL-UHFFFAOYSA-N,CN1CCN(CC1)CCCN2C3=CC=C(C=C3SC4=C2C=C(C=C4)Cl)OS(O)(=O)=O,,,C20H24ClN3O4S2,469.089675928,3.693,0,0,0,BTM00027,BTM00027,Sulfonation of phenolic compound,BTMR1376,EC 2.8.2.1,HUMAN,BTM00006,CN1CCN(CC1)CCCN2C3=CC=C(C=C3SC4=C2C=C(C=C4)Cl)O,"InChI=1S/C20H24ClN3OS/c1-22-9-11-23(12-10-22)7-2-8-24-17-5-4-16(25)14-20(17)26-19-6-3-15(21)13-18(19)24/h3-6,13-14,25H,2,7-12H2,1H3",BRUHMTGXYBUCRP-UHFFFAOYSA-N,4.4298,389.132861068
"InChI=1S/C21H26ClN3OS/c1-23-10-12-24(13-11-23)8-3-9-25-18-6-5-17(26-2)15-21(18)27-20-7-4-16(22)14-19(20)25/h4-7,14-15H,3,8-13H2,1-2H3",GYCNIFUQMBXLBM-UHFFFAOYSA-N,CN1CCN(CC1)CCCN2C3=CC=C(C=C3SC4=C2C=C(C=C4)Cl)OC,,,C21H26ClN3OS,403.148511132,4.6808,0,0,0,BTM00028,BTM00028,Methylation of phenolic compound,BTMR1377,EC 2.1.1.25,HUMAN,BTM00006,CN1CCN(CC1)CCCN2C3=CC=C(C=C3SC4=C2C=C(C=C4)Cl)O,"InChI=1S/C20H24ClN3OS/c1-22-9-11-23(12-10-22)7-2-8-24-17-5-4-16(25)14-20(17)26-19-6-3-15(21)13-18(19)24/h3-6,13-14,25H,2,7-12H2,1H3",BRUHMTGXYBUCRP-UHFFFAOYSA-N,4.4298,389.132861068
"InChI=1S/C26H32ClN3O7S/c1-28-9-11-29(12-10-28)7-4-8-30-16-5-2-3-6-19(16)38-20-14-18(15(27)13-17(20)30)36-26-23(33)21(31)22(32)24(37-26)25(34)35/h2-3,5-6,13-14,21-24,26,31-33H,4,7-12H2,1H3,(H,34,35)",QPKUHSOCFBOQCA-UHFFFAOYSA-N,CN1CCN(CC1)CCCN2C3=CC=CC=C3SC4=C2C=C(C(=C4)OC5OC(C(O)=O)C(C(C5O)O)O)Cl,,,C26H32ClN3O7S,565.164949044,2.7343000000000037,1,1,1,BTM00029,BTM00029,Aromatic OH-glucuronidation,BTMR0166,EC 2.4.1.17,HUMAN,BTM00007,CN1CCN(CC1)CCCN2C3=CC=CC=C3SC4=C2C=C(C(=C4)O)Cl,"InChI=1S/C20H24ClN3OS/c1-22-9-11-23(12-10-22)7-4-8-24-16-5-2-3-6-19(16)26-20-14-18(25)15(21)13-17(20)24/h2-3,5-6,13-14,25H,4,7-12H2,1H3",QYPDUSJIDRKKLD-UHFFFAOYSA-N,4.4298,389.132861068
"InChI=1S/C20H24ClN3O4S2/c1-22-9-11-23(12-10-22)7-4-8-24-16-5-2-3-6-19(16)29-20-14-18(28-30(25,26)27)15(21)13-17(20)24/h2-3,5-6,13-14H,4,7-12H2,1H3,(H,25,26,27)",QKDOHGQSEMVZJM-UHFFFAOYSA-N,CN1CCN(CC1)CCCN2C3=CC=CC=C3SC4=C2C=C(C(=C4)OS(O)(=O)=O)Cl,,,C20H24ClN3O4S2,469.089675928,3.693,0,0,0,BTM00030,BTM00030,Sulfonation of phenolic compound,BTMR1376,EC 2.8.2.1,HUMAN,BTM00007,CN1CCN(CC1)CCCN2C3=CC=CC=C3SC4=C2C=C(C(=C4)O)Cl,"InChI=1S/C20H24ClN3OS/c1-22-9-11-23(12-10-22)7-4-8-24-16-5-2-3-6-19(16)26-20-14-18(25)15(21)13-17(20)24/h2-3,5-6,13-14,25H,4,7-12H2,1H3",QYPDUSJIDRKKLD-UHFFFAOYSA-N,4.4298,389.132861068
"InChI=1S/C21H26ClN3OS/c1-23-10-12-24(13-11-23)8-5-9-25-17-6-3-4-7-20(17)27-21-15-19(26-2)16(22)14-18(21)25/h3-4,6-7,14-15H,5,8-13H2,1-2H3",PDTWETYRYASQDH-UHFFFAOYSA-N,CN1CCN(CC1)CCCN2C3=CC=CC=C3SC4=C2C=C(C(=C4)OC)Cl,,,C21H26ClN3OS,403.14851113199995,4.6808,0,0,0,BTM00031,BTM00031,Methylation of phenolic compound,BTMR1377,EC 2.1.1.25,HUMAN,BTM00007,CN1CCN(CC1)CCCN2C3=CC=CC=C3SC4=C2C=C(C(=C4)O)Cl,"InChI=1S/C20H24ClN3OS/c1-22-9-11-23(12-10-22)7-4-8-24-16-5-2-3-6-19(16)26-20-14-18(25)15(21)13-17(20)24/h2-3,5-6,13-14,25H,4,7-12H2,1H3",QYPDUSJIDRKKLD-UHFFFAOYSA-N,4.4298,389.132861068
"InChI=1S/C26H32ClN3O7S/c1-28-10-13-30(14-11-28,37-26-23(33)21(31)22(32)24(36-26)25(34)35)12-4-9-29-17-5-2-3-6-19(17)38-20-8-7-16(27)15-18(20)29/h2-3,5-8,15,21-24,26,31-33H,4,9-14H2,1H3/p+1",XIRUNJIPPVYGIQ-UHFFFAOYSA-O,CN1CC[N+](CC1)(CCCN2C3=CC=CC=C3SC4=C2C=C(C=C4)Cl)OC5OC(C(O)C(O)C5O)C(O)=O,,,[C26H33ClN3O7S]+,566.172774076,1.2418000000000031,1,1,1,BTM00032,BTM00032,O-Glucuronidation of N-oxide,BTMR0184,EC 2.4.1.17,HUMAN,BTM00008,CN1CC[N+](CC1)(CCCN2C3=CC=CC=C3SC4=C2C=C(C=C4)Cl)[O-],"InChI=1S/C20H24ClN3OS/c1-22-10-13-24(25,14-11-22)12-4-9-23-17-5-2-3-6-19(17)26-20-8-7-16(21)15-18(20)23/h2-3,5-8,15H,4,9-14H2,1H3",PCXIZBFFAKKSHC-UHFFFAOYSA-N,4.292100000000001,389.13286106799995
"InChI=1S/C26H32ClN3O7S/c1-30(37-26-23(33)21(31)22(32)24(36-26)25(34)35)13-11-28(12-14-30)9-4-10-29-17-5-2-3-6-19(17)38-20-8-7-16(27)15-18(20)29/h2-3,5-8,15,21-24,26,31-33H,4,9-14H2,1H3/p+1",NCPWRIBFTUGGRE-UHFFFAOYSA-O,C[N+]1(CCN(CC1)CCCN2C3=CC=CC=C3SC4=C2C=C(C=C4)Cl)OC5OC(C(O)C(O)C5O)C(O)=O,,,[C26H33ClN3O7S]+,566.172774076,1.2418000000000031,1,1,1,BTM00033,BTM00033,O-Glucuronidation of N-oxide,BTMR0184,EC 2.4.1.17,HUMAN,BTM00009,C[N+]1(CCN(CC1)CCCN2C3=CC=CC=C3SC4=C2C=C(C=C4)Cl)[O-],"InChI=1S/C20H24ClN3OS/c1-24(25)13-11-22(12-14-24)9-4-10-23-17-5-2-3-6-19(17)26-20-8-7-16(21)15-18(20)23/h2-3,5-8,15H,4,9-14H2,1H3",UTXMUELIYPUPBE-UHFFFAOYSA-N,4.292100000000001,389.13286106799995
"InChI=1S/C15H14ClNOS/c16-11-6-7-15-13(10-11)17(8-3-9-18)12-4-1-2-5-14(12)19-15/h1-2,4-7,10,18H,3,8-9H2",HGMRAVXAXMAVSQ-UHFFFAOYSA-N,C(CCN1C2=CC=CC=C2SC3=C1C=C(C=C3)Cl)O,,,C15H14ClNOS,291.04846274799996,4.0618,0,0,0,BTM00034,BTM00034,Reduction of aldehyde,BTMR0367,EC 1.1.1.184,HUMAN,BTM00012,C(CCN1C2=CC=CC=C2SC3=C1C=C(C=C3)Cl)=O,"InChI=1S/C15H12ClNOS/c16-11-6-7-15-13(10-11)17(8-3-9-18)12-4-1-2-5-14(12)19-15/h1-2,4-7,9-10H,3,8H2",LCOVLCMLZVPYOH-UHFFFAOYSA-N,4.290499999999999,289.03281268399996
"InChI=1S/C15H12ClNO2S/c16-10-5-6-14-12(9-10)17(8-7-15(18)19)11-3-1-2-4-13(11)20-14/h1-6,9H,7-8H2,(H,18,19)",UJCWHJMOVUXQPX-UHFFFAOYSA-N,C(CCN1C2=CC=CC=C2SC3=C1C=C(C=C3)Cl)(=O)O,,,C15H12ClNO2S,305.027727304,4.243099999999999,0,0,0,BTM00035,BTM00035,Aldehyde oxidation,BTMR0050,EC 1.2.3.1,HUMAN,BTM00012,C(CCN1C2=CC=CC=C2SC3=C1C=C(C=C3)Cl)=O,"InChI=1S/C15H12ClNOS/c16-11-6-7-15-13(10-11)17(8-3-9-18)12-4-1-2-5-14(12)19-15/h1-2,4-7,9-10H,3,8H2",LCOVLCMLZVPYOH-UHFFFAOYSA-N,4.290499999999999,289.03281268399996
"InChI=1S/C26H32ClN3O7S/c1-28-11-13-29(14-12-28)9-4-10-30-16-5-2-3-6-17(16)38-18-8-7-15(27)23(19(18)30)36-26-22(33)20(31)21(32)24(37-26)25(34)35/h2-3,5-8,20-22,24,26,31-33H,4,9-14H2,1H3,(H,34,35)",CXWMLPWSLQKXED-UHFFFAOYSA-N,CN1CCN(CC1)CCCN2C3=CC=CC=C3SC4=C2C(=C(C=C4)Cl)OC5OC(C(O)=O)C(C(C5O)O)O,,,C26H32ClN3O7S,565.164949044,2.7343000000000037,1,1,1,BTM00036,BTM00036,Aromatic OH-glucuronidation,BTMR0166,EC 2.4.1.17,HUMAN,BTM00015,CN1CCN(CC1)CCCN2C3=CC=CC=C3SC4=C2C(=C(C=C4)Cl)O,"InChI=1S/C20H24ClN3OS/c1-22-11-13-23(14-12-22)9-4-10-24-16-5-2-3-6-17(16)26-18-8-7-15(21)20(25)19(18)24/h2-3,5-8,25H,4,9-14H2,1H3",UEFRBTGKRVYCJQ-UHFFFAOYSA-N,4.4298,389.132861068
"InChI=1S/C20H24ClN3O4S2/c1-22-11-13-23(14-12-22)9-4-10-24-16-5-2-3-6-17(16)29-18-8-7-15(21)20(19(18)24)28-30(25,26)27/h2-3,5-8H,4,9-14H2,1H3,(H,25,26,27)",AFJJSZFKFXZFBE-UHFFFAOYSA-N,CN1CCN(CC1)CCCN2C3=CC=CC=C3SC4=C2C(=C(C=C4)Cl)OS(O)(=O)=O,,,C20H24ClN3O4S2,469.089675928,3.693,0,0,0,BTM00037,BTM00037,Sulfonation of phenolic compound,BTMR1376,EC 2.8.2.1,HUMAN,BTM00015,CN1CCN(CC1)CCCN2C3=CC=CC=C3SC4=C2C(=C(C=C4)Cl)O,"InChI=1S/C20H24ClN3OS/c1-22-11-13-23(14-12-22)9-4-10-24-16-5-2-3-6-17(16)26-18-8-7-15(21)20(25)19(18)24/h2-3,5-8,25H,4,9-14H2,1H3",UEFRBTGKRVYCJQ-UHFFFAOYSA-N,4.4298,389.132861068
"InChI=1S/C21H26ClN3OS/c1-23-12-14-24(15-13-23)10-5-11-25-17-6-3-4-7-18(17)27-19-9-8-16(22)21(26-2)20(19)25/h3-4,6-9H,5,10-15H2,1-2H3",WAZBWPMCIAQPDE-UHFFFAOYSA-N,CN1CCN(CC1)CCCN2C3=CC=CC=C3SC4=C2C(=C(C=C4)Cl)OC,,,C21H26ClN3OS,403.148511132,4.6808,0,0,0,BTM00038,BTM00038,Methylation of phenolic compound,BTMR1377,EC 2.1.1.25,HUMAN,BTM00015,CN1CCN(CC1)CCCN2C3=CC=CC=C3SC4=C2C(=C(C=C4)Cl)O,"InChI=1S/C20H24ClN3OS/c1-22-11-13-23(14-12-22)9-4-10-24-16-5-2-3-6-17(16)26-18-8-7-15(21)20(25)19(18)24/h2-3,5-8,25H,4,9-14H2,1H3",UEFRBTGKRVYCJQ-UHFFFAOYSA-N,4.4298,389.132861068
"InChI=1S/C26H32ClN3O7S/c1-28-9-11-29(12-10-28)7-4-8-30-16-5-2-3-6-19(16)38-24-17(30)13-15(27)14-18(24)36-26-22(33)20(31)21(32)23(37-26)25(34)35/h2-3,5-6,13-14,20-23,26,31-33H,4,7-12H2,1H3,(H,34,35)",PDYQVGDKWBFLSH-UHFFFAOYSA-N,CN1CCN(CC1)CCCN2C3=CC=CC=C3SC4=C2C=C(C=C4OC5OC(C(O)=O)C(C(C5O)O)O)Cl,,,C26H32ClN3O7S,565.164949044,2.7343000000000037,1,1,1,BTM00039,BTM00039,Aromatic OH-glucuronidation,BTMR0166,EC 2.4.1.17,HUMAN,BTM00016,CN1CCN(CC1)CCCN2C3=CC=CC=C3SC4=C2C=C(C=C4O)Cl,"InChI=1S/C20H24ClN3OS/c1-22-9-11-23(12-10-22)7-4-8-24-16-5-2-3-6-19(16)26-20-17(24)13-15(21)14-18(20)25/h2-3,5-6,13-14,25H,4,7-12H2,1H3",NFOWCPCTDSHCTB-UHFFFAOYSA-N,4.4298,389.132861068
"InChI=1S/C20H24ClN3O4S2/c1-22-9-11-23(12-10-22)7-4-8-24-16-5-2-3-6-19(16)29-20-17(24)13-15(21)14-18(20)28-30(25,26)27/h2-3,5-6,13-14H,4,7-12H2,1H3,(H,25,26,27)",GPQDNOCYINZAFE-UHFFFAOYSA-N,CN1CCN(CC1)CCCN2C3=CC=CC=C3SC4=C2C=C(C=C4OS(O)(=O)=O)Cl,,,C20H24ClN3O4S2,469.089675928,3.693,0,0,0,BTM00040,BTM00040,Sulfonation of phenolic compound,BTMR1376,EC 2.8.2.1,HUMAN,BTM00016,CN1CCN(CC1)CCCN2C3=CC=CC=C3SC4=C2C=C(C=C4O)Cl,"InChI=1S/C20H24ClN3OS/c1-22-9-11-23(12-10-22)7-4-8-24-16-5-2-3-6-19(16)26-20-17(24)13-15(21)14-18(20)25/h2-3,5-6,13-14,25H,4,7-12H2,1H3",NFOWCPCTDSHCTB-UHFFFAOYSA-N,4.4298,389.132861068
"InChI=1S/C21H26ClN3OS/c1-23-10-12-24(13-11-23)8-5-9-25-17-6-3-4-7-20(17)27-21-18(25)14-16(22)15-19(21)26-2/h3-4,6-7,14-15H,5,8-13H2,1-2H3",VGPHIMYLXMXUHE-UHFFFAOYSA-N,CN1CCN(CC1)CCCN2C3=CC=CC=C3SC4=C2C=C(C=C4OC)Cl,,,C21H26ClN3OS,403.148511132,4.6808,0,0,0,BTM00041,BTM00041,Methylation of phenolic compound,BTMR1377,EC 2.1.1.25,HUMAN,BTM00016,CN1CCN(CC1)CCCN2C3=CC=CC=C3SC4=C2C=C(C=C4O)Cl,"InChI=1S/C20H24ClN3OS/c1-22-9-11-23(12-10-22)7-4-8-24-16-5-2-3-6-19(16)26-20-17(24)13-15(21)14-18(20)25/h2-3,5-6,13-14,25H,4,7-12H2,1H3",NFOWCPCTDSHCTB-UHFFFAOYSA-N,4.4298,389.132861068
"InChI=1S/C8H16N2O2/c1-9-3-6-10(12,7-4-9)5-2-8-11/h8H,2-7H2,1H3",HSCJJJKAKPFELY-UHFFFAOYSA-N,CN1CC[N+](CC1)(CCC=O)[O-],,,C8H16N2O2,172.121177752,-0.3759999999999988,0,0,0,BTM00042,BTM00042,N-Oxidation of alicyclic tertiary amine,BTMR1099,"CYP1A2
CYP2C8
CYP2C19
CYP2D6
CYP3A4",HUMAN,BTM00001,CN1CCN(CC1)CCC=O,"InChI=1S/C8H16N2O/c1-9-4-6-10(7-5-9)3-2-8-11/h8H,2-7H2,1H3",UGPFLPVWZHOEHO-UHFFFAOYSA-N,0.029100000000001132,156.126263132
"InChI=1S/C8H16N2O2/c1-10(12)6-4-9(5-7-10)3-2-8-11/h8H,2-7H2,1H3",YGBHOUHGUXJWLO-UHFFFAOYSA-N,C[N+]1(CCN(CC1)CCC=O)[O-],,,C8H16N2O2,172.121177752,-0.3759999999999988,0,0,0,BTM00043,BTM00043,N-Oxidation of alicyclic tertiary amine,BTMR1099,"CYP1A2
CYP2C8
CYP2C19
CYP2D6
CYP3A4",HUMAN,BTM00001,CN1CCN(CC1)CCC=O,"InChI=1S/C8H16N2O/c1-9-4-6-10(7-5-9)3-2-8-11/h8H,2-7H2,1H3",UGPFLPVWZHOEHO-UHFFFAOYSA-N,0.029100000000001132,156.126263132
"InChI=1S/C7H14N2O/c10-7-1-4-9-5-2-8-3-6-9/h7-8H,1-6H2",VDOXWYONXWJDGM-UHFFFAOYSA-N,N1CCN(CC1)CCC=O,,,C7H14N2O,142.110613068,-0.5067999999999985,0,0,0,BTM00044,BTM00044,N-Dealkylation of alicyclic tertiary amine,BTMR1144,"CYP1A2
CYP2A6
CYP2B6
CYP2C8
CYP2C9
CYP2C19
CYP2D6
CYP3A4",HUMAN,BTM00001,CN1CCN(CC1)CCC=O,"InChI=1S/C8H16N2O/c1-9-4-6-10(7-5-9)3-2-8-11/h8H,2-7H2,1H3",UGPFLPVWZHOEHO-UHFFFAOYSA-N,0.029100000000001132,156.126263132
"InChI=1S/C5H12N2/c1-7-4-2-6-3-5-7/h6H,2-5H2,1H3",PVOAHINGSUIXLS-UHFFFAOYSA-N,CN1CCNCC1,,,C5H12N2,100.10004838399999,-0.2585000000000002,0,0,0,BTM00011,BTM00011,N-Dealkylation of alicyclic tertiary amine,BTMR1144,"CYP1A2
CYP2A6
CYP2B6
CYP2C8
CYP2C9
CYP2C19
CYP2D6
CYP3A4",HUMAN,BTM00001,CN1CCN(CC1)CCC=O,"InChI=1S/C8H16N2O/c1-9-4-6-10(7-5-9)3-2-8-11/h8H,2-7H2,1H3",UGPFLPVWZHOEHO-UHFFFAOYSA-N,0.029100000000001132,156.126263132
"InChI=1S/C3H4O2/c4-2-1-3-5/h2-3H,1H2",WSMYVTOQOOLQHP-UHFFFAOYSA-N,C(CC=O)=O,,,C3H4O2,72.021129368,-0.3500000000000001,0,0,0,BTM00045,BTM00045,N-Dealkylation of alicyclic tertiary amine,BTMR1144,"CYP1A2
CYP2A6
CYP2B6
CYP2C8
CYP2C9
CYP2C19
CYP2D6
CYP3A4",HUMAN,BTM00001,CN1CCN(CC1)CCC=O,"InChI=1S/C8H16N2O/c1-9-4-6-10(7-5-9)3-2-8-11/h8H,2-7H2,1H3",UGPFLPVWZHOEHO-UHFFFAOYSA-N,0.029100000000001132,156.126263132
"InChI=1S/C8H16N2O2/c1-9-4-5-10(3-2-6-11)7-8(9)12/h6,8,12H,2-5,7H2,1H3",NTYVYAUYMKKIHY-UHFFFAOYSA-N,CN1C(CN(CC1)CCC=O)O,,,C8H16N2O2,172.121177752,-0.3105999999999992,0,0,0,BTM00046,BTM00046,Hydroxylation of heteroalicyclic secondary carbon,BTMR1070,"CYP1A2
CYP2A6
CYP2C9
CYP2D6
CYP3A4",HUMAN,BTM00001,CN1CCN(CC1)CCC=O,"InChI=1S/C8H16N2O/c1-9-4-6-10(7-5-9)3-2-8-11/h8H,2-7H2,1H3",UGPFLPVWZHOEHO-UHFFFAOYSA-N,0.029100000000001132,156.126263132
"InChI=1S/C8H16N2O2/c1-9-4-5-10(3-2-6-11)8(12)7-9/h6,8,12H,2-5,7H2,1H3",IBYRFGIGCHGHQU-UHFFFAOYSA-N,CN1CC(N(CC1)CCC=O)O,,,C8H16N2O2,172.121177752,-0.3105999999999992,0,0,0,BTM00047,BTM00047,Hydroxylation of heteroalicyclic secondary carbon,BTMR1070,"CYP1A2
CYP2A6
CYP2C9
CYP2D6
CYP3A4",HUMAN,BTM00001,CN1CCN(CC1)CCC=O,"InChI=1S/C8H16N2O/c1-9-4-6-10(7-5-9)3-2-8-11/h8H,2-7H2,1H3",UGPFLPVWZHOEHO-UHFFFAOYSA-N,0.029100000000001132,156.126263132
"InChI=1S/C8H16N2O2/c1-9-2-4-10(5-3-9)6-8(12)7-11/h7-8,12H,2-6H2,1H3",ASAHGKXNNILDEV-UHFFFAOYSA-N,CN1CCN(CC1)CC(C=O)O,,,C8H16N2O2,172.121177752,-0.5163999999999983,0,0,0,BTM00048,BTM00048,alpha-Hydroxylation of carbonyl group,BTMR1054,"CYP1A2
CYP2A6
CYP2B6
CYP2C8
CYP2C9
CYP2C19
CYP2D6
CYP3A4",HUMAN,BTM00001,CN1CCN(CC1)CCC=O,"InChI=1S/C8H16N2O/c1-9-4-6-10(7-5-9)3-2-8-11/h8H,2-7H2,1H3",UGPFLPVWZHOEHO-UHFFFAOYSA-N,0.029100000000001132,156.126263132
"InChI=1S/C8H16N2O2/c1-9-4-5-10(3-2-6-11)7-8(9)12/h6,8,12H,2-5,7H2,1H3",NTYVYAUYMKKIHY-UHFFFAOYSA-N,CN1C(CN(CC1)CCC=O)O,,,C8H16N2O2,172.121177752,-0.3105999999999992,0,0,0,BTM00046,BTM00046,Aliphatic hydroxylation of carbon alpha to secondary or tertiary alkyl-N,BTMR1081,"CYP2B6
CYP2C19
CYP2D6",HUMAN,BTM00001,CN1CCN(CC1)CCC=O,"InChI=1S/C8H16N2O/c1-9-4-6-10(7-5-9)3-2-8-11/h8H,2-7H2,1H3",UGPFLPVWZHOEHO-UHFFFAOYSA-N,0.029100000000001132,156.126263132
"InChI=1S/C8H16N2O2/c1-9-4-5-10(3-2-6-11)8(12)7-9/h6,8,12H,2-5,7H2,1H3",IBYRFGIGCHGHQU-UHFFFAOYSA-N,CN1CC(N(CC1)CCC=O)O,,,C8H16N2O2,172.121177752,-0.3105999999999992,0,0,0,BTM00047,BTM00047,Aliphatic hydroxylation of carbon alpha to secondary or tertiary alkyl-N,BTMR1081,"CYP2B6
CYP2C19
CYP2D6",HUMAN,BTM00001,CN1CCN(CC1)CCC=O,"InChI=1S/C8H16N2O/c1-9-4-6-10(7-5-9)3-2-8-11/h8H,2-7H2,1H3",UGPFLPVWZHOEHO-UHFFFAOYSA-N,0.029100000000001132,156.126263132
"InChI=1S/C8H16N2O2/c1-9-3-5-10(6-4-9)8(12)2-7-11/h7-8,12H,2-6H2,1H3",XDHANWJATGUKSV-UHFFFAOYSA-N,CN1CCN(CC1)C(CC=O)O,,,C8H16N2O2,172.121177752,-0.3105999999999992,0,0,0,BTM00049,BTM00049,Aliphatic hydroxylation of carbon alpha to secondary or tertiary alkyl-N,BTMR1081,"CYP2B6
CYP2C19
CYP2D6",HUMAN,BTM00001,CN1CCN(CC1)CCC=O,"InChI=1S/C8H16N2O/c1-9-4-6-10(7-5-9)3-2-8-11/h8H,2-7H2,1H3",UGPFLPVWZHOEHO-UHFFFAOYSA-N,0.029100000000001132,156.126263132
"InChI=1S/C12H8ClNOS/c13-8-5-6-12-10(7-8)14-9-3-1-2-4-11(9)16(12)15/h1-7,14H",HFIIJPQBZFAIHU-UHFFFAOYSA-N,N1C2=CC=CC=C2S(C3=C1C=C(C=C3)Cl)=O,,,C12H8ClNOS,249.001512556,3.2211000000000007,0,0,0,BTM00050,BTM00050,S-Oxidation of diarylthioether to sulfoxide,BTMR0059,"CYP1A2
CYP2B6
CYP2D6
CYP3A4",HUMAN,BTM00002,N1C2=CC=CC=C2SC3=C1C=C(C=C3)Cl,"InChI=1S/C12H8ClNS/c13-8-5-6-12-10(7-8)14-9-3-1-2-4-11(9)15-12/h1-7,14H",KFZGLJSYQXZIGP-UHFFFAOYSA-N,4.3329,233.006597936
"InChI=1S/C12H8ClNOS/c13-7-1-3-11-9(5-7)14-10-6-8(15)2-4-12(10)16-11/h1-6,14-15H",IVVXEUJFLBKGHN-UHFFFAOYSA-N,N1C2=CC(=CC=C2SC3=C1C=C(C=C3)Cl)O,,,C12H8ClNOS,249.001512556,4.0655,0,0,0,BTM00051,BTM00051,Aromatic hydroxylation of fused benzene ring,BTMR1030,"CYP1A2
CYP2A6
CYP2B6
CYP2C8
CYP2C9
CYP2C19
CYP2D6
CYP2E1
CYP3A4",HUMAN,BTM00002,N1C2=CC=CC=C2SC3=C1C=C(C=C3)Cl,"InChI=1S/C12H8ClNS/c13-8-5-6-12-10(7-8)14-9-3-1-2-4-11(9)15-12/h1-7,14H",KFZGLJSYQXZIGP-UHFFFAOYSA-N,4.3329,233.006597936
"InChI=1S/C12H8ClNOS/c13-7-1-4-11-10(5-7)14-9-3-2-8(15)6-12(9)16-11/h1-6,14-15H",CIAFBHJSFCQEBJ-UHFFFAOYSA-N,N1C2=CC=C(C=C2SC3=C1C=C(C=C3)Cl)O,,,C12H8ClNOS,249.001512556,4.0655,0,0,0,BTM00052,BTM00052,Aromatic hydroxylation of fused benzene ring,BTMR1030,"CYP1A2
CYP2A6
CYP2B6
CYP2C8
CYP2C9
CYP2C19
CYP2D6
CYP2E1
CYP3A4",HUMAN,BTM00002,N1C2=CC=CC=C2SC3=C1C=C(C=C3)Cl,"InChI=1S/C12H8ClNS/c13-8-5-6-12-10(7-8)14-9-3-1-2-4-11(9)15-12/h1-7,14H",KFZGLJSYQXZIGP-UHFFFAOYSA-N,4.3329,233.006597936
"InChI=1S/C12H8ClNOS/c13-7-5-9-12(6-10(7)15)16-11-4-2-1-3-8(11)14-9/h1-6,14-15H",PJNBXGVHMSNERP-UHFFFAOYSA-N,N1C2=CC=CC=C2SC3=C1C=C(C(=C3)O)Cl,,,C12H8ClNOS,249.001512556,4.0655,0,0,0,BTM00053,BTM00053,Aromatic hydroxylation of fused benzene ring,BTMR1030,"CYP1A2
CYP2A6
CYP2B6
CYP2C8
CYP2C9
CYP2C19
CYP2D6
CYP2E1
CYP3A4",HUMAN,BTM00002,N1C2=CC=CC=C2SC3=C1C=C(C=C3)Cl,"InChI=1S/C12H8ClNS/c13-8-5-6-12-10(7-8)14-9-3-1-2-4-11(9)15-12/h1-7,14H",KFZGLJSYQXZIGP-UHFFFAOYSA-N,4.3329,233.006597936
"InChI=1S/C12H8ClNOS/c13-7-5-6-10-11(12(7)15)14-8-3-1-2-4-9(8)16-10/h1-6,14-15H",ZNEHHSXLJXBSQR-UHFFFAOYSA-N,N1C2=CC=CC=C2SC3=C1C(=C(C=C3)Cl)O,,,C12H8ClNOS,249.001512556,4.0655,0,0,0,BTM00054,BTM00054,Hydroxylation of aromatic carbon ortho to halide group,BTMR1040,"CYP1A2
CYP2A6
CYP2B6
CYP2C8
CYP2C9
CYP2C19
CYP2D6
CYP2E1
CYP3A4",HUMAN,BTM00002,N1C2=CC=CC=C2SC3=C1C=C(C=C3)Cl,"InChI=1S/C12H8ClNS/c13-8-5-6-12-10(7-8)14-9-3-1-2-4-11(9)15-12/h1-7,14H",KFZGLJSYQXZIGP-UHFFFAOYSA-N,4.3329,233.006597936
"InChI=1S/C12H8ClNOS/c13-7-5-9-12(6-10(7)15)16-11-4-2-1-3-8(11)14-9/h1-6,14-15H",PJNBXGVHMSNERP-UHFFFAOYSA-N,N1C2=CC=CC=C2SC3=C1C=C(C(=C3)O)Cl,,,C12H8ClNOS,249.001512556,4.0655,0,0,0,BTM00053,BTM00053,Hydroxylation of aromatic carbon ortho to halide group,BTMR1040,"CYP1A2
CYP2A6
CYP2B6
CYP2C8
CYP2C9
CYP2C19
CYP2D6
CYP2E1
CYP3A4",HUMAN,BTM00002,N1C2=CC=CC=C2SC3=C1C=C(C=C3)Cl,"InChI=1S/C12H8ClNS/c13-8-5-6-12-10(7-8)14-9-3-1-2-4-11(9)15-12/h1-7,14H",KFZGLJSYQXZIGP-UHFFFAOYSA-N,4.3329,233.006597936
"InChI=1S/C12H8ClNOS/c13-7-5-9-12(10(15)6-7)16-11-4-2-1-3-8(11)14-9/h1-6,14-15H",WYBOARXJDPYPQK-UHFFFAOYSA-N,N1C2=CC=CC=C2SC3=C1C=C(C=C3O)Cl,,,C12H8ClNOS,249.001512556,4.0655,0,0,0,BTM00055,BTM00055,Hydroxylation of aromatic carbon meta to halide group,BTMR1039,"CYP2A6
CYP2B6
CYP2C9
CYP2C19
CYP2E1
CYP3A4",HUMAN,BTM00002,N1C2=CC=CC=C2SC3=C1C=C(C=C3)Cl,"InChI=1S/C12H8ClNS/c13-8-5-6-12-10(7-8)14-9-3-1-2-4-11(9)15-12/h1-7,14H",KFZGLJSYQXZIGP-UHFFFAOYSA-N,4.3329,233.006597936
"InChI=1S/C8H16N2O2/c1-9-2-4-10(5-3-9)6-8(12)7-11/h7-8,12H,2-6H2,1H3",ASAHGKXNNILDEV-UHFFFAOYSA-N,CN1CCN(CC1)CC(C=O)O,,,C8H16N2O2,172.121177752,-0.5163999999999983,0,0,0,BTM00048,BTM00048,N-Dealkylation of mixed tertiary amine,BTMR1145,"CYP1A2
CYP2A6
CYP2B6
CYP2C8
CYP2C9
CYP2C19
CYP2D6
CYP3A4",HUMAN,BTM00003,CN1CCN(CC1)CC(CN2C3=CC=CC=C3SC4=C2C=C(C=C4)Cl)O,"InChI=1S/C20H24ClN3OS/c1-22-8-10-23(11-9-22)13-16(25)14-24-17-4-2-3-5-19(17)26-20-7-6-15(21)12-18(20)24/h2-7,12,16,25H,8-11,13-14H2,1H3",OFLCTZRNFNMBEE-UHFFFAOYSA-N,4.1241,389.132861068
"InChI=1S/C12H8ClNS/c13-8-5-6-12-10(7-8)14-9-3-1-2-4-11(9)15-12/h1-7,14H",KFZGLJSYQXZIGP-UHFFFAOYSA-N,N1C2=CC=CC=C2SC3=C1C=C(C=C3)Cl,,,C12H8ClNS,233.006597936,4.3329,0,0,0,BTM00002,BTM00002,N-Dealkylation of mixed tertiary amine,BTMR1145,"CYP1A2
CYP2A6
CYP2B6
CYP2C8
CYP2C9
CYP2C19
CYP2D6
CYP3A4",HUMAN,BTM00003,CN1CCN(CC1)CC(CN2C3=CC=CC=C3SC4=C2C=C(C=C4)Cl)O,"InChI=1S/C20H24ClN3OS/c1-22-8-10-23(11-9-22)13-16(25)14-24-17-4-2-3-5-19(17)26-20-7-6-15(21)12-18(20)24/h2-7,12,16,25H,8-11,13-14H2,1H3",OFLCTZRNFNMBEE-UHFFFAOYSA-N,4.1241,389.132861068
"InChI=1S/C20H24ClN3O2S/c1-22-8-10-23(11-9-22)13-16(25)14-24-17-4-2-3-5-19(17)27(26)20-7-6-15(21)12-18(20)24/h2-7,12,16,25H,8-11,13-14H2,1H3",NRFKPHKGALCFAB-UHFFFAOYSA-N,CN1CCN(CC1)CC(CN2C3=CC=CC=C3S(C4=C2C=C(C=C4)Cl)=O)O,,,C20H24ClN3O2S,405.127775688,3.0123,0,0,0,BTM00056,BTM00056,S-Oxidation of diarylthioether to sulfoxide,BTMR0059,"CYP1A2
CYP2B6
CYP2D6
CYP3A4",HUMAN,BTM00003,CN1CCN(CC1)CC(CN2C3=CC=CC=C3SC4=C2C=C(C=C4)Cl)O,"InChI=1S/C20H24ClN3OS/c1-22-8-10-23(11-9-22)13-16(25)14-24-17-4-2-3-5-19(17)26-20-7-6-15(21)12-18(20)24/h2-7,12,16,25H,8-11,13-14H2,1H3",OFLCTZRNFNMBEE-UHFFFAOYSA-N,4.1241,389.132861068
"InChI=1S/C20H22ClN3OS/c1-22-8-10-23(11-9-22)13-16(25)14-24-17-4-2-3-5-19(17)26-20-7-6-15(21)12-18(20)24/h2-7,12H,8-11,13-14H2,1H3",ASENIZQUSHUOLY-UHFFFAOYSA-N,CN1CCN(CC1)CC(CN2C3=CC=CC=C3SC4=C2C=C(C=C4)Cl)=O,,,C20H22ClN3OS,387.117211004,4.3709999999999996,0,0,0,BTM00057,BTM00057,Oxidation of secondary alcohol to ketone,BTMR0079,"CYP1A2
CYP2C9
CYP2C19",HUMAN,BTM00003,CN1CCN(CC1)CC(CN2C3=CC=CC=C3SC4=C2C=C(C=C4)Cl)O,"InChI=1S/C20H24ClN3OS/c1-22-8-10-23(11-9-22)13-16(25)14-24-17-4-2-3-5-19(17)26-20-7-6-15(21)12-18(20)24/h2-7,12,16,25H,8-11,13-14H2,1H3",OFLCTZRNFNMBEE-UHFFFAOYSA-N,4.1241,389.132861068
"InChI=1S/C20H24ClN3O2S/c1-22-6-8-23(9-7-22)12-16(26)13-24-17-10-14(21)2-4-19(17)27-20-5-3-15(25)11-18(20)24/h2-5,10-11,16,25-26H,6-9,12-13H2,1H3",BONJOLQPZWEEFZ-UHFFFAOYSA-N,CN1CCN(CC1)CC(CN2C3=CC(=CC=C3SC4=C2C=C(C=C4)Cl)O)O,,,C20H24ClN3O2S,405.12777568800004,3.856699999999999,0,0,0,BTM00058,BTM00058,Aromatic hydroxylation of fused benzene ring,BTMR1030,"CYP1A2
CYP2A6
CYP2B6
CYP2C8
CYP2C9
CYP2C19
CYP2D6
CYP2E1
CYP3A4",HUMAN,BTM00003,CN1CCN(CC1)CC(CN2C3=CC=CC=C3SC4=C2C=C(C=C4)Cl)O,"InChI=1S/C20H24ClN3OS/c1-22-8-10-23(11-9-22)13-16(25)14-24-17-4-2-3-5-19(17)26-20-7-6-15(21)12-18(20)24/h2-7,12,16,25H,8-11,13-14H2,1H3",OFLCTZRNFNMBEE-UHFFFAOYSA-N,4.1241,389.132861068
"InChI=1S/C20H24ClN3O2S/c1-22-6-8-23(9-7-22)12-16(26)13-24-17-4-3-15(25)11-20(17)27-19-5-2-14(21)10-18(19)24/h2-5,10-11,16,25-26H,6-9,12-13H2,1H3",VSLKHUOMHYKBAR-UHFFFAOYSA-N,CN1CCN(CC1)CC(CN2C3=CC=C(C=C3SC4=C2C=C(C=C4)Cl)O)O,,,C20H24ClN3O2S,405.127775688,3.856699999999999,0,0,0,BTM00059,BTM00059,Aromatic hydroxylation of fused benzene ring,BTMR1030,"CYP1A2
CYP2A6
CYP2B6
CYP2C8
CYP2C9
CYP2C19
CYP2D6
CYP2E1
CYP3A4",HUMAN,BTM00003,CN1CCN(CC1)CC(CN2C3=CC=CC=C3SC4=C2C=C(C=C4)Cl)O,"InChI=1S/C20H24ClN3OS/c1-22-8-10-23(11-9-22)13-16(25)14-24-17-4-2-3-5-19(17)26-20-7-6-15(21)12-18(20)24/h2-7,12,16,25H,8-11,13-14H2,1H3",OFLCTZRNFNMBEE-UHFFFAOYSA-N,4.1241,389.132861068
"InChI=1S/C20H24ClN3O2S/c1-22-6-8-23(9-7-22)12-14(25)13-24-16-4-2-3-5-19(16)27-20-11-18(26)15(21)10-17(20)24/h2-5,10-11,14,25-26H,6-9,12-13H2,1H3",JBBCRZUONVPJCD-UHFFFAOYSA-N,CN1CCN(CC1)CC(CN2C3=CC=CC=C3SC4=C2C=C(C(=C4)O)Cl)O,,,C20H24ClN3O2S,405.127775688,3.856699999999999,0,0,0,BTM00060,BTM00060,Aromatic hydroxylation of fused benzene ring,BTMR1030,"CYP1A2
CYP2A6
CYP2B6
CYP2C8
CYP2C9
CYP2C19
CYP2D6
CYP2E1
CYP3A4",HUMAN,BTM00003,CN1CCN(CC1)CC(CN2C3=CC=CC=C3SC4=C2C=C(C=C4)Cl)O,"InChI=1S/C20H24ClN3OS/c1-22-8-10-23(11-9-22)13-16(25)14-24-17-4-2-3-5-19(17)26-20-7-6-15(21)12-18(20)24/h2-7,12,16,25H,8-11,13-14H2,1H3",OFLCTZRNFNMBEE-UHFFFAOYSA-N,4.1241,389.132861068
"InChI=1S/C20H24ClN3O2S/c1-22-8-10-24(26,11-9-22)14-16(25)13-23-17-4-2-3-5-19(17)27-20-7-6-15(21)12-18(20)23/h2-7,12,16,25H,8-11,13-14H2,1H3",CDTOEWHDNPDRCS-UHFFFAOYSA-N,CN1CC[N+](CC1)(CC(CN2C3=CC=CC=C3SC4=C2C=C(C=C4)Cl)O)[O-],,,C20H24ClN3O2S,405.127775688,3.7190000000000003,0,0,0,BTM00061,BTM00061,N-Oxidation of alicyclic tertiary amine,BTMR1099,"CYP1A2
CYP2C8
CYP2C19
CYP2D6
CYP3A4",HUMAN,BTM00003,CN1CCN(CC1)CC(CN2C3=CC=CC=C3SC4=C2C=C(C=C4)Cl)O,"InChI=1S/C20H24ClN3OS/c1-22-8-10-23(11-9-22)13-16(25)14-24-17-4-2-3-5-19(17)26-20-7-6-15(21)12-18(20)24/h2-7,12,16,25H,8-11,13-14H2,1H3",OFLCTZRNFNMBEE-UHFFFAOYSA-N,4.1241,389.132861068
"InChI=1S/C20H24ClN3O2S/c1-24(26)10-8-22(9-11-24)13-16(25)14-23-17-4-2-3-5-19(17)27-20-7-6-15(21)12-18(20)23/h2-7,12,16,25H,8-11,13-14H2,1H3",PIHRXWWHEHBUAV-UHFFFAOYSA-N,C[N+]1(CCN(CC1)CC(CN2C3=CC=CC=C3SC4=C2C=C(C=C4)Cl)O)[O-],,,C20H24ClN3O2S,405.12777568800004,3.7190000000000003,0,0,0,BTM00062,BTM00062,N-Oxidation of alicyclic tertiary amine,BTMR1099,"CYP1A2
CYP2C8
CYP2C19
CYP2D6
CYP3A4",HUMAN,BTM00003,CN1CCN(CC1)CC(CN2C3=CC=CC=C3SC4=C2C=C(C=C4)Cl)O,"InChI=1S/C20H24ClN3OS/c1-22-8-10-23(11-9-22)13-16(25)14-24-17-4-2-3-5-19(17)26-20-7-6-15(21)12-18(20)24/h2-7,12,16,25H,8-11,13-14H2,1H3",OFLCTZRNFNMBEE-UHFFFAOYSA-N,4.1241,389.132861068
"InChI=1S/C19H22ClN3OS/c20-14-5-6-19-17(11-14)23(16-3-1-2-4-18(16)25-19)13-15(24)12-22-9-7-21-8-10-22/h1-6,11,15,21,24H,7-10,12-13H2",BPRMTLZDIANOEF-UHFFFAOYSA-N,N1CCN(CC1)CC(CN2C3=CC=CC=C3SC4=C2C=C(C=C4)Cl)O,,,C19H22ClN3OS,375.11721100399996,3.5882000000000005,0,0,0,BTM00063,BTM00063,N-Dealkylation of alicyclic tertiary amine,BTMR1144,"CYP1A2
CYP2A6
CYP2B6
CYP2C8
CYP2C9
CYP2C19
CYP2D6
CYP3A4",HUMAN,BTM00003,CN1CCN(CC1)CC(CN2C3=CC=CC=C3SC4=C2C=C(C=C4)Cl)O,"InChI=1S/C20H24ClN3OS/c1-22-8-10-23(11-9-22)13-16(25)14-24-17-4-2-3-5-19(17)26-20-7-6-15(21)12-18(20)24/h2-7,12,16,25H,8-11,13-14H2,1H3",OFLCTZRNFNMBEE-UHFFFAOYSA-N,4.1241,389.132861068
"InChI=1S/C5H12N2/c1-7-4-2-6-3-5-7/h6H,2-5H2,1H3",PVOAHINGSUIXLS-UHFFFAOYSA-N,CN1CCNCC1,,,C5H12N2,100.10004838399999,-0.2585000000000002,0,0,0,BTM00011,BTM00011,N-Dealkylation of alicyclic tertiary amine,BTMR1144,"CYP1A2
CYP2A6
CYP2B6
CYP2C8
CYP2C9
CYP2C19
CYP2D6
CYP3A4",HUMAN,BTM00003,CN1CCN(CC1)CC(CN2C3=CC=CC=C3SC4=C2C=C(C=C4)Cl)O,"InChI=1S/C20H24ClN3OS/c1-22-8-10-23(11-9-22)13-16(25)14-24-17-4-2-3-5-19(17)26-20-7-6-15(21)12-18(20)24/h2-7,12,16,25H,8-11,13-14H2,1H3",OFLCTZRNFNMBEE-UHFFFAOYSA-N,4.1241,389.132861068
"InChI=1S/C15H12ClNO2S/c16-10-5-6-15-13(7-10)17(8-11(19)9-18)12-3-1-2-4-14(12)20-15/h1-7,9,11,19H,8H2",JXGDXORPZNDMHY-UHFFFAOYSA-N,C(C(CN1C2=CC=CC=C2SC3=C1C=C(C=C3)Cl)O)=O,,,C15H12ClNO2S,305.027727304,3.744999999999999,0,0,0,BTM00064,BTM00064,N-Dealkylation of alicyclic tertiary amine,BTMR1144,"CYP1A2
CYP2A6
CYP2B6
CYP2C8
CYP2C9
CYP2C19
CYP2D6
CYP3A4",HUMAN,BTM00003,CN1CCN(CC1)CC(CN2C3=CC=CC=C3SC4=C2C=C(C=C4)Cl)O,"InChI=1S/C20H24ClN3OS/c1-22-8-10-23(11-9-22)13-16(25)14-24-17-4-2-3-5-19(17)26-20-7-6-15(21)12-18(20)24/h2-7,12,16,25H,8-11,13-14H2,1H3",OFLCTZRNFNMBEE-UHFFFAOYSA-N,4.1241,389.132861068
"InChI=1S/C20H24ClN3O2S/c1-22-8-9-23(13-20(22)26)11-15(25)12-24-16-4-2-3-5-18(16)27-19-7-6-14(21)10-17(19)24/h2-7,10,15,20,25-26H,8-9,11-13H2,1H3",DTDVCESFCPTVNW-UHFFFAOYSA-N,CN1C(CN(CC1)CC(CN2C3=CC=CC=C3SC4=C2C=C(C=C4)Cl)O)O,,,C20H24ClN3O2S,405.127775688,3.7844000000000007,0,0,0,BTM00065,BTM00065,Hydroxylation of heteroalicyclic secondary carbon,BTMR1070,"CYP1A2
CYP2A6
CYP2C9
CYP2D6
CYP3A4",HUMAN,BTM00003,CN1CCN(CC1)CC(CN2C3=CC=CC=C3SC4=C2C=C(C=C4)Cl)O,"InChI=1S/C20H24ClN3OS/c1-22-8-10-23(11-9-22)13-16(25)14-24-17-4-2-3-5-19(17)26-20-7-6-15(21)12-18(20)24/h2-7,12,16,25H,8-11,13-14H2,1H3",OFLCTZRNFNMBEE-UHFFFAOYSA-N,4.1241,389.132861068
"InChI=1S/C20H24ClN3O2S/c1-22-8-9-23(20(26)13-22)11-15(25)12-24-16-4-2-3-5-18(16)27-19-7-6-14(21)10-17(19)24/h2-7,10,15,20,25-26H,8-9,11-13H2,1H3",XTSYOPVWLCYMHV-UHFFFAOYSA-N,CN1CC(N(CC1)CC(CN2C3=CC=CC=C3SC4=C2C=C(C=C4)Cl)O)O,,,C20H24ClN3O2S,405.12777568800004,3.7844000000000007,0,0,0,BTM00066,BTM00066,Hydroxylation of heteroalicyclic secondary carbon,BTMR1070,"CYP1A2
CYP2A6
CYP2C9
CYP2D6
CYP3A4",HUMAN,BTM00003,CN1CCN(CC1)CC(CN2C3=CC=CC=C3SC4=C2C=C(C=C4)Cl)O,"InChI=1S/C20H24ClN3OS/c1-22-8-10-23(11-9-22)13-16(25)14-24-17-4-2-3-5-19(17)26-20-7-6-15(21)12-18(20)24/h2-7,12,16,25H,8-11,13-14H2,1H3",OFLCTZRNFNMBEE-UHFFFAOYSA-N,4.1241,389.132861068
"InChI=1S/C20H24ClN3O2S/c1-22-8-10-23(11-9-22)12-14(25)13-24-16-4-2-3-5-17(16)27-18-7-6-15(21)20(26)19(18)24/h2-7,14,25-26H,8-13H2,1H3",YSHUXOXYNVPQKT-UHFFFAOYSA-N,CN1CCN(CC1)CC(CN2C3=CC=CC=C3SC4=C2C(=C(C=C4)Cl)O)O,,,C20H24ClN3O2S,405.127775688,3.856699999999999,0,0,0,BTM00067,BTM00067,Hydroxylation of aromatic carbon ortho to halide group,BTMR1040,"CYP1A2
CYP2A6
CYP2B6
CYP2C8
CYP2C9
CYP2C19
CYP2D6
CYP2E1
CYP3A4",HUMAN,BTM00003,CN1CCN(CC1)CC(CN2C3=CC=CC=C3SC4=C2C=C(C=C4)Cl)O,"InChI=1S/C20H24ClN3OS/c1-22-8-10-23(11-9-22)13-16(25)14-24-17-4-2-3-5-19(17)26-20-7-6-15(21)12-18(20)24/h2-7,12,16,25H,8-11,13-14H2,1H3",OFLCTZRNFNMBEE-UHFFFAOYSA-N,4.1241,389.132861068
"InChI=1S/C20H24ClN3O2S/c1-22-6-8-23(9-7-22)12-14(25)13-24-16-4-2-3-5-19(16)27-20-11-18(26)15(21)10-17(20)24/h2-5,10-11,14,25-26H,6-9,12-13H2,1H3",JBBCRZUONVPJCD-UHFFFAOYSA-N,CN1CCN(CC1)CC(CN2C3=CC=CC=C3SC4=C2C=C(C(=C4)O)Cl)O,,,C20H24ClN3O2S,405.127775688,3.856699999999999,0,0,0,BTM00060,BTM00060,Hydroxylation of aromatic carbon ortho to halide group,BTMR1040,"CYP1A2
CYP2A6
CYP2B6
CYP2C8
CYP2C9
CYP2C19
CYP2D6
CYP2E1
CYP3A4",HUMAN,BTM00003,CN1CCN(CC1)CC(CN2C3=CC=CC=C3SC4=C2C=C(C=C4)Cl)O,"InChI=1S/C20H24ClN3OS/c1-22-8-10-23(11-9-22)13-16(25)14-24-17-4-2-3-5-19(17)26-20-7-6-15(21)12-18(20)24/h2-7,12,16,25H,8-11,13-14H2,1H3",OFLCTZRNFNMBEE-UHFFFAOYSA-N,4.1241,389.132861068
"InChI=1S/C20H24ClN3O2S/c1-22-6-8-23(9-7-22)12-15(25)13-24-16-4-2-3-5-19(16)27-20-17(24)10-14(21)11-18(20)26/h2-5,10-11,15,25-26H,6-9,12-13H2,1H3",VCCANNYAPPCDLF-UHFFFAOYSA-N,CN1CCN(CC1)CC(CN2C3=CC=CC=C3SC4=C2C=C(C=C4O)Cl)O,,,C20H24ClN3O2S,405.12777568800004,3.856699999999999,0,0,0,BTM00068,BTM00068,Hydroxylation of aromatic carbon meta to halide group,BTMR1039,"CYP2A6
CYP2B6
CYP2C9
CYP2C19
CYP2E1
CYP3A4",HUMAN,BTM00003,CN1CCN(CC1)CC(CN2C3=CC=CC=C3SC4=C2C=C(C=C4)Cl)O,"InChI=1S/C20H24ClN3OS/c1-22-8-10-23(11-9-22)13-16(25)14-24-17-4-2-3-5-19(17)26-20-7-6-15(21)12-18(20)24/h2-7,12,16,25H,8-11,13-14H2,1H3",OFLCTZRNFNMBEE-UHFFFAOYSA-N,4.1241,389.132861068
"InChI=1S/C20H24ClN3O2S/c1-22-8-9-23(13-20(22)26)11-15(25)12-24-16-4-2-3-5-18(16)27-19-7-6-14(21)10-17(19)24/h2-7,10,15,20,25-26H,8-9,11-13H2,1H3",DTDVCESFCPTVNW-UHFFFAOYSA-N,CN1C(CN(CC1)CC(CN2C3=CC=CC=C3SC4=C2C=C(C=C4)Cl)O)O,,,C20H24ClN3O2S,405.127775688,3.7844000000000007,0,0,0,BTM00065,BTM00065,Aliphatic hydroxylation of carbon alpha to secondary or tertiary alkyl-N,BTMR1081,"CYP2B6
CYP2C19
CYP2D6",HUMAN,BTM00003,CN1CCN(CC1)CC(CN2C3=CC=CC=C3SC4=C2C=C(C=C4)Cl)O,"InChI=1S/C20H24ClN3OS/c1-22-8-10-23(11-9-22)13-16(25)14-24-17-4-2-3-5-19(17)26-20-7-6-15(21)12-18(20)24/h2-7,12,16,25H,8-11,13-14H2,1H3",OFLCTZRNFNMBEE-UHFFFAOYSA-N,4.1241,389.132861068
"InChI=1S/C20H24ClN3O2S/c1-22-8-9-23(20(26)13-22)11-15(25)12-24-16-4-2-3-5-18(16)27-19-7-6-14(21)10-17(19)24/h2-7,10,15,20,25-26H,8-9,11-13H2,1H3",XTSYOPVWLCYMHV-UHFFFAOYSA-N,CN1CC(N(CC1)CC(CN2C3=CC=CC=C3SC4=C2C=C(C=C4)Cl)O)O,,,C20H24ClN3O2S,405.12777568800004,3.7844000000000007,0,0,0,BTM00066,BTM00066,Aliphatic hydroxylation of carbon alpha to secondary or tertiary alkyl-N,BTMR1081,"CYP2B6
CYP2C19
CYP2D6",HUMAN,BTM00003,CN1CCN(CC1)CC(CN2C3=CC=CC=C3SC4=C2C=C(C=C4)Cl)O,"InChI=1S/C20H24ClN3OS/c1-22-8-10-23(11-9-22)13-16(25)14-24-17-4-2-3-5-19(17)26-20-7-6-15(21)12-18(20)24/h2-7,12,16,25H,8-11,13-14H2,1H3",OFLCTZRNFNMBEE-UHFFFAOYSA-N,4.1241,389.132861068
"InChI=1S/C20H24ClN3O2S/c1-22-8-10-23(11-9-22)20(26)17(25)13-24-15-4-2-3-5-18(15)27-19-7-6-14(21)12-16(19)24/h2-7,12,17,20,25-26H,8-11,13H2,1H3",KVTALDVYJHDNCJ-UHFFFAOYSA-N,CN1CCN(CC1)C(C(CN2C3=CC=CC=C3SC4=C2C=C(C=C4)Cl)O)O,,,C20H24ClN3O2S,405.127775688,3.7844000000000007,0,0,0,BTM00069,BTM00069,Aliphatic hydroxylation of carbon alpha to secondary or tertiary alkyl-N,BTMR1081,"CYP2B6
CYP2C19
CYP2D6",HUMAN,BTM00003,CN1CCN(CC1)CC(CN2C3=CC=CC=C3SC4=C2C=C(C=C4)Cl)O,"InChI=1S/C20H24ClN3OS/c1-22-8-10-23(11-9-22)13-16(25)14-24-17-4-2-3-5-19(17)26-20-7-6-15(21)12-18(20)24/h2-7,12,16,25H,8-11,13-14H2,1H3",OFLCTZRNFNMBEE-UHFFFAOYSA-N,4.1241,389.132861068
"InChI=1S/C20H24ClN3O2S/c1-22-8-10-23(11-9-22)13-17(25)20(26)24-15-4-2-3-5-18(15)27-19-7-6-14(21)12-16(19)24/h2-7,12,17,20,25-26H,8-11,13H2,1H3",HVZOFCUHNHNLEX-UHFFFAOYSA-N,CN1CCN(CC1)CC(C(N2C3=CC=CC=C3SC4=C2C=C(C=C4)Cl)O)O,,,C20H24ClN3O2S,405.12777568800004,3.7844000000000007,0,0,0,BTM00070,BTM00070,Aliphatic hydroxylation of carbon alpha to secondary or tertiary alkyl-N,BTMR1081,"CYP2B6
CYP2C19
CYP2D6",HUMAN,BTM00003,CN1CCN(CC1)CC(CN2C3=CC=CC=C3SC4=C2C=C(C=C4)Cl)O,"InChI=1S/C20H24ClN3OS/c1-22-8-10-23(11-9-22)13-16(25)14-24-17-4-2-3-5-19(17)26-20-7-6-15(21)12-18(20)24/h2-7,12,16,25H,8-11,13-14H2,1H3",OFLCTZRNFNMBEE-UHFFFAOYSA-N,4.1241,389.132861068
"InChI=1S/C8H16N2O/c1-9-4-6-10(7-5-9)3-2-8-11/h8H,2-7H2,1H3",UGPFLPVWZHOEHO-UHFFFAOYSA-N,CN1CCN(CC1)CCC=O,,,C8H16N2O,156.126263132,0.029100000000001132,0,0,0,BTM00001,BTM00001,N-Dealkylation of mixed tertiary amine,BTMR1145,"CYP1A2
CYP2A6
CYP2B6
CYP2C8
CYP2C9
CYP2C19
CYP2D6
CYP3A4",HUMAN,BTM00004,CN1CCN(CC1)CCCN2C3=CC=CC=C3S(C4=C2C=C(C=C4)Cl)=O,"InChI=1S/C20H24ClN3OS/c1-22-11-13-23(14-12-22)9-4-10-24-17-5-2-3-6-19(17)26(25)20-8-7-16(21)15-18(20)24/h2-3,5-8,15H,4,9-14H2,1H3",AZGYHFQQUZPAFZ-UHFFFAOYSA-N,3.5854000000000013,389.132861068
"InChI=1S/C12H8ClNOS/c13-8-5-6-12-10(7-8)14-9-3-1-2-4-11(9)16(12)15/h1-7,14H",HFIIJPQBZFAIHU-UHFFFAOYSA-N,N1C2=CC=CC=C2S(C3=C1C=C(C=C3)Cl)=O,,,C12H8ClNOS,249.001512556,3.2211000000000007,0,0,0,BTM00050,BTM00050,N-Dealkylation of mixed tertiary amine,BTMR1145,"CYP1A2
CYP2A6
CYP2B6
CYP2C8
CYP2C9
CYP2C19
CYP2D6
CYP3A4",HUMAN,BTM00004,CN1CCN(CC1)CCCN2C3=CC=CC=C3S(C4=C2C=C(C=C4)Cl)=O,"InChI=1S/C20H24ClN3OS/c1-22-11-13-23(14-12-22)9-4-10-24-17-5-2-3-6-19(17)26(25)20-8-7-16(21)15-18(20)24/h2-3,5-8,15H,4,9-14H2,1H3",AZGYHFQQUZPAFZ-UHFFFAOYSA-N,3.5854000000000013,389.132861068
"InChI=1S/C20H24ClN3O2S/c1-22-8-10-23(11-9-22)13-16(25)14-24-17-4-2-3-5-19(17)27(26)20-7-6-15(21)12-18(20)24/h2-7,12,16,25H,8-11,13-14H2,1H3",NRFKPHKGALCFAB-UHFFFAOYSA-N,CN1CCN(CC1)CC(CN2C3=CC=CC=C3S(C4=C2C=C(C=C4)Cl)=O)O,,,C20H24ClN3O2S,405.127775688,3.0123,0,0,0,BTM00056,BTM00056,Hydroxylation of acyclic aliphatic secondary carbon,BTMR1063,"CYP1A2
CYP2A6
CYP2B6
CYP2C9
CYP2E1
CYP3A4",HUMAN,BTM00004,CN1CCN(CC1)CCCN2C3=CC=CC=C3S(C4=C2C=C(C=C4)Cl)=O,"InChI=1S/C20H24ClN3OS/c1-22-11-13-23(14-12-22)9-4-10-24-17-5-2-3-6-19(17)26(25)20-8-7-16(21)15-18(20)24/h2-3,5-8,15H,4,9-14H2,1H3",AZGYHFQQUZPAFZ-UHFFFAOYSA-N,3.5854000000000013,389.132861068
"InChI=1S/C20H24ClN3O2S/c1-22-9-11-23(12-10-22)7-2-8-24-17-13-15(21)3-5-19(17)27(26)20-6-4-16(25)14-18(20)24/h3-6,13-14,25H,2,7-12H2,1H3",ZKJWIVUBZIZZCT-UHFFFAOYSA-N,CN1CCN(CC1)CCCN2C3=CC(=CC=C3S(C4=C2C=C(C=C4)Cl)=O)O,,,C20H24ClN3O2S,405.127775688,3.318,0,0,0,BTM00071,BTM00071,Aromatic hydroxylation of fused benzene ring,BTMR1030,"CYP1A2
CYP2A6
CYP2B6
CYP2C8
CYP2C9
CYP2C19
CYP2D6
CYP2E1
CYP3A4",HUMAN,BTM00004,CN1CCN(CC1)CCCN2C3=CC=CC=C3S(C4=C2C=C(C=C4)Cl)=O,"InChI=1S/C20H24ClN3OS/c1-22-11-13-23(14-12-22)9-4-10-24-17-5-2-3-6-19(17)26(25)20-8-7-16(21)15-18(20)24/h2-3,5-8,15H,4,9-14H2,1H3",AZGYHFQQUZPAFZ-UHFFFAOYSA-N,3.5854000000000013,389.132861068
"InChI=1S/C20H24ClN3O2S/c1-22-9-11-23(12-10-22)7-2-8-24-17-5-4-16(25)14-20(17)27(26)19-6-3-15(21)13-18(19)24/h3-6,13-14,25H,2,7-12H2,1H3",GNANVESEVNVNST-UHFFFAOYSA-N,CN1CCN(CC1)CCCN2C3=CC=C(C=C3S(C4=C2C=C(C=C4)Cl)=O)O,,,C20H24ClN3O2S,405.12777568800004,3.318,0,0,0,BTM00072,BTM00072,Aromatic hydroxylation of fused benzene ring,BTMR1030,"CYP1A2
CYP2A6
CYP2B6
CYP2C8
CYP2C9
CYP2C19
CYP2D6
CYP2E1
CYP3A4",HUMAN,BTM00004,CN1CCN(CC1)CCCN2C3=CC=CC=C3S(C4=C2C=C(C=C4)Cl)=O,"InChI=1S/C20H24ClN3OS/c1-22-11-13-23(14-12-22)9-4-10-24-17-5-2-3-6-19(17)26(25)20-8-7-16(21)15-18(20)24/h2-3,5-8,15H,4,9-14H2,1H3",AZGYHFQQUZPAFZ-UHFFFAOYSA-N,3.5854000000000013,389.132861068
"InChI=1S/C20H24ClN3O2S/c1-22-9-11-23(12-10-22)7-4-8-24-16-5-2-3-6-19(16)27(26)20-14-18(25)15(21)13-17(20)24/h2-3,5-6,13-14,25H,4,7-12H2,1H3",BJLZKRFAKJPIPT-UHFFFAOYSA-N,CN1CCN(CC1)CCCN2C3=CC=CC=C3S(C4=C2C=C(C(=C4)O)Cl)=O,,,C20H24ClN3O2S,405.12777568800004,3.318,0,0,0,BTM00073,BTM00073,Aromatic hydroxylation of fused benzene ring,BTMR1030,"CYP1A2
CYP2A6
CYP2B6
CYP2C8
CYP2C9
CYP2C19
CYP2D6
CYP2E1
CYP3A4",HUMAN,BTM00004,CN1CCN(CC1)CCCN2C3=CC=CC=C3S(C4=C2C=C(C=C4)Cl)=O,"InChI=1S/C20H24ClN3OS/c1-22-11-13-23(14-12-22)9-4-10-24-17-5-2-3-6-19(17)26(25)20-8-7-16(21)15-18(20)24/h2-3,5-8,15H,4,9-14H2,1H3",AZGYHFQQUZPAFZ-UHFFFAOYSA-N,3.5854000000000013,389.132861068
"InChI=1S/C20H24ClN3O2S/c1-22-10-13-24(25,14-11-22)12-4-9-23-17-5-2-3-6-19(17)27(26)20-8-7-16(21)15-18(20)23/h2-3,5-8,15H,4,9-14H2,1H3",MEVSWKCSWXRSJV-UHFFFAOYSA-N,CN1CC[N+](CC1)(CCCN2C3=CC=CC=C3S(C4=C2C=C(C=C4)Cl)=O)[O-],,,C20H24ClN3O2S,405.127775688,3.1803000000000003,0,0,0,BTM00074,BTM00074,N-Oxidation of alicyclic tertiary amine,BTMR1099,"CYP1A2
CYP2C8
CYP2C19
CYP2D6
CYP3A4",HUMAN,BTM00004,CN1CCN(CC1)CCCN2C3=CC=CC=C3S(C4=C2C=C(C=C4)Cl)=O,"InChI=1S/C20H24ClN3OS/c1-22-11-13-23(14-12-22)9-4-10-24-17-5-2-3-6-19(17)26(25)20-8-7-16(21)15-18(20)24/h2-3,5-8,15H,4,9-14H2,1H3",AZGYHFQQUZPAFZ-UHFFFAOYSA-N,3.5854000000000013,389.132861068
"InChI=1S/C20H24ClN3O2S/c1-24(25)13-11-22(12-14-24)9-4-10-23-17-5-2-3-6-19(17)27(26)20-8-7-16(21)15-18(20)23/h2-3,5-8,15H,4,9-14H2,1H3",QOBHEEKSQZNSKF-UHFFFAOYSA-N,C[N+]1(CCN(CC1)CCCN2C3=CC=CC=C3S(C4=C2C=C(C=C4)Cl)=O)[O-],,,C20H24ClN3O2S,405.12777568800004,3.1803000000000003,0,0,0,BTM00075,BTM00075,N-Oxidation of alicyclic tertiary amine,BTMR1099,"CYP1A2
CYP2C8
CYP2C19
CYP2D6
CYP3A4",HUMAN,BTM00004,CN1CCN(CC1)CCCN2C3=CC=CC=C3S(C4=C2C=C(C=C4)Cl)=O,"InChI=1S/C20H24ClN3OS/c1-22-11-13-23(14-12-22)9-4-10-24-17-5-2-3-6-19(17)26(25)20-8-7-16(21)15-18(20)24/h2-3,5-8,15H,4,9-14H2,1H3",AZGYHFQQUZPAFZ-UHFFFAOYSA-N,3.5854000000000013,389.132861068
"InChI=1S/C19H22ClN3OS/c20-15-6-7-19-17(14-15)23(11-3-10-22-12-8-21-9-13-22)16-4-1-2-5-18(16)25(19)24/h1-2,4-7,14,21H,3,8-13H2",NDIRMUAXVRCAMF-UHFFFAOYSA-N,N1CCN(CC1)CCCN2C3=CC=CC=C3S(C4=C2C=C(C=C4)Cl)=O,,,C19H22ClN3OS,375.117211004,3.0494999999999997,0,0,0,BTM00076,BTM00076,N-Dealkylation of alicyclic tertiary amine,BTMR1144,"CYP1A2
CYP2A6
CYP2B6
CYP2C8
CYP2C9
CYP2C19
CYP2D6
CYP3A4",HUMAN,BTM00004,CN1CCN(CC1)CCCN2C3=CC=CC=C3S(C4=C2C=C(C=C4)Cl)=O,"InChI=1S/C20H24ClN3OS/c1-22-11-13-23(14-12-22)9-4-10-24-17-5-2-3-6-19(17)26(25)20-8-7-16(21)15-18(20)24/h2-3,5-8,15H,4,9-14H2,1H3",AZGYHFQQUZPAFZ-UHFFFAOYSA-N,3.5854000000000013,389.132861068
"InChI=1S/C5H12N2/c1-7-4-2-6-3-5-7/h6H,2-5H2,1H3",PVOAHINGSUIXLS-UHFFFAOYSA-N,CN1CCNCC1,,,C5H12N2,100.10004838399999,-0.2585000000000002,0,0,0,BTM00011,BTM00011,N-Dealkylation of alicyclic tertiary amine,BTMR1144,"CYP1A2
CYP2A6
CYP2B6
CYP2C8
CYP2C9
CYP2C19
CYP2D6
CYP3A4",HUMAN,BTM00004,CN1CCN(CC1)CCCN2C3=CC=CC=C3S(C4=C2C=C(C=C4)Cl)=O,"InChI=1S/C20H24ClN3OS/c1-22-11-13-23(14-12-22)9-4-10-24-17-5-2-3-6-19(17)26(25)20-8-7-16(21)15-18(20)24/h2-3,5-8,15H,4,9-14H2,1H3",AZGYHFQQUZPAFZ-UHFFFAOYSA-N,3.5854000000000013,389.132861068
"InChI=1S/C15H12ClNO2S/c16-11-6-7-15-13(10-11)17(8-3-9-18)12-4-1-2-5-14(12)20(15)19/h1-2,4-7,9-10H,3,8H2",WTNWDUUXBZPUDX-UHFFFAOYSA-N,C(CCN1C2=CC=CC=C2S(C3=C1C=C(C=C3)Cl)=O)=O,,,C15H12ClNO2S,305.027727304,3.1786999999999987,0,0,0,BTM00077,BTM00077,N-Dealkylation of alicyclic tertiary amine,BTMR1144,"CYP1A2
CYP2A6
CYP2B6
CYP2C8
CYP2C9
CYP2C19
CYP2D6
CYP3A4",HUMAN,BTM00004,CN1CCN(CC1)CCCN2C3=CC=CC=C3S(C4=C2C=C(C=C4)Cl)=O,"InChI=1S/C20H24ClN3OS/c1-22-11-13-23(14-12-22)9-4-10-24-17-5-2-3-6-19(17)26(25)20-8-7-16(21)15-18(20)24/h2-3,5-8,15H,4,9-14H2,1H3",AZGYHFQQUZPAFZ-UHFFFAOYSA-N,3.5854000000000013,389.132861068
"InChI=1S/C20H24ClN3O2S/c1-22-11-12-23(14-20(22)25)9-4-10-24-16-5-2-3-6-18(16)27(26)19-8-7-15(21)13-17(19)24/h2-3,5-8,13,20,25H,4,9-12,14H2,1H3",MTMMFRUOKPZXHI-UHFFFAOYSA-N,CN1C(CN(CC1)CCCN2C3=CC=CC=C3S(C4=C2C=C(C=C4)Cl)=O)O,,,C20H24ClN3O2S,405.12777568800004,3.2457000000000016,0,0,0,BTM00078,BTM00078,Hydroxylation of heteroalicyclic secondary carbon,BTMR1070,"CYP1A2
CYP2A6
CYP2C9
CYP2D6
CYP3A4",HUMAN,BTM00004,CN1CCN(CC1)CCCN2C3=CC=CC=C3S(C4=C2C=C(C=C4)Cl)=O,"InChI=1S/C20H24ClN3OS/c1-22-11-13-23(14-12-22)9-4-10-24-17-5-2-3-6-19(17)26(25)20-8-7-16(21)15-18(20)24/h2-3,5-8,15H,4,9-14H2,1H3",AZGYHFQQUZPAFZ-UHFFFAOYSA-N,3.5854000000000013,389.132861068
"InChI=1S/C20H24ClN3O2S/c1-22-11-12-23(20(25)14-22)9-4-10-24-16-5-2-3-6-18(16)27(26)19-8-7-15(21)13-17(19)24/h2-3,5-8,13,20,25H,4,9-12,14H2,1H3",BLDBVBRDUIIWMB-UHFFFAOYSA-N,CN1CC(N(CC1)CCCN2C3=CC=CC=C3S(C4=C2C=C(C=C4)Cl)=O)O,,,C20H24ClN3O2S,405.127775688,3.2457000000000016,0,0,0,BTM00079,BTM00079,Hydroxylation of heteroalicyclic secondary carbon,BTMR1070,"CYP1A2
CYP2A6
CYP2C9
CYP2D6
CYP3A4",HUMAN,BTM00004,CN1CCN(CC1)CCCN2C3=CC=CC=C3S(C4=C2C=C(C=C4)Cl)=O,"InChI=1S/C20H24ClN3OS/c1-22-11-13-23(14-12-22)9-4-10-24-17-5-2-3-6-19(17)26(25)20-8-7-16(21)15-18(20)24/h2-3,5-8,15H,4,9-14H2,1H3",AZGYHFQQUZPAFZ-UHFFFAOYSA-N,3.5854000000000013,389.132861068
"InChI=1S/C20H24ClN3O2S/c1-22-11-13-23(14-12-22)9-4-10-24-16-5-2-3-6-17(16)27(26)18-8-7-15(21)20(25)19(18)24/h2-3,5-8,25H,4,9-14H2,1H3",ZLTLUSQBQFBBGH-UHFFFAOYSA-N,CN1CCN(CC1)CCCN2C3=CC=CC=C3S(C4=C2C(=C(C=C4)Cl)O)=O,,,C20H24ClN3O2S,405.12777568800004,3.318,0,0,0,BTM00080,BTM00080,Hydroxylation of aromatic carbon ortho to halide group,BTMR1040,"CYP1A2
CYP2A6
CYP2B6
CYP2C8
CYP2C9
CYP2C19
CYP2D6
CYP2E1
CYP3A4",HUMAN,BTM00004,CN1CCN(CC1)CCCN2C3=CC=CC=C3S(C4=C2C=C(C=C4)Cl)=O,"InChI=1S/C20H24ClN3OS/c1-22-11-13-23(14-12-22)9-4-10-24-17-5-2-3-6-19(17)26(25)20-8-7-16(21)15-18(20)24/h2-3,5-8,15H,4,9-14H2,1H3",AZGYHFQQUZPAFZ-UHFFFAOYSA-N,3.5854000000000013,389.132861068
"InChI=1S/C20H24ClN3O2S/c1-22-9-11-23(12-10-22)7-4-8-24-16-5-2-3-6-19(16)27(26)20-14-18(25)15(21)13-17(20)24/h2-3,5-6,13-14,25H,4,7-12H2,1H3",BJLZKRFAKJPIPT-UHFFFAOYSA-N,CN1CCN(CC1)CCCN2C3=CC=CC=C3S(C4=C2C=C(C(=C4)O)Cl)=O,,,C20H24ClN3O2S,405.12777568800004,3.318,0,0,0,BTM00073,BTM00073,Hydroxylation of aromatic carbon ortho to halide group,BTMR1040,"CYP1A2
CYP2A6
CYP2B6
CYP2C8
CYP2C9
CYP2C19
CYP2D6
CYP2E1
CYP3A4",HUMAN,BTM00004,CN1CCN(CC1)CCCN2C3=CC=CC=C3S(C4=C2C=C(C=C4)Cl)=O,"InChI=1S/C20H24ClN3OS/c1-22-11-13-23(14-12-22)9-4-10-24-17-5-2-3-6-19(17)26(25)20-8-7-16(21)15-18(20)24/h2-3,5-8,15H,4,9-14H2,1H3",AZGYHFQQUZPAFZ-UHFFFAOYSA-N,3.5854000000000013,389.132861068
"InChI=1S/C20H24ClN3O2S/c1-22-9-11-23(12-10-22)7-4-8-24-16-5-2-3-6-19(16)27(26)20-17(24)13-15(21)14-18(20)25/h2-3,5-6,13-14,25H,4,7-12H2,1H3",ADMORSCEGJOCNZ-UHFFFAOYSA-N,CN1CCN(CC1)CCCN2C3=CC=CC=C3S(C4=C2C=C(C=C4O)Cl)=O,,,C20H24ClN3O2S,405.12777568800004,3.318,0,0,0,BTM00081,BTM00081,Hydroxylation of aromatic carbon meta to halide group,BTMR1039,"CYP2A6
CYP2B6
CYP2C9
CYP2C19
CYP2E1
CYP3A4",HUMAN,BTM00004,CN1CCN(CC1)CCCN2C3=CC=CC=C3S(C4=C2C=C(C=C4)Cl)=O,"InChI=1S/C20H24ClN3OS/c1-22-11-13-23(14-12-22)9-4-10-24-17-5-2-3-6-19(17)26(25)20-8-7-16(21)15-18(20)24/h2-3,5-8,15H,4,9-14H2,1H3",AZGYHFQQUZPAFZ-UHFFFAOYSA-N,3.5854000000000013,389.132861068
"InChI=1S/C20H24ClN3O2S/c1-22-11-12-23(14-20(22)25)9-4-10-24-16-5-2-3-6-18(16)27(26)19-8-7-15(21)13-17(19)24/h2-3,5-8,13,20,25H,4,9-12,14H2,1H3",MTMMFRUOKPZXHI-UHFFFAOYSA-N,CN1C(CN(CC1)CCCN2C3=CC=CC=C3S(C4=C2C=C(C=C4)Cl)=O)O,,,C20H24ClN3O2S,405.12777568800004,3.2457000000000016,0,0,0,BTM00078,BTM00078,Aliphatic hydroxylation of carbon alpha to secondary or tertiary alkyl-N,BTMR1081,"CYP2B6
CYP2C19
CYP2D6",HUMAN,BTM00004,CN1CCN(CC1)CCCN2C3=CC=CC=C3S(C4=C2C=C(C=C4)Cl)=O,"InChI=1S/C20H24ClN3OS/c1-22-11-13-23(14-12-22)9-4-10-24-17-5-2-3-6-19(17)26(25)20-8-7-16(21)15-18(20)24/h2-3,5-8,15H,4,9-14H2,1H3",AZGYHFQQUZPAFZ-UHFFFAOYSA-N,3.5854000000000013,389.132861068
"InChI=1S/C20H24ClN3O2S/c1-22-11-12-23(20(25)14-22)9-4-10-24-16-5-2-3-6-18(16)27(26)19-8-7-15(21)13-17(19)24/h2-3,5-8,13,20,25H,4,9-12,14H2,1H3",BLDBVBRDUIIWMB-UHFFFAOYSA-N,CN1CC(N(CC1)CCCN2C3=CC=CC=C3S(C4=C2C=C(C=C4)Cl)=O)O,,,C20H24ClN3O2S,405.127775688,3.2457000000000016,0,0,0,BTM00079,BTM00079,Aliphatic hydroxylation of carbon alpha to secondary or tertiary alkyl-N,BTMR1081,"CYP2B6
CYP2C19
CYP2D6",HUMAN,BTM00004,CN1CCN(CC1)CCCN2C3=CC=CC=C3S(C4=C2C=C(C=C4)Cl)=O,"InChI=1S/C20H24ClN3OS/c1-22-11-13-23(14-12-22)9-4-10-24-17-5-2-3-6-19(17)26(25)20-8-7-16(21)15-18(20)24/h2-3,5-8,15H,4,9-14H2,1H3",AZGYHFQQUZPAFZ-UHFFFAOYSA-N,3.5854000000000013,389.132861068
"InChI=1S/C20H24ClN3O2S/c1-22-10-12-23(13-11-22)20(25)8-9-24-16-4-2-3-5-18(16)27(26)19-7-6-15(21)14-17(19)24/h2-7,14,20,25H,8-13H2,1H3",OJFHSUPLQVQRAO-UHFFFAOYSA-N,CN1CCN(CC1)C(CCN2C3=CC=CC=C3S(C4=C2C=C(C=C4)Cl)=O)O,,,C20H24ClN3O2S,405.12777568800004,3.4389000000000016,0,0,0,BTM00082,BTM00082,Aliphatic hydroxylation of carbon alpha to secondary or tertiary alkyl-N,BTMR1081,"CYP2B6
CYP2C19
CYP2D6",HUMAN,BTM00004,CN1CCN(CC1)CCCN2C3=CC=CC=C3S(C4=C2C=C(C=C4)Cl)=O,"InChI=1S/C20H24ClN3OS/c1-22-11-13-23(14-12-22)9-4-10-24-17-5-2-3-6-19(17)26(25)20-8-7-16(21)15-18(20)24/h2-3,5-8,15H,4,9-14H2,1H3",AZGYHFQQUZPAFZ-UHFFFAOYSA-N,3.5854000000000013,389.132861068
"InChI=1S/C20H24ClN3O2S/c1-22-10-12-23(13-11-22)9-8-20(25)24-16-4-2-3-5-18(16)27(26)19-7-6-15(21)14-17(19)24/h2-7,14,20,25H,8-13H2,1H3",YLOMLDSEOVXROU-UHFFFAOYSA-N,CN1CCN(CC1)CCC(N2C3=CC=CC=C3S(C4=C2C=C(C=C4)Cl)=O)O,,,C20H24ClN3O2S,405.12777568800004,3.4389000000000016,0,0,0,BTM00083,BTM00083,Aliphatic hydroxylation of carbon alpha to secondary or tertiary alkyl-N,BTMR1081,"CYP2B6
CYP2C19
CYP2D6",HUMAN,BTM00004,CN1CCN(CC1)CCCN2C3=CC=CC=C3S(C4=C2C=C(C=C4)Cl)=O,"InChI=1S/C20H24ClN3OS/c1-22-11-13-23(14-12-22)9-4-10-24-17-5-2-3-6-19(17)26(25)20-8-7-16(21)15-18(20)24/h2-3,5-8,15H,4,9-14H2,1H3",AZGYHFQQUZPAFZ-UHFFFAOYSA-N,3.5854000000000013,389.132861068
"InChI=1S/C20H24ClN3O2S/c1-22-11-13-23(14-12-22)9-4-10-24-17-5-2-3-6-19(17)27(25,26)20-8-7-16(21)15-18(20)24/h2-3,5-8,15H,4,9-14H2,1H3",PCHXNFMZHDHKCX-UHFFFAOYSA-N,CN1CCN(CC1)CCCN2C3=CC=CC=C3S(C4=C2C=C(C=C4)Cl)(=O)=O,,,C20H24ClN3O2S,405.127775688,3.6814000000000004,0,0,0,BTM00084,BTM00084,S-Oxidation of sulfoxide to sulfone,BTMR0060,"CYP2C9
CYP3A4",HUMAN,BTM00004,CN1CCN(CC1)CCCN2C3=CC=CC=C3S(C4=C2C=C(C=C4)Cl)=O,"InChI=1S/C20H24ClN3OS/c1-22-11-13-23(14-12-22)9-4-10-24-17-5-2-3-6-19(17)26(25)20-8-7-16(21)15-18(20)24/h2-3,5-8,15H,4,9-14H2,1H3",AZGYHFQQUZPAFZ-UHFFFAOYSA-N,3.5854000000000013,389.132861068
"InChI=1S/C8H16N2O/c1-9-4-6-10(7-5-9)3-2-8-11/h8H,2-7H2,1H3",UGPFLPVWZHOEHO-UHFFFAOYSA-N,CN1CCN(CC1)CCC=O,,,C8H16N2O,156.126263132,0.029100000000001132,0,0,0,BTM00001,BTM00001,N-Dealkylation of mixed tertiary amine,BTMR1145,"CYP1A2
CYP2A6
CYP2B6
CYP2C8
CYP2C9
CYP2C19
CYP2D6
CYP3A4",HUMAN,BTM00005,CN1CCN(CC1)CCCN2C3=CC(=CC=C3SC4=C2C=C(C=C4)Cl)O,"InChI=1S/C20H24ClN3OS/c1-22-9-11-23(12-10-22)7-2-8-24-17-13-15(21)3-5-19(17)26-20-6-4-16(25)14-18(20)24/h3-6,13-14,25H,2,7-12H2,1H3",YKALSODMDPYKBX-UHFFFAOYSA-N,4.4298,389.132861068
"InChI=1S/C12H8ClNOS/c13-7-1-3-11-9(5-7)14-10-6-8(15)2-4-12(10)16-11/h1-6,14-15H",IVVXEUJFLBKGHN-UHFFFAOYSA-N,N1C2=CC(=CC=C2SC3=C1C=C(C=C3)Cl)O,,,C12H8ClNOS,249.001512556,4.0655,0,0,0,BTM00051,BTM00051,N-Dealkylation of mixed tertiary amine,BTMR1145,"CYP1A2
CYP2A6
CYP2B6
CYP2C8
CYP2C9
CYP2C19
CYP2D6
CYP3A4",HUMAN,BTM00005,CN1CCN(CC1)CCCN2C3=CC(=CC=C3SC4=C2C=C(C=C4)Cl)O,"InChI=1S/C20H24ClN3OS/c1-22-9-11-23(12-10-22)7-2-8-24-17-13-15(21)3-5-19(17)26-20-6-4-16(25)14-18(20)24/h3-6,13-14,25H,2,7-12H2,1H3",YKALSODMDPYKBX-UHFFFAOYSA-N,4.4298,389.132861068
"InChI=1S/C20H24ClN3O2S/c1-22-6-8-23(9-7-22)12-16(26)13-24-17-10-14(21)2-4-19(17)27-20-5-3-15(25)11-18(20)24/h2-5,10-11,16,25-26H,6-9,12-13H2,1H3",BONJOLQPZWEEFZ-UHFFFAOYSA-N,CN1CCN(CC1)CC(CN2C3=CC(=CC=C3SC4=C2C=C(C=C4)Cl)O)O,,,C20H24ClN3O2S,405.12777568800004,3.856699999999999,0,0,0,BTM00058,BTM00058,Hydroxylation of acyclic aliphatic secondary carbon,BTMR1063,"CYP1A2
CYP2A6
CYP2B6
CYP2C9
CYP2E1
CYP3A4",HUMAN,BTM00005,CN1CCN(CC1)CCCN2C3=CC(=CC=C3SC4=C2C=C(C=C4)Cl)O,"InChI=1S/C20H24ClN3OS/c1-22-9-11-23(12-10-22)7-2-8-24-17-13-15(21)3-5-19(17)26-20-6-4-16(25)14-18(20)24/h3-6,13-14,25H,2,7-12H2,1H3",YKALSODMDPYKBX-UHFFFAOYSA-N,4.4298,389.132861068
"InChI=1S/C20H24ClN3O2S/c1-22-9-11-23(12-10-22)7-2-8-24-17-13-15(21)3-5-19(17)27(26)20-6-4-16(25)14-18(20)24/h3-6,13-14,25H,2,7-12H2,1H3",ZKJWIVUBZIZZCT-UHFFFAOYSA-N,CN1CCN(CC1)CCCN2C3=CC(=CC=C3S(C4=C2C=C(C=C4)Cl)=O)O,,,C20H24ClN3O2S,405.127775688,3.318,0,0,0,BTM00071,BTM00071,S-Oxidation of diarylthioether to sulfoxide,BTMR0059,"CYP1A2
CYP2B6
CYP2D6
CYP3A4",HUMAN,BTM00005,CN1CCN(CC1)CCCN2C3=CC(=CC=C3SC4=C2C=C(C=C4)Cl)O,"InChI=1S/C20H24ClN3OS/c1-22-9-11-23(12-10-22)7-2-8-24-17-13-15(21)3-5-19(17)26-20-6-4-16(25)14-18(20)24/h3-6,13-14,25H,2,7-12H2,1H3",YKALSODMDPYKBX-UHFFFAOYSA-N,4.4298,389.132861068
"InChI=1S/C20H24ClN3O2S/c1-22-7-9-23(10-8-22)5-2-6-24-15-11-14(21)3-4-19(15)27-20-13-18(26)17(25)12-16(20)24/h3-4,11-13,25-26H,2,5-10H2,1H3",MBMWRLLUSUADCB-UHFFFAOYSA-N,CN1CCN(CC1)CCCN2C3=CC(=C(C=C3SC4=C2C=C(C=C4)Cl)O)O,,,C20H24ClN3O2S,405.12777568800004,4.162400000000001,0,0,0,BTM00085,BTM00085,Aromatic hydroxylation of fused benzene ring,BTMR1030,"CYP1A2
CYP2A6
CYP2B6
CYP2C8
CYP2C9
CYP2C19
CYP2D6
CYP2E1
CYP3A4",HUMAN,BTM00005,CN1CCN(CC1)CCCN2C3=CC(=CC=C3SC4=C2C=C(C=C4)Cl)O,"InChI=1S/C20H24ClN3OS/c1-22-9-11-23(12-10-22)7-2-8-24-17-13-15(21)3-5-19(17)26-20-6-4-16(25)14-18(20)24/h3-6,13-14,25H,2,7-12H2,1H3",YKALSODMDPYKBX-UHFFFAOYSA-N,4.4298,389.132861068
"InChI=1S/C20H24ClN3O2S/c1-22-7-9-23(10-8-22)5-2-6-24-16-11-14(25)3-4-19(16)27-20-13-18(26)15(21)12-17(20)24/h3-4,11-13,25-26H,2,5-10H2,1H3",JFAJDVJJUFAZGP-UHFFFAOYSA-N,CN1CCN(CC1)CCCN2C3=CC(=CC=C3SC4=C2C=C(C(=C4)O)Cl)O,,,C20H24ClN3O2S,405.12777568800004,4.162400000000001,0,0,0,BTM00086,BTM00086,Aromatic hydroxylation of fused benzene ring,BTMR1030,"CYP1A2
CYP2A6
CYP2B6
CYP2C8
CYP2C9
CYP2C19
CYP2D6
CYP2E1
CYP3A4",HUMAN,BTM00005,CN1CCN(CC1)CCCN2C3=CC(=CC=C3SC4=C2C=C(C=C4)Cl)O,"InChI=1S/C20H24ClN3OS/c1-22-9-11-23(12-10-22)7-2-8-24-17-13-15(21)3-5-19(17)26-20-6-4-16(25)14-18(20)24/h3-6,13-14,25H,2,7-12H2,1H3",YKALSODMDPYKBX-UHFFFAOYSA-N,4.4298,389.132861068
"InChI=1S/C20H24ClN3O2S/c1-22-8-11-24(26,12-9-22)10-2-7-23-17-13-15(21)3-5-19(17)27-20-6-4-16(25)14-18(20)23/h3-6,13-14,25H,2,7-12H2,1H3",MOVPAWRCUGKSIQ-UHFFFAOYSA-N,CN1CC[N+](CC1)(CCCN2C3=CC(=CC=C3SC4=C2C=C(C=C4)Cl)O)[O-],,,C20H24ClN3O2S,405.127775688,4.024699999999999,0,0,0,BTM00087,BTM00087,N-Oxidation of alicyclic tertiary amine,BTMR1099,"CYP1A2
CYP2C8
CYP2C19
CYP2D6
CYP3A4",HUMAN,BTM00005,CN1CCN(CC1)CCCN2C3=CC(=CC=C3SC4=C2C=C(C=C4)Cl)O,"InChI=1S/C20H24ClN3OS/c1-22-9-11-23(12-10-22)7-2-8-24-17-13-15(21)3-5-19(17)26-20-6-4-16(25)14-18(20)24/h3-6,13-14,25H,2,7-12H2,1H3",YKALSODMDPYKBX-UHFFFAOYSA-N,4.4298,389.132861068
"InChI=1S/C20H24ClN3O2S/c1-24(26)11-9-22(10-12-24)7-2-8-23-17-13-15(21)3-5-19(17)27-20-6-4-16(25)14-18(20)23/h3-6,13-14,25H,2,7-12H2,1H3",WJVUTQSKWJLBKJ-UHFFFAOYSA-N,C[N+]1(CCN(CC1)CCCN2C3=CC(=CC=C3SC4=C2C=C(C=C4)Cl)O)[O-],,,C20H24ClN3O2S,405.127775688,4.024699999999999,0,0,0,BTM00088,BTM00088,N-Oxidation of alicyclic tertiary amine,BTMR1099,"CYP1A2
CYP2C8
CYP2C19
CYP2D6
CYP3A4",HUMAN,BTM00005,CN1CCN(CC1)CCCN2C3=CC(=CC=C3SC4=C2C=C(C=C4)Cl)O,"InChI=1S/C20H24ClN3OS/c1-22-9-11-23(12-10-22)7-2-8-24-17-13-15(21)3-5-19(17)26-20-6-4-16(25)14-18(20)24/h3-6,13-14,25H,2,7-12H2,1H3",YKALSODMDPYKBX-UHFFFAOYSA-N,4.4298,389.132861068
"InChI=1S/C19H22ClN3OS/c20-14-2-4-18-16(12-14)23(9-1-8-22-10-6-21-7-11-22)17-13-15(24)3-5-19(17)25-18/h2-5,12-13,21,24H,1,6-11H2",HMRRQWVEQLIFJI-UHFFFAOYSA-N,N1CCN(CC1)CCCN2C3=CC(=CC=C3SC4=C2C=C(C=C4)Cl)O,,,C19H22ClN3OS,375.117211004,3.8938999999999995,0,0,0,BTM00089,BTM00089,N-Dealkylation of alicyclic tertiary amine,BTMR1144,"CYP1A2
CYP2A6
CYP2B6
CYP2C8
CYP2C9
CYP2C19
CYP2D6
CYP3A4",HUMAN,BTM00005,CN1CCN(CC1)CCCN2C3=CC(=CC=C3SC4=C2C=C(C=C4)Cl)O,"InChI=1S/C20H24ClN3OS/c1-22-9-11-23(12-10-22)7-2-8-24-17-13-15(21)3-5-19(17)26-20-6-4-16(25)14-18(20)24/h3-6,13-14,25H,2,7-12H2,1H3",YKALSODMDPYKBX-UHFFFAOYSA-N,4.4298,389.132861068
"InChI=1S/C5H12N2/c1-7-4-2-6-3-5-7/h6H,2-5H2,1H3",PVOAHINGSUIXLS-UHFFFAOYSA-N,CN1CCNCC1,,,C5H12N2,100.10004838399999,-0.2585000000000002,0,0,0,BTM00011,BTM00011,N-Dealkylation of alicyclic tertiary amine,BTMR1144,"CYP1A2
CYP2A6
CYP2B6
CYP2C8
CYP2C9
CYP2C19
CYP2D6
CYP3A4",HUMAN,BTM00005,CN1CCN(CC1)CCCN2C3=CC(=CC=C3SC4=C2C=C(C=C4)Cl)O,"InChI=1S/C20H24ClN3OS/c1-22-9-11-23(12-10-22)7-2-8-24-17-13-15(21)3-5-19(17)26-20-6-4-16(25)14-18(20)24/h3-6,13-14,25H,2,7-12H2,1H3",YKALSODMDPYKBX-UHFFFAOYSA-N,4.4298,389.132861068
"InChI=1S/C15H12ClNO2S/c16-10-2-4-14-12(8-10)17(6-1-7-18)13-9-11(19)3-5-15(13)20-14/h2-5,7-9,19H,1,6H2",DGBIURSSFXCQEM-UHFFFAOYSA-N,C(CCN1C2=CC(=CC=C2SC3=C1C=C(C=C3)Cl)O)=O,,,C15H12ClNO2S,305.027727304,4.0231,0,0,0,BTM00090,BTM00090,N-Dealkylation of alicyclic tertiary amine,BTMR1144,"CYP1A2
CYP2A6
CYP2B6
CYP2C8
CYP2C9
CYP2C19
CYP2D6
CYP3A4",HUMAN,BTM00005,CN1CCN(CC1)CCCN2C3=CC(=CC=C3SC4=C2C=C(C=C4)Cl)O,"InChI=1S/C20H24ClN3OS/c1-22-9-11-23(12-10-22)7-2-8-24-17-13-15(21)3-5-19(17)26-20-6-4-16(25)14-18(20)24/h3-6,13-14,25H,2,7-12H2,1H3",YKALSODMDPYKBX-UHFFFAOYSA-N,4.4298,389.132861068
"InChI=1S/C20H24ClN3O2S/c1-22-9-10-23(13-20(22)26)7-2-8-24-16-11-14(21)3-5-18(16)27-19-6-4-15(25)12-17(19)24/h3-6,11-12,20,25-26H,2,7-10,13H2,1H3",ROAOGUGUBYHFGK-UHFFFAOYSA-N,CN1C(CN(CC1)CCCN2C3=CC(=CC=C3SC4=C2C=C(C=C4)Cl)O)O,,,C20H24ClN3O2S,405.127775688,4.0901000000000005,0,0,0,BTM00091,BTM00091,Hydroxylation of heteroalicyclic secondary carbon,BTMR1070,"CYP1A2
CYP2A6
CYP2C9
CYP2D6
CYP3A4",HUMAN,BTM00005,CN1CCN(CC1)CCCN2C3=CC(=CC=C3SC4=C2C=C(C=C4)Cl)O,"InChI=1S/C20H24ClN3OS/c1-22-9-11-23(12-10-22)7-2-8-24-17-13-15(21)3-5-19(17)26-20-6-4-16(25)14-18(20)24/h3-6,13-14,25H,2,7-12H2,1H3",YKALSODMDPYKBX-UHFFFAOYSA-N,4.4298,389.132861068
"InChI=1S/C20H24ClN3O2S/c1-22-9-10-23(20(26)13-22)7-2-8-24-16-11-14(21)3-5-18(16)27-19-6-4-15(25)12-17(19)24/h3-6,11-12,20,25-26H,2,7-10,13H2,1H3",LZRMLPWIKCKZDY-UHFFFAOYSA-N,CN1CC(N(CC1)CCCN2C3=CC(=CC=C3SC4=C2C=C(C=C4)Cl)O)O,,,C20H24ClN3O2S,405.127775688,4.0901000000000005,0,0,0,BTM00092,BTM00092,Hydroxylation of heteroalicyclic secondary carbon,BTMR1070,"CYP1A2
CYP2A6
CYP2C9
CYP2D6
CYP3A4",HUMAN,BTM00005,CN1CCN(CC1)CCCN2C3=CC(=CC=C3SC4=C2C=C(C=C4)Cl)O,"InChI=1S/C20H24ClN3OS/c1-22-9-11-23(12-10-22)7-2-8-24-17-13-15(21)3-5-19(17)26-20-6-4-16(25)14-18(20)24/h3-6,13-14,25H,2,7-12H2,1H3",YKALSODMDPYKBX-UHFFFAOYSA-N,4.4298,389.132861068
"InChI=1S/C20H24ClN3O2S/c1-22-9-11-23(12-10-22)7-2-8-24-16-13-14(25)3-5-17(16)27-18-6-4-15(21)20(26)19(18)24/h3-6,13,25-26H,2,7-12H2,1H3",PAHPZYRWVWXPSR-UHFFFAOYSA-N,CN1CCN(CC1)CCCN2C3=CC(=CC=C3SC4=C2C(=C(C=C4)Cl)O)O,,,C20H24ClN3O2S,405.12777568800004,4.162400000000001,0,0,0,BTM00093,BTM00093,Hydroxylation of aromatic carbon ortho to halide group,BTMR1040,"CYP1A2
CYP2A6
CYP2B6
CYP2C8
CYP2C9
CYP2C19
CYP2D6
CYP2E1
CYP3A4",HUMAN,BTM00005,CN1CCN(CC1)CCCN2C3=CC(=CC=C3SC4=C2C=C(C=C4)Cl)O,"InChI=1S/C20H24ClN3OS/c1-22-9-11-23(12-10-22)7-2-8-24-17-13-15(21)3-5-19(17)26-20-6-4-16(25)14-18(20)24/h3-6,13-14,25H,2,7-12H2,1H3",YKALSODMDPYKBX-UHFFFAOYSA-N,4.4298,389.132861068
"InChI=1S/C20H24ClN3O2S/c1-22-7-9-23(10-8-22)5-2-6-24-16-11-14(25)3-4-19(16)27-20-13-18(26)15(21)12-17(20)24/h3-4,11-13,25-26H,2,5-10H2,1H3",JFAJDVJJUFAZGP-UHFFFAOYSA-N,CN1CCN(CC1)CCCN2C3=CC(=CC=C3SC4=C2C=C(C(=C4)O)Cl)O,,,C20H24ClN3O2S,405.12777568800004,4.162400000000001,0,0,0,BTM00086,BTM00086,Hydroxylation of aromatic carbon ortho to halide group,BTMR1040,"CYP1A2
CYP2A6
CYP2B6
CYP2C8
CYP2C9
CYP2C19
CYP2D6
CYP2E1
CYP3A4",HUMAN,BTM00005,CN1CCN(CC1)CCCN2C3=CC(=CC=C3SC4=C2C=C(C=C4)Cl)O,"InChI=1S/C20H24ClN3OS/c1-22-9-11-23(12-10-22)7-2-8-24-17-13-15(21)3-5-19(17)26-20-6-4-16(25)14-18(20)24/h3-6,13-14,25H,2,7-12H2,1H3",YKALSODMDPYKBX-UHFFFAOYSA-N,4.4298,389.132861068
"InChI=1S/C20H24ClN3O2S/c1-22-7-9-23(10-8-22)5-2-6-24-16-13-15(25)3-4-19(16)27-20-17(24)11-14(21)12-18(20)26/h3-4,11-13,25-26H,2,5-10H2,1H3",ZZMSXPXRDWTRGH-UHFFFAOYSA-N,CN1CCN(CC1)CCCN2C3=CC(=CC=C3SC4=C2C=C(C=C4O)Cl)O,,,C20H24ClN3O2S,405.12777568800004,4.162400000000001,0,0,0,BTM00094,BTM00094,Hydroxylation of aromatic carbon meta to halide group,BTMR1039,"CYP2A6
CYP2B6
CYP2C9
CYP2C19
CYP2E1
CYP3A4",HUMAN,BTM00005,CN1CCN(CC1)CCCN2C3=CC(=CC=C3SC4=C2C=C(C=C4)Cl)O,"InChI=1S/C20H24ClN3OS/c1-22-9-11-23(12-10-22)7-2-8-24-17-13-15(21)3-5-19(17)26-20-6-4-16(25)14-18(20)24/h3-6,13-14,25H,2,7-12H2,1H3",YKALSODMDPYKBX-UHFFFAOYSA-N,4.4298,389.132861068
"InChI=1S/C20H24ClN3O2S/c1-22-9-10-23(13-20(22)26)7-2-8-24-16-11-14(21)3-5-18(16)27-19-6-4-15(25)12-17(19)24/h3-6,11-12,20,25-26H,2,7-10,13H2,1H3",ROAOGUGUBYHFGK-UHFFFAOYSA-N,CN1C(CN(CC1)CCCN2C3=CC(=CC=C3SC4=C2C=C(C=C4)Cl)O)O,,,C20H24ClN3O2S,405.127775688,4.0901000000000005,0,0,0,BTM00091,BTM00091,Aliphatic hydroxylation of carbon alpha to secondary or tertiary alkyl-N,BTMR1081,"CYP2B6
CYP2C19
CYP2D6",HUMAN,BTM00005,CN1CCN(CC1)CCCN2C3=CC(=CC=C3SC4=C2C=C(C=C4)Cl)O,"InChI=1S/C20H24ClN3OS/c1-22-9-11-23(12-10-22)7-2-8-24-17-13-15(21)3-5-19(17)26-20-6-4-16(25)14-18(20)24/h3-6,13-14,25H,2,7-12H2,1H3",YKALSODMDPYKBX-UHFFFAOYSA-N,4.4298,389.132861068
"InChI=1S/C20H24ClN3O2S/c1-22-9-10-23(20(26)13-22)7-2-8-24-16-11-14(21)3-5-18(16)27-19-6-4-15(25)12-17(19)24/h3-6,11-12,20,25-26H,2,7-10,13H2,1H3",LZRMLPWIKCKZDY-UHFFFAOYSA-N,CN1CC(N(CC1)CCCN2C3=CC(=CC=C3SC4=C2C=C(C=C4)Cl)O)O,,,C20H24ClN3O2S,405.127775688,4.0901000000000005,0,0,0,BTM00092,BTM00092,Aliphatic hydroxylation of carbon alpha to secondary or tertiary alkyl-N,BTMR1081,"CYP2B6
CYP2C19
CYP2D6",HUMAN,BTM00005,CN1CCN(CC1)CCCN2C3=CC(=CC=C3SC4=C2C=C(C=C4)Cl)O,"InChI=1S/C20H24ClN3OS/c1-22-9-11-23(12-10-22)7-2-8-24-17-13-15(21)3-5-19(17)26-20-6-4-16(25)14-18(20)24/h3-6,13-14,25H,2,7-12H2,1H3",YKALSODMDPYKBX-UHFFFAOYSA-N,4.4298,389.132861068
"InChI=1S/C20H24ClN3O2S/c1-22-8-10-23(11-9-22)20(26)6-7-24-16-12-14(21)2-4-18(16)27-19-5-3-15(25)13-17(19)24/h2-5,12-13,20,25-26H,6-11H2,1H3",DMRNPRAQYLEIGC-UHFFFAOYSA-N,CN1CCN(CC1)C(CCN2C3=CC(=CC=C3SC4=C2C=C(C=C4)Cl)O)O,,,C20H24ClN3O2S,405.127775688,4.2833000000000006,0,0,0,BTM00095,BTM00095,Aliphatic hydroxylation of carbon alpha to secondary or tertiary alkyl-N,BTMR1081,"CYP2B6
CYP2C19
CYP2D6",HUMAN,BTM00005,CN1CCN(CC1)CCCN2C3=CC(=CC=C3SC4=C2C=C(C=C4)Cl)O,"InChI=1S/C20H24ClN3OS/c1-22-9-11-23(12-10-22)7-2-8-24-17-13-15(21)3-5-19(17)26-20-6-4-16(25)14-18(20)24/h3-6,13-14,25H,2,7-12H2,1H3",YKALSODMDPYKBX-UHFFFAOYSA-N,4.4298,389.132861068
"InChI=1S/C20H24ClN3O2S/c1-22-8-10-23(11-9-22)7-6-20(26)24-16-12-14(21)2-4-18(16)27-19-5-3-15(25)13-17(19)24/h2-5,12-13,20,25-26H,6-11H2,1H3",OJRIWXUKERLKEJ-UHFFFAOYSA-N,CN1CCN(CC1)CCC(N2C3=CC(=CC=C3SC4=C2C=C(C=C4)Cl)O)O,,,C20H24ClN3O2S,405.12777568800004,4.2833000000000006,0,0,0,BTM00096,BTM00096,Aliphatic hydroxylation of carbon alpha to secondary or tertiary alkyl-N,BTMR1081,"CYP2B6
CYP2C19
CYP2D6",HUMAN,BTM00005,CN1CCN(CC1)CCCN2C3=CC(=CC=C3SC4=C2C=C(C=C4)Cl)O,"InChI=1S/C20H24ClN3OS/c1-22-9-11-23(12-10-22)7-2-8-24-17-13-15(21)3-5-19(17)26-20-6-4-16(25)14-18(20)24/h3-6,13-14,25H,2,7-12H2,1H3",YKALSODMDPYKBX-UHFFFAOYSA-N,4.4298,389.132861068
"InChI=1S/C8H16N2O/c1-9-4-6-10(7-5-9)3-2-8-11/h8H,2-7H2,1H3",UGPFLPVWZHOEHO-UHFFFAOYSA-N,CN1CCN(CC1)CCC=O,,,C8H16N2O,156.126263132,0.029100000000001132,0,0,0,BTM00001,BTM00001,N-Dealkylation of mixed tertiary amine,BTMR1145,"CYP1A2
CYP2A6
CYP2B6
CYP2C8
CYP2C9
CYP2C19
CYP2D6
CYP3A4",HUMAN,BTM00006,CN1CCN(CC1)CCCN2C3=CC=C(C=C3SC4=C2C=C(C=C4)Cl)O,"InChI=1S/C20H24ClN3OS/c1-22-9-11-23(12-10-22)7-2-8-24-17-5-4-16(25)14-20(17)26-19-6-3-15(21)13-18(19)24/h3-6,13-14,25H,2,7-12H2,1H3",BRUHMTGXYBUCRP-UHFFFAOYSA-N,4.4298,389.132861068
"InChI=1S/C12H8ClNOS/c13-7-1-4-11-10(5-7)14-9-3-2-8(15)6-12(9)16-11/h1-6,14-15H",CIAFBHJSFCQEBJ-UHFFFAOYSA-N,N1C2=CC=C(C=C2SC3=C1C=C(C=C3)Cl)O,,,C12H8ClNOS,249.001512556,4.0655,0,0,0,BTM00052,BTM00052,N-Dealkylation of mixed tertiary amine,BTMR1145,"CYP1A2
CYP2A6
CYP2B6
CYP2C8
CYP2C9
CYP2C19
CYP2D6
CYP3A4",HUMAN,BTM00006,CN1CCN(CC1)CCCN2C3=CC=C(C=C3SC4=C2C=C(C=C4)Cl)O,"InChI=1S/C20H24ClN3OS/c1-22-9-11-23(12-10-22)7-2-8-24-17-5-4-16(25)14-20(17)26-19-6-3-15(21)13-18(19)24/h3-6,13-14,25H,2,7-12H2,1H3",BRUHMTGXYBUCRP-UHFFFAOYSA-N,4.4298,389.132861068
"InChI=1S/C20H24ClN3O2S/c1-22-6-8-23(9-7-22)12-16(26)13-24-17-4-3-15(25)11-20(17)27-19-5-2-14(21)10-18(19)24/h2-5,10-11,16,25-26H,6-9,12-13H2,1H3",VSLKHUOMHYKBAR-UHFFFAOYSA-N,CN1CCN(CC1)CC(CN2C3=CC=C(C=C3SC4=C2C=C(C=C4)Cl)O)O,,,C20H24ClN3O2S,405.127775688,3.856699999999999,0,0,0,BTM00059,BTM00059,Hydroxylation of acyclic aliphatic secondary carbon,BTMR1063,"CYP1A2
CYP2A6
CYP2B6
CYP2C9
CYP2E1
CYP3A4",HUMAN,BTM00006,CN1CCN(CC1)CCCN2C3=CC=C(C=C3SC4=C2C=C(C=C4)Cl)O,"InChI=1S/C20H24ClN3OS/c1-22-9-11-23(12-10-22)7-2-8-24-17-5-4-16(25)14-20(17)26-19-6-3-15(21)13-18(19)24/h3-6,13-14,25H,2,7-12H2,1H3",BRUHMTGXYBUCRP-UHFFFAOYSA-N,4.4298,389.132861068
"InChI=1S/C20H24ClN3O2S/c1-22-9-11-23(12-10-22)7-2-8-24-17-5-4-16(25)14-20(17)27(26)19-6-3-15(21)13-18(19)24/h3-6,13-14,25H,2,7-12H2,1H3",GNANVESEVNVNST-UHFFFAOYSA-N,CN1CCN(CC1)CCCN2C3=CC=C(C=C3S(C4=C2C=C(C=C4)Cl)=O)O,,,C20H24ClN3O2S,405.12777568800004,3.318,0,0,0,BTM00072,BTM00072,S-Oxidation of diarylthioether to sulfoxide,BTMR0059,"CYP1A2
CYP2B6
CYP2D6
CYP3A4",HUMAN,BTM00006,CN1CCN(CC1)CCCN2C3=CC=C(C=C3SC4=C2C=C(C=C4)Cl)O,"InChI=1S/C20H24ClN3OS/c1-22-9-11-23(12-10-22)7-2-8-24-17-5-4-16(25)14-20(17)26-19-6-3-15(21)13-18(19)24/h3-6,13-14,25H,2,7-12H2,1H3",BRUHMTGXYBUCRP-UHFFFAOYSA-N,4.4298,389.132861068
"InChI=1S/C20H24ClN3O2S/c1-22-7-9-23(10-8-22)5-2-6-24-15-11-14(21)3-4-19(15)27-20-13-18(26)17(25)12-16(20)24/h3-4,11-13,25-26H,2,5-10H2,1H3",MBMWRLLUSUADCB-UHFFFAOYSA-N,CN1CCN(CC1)CCCN2C3=CC(=C(C=C3SC4=C2C=C(C=C4)Cl)O)O,,,C20H24ClN3O2S,405.12777568800004,4.162400000000001,0,0,0,BTM00085,BTM00085,Aromatic hydroxylation of fused benzene ring,BTMR1030,"CYP1A2
CYP2A6
CYP2B6
CYP2C8
CYP2C9
CYP2C19
CYP2D6
CYP2E1
CYP3A4",HUMAN,BTM00006,CN1CCN(CC1)CCCN2C3=CC=C(C=C3SC4=C2C=C(C=C4)Cl)O,"InChI=1S/C20H24ClN3OS/c1-22-9-11-23(12-10-22)7-2-8-24-17-5-4-16(25)14-20(17)26-19-6-3-15(21)13-18(19)24/h3-6,13-14,25H,2,7-12H2,1H3",BRUHMTGXYBUCRP-UHFFFAOYSA-N,4.4298,389.132861068
"InChI=1S/C20H24ClN3O2S/c1-22-7-9-23(10-8-22)5-2-6-24-16-4-3-14(25)11-19(16)27-20-13-18(26)15(21)12-17(20)24/h3-4,11-13,25-26H,2,5-10H2,1H3",WATCZPOTZKJSRR-UHFFFAOYSA-N,CN1CCN(CC1)CCCN2C3=CC=C(C=C3SC4=C2C=C(C(=C4)O)Cl)O,,,C20H24ClN3O2S,405.127775688,4.162400000000001,0,0,0,BTM00097,BTM00097,Aromatic hydroxylation of fused benzene ring,BTMR1030,"CYP1A2
CYP2A6
CYP2B6
CYP2C8
CYP2C9
CYP2C19
CYP2D6
CYP2E1
CYP3A4",HUMAN,BTM00006,CN1CCN(CC1)CCCN2C3=CC=C(C=C3SC4=C2C=C(C=C4)Cl)O,"InChI=1S/C20H24ClN3OS/c1-22-9-11-23(12-10-22)7-2-8-24-17-5-4-16(25)14-20(17)26-19-6-3-15(21)13-18(19)24/h3-6,13-14,25H,2,7-12H2,1H3",BRUHMTGXYBUCRP-UHFFFAOYSA-N,4.4298,389.132861068
"InChI=1S/C20H24ClN3O2S/c1-22-8-11-24(26,12-9-22)10-2-7-23-17-5-4-16(25)14-20(17)27-19-6-3-15(21)13-18(19)23/h3-6,13-14,25H,2,7-12H2,1H3",LZEWPFGCEJDTKD-UHFFFAOYSA-N,CN1CC[N+](CC1)(CCCN2C3=CC=C(C=C3SC4=C2C=C(C=C4)Cl)O)[O-],,,C20H24ClN3O2S,405.12777568800004,4.024699999999999,0,0,0,BTM00098,BTM00098,N-Oxidation of alicyclic tertiary amine,BTMR1099,"CYP1A2
CYP2C8
CYP2C19
CYP2D6
CYP3A4",HUMAN,BTM00006,CN1CCN(CC1)CCCN2C3=CC=C(C=C3SC4=C2C=C(C=C4)Cl)O,"InChI=1S/C20H24ClN3OS/c1-22-9-11-23(12-10-22)7-2-8-24-17-5-4-16(25)14-20(17)26-19-6-3-15(21)13-18(19)24/h3-6,13-14,25H,2,7-12H2,1H3",BRUHMTGXYBUCRP-UHFFFAOYSA-N,4.4298,389.132861068
"InChI=1S/C20H24ClN3O2S/c1-24(26)11-9-22(10-12-24)7-2-8-23-17-5-4-16(25)14-20(17)27-19-6-3-15(21)13-18(19)23/h3-6,13-14,25H,2,7-12H2,1H3",UDNMINLGYDQLTN-UHFFFAOYSA-N,C[N+]1(CCN(CC1)CCCN2C3=CC=C(C=C3SC4=C2C=C(C=C4)Cl)O)[O-],,,C20H24ClN3O2S,405.12777568800004,4.024699999999999,0,0,0,BTM00099,BTM00099,N-Oxidation of alicyclic tertiary amine,BTMR1099,"CYP1A2
CYP2C8
CYP2C19
CYP2D6
CYP3A4",HUMAN,BTM00006,CN1CCN(CC1)CCCN2C3=CC=C(C=C3SC4=C2C=C(C=C4)Cl)O,"InChI=1S/C20H24ClN3OS/c1-22-9-11-23(12-10-22)7-2-8-24-17-5-4-16(25)14-20(17)26-19-6-3-15(21)13-18(19)24/h3-6,13-14,25H,2,7-12H2,1H3",BRUHMTGXYBUCRP-UHFFFAOYSA-N,4.4298,389.132861068
"InChI=1S/C19H22ClN3OS/c20-14-2-5-18-17(12-14)23(9-1-8-22-10-6-21-7-11-22)16-4-3-15(24)13-19(16)25-18/h2-5,12-13,21,24H,1,6-11H2",ZATGPNSEKYDURV-UHFFFAOYSA-N,N1CCN(CC1)CCCN2C3=CC=C(C=C3SC4=C2C=C(C=C4)Cl)O,,,C19H22ClN3OS,375.11721100399996,3.8938999999999995,0,0,0,BTM00100,BTM00100,N-Dealkylation of alicyclic tertiary amine,BTMR1144,"CYP1A2
CYP2A6
CYP2B6
CYP2C8
CYP2C9
CYP2C19
CYP2D6
CYP3A4",HUMAN,BTM00006,CN1CCN(CC1)CCCN2C3=CC=C(C=C3SC4=C2C=C(C=C4)Cl)O,"InChI=1S/C20H24ClN3OS/c1-22-9-11-23(12-10-22)7-2-8-24-17-5-4-16(25)14-20(17)26-19-6-3-15(21)13-18(19)24/h3-6,13-14,25H,2,7-12H2,1H3",BRUHMTGXYBUCRP-UHFFFAOYSA-N,4.4298,389.132861068
"InChI=1S/C5H12N2/c1-7-4-2-6-3-5-7/h6H,2-5H2,1H3",PVOAHINGSUIXLS-UHFFFAOYSA-N,CN1CCNCC1,,,C5H12N2,100.10004838399999,-0.2585000000000002,0,0,0,BTM00011,BTM00011,N-Dealkylation of alicyclic tertiary amine,BTMR1144,"CYP1A2
CYP2A6
CYP2B6
CYP2C8
CYP2C9
CYP2C19
CYP2D6
CYP3A4",HUMAN,BTM00006,CN1CCN(CC1)CCCN2C3=CC=C(C=C3SC4=C2C=C(C=C4)Cl)O,"InChI=1S/C20H24ClN3OS/c1-22-9-11-23(12-10-22)7-2-8-24-17-5-4-16(25)14-20(17)26-19-6-3-15(21)13-18(19)24/h3-6,13-14,25H,2,7-12H2,1H3",BRUHMTGXYBUCRP-UHFFFAOYSA-N,4.4298,389.132861068
"InChI=1S/C15H12ClNO2S/c16-10-2-5-14-13(8-10)17(6-1-7-18)12-4-3-11(19)9-15(12)20-14/h2-5,7-9,19H,1,6H2",BHNHRZZLMUQGHG-UHFFFAOYSA-N,C(CCN1C2=CC=C(C=C2SC3=C1C=C(C=C3)Cl)O)=O,,,C15H12ClNO2S,305.027727304,4.0231,0,0,0,BTM00101,BTM00101,N-Dealkylation of alicyclic tertiary amine,BTMR1144,"CYP1A2
CYP2A6
CYP2B6
CYP2C8
CYP2C9
CYP2C19
CYP2D6
CYP3A4",HUMAN,BTM00006,CN1CCN(CC1)CCCN2C3=CC=C(C=C3SC4=C2C=C(C=C4)Cl)O,"InChI=1S/C20H24ClN3OS/c1-22-9-11-23(12-10-22)7-2-8-24-17-5-4-16(25)14-20(17)26-19-6-3-15(21)13-18(19)24/h3-6,13-14,25H,2,7-12H2,1H3",BRUHMTGXYBUCRP-UHFFFAOYSA-N,4.4298,389.132861068
"InChI=1S/C20H24ClN3O2S/c1-22-9-10-23(13-20(22)26)7-2-8-24-16-5-4-15(25)12-19(16)27-18-6-3-14(21)11-17(18)24/h3-6,11-12,20,25-26H,2,7-10,13H2,1H3",BXUCJJHJMANUNZ-UHFFFAOYSA-N,CN1C(CN(CC1)CCCN2C3=CC=C(C=C3SC4=C2C=C(C=C4)Cl)O)O,,,C20H24ClN3O2S,405.127775688,4.0901000000000005,0,0,0,BTM00102,BTM00102,Hydroxylation of heteroalicyclic secondary carbon,BTMR1070,"CYP1A2
CYP2A6
CYP2C9
CYP2D6
CYP3A4",HUMAN,BTM00006,CN1CCN(CC1)CCCN2C3=CC=C(C=C3SC4=C2C=C(C=C4)Cl)O,"InChI=1S/C20H24ClN3OS/c1-22-9-11-23(12-10-22)7-2-8-24-17-5-4-16(25)14-20(17)26-19-6-3-15(21)13-18(19)24/h3-6,13-14,25H,2,7-12H2,1H3",BRUHMTGXYBUCRP-UHFFFAOYSA-N,4.4298,389.132861068
"InChI=1S/C20H24ClN3O2S/c1-22-9-10-23(20(26)13-22)7-2-8-24-16-5-4-15(25)12-19(16)27-18-6-3-14(21)11-17(18)24/h3-6,11-12,20,25-26H,2,7-10,13H2,1H3",PWJLMOSFTYAUMA-UHFFFAOYSA-N,CN1CC(N(CC1)CCCN2C3=CC=C(C=C3SC4=C2C=C(C=C4)Cl)O)O,,,C20H24ClN3O2S,405.127775688,4.0901000000000005,0,0,0,BTM00103,BTM00103,Hydroxylation of heteroalicyclic secondary carbon,BTMR1070,"CYP1A2
CYP2A6
CYP2C9
CYP2D6
CYP3A4",HUMAN,BTM00006,CN1CCN(CC1)CCCN2C3=CC=C(C=C3SC4=C2C=C(C=C4)Cl)O,"InChI=1S/C20H24ClN3OS/c1-22-9-11-23(12-10-22)7-2-8-24-17-5-4-16(25)14-20(17)26-19-6-3-15(21)13-18(19)24/h3-6,13-14,25H,2,7-12H2,1H3",BRUHMTGXYBUCRP-UHFFFAOYSA-N,4.4298,389.132861068
"InChI=1S/C20H24ClN3O2S/c1-22-9-11-23(12-10-22)7-2-8-24-16-5-3-14(25)13-18(16)27-17-6-4-15(21)20(26)19(17)24/h3-6,13,25-26H,2,7-12H2,1H3",SERJVFBJNWERJF-UHFFFAOYSA-N,CN1CCN(CC1)CCCN2C3=CC=C(C=C3SC4=C2C(=C(C=C4)Cl)O)O,,,C20H24ClN3O2S,405.127775688,4.162400000000001,0,0,0,BTM00104,BTM00104,Hydroxylation of aromatic carbon ortho to halide group,BTMR1040,"CYP1A2
CYP2A6
CYP2B6
CYP2C8
CYP2C9
CYP2C19
CYP2D6
CYP2E1
CYP3A4",HUMAN,BTM00006,CN1CCN(CC1)CCCN2C3=CC=C(C=C3SC4=C2C=C(C=C4)Cl)O,"InChI=1S/C20H24ClN3OS/c1-22-9-11-23(12-10-22)7-2-8-24-17-5-4-16(25)14-20(17)26-19-6-3-15(21)13-18(19)24/h3-6,13-14,25H,2,7-12H2,1H3",BRUHMTGXYBUCRP-UHFFFAOYSA-N,4.4298,389.132861068
"InChI=1S/C20H24ClN3O2S/c1-22-7-9-23(10-8-22)5-2-6-24-16-4-3-14(25)11-19(16)27-20-13-18(26)15(21)12-17(20)24/h3-4,11-13,25-26H,2,5-10H2,1H3",WATCZPOTZKJSRR-UHFFFAOYSA-N,CN1CCN(CC1)CCCN2C3=CC=C(C=C3SC4=C2C=C(C(=C4)O)Cl)O,,,C20H24ClN3O2S,405.127775688,4.162400000000001,0,0,0,BTM00097,BTM00097,Hydroxylation of aromatic carbon ortho to halide group,BTMR1040,"CYP1A2
CYP2A6
CYP2B6
CYP2C8
CYP2C9
CYP2C19
CYP2D6
CYP2E1
CYP3A4",HUMAN,BTM00006,CN1CCN(CC1)CCCN2C3=CC=C(C=C3SC4=C2C=C(C=C4)Cl)O,"InChI=1S/C20H24ClN3OS/c1-22-9-11-23(12-10-22)7-2-8-24-17-5-4-16(25)14-20(17)26-19-6-3-15(21)13-18(19)24/h3-6,13-14,25H,2,7-12H2,1H3",BRUHMTGXYBUCRP-UHFFFAOYSA-N,4.4298,389.132861068
"InChI=1S/C20H24ClN3O2S/c1-22-7-9-23(10-8-22)5-2-6-24-16-4-3-15(25)13-19(16)27-20-17(24)11-14(21)12-18(20)26/h3-4,11-13,25-26H,2,5-10H2,1H3",VOYXSWGBOSKEJX-UHFFFAOYSA-N,CN1CCN(CC1)CCCN2C3=CC=C(C=C3SC4=C2C=C(C=C4O)Cl)O,,,C20H24ClN3O2S,405.127775688,4.162400000000001,0,0,0,BTM00105,BTM00105,Hydroxylation of aromatic carbon meta to halide group,BTMR1039,"CYP2A6
CYP2B6
CYP2C9
CYP2C19
CYP2E1
CYP3A4",HUMAN,BTM00006,CN1CCN(CC1)CCCN2C3=CC=C(C=C3SC4=C2C=C(C=C4)Cl)O,"InChI=1S/C20H24ClN3OS/c1-22-9-11-23(12-10-22)7-2-8-24-17-5-4-16(25)14-20(17)26-19-6-3-15(21)13-18(19)24/h3-6,13-14,25H,2,7-12H2,1H3",BRUHMTGXYBUCRP-UHFFFAOYSA-N,4.4298,389.132861068
"InChI=1S/C20H24ClN3O2S/c1-22-9-10-23(13-20(22)26)7-2-8-24-16-5-4-15(25)12-19(16)27-18-6-3-14(21)11-17(18)24/h3-6,11-12,20,25-26H,2,7-10,13H2,1H3",BXUCJJHJMANUNZ-UHFFFAOYSA-N,CN1C(CN(CC1)CCCN2C3=CC=C(C=C3SC4=C2C=C(C=C4)Cl)O)O,,,C20H24ClN3O2S,405.127775688,4.0901000000000005,0,0,0,BTM00102,BTM00102,Aliphatic hydroxylation of carbon alpha to secondary or tertiary alkyl-N,BTMR1081,"CYP2B6
CYP2C19
CYP2D6",HUMAN,BTM00006,CN1CCN(CC1)CCCN2C3=CC=C(C=C3SC4=C2C=C(C=C4)Cl)O,"InChI=1S/C20H24ClN3OS/c1-22-9-11-23(12-10-22)7-2-8-24-17-5-4-16(25)14-20(17)26-19-6-3-15(21)13-18(19)24/h3-6,13-14,25H,2,7-12H2,1H3",BRUHMTGXYBUCRP-UHFFFAOYSA-N,4.4298,389.132861068
"InChI=1S/C20H24ClN3O2S/c1-22-9-10-23(20(26)13-22)7-2-8-24-16-5-4-15(25)12-19(16)27-18-6-3-14(21)11-17(18)24/h3-6,11-12,20,25-26H,2,7-10,13H2,1H3",PWJLMOSFTYAUMA-UHFFFAOYSA-N,CN1CC(N(CC1)CCCN2C3=CC=C(C=C3SC4=C2C=C(C=C4)Cl)O)O,,,C20H24ClN3O2S,405.127775688,4.0901000000000005,0,0,0,BTM00103,BTM00103,Aliphatic hydroxylation of carbon alpha to secondary or tertiary alkyl-N,BTMR1081,"CYP2B6
CYP2C19
CYP2D6",HUMAN,BTM00006,CN1CCN(CC1)CCCN2C3=CC=C(C=C3SC4=C2C=C(C=C4)Cl)O,"InChI=1S/C20H24ClN3OS/c1-22-9-11-23(12-10-22)7-2-8-24-17-5-4-16(25)14-20(17)26-19-6-3-15(21)13-18(19)24/h3-6,13-14,25H,2,7-12H2,1H3",BRUHMTGXYBUCRP-UHFFFAOYSA-N,4.4298,389.132861068
"InChI=1S/C20H24ClN3O2S/c1-22-8-10-23(11-9-22)20(26)6-7-24-16-4-3-15(25)13-19(16)27-18-5-2-14(21)12-17(18)24/h2-5,12-13,20,25-26H,6-11H2,1H3",SOKYZVLOYQBSMG-UHFFFAOYSA-N,CN1CCN(CC1)C(CCN2C3=CC=C(C=C3SC4=C2C=C(C=C4)Cl)O)O,,,C20H24ClN3O2S,405.12777568800004,4.2833000000000006,0,0,0,BTM00106,BTM00106,Aliphatic hydroxylation of carbon alpha to secondary or tertiary alkyl-N,BTMR1081,"CYP2B6
CYP2C19
CYP2D6",HUMAN,BTM00006,CN1CCN(CC1)CCCN2C3=CC=C(C=C3SC4=C2C=C(C=C4)Cl)O,"InChI=1S/C20H24ClN3OS/c1-22-9-11-23(12-10-22)7-2-8-24-17-5-4-16(25)14-20(17)26-19-6-3-15(21)13-18(19)24/h3-6,13-14,25H,2,7-12H2,1H3",BRUHMTGXYBUCRP-UHFFFAOYSA-N,4.4298,389.132861068
"InChI=1S/C20H24ClN3O2S/c1-22-8-10-23(11-9-22)7-6-20(26)24-16-4-3-15(25)13-19(16)27-18-5-2-14(21)12-17(18)24/h2-5,12-13,20,25-26H,6-11H2,1H3",DPIUKBSNISYBLH-UHFFFAOYSA-N,CN1CCN(CC1)CCC(N2C3=CC=C(C=C3SC4=C2C=C(C=C4)Cl)O)O,,,C20H24ClN3O2S,405.127775688,4.2833000000000006,0,0,0,BTM00107,BTM00107,Aliphatic hydroxylation of carbon alpha to secondary or tertiary alkyl-N,BTMR1081,"CYP2B6
CYP2C19
CYP2D6",HUMAN,BTM00006,CN1CCN(CC1)CCCN2C3=CC=C(C=C3SC4=C2C=C(C=C4)Cl)O,"InChI=1S/C20H24ClN3OS/c1-22-9-11-23(12-10-22)7-2-8-24-17-5-4-16(25)14-20(17)26-19-6-3-15(21)13-18(19)24/h3-6,13-14,25H,2,7-12H2,1H3",BRUHMTGXYBUCRP-UHFFFAOYSA-N,4.4298,389.132861068
"InChI=1S/C8H16N2O/c1-9-4-6-10(7-5-9)3-2-8-11/h8H,2-7H2,1H3",UGPFLPVWZHOEHO-UHFFFAOYSA-N,CN1CCN(CC1)CCC=O,,,C8H16N2O,156.126263132,0.029100000000001132,0,0,0,BTM00001,BTM00001,N-Dealkylation of mixed tertiary amine,BTMR1145,"CYP1A2
CYP2A6
CYP2B6
CYP2C8
CYP2C9
CYP2C19
CYP2D6
CYP3A4",HUMAN,BTM00007,CN1CCN(CC1)CCCN2C3=CC=CC=C3SC4=C2C=C(C(=C4)O)Cl,"InChI=1S/C20H24ClN3OS/c1-22-9-11-23(12-10-22)7-4-8-24-16-5-2-3-6-19(16)26-20-14-18(25)15(21)13-17(20)24/h2-3,5-6,13-14,25H,4,7-12H2,1H3",QYPDUSJIDRKKLD-UHFFFAOYSA-N,4.4298,389.132861068
"InChI=1S/C12H8ClNOS/c13-7-5-9-12(6-10(7)15)16-11-4-2-1-3-8(11)14-9/h1-6,14-15H",PJNBXGVHMSNERP-UHFFFAOYSA-N,N1C2=CC=CC=C2SC3=C1C=C(C(=C3)O)Cl,,,C12H8ClNOS,249.001512556,4.0655,0,0,0,BTM00053,BTM00053,N-Dealkylation of mixed tertiary amine,BTMR1145,"CYP1A2
CYP2A6
CYP2B6
CYP2C8
CYP2C9
CYP2C19
CYP2D6
CYP3A4",HUMAN,BTM00007,CN1CCN(CC1)CCCN2C3=CC=CC=C3SC4=C2C=C(C(=C4)O)Cl,"InChI=1S/C20H24ClN3OS/c1-22-9-11-23(12-10-22)7-4-8-24-16-5-2-3-6-19(16)26-20-14-18(25)15(21)13-17(20)24/h2-3,5-6,13-14,25H,4,7-12H2,1H3",QYPDUSJIDRKKLD-UHFFFAOYSA-N,4.4298,389.132861068
"InChI=1S/C20H24ClN3O2S/c1-22-6-8-23(9-7-22)12-14(25)13-24-16-4-2-3-5-19(16)27-20-11-18(26)15(21)10-17(20)24/h2-5,10-11,14,25-26H,6-9,12-13H2,1H3",JBBCRZUONVPJCD-UHFFFAOYSA-N,CN1CCN(CC1)CC(CN2C3=CC=CC=C3SC4=C2C=C(C(=C4)O)Cl)O,,,C20H24ClN3O2S,405.127775688,3.856699999999999,0,0,0,BTM00060,BTM00060,Hydroxylation of acyclic aliphatic secondary carbon,BTMR1063,"CYP1A2
CYP2A6
CYP2B6
CYP2C9
CYP2E1
CYP3A4",HUMAN,BTM00007,CN1CCN(CC1)CCCN2C3=CC=CC=C3SC4=C2C=C(C(=C4)O)Cl,"InChI=1S/C20H24ClN3OS/c1-22-9-11-23(12-10-22)7-4-8-24-16-5-2-3-6-19(16)26-20-14-18(25)15(21)13-17(20)24/h2-3,5-6,13-14,25H,4,7-12H2,1H3",QYPDUSJIDRKKLD-UHFFFAOYSA-N,4.4298,389.132861068
"InChI=1S/C20H24ClN3O2S/c1-22-9-11-23(12-10-22)7-4-8-24-16-5-2-3-6-19(16)27(26)20-14-18(25)15(21)13-17(20)24/h2-3,5-6,13-14,25H,4,7-12H2,1H3",BJLZKRFAKJPIPT-UHFFFAOYSA-N,CN1CCN(CC1)CCCN2C3=CC=CC=C3S(C4=C2C=C(C(=C4)O)Cl)=O,,,C20H24ClN3O2S,405.12777568800004,3.318,0,0,0,BTM00073,BTM00073,S-Oxidation of diarylthioether to sulfoxide,BTMR0059,"CYP1A2
CYP2B6
CYP2D6
CYP3A4",HUMAN,BTM00007,CN1CCN(CC1)CCCN2C3=CC=CC=C3SC4=C2C=C(C(=C4)O)Cl,"InChI=1S/C20H24ClN3OS/c1-22-9-11-23(12-10-22)7-4-8-24-16-5-2-3-6-19(16)26-20-14-18(25)15(21)13-17(20)24/h2-3,5-6,13-14,25H,4,7-12H2,1H3",QYPDUSJIDRKKLD-UHFFFAOYSA-N,4.4298,389.132861068
"InChI=1S/C20H24ClN3O2S/c1-22-7-9-23(10-8-22)5-2-6-24-16-11-14(25)3-4-19(16)27-20-13-18(26)15(21)12-17(20)24/h3-4,11-13,25-26H,2,5-10H2,1H3",JFAJDVJJUFAZGP-UHFFFAOYSA-N,CN1CCN(CC1)CCCN2C3=CC(=CC=C3SC4=C2C=C(C(=C4)O)Cl)O,,,C20H24ClN3O2S,405.12777568800004,4.162400000000001,0,0,0,BTM00086,BTM00086,Aromatic hydroxylation of fused benzene ring,BTMR1030,"CYP1A2
CYP2A6
CYP2B6
CYP2C8
CYP2C9
CYP2C19
CYP2D6
CYP2E1
CYP3A4",HUMAN,BTM00007,CN1CCN(CC1)CCCN2C3=CC=CC=C3SC4=C2C=C(C(=C4)O)Cl,"InChI=1S/C20H24ClN3OS/c1-22-9-11-23(12-10-22)7-4-8-24-16-5-2-3-6-19(16)26-20-14-18(25)15(21)13-17(20)24/h2-3,5-6,13-14,25H,4,7-12H2,1H3",QYPDUSJIDRKKLD-UHFFFAOYSA-N,4.4298,389.132861068
"InChI=1S/C20H24ClN3O2S/c1-22-7-9-23(10-8-22)5-2-6-24-16-4-3-14(25)11-19(16)27-20-13-18(26)15(21)12-17(20)24/h3-4,11-13,25-26H,2,5-10H2,1H3",WATCZPOTZKJSRR-UHFFFAOYSA-N,CN1CCN(CC1)CCCN2C3=CC=C(C=C3SC4=C2C=C(C(=C4)O)Cl)O,,,C20H24ClN3O2S,405.127775688,4.162400000000001,0,0,0,BTM00097,BTM00097,Aromatic hydroxylation of fused benzene ring,BTMR1030,"CYP1A2
CYP2A6
CYP2B6
CYP2C8
CYP2C9
CYP2C19
CYP2D6
CYP2E1
CYP3A4",HUMAN,BTM00007,CN1CCN(CC1)CCCN2C3=CC=CC=C3SC4=C2C=C(C(=C4)O)Cl,"InChI=1S/C20H24ClN3OS/c1-22-9-11-23(12-10-22)7-4-8-24-16-5-2-3-6-19(16)26-20-14-18(25)15(21)13-17(20)24/h2-3,5-6,13-14,25H,4,7-12H2,1H3",QYPDUSJIDRKKLD-UHFFFAOYSA-N,4.4298,389.132861068
"InChI=1S/C20H24ClN3O2S/c1-22-8-11-24(26,12-9-22)10-4-7-23-16-5-2-3-6-19(16)27-20-14-18(25)15(21)13-17(20)23/h2-3,5-6,13-14,25H,4,7-12H2,1H3",OASPRDCTRZKDCW-UHFFFAOYSA-N,CN1CC[N+](CC1)(CCCN2C3=CC=CC=C3SC4=C2C=C(C(=C4)O)Cl)[O-],,,C20H24ClN3O2S,405.12777568800004,4.024699999999999,0,0,0,BTM00108,BTM00108,N-Oxidation of alicyclic tertiary amine,BTMR1099,"CYP1A2
CYP2C8
CYP2C19
CYP2D6
CYP3A4",HUMAN,BTM00007,CN1CCN(CC1)CCCN2C3=CC=CC=C3SC4=C2C=C(C(=C4)O)Cl,"InChI=1S/C20H24ClN3OS/c1-22-9-11-23(12-10-22)7-4-8-24-16-5-2-3-6-19(16)26-20-14-18(25)15(21)13-17(20)24/h2-3,5-6,13-14,25H,4,7-12H2,1H3",QYPDUSJIDRKKLD-UHFFFAOYSA-N,4.4298,389.132861068
"InChI=1S/C20H24ClN3O2S/c1-24(26)11-9-22(10-12-24)7-4-8-23-16-5-2-3-6-19(16)27-20-14-18(25)15(21)13-17(20)23/h2-3,5-6,13-14,25H,4,7-12H2,1H3",FOZGYZWRUYREBX-UHFFFAOYSA-N,C[N+]1(CCN(CC1)CCCN2C3=CC=CC=C3SC4=C2C=C(C(=C4)O)Cl)[O-],,,C20H24ClN3O2S,405.127775688,4.024699999999999,0,0,0,BTM00109,BTM00109,N-Oxidation of alicyclic tertiary amine,BTMR1099,"CYP1A2
CYP2C8
CYP2C19
CYP2D6
CYP3A4",HUMAN,BTM00007,CN1CCN(CC1)CCCN2C3=CC=CC=C3SC4=C2C=C(C(=C4)O)Cl,"InChI=1S/C20H24ClN3OS/c1-22-9-11-23(12-10-22)7-4-8-24-16-5-2-3-6-19(16)26-20-14-18(25)15(21)13-17(20)24/h2-3,5-6,13-14,25H,4,7-12H2,1H3",QYPDUSJIDRKKLD-UHFFFAOYSA-N,4.4298,389.132861068
"InChI=1S/C19H22ClN3OS/c20-14-12-16-19(13-17(14)24)25-18-5-2-1-4-15(18)23(16)9-3-8-22-10-6-21-7-11-22/h1-2,4-5,12-13,21,24H,3,6-11H2",FGZJDQUFFUZPJD-UHFFFAOYSA-N,N1CCN(CC1)CCCN2C3=CC=CC=C3SC4=C2C=C(C(=C4)O)Cl,,,C19H22ClN3OS,375.11721100399996,3.8938999999999995,0,0,0,BTM00110,BTM00110,N-Dealkylation of alicyclic tertiary amine,BTMR1144,"CYP1A2
CYP2A6
CYP2B6
CYP2C8
CYP2C9
CYP2C19
CYP2D6
CYP3A4",HUMAN,BTM00007,CN1CCN(CC1)CCCN2C3=CC=CC=C3SC4=C2C=C(C(=C4)O)Cl,"InChI=1S/C20H24ClN3OS/c1-22-9-11-23(12-10-22)7-4-8-24-16-5-2-3-6-19(16)26-20-14-18(25)15(21)13-17(20)24/h2-3,5-6,13-14,25H,4,7-12H2,1H3",QYPDUSJIDRKKLD-UHFFFAOYSA-N,4.4298,389.132861068
"InChI=1S/C5H12N2/c1-7-4-2-6-3-5-7/h6H,2-5H2,1H3",PVOAHINGSUIXLS-UHFFFAOYSA-N,CN1CCNCC1,,,C5H12N2,100.10004838399999,-0.2585000000000002,0,0,0,BTM00011,BTM00011,N-Dealkylation of alicyclic tertiary amine,BTMR1144,"CYP1A2
CYP2A6
CYP2B6
CYP2C8
CYP2C9
CYP2C19
CYP2D6
CYP3A4",HUMAN,BTM00007,CN1CCN(CC1)CCCN2C3=CC=CC=C3SC4=C2C=C(C(=C4)O)Cl,"InChI=1S/C20H24ClN3OS/c1-22-9-11-23(12-10-22)7-4-8-24-16-5-2-3-6-19(16)26-20-14-18(25)15(21)13-17(20)24/h2-3,5-6,13-14,25H,4,7-12H2,1H3",QYPDUSJIDRKKLD-UHFFFAOYSA-N,4.4298,389.132861068
"InChI=1S/C15H12ClNO2S/c16-10-8-12-15(9-13(10)19)20-14-5-2-1-4-11(14)17(12)6-3-7-18/h1-2,4-5,7-9,19H,3,6H2",UZYNQDHCRQJXFC-UHFFFAOYSA-N,C(CCN1C2=CC=CC=C2SC3=C1C=C(C(=C3)O)Cl)=O,,,C15H12ClNO2S,305.027727304,4.0231,0,0,0,BTM00111,BTM00111,N-Dealkylation of alicyclic tertiary amine,BTMR1144,"CYP1A2
CYP2A6
CYP2B6
CYP2C8
CYP2C9
CYP2C19
CYP2D6
CYP3A4",HUMAN,BTM00007,CN1CCN(CC1)CCCN2C3=CC=CC=C3SC4=C2C=C(C(=C4)O)Cl,"InChI=1S/C20H24ClN3OS/c1-22-9-11-23(12-10-22)7-4-8-24-16-5-2-3-6-19(16)26-20-14-18(25)15(21)13-17(20)24/h2-3,5-6,13-14,25H,4,7-12H2,1H3",QYPDUSJIDRKKLD-UHFFFAOYSA-N,4.4298,389.132861068
"InChI=1S/C20H24ClN3O2S/c1-22-9-10-23(13-20(22)26)7-4-8-24-15-5-2-3-6-18(15)27-19-12-17(25)14(21)11-16(19)24/h2-3,5-6,11-12,20,25-26H,4,7-10,13H2,1H3",MHAQDNIYLLSNII-UHFFFAOYSA-N,CN1C(CN(CC1)CCCN2C3=CC=CC=C3SC4=C2C=C(C(=C4)O)Cl)O,,,C20H24ClN3O2S,405.127775688,4.0901000000000005,0,0,0,BTM00112,BTM00112,Hydroxylation of heteroalicyclic secondary carbon,BTMR1070,"CYP1A2
CYP2A6
CYP2C9
CYP2D6
CYP3A4",HUMAN,BTM00007,CN1CCN(CC1)CCCN2C3=CC=CC=C3SC4=C2C=C(C(=C4)O)Cl,"InChI=1S/C20H24ClN3OS/c1-22-9-11-23(12-10-22)7-4-8-24-16-5-2-3-6-19(16)26-20-14-18(25)15(21)13-17(20)24/h2-3,5-6,13-14,25H,4,7-12H2,1H3",QYPDUSJIDRKKLD-UHFFFAOYSA-N,4.4298,389.132861068
"InChI=1S/C20H24ClN3O2S/c1-22-9-10-23(20(26)13-22)7-4-8-24-15-5-2-3-6-18(15)27-19-12-17(25)14(21)11-16(19)24/h2-3,5-6,11-12,20,25-26H,4,7-10,13H2,1H3",VYEMYVHVKYVXOH-UHFFFAOYSA-N,CN1CC(N(CC1)CCCN2C3=CC=CC=C3SC4=C2C=C(C(=C4)O)Cl)O,,,C20H24ClN3O2S,405.127775688,4.0901000000000005,0,0,0,BTM00113,BTM00113,Hydroxylation of heteroalicyclic secondary carbon,BTMR1070,"CYP1A2
CYP2A6
CYP2C9
CYP2D6
CYP3A4",HUMAN,BTM00007,CN1CCN(CC1)CCCN2C3=CC=CC=C3SC4=C2C=C(C(=C4)O)Cl,"InChI=1S/C20H24ClN3OS/c1-22-9-11-23(12-10-22)7-4-8-24-16-5-2-3-6-19(16)26-20-14-18(25)15(21)13-17(20)24/h2-3,5-6,13-14,25H,4,7-12H2,1H3",QYPDUSJIDRKKLD-UHFFFAOYSA-N,4.4298,389.132861068
"InChI=1S/C20H24ClN3O2S/c1-22-9-11-23(12-10-22)7-4-8-24-14-5-2-3-6-16(14)27-17-13-15(25)18(21)20(26)19(17)24/h2-3,5-6,13,25-26H,4,7-12H2,1H3",UNVVWAOWDCEQRO-UHFFFAOYSA-N,CN1CCN(CC1)CCCN2C3=CC=CC=C3SC4=C2C(=C(C(=C4)O)Cl)O,,,C20H24ClN3O2S,405.12777568800004,4.162400000000001,0,0,0,BTM00114,BTM00114,Hydroxylation of aromatic carbon ortho to halide group,BTMR1040,"CYP1A2
CYP2A6
CYP2B6
CYP2C8
CYP2C9
CYP2C19
CYP2D6
CYP2E1
CYP3A4",HUMAN,BTM00007,CN1CCN(CC1)CCCN2C3=CC=CC=C3SC4=C2C=C(C(=C4)O)Cl,"InChI=1S/C20H24ClN3OS/c1-22-9-11-23(12-10-22)7-4-8-24-16-5-2-3-6-19(16)26-20-14-18(25)15(21)13-17(20)24/h2-3,5-6,13-14,25H,4,7-12H2,1H3",QYPDUSJIDRKKLD-UHFFFAOYSA-N,4.4298,389.132861068
"InChI=1S/C20H24ClN3O2S/c1-22-9-11-23(12-10-22)7-4-8-24-15-5-2-3-6-17(15)27-20-16(24)13-14(21)18(25)19(20)26/h2-3,5-6,13,25-26H,4,7-12H2,1H3",ZOGNJXKVLATWFY-UHFFFAOYSA-N,CN1CCN(CC1)CCCN2C3=CC=CC=C3SC4=C2C=C(C(=C4O)O)Cl,,,C20H24ClN3O2S,405.127775688,4.162400000000001,0,0,0,BTM00115,BTM00115,Hydroxylation of aromatic carbon meta to halide group,BTMR1039,"CYP2A6
CYP2B6
CYP2C9
CYP2C19
CYP2E1
CYP3A4",HUMAN,BTM00007,CN1CCN(CC1)CCCN2C3=CC=CC=C3SC4=C2C=C(C(=C4)O)Cl,"InChI=1S/C20H24ClN3OS/c1-22-9-11-23(12-10-22)7-4-8-24-16-5-2-3-6-19(16)26-20-14-18(25)15(21)13-17(20)24/h2-3,5-6,13-14,25H,4,7-12H2,1H3",QYPDUSJIDRKKLD-UHFFFAOYSA-N,4.4298,389.132861068
"InChI=1S/C20H24ClN3O2S/c1-22-9-10-23(13-20(22)26)7-4-8-24-15-5-2-3-6-18(15)27-19-12-17(25)14(21)11-16(19)24/h2-3,5-6,11-12,20,25-26H,4,7-10,13H2,1H3",MHAQDNIYLLSNII-UHFFFAOYSA-N,CN1C(CN(CC1)CCCN2C3=CC=CC=C3SC4=C2C=C(C(=C4)O)Cl)O,,,C20H24ClN3O2S,405.127775688,4.0901000000000005,0,0,0,BTM00112,BTM00112,Aliphatic hydroxylation of carbon alpha to secondary or tertiary alkyl-N,BTMR1081,"CYP2B6
CYP2C19
CYP2D6",HUMAN,BTM00007,CN1CCN(CC1)CCCN2C3=CC=CC=C3SC4=C2C=C(C(=C4)O)Cl,"InChI=1S/C20H24ClN3OS/c1-22-9-11-23(12-10-22)7-4-8-24-16-5-2-3-6-19(16)26-20-14-18(25)15(21)13-17(20)24/h2-3,5-6,13-14,25H,4,7-12H2,1H3",QYPDUSJIDRKKLD-UHFFFAOYSA-N,4.4298,389.132861068
"InChI=1S/C20H24ClN3O2S/c1-22-9-10-23(20(26)13-22)7-4-8-24-15-5-2-3-6-18(15)27-19-12-17(25)14(21)11-16(19)24/h2-3,5-6,11-12,20,25-26H,4,7-10,13H2,1H3",VYEMYVHVKYVXOH-UHFFFAOYSA-N,CN1CC(N(CC1)CCCN2C3=CC=CC=C3SC4=C2C=C(C(=C4)O)Cl)O,,,C20H24ClN3O2S,405.127775688,4.0901000000000005,0,0,0,BTM00113,BTM00113,Aliphatic hydroxylation of carbon alpha to secondary or tertiary alkyl-N,BTMR1081,"CYP2B6
CYP2C19
CYP2D6",HUMAN,BTM00007,CN1CCN(CC1)CCCN2C3=CC=CC=C3SC4=C2C=C(C(=C4)O)Cl,"InChI=1S/C20H24ClN3OS/c1-22-9-11-23(12-10-22)7-4-8-24-16-5-2-3-6-19(16)26-20-14-18(25)15(21)13-17(20)24/h2-3,5-6,13-14,25H,4,7-12H2,1H3",QYPDUSJIDRKKLD-UHFFFAOYSA-N,4.4298,389.132861068
"InChI=1S/C20H24ClN3O2S/c1-22-8-10-23(11-9-22)20(26)6-7-24-15-4-2-3-5-18(15)27-19-13-17(25)14(21)12-16(19)24/h2-5,12-13,20,25-26H,6-11H2,1H3",ZHYCXARQTHOPTK-UHFFFAOYSA-N,CN1CCN(CC1)C(CCN2C3=CC=CC=C3SC4=C2C=C(C(=C4)O)Cl)O,,,C20H24ClN3O2S,405.12777568800004,4.2833000000000006,0,0,0,BTM00116,BTM00116,Aliphatic hydroxylation of carbon alpha to secondary or tertiary alkyl-N,BTMR1081,"CYP2B6
CYP2C19
CYP2D6",HUMAN,BTM00007,CN1CCN(CC1)CCCN2C3=CC=CC=C3SC4=C2C=C(C(=C4)O)Cl,"InChI=1S/C20H24ClN3OS/c1-22-9-11-23(12-10-22)7-4-8-24-16-5-2-3-6-19(16)26-20-14-18(25)15(21)13-17(20)24/h2-3,5-6,13-14,25H,4,7-12H2,1H3",QYPDUSJIDRKKLD-UHFFFAOYSA-N,4.4298,389.132861068
"InChI=1S/C20H24ClN3O2S/c1-22-8-10-23(11-9-22)7-6-20(26)24-15-4-2-3-5-18(15)27-19-13-17(25)14(21)12-16(19)24/h2-5,12-13,20,25-26H,6-11H2,1H3",SOHVRJVJKIFMGK-UHFFFAOYSA-N,CN1CCN(CC1)CCC(N2C3=CC=CC=C3SC4=C2C=C(C(=C4)O)Cl)O,,,C20H24ClN3O2S,405.127775688,4.2833000000000006,0,0,0,BTM00117,BTM00117,Aliphatic hydroxylation of carbon alpha to secondary or tertiary alkyl-N,BTMR1081,"CYP2B6
CYP2C19
CYP2D6",HUMAN,BTM00007,CN1CCN(CC1)CCCN2C3=CC=CC=C3SC4=C2C=C(C(=C4)O)Cl,"InChI=1S/C20H24ClN3OS/c1-22-9-11-23(12-10-22)7-4-8-24-16-5-2-3-6-19(16)26-20-14-18(25)15(21)13-17(20)24/h2-3,5-6,13-14,25H,4,7-12H2,1H3",QYPDUSJIDRKKLD-UHFFFAOYSA-N,4.4298,389.132861068
"InChI=1S/C8H16N2O2/c1-9-3-6-10(12,7-4-9)5-2-8-11/h8H,2-7H2,1H3",HSCJJJKAKPFELY-UHFFFAOYSA-N,CN1CC[N+](CC1)(CCC=O)[O-],,,C8H16N2O2,172.121177752,-0.3759999999999988,0,0,0,BTM00042,BTM00042,N-Dealkylation of mixed tertiary amine,BTMR1145,"CYP1A2
CYP2A6
CYP2B6
CYP2C8
CYP2C9
CYP2C19
CYP2D6
CYP3A4",HUMAN,BTM00008,CN1CC[N+](CC1)(CCCN2C3=CC=CC=C3SC4=C2C=C(C=C4)Cl)[O-],"InChI=1S/C20H24ClN3OS/c1-22-10-13-24(25,14-11-22)12-4-9-23-17-5-2-3-6-19(17)26-20-8-7-16(21)15-18(20)23/h2-3,5-8,15H,4,9-14H2,1H3",PCXIZBFFAKKSHC-UHFFFAOYSA-N,4.292100000000001,389.13286106799995
"InChI=1S/C12H8ClNS/c13-8-5-6-12-10(7-8)14-9-3-1-2-4-11(9)15-12/h1-7,14H",KFZGLJSYQXZIGP-UHFFFAOYSA-N,N1C2=CC=CC=C2SC3=C1C=C(C=C3)Cl,,,C12H8ClNS,233.006597936,4.3329,0,0,0,BTM00002,BTM00002,N-Dealkylation of mixed tertiary amine,BTMR1145,"CYP1A2
CYP2A6
CYP2B6
CYP2C8
CYP2C9
CYP2C19
CYP2D6
CYP3A4",HUMAN,BTM00008,CN1CC[N+](CC1)(CCCN2C3=CC=CC=C3SC4=C2C=C(C=C4)Cl)[O-],"InChI=1S/C20H24ClN3OS/c1-22-10-13-24(25,14-11-22)12-4-9-23-17-5-2-3-6-19(17)26-20-8-7-16(21)15-18(20)23/h2-3,5-8,15H,4,9-14H2,1H3",PCXIZBFFAKKSHC-UHFFFAOYSA-N,4.292100000000001,389.13286106799995
"InChI=1S/C20H24ClN3O2S/c1-22-8-10-24(26,11-9-22)14-16(25)13-23-17-4-2-3-5-19(17)27-20-7-6-15(21)12-18(20)23/h2-7,12,16,25H,8-11,13-14H2,1H3",CDTOEWHDNPDRCS-UHFFFAOYSA-N,CN1CC[N+](CC1)(CC(CN2C3=CC=CC=C3SC4=C2C=C(C=C4)Cl)O)[O-],,,C20H24ClN3O2S,405.127775688,3.7190000000000003,0,0,0,BTM00061,BTM00061,Hydroxylation of acyclic aliphatic secondary carbon,BTMR1063,"CYP1A2
CYP2A6
CYP2B6
CYP2C9
CYP2E1
CYP3A4",HUMAN,BTM00008,CN1CC[N+](CC1)(CCCN2C3=CC=CC=C3SC4=C2C=C(C=C4)Cl)[O-],"InChI=1S/C20H24ClN3OS/c1-22-10-13-24(25,14-11-22)12-4-9-23-17-5-2-3-6-19(17)26-20-8-7-16(21)15-18(20)23/h2-3,5-8,15H,4,9-14H2,1H3",PCXIZBFFAKKSHC-UHFFFAOYSA-N,4.292100000000001,389.13286106799995
"InChI=1S/C20H24ClN3O2S/c1-22-10-13-24(25,14-11-22)12-4-9-23-17-5-2-3-6-19(17)27(26)20-8-7-16(21)15-18(20)23/h2-3,5-8,15H,4,9-14H2,1H3",MEVSWKCSWXRSJV-UHFFFAOYSA-N,CN1CC[N+](CC1)(CCCN2C3=CC=CC=C3S(C4=C2C=C(C=C4)Cl)=O)[O-],,,C20H24ClN3O2S,405.127775688,3.1803000000000003,0,0,0,BTM00074,BTM00074,S-Oxidation of diarylthioether to sulfoxide,BTMR0059,"CYP1A2
CYP2B6
CYP2D6
CYP3A4",HUMAN,BTM00008,CN1CC[N+](CC1)(CCCN2C3=CC=CC=C3SC4=C2C=C(C=C4)Cl)[O-],"InChI=1S/C20H24ClN3OS/c1-22-10-13-24(25,14-11-22)12-4-9-23-17-5-2-3-6-19(17)26-20-8-7-16(21)15-18(20)23/h2-3,5-8,15H,4,9-14H2,1H3",PCXIZBFFAKKSHC-UHFFFAOYSA-N,4.292100000000001,389.13286106799995
"InChI=1S/C20H24ClN3O2S/c1-22-8-11-24(26,12-9-22)10-2-7-23-17-13-15(21)3-5-19(17)27-20-6-4-16(25)14-18(20)23/h3-6,13-14,25H,2,7-12H2,1H3",MOVPAWRCUGKSIQ-UHFFFAOYSA-N,CN1CC[N+](CC1)(CCCN2C3=CC(=CC=C3SC4=C2C=C(C=C4)Cl)O)[O-],,,C20H24ClN3O2S,405.127775688,4.024699999999999,0,0,0,BTM00087,BTM00087,Aromatic hydroxylation of fused benzene ring,BTMR1030,"CYP1A2
CYP2A6
CYP2B6
CYP2C8
CYP2C9
CYP2C19
CYP2D6
CYP2E1
CYP3A4",HUMAN,BTM00008,CN1CC[N+](CC1)(CCCN2C3=CC=CC=C3SC4=C2C=C(C=C4)Cl)[O-],"InChI=1S/C20H24ClN3OS/c1-22-10-13-24(25,14-11-22)12-4-9-23-17-5-2-3-6-19(17)26-20-8-7-16(21)15-18(20)23/h2-3,5-8,15H,4,9-14H2,1H3",PCXIZBFFAKKSHC-UHFFFAOYSA-N,4.292100000000001,389.13286106799995
"InChI=1S/C20H24ClN3O2S/c1-22-8-11-24(26,12-9-22)10-2-7-23-17-5-4-16(25)14-20(17)27-19-6-3-15(21)13-18(19)23/h3-6,13-14,25H,2,7-12H2,1H3",LZEWPFGCEJDTKD-UHFFFAOYSA-N,CN1CC[N+](CC1)(CCCN2C3=CC=C(C=C3SC4=C2C=C(C=C4)Cl)O)[O-],,,C20H24ClN3O2S,405.12777568800004,4.024699999999999,0,0,0,BTM00098,BTM00098,Aromatic hydroxylation of fused benzene ring,BTMR1030,"CYP1A2
CYP2A6
CYP2B6
CYP2C8
CYP2C9
CYP2C19
CYP2D6
CYP2E1
CYP3A4",HUMAN,BTM00008,CN1CC[N+](CC1)(CCCN2C3=CC=CC=C3SC4=C2C=C(C=C4)Cl)[O-],"InChI=1S/C20H24ClN3OS/c1-22-10-13-24(25,14-11-22)12-4-9-23-17-5-2-3-6-19(17)26-20-8-7-16(21)15-18(20)23/h2-3,5-8,15H,4,9-14H2,1H3",PCXIZBFFAKKSHC-UHFFFAOYSA-N,4.292100000000001,389.13286106799995
"InChI=1S/C20H24ClN3O2S/c1-22-8-11-24(26,12-9-22)10-4-7-23-16-5-2-3-6-19(16)27-20-14-18(25)15(21)13-17(20)23/h2-3,5-6,13-14,25H,4,7-12H2,1H3",OASPRDCTRZKDCW-UHFFFAOYSA-N,CN1CC[N+](CC1)(CCCN2C3=CC=CC=C3SC4=C2C=C(C(=C4)O)Cl)[O-],,,C20H24ClN3O2S,405.12777568800004,4.024699999999999,0,0,0,BTM00108,BTM00108,Aromatic hydroxylation of fused benzene ring,BTMR1030,"CYP1A2
CYP2A6
CYP2B6
CYP2C8
CYP2C9
CYP2C19
CYP2D6
CYP2E1
CYP3A4",HUMAN,BTM00008,CN1CC[N+](CC1)(CCCN2C3=CC=CC=C3SC4=C2C=C(C=C4)Cl)[O-],"InChI=1S/C20H24ClN3OS/c1-22-10-13-24(25,14-11-22)12-4-9-23-17-5-2-3-6-19(17)26-20-8-7-16(21)15-18(20)23/h2-3,5-8,15H,4,9-14H2,1H3",PCXIZBFFAKKSHC-UHFFFAOYSA-N,4.292100000000001,389.13286106799995
"InChI=1S/C20H24ClN3O2S/c1-23(25)11-13-24(26,14-12-23)10-4-9-22-17-5-2-3-6-19(17)27-20-8-7-16(21)15-18(20)22/h2-3,5-8,15H,4,9-14H2,1H3",HWJZNVOFFQQQSJ-UHFFFAOYSA-N,C[N+]1(CC[N+](CC1)(CCCN2C3=CC=CC=C3SC4=C2C=C(C=C4)Cl)[O-])[O-],,,C20H24ClN3O2S,405.127775688,3.8870000000000005,0,0,0,BTM00118,BTM00118,N-Oxidation of alicyclic tertiary amine,BTMR1099,"CYP1A2
CYP2C8
CYP2C19
CYP2D6
CYP3A4",HUMAN,BTM00008,CN1CC[N+](CC1)(CCCN2C3=CC=CC=C3SC4=C2C=C(C=C4)Cl)[O-],"InChI=1S/C20H24ClN3OS/c1-22-10-13-24(25,14-11-22)12-4-9-23-17-5-2-3-6-19(17)26-20-8-7-16(21)15-18(20)23/h2-3,5-8,15H,4,9-14H2,1H3",PCXIZBFFAKKSHC-UHFFFAOYSA-N,4.292100000000001,389.13286106799995
"InChI=1S/C19H22ClN3OS/c20-15-6-7-19-17(14-15)22(16-4-1-2-5-18(16)25-19)10-3-11-23(24)12-8-21-9-13-23/h1-2,4-7,14,21H,3,8-13H2",GFGSWFNTBYWZJU-UHFFFAOYSA-N,N1CC[N+](CC1)(CCCN2C3=CC=CC=C3SC4=C2C=C(C=C4)Cl)[O-],,,C19H22ClN3OS,375.11721100399996,3.7561999999999998,0,0,0,BTM00119,BTM00119,N-Dealkylation of alicyclic tertiary amine,BTMR1144,"CYP1A2
CYP2A6
CYP2B6
CYP2C8
CYP2C9
CYP2C19
CYP2D6
CYP3A4",HUMAN,BTM00008,CN1CC[N+](CC1)(CCCN2C3=CC=CC=C3SC4=C2C=C(C=C4)Cl)[O-],"InChI=1S/C20H24ClN3OS/c1-22-10-13-24(25,14-11-22)12-4-9-23-17-5-2-3-6-19(17)26-20-8-7-16(21)15-18(20)23/h2-3,5-8,15H,4,9-14H2,1H3",PCXIZBFFAKKSHC-UHFFFAOYSA-N,4.292100000000001,389.13286106799995
"InChI=1S/C20H24ClN3O2S/c1-22-10-12-24(26,14-20(22)25)11-4-9-23-16-5-2-3-6-18(16)27-19-8-7-15(21)13-17(19)23/h2-3,5-8,13,20,25H,4,9-12,14H2,1H3",FWTNOFFJLPNWLA-UHFFFAOYSA-N,CN1C(C[N+](CC1)(CCCN2C3=CC=CC=C3SC4=C2C=C(C=C4)Cl)[O-])O,,,C20H24ClN3O2S,405.12777568800004,3.9524000000000017,0,0,0,BTM00120,BTM00120,Hydroxylation of heteroalicyclic secondary carbon,BTMR1070,"CYP1A2
CYP2A6
CYP2C9
CYP2D6
CYP3A4",HUMAN,BTM00008,CN1CC[N+](CC1)(CCCN2C3=CC=CC=C3SC4=C2C=C(C=C4)Cl)[O-],"InChI=1S/C20H24ClN3OS/c1-22-10-13-24(25,14-11-22)12-4-9-23-17-5-2-3-6-19(17)26-20-8-7-16(21)15-18(20)23/h2-3,5-8,15H,4,9-14H2,1H3",PCXIZBFFAKKSHC-UHFFFAOYSA-N,4.292100000000001,389.13286106799995
"InChI=1S/C20H24ClN3O2S/c1-22-10-12-24(26,20(25)14-22)11-4-9-23-16-5-2-3-6-18(16)27-19-8-7-15(21)13-17(19)23/h2-3,5-8,13,20,25H,4,9-12,14H2,1H3",USDKUPGWRLWJOK-UHFFFAOYSA-N,CN1CC([N+](CC1)(CCCN2C3=CC=CC=C3SC4=C2C=C(C=C4)Cl)[O-])O,,,C20H24ClN3O2S,405.12777568800004,3.9524000000000017,0,0,0,BTM00121,BTM00121,Hydroxylation of heteroalicyclic secondary carbon,BTMR1070,"CYP1A2
CYP2A6
CYP2C9
CYP2D6
CYP3A4",HUMAN,BTM00008,CN1CC[N+](CC1)(CCCN2C3=CC=CC=C3SC4=C2C=C(C=C4)Cl)[O-],"InChI=1S/C20H24ClN3OS/c1-22-10-13-24(25,14-11-22)12-4-9-23-17-5-2-3-6-19(17)26-20-8-7-16(21)15-18(20)23/h2-3,5-8,15H,4,9-14H2,1H3",PCXIZBFFAKKSHC-UHFFFAOYSA-N,4.292100000000001,389.13286106799995
"InChI=1S/C20H24ClN3O2S/c1-22-10-13-24(26,14-11-22)12-4-9-23-16-5-2-3-6-17(16)27-18-8-7-15(21)20(25)19(18)23/h2-3,5-8,25H,4,9-14H2,1H3",XNYTZNMZQOIWND-UHFFFAOYSA-N,CN1CC[N+](CC1)(CCCN2C3=CC=CC=C3SC4=C2C(=C(C=C4)Cl)O)[O-],,,C20H24ClN3O2S,405.12777568800004,4.024699999999999,0,0,0,BTM00122,BTM00122,Hydroxylation of aromatic carbon ortho to halide group,BTMR1040,"CYP1A2
CYP2A6
CYP2B6
CYP2C8
CYP2C9
CYP2C19
CYP2D6
CYP2E1
CYP3A4",HUMAN,BTM00008,CN1CC[N+](CC1)(CCCN2C3=CC=CC=C3SC4=C2C=C(C=C4)Cl)[O-],"InChI=1S/C20H24ClN3OS/c1-22-10-13-24(25,14-11-22)12-4-9-23-17-5-2-3-6-19(17)26-20-8-7-16(21)15-18(20)23/h2-3,5-8,15H,4,9-14H2,1H3",PCXIZBFFAKKSHC-UHFFFAOYSA-N,4.292100000000001,389.13286106799995
"InChI=1S/C20H24ClN3O2S/c1-22-8-11-24(26,12-9-22)10-4-7-23-16-5-2-3-6-19(16)27-20-14-18(25)15(21)13-17(20)23/h2-3,5-6,13-14,25H,4,7-12H2,1H3",OASPRDCTRZKDCW-UHFFFAOYSA-N,CN1CC[N+](CC1)(CCCN2C3=CC=CC=C3SC4=C2C=C(C(=C4)O)Cl)[O-],,,C20H24ClN3O2S,405.12777568800004,4.024699999999999,0,0,0,BTM00108,BTM00108,Hydroxylation of aromatic carbon ortho to halide group,BTMR1040,"CYP1A2
CYP2A6
CYP2B6
CYP2C8
CYP2C9
CYP2C19
CYP2D6
CYP2E1
CYP3A4",HUMAN,BTM00008,CN1CC[N+](CC1)(CCCN2C3=CC=CC=C3SC4=C2C=C(C=C4)Cl)[O-],"InChI=1S/C20H24ClN3OS/c1-22-10-13-24(25,14-11-22)12-4-9-23-17-5-2-3-6-19(17)26-20-8-7-16(21)15-18(20)23/h2-3,5-8,15H,4,9-14H2,1H3",PCXIZBFFAKKSHC-UHFFFAOYSA-N,4.292100000000001,389.13286106799995
"InChI=1S/C20H24ClN3O2S/c1-22-8-11-24(26,12-9-22)10-4-7-23-16-5-2-3-6-19(16)27-20-17(23)13-15(21)14-18(20)25/h2-3,5-6,13-14,25H,4,7-12H2,1H3",ZOROTOSOBVXFCG-UHFFFAOYSA-N,CN1CC[N+](CC1)(CCCN2C3=CC=CC=C3SC4=C2C=C(C=C4O)Cl)[O-],,,C20H24ClN3O2S,405.127775688,4.024699999999999,0,0,0,BTM00123,BTM00123,Hydroxylation of aromatic carbon meta to halide group,BTMR1039,"CYP2A6
CYP2B6
CYP2C9
CYP2C19
CYP2E1
CYP3A4",HUMAN,BTM00008,CN1CC[N+](CC1)(CCCN2C3=CC=CC=C3SC4=C2C=C(C=C4)Cl)[O-],"InChI=1S/C20H24ClN3OS/c1-22-10-13-24(25,14-11-22)12-4-9-23-17-5-2-3-6-19(17)26-20-8-7-16(21)15-18(20)23/h2-3,5-8,15H,4,9-14H2,1H3",PCXIZBFFAKKSHC-UHFFFAOYSA-N,4.292100000000001,389.13286106799995
"InChI=1S/C20H24ClN3O2S/c1-22-10-12-24(26,14-20(22)25)11-4-9-23-16-5-2-3-6-18(16)27-19-8-7-15(21)13-17(19)23/h2-3,5-8,13,20,25H,4,9-12,14H2,1H3",FWTNOFFJLPNWLA-UHFFFAOYSA-N,CN1C(C[N+](CC1)(CCCN2C3=CC=CC=C3SC4=C2C=C(C=C4)Cl)[O-])O,,,C20H24ClN3O2S,405.12777568800004,3.9524000000000017,0,0,0,BTM00120,BTM00120,Aliphatic hydroxylation of carbon alpha to secondary or tertiary alkyl-N,BTMR1081,"CYP2B6
CYP2C19
CYP2D6",HUMAN,BTM00008,CN1CC[N+](CC1)(CCCN2C3=CC=CC=C3SC4=C2C=C(C=C4)Cl)[O-],"InChI=1S/C20H24ClN3OS/c1-22-10-13-24(25,14-11-22)12-4-9-23-17-5-2-3-6-19(17)26-20-8-7-16(21)15-18(20)23/h2-3,5-8,15H,4,9-14H2,1H3",PCXIZBFFAKKSHC-UHFFFAOYSA-N,4.292100000000001,389.13286106799995
"InChI=1S/C20H24ClN3O2S/c1-22-9-12-24(26,13-10-22)11-8-20(25)23-16-4-2-3-5-18(16)27-19-7-6-15(21)14-17(19)23/h2-7,14,20,25H,8-13H2,1H3",PMHKBSKYJAJRKZ-UHFFFAOYSA-N,CN1CC[N+](CC1)(CCC(N2C3=CC=CC=C3SC4=C2C=C(C=C4)Cl)O)[O-],,,C20H24ClN3O2S,405.127775688,4.145600000000002,0,0,0,BTM00124,BTM00124,Aliphatic hydroxylation of carbon alpha to secondary or tertiary alkyl-N,BTMR1081,"CYP2B6
CYP2C19
CYP2D6",HUMAN,BTM00008,CN1CC[N+](CC1)(CCCN2C3=CC=CC=C3SC4=C2C=C(C=C4)Cl)[O-],"InChI=1S/C20H24ClN3OS/c1-22-10-13-24(25,14-11-22)12-4-9-23-17-5-2-3-6-19(17)26-20-8-7-16(21)15-18(20)23/h2-3,5-8,15H,4,9-14H2,1H3",PCXIZBFFAKKSHC-UHFFFAOYSA-N,4.292100000000001,389.13286106799995
"InChI=1S/C8H16N2O2/c1-10(12)6-4-9(5-7-10)3-2-8-11/h8H,2-7H2,1H3",YGBHOUHGUXJWLO-UHFFFAOYSA-N,C[N+]1(CCN(CC1)CCC=O)[O-],,,C8H16N2O2,172.121177752,-0.3759999999999988,0,0,0,BTM00043,BTM00043,N-Dealkylation of mixed tertiary amine,BTMR1145,"CYP1A2
CYP2A6
CYP2B6
CYP2C8
CYP2C9
CYP2C19
CYP2D6
CYP3A4",HUMAN,BTM00009,C[N+]1(CCN(CC1)CCCN2C3=CC=CC=C3SC4=C2C=C(C=C4)Cl)[O-],"InChI=1S/C20H24ClN3OS/c1-24(25)13-11-22(12-14-24)9-4-10-23-17-5-2-3-6-19(17)26-20-8-7-16(21)15-18(20)23/h2-3,5-8,15H,4,9-14H2,1H3",UTXMUELIYPUPBE-UHFFFAOYSA-N,4.292100000000001,389.13286106799995
"InChI=1S/C12H8ClNS/c13-8-5-6-12-10(7-8)14-9-3-1-2-4-11(9)15-12/h1-7,14H",KFZGLJSYQXZIGP-UHFFFAOYSA-N,N1C2=CC=CC=C2SC3=C1C=C(C=C3)Cl,,,C12H8ClNS,233.006597936,4.3329,0,0,0,BTM00002,BTM00002,N-Dealkylation of mixed tertiary amine,BTMR1145,"CYP1A2
CYP2A6
CYP2B6
CYP2C8
CYP2C9
CYP2C19
CYP2D6
CYP3A4",HUMAN,BTM00009,C[N+]1(CCN(CC1)CCCN2C3=CC=CC=C3SC4=C2C=C(C=C4)Cl)[O-],"InChI=1S/C20H24ClN3OS/c1-24(25)13-11-22(12-14-24)9-4-10-23-17-5-2-3-6-19(17)26-20-8-7-16(21)15-18(20)23/h2-3,5-8,15H,4,9-14H2,1H3",UTXMUELIYPUPBE-UHFFFAOYSA-N,4.292100000000001,389.13286106799995
"InChI=1S/C20H24ClN3O2S/c1-24(26)10-8-22(9-11-24)13-16(25)14-23-17-4-2-3-5-19(17)27-20-7-6-15(21)12-18(20)23/h2-7,12,16,25H,8-11,13-14H2,1H3",PIHRXWWHEHBUAV-UHFFFAOYSA-N,C[N+]1(CCN(CC1)CC(CN2C3=CC=CC=C3SC4=C2C=C(C=C4)Cl)O)[O-],,,C20H24ClN3O2S,405.12777568800004,3.7190000000000003,0,0,0,BTM00062,BTM00062,Hydroxylation of acyclic aliphatic secondary carbon,BTMR1063,"CYP1A2
CYP2A6
CYP2B6
CYP2C9
CYP2E1
CYP3A4",HUMAN,BTM00009,C[N+]1(CCN(CC1)CCCN2C3=CC=CC=C3SC4=C2C=C(C=C4)Cl)[O-],"InChI=1S/C20H24ClN3OS/c1-24(25)13-11-22(12-14-24)9-4-10-23-17-5-2-3-6-19(17)26-20-8-7-16(21)15-18(20)23/h2-3,5-8,15H,4,9-14H2,1H3",UTXMUELIYPUPBE-UHFFFAOYSA-N,4.292100000000001,389.13286106799995
"InChI=1S/C20H24ClN3O2S/c1-24(25)13-11-22(12-14-24)9-4-10-23-17-5-2-3-6-19(17)27(26)20-8-7-16(21)15-18(20)23/h2-3,5-8,15H,4,9-14H2,1H3",QOBHEEKSQZNSKF-UHFFFAOYSA-N,C[N+]1(CCN(CC1)CCCN2C3=CC=CC=C3S(C4=C2C=C(C=C4)Cl)=O)[O-],,,C20H24ClN3O2S,405.12777568800004,3.1803000000000003,0,0,0,BTM00075,BTM00075,S-Oxidation of diarylthioether to sulfoxide,BTMR0059,"CYP1A2
CYP2B6
CYP2D6
CYP3A4",HUMAN,BTM00009,C[N+]1(CCN(CC1)CCCN2C3=CC=CC=C3SC4=C2C=C(C=C4)Cl)[O-],"InChI=1S/C20H24ClN3OS/c1-24(25)13-11-22(12-14-24)9-4-10-23-17-5-2-3-6-19(17)26-20-8-7-16(21)15-18(20)23/h2-3,5-8,15H,4,9-14H2,1H3",UTXMUELIYPUPBE-UHFFFAOYSA-N,4.292100000000001,389.13286106799995
"InChI=1S/C20H24ClN3O2S/c1-24(26)11-9-22(10-12-24)7-2-8-23-17-13-15(21)3-5-19(17)27-20-6-4-16(25)14-18(20)23/h3-6,13-14,25H,2,7-12H2,1H3",WJVUTQSKWJLBKJ-UHFFFAOYSA-N,C[N+]1(CCN(CC1)CCCN2C3=CC(=CC=C3SC4=C2C=C(C=C4)Cl)O)[O-],,,C20H24ClN3O2S,405.127775688,4.024699999999999,0,0,0,BTM00088,BTM00088,Aromatic hydroxylation of fused benzene ring,BTMR1030,"CYP1A2
CYP2A6
CYP2B6
CYP2C8
CYP2C9
CYP2C19
CYP2D6
CYP2E1
CYP3A4",HUMAN,BTM00009,C[N+]1(CCN(CC1)CCCN2C3=CC=CC=C3SC4=C2C=C(C=C4)Cl)[O-],"InChI=1S/C20H24ClN3OS/c1-24(25)13-11-22(12-14-24)9-4-10-23-17-5-2-3-6-19(17)26-20-8-7-16(21)15-18(20)23/h2-3,5-8,15H,4,9-14H2,1H3",UTXMUELIYPUPBE-UHFFFAOYSA-N,4.292100000000001,389.13286106799995
"InChI=1S/C20H24ClN3O2S/c1-24(26)11-9-22(10-12-24)7-2-8-23-17-5-4-16(25)14-20(17)27-19-6-3-15(21)13-18(19)23/h3-6,13-14,25H,2,7-12H2,1H3",UDNMINLGYDQLTN-UHFFFAOYSA-N,C[N+]1(CCN(CC1)CCCN2C3=CC=C(C=C3SC4=C2C=C(C=C4)Cl)O)[O-],,,C20H24ClN3O2S,405.12777568800004,4.024699999999999,0,0,0,BTM00099,BTM00099,Aromatic hydroxylation of fused benzene ring,BTMR1030,"CYP1A2
CYP2A6
CYP2B6
CYP2C8
CYP2C9
CYP2C19
CYP2D6
CYP2E1
CYP3A4",HUMAN,BTM00009,C[N+]1(CCN(CC1)CCCN2C3=CC=CC=C3SC4=C2C=C(C=C4)Cl)[O-],"InChI=1S/C20H24ClN3OS/c1-24(25)13-11-22(12-14-24)9-4-10-23-17-5-2-3-6-19(17)26-20-8-7-16(21)15-18(20)23/h2-3,5-8,15H,4,9-14H2,1H3",UTXMUELIYPUPBE-UHFFFAOYSA-N,4.292100000000001,389.13286106799995
"InChI=1S/C20H24ClN3O2S/c1-24(26)11-9-22(10-12-24)7-4-8-23-16-5-2-3-6-19(16)27-20-14-18(25)15(21)13-17(20)23/h2-3,5-6,13-14,25H,4,7-12H2,1H3",FOZGYZWRUYREBX-UHFFFAOYSA-N,C[N+]1(CCN(CC1)CCCN2C3=CC=CC=C3SC4=C2C=C(C(=C4)O)Cl)[O-],,,C20H24ClN3O2S,405.127775688,4.024699999999999,0,0,0,BTM00109,BTM00109,Aromatic hydroxylation of fused benzene ring,BTMR1030,"CYP1A2
CYP2A6
CYP2B6
CYP2C8
CYP2C9
CYP2C19
CYP2D6
CYP2E1
CYP3A4",HUMAN,BTM00009,C[N+]1(CCN(CC1)CCCN2C3=CC=CC=C3SC4=C2C=C(C=C4)Cl)[O-],"InChI=1S/C20H24ClN3OS/c1-24(25)13-11-22(12-14-24)9-4-10-23-17-5-2-3-6-19(17)26-20-8-7-16(21)15-18(20)23/h2-3,5-8,15H,4,9-14H2,1H3",UTXMUELIYPUPBE-UHFFFAOYSA-N,4.292100000000001,389.13286106799995
"InChI=1S/C20H24ClN3O2S/c1-23(25)11-13-24(26,14-12-23)10-4-9-22-17-5-2-3-6-19(17)27-20-8-7-16(21)15-18(20)22/h2-3,5-8,15H,4,9-14H2,1H3",HWJZNVOFFQQQSJ-UHFFFAOYSA-N,C[N+]1(CC[N+](CC1)(CCCN2C3=CC=CC=C3SC4=C2C=C(C=C4)Cl)[O-])[O-],,,C20H24ClN3O2S,405.127775688,3.8870000000000005,0,0,0,BTM00118,BTM00118,N-Oxidation of alicyclic tertiary amine,BTMR1099,"CYP1A2
CYP2C8
CYP2C19
CYP2D6
CYP3A4",HUMAN,BTM00009,C[N+]1(CCN(CC1)CCCN2C3=CC=CC=C3SC4=C2C=C(C=C4)Cl)[O-],"InChI=1S/C20H24ClN3OS/c1-24(25)13-11-22(12-14-24)9-4-10-23-17-5-2-3-6-19(17)26-20-8-7-16(21)15-18(20)23/h2-3,5-8,15H,4,9-14H2,1H3",UTXMUELIYPUPBE-UHFFFAOYSA-N,4.292100000000001,389.13286106799995
"InChI=1S/C5H12N2O/c1-7(8)4-2-6-3-5-7/h6H,2-5H2,1H3",JUQWFONZRDXAAB-UHFFFAOYSA-N,C[N+]1(CCNCC1)[O-],,,C5H12N2O,116.094963004,-0.6636,0,0,0,BTM00125,BTM00125,N-Dealkylation of alicyclic tertiary amine,BTMR1144,"CYP1A2
CYP2A6
CYP2B6
CYP2C8
CYP2C9
CYP2C19
CYP2D6
CYP3A4",HUMAN,BTM00009,C[N+]1(CCN(CC1)CCCN2C3=CC=CC=C3SC4=C2C=C(C=C4)Cl)[O-],"InChI=1S/C20H24ClN3OS/c1-24(25)13-11-22(12-14-24)9-4-10-23-17-5-2-3-6-19(17)26-20-8-7-16(21)15-18(20)23/h2-3,5-8,15H,4,9-14H2,1H3",UTXMUELIYPUPBE-UHFFFAOYSA-N,4.292100000000001,389.13286106799995
"InChI=1S/C15H12ClNOS/c16-11-6-7-15-13(10-11)17(8-3-9-18)12-4-1-2-5-14(12)19-15/h1-2,4-7,9-10H,3,8H2",LCOVLCMLZVPYOH-UHFFFAOYSA-N,C(CCN1C2=CC=CC=C2SC3=C1C=C(C=C3)Cl)=O,,,C15H12ClNOS,289.03281268399996,4.290499999999999,0,0,0,BTM00012,BTM00012,N-Dealkylation of alicyclic tertiary amine,BTMR1144,"CYP1A2
CYP2A6
CYP2B6
CYP2C8
CYP2C9
CYP2C19
CYP2D6
CYP3A4",HUMAN,BTM00009,C[N+]1(CCN(CC1)CCCN2C3=CC=CC=C3SC4=C2C=C(C=C4)Cl)[O-],"InChI=1S/C20H24ClN3OS/c1-24(25)13-11-22(12-14-24)9-4-10-23-17-5-2-3-6-19(17)26-20-8-7-16(21)15-18(20)23/h2-3,5-8,15H,4,9-14H2,1H3",UTXMUELIYPUPBE-UHFFFAOYSA-N,4.292100000000001,389.13286106799995
"InChI=1S/C20H24ClN3O2S/c1-24(26)12-11-22(14-20(24)25)9-4-10-23-16-5-2-3-6-18(16)27-19-8-7-15(21)13-17(19)23/h2-3,5-8,13,20,25H,4,9-12,14H2,1H3",QEJKHNCBBWUQOT-UHFFFAOYSA-N,C[N+]1(C(CN(CC1)CCCN2C3=CC=CC=C3SC4=C2C=C(C=C4)Cl)O)[O-],,,C20H24ClN3O2S,405.12777568800004,3.9524000000000017,0,0,0,BTM00126,BTM00126,Hydroxylation of heteroalicyclic secondary carbon,BTMR1070,"CYP1A2
CYP2A6
CYP2C9
CYP2D6
CYP3A4",HUMAN,BTM00009,C[N+]1(CCN(CC1)CCCN2C3=CC=CC=C3SC4=C2C=C(C=C4)Cl)[O-],"InChI=1S/C20H24ClN3OS/c1-24(25)13-11-22(12-14-24)9-4-10-23-17-5-2-3-6-19(17)26-20-8-7-16(21)15-18(20)23/h2-3,5-8,15H,4,9-14H2,1H3",UTXMUELIYPUPBE-UHFFFAOYSA-N,4.292100000000001,389.13286106799995
"InChI=1S/C20H24ClN3O2S/c1-24(26)12-11-22(20(25)14-24)9-4-10-23-16-5-2-3-6-18(16)27-19-8-7-15(21)13-17(19)23/h2-3,5-8,13,20,25H,4,9-12,14H2,1H3",FWSBLRIYFQMCHS-UHFFFAOYSA-N,C[N+]1(CC(N(CC1)CCCN2C3=CC=CC=C3SC4=C2C=C(C=C4)Cl)O)[O-],,,C20H24ClN3O2S,405.127775688,3.9524000000000017,0,0,0,BTM00127,BTM00127,Hydroxylation of heteroalicyclic secondary carbon,BTMR1070,"CYP1A2
CYP2A6
CYP2C9
CYP2D6
CYP3A4",HUMAN,BTM00009,C[N+]1(CCN(CC1)CCCN2C3=CC=CC=C3SC4=C2C=C(C=C4)Cl)[O-],"InChI=1S/C20H24ClN3OS/c1-24(25)13-11-22(12-14-24)9-4-10-23-17-5-2-3-6-19(17)26-20-8-7-16(21)15-18(20)23/h2-3,5-8,15H,4,9-14H2,1H3",UTXMUELIYPUPBE-UHFFFAOYSA-N,4.292100000000001,389.13286106799995
"InChI=1S/C20H24ClN3O2S/c1-24(26)13-11-22(12-14-24)9-4-10-23-16-5-2-3-6-17(16)27-18-8-7-15(21)20(25)19(18)23/h2-3,5-8,25H,4,9-14H2,1H3",XSACZAQLQPMRSI-UHFFFAOYSA-N,C[N+]1(CCN(CC1)CCCN2C3=CC=CC=C3SC4=C2C(=C(C=C4)Cl)O)[O-],,,C20H24ClN3O2S,405.12777568800004,4.024699999999999,0,0,0,BTM00128,BTM00128,Hydroxylation of aromatic carbon ortho to halide group,BTMR1040,"CYP1A2
CYP2A6
CYP2B6
CYP2C8
CYP2C9
CYP2C19
CYP2D6
CYP2E1
CYP3A4",HUMAN,BTM00009,C[N+]1(CCN(CC1)CCCN2C3=CC=CC=C3SC4=C2C=C(C=C4)Cl)[O-],"InChI=1S/C20H24ClN3OS/c1-24(25)13-11-22(12-14-24)9-4-10-23-17-5-2-3-6-19(17)26-20-8-7-16(21)15-18(20)23/h2-3,5-8,15H,4,9-14H2,1H3",UTXMUELIYPUPBE-UHFFFAOYSA-N,4.292100000000001,389.13286106799995
"InChI=1S/C20H24ClN3O2S/c1-24(26)11-9-22(10-12-24)7-4-8-23-16-5-2-3-6-19(16)27-20-14-18(25)15(21)13-17(20)23/h2-3,5-6,13-14,25H,4,7-12H2,1H3",FOZGYZWRUYREBX-UHFFFAOYSA-N,C[N+]1(CCN(CC1)CCCN2C3=CC=CC=C3SC4=C2C=C(C(=C4)O)Cl)[O-],,,C20H24ClN3O2S,405.127775688,4.024699999999999,0,0,0,BTM00109,BTM00109,Hydroxylation of aromatic carbon ortho to halide group,BTMR1040,"CYP1A2
CYP2A6
CYP2B6
CYP2C8
CYP2C9
CYP2C19
CYP2D6
CYP2E1
CYP3A4",HUMAN,BTM00009,C[N+]1(CCN(CC1)CCCN2C3=CC=CC=C3SC4=C2C=C(C=C4)Cl)[O-],"InChI=1S/C20H24ClN3OS/c1-24(25)13-11-22(12-14-24)9-4-10-23-17-5-2-3-6-19(17)26-20-8-7-16(21)15-18(20)23/h2-3,5-8,15H,4,9-14H2,1H3",UTXMUELIYPUPBE-UHFFFAOYSA-N,4.292100000000001,389.13286106799995
"InChI=1S/C20H24ClN3O2S/c1-24(26)11-9-22(10-12-24)7-4-8-23-16-5-2-3-6-19(16)27-20-17(23)13-15(21)14-18(20)25/h2-3,5-6,13-14,25H,4,7-12H2,1H3",LYTJRMNGWSFOKW-UHFFFAOYSA-N,C[N+]1(CCN(CC1)CCCN2C3=CC=CC=C3SC4=C2C=C(C=C4O)Cl)[O-],,,C20H24ClN3O2S,405.12777568800004,4.024699999999999,0,0,0,BTM00129,BTM00129,Hydroxylation of aromatic carbon meta to halide group,BTMR1039,"CYP2A6
CYP2B6
CYP2C9
CYP2C19
CYP2E1
CYP3A4",HUMAN,BTM00009,C[N+]1(CCN(CC1)CCCN2C3=CC=CC=C3SC4=C2C=C(C=C4)Cl)[O-],"InChI=1S/C20H24ClN3OS/c1-24(25)13-11-22(12-14-24)9-4-10-23-17-5-2-3-6-19(17)26-20-8-7-16(21)15-18(20)23/h2-3,5-8,15H,4,9-14H2,1H3",UTXMUELIYPUPBE-UHFFFAOYSA-N,4.292100000000001,389.13286106799995
"InChI=1S/C20H24ClN3O2S/c1-24(26)12-11-22(20(25)14-24)9-4-10-23-16-5-2-3-6-18(16)27-19-8-7-15(21)13-17(19)23/h2-3,5-8,13,20,25H,4,9-12,14H2,1H3",FWSBLRIYFQMCHS-UHFFFAOYSA-N,C[N+]1(CC(N(CC1)CCCN2C3=CC=CC=C3SC4=C2C=C(C=C4)Cl)O)[O-],,,C20H24ClN3O2S,405.127775688,3.9524000000000017,0,0,0,BTM00127,BTM00127,Aliphatic hydroxylation of carbon alpha to secondary or tertiary alkyl-N,BTMR1081,"CYP2B6
CYP2C19
CYP2D6",HUMAN,BTM00009,C[N+]1(CCN(CC1)CCCN2C3=CC=CC=C3SC4=C2C=C(C=C4)Cl)[O-],"InChI=1S/C20H24ClN3OS/c1-24(25)13-11-22(12-14-24)9-4-10-23-17-5-2-3-6-19(17)26-20-8-7-16(21)15-18(20)23/h2-3,5-8,15H,4,9-14H2,1H3",UTXMUELIYPUPBE-UHFFFAOYSA-N,4.292100000000001,389.13286106799995
"InChI=1S/C20H24ClN3O2S/c1-24(26)12-10-22(11-13-24)20(25)8-9-23-16-4-2-3-5-18(16)27-19-7-6-15(21)14-17(19)23/h2-7,14,20,25H,8-13H2,1H3",CDSSHQYZIIUVSP-UHFFFAOYSA-N,C[N+]1(CCN(CC1)C(CCN2C3=CC=CC=C3SC4=C2C=C(C=C4)Cl)O)[O-],,,C20H24ClN3O2S,405.12777568800004,4.145600000000002,0,0,0,BTM00130,BTM00130,Aliphatic hydroxylation of carbon alpha to secondary or tertiary alkyl-N,BTMR1081,"CYP2B6
CYP2C19
CYP2D6",HUMAN,BTM00009,C[N+]1(CCN(CC1)CCCN2C3=CC=CC=C3SC4=C2C=C(C=C4)Cl)[O-],"InChI=1S/C20H24ClN3OS/c1-24(25)13-11-22(12-14-24)9-4-10-23-17-5-2-3-6-19(17)26-20-8-7-16(21)15-18(20)23/h2-3,5-8,15H,4,9-14H2,1H3",UTXMUELIYPUPBE-UHFFFAOYSA-N,4.292100000000001,389.13286106799995
"InChI=1S/C20H24ClN3O2S/c1-24(26)12-10-22(11-13-24)9-8-20(25)23-16-4-2-3-5-18(16)27-19-7-6-15(21)14-17(19)23/h2-7,14,20,25H,8-13H2,1H3",PIHSKLOSRGSMQP-UHFFFAOYSA-N,C[N+]1(CCN(CC1)CCC(N2C3=CC=CC=C3SC4=C2C=C(C=C4)Cl)O)[O-],,,C20H24ClN3O2S,405.12777568800004,4.145600000000002,0,0,0,BTM00131,BTM00131,Aliphatic hydroxylation of carbon alpha to secondary or tertiary alkyl-N,BTMR1081,"CYP2B6
CYP2C19
CYP2D6",HUMAN,BTM00009,C[N+]1(CCN(CC1)CCCN2C3=CC=CC=C3SC4=C2C=C(C=C4)Cl)[O-],"InChI=1S/C20H24ClN3OS/c1-24(25)13-11-22(12-14-24)9-4-10-23-17-5-2-3-6-19(17)26-20-8-7-16(21)15-18(20)23/h2-3,5-8,15H,4,9-14H2,1H3",UTXMUELIYPUPBE-UHFFFAOYSA-N,4.292100000000001,389.13286106799995
"InChI=1S/C7H14N2O/c10-7-1-4-9-5-2-8-3-6-9/h7-8H,1-6H2",VDOXWYONXWJDGM-UHFFFAOYSA-N,N1CCN(CC1)CCC=O,,,C7H14N2O,142.110613068,-0.5067999999999985,0,0,0,BTM00044,BTM00044,N-Dealkylation of mixed tertiary amine,BTMR1145,"CYP1A2
CYP2A6
CYP2B6
CYP2C8
CYP2C9
CYP2C19
CYP2D6
CYP3A4",HUMAN,BTM00010,N1CCN(CC1)CCCN2C3=CC=CC=C3SC4=C2C=C(C=C4)Cl,"InChI=1S/C19H22ClN3S/c20-15-6-7-19-17(14-15)23(16-4-1-2-5-18(16)24-19)11-3-10-22-12-8-21-9-13-22/h1-2,4-7,14,21H,3,8-13H2",ZWIQAXTYRCAVFE-UHFFFAOYSA-N,4.1613,359.12229638400004
"InChI=1S/C12H8ClNS/c13-8-5-6-12-10(7-8)14-9-3-1-2-4-11(9)15-12/h1-7,14H",KFZGLJSYQXZIGP-UHFFFAOYSA-N,N1C2=CC=CC=C2SC3=C1C=C(C=C3)Cl,,,C12H8ClNS,233.006597936,4.3329,0,0,0,BTM00002,BTM00002,N-Dealkylation of mixed tertiary amine,BTMR1145,"CYP1A2
CYP2A6
CYP2B6
CYP2C8
CYP2C9
CYP2C19
CYP2D6
CYP3A4",HUMAN,BTM00010,N1CCN(CC1)CCCN2C3=CC=CC=C3SC4=C2C=C(C=C4)Cl,"InChI=1S/C19H22ClN3S/c20-15-6-7-19-17(14-15)23(16-4-1-2-5-18(16)24-19)11-3-10-22-12-8-21-9-13-22/h1-2,4-7,14,21H,3,8-13H2",ZWIQAXTYRCAVFE-UHFFFAOYSA-N,4.1613,359.12229638400004
"InChI=1S/C19H22ClN3OS/c20-14-5-6-19-17(11-14)23(16-3-1-2-4-18(16)25-19)13-15(24)12-22-9-7-21-8-10-22/h1-6,11,15,21,24H,7-10,12-13H2",BPRMTLZDIANOEF-UHFFFAOYSA-N,N1CCN(CC1)CC(CN2C3=CC=CC=C3SC4=C2C=C(C=C4)Cl)O,,,C19H22ClN3OS,375.11721100399996,3.5882000000000005,0,0,0,BTM00063,BTM00063,Hydroxylation of acyclic aliphatic secondary carbon,BTMR1063,"CYP1A2
CYP2A6
CYP2B6
CYP2C9
CYP2E1
CYP3A4",HUMAN,BTM00010,N1CCN(CC1)CCCN2C3=CC=CC=C3SC4=C2C=C(C=C4)Cl,"InChI=1S/C19H22ClN3S/c20-15-6-7-19-17(14-15)23(16-4-1-2-5-18(16)24-19)11-3-10-22-12-8-21-9-13-22/h1-2,4-7,14,21H,3,8-13H2",ZWIQAXTYRCAVFE-UHFFFAOYSA-N,4.1613,359.12229638400004
"InChI=1S/C19H22ClN3OS/c20-15-6-7-19-17(14-15)23(11-3-10-22-12-8-21-9-13-22)16-4-1-2-5-18(16)25(19)24/h1-2,4-7,14,21H,3,8-13H2",NDIRMUAXVRCAMF-UHFFFAOYSA-N,N1CCN(CC1)CCCN2C3=CC=CC=C3S(C4=C2C=C(C=C4)Cl)=O,,,C19H22ClN3OS,375.117211004,3.0494999999999997,0,0,0,BTM00076,BTM00076,S-Oxidation of diarylthioether to sulfoxide,BTMR0059,"CYP1A2
CYP2B6
CYP2D6
CYP3A4",HUMAN,BTM00010,N1CCN(CC1)CCCN2C3=CC=CC=C3SC4=C2C=C(C=C4)Cl,"InChI=1S/C19H22ClN3S/c20-15-6-7-19-17(14-15)23(16-4-1-2-5-18(16)24-19)11-3-10-22-12-8-21-9-13-22/h1-2,4-7,14,21H,3,8-13H2",ZWIQAXTYRCAVFE-UHFFFAOYSA-N,4.1613,359.12229638400004
"InChI=1S/C19H22ClN3OS/c20-14-2-4-18-16(12-14)23(9-1-8-22-10-6-21-7-11-22)17-13-15(24)3-5-19(17)25-18/h2-5,12-13,21,24H,1,6-11H2",HMRRQWVEQLIFJI-UHFFFAOYSA-N,N1CCN(CC1)CCCN2C3=CC(=CC=C3SC4=C2C=C(C=C4)Cl)O,,,C19H22ClN3OS,375.117211004,3.8938999999999995,0,0,0,BTM00089,BTM00089,Aromatic hydroxylation of fused benzene ring,BTMR1030,"CYP1A2
CYP2A6
CYP2B6
CYP2C8
CYP2C9
CYP2C19
CYP2D6
CYP2E1
CYP3A4",HUMAN,BTM00010,N1CCN(CC1)CCCN2C3=CC=CC=C3SC4=C2C=C(C=C4)Cl,"InChI=1S/C19H22ClN3S/c20-15-6-7-19-17(14-15)23(16-4-1-2-5-18(16)24-19)11-3-10-22-12-8-21-9-13-22/h1-2,4-7,14,21H,3,8-13H2",ZWIQAXTYRCAVFE-UHFFFAOYSA-N,4.1613,359.12229638400004
"InChI=1S/C19H22ClN3OS/c20-14-2-5-18-17(12-14)23(9-1-8-22-10-6-21-7-11-22)16-4-3-15(24)13-19(16)25-18/h2-5,12-13,21,24H,1,6-11H2",ZATGPNSEKYDURV-UHFFFAOYSA-N,N1CCN(CC1)CCCN2C3=CC=C(C=C3SC4=C2C=C(C=C4)Cl)O,,,C19H22ClN3OS,375.11721100399996,3.8938999999999995,0,0,0,BTM00100,BTM00100,Aromatic hydroxylation of fused benzene ring,BTMR1030,"CYP1A2
CYP2A6
CYP2B6
CYP2C8
CYP2C9
CYP2C19
CYP2D6
CYP2E1
CYP3A4",HUMAN,BTM00010,N1CCN(CC1)CCCN2C3=CC=CC=C3SC4=C2C=C(C=C4)Cl,"InChI=1S/C19H22ClN3S/c20-15-6-7-19-17(14-15)23(16-4-1-2-5-18(16)24-19)11-3-10-22-12-8-21-9-13-22/h1-2,4-7,14,21H,3,8-13H2",ZWIQAXTYRCAVFE-UHFFFAOYSA-N,4.1613,359.12229638400004
"InChI=1S/C19H22ClN3OS/c20-14-12-16-19(13-17(14)24)25-18-5-2-1-4-15(18)23(16)9-3-8-22-10-6-21-7-11-22/h1-2,4-5,12-13,21,24H,3,6-11H2",FGZJDQUFFUZPJD-UHFFFAOYSA-N,N1CCN(CC1)CCCN2C3=CC=CC=C3SC4=C2C=C(C(=C4)O)Cl,,,C19H22ClN3OS,375.11721100399996,3.8938999999999995,0,0,0,BTM00110,BTM00110,Aromatic hydroxylation of fused benzene ring,BTMR1030,"CYP1A2
CYP2A6
CYP2B6
CYP2C8
CYP2C9
CYP2C19
CYP2D6
CYP2E1
CYP3A4",HUMAN,BTM00010,N1CCN(CC1)CCCN2C3=CC=CC=C3SC4=C2C=C(C=C4)Cl,"InChI=1S/C19H22ClN3S/c20-15-6-7-19-17(14-15)23(16-4-1-2-5-18(16)24-19)11-3-10-22-12-8-21-9-13-22/h1-2,4-7,14,21H,3,8-13H2",ZWIQAXTYRCAVFE-UHFFFAOYSA-N,4.1613,359.12229638400004
"InChI=1S/C19H22ClN3OS/c20-15-6-7-19-17(14-15)22(16-4-1-2-5-18(16)25-19)10-3-11-23(24)12-8-21-9-13-23/h1-2,4-7,14,21H,3,8-13H2",GFGSWFNTBYWZJU-UHFFFAOYSA-N,N1CC[N+](CC1)(CCCN2C3=CC=CC=C3SC4=C2C=C(C=C4)Cl)[O-],,,C19H22ClN3OS,375.11721100399996,3.7561999999999998,0,0,0,BTM00119,BTM00119,N-Oxidation of alicyclic tertiary amine,BTMR1099,"CYP1A2
CYP2C8
CYP2C19
CYP2D6
CYP3A4",HUMAN,BTM00010,N1CCN(CC1)CCCN2C3=CC=CC=C3SC4=C2C=C(C=C4)Cl,"InChI=1S/C19H22ClN3S/c20-15-6-7-19-17(14-15)23(16-4-1-2-5-18(16)24-19)11-3-10-22-12-8-21-9-13-22/h1-2,4-7,14,21H,3,8-13H2",ZWIQAXTYRCAVFE-UHFFFAOYSA-N,4.1613,359.12229638400004
"InChI=1S/C4H10N2/c1-2-6-4-3-5-1/h5-6H,1-4H2",GLUUGHFHXGJENI-UHFFFAOYSA-N,N1CCNCC1,,,C4H10N2,86.08439831999999,-0.7943999999999998,0,0,0,BTM00132,BTM00132,N-Dealkylation of alicyclic tertiary amine,BTMR1144,"CYP1A2
CYP2A6
CYP2B6
CYP2C8
CYP2C9
CYP2C19
CYP2D6
CYP3A4",HUMAN,BTM00010,N1CCN(CC1)CCCN2C3=CC=CC=C3SC4=C2C=C(C=C4)Cl,"InChI=1S/C19H22ClN3S/c20-15-6-7-19-17(14-15)23(16-4-1-2-5-18(16)24-19)11-3-10-22-12-8-21-9-13-22/h1-2,4-7,14,21H,3,8-13H2",ZWIQAXTYRCAVFE-UHFFFAOYSA-N,4.1613,359.12229638400004
"InChI=1S/C15H12ClNOS/c16-11-6-7-15-13(10-11)17(8-3-9-18)12-4-1-2-5-14(12)19-15/h1-2,4-7,9-10H,3,8H2",LCOVLCMLZVPYOH-UHFFFAOYSA-N,C(CCN1C2=CC=CC=C2SC3=C1C=C(C=C3)Cl)=O,,,C15H12ClNOS,289.03281268399996,4.290499999999999,0,0,0,BTM00012,BTM00012,N-Dealkylation of alicyclic tertiary amine,BTMR1144,"CYP1A2
CYP2A6
CYP2B6
CYP2C8
CYP2C9
CYP2C19
CYP2D6
CYP3A4",HUMAN,BTM00010,N1CCN(CC1)CCCN2C3=CC=CC=C3SC4=C2C=C(C=C4)Cl,"InChI=1S/C19H22ClN3S/c20-15-6-7-19-17(14-15)23(16-4-1-2-5-18(16)24-19)11-3-10-22-12-8-21-9-13-22/h1-2,4-7,14,21H,3,8-13H2",ZWIQAXTYRCAVFE-UHFFFAOYSA-N,4.1613,359.12229638400004
"InChI=1S/C19H22ClN3OS/c20-14-6-7-18-16(12-14)23(15-4-1-2-5-17(15)25-18)10-3-9-22-11-8-21-19(24)13-22/h1-2,4-7,12,19,21,24H,3,8-11,13H2",JJQJSRHGZOVNIG-UHFFFAOYSA-N,N1C(CN(CC1)CCCN2C3=CC=CC=C3SC4=C2C=C(C=C4)Cl)O,,,C19H22ClN3OS,375.117211004,3.821600000000002,0,0,0,BTM00133,BTM00133,Hydroxylation of heteroalicyclic secondary carbon,BTMR1070,"CYP1A2
CYP2A6
CYP2C9
CYP2D6
CYP3A4",HUMAN,BTM00010,N1CCN(CC1)CCCN2C3=CC=CC=C3SC4=C2C=C(C=C4)Cl,"InChI=1S/C19H22ClN3S/c20-15-6-7-19-17(14-15)23(16-4-1-2-5-18(16)24-19)11-3-10-22-12-8-21-9-13-22/h1-2,4-7,14,21H,3,8-13H2",ZWIQAXTYRCAVFE-UHFFFAOYSA-N,4.1613,359.12229638400004
"InChI=1S/C19H22ClN3OS/c20-14-6-7-18-16(12-14)23(15-4-1-2-5-17(15)25-18)10-3-9-22-11-8-21-13-19(22)24/h1-2,4-7,12,19,21,24H,3,8-11,13H2",XODVKDPLTGGESL-UHFFFAOYSA-N,N1CC(N(CC1)CCCN2C3=CC=CC=C3SC4=C2C=C(C=C4)Cl)O,,,C19H22ClN3OS,375.117211004,3.821600000000002,0,0,0,BTM00134,BTM00134,Hydroxylation of heteroalicyclic secondary carbon,BTMR1070,"CYP1A2
CYP2A6
CYP2C9
CYP2D6
CYP3A4",HUMAN,BTM00010,N1CCN(CC1)CCCN2C3=CC=CC=C3SC4=C2C=C(C=C4)Cl,"InChI=1S/C19H22ClN3S/c20-15-6-7-19-17(14-15)23(16-4-1-2-5-18(16)24-19)11-3-10-22-12-8-21-9-13-22/h1-2,4-7,14,21H,3,8-13H2",ZWIQAXTYRCAVFE-UHFFFAOYSA-N,4.1613,359.12229638400004
"InChI=1S/C19H22ClN3OS/c20-14-6-7-17-18(19(14)24)23(15-4-1-2-5-16(15)25-17)11-3-10-22-12-8-21-9-13-22/h1-2,4-7,21,24H,3,8-13H2",QECQNQRYGQONBB-UHFFFAOYSA-N,N1CCN(CC1)CCCN2C3=CC=CC=C3SC4=C2C(=C(C=C4)Cl)O,,,C19H22ClN3OS,375.117211004,3.8938999999999995,0,0,0,BTM00135,BTM00135,Hydroxylation of aromatic carbon ortho to halide group,BTMR1040,"CYP1A2
CYP2A6
CYP2B6
CYP2C8
CYP2C9
CYP2C19
CYP2D6
CYP2E1
CYP3A4",HUMAN,BTM00010,N1CCN(CC1)CCCN2C3=CC=CC=C3SC4=C2C=C(C=C4)Cl,"InChI=1S/C19H22ClN3S/c20-15-6-7-19-17(14-15)23(16-4-1-2-5-18(16)24-19)11-3-10-22-12-8-21-9-13-22/h1-2,4-7,14,21H,3,8-13H2",ZWIQAXTYRCAVFE-UHFFFAOYSA-N,4.1613,359.12229638400004
"InChI=1S/C19H22ClN3OS/c20-14-12-16-19(13-17(14)24)25-18-5-2-1-4-15(18)23(16)9-3-8-22-10-6-21-7-11-22/h1-2,4-5,12-13,21,24H,3,6-11H2",FGZJDQUFFUZPJD-UHFFFAOYSA-N,N1CCN(CC1)CCCN2C3=CC=CC=C3SC4=C2C=C(C(=C4)O)Cl,,,C19H22ClN3OS,375.11721100399996,3.8938999999999995,0,0,0,BTM00110,BTM00110,Hydroxylation of aromatic carbon ortho to halide group,BTMR1040,"CYP1A2
CYP2A6
CYP2B6
CYP2C8
CYP2C9
CYP2C19
CYP2D6
CYP2E1
CYP3A4",HUMAN,BTM00010,N1CCN(CC1)CCCN2C3=CC=CC=C3SC4=C2C=C(C=C4)Cl,"InChI=1S/C19H22ClN3S/c20-15-6-7-19-17(14-15)23(16-4-1-2-5-18(16)24-19)11-3-10-22-12-8-21-9-13-22/h1-2,4-7,14,21H,3,8-13H2",ZWIQAXTYRCAVFE-UHFFFAOYSA-N,4.1613,359.12229638400004
"InChI=1S/C19H22ClN3OS/c20-14-12-16-19(17(24)13-14)25-18-5-2-1-4-15(18)23(16)9-3-8-22-10-6-21-7-11-22/h1-2,4-5,12-13,21,24H,3,6-11H2",RBZWGFJTHQPNKJ-UHFFFAOYSA-N,N1CCN(CC1)CCCN2C3=CC=CC=C3SC4=C2C=C(C=C4O)Cl,,,C19H22ClN3OS,375.11721100399996,3.8938999999999995,0,0,0,BTM00136,BTM00136,Hydroxylation of aromatic carbon meta to halide group,BTMR1039,"CYP2A6
CYP2B6
CYP2C9
CYP2C19
CYP2E1
CYP3A4",HUMAN,BTM00010,N1CCN(CC1)CCCN2C3=CC=CC=C3SC4=C2C=C(C=C4)Cl,"InChI=1S/C19H22ClN3S/c20-15-6-7-19-17(14-15)23(16-4-1-2-5-18(16)24-19)11-3-10-22-12-8-21-9-13-22/h1-2,4-7,14,21H,3,8-13H2",ZWIQAXTYRCAVFE-UHFFFAOYSA-N,4.1613,359.12229638400004
"InChI=1S/C19H22ClN3OS/c20-14-6-7-18-16(12-14)23(15-4-1-2-5-17(15)25-18)10-3-9-22-11-8-21-13-19(22)24/h1-2,4-7,12,19,21,24H,3,8-11,13H2",XODVKDPLTGGESL-UHFFFAOYSA-N,N1CC(N(CC1)CCCN2C3=CC=CC=C3SC4=C2C=C(C=C4)Cl)O,,,C19H22ClN3OS,375.117211004,3.821600000000002,0,0,0,BTM00134,BTM00134,Aliphatic hydroxylation of carbon alpha to secondary or tertiary alkyl-N,BTMR1081,"CYP2B6
CYP2C19
CYP2D6",HUMAN,BTM00010,N1CCN(CC1)CCCN2C3=CC=CC=C3SC4=C2C=C(C=C4)Cl,"InChI=1S/C19H22ClN3S/c20-15-6-7-19-17(14-15)23(16-4-1-2-5-18(16)24-19)11-3-10-22-12-8-21-9-13-22/h1-2,4-7,14,21H,3,8-13H2",ZWIQAXTYRCAVFE-UHFFFAOYSA-N,4.1613,359.12229638400004
"InChI=1S/C19H22ClN3OS/c20-14-5-6-18-16(13-14)23(15-3-1-2-4-17(15)25-18)10-7-19(24)22-11-8-21-9-12-22/h1-6,13,19,21,24H,7-12H2",FFQMIXKBADLYTN-UHFFFAOYSA-N,N1CCN(CC1)C(CCN2C3=CC=CC=C3SC4=C2C=C(C=C4)Cl)O,,,C19H22ClN3OS,375.117211004,4.014800000000002,0,0,0,BTM00137,BTM00137,Aliphatic hydroxylation of carbon alpha to secondary or tertiary alkyl-N,BTMR1081,"CYP2B6
CYP2C19
CYP2D6",HUMAN,BTM00010,N1CCN(CC1)CCCN2C3=CC=CC=C3SC4=C2C=C(C=C4)Cl,"InChI=1S/C19H22ClN3S/c20-15-6-7-19-17(14-15)23(16-4-1-2-5-18(16)24-19)11-3-10-22-12-8-21-9-13-22/h1-2,4-7,14,21H,3,8-13H2",ZWIQAXTYRCAVFE-UHFFFAOYSA-N,4.1613,359.12229638400004
"InChI=1S/C19H22ClN3OS/c20-14-5-6-18-16(13-14)23(15-3-1-2-4-17(15)25-18)19(24)7-10-22-11-8-21-9-12-22/h1-6,13,19,21,24H,7-12H2",WMZNAUJXKGAKNH-UHFFFAOYSA-N,N1CCN(CC1)CCC(N2C3=CC=CC=C3SC4=C2C=C(C=C4)Cl)O,,,C19H22ClN3OS,375.11721100399996,4.014800000000002,0,0,0,BTM00138,BTM00138,Aliphatic hydroxylation of carbon alpha to secondary or tertiary alkyl-N,BTMR1081,"CYP2B6
CYP2C19
CYP2D6",HUMAN,BTM00010,N1CCN(CC1)CCCN2C3=CC=CC=C3SC4=C2C=C(C=C4)Cl,"InChI=1S/C19H22ClN3S/c20-15-6-7-19-17(14-15)23(16-4-1-2-5-18(16)24-19)11-3-10-22-12-8-21-9-13-22/h1-2,4-7,14,21H,3,8-13H2",ZWIQAXTYRCAVFE-UHFFFAOYSA-N,4.1613,359.12229638400004
"InChI=1S/C5H12N2O/c1-7(8)4-2-6-3-5-7/h6H,2-5H2,1H3",JUQWFONZRDXAAB-UHFFFAOYSA-N,C[N+]1(CCNCC1)[O-],,,C5H12N2O,116.094963004,-0.6636,0,0,0,BTM00125,BTM00125,N-Oxidation of alicyclic tertiary amine,BTMR1099,"CYP1A2
CYP2C8
CYP2C19
CYP2D6
CYP3A4",HUMAN,BTM00011,CN1CCNCC1,"InChI=1S/C5H12N2/c1-7-4-2-6-3-5-7/h6H,2-5H2,1H3",PVOAHINGSUIXLS-UHFFFAOYSA-N,-0.2585000000000002,100.10004838399999
"InChI=1S/C4H10N2/c1-2-6-4-3-5-1/h5-6H,1-4H2",GLUUGHFHXGJENI-UHFFFAOYSA-N,N1CCNCC1,,,C4H10N2,86.08439831999999,-0.7943999999999998,0,0,0,BTM00132,BTM00132,N-Dealkylation of alicyclic tertiary amine,BTMR1144,"CYP1A2
CYP2A6
CYP2B6
CYP2C8
CYP2C9
CYP2C19
CYP2D6
CYP3A4",HUMAN,BTM00011,CN1CCNCC1,"InChI=1S/C5H12N2/c1-7-4-2-6-3-5-7/h6H,2-5H2,1H3",PVOAHINGSUIXLS-UHFFFAOYSA-N,-0.2585000000000002,100.10004838399999
"InChI=1S/C5H12N2O/c1-7-3-2-6-4-5(7)8/h5-6,8H,2-4H2,1H3",BDVSDMRXQYUZSH-UHFFFAOYSA-N,CN1C(CNCC1)O,,,C5H12N2O,116.094963004,-0.5982000000000004,0,0,0,BTM00139,BTM00139,Hydroxylation of heteroalicyclic secondary carbon,BTMR1070,"CYP1A2
CYP2A6
CYP2C9
CYP2D6
CYP3A4",HUMAN,BTM00011,CN1CCNCC1,"InChI=1S/C5H12N2/c1-7-4-2-6-3-5-7/h6H,2-5H2,1H3",PVOAHINGSUIXLS-UHFFFAOYSA-N,-0.2585000000000002,100.10004838399999
"InChI=1S/C5H12N2O/c1-7-3-2-6-5(8)4-7/h5-6,8H,2-4H2,1H3",MLHLEAXCICICHG-UHFFFAOYSA-N,CN1CC(NCC1)O,,,C5H12N2O,116.094963004,-0.5982000000000004,0,0,0,BTM00140,BTM00140,Hydroxylation of heteroalicyclic secondary carbon,BTMR1070,"CYP1A2
CYP2A6
CYP2C9
CYP2D6
CYP3A4",HUMAN,BTM00011,CN1CCNCC1,"InChI=1S/C5H12N2/c1-7-4-2-6-3-5-7/h6H,2-5H2,1H3",PVOAHINGSUIXLS-UHFFFAOYSA-N,-0.2585000000000002,100.10004838399999
"InChI=1S/C3H4O2/c4-2-1-3-5/h2-3H,1H2",WSMYVTOQOOLQHP-UHFFFAOYSA-N,C(CC=O)=O,,,C3H4O2,72.021129368,-0.3500000000000001,0,0,0,BTM00045,BTM00045,N-Dealkylation of mixed tertiary amine,BTMR1145,"CYP1A2
CYP2A6
CYP2B6
CYP2C8
CYP2C9
CYP2C19
CYP2D6
CYP3A4",HUMAN,BTM00012,C(CCN1C2=CC=CC=C2SC3=C1C=C(C=C3)Cl)=O,"InChI=1S/C15H12ClNOS/c16-11-6-7-15-13(10-11)17(8-3-9-18)12-4-1-2-5-14(12)19-15/h1-2,4-7,9-10H,3,8H2",LCOVLCMLZVPYOH-UHFFFAOYSA-N,4.290499999999999,289.03281268399996
"InChI=1S/C12H8ClNS/c13-8-5-6-12-10(7-8)14-9-3-1-2-4-11(9)15-12/h1-7,14H",KFZGLJSYQXZIGP-UHFFFAOYSA-N,N1C2=CC=CC=C2SC3=C1C=C(C=C3)Cl,,,C12H8ClNS,233.006597936,4.3329,0,0,0,BTM00002,BTM00002,N-Dealkylation of mixed tertiary amine,BTMR1145,"CYP1A2
CYP2A6
CYP2B6
CYP2C8
CYP2C9
CYP2C19
CYP2D6
CYP3A4",HUMAN,BTM00012,C(CCN1C2=CC=CC=C2SC3=C1C=C(C=C3)Cl)=O,"InChI=1S/C15H12ClNOS/c16-11-6-7-15-13(10-11)17(8-3-9-18)12-4-1-2-5-14(12)19-15/h1-2,4-7,9-10H,3,8H2",LCOVLCMLZVPYOH-UHFFFAOYSA-N,4.290499999999999,289.03281268399996
"InChI=1S/C15H12ClNO2S/c16-11-6-7-15-13(10-11)17(8-3-9-18)12-4-1-2-5-14(12)20(15)19/h1-2,4-7,9-10H,3,8H2",WTNWDUUXBZPUDX-UHFFFAOYSA-N,C(CCN1C2=CC=CC=C2S(C3=C1C=C(C=C3)Cl)=O)=O,,,C15H12ClNO2S,305.027727304,3.1786999999999987,0,0,0,BTM00077,BTM00077,S-Oxidation of diarylthioether to sulfoxide,BTMR0059,"CYP1A2
CYP2B6
CYP2D6
CYP3A4",HUMAN,BTM00012,C(CCN1C2=CC=CC=C2SC3=C1C=C(C=C3)Cl)=O,"InChI=1S/C15H12ClNOS/c16-11-6-7-15-13(10-11)17(8-3-9-18)12-4-1-2-5-14(12)19-15/h1-2,4-7,9-10H,3,8H2",LCOVLCMLZVPYOH-UHFFFAOYSA-N,4.290499999999999,289.03281268399996
"InChI=1S/C15H12ClNO2S/c16-10-2-4-14-12(8-10)17(6-1-7-18)13-9-11(19)3-5-15(13)20-14/h2-5,7-9,19H,1,6H2",DGBIURSSFXCQEM-UHFFFAOYSA-N,C(CCN1C2=CC(=CC=C2SC3=C1C=C(C=C3)Cl)O)=O,,,C15H12ClNO2S,305.027727304,4.0231,0,0,0,BTM00090,BTM00090,Aromatic hydroxylation of fused benzene ring,BTMR1030,"CYP1A2
CYP2A6
CYP2B6
CYP2C8
CYP2C9
CYP2C19
CYP2D6
CYP2E1
CYP3A4",HUMAN,BTM00012,C(CCN1C2=CC=CC=C2SC3=C1C=C(C=C3)Cl)=O,"InChI=1S/C15H12ClNOS/c16-11-6-7-15-13(10-11)17(8-3-9-18)12-4-1-2-5-14(12)19-15/h1-2,4-7,9-10H,3,8H2",LCOVLCMLZVPYOH-UHFFFAOYSA-N,4.290499999999999,289.03281268399996
"InChI=1S/C15H12ClNO2S/c16-10-2-5-14-13(8-10)17(6-1-7-18)12-4-3-11(19)9-15(12)20-14/h2-5,7-9,19H,1,6H2",BHNHRZZLMUQGHG-UHFFFAOYSA-N,C(CCN1C2=CC=C(C=C2SC3=C1C=C(C=C3)Cl)O)=O,,,C15H12ClNO2S,305.027727304,4.0231,0,0,0,BTM00101,BTM00101,Aromatic hydroxylation of fused benzene ring,BTMR1030,"CYP1A2
CYP2A6
CYP2B6
CYP2C8
CYP2C9
CYP2C19
CYP2D6
CYP2E1
CYP3A4",HUMAN,BTM00012,C(CCN1C2=CC=CC=C2SC3=C1C=C(C=C3)Cl)=O,"InChI=1S/C15H12ClNOS/c16-11-6-7-15-13(10-11)17(8-3-9-18)12-4-1-2-5-14(12)19-15/h1-2,4-7,9-10H,3,8H2",LCOVLCMLZVPYOH-UHFFFAOYSA-N,4.290499999999999,289.03281268399996
"InChI=1S/C15H12ClNO2S/c16-10-8-12-15(9-13(10)19)20-14-5-2-1-4-11(14)17(12)6-3-7-18/h1-2,4-5,7-9,19H,3,6H2",UZYNQDHCRQJXFC-UHFFFAOYSA-N,C(CCN1C2=CC=CC=C2SC3=C1C=C(C(=C3)O)Cl)=O,,,C15H12ClNO2S,305.027727304,4.0231,0,0,0,BTM00111,BTM00111,Aromatic hydroxylation of fused benzene ring,BTMR1030,"CYP1A2
CYP2A6
CYP2B6
CYP2C8
CYP2C9
CYP2C19
CYP2D6
CYP2E1
CYP3A4",HUMAN,BTM00012,C(CCN1C2=CC=CC=C2SC3=C1C=C(C=C3)Cl)=O,"InChI=1S/C15H12ClNOS/c16-11-6-7-15-13(10-11)17(8-3-9-18)12-4-1-2-5-14(12)19-15/h1-2,4-7,9-10H,3,8H2",LCOVLCMLZVPYOH-UHFFFAOYSA-N,4.290499999999999,289.03281268399996
"InChI=1S/C15H12ClNO2S/c16-10-6-7-13-14(15(10)19)17(8-3-9-18)11-4-1-2-5-12(11)20-13/h1-2,4-7,9,19H,3,8H2",CWPRCHMGUFOALS-UHFFFAOYSA-N,C(CCN1C2=CC=CC=C2SC3=C1C(=C(C=C3)Cl)O)=O,,,C15H12ClNO2S,305.027727304,4.0231,0,0,0,BTM00141,BTM00141,Hydroxylation of aromatic carbon ortho to halide group,BTMR1040,"CYP1A2
CYP2A6
CYP2B6
CYP2C8
CYP2C9
CYP2C19
CYP2D6
CYP2E1
CYP3A4",HUMAN,BTM00012,C(CCN1C2=CC=CC=C2SC3=C1C=C(C=C3)Cl)=O,"InChI=1S/C15H12ClNOS/c16-11-6-7-15-13(10-11)17(8-3-9-18)12-4-1-2-5-14(12)19-15/h1-2,4-7,9-10H,3,8H2",LCOVLCMLZVPYOH-UHFFFAOYSA-N,4.290499999999999,289.03281268399996
"InChI=1S/C15H12ClNO2S/c16-10-8-12-15(9-13(10)19)20-14-5-2-1-4-11(14)17(12)6-3-7-18/h1-2,4-5,7-9,19H,3,6H2",UZYNQDHCRQJXFC-UHFFFAOYSA-N,C(CCN1C2=CC=CC=C2SC3=C1C=C(C(=C3)O)Cl)=O,,,C15H12ClNO2S,305.027727304,4.0231,0,0,0,BTM00111,BTM00111,Hydroxylation of aromatic carbon ortho to halide group,BTMR1040,"CYP1A2
CYP2A6
CYP2B6
CYP2C8
CYP2C9
CYP2C19
CYP2D6
CYP2E1
CYP3A4",HUMAN,BTM00012,C(CCN1C2=CC=CC=C2SC3=C1C=C(C=C3)Cl)=O,"InChI=1S/C15H12ClNOS/c16-11-6-7-15-13(10-11)17(8-3-9-18)12-4-1-2-5-14(12)19-15/h1-2,4-7,9-10H,3,8H2",LCOVLCMLZVPYOH-UHFFFAOYSA-N,4.290499999999999,289.03281268399996
"InChI=1S/C15H12ClNO2S/c16-10-5-6-15-13(7-10)17(8-11(19)9-18)12-3-1-2-4-14(12)20-15/h1-7,9,11,19H,8H2",JXGDXORPZNDMHY-UHFFFAOYSA-N,C(C(CN1C2=CC=CC=C2SC3=C1C=C(C=C3)Cl)O)=O,,,C15H12ClNO2S,305.027727304,3.744999999999999,0,0,0,BTM00064,BTM00064,alpha-Hydroxylation of carbonyl group,BTMR1054,"CYP1A2
CYP2A6
CYP2B6
CYP2C8
CYP2C9
CYP2C19
CYP2D6
CYP3A4",HUMAN,BTM00012,C(CCN1C2=CC=CC=C2SC3=C1C=C(C=C3)Cl)=O,"InChI=1S/C15H12ClNOS/c16-11-6-7-15-13(10-11)17(8-3-9-18)12-4-1-2-5-14(12)19-15/h1-2,4-7,9-10H,3,8H2",LCOVLCMLZVPYOH-UHFFFAOYSA-N,4.290499999999999,289.03281268399996
"InChI=1S/C15H12ClNO2S/c16-10-8-12-15(13(19)9-10)20-14-5-2-1-4-11(14)17(12)6-3-7-18/h1-2,4-5,7-9,19H,3,6H2",HTRAVRCIAHFYBZ-UHFFFAOYSA-N,C(CCN1C2=CC=CC=C2SC3=C1C=C(C=C3O)Cl)=O,,,C15H12ClNO2S,305.027727304,4.0231,0,0,0,BTM00142,BTM00142,Hydroxylation of aromatic carbon meta to halide group,BTMR1039,"CYP2A6
CYP2B6
CYP2C9
CYP2C19
CYP2E1
CYP3A4",HUMAN,BTM00012,C(CCN1C2=CC=CC=C2SC3=C1C=C(C=C3)Cl)=O,"InChI=1S/C15H12ClNOS/c16-11-6-7-15-13(10-11)17(8-3-9-18)12-4-1-2-5-14(12)19-15/h1-2,4-7,9-10H,3,8H2",LCOVLCMLZVPYOH-UHFFFAOYSA-N,4.290499999999999,289.03281268399996
"InChI=1S/C15H12ClNO2S/c16-10-5-6-14-12(9-10)17(15(19)7-8-18)11-3-1-2-4-13(11)20-14/h1-6,8-9,15,19H,7H2",VYUKQPJGQIDKEI-UHFFFAOYSA-N,C(CC(N1C2=CC=CC=C2SC3=C1C=C(C=C3)Cl)O)=O,,,C15H12ClNO2S,305.027727304,3.950800000000001,0,0,0,BTM00143,BTM00143,Aliphatic hydroxylation of carbon alpha to secondary or tertiary alkyl-N,BTMR1081,"CYP2B6
CYP2C19
CYP2D6",HUMAN,BTM00012,C(CCN1C2=CC=CC=C2SC3=C1C=C(C=C3)Cl)=O,"InChI=1S/C15H12ClNOS/c16-11-6-7-15-13(10-11)17(8-3-9-18)12-4-1-2-5-14(12)19-15/h1-2,4-7,9-10H,3,8H2",LCOVLCMLZVPYOH-UHFFFAOYSA-N,4.290499999999999,289.03281268399996
"InChI=1S/C8H16N2O2/c1-9-4-5-10(3-2-6-11)7-8(9)12/h6,8,12H,2-5,7H2,1H3",NTYVYAUYMKKIHY-UHFFFAOYSA-N,CN1C(CN(CC1)CCC=O)O,,,C8H16N2O2,172.121177752,-0.3105999999999992,0,0,0,BTM00046,BTM00046,N-Dealkylation of mixed tertiary amine,BTMR1145,"CYP1A2
CYP2A6
CYP2B6
CYP2C8
CYP2C9
CYP2C19
CYP2D6
CYP3A4",HUMAN,BTM00013,CN1C(CN(CC1)CCCN2C3=CC=CC=C3SC4=C2C=C(C=C4)Cl)O,"InChI=1S/C20H24ClN3OS/c1-22-11-12-23(14-20(22)25)9-4-10-24-16-5-2-3-6-18(16)26-19-8-7-15(21)13-17(19)24/h2-3,5-8,13,20,25H,4,9-12,14H2,1H3",DMEDRWDVVGEJQQ-UHFFFAOYSA-N,4.357500000000002,389.13286106799995
"InChI=1S/C12H8ClNS/c13-8-5-6-12-10(7-8)14-9-3-1-2-4-11(9)15-12/h1-7,14H",KFZGLJSYQXZIGP-UHFFFAOYSA-N,N1C2=CC=CC=C2SC3=C1C=C(C=C3)Cl,,,C12H8ClNS,233.006597936,4.3329,0,0,0,BTM00002,BTM00002,N-Dealkylation of mixed tertiary amine,BTMR1145,"CYP1A2
CYP2A6
CYP2B6
CYP2C8
CYP2C9
CYP2C19
CYP2D6
CYP3A4",HUMAN,BTM00013,CN1C(CN(CC1)CCCN2C3=CC=CC=C3SC4=C2C=C(C=C4)Cl)O,"InChI=1S/C20H24ClN3OS/c1-22-11-12-23(14-20(22)25)9-4-10-24-16-5-2-3-6-18(16)26-19-8-7-15(21)13-17(19)24/h2-3,5-8,13,20,25H,4,9-12,14H2,1H3",DMEDRWDVVGEJQQ-UHFFFAOYSA-N,4.357500000000002,389.13286106799995
"InChI=1S/C20H24ClN3O2S/c1-22-8-9-23(13-20(22)26)11-15(25)12-24-16-4-2-3-5-18(16)27-19-7-6-14(21)10-17(19)24/h2-7,10,15,20,25-26H,8-9,11-13H2,1H3",DTDVCESFCPTVNW-UHFFFAOYSA-N,CN1C(CN(CC1)CC(CN2C3=CC=CC=C3SC4=C2C=C(C=C4)Cl)O)O,,,C20H24ClN3O2S,405.127775688,3.7844000000000007,0,0,0,BTM00065,BTM00065,Hydroxylation of acyclic aliphatic secondary carbon,BTMR1063,"CYP1A2
CYP2A6
CYP2B6
CYP2C9
CYP2E1
CYP3A4",HUMAN,BTM00013,CN1C(CN(CC1)CCCN2C3=CC=CC=C3SC4=C2C=C(C=C4)Cl)O,"InChI=1S/C20H24ClN3OS/c1-22-11-12-23(14-20(22)25)9-4-10-24-16-5-2-3-6-18(16)26-19-8-7-15(21)13-17(19)24/h2-3,5-8,13,20,25H,4,9-12,14H2,1H3",DMEDRWDVVGEJQQ-UHFFFAOYSA-N,4.357500000000002,389.13286106799995
"InChI=1S/C20H24ClN3O2S/c1-22-11-12-23(14-20(22)25)9-4-10-24-16-5-2-3-6-18(16)27(26)19-8-7-15(21)13-17(19)24/h2-3,5-8,13,20,25H,4,9-12,14H2,1H3",MTMMFRUOKPZXHI-UHFFFAOYSA-N,CN1C(CN(CC1)CCCN2C3=CC=CC=C3S(C4=C2C=C(C=C4)Cl)=O)O,,,C20H24ClN3O2S,405.12777568800004,3.2457000000000016,0,0,0,BTM00078,BTM00078,S-Oxidation of diarylthioether to sulfoxide,BTMR0059,"CYP1A2
CYP2B6
CYP2D6
CYP3A4",HUMAN,BTM00013,CN1C(CN(CC1)CCCN2C3=CC=CC=C3SC4=C2C=C(C=C4)Cl)O,"InChI=1S/C20H24ClN3OS/c1-22-11-12-23(14-20(22)25)9-4-10-24-16-5-2-3-6-18(16)26-19-8-7-15(21)13-17(19)24/h2-3,5-8,13,20,25H,4,9-12,14H2,1H3",DMEDRWDVVGEJQQ-UHFFFAOYSA-N,4.357500000000002,389.13286106799995
"InChI=1S/C20H24ClN3O2S/c1-22-9-10-23(13-20(22)26)7-2-8-24-16-11-14(21)3-5-18(16)27-19-6-4-15(25)12-17(19)24/h3-6,11-12,20,25-26H,2,7-10,13H2,1H3",ROAOGUGUBYHFGK-UHFFFAOYSA-N,CN1C(CN(CC1)CCCN2C3=CC(=CC=C3SC4=C2C=C(C=C4)Cl)O)O,,,C20H24ClN3O2S,405.127775688,4.0901000000000005,0,0,0,BTM00091,BTM00091,Aromatic hydroxylation of fused benzene ring,BTMR1030,"CYP1A2
CYP2A6
CYP2B6
CYP2C8
CYP2C9
CYP2C19
CYP2D6
CYP2E1
CYP3A4",HUMAN,BTM00013,CN1C(CN(CC1)CCCN2C3=CC=CC=C3SC4=C2C=C(C=C4)Cl)O,"InChI=1S/C20H24ClN3OS/c1-22-11-12-23(14-20(22)25)9-4-10-24-16-5-2-3-6-18(16)26-19-8-7-15(21)13-17(19)24/h2-3,5-8,13,20,25H,4,9-12,14H2,1H3",DMEDRWDVVGEJQQ-UHFFFAOYSA-N,4.357500000000002,389.13286106799995
"InChI=1S/C20H24ClN3O2S/c1-22-9-10-23(13-20(22)26)7-2-8-24-16-5-4-15(25)12-19(16)27-18-6-3-14(21)11-17(18)24/h3-6,11-12,20,25-26H,2,7-10,13H2,1H3",BXUCJJHJMANUNZ-UHFFFAOYSA-N,CN1C(CN(CC1)CCCN2C3=CC=C(C=C3SC4=C2C=C(C=C4)Cl)O)O,,,C20H24ClN3O2S,405.127775688,4.0901000000000005,0,0,0,BTM00102,BTM00102,Aromatic hydroxylation of fused benzene ring,BTMR1030,"CYP1A2
CYP2A6
CYP2B6
CYP2C8
CYP2C9
CYP2C19
CYP2D6
CYP2E1
CYP3A4",HUMAN,BTM00013,CN1C(CN(CC1)CCCN2C3=CC=CC=C3SC4=C2C=C(C=C4)Cl)O,"InChI=1S/C20H24ClN3OS/c1-22-11-12-23(14-20(22)25)9-4-10-24-16-5-2-3-6-18(16)26-19-8-7-15(21)13-17(19)24/h2-3,5-8,13,20,25H,4,9-12,14H2,1H3",DMEDRWDVVGEJQQ-UHFFFAOYSA-N,4.357500000000002,389.13286106799995
"InChI=1S/C20H24ClN3O2S/c1-22-9-10-23(13-20(22)26)7-4-8-24-15-5-2-3-6-18(15)27-19-12-17(25)14(21)11-16(19)24/h2-3,5-6,11-12,20,25-26H,4,7-10,13H2,1H3",MHAQDNIYLLSNII-UHFFFAOYSA-N,CN1C(CN(CC1)CCCN2C3=CC=CC=C3SC4=C2C=C(C(=C4)O)Cl)O,,,C20H24ClN3O2S,405.127775688,4.0901000000000005,0,0,0,BTM00112,BTM00112,Aromatic hydroxylation of fused benzene ring,BTMR1030,"CYP1A2
CYP2A6
CYP2B6
CYP2C8
CYP2C9
CYP2C19
CYP2D6
CYP2E1
CYP3A4",HUMAN,BTM00013,CN1C(CN(CC1)CCCN2C3=CC=CC=C3SC4=C2C=C(C=C4)Cl)O,"InChI=1S/C20H24ClN3OS/c1-22-11-12-23(14-20(22)25)9-4-10-24-16-5-2-3-6-18(16)26-19-8-7-15(21)13-17(19)24/h2-3,5-8,13,20,25H,4,9-12,14H2,1H3",DMEDRWDVVGEJQQ-UHFFFAOYSA-N,4.357500000000002,389.13286106799995
"InChI=1S/C20H24ClN3O2S/c1-22-10-12-24(26,14-20(22)25)11-4-9-23-16-5-2-3-6-18(16)27-19-8-7-15(21)13-17(19)23/h2-3,5-8,13,20,25H,4,9-12,14H2,1H3",FWTNOFFJLPNWLA-UHFFFAOYSA-N,CN1C(C[N+](CC1)(CCCN2C3=CC=CC=C3SC4=C2C=C(C=C4)Cl)[O-])O,,,C20H24ClN3O2S,405.12777568800004,3.9524000000000017,0,0,0,BTM00120,BTM00120,N-Oxidation of alicyclic tertiary amine,BTMR1099,"CYP1A2
CYP2C8
CYP2C19
CYP2D6
CYP3A4",HUMAN,BTM00013,CN1C(CN(CC1)CCCN2C3=CC=CC=C3SC4=C2C=C(C=C4)Cl)O,"InChI=1S/C20H24ClN3OS/c1-22-11-12-23(14-20(22)25)9-4-10-24-16-5-2-3-6-18(16)26-19-8-7-15(21)13-17(19)24/h2-3,5-8,13,20,25H,4,9-12,14H2,1H3",DMEDRWDVVGEJQQ-UHFFFAOYSA-N,4.357500000000002,389.13286106799995
"InChI=1S/C19H22ClN3OS/c20-14-6-7-18-16(12-14)23(15-4-1-2-5-17(15)25-18)10-3-9-22-11-8-21-19(24)13-22/h1-2,4-7,12,19,21,24H,3,8-11,13H2",JJQJSRHGZOVNIG-UHFFFAOYSA-N,N1C(CN(CC1)CCCN2C3=CC=CC=C3SC4=C2C=C(C=C4)Cl)O,,,C19H22ClN3OS,375.117211004,3.821600000000002,0,0,0,BTM00133,BTM00133,N-Dealkylation of alicyclic tertiary amine,BTMR1144,"CYP1A2
CYP2A6
CYP2B6
CYP2C8
CYP2C9
CYP2C19
CYP2D6
CYP3A4",HUMAN,BTM00013,CN1C(CN(CC1)CCCN2C3=CC=CC=C3SC4=C2C=C(C=C4)Cl)O,"InChI=1S/C20H24ClN3OS/c1-22-11-12-23(14-20(22)25)9-4-10-24-16-5-2-3-6-18(16)26-19-8-7-15(21)13-17(19)24/h2-3,5-8,13,20,25H,4,9-12,14H2,1H3",DMEDRWDVVGEJQQ-UHFFFAOYSA-N,4.357500000000002,389.13286106799995
"InChI=1S/C5H12N2O/c1-7-3-2-6-4-5(7)8/h5-6,8H,2-4H2,1H3",BDVSDMRXQYUZSH-UHFFFAOYSA-N,CN1C(CNCC1)O,,,C5H12N2O,116.094963004,-0.5982000000000004,0,0,0,BTM00139,BTM00139,N-Dealkylation of alicyclic tertiary amine,BTMR1144,"CYP1A2
CYP2A6
CYP2B6
CYP2C8
CYP2C9
CYP2C19
CYP2D6
CYP3A4",HUMAN,BTM00013,CN1C(CN(CC1)CCCN2C3=CC=CC=C3SC4=C2C=C(C=C4)Cl)O,"InChI=1S/C20H24ClN3OS/c1-22-11-12-23(14-20(22)25)9-4-10-24-16-5-2-3-6-18(16)26-19-8-7-15(21)13-17(19)24/h2-3,5-8,13,20,25H,4,9-12,14H2,1H3",DMEDRWDVVGEJQQ-UHFFFAOYSA-N,4.357500000000002,389.13286106799995
"InChI=1S/C15H12ClNOS/c16-11-6-7-15-13(10-11)17(8-3-9-18)12-4-1-2-5-14(12)19-15/h1-2,4-7,9-10H,3,8H2",LCOVLCMLZVPYOH-UHFFFAOYSA-N,C(CCN1C2=CC=CC=C2SC3=C1C=C(C=C3)Cl)=O,,,C15H12ClNOS,289.03281268399996,4.290499999999999,0,0,0,BTM00012,BTM00012,N-Dealkylation of alicyclic tertiary amine,BTMR1144,"CYP1A2
CYP2A6
CYP2B6
CYP2C8
CYP2C9
CYP2C19
CYP2D6
CYP3A4",HUMAN,BTM00013,CN1C(CN(CC1)CCCN2C3=CC=CC=C3SC4=C2C=C(C=C4)Cl)O,"InChI=1S/C20H24ClN3OS/c1-22-11-12-23(14-20(22)25)9-4-10-24-16-5-2-3-6-18(16)26-19-8-7-15(21)13-17(19)24/h2-3,5-8,13,20,25H,4,9-12,14H2,1H3",DMEDRWDVVGEJQQ-UHFFFAOYSA-N,4.357500000000002,389.13286106799995
"InChI=1S/C20H24ClN3O2S/c1-22-10-12-24(26,14-20(22)25)11-4-9-23-16-5-2-3-6-18(16)27-19-8-7-15(21)13-17(19)23/h2-3,5-8,13,20,25H,4,9-12,14H2,1H3",FWTNOFFJLPNWLA-UHFFFAOYSA-N,CN1C(C[N+](CC1)(CCCN2C3=CC=CC=C3SC4=C2C=C(C=C4)Cl)[O-])O,,,C20H24ClN3O2S,405.12777568800004,3.9524000000000017,0,0,0,BTM00120,BTM00120,N-Oxidation of aliphatic tertiary amine,BTMR1100,"CYP1A2
CYP2D6
CYP3A4",HUMAN,BTM00013,CN1C(CN(CC1)CCCN2C3=CC=CC=C3SC4=C2C=C(C=C4)Cl)O,"InChI=1S/C20H24ClN3OS/c1-22-11-12-23(14-20(22)25)9-4-10-24-16-5-2-3-6-18(16)26-19-8-7-15(21)13-17(19)24/h2-3,5-8,13,20,25H,4,9-12,14H2,1H3",DMEDRWDVVGEJQQ-UHFFFAOYSA-N,4.357500000000002,389.13286106799995
"InChI=1S/C20H24ClN3O2S/c1-24(26)12-11-22(14-20(24)25)9-4-10-23-16-5-2-3-6-18(16)27-19-8-7-15(21)13-17(19)23/h2-3,5-8,13,20,25H,4,9-12,14H2,1H3",QEJKHNCBBWUQOT-UHFFFAOYSA-N,C[N+]1(C(CN(CC1)CCCN2C3=CC=CC=C3SC4=C2C=C(C=C4)Cl)O)[O-],,,C20H24ClN3O2S,405.12777568800004,3.9524000000000017,0,0,0,BTM00126,BTM00126,N-Oxidation of aliphatic tertiary amine,BTMR1100,"CYP1A2
CYP2D6
CYP3A4",HUMAN,BTM00013,CN1C(CN(CC1)CCCN2C3=CC=CC=C3SC4=C2C=C(C=C4)Cl)O,"InChI=1S/C20H24ClN3OS/c1-22-11-12-23(14-20(22)25)9-4-10-24-16-5-2-3-6-18(16)26-19-8-7-15(21)13-17(19)24/h2-3,5-8,13,20,25H,4,9-12,14H2,1H3",DMEDRWDVVGEJQQ-UHFFFAOYSA-N,4.357500000000002,389.13286106799995
"InChI=1S/C20H24ClN3O2S/c1-22-11-12-23(20(26)19(22)25)9-4-10-24-15-5-2-3-6-17(15)27-18-8-7-14(21)13-16(18)24/h2-3,5-8,13,19-20,25-26H,4,9-12H2,1H3",TZMKDJWEPPGBLG-UHFFFAOYSA-N,CN1C(C(N(CC1)CCCN2C3=CC=CC=C3SC4=C2C=C(C=C4)Cl)O)O,,,C20H24ClN3O2S,405.127775688,4.017800000000001,0,0,0,BTM00144,BTM00144,Hydroxylation of heteroalicyclic secondary carbon,BTMR1070,"CYP1A2
CYP2A6
CYP2C9
CYP2D6
CYP3A4",HUMAN,BTM00013,CN1C(CN(CC1)CCCN2C3=CC=CC=C3SC4=C2C=C(C=C4)Cl)O,"InChI=1S/C20H24ClN3OS/c1-22-11-12-23(14-20(22)25)9-4-10-24-16-5-2-3-6-18(16)26-19-8-7-15(21)13-17(19)24/h2-3,5-8,13,20,25H,4,9-12,14H2,1H3",DMEDRWDVVGEJQQ-UHFFFAOYSA-N,4.357500000000002,389.13286106799995
"InChI=1S/C20H24ClN3O2S/c1-22-12-20(26)23(13-19(22)25)9-4-10-24-15-5-2-3-6-17(15)27-18-8-7-14(21)11-16(18)24/h2-3,5-8,11,19-20,25-26H,4,9-10,12-13H2,1H3",JAQYDYXUAOHTAL-UHFFFAOYSA-N,CN1C(CN(C(C1)O)CCCN2C3=CC=CC=C3SC4=C2C=C(C=C4)Cl)O,,,C20H24ClN3O2S,405.127775688,4.017800000000001,0,0,0,BTM00145,BTM00145,Hydroxylation of heteroalicyclic secondary carbon,BTMR1070,"CYP1A2
CYP2A6
CYP2C9
CYP2D6
CYP3A4",HUMAN,BTM00013,CN1C(CN(CC1)CCCN2C3=CC=CC=C3SC4=C2C=C(C=C4)Cl)O,"InChI=1S/C20H24ClN3OS/c1-22-11-12-23(14-20(22)25)9-4-10-24-16-5-2-3-6-18(16)26-19-8-7-15(21)13-17(19)24/h2-3,5-8,13,20,25H,4,9-12,14H2,1H3",DMEDRWDVVGEJQQ-UHFFFAOYSA-N,4.357500000000002,389.13286106799995
"InChI=1S/C20H24ClN3O2S/c1-22-19(25)12-23(13-20(22)26)9-4-10-24-15-5-2-3-6-17(15)27-18-8-7-14(21)11-16(18)24/h2-3,5-8,11,19-20,25-26H,4,9-10,12-13H2,1H3",RWSCOLXHVTZUJQ-UHFFFAOYSA-N,CN1C(CN(CC1O)CCCN2C3=CC=CC=C3SC4=C2C=C(C=C4)Cl)O,,,C20H24ClN3O2S,405.127775688,4.017800000000001,0,0,0,BTM00146,BTM00146,Hydroxylation of heteroalicyclic secondary carbon,BTMR1070,"CYP1A2
CYP2A6
CYP2C9
CYP2D6
CYP3A4",HUMAN,BTM00013,CN1C(CN(CC1)CCCN2C3=CC=CC=C3SC4=C2C=C(C=C4)Cl)O,"InChI=1S/C20H24ClN3OS/c1-22-11-12-23(14-20(22)25)9-4-10-24-16-5-2-3-6-18(16)26-19-8-7-15(21)13-17(19)24/h2-3,5-8,13,20,25H,4,9-12,14H2,1H3",DMEDRWDVVGEJQQ-UHFFFAOYSA-N,4.357500000000002,389.13286106799995
"InChI=1S/C20H24ClN3O2S/c1-22-11-12-23(13-18(22)25)9-4-10-24-15-5-2-3-6-16(15)27-17-8-7-14(21)20(26)19(17)24/h2-3,5-8,18,25-26H,4,9-13H2,1H3",KNCBQDTZYWJPGH-UHFFFAOYSA-N,CN1C(CN(CC1)CCCN2C3=CC=CC=C3SC4=C2C(=C(C=C4)Cl)O)O,,,C20H24ClN3O2S,405.127775688,4.0901000000000005,0,0,0,BTM00147,BTM00147,Hydroxylation of aromatic carbon ortho to halide group,BTMR1040,"CYP1A2
CYP2A6
CYP2B6
CYP2C8
CYP2C9
CYP2C19
CYP2D6
CYP2E1
CYP3A4",HUMAN,BTM00013,CN1C(CN(CC1)CCCN2C3=CC=CC=C3SC4=C2C=C(C=C4)Cl)O,"InChI=1S/C20H24ClN3OS/c1-22-11-12-23(14-20(22)25)9-4-10-24-16-5-2-3-6-18(16)26-19-8-7-15(21)13-17(19)24/h2-3,5-8,13,20,25H,4,9-12,14H2,1H3",DMEDRWDVVGEJQQ-UHFFFAOYSA-N,4.357500000000002,389.13286106799995
"InChI=1S/C20H24ClN3O2S/c1-22-9-10-23(13-20(22)26)7-4-8-24-15-5-2-3-6-18(15)27-19-12-17(25)14(21)11-16(19)24/h2-3,5-6,11-12,20,25-26H,4,7-10,13H2,1H3",MHAQDNIYLLSNII-UHFFFAOYSA-N,CN1C(CN(CC1)CCCN2C3=CC=CC=C3SC4=C2C=C(C(=C4)O)Cl)O,,,C20H24ClN3O2S,405.127775688,4.0901000000000005,0,0,0,BTM00112,BTM00112,Hydroxylation of aromatic carbon ortho to halide group,BTMR1040,"CYP1A2
CYP2A6
CYP2B6
CYP2C8
CYP2C9
CYP2C19
CYP2D6
CYP2E1
CYP3A4",HUMAN,BTM00013,CN1C(CN(CC1)CCCN2C3=CC=CC=C3SC4=C2C=C(C=C4)Cl)O,"InChI=1S/C20H24ClN3OS/c1-22-11-12-23(14-20(22)25)9-4-10-24-16-5-2-3-6-18(16)26-19-8-7-15(21)13-17(19)24/h2-3,5-8,13,20,25H,4,9-12,14H2,1H3",DMEDRWDVVGEJQQ-UHFFFAOYSA-N,4.357500000000002,389.13286106799995
"InChI=1S/C20H24ClN3O2S/c1-22-9-10-23(13-19(22)26)7-4-8-24-15-5-2-3-6-18(15)27-20-16(24)11-14(21)12-17(20)25/h2-3,5-6,11-12,19,25-26H,4,7-10,13H2,1H3",QNXSPWDINXPZAP-UHFFFAOYSA-N,CN1C(CN(CC1)CCCN2C3=CC=CC=C3SC4=C2C=C(C=C4O)Cl)O,,,C20H24ClN3O2S,405.127775688,4.0901000000000005,0,0,0,BTM00148,BTM00148,Hydroxylation of aromatic carbon meta to halide group,BTMR1039,"CYP2A6
CYP2B6
CYP2C9
CYP2C19
CYP2E1
CYP3A4",HUMAN,BTM00013,CN1C(CN(CC1)CCCN2C3=CC=CC=C3SC4=C2C=C(C=C4)Cl)O,"InChI=1S/C20H24ClN3OS/c1-22-11-12-23(14-20(22)25)9-4-10-24-16-5-2-3-6-18(16)26-19-8-7-15(21)13-17(19)24/h2-3,5-8,13,20,25H,4,9-12,14H2,1H3",DMEDRWDVVGEJQQ-UHFFFAOYSA-N,4.357500000000002,389.13286106799995
"InChI=1S/C20H24ClN3O2S/c1-22-11-12-23(20(26)19(22)25)9-4-10-24-15-5-2-3-6-17(15)27-18-8-7-14(21)13-16(18)24/h2-3,5-8,13,19-20,25-26H,4,9-12H2,1H3",TZMKDJWEPPGBLG-UHFFFAOYSA-N,CN1C(C(N(CC1)CCCN2C3=CC=CC=C3SC4=C2C=C(C=C4)Cl)O)O,,,C20H24ClN3O2S,405.127775688,4.017800000000001,0,0,0,BTM00144,BTM00144,Aliphatic hydroxylation of carbon alpha to secondary or tertiary alkyl-N,BTMR1081,"CYP2B6
CYP2C19
CYP2D6",HUMAN,BTM00013,CN1C(CN(CC1)CCCN2C3=CC=CC=C3SC4=C2C=C(C=C4)Cl)O,"InChI=1S/C20H24ClN3OS/c1-22-11-12-23(14-20(22)25)9-4-10-24-16-5-2-3-6-18(16)26-19-8-7-15(21)13-17(19)24/h2-3,5-8,13,20,25H,4,9-12,14H2,1H3",DMEDRWDVVGEJQQ-UHFFFAOYSA-N,4.357500000000002,389.13286106799995
"InChI=1S/C20H24ClN3O2S/c1-22-10-11-23(13-20(22)26)19(25)8-9-24-15-4-2-3-5-17(15)27-18-7-6-14(21)12-16(18)24/h2-7,12,19-20,25-26H,8-11,13H2,1H3",LBVFPYSJCLKXBR-UHFFFAOYSA-N,CN1C(CN(CC1)C(CCN2C3=CC=CC=C3SC4=C2C=C(C=C4)Cl)O)O,,,C20H24ClN3O2S,405.12777568800004,4.211000000000001,0,0,0,BTM00149,BTM00149,Aliphatic hydroxylation of carbon alpha to secondary or tertiary alkyl-N,BTMR1081,"CYP2B6
CYP2C19
CYP2D6",HUMAN,BTM00013,CN1C(CN(CC1)CCCN2C3=CC=CC=C3SC4=C2C=C(C=C4)Cl)O,"InChI=1S/C20H24ClN3OS/c1-22-11-12-23(14-20(22)25)9-4-10-24-16-5-2-3-6-18(16)26-19-8-7-15(21)13-17(19)24/h2-3,5-8,13,20,25H,4,9-12,14H2,1H3",DMEDRWDVVGEJQQ-UHFFFAOYSA-N,4.357500000000002,389.13286106799995
"InChI=1S/C20H24ClN3O2S/c1-22-10-11-23(13-20(22)26)9-8-19(25)24-15-4-2-3-5-17(15)27-18-7-6-14(21)12-16(18)24/h2-7,12,19-20,25-26H,8-11,13H2,1H3",YVSXBAUMZMKDPH-UHFFFAOYSA-N,CN1C(CN(CC1)CCC(N2C3=CC=CC=C3SC4=C2C=C(C=C4)Cl)O)O,,,C20H24ClN3O2S,405.12777568800004,4.211000000000001,0,0,0,BTM00150,BTM00150,Aliphatic hydroxylation of carbon alpha to secondary or tertiary alkyl-N,BTMR1081,"CYP2B6
CYP2C19
CYP2D6",HUMAN,BTM00013,CN1C(CN(CC1)CCCN2C3=CC=CC=C3SC4=C2C=C(C=C4)Cl)O,"InChI=1S/C20H24ClN3OS/c1-22-11-12-23(14-20(22)25)9-4-10-24-16-5-2-3-6-18(16)26-19-8-7-15(21)13-17(19)24/h2-3,5-8,13,20,25H,4,9-12,14H2,1H3",DMEDRWDVVGEJQQ-UHFFFAOYSA-N,4.357500000000002,389.13286106799995
"InChI=1S/C20H24ClN3O2S/c1-22-12-20(26)23(13-19(22)25)9-4-10-24-15-5-2-3-6-17(15)27-18-8-7-14(21)11-16(18)24/h2-3,5-8,11,19-20,25-26H,4,9-10,12-13H2,1H3",JAQYDYXUAOHTAL-UHFFFAOYSA-N,CN1C(CN(C(C1)O)CCCN2C3=CC=CC=C3SC4=C2C=C(C=C4)Cl)O,,,C20H24ClN3O2S,405.127775688,4.017800000000001,0,0,0,BTM00145,BTM00145,Aliphatic hydroxylation of carbon alpha to secondary or tertiary alkyl-N,BTMR1081,"CYP2B6
CYP2C19
CYP2D6",HUMAN,BTM00013,CN1C(CN(CC1)CCCN2C3=CC=CC=C3SC4=C2C=C(C=C4)Cl)O,"InChI=1S/C20H24ClN3OS/c1-22-11-12-23(14-20(22)25)9-4-10-24-16-5-2-3-6-18(16)26-19-8-7-15(21)13-17(19)24/h2-3,5-8,13,20,25H,4,9-12,14H2,1H3",DMEDRWDVVGEJQQ-UHFFFAOYSA-N,4.357500000000002,389.13286106799995
"InChI=1S/C8H16N2O2/c1-9-4-5-10(3-2-6-11)8(12)7-9/h6,8,12H,2-5,7H2,1H3",IBYRFGIGCHGHQU-UHFFFAOYSA-N,CN1CC(N(CC1)CCC=O)O,,,C8H16N2O2,172.121177752,-0.3105999999999992,0,0,0,BTM00047,BTM00047,N-Dealkylation of mixed tertiary amine,BTMR1145,"CYP1A2
CYP2A6
CYP2B6
CYP2C8
CYP2C9
CYP2C19
CYP2D6
CYP3A4",HUMAN,BTM00014,CN1CC(N(CC1)CCCN2C3=CC=CC=C3SC4=C2C=C(C=C4)Cl)O,"InChI=1S/C20H24ClN3OS/c1-22-11-12-23(20(25)14-22)9-4-10-24-16-5-2-3-6-18(16)26-19-8-7-15(21)13-17(19)24/h2-3,5-8,13,20,25H,4,9-12,14H2,1H3",CNGHZKYDNUPWTA-UHFFFAOYSA-N,4.357500000000002,389.13286106799995
"InChI=1S/C12H8ClNS/c13-8-5-6-12-10(7-8)14-9-3-1-2-4-11(9)15-12/h1-7,14H",KFZGLJSYQXZIGP-UHFFFAOYSA-N,N1C2=CC=CC=C2SC3=C1C=C(C=C3)Cl,,,C12H8ClNS,233.006597936,4.3329,0,0,0,BTM00002,BTM00002,N-Dealkylation of mixed tertiary amine,BTMR1145,"CYP1A2
CYP2A6
CYP2B6
CYP2C8
CYP2C9
CYP2C19
CYP2D6
CYP3A4",HUMAN,BTM00014,CN1CC(N(CC1)CCCN2C3=CC=CC=C3SC4=C2C=C(C=C4)Cl)O,"InChI=1S/C20H24ClN3OS/c1-22-11-12-23(20(25)14-22)9-4-10-24-16-5-2-3-6-18(16)26-19-8-7-15(21)13-17(19)24/h2-3,5-8,13,20,25H,4,9-12,14H2,1H3",CNGHZKYDNUPWTA-UHFFFAOYSA-N,4.357500000000002,389.13286106799995
"InChI=1S/C20H24ClN3O2S/c1-22-8-9-23(20(26)13-22)11-15(25)12-24-16-4-2-3-5-18(16)27-19-7-6-14(21)10-17(19)24/h2-7,10,15,20,25-26H,8-9,11-13H2,1H3",XTSYOPVWLCYMHV-UHFFFAOYSA-N,CN1CC(N(CC1)CC(CN2C3=CC=CC=C3SC4=C2C=C(C=C4)Cl)O)O,,,C20H24ClN3O2S,405.12777568800004,3.7844000000000007,0,0,0,BTM00066,BTM00066,Hydroxylation of acyclic aliphatic secondary carbon,BTMR1063,"CYP1A2
CYP2A6
CYP2B6
CYP2C9
CYP2E1
CYP3A4",HUMAN,BTM00014,CN1CC(N(CC1)CCCN2C3=CC=CC=C3SC4=C2C=C(C=C4)Cl)O,"InChI=1S/C20H24ClN3OS/c1-22-11-12-23(20(25)14-22)9-4-10-24-16-5-2-3-6-18(16)26-19-8-7-15(21)13-17(19)24/h2-3,5-8,13,20,25H,4,9-12,14H2,1H3",CNGHZKYDNUPWTA-UHFFFAOYSA-N,4.357500000000002,389.13286106799995
"InChI=1S/C20H24ClN3O2S/c1-22-11-12-23(20(25)14-22)9-4-10-24-16-5-2-3-6-18(16)27(26)19-8-7-15(21)13-17(19)24/h2-3,5-8,13,20,25H,4,9-12,14H2,1H3",BLDBVBRDUIIWMB-UHFFFAOYSA-N,CN1CC(N(CC1)CCCN2C3=CC=CC=C3S(C4=C2C=C(C=C4)Cl)=O)O,,,C20H24ClN3O2S,405.127775688,3.2457000000000016,0,0,0,BTM00079,BTM00079,S-Oxidation of diarylthioether to sulfoxide,BTMR0059,"CYP1A2
CYP2B6
CYP2D6
CYP3A4",HUMAN,BTM00014,CN1CC(N(CC1)CCCN2C3=CC=CC=C3SC4=C2C=C(C=C4)Cl)O,"InChI=1S/C20H24ClN3OS/c1-22-11-12-23(20(25)14-22)9-4-10-24-16-5-2-3-6-18(16)26-19-8-7-15(21)13-17(19)24/h2-3,5-8,13,20,25H,4,9-12,14H2,1H3",CNGHZKYDNUPWTA-UHFFFAOYSA-N,4.357500000000002,389.13286106799995
"InChI=1S/C20H24ClN3O2S/c1-22-9-10-23(20(26)13-22)7-2-8-24-16-11-14(21)3-5-18(16)27-19-6-4-15(25)12-17(19)24/h3-6,11-12,20,25-26H,2,7-10,13H2,1H3",LZRMLPWIKCKZDY-UHFFFAOYSA-N,CN1CC(N(CC1)CCCN2C3=CC(=CC=C3SC4=C2C=C(C=C4)Cl)O)O,,,C20H24ClN3O2S,405.127775688,4.0901000000000005,0,0,0,BTM00092,BTM00092,Aromatic hydroxylation of fused benzene ring,BTMR1030,"CYP1A2
CYP2A6
CYP2B6
CYP2C8
CYP2C9
CYP2C19
CYP2D6
CYP2E1
CYP3A4",HUMAN,BTM00014,CN1CC(N(CC1)CCCN2C3=CC=CC=C3SC4=C2C=C(C=C4)Cl)O,"InChI=1S/C20H24ClN3OS/c1-22-11-12-23(20(25)14-22)9-4-10-24-16-5-2-3-6-18(16)26-19-8-7-15(21)13-17(19)24/h2-3,5-8,13,20,25H,4,9-12,14H2,1H3",CNGHZKYDNUPWTA-UHFFFAOYSA-N,4.357500000000002,389.13286106799995
"InChI=1S/C20H24ClN3O2S/c1-22-9-10-23(20(26)13-22)7-2-8-24-16-5-4-15(25)12-19(16)27-18-6-3-14(21)11-17(18)24/h3-6,11-12,20,25-26H,2,7-10,13H2,1H3",PWJLMOSFTYAUMA-UHFFFAOYSA-N,CN1CC(N(CC1)CCCN2C3=CC=C(C=C3SC4=C2C=C(C=C4)Cl)O)O,,,C20H24ClN3O2S,405.127775688,4.0901000000000005,0,0,0,BTM00103,BTM00103,Aromatic hydroxylation of fused benzene ring,BTMR1030,"CYP1A2
CYP2A6
CYP2B6
CYP2C8
CYP2C9
CYP2C19
CYP2D6
CYP2E1
CYP3A4",HUMAN,BTM00014,CN1CC(N(CC1)CCCN2C3=CC=CC=C3SC4=C2C=C(C=C4)Cl)O,"InChI=1S/C20H24ClN3OS/c1-22-11-12-23(20(25)14-22)9-4-10-24-16-5-2-3-6-18(16)26-19-8-7-15(21)13-17(19)24/h2-3,5-8,13,20,25H,4,9-12,14H2,1H3",CNGHZKYDNUPWTA-UHFFFAOYSA-N,4.357500000000002,389.13286106799995
"InChI=1S/C20H24ClN3O2S/c1-22-9-10-23(20(26)13-22)7-4-8-24-15-5-2-3-6-18(15)27-19-12-17(25)14(21)11-16(19)24/h2-3,5-6,11-12,20,25-26H,4,7-10,13H2,1H3",VYEMYVHVKYVXOH-UHFFFAOYSA-N,CN1CC(N(CC1)CCCN2C3=CC=CC=C3SC4=C2C=C(C(=C4)O)Cl)O,,,C20H24ClN3O2S,405.127775688,4.0901000000000005,0,0,0,BTM00113,BTM00113,Aromatic hydroxylation of fused benzene ring,BTMR1030,"CYP1A2
CYP2A6
CYP2B6
CYP2C8
CYP2C9
CYP2C19
CYP2D6
CYP2E1
CYP3A4",HUMAN,BTM00014,CN1CC(N(CC1)CCCN2C3=CC=CC=C3SC4=C2C=C(C=C4)Cl)O,"InChI=1S/C20H24ClN3OS/c1-22-11-12-23(20(25)14-22)9-4-10-24-16-5-2-3-6-18(16)26-19-8-7-15(21)13-17(19)24/h2-3,5-8,13,20,25H,4,9-12,14H2,1H3",CNGHZKYDNUPWTA-UHFFFAOYSA-N,4.357500000000002,389.13286106799995
"InChI=1S/C20H24ClN3O2S/c1-24(26)12-11-22(20(25)14-24)9-4-10-23-16-5-2-3-6-18(16)27-19-8-7-15(21)13-17(19)23/h2-3,5-8,13,20,25H,4,9-12,14H2,1H3",FWSBLRIYFQMCHS-UHFFFAOYSA-N,C[N+]1(CC(N(CC1)CCCN2C3=CC=CC=C3SC4=C2C=C(C=C4)Cl)O)[O-],,,C20H24ClN3O2S,405.127775688,3.9524000000000017,0,0,0,BTM00127,BTM00127,N-Oxidation of alicyclic tertiary amine,BTMR1099,"CYP1A2
CYP2C8
CYP2C19
CYP2D6
CYP3A4",HUMAN,BTM00014,CN1CC(N(CC1)CCCN2C3=CC=CC=C3SC4=C2C=C(C=C4)Cl)O,"InChI=1S/C20H24ClN3OS/c1-22-11-12-23(20(25)14-22)9-4-10-24-16-5-2-3-6-18(16)26-19-8-7-15(21)13-17(19)24/h2-3,5-8,13,20,25H,4,9-12,14H2,1H3",CNGHZKYDNUPWTA-UHFFFAOYSA-N,4.357500000000002,389.13286106799995
"InChI=1S/C19H22ClN3OS/c20-14-6-7-18-16(12-14)23(15-4-1-2-5-17(15)25-18)10-3-9-22-11-8-21-13-19(22)24/h1-2,4-7,12,19,21,24H,3,8-11,13H2",XODVKDPLTGGESL-UHFFFAOYSA-N,N1CC(N(CC1)CCCN2C3=CC=CC=C3SC4=C2C=C(C=C4)Cl)O,,,C19H22ClN3OS,375.117211004,3.821600000000002,0,0,0,BTM00134,BTM00134,N-Dealkylation of alicyclic tertiary amine,BTMR1144,"CYP1A2
CYP2A6
CYP2B6
CYP2C8
CYP2C9
CYP2C19
CYP2D6
CYP3A4",HUMAN,BTM00014,CN1CC(N(CC1)CCCN2C3=CC=CC=C3SC4=C2C=C(C=C4)Cl)O,"InChI=1S/C20H24ClN3OS/c1-22-11-12-23(20(25)14-22)9-4-10-24-16-5-2-3-6-18(16)26-19-8-7-15(21)13-17(19)24/h2-3,5-8,13,20,25H,4,9-12,14H2,1H3",CNGHZKYDNUPWTA-UHFFFAOYSA-N,4.357500000000002,389.13286106799995
"InChI=1S/C5H12N2O/c1-7-3-2-6-5(8)4-7/h5-6,8H,2-4H2,1H3",MLHLEAXCICICHG-UHFFFAOYSA-N,CN1CC(NCC1)O,,,C5H12N2O,116.094963004,-0.5982000000000004,0,0,0,BTM00140,BTM00140,N-Dealkylation of alicyclic tertiary amine,BTMR1144,"CYP1A2
CYP2A6
CYP2B6
CYP2C8
CYP2C9
CYP2C19
CYP2D6
CYP3A4",HUMAN,BTM00014,CN1CC(N(CC1)CCCN2C3=CC=CC=C3SC4=C2C=C(C=C4)Cl)O,"InChI=1S/C20H24ClN3OS/c1-22-11-12-23(20(25)14-22)9-4-10-24-16-5-2-3-6-18(16)26-19-8-7-15(21)13-17(19)24/h2-3,5-8,13,20,25H,4,9-12,14H2,1H3",CNGHZKYDNUPWTA-UHFFFAOYSA-N,4.357500000000002,389.13286106799995
"InChI=1S/C15H12ClNOS/c16-11-6-7-15-13(10-11)17(8-3-9-18)12-4-1-2-5-14(12)19-15/h1-2,4-7,9-10H,3,8H2",LCOVLCMLZVPYOH-UHFFFAOYSA-N,C(CCN1C2=CC=CC=C2SC3=C1C=C(C=C3)Cl)=O,,,C15H12ClNOS,289.03281268399996,4.290499999999999,0,0,0,BTM00012,BTM00012,N-Dealkylation of alicyclic tertiary amine,BTMR1144,"CYP1A2
CYP2A6
CYP2B6
CYP2C8
CYP2C9
CYP2C19
CYP2D6
CYP3A4",HUMAN,BTM00014,CN1CC(N(CC1)CCCN2C3=CC=CC=C3SC4=C2C=C(C=C4)Cl)O,"InChI=1S/C20H24ClN3OS/c1-22-11-12-23(20(25)14-22)9-4-10-24-16-5-2-3-6-18(16)26-19-8-7-15(21)13-17(19)24/h2-3,5-8,13,20,25H,4,9-12,14H2,1H3",CNGHZKYDNUPWTA-UHFFFAOYSA-N,4.357500000000002,389.13286106799995
"InChI=1S/C20H24ClN3O2S/c1-22-10-12-24(26,20(25)14-22)11-4-9-23-16-5-2-3-6-18(16)27-19-8-7-15(21)13-17(19)23/h2-3,5-8,13,20,25H,4,9-12,14H2,1H3",USDKUPGWRLWJOK-UHFFFAOYSA-N,CN1CC([N+](CC1)(CCCN2C3=CC=CC=C3SC4=C2C=C(C=C4)Cl)[O-])O,,,C20H24ClN3O2S,405.12777568800004,3.9524000000000017,0,0,0,BTM00121,BTM00121,N-Oxidation of aliphatic tertiary amine,BTMR1100,"CYP1A2
CYP2D6
CYP3A4",HUMAN,BTM00014,CN1CC(N(CC1)CCCN2C3=CC=CC=C3SC4=C2C=C(C=C4)Cl)O,"InChI=1S/C20H24ClN3OS/c1-22-11-12-23(20(25)14-22)9-4-10-24-16-5-2-3-6-18(16)26-19-8-7-15(21)13-17(19)24/h2-3,5-8,13,20,25H,4,9-12,14H2,1H3",CNGHZKYDNUPWTA-UHFFFAOYSA-N,4.357500000000002,389.13286106799995
"InChI=1S/C20H24ClN3O2S/c1-24(26)12-11-22(20(25)14-24)9-4-10-23-16-5-2-3-6-18(16)27-19-8-7-15(21)13-17(19)23/h2-3,5-8,13,20,25H,4,9-12,14H2,1H3",FWSBLRIYFQMCHS-UHFFFAOYSA-N,C[N+]1(CC(N(CC1)CCCN2C3=CC=CC=C3SC4=C2C=C(C=C4)Cl)O)[O-],,,C20H24ClN3O2S,405.127775688,3.9524000000000017,0,0,0,BTM00127,BTM00127,N-Oxidation of aliphatic tertiary amine,BTMR1100,"CYP1A2
CYP2D6
CYP3A4",HUMAN,BTM00014,CN1CC(N(CC1)CCCN2C3=CC=CC=C3SC4=C2C=C(C=C4)Cl)O,"InChI=1S/C20H24ClN3OS/c1-22-11-12-23(20(25)14-22)9-4-10-24-16-5-2-3-6-18(16)26-19-8-7-15(21)13-17(19)24/h2-3,5-8,13,20,25H,4,9-12,14H2,1H3",CNGHZKYDNUPWTA-UHFFFAOYSA-N,4.357500000000002,389.13286106799995
"InChI=1S/C20H24ClN3O2S/c1-22-11-12-23(20(26)19(22)25)9-4-10-24-15-5-2-3-6-17(15)27-18-8-7-14(21)13-16(18)24/h2-3,5-8,13,19-20,25-26H,4,9-12H2,1H3",TZMKDJWEPPGBLG-UHFFFAOYSA-N,CN1C(C(N(CC1)CCCN2C3=CC=CC=C3SC4=C2C=C(C=C4)Cl)O)O,,,C20H24ClN3O2S,405.127775688,4.017800000000001,0,0,0,BTM00144,BTM00144,Hydroxylation of heteroalicyclic secondary carbon,BTMR1070,"CYP1A2
CYP2A6
CYP2C9
CYP2D6
CYP3A4",HUMAN,BTM00014,CN1CC(N(CC1)CCCN2C3=CC=CC=C3SC4=C2C=C(C=C4)Cl)O,"InChI=1S/C20H24ClN3OS/c1-22-11-12-23(20(25)14-22)9-4-10-24-16-5-2-3-6-18(16)26-19-8-7-15(21)13-17(19)24/h2-3,5-8,13,20,25H,4,9-12,14H2,1H3",CNGHZKYDNUPWTA-UHFFFAOYSA-N,4.357500000000002,389.13286106799995
"InChI=1S/C20H24ClN3O2S/c1-22-12-19(25)24(20(26)13-22)10-4-9-23-15-5-2-3-6-17(15)27-18-8-7-14(21)11-16(18)23/h2-3,5-8,11,19-20,25-26H,4,9-10,12-13H2,1H3",ARLKDHKXEBNNTG-UHFFFAOYSA-N,CN1CC(N(C(C1)O)CCCN2C3=CC=CC=C3SC4=C2C=C(C=C4)Cl)O,,,C20H24ClN3O2S,405.12777568799993,4.017800000000001,0,0,0,BTM00151,BTM00151,Hydroxylation of heteroalicyclic secondary carbon,BTMR1070,"CYP1A2
CYP2A6
CYP2C9
CYP2D6
CYP3A4",HUMAN,BTM00014,CN1CC(N(CC1)CCCN2C3=CC=CC=C3SC4=C2C=C(C=C4)Cl)O,"InChI=1S/C20H24ClN3OS/c1-22-11-12-23(20(25)14-22)9-4-10-24-16-5-2-3-6-18(16)26-19-8-7-15(21)13-17(19)24/h2-3,5-8,13,20,25H,4,9-12,14H2,1H3",CNGHZKYDNUPWTA-UHFFFAOYSA-N,4.357500000000002,389.13286106799995
"InChI=1S/C20H24ClN3O2S/c1-22-12-20(26)23(13-19(22)25)9-4-10-24-15-5-2-3-6-17(15)27-18-8-7-14(21)11-16(18)24/h2-3,5-8,11,19-20,25-26H,4,9-10,12-13H2,1H3",JAQYDYXUAOHTAL-UHFFFAOYSA-N,CN1C(CN(C(C1)O)CCCN2C3=CC=CC=C3SC4=C2C=C(C=C4)Cl)O,,,C20H24ClN3O2S,405.127775688,4.017800000000001,0,0,0,BTM00145,BTM00145,Hydroxylation of heteroalicyclic secondary carbon,BTMR1070,"CYP1A2
CYP2A6
CYP2C9
CYP2D6
CYP3A4",HUMAN,BTM00014,CN1CC(N(CC1)CCCN2C3=CC=CC=C3SC4=C2C=C(C=C4)Cl)O,"InChI=1S/C20H24ClN3OS/c1-22-11-12-23(20(25)14-22)9-4-10-24-16-5-2-3-6-18(16)26-19-8-7-15(21)13-17(19)24/h2-3,5-8,13,20,25H,4,9-12,14H2,1H3",CNGHZKYDNUPWTA-UHFFFAOYSA-N,4.357500000000002,389.13286106799995
"InChI=1S/C20H24ClN3O2S/c1-22-11-12-23(18(25)13-22)9-4-10-24-15-5-2-3-6-16(15)27-17-8-7-14(21)20(26)19(17)24/h2-3,5-8,18,25-26H,4,9-13H2,1H3",GODRVOXOBJZQKB-UHFFFAOYSA-N,CN1CC(N(CC1)CCCN2C3=CC=CC=C3SC4=C2C(=C(C=C4)Cl)O)O,,,C20H24ClN3O2S,405.127775688,4.0901000000000005,0,0,0,BTM00152,BTM00152,Hydroxylation of aromatic carbon ortho to halide group,BTMR1040,"CYP1A2
CYP2A6
CYP2B6
CYP2C8
CYP2C9
CYP2C19
CYP2D6
CYP2E1
CYP3A4",HUMAN,BTM00014,CN1CC(N(CC1)CCCN2C3=CC=CC=C3SC4=C2C=C(C=C4)Cl)O,"InChI=1S/C20H24ClN3OS/c1-22-11-12-23(20(25)14-22)9-4-10-24-16-5-2-3-6-18(16)26-19-8-7-15(21)13-17(19)24/h2-3,5-8,13,20,25H,4,9-12,14H2,1H3",CNGHZKYDNUPWTA-UHFFFAOYSA-N,4.357500000000002,389.13286106799995
"InChI=1S/C20H24ClN3O2S/c1-22-9-10-23(20(26)13-22)7-4-8-24-15-5-2-3-6-18(15)27-19-12-17(25)14(21)11-16(19)24/h2-3,5-6,11-12,20,25-26H,4,7-10,13H2,1H3",VYEMYVHVKYVXOH-UHFFFAOYSA-N,CN1CC(N(CC1)CCCN2C3=CC=CC=C3SC4=C2C=C(C(=C4)O)Cl)O,,,C20H24ClN3O2S,405.127775688,4.0901000000000005,0,0,0,BTM00113,BTM00113,Hydroxylation of aromatic carbon ortho to halide group,BTMR1040,"CYP1A2
CYP2A6
CYP2B6
CYP2C8
CYP2C9
CYP2C19
CYP2D6
CYP2E1
CYP3A4",HUMAN,BTM00014,CN1CC(N(CC1)CCCN2C3=CC=CC=C3SC4=C2C=C(C=C4)Cl)O,"InChI=1S/C20H24ClN3OS/c1-22-11-12-23(20(25)14-22)9-4-10-24-16-5-2-3-6-18(16)26-19-8-7-15(21)13-17(19)24/h2-3,5-8,13,20,25H,4,9-12,14H2,1H3",CNGHZKYDNUPWTA-UHFFFAOYSA-N,4.357500000000002,389.13286106799995
"InChI=1S/C20H24ClN3O2S/c1-22-9-10-23(19(26)13-22)7-4-8-24-15-5-2-3-6-18(15)27-20-16(24)11-14(21)12-17(20)25/h2-3,5-6,11-12,19,25-26H,4,7-10,13H2,1H3",GREWECNSTRCCTH-UHFFFAOYSA-N,CN1CC(N(CC1)CCCN2C3=CC=CC=C3SC4=C2C=C(C=C4O)Cl)O,,,C20H24ClN3O2S,405.12777568800004,4.0901000000000005,0,0,0,BTM00153,BTM00153,Hydroxylation of aromatic carbon meta to halide group,BTMR1039,"CYP2A6
CYP2B6
CYP2C9
CYP2C19
CYP2E1
CYP3A4",HUMAN,BTM00014,CN1CC(N(CC1)CCCN2C3=CC=CC=C3SC4=C2C=C(C=C4)Cl)O,"InChI=1S/C20H24ClN3OS/c1-22-11-12-23(20(25)14-22)9-4-10-24-16-5-2-3-6-18(16)26-19-8-7-15(21)13-17(19)24/h2-3,5-8,13,20,25H,4,9-12,14H2,1H3",CNGHZKYDNUPWTA-UHFFFAOYSA-N,4.357500000000002,389.13286106799995
"InChI=1S/C20H24ClN3O2S/c1-22-11-12-23(20(26)19(22)25)9-4-10-24-15-5-2-3-6-17(15)27-18-8-7-14(21)13-16(18)24/h2-3,5-8,13,19-20,25-26H,4,9-12H2,1H3",TZMKDJWEPPGBLG-UHFFFAOYSA-N,CN1C(C(N(CC1)CCCN2C3=CC=CC=C3SC4=C2C=C(C=C4)Cl)O)O,,,C20H24ClN3O2S,405.127775688,4.017800000000001,0,0,0,BTM00144,BTM00144,Aliphatic hydroxylation of carbon alpha to secondary or tertiary alkyl-N,BTMR1081,"CYP2B6
CYP2C19
CYP2D6",HUMAN,BTM00014,CN1CC(N(CC1)CCCN2C3=CC=CC=C3SC4=C2C=C(C=C4)Cl)O,"InChI=1S/C20H24ClN3OS/c1-22-11-12-23(20(25)14-22)9-4-10-24-16-5-2-3-6-18(16)26-19-8-7-15(21)13-17(19)24/h2-3,5-8,13,20,25H,4,9-12,14H2,1H3",CNGHZKYDNUPWTA-UHFFFAOYSA-N,4.357500000000002,389.13286106799995
"InChI=1S/C20H24ClN3O2S/c1-22-10-11-23(20(26)13-22)9-8-19(25)24-15-4-2-3-5-17(15)27-18-7-6-14(21)12-16(18)24/h2-7,12,19-20,25-26H,8-11,13H2,1H3",HXIIMQPKDJAPHU-UHFFFAOYSA-N,CN1CC(N(CC1)CCC(N2C3=CC=CC=C3SC4=C2C=C(C=C4)Cl)O)O,,,C20H24ClN3O2S,405.127775688,4.211000000000001,0,0,0,BTM00154,BTM00154,Aliphatic hydroxylation of carbon alpha to secondary or tertiary alkyl-N,BTMR1081,"CYP2B6
CYP2C19
CYP2D6",HUMAN,BTM00014,CN1CC(N(CC1)CCCN2C3=CC=CC=C3SC4=C2C=C(C=C4)Cl)O,"InChI=1S/C20H24ClN3OS/c1-22-11-12-23(20(25)14-22)9-4-10-24-16-5-2-3-6-18(16)26-19-8-7-15(21)13-17(19)24/h2-3,5-8,13,20,25H,4,9-12,14H2,1H3",CNGHZKYDNUPWTA-UHFFFAOYSA-N,4.357500000000002,389.13286106799995
"InChI=1S/C20H24ClN3O2S/c1-22-12-20(26)23(13-19(22)25)9-4-10-24-15-5-2-3-6-17(15)27-18-8-7-14(21)11-16(18)24/h2-3,5-8,11,19-20,25-26H,4,9-10,12-13H2,1H3",JAQYDYXUAOHTAL-UHFFFAOYSA-N,CN1C(CN(C(C1)O)CCCN2C3=CC=CC=C3SC4=C2C=C(C=C4)Cl)O,,,C20H24ClN3O2S,405.127775688,4.017800000000001,0,0,0,BTM00145,BTM00145,Aliphatic hydroxylation of carbon alpha to secondary or tertiary alkyl-N,BTMR1081,"CYP2B6
CYP2C19
CYP2D6",HUMAN,BTM00014,CN1CC(N(CC1)CCCN2C3=CC=CC=C3SC4=C2C=C(C=C4)Cl)O,"InChI=1S/C20H24ClN3OS/c1-22-11-12-23(20(25)14-22)9-4-10-24-16-5-2-3-6-18(16)26-19-8-7-15(21)13-17(19)24/h2-3,5-8,13,20,25H,4,9-12,14H2,1H3",CNGHZKYDNUPWTA-UHFFFAOYSA-N,4.357500000000002,389.13286106799995
"InChI=1S/C8H16N2O/c1-9-4-6-10(7-5-9)3-2-8-11/h8H,2-7H2,1H3",UGPFLPVWZHOEHO-UHFFFAOYSA-N,CN1CCN(CC1)CCC=O,,,C8H16N2O,156.126263132,0.029100000000001132,0,0,0,BTM00001,BTM00001,N-Dealkylation of mixed tertiary amine,BTMR1145,"CYP1A2
CYP2A6
CYP2B6
CYP2C8
CYP2C9
CYP2C19
CYP2D6
CYP3A4",HUMAN,BTM00015,CN1CCN(CC1)CCCN2C3=CC=CC=C3SC4=C2C(=C(C=C4)Cl)O,"InChI=1S/C20H24ClN3OS/c1-22-11-13-23(14-12-22)9-4-10-24-16-5-2-3-6-17(16)26-18-8-7-15(21)20(25)19(18)24/h2-3,5-8,25H,4,9-14H2,1H3",UEFRBTGKRVYCJQ-UHFFFAOYSA-N,4.4298,389.132861068
"InChI=1S/C12H8ClNOS/c13-7-5-6-10-11(12(7)15)14-8-3-1-2-4-9(8)16-10/h1-6,14-15H",ZNEHHSXLJXBSQR-UHFFFAOYSA-N,N1C2=CC=CC=C2SC3=C1C(=C(C=C3)Cl)O,,,C12H8ClNOS,249.001512556,4.0655,0,0,0,BTM00054,BTM00054,N-Dealkylation of mixed tertiary amine,BTMR1145,"CYP1A2
CYP2A6
CYP2B6
CYP2C8
CYP2C9
CYP2C19
CYP2D6
CYP3A4",HUMAN,BTM00015,CN1CCN(CC1)CCCN2C3=CC=CC=C3SC4=C2C(=C(C=C4)Cl)O,"InChI=1S/C20H24ClN3OS/c1-22-11-13-23(14-12-22)9-4-10-24-16-5-2-3-6-17(16)26-18-8-7-15(21)20(25)19(18)24/h2-3,5-8,25H,4,9-14H2,1H3",UEFRBTGKRVYCJQ-UHFFFAOYSA-N,4.4298,389.132861068
"InChI=1S/C20H24ClN3O2S/c1-22-8-10-23(11-9-22)12-14(25)13-24-16-4-2-3-5-17(16)27-18-7-6-15(21)20(26)19(18)24/h2-7,14,25-26H,8-13H2,1H3",YSHUXOXYNVPQKT-UHFFFAOYSA-N,CN1CCN(CC1)CC(CN2C3=CC=CC=C3SC4=C2C(=C(C=C4)Cl)O)O,,,C20H24ClN3O2S,405.127775688,3.856699999999999,0,0,0,BTM00067,BTM00067,Hydroxylation of acyclic aliphatic secondary carbon,BTMR1063,"CYP1A2
CYP2A6
CYP2B6
CYP2C9
CYP2E1
CYP3A4",HUMAN,BTM00015,CN1CCN(CC1)CCCN2C3=CC=CC=C3SC4=C2C(=C(C=C4)Cl)O,"InChI=1S/C20H24ClN3OS/c1-22-11-13-23(14-12-22)9-4-10-24-16-5-2-3-6-17(16)26-18-8-7-15(21)20(25)19(18)24/h2-3,5-8,25H,4,9-14H2,1H3",UEFRBTGKRVYCJQ-UHFFFAOYSA-N,4.4298,389.132861068
"InChI=1S/C20H24ClN3O2S/c1-22-11-13-23(14-12-22)9-4-10-24-16-5-2-3-6-17(16)27(26)18-8-7-15(21)20(25)19(18)24/h2-3,5-8,25H,4,9-14H2,1H3",ZLTLUSQBQFBBGH-UHFFFAOYSA-N,CN1CCN(CC1)CCCN2C3=CC=CC=C3S(C4=C2C(=C(C=C4)Cl)O)=O,,,C20H24ClN3O2S,405.12777568800004,3.318,0,0,0,BTM00080,BTM00080,S-Oxidation of diarylthioether to sulfoxide,BTMR0059,"CYP1A2
CYP2B6
CYP2D6
CYP3A4",HUMAN,BTM00015,CN1CCN(CC1)CCCN2C3=CC=CC=C3SC4=C2C(=C(C=C4)Cl)O,"InChI=1S/C20H24ClN3OS/c1-22-11-13-23(14-12-22)9-4-10-24-16-5-2-3-6-17(16)26-18-8-7-15(21)20(25)19(18)24/h2-3,5-8,25H,4,9-14H2,1H3",UEFRBTGKRVYCJQ-UHFFFAOYSA-N,4.4298,389.132861068
"InChI=1S/C20H24ClN3O2S/c1-22-9-11-23(12-10-22)7-2-8-24-16-13-14(25)3-5-17(16)27-18-6-4-15(21)20(26)19(18)24/h3-6,13,25-26H,2,7-12H2,1H3",PAHPZYRWVWXPSR-UHFFFAOYSA-N,CN1CCN(CC1)CCCN2C3=CC(=CC=C3SC4=C2C(=C(C=C4)Cl)O)O,,,C20H24ClN3O2S,405.12777568800004,4.162400000000001,0,0,0,BTM00093,BTM00093,Aromatic hydroxylation of fused benzene ring,BTMR1030,"CYP1A2
CYP2A6
CYP2B6
CYP2C8
CYP2C9
CYP2C19
CYP2D6
CYP2E1
CYP3A4",HUMAN,BTM00015,CN1CCN(CC1)CCCN2C3=CC=CC=C3SC4=C2C(=C(C=C4)Cl)O,"InChI=1S/C20H24ClN3OS/c1-22-11-13-23(14-12-22)9-4-10-24-16-5-2-3-6-17(16)26-18-8-7-15(21)20(25)19(18)24/h2-3,5-8,25H,4,9-14H2,1H3",UEFRBTGKRVYCJQ-UHFFFAOYSA-N,4.4298,389.132861068
"InChI=1S/C20H24ClN3O2S/c1-22-9-11-23(12-10-22)7-2-8-24-16-5-3-14(25)13-18(16)27-17-6-4-15(21)20(26)19(17)24/h3-6,13,25-26H,2,7-12H2,1H3",SERJVFBJNWERJF-UHFFFAOYSA-N,CN1CCN(CC1)CCCN2C3=CC=C(C=C3SC4=C2C(=C(C=C4)Cl)O)O,,,C20H24ClN3O2S,405.127775688,4.162400000000001,0,0,0,BTM00104,BTM00104,Aromatic hydroxylation of fused benzene ring,BTMR1030,"CYP1A2
CYP2A6
CYP2B6
CYP2C8
CYP2C9
CYP2C19
CYP2D6
CYP2E1
CYP3A4",HUMAN,BTM00015,CN1CCN(CC1)CCCN2C3=CC=CC=C3SC4=C2C(=C(C=C4)Cl)O,"InChI=1S/C20H24ClN3OS/c1-22-11-13-23(14-12-22)9-4-10-24-16-5-2-3-6-17(16)26-18-8-7-15(21)20(25)19(18)24/h2-3,5-8,25H,4,9-14H2,1H3",UEFRBTGKRVYCJQ-UHFFFAOYSA-N,4.4298,389.132861068
"InChI=1S/C20H24ClN3O2S/c1-22-9-11-23(12-10-22)7-4-8-24-14-5-2-3-6-16(14)27-17-13-15(25)18(21)20(26)19(17)24/h2-3,5-6,13,25-26H,4,7-12H2,1H3",UNVVWAOWDCEQRO-UHFFFAOYSA-N,CN1CCN(CC1)CCCN2C3=CC=CC=C3SC4=C2C(=C(C(=C4)O)Cl)O,,,C20H24ClN3O2S,405.12777568800004,4.162400000000001,0,0,0,BTM00114,BTM00114,Aromatic hydroxylation of fused benzene ring,BTMR1030,"CYP1A2
CYP2A6
CYP2B6
CYP2C8
CYP2C9
CYP2C19
CYP2D6
CYP2E1
CYP3A4",HUMAN,BTM00015,CN1CCN(CC1)CCCN2C3=CC=CC=C3SC4=C2C(=C(C=C4)Cl)O,"InChI=1S/C20H24ClN3OS/c1-22-11-13-23(14-12-22)9-4-10-24-16-5-2-3-6-17(16)26-18-8-7-15(21)20(25)19(18)24/h2-3,5-8,25H,4,9-14H2,1H3",UEFRBTGKRVYCJQ-UHFFFAOYSA-N,4.4298,389.132861068
"InChI=1S/C20H24ClN3O2S/c1-22-10-13-24(26,14-11-22)12-4-9-23-16-5-2-3-6-17(16)27-18-8-7-15(21)20(25)19(18)23/h2-3,5-8,25H,4,9-14H2,1H3",XNYTZNMZQOIWND-UHFFFAOYSA-N,CN1CC[N+](CC1)(CCCN2C3=CC=CC=C3SC4=C2C(=C(C=C4)Cl)O)[O-],,,C20H24ClN3O2S,405.12777568800004,4.024699999999999,0,0,0,BTM00122,BTM00122,N-Oxidation of alicyclic tertiary amine,BTMR1099,"CYP1A2
CYP2C8
CYP2C19
CYP2D6
CYP3A4",HUMAN,BTM00015,CN1CCN(CC1)CCCN2C3=CC=CC=C3SC4=C2C(=C(C=C4)Cl)O,"InChI=1S/C20H24ClN3OS/c1-22-11-13-23(14-12-22)9-4-10-24-16-5-2-3-6-17(16)26-18-8-7-15(21)20(25)19(18)24/h2-3,5-8,25H,4,9-14H2,1H3",UEFRBTGKRVYCJQ-UHFFFAOYSA-N,4.4298,389.132861068
"InChI=1S/C20H24ClN3O2S/c1-24(26)13-11-22(12-14-24)9-4-10-23-16-5-2-3-6-17(16)27-18-8-7-15(21)20(25)19(18)23/h2-3,5-8,25H,4,9-14H2,1H3",XSACZAQLQPMRSI-UHFFFAOYSA-N,C[N+]1(CCN(CC1)CCCN2C3=CC=CC=C3SC4=C2C(=C(C=C4)Cl)O)[O-],,,C20H24ClN3O2S,405.12777568800004,4.024699999999999,0,0,0,BTM00128,BTM00128,N-Oxidation of alicyclic tertiary amine,BTMR1099,"CYP1A2
CYP2C8
CYP2C19
CYP2D6
CYP3A4",HUMAN,BTM00015,CN1CCN(CC1)CCCN2C3=CC=CC=C3SC4=C2C(=C(C=C4)Cl)O,"InChI=1S/C20H24ClN3OS/c1-22-11-13-23(14-12-22)9-4-10-24-16-5-2-3-6-17(16)26-18-8-7-15(21)20(25)19(18)24/h2-3,5-8,25H,4,9-14H2,1H3",UEFRBTGKRVYCJQ-UHFFFAOYSA-N,4.4298,389.132861068
"InChI=1S/C19H22ClN3OS/c20-14-6-7-17-18(19(14)24)23(15-4-1-2-5-16(15)25-17)11-3-10-22-12-8-21-9-13-22/h1-2,4-7,21,24H,3,8-13H2",QECQNQRYGQONBB-UHFFFAOYSA-N,N1CCN(CC1)CCCN2C3=CC=CC=C3SC4=C2C(=C(C=C4)Cl)O,,,C19H22ClN3OS,375.117211004,3.8938999999999995,0,0,0,BTM00135,BTM00135,N-Dealkylation of alicyclic tertiary amine,BTMR1144,"CYP1A2
CYP2A6
CYP2B6
CYP2C8
CYP2C9
CYP2C19
CYP2D6
CYP3A4",HUMAN,BTM00015,CN1CCN(CC1)CCCN2C3=CC=CC=C3SC4=C2C(=C(C=C4)Cl)O,"InChI=1S/C20H24ClN3OS/c1-22-11-13-23(14-12-22)9-4-10-24-16-5-2-3-6-17(16)26-18-8-7-15(21)20(25)19(18)24/h2-3,5-8,25H,4,9-14H2,1H3",UEFRBTGKRVYCJQ-UHFFFAOYSA-N,4.4298,389.132861068
"InChI=1S/C5H12N2/c1-7-4-2-6-3-5-7/h6H,2-5H2,1H3",PVOAHINGSUIXLS-UHFFFAOYSA-N,CN1CCNCC1,,,C5H12N2,100.10004838399999,-0.2585000000000002,0,0,0,BTM00011,BTM00011,N-Dealkylation of alicyclic tertiary amine,BTMR1144,"CYP1A2
CYP2A6
CYP2B6
CYP2C8
CYP2C9
CYP2C19
CYP2D6
CYP3A4",HUMAN,BTM00015,CN1CCN(CC1)CCCN2C3=CC=CC=C3SC4=C2C(=C(C=C4)Cl)O,"InChI=1S/C20H24ClN3OS/c1-22-11-13-23(14-12-22)9-4-10-24-16-5-2-3-6-17(16)26-18-8-7-15(21)20(25)19(18)24/h2-3,5-8,25H,4,9-14H2,1H3",UEFRBTGKRVYCJQ-UHFFFAOYSA-N,4.4298,389.132861068
"InChI=1S/C15H12ClNO2S/c16-10-6-7-13-14(15(10)19)17(8-3-9-18)11-4-1-2-5-12(11)20-13/h1-2,4-7,9,19H,3,8H2",CWPRCHMGUFOALS-UHFFFAOYSA-N,C(CCN1C2=CC=CC=C2SC3=C1C(=C(C=C3)Cl)O)=O,,,C15H12ClNO2S,305.027727304,4.0231,0,0,0,BTM00141,BTM00141,N-Dealkylation of alicyclic tertiary amine,BTMR1144,"CYP1A2
CYP2A6
CYP2B6
CYP2C8
CYP2C9
CYP2C19
CYP2D6
CYP3A4",HUMAN,BTM00015,CN1CCN(CC1)CCCN2C3=CC=CC=C3SC4=C2C(=C(C=C4)Cl)O,"InChI=1S/C20H24ClN3OS/c1-22-11-13-23(14-12-22)9-4-10-24-16-5-2-3-6-17(16)26-18-8-7-15(21)20(25)19(18)24/h2-3,5-8,25H,4,9-14H2,1H3",UEFRBTGKRVYCJQ-UHFFFAOYSA-N,4.4298,389.132861068
"InChI=1S/C20H24ClN3O2S/c1-22-11-12-23(13-18(22)25)9-4-10-24-15-5-2-3-6-16(15)27-17-8-7-14(21)20(26)19(17)24/h2-3,5-8,18,25-26H,4,9-13H2,1H3",KNCBQDTZYWJPGH-UHFFFAOYSA-N,CN1C(CN(CC1)CCCN2C3=CC=CC=C3SC4=C2C(=C(C=C4)Cl)O)O,,,C20H24ClN3O2S,405.127775688,4.0901000000000005,0,0,0,BTM00147,BTM00147,Hydroxylation of heteroalicyclic secondary carbon,BTMR1070,"CYP1A2
CYP2A6
CYP2C9
CYP2D6
CYP3A4",HUMAN,BTM00015,CN1CCN(CC1)CCCN2C3=CC=CC=C3SC4=C2C(=C(C=C4)Cl)O,"InChI=1S/C20H24ClN3OS/c1-22-11-13-23(14-12-22)9-4-10-24-16-5-2-3-6-17(16)26-18-8-7-15(21)20(25)19(18)24/h2-3,5-8,25H,4,9-14H2,1H3",UEFRBTGKRVYCJQ-UHFFFAOYSA-N,4.4298,389.132861068
"InChI=1S/C20H24ClN3O2S/c1-22-11-12-23(18(25)13-22)9-4-10-24-15-5-2-3-6-16(15)27-17-8-7-14(21)20(26)19(17)24/h2-3,5-8,18,25-26H,4,9-13H2,1H3",GODRVOXOBJZQKB-UHFFFAOYSA-N,CN1CC(N(CC1)CCCN2C3=CC=CC=C3SC4=C2C(=C(C=C4)Cl)O)O,,,C20H24ClN3O2S,405.127775688,4.0901000000000005,0,0,0,BTM00152,BTM00152,Hydroxylation of heteroalicyclic secondary carbon,BTMR1070,"CYP1A2
CYP2A6
CYP2C9
CYP2D6
CYP3A4",HUMAN,BTM00015,CN1CCN(CC1)CCCN2C3=CC=CC=C3SC4=C2C(=C(C=C4)Cl)O,"InChI=1S/C20H24ClN3OS/c1-22-11-13-23(14-12-22)9-4-10-24-16-5-2-3-6-17(16)26-18-8-7-15(21)20(25)19(18)24/h2-3,5-8,25H,4,9-14H2,1H3",UEFRBTGKRVYCJQ-UHFFFAOYSA-N,4.4298,389.132861068
"InChI=1S/C20H24ClN3O2S/c1-22-9-11-23(12-10-22)7-4-8-24-15-5-2-3-6-17(15)27-20-16(25)13-14(21)19(26)18(20)24/h2-3,5-6,13,25-26H,4,7-12H2,1H3",WGNMRVUWCWBGFB-UHFFFAOYSA-N,CN1CCN(CC1)CCCN2C3=CC=CC=C3SC4=C2C(=C(C=C4O)Cl)O,,,C20H24ClN3O2S,405.127775688,4.162400000000001,0,0,0,BTM00155,BTM00155,Hydroxylation of aromatic carbon meta to halide group,BTMR1039,"CYP2A6
CYP2B6
CYP2C9
CYP2C19
CYP2E1
CYP3A4",HUMAN,BTM00015,CN1CCN(CC1)CCCN2C3=CC=CC=C3SC4=C2C(=C(C=C4)Cl)O,"InChI=1S/C20H24ClN3OS/c1-22-11-13-23(14-12-22)9-4-10-24-16-5-2-3-6-17(16)26-18-8-7-15(21)20(25)19(18)24/h2-3,5-8,25H,4,9-14H2,1H3",UEFRBTGKRVYCJQ-UHFFFAOYSA-N,4.4298,389.132861068
"InChI=1S/C20H24ClN3O2S/c1-22-11-12-23(13-18(22)25)9-4-10-24-15-5-2-3-6-16(15)27-17-8-7-14(21)20(26)19(17)24/h2-3,5-8,18,25-26H,4,9-13H2,1H3",KNCBQDTZYWJPGH-UHFFFAOYSA-N,CN1C(CN(CC1)CCCN2C3=CC=CC=C3SC4=C2C(=C(C=C4)Cl)O)O,,,C20H24ClN3O2S,405.127775688,4.0901000000000005,0,0,0,BTM00147,BTM00147,Aliphatic hydroxylation of carbon alpha to secondary or tertiary alkyl-N,BTMR1081,"CYP2B6
CYP2C19
CYP2D6",HUMAN,BTM00015,CN1CCN(CC1)CCCN2C3=CC=CC=C3SC4=C2C(=C(C=C4)Cl)O,"InChI=1S/C20H24ClN3OS/c1-22-11-13-23(14-12-22)9-4-10-24-16-5-2-3-6-17(16)26-18-8-7-15(21)20(25)19(18)24/h2-3,5-8,25H,4,9-14H2,1H3",UEFRBTGKRVYCJQ-UHFFFAOYSA-N,4.4298,389.132861068
"InChI=1S/C20H24ClN3O2S/c1-22-11-12-23(18(25)13-22)9-4-10-24-15-5-2-3-6-16(15)27-17-8-7-14(21)20(26)19(17)24/h2-3,5-8,18,25-26H,4,9-13H2,1H3",GODRVOXOBJZQKB-UHFFFAOYSA-N,CN1CC(N(CC1)CCCN2C3=CC=CC=C3SC4=C2C(=C(C=C4)Cl)O)O,,,C20H24ClN3O2S,405.127775688,4.0901000000000005,0,0,0,BTM00152,BTM00152,Aliphatic hydroxylation of carbon alpha to secondary or tertiary alkyl-N,BTMR1081,"CYP2B6
CYP2C19
CYP2D6",HUMAN,BTM00015,CN1CCN(CC1)CCCN2C3=CC=CC=C3SC4=C2C(=C(C=C4)Cl)O,"InChI=1S/C20H24ClN3OS/c1-22-11-13-23(14-12-22)9-4-10-24-16-5-2-3-6-17(16)26-18-8-7-15(21)20(25)19(18)24/h2-3,5-8,25H,4,9-14H2,1H3",UEFRBTGKRVYCJQ-UHFFFAOYSA-N,4.4298,389.132861068
"InChI=1S/C20H24ClN3O2S/c1-22-10-12-23(13-11-22)18(25)8-9-24-15-4-2-3-5-16(15)27-17-7-6-14(21)20(26)19(17)24/h2-7,18,25-26H,8-13H2,1H3",DGSUMJGZHRQCAU-UHFFFAOYSA-N,CN1CCN(CC1)C(CCN2C3=CC=CC=C3SC4=C2C(=C(C=C4)Cl)O)O,,,C20H24ClN3O2S,405.127775688,4.2833000000000006,0,0,0,BTM00156,BTM00156,Aliphatic hydroxylation of carbon alpha to secondary or tertiary alkyl-N,BTMR1081,"CYP2B6
CYP2C19
CYP2D6",HUMAN,BTM00015,CN1CCN(CC1)CCCN2C3=CC=CC=C3SC4=C2C(=C(C=C4)Cl)O,"InChI=1S/C20H24ClN3OS/c1-22-11-13-23(14-12-22)9-4-10-24-16-5-2-3-6-17(16)26-18-8-7-15(21)20(25)19(18)24/h2-3,5-8,25H,4,9-14H2,1H3",UEFRBTGKRVYCJQ-UHFFFAOYSA-N,4.4298,389.132861068
"InChI=1S/C20H24ClN3O2S/c1-22-10-12-23(13-11-22)9-8-18(25)24-15-4-2-3-5-16(15)27-17-7-6-14(21)20(26)19(17)24/h2-7,18,25-26H,8-13H2,1H3",WIQFZZIGXFBTKN-UHFFFAOYSA-N,CN1CCN(CC1)CCC(N2C3=CC=CC=C3SC4=C2C(=C(C=C4)Cl)O)O,,,C20H24ClN3O2S,405.12777568800004,4.2833000000000006,0,0,0,BTM00157,BTM00157,Aliphatic hydroxylation of carbon alpha to secondary or tertiary alkyl-N,BTMR1081,"CYP2B6
CYP2C19
CYP2D6",HUMAN,BTM00015,CN1CCN(CC1)CCCN2C3=CC=CC=C3SC4=C2C(=C(C=C4)Cl)O,"InChI=1S/C20H24ClN3OS/c1-22-11-13-23(14-12-22)9-4-10-24-16-5-2-3-6-17(16)26-18-8-7-15(21)20(25)19(18)24/h2-3,5-8,25H,4,9-14H2,1H3",UEFRBTGKRVYCJQ-UHFFFAOYSA-N,4.4298,389.132861068
"InChI=1S/C8H16N2O/c1-9-4-6-10(7-5-9)3-2-8-11/h8H,2-7H2,1H3",UGPFLPVWZHOEHO-UHFFFAOYSA-N,CN1CCN(CC1)CCC=O,,,C8H16N2O,156.126263132,0.029100000000001132,0,0,0,BTM00001,BTM00001,N-Dealkylation of mixed tertiary amine,BTMR1145,"CYP1A2
CYP2A6
CYP2B6
CYP2C8
CYP2C9
CYP2C19
CYP2D6
CYP3A4",HUMAN,BTM00016,CN1CCN(CC1)CCCN2C3=CC=CC=C3SC4=C2C=C(C=C4O)Cl,"InChI=1S/C20H24ClN3OS/c1-22-9-11-23(12-10-22)7-4-8-24-16-5-2-3-6-19(16)26-20-17(24)13-15(21)14-18(20)25/h2-3,5-6,13-14,25H,4,7-12H2,1H3",NFOWCPCTDSHCTB-UHFFFAOYSA-N,4.4298,389.132861068
"InChI=1S/C12H8ClNOS/c13-7-5-9-12(10(15)6-7)16-11-4-2-1-3-8(11)14-9/h1-6,14-15H",WYBOARXJDPYPQK-UHFFFAOYSA-N,N1C2=CC=CC=C2SC3=C1C=C(C=C3O)Cl,,,C12H8ClNOS,249.001512556,4.0655,0,0,0,BTM00055,BTM00055,N-Dealkylation of mixed tertiary amine,BTMR1145,"CYP1A2
CYP2A6
CYP2B6
CYP2C8
CYP2C9
CYP2C19
CYP2D6
CYP3A4",HUMAN,BTM00016,CN1CCN(CC1)CCCN2C3=CC=CC=C3SC4=C2C=C(C=C4O)Cl,"InChI=1S/C20H24ClN3OS/c1-22-9-11-23(12-10-22)7-4-8-24-16-5-2-3-6-19(16)26-20-17(24)13-15(21)14-18(20)25/h2-3,5-6,13-14,25H,4,7-12H2,1H3",NFOWCPCTDSHCTB-UHFFFAOYSA-N,4.4298,389.132861068
"InChI=1S/C20H24ClN3O2S/c1-22-6-8-23(9-7-22)12-15(25)13-24-16-4-2-3-5-19(16)27-20-17(24)10-14(21)11-18(20)26/h2-5,10-11,15,25-26H,6-9,12-13H2,1H3",VCCANNYAPPCDLF-UHFFFAOYSA-N,CN1CCN(CC1)CC(CN2C3=CC=CC=C3SC4=C2C=C(C=C4O)Cl)O,,,C20H24ClN3O2S,405.12777568800004,3.856699999999999,0,0,0,BTM00068,BTM00068,Hydroxylation of acyclic aliphatic secondary carbon,BTMR1063,"CYP1A2
CYP2A6
CYP2B6
CYP2C9
CYP2E1
CYP3A4",HUMAN,BTM00016,CN1CCN(CC1)CCCN2C3=CC=CC=C3SC4=C2C=C(C=C4O)Cl,"InChI=1S/C20H24ClN3OS/c1-22-9-11-23(12-10-22)7-4-8-24-16-5-2-3-6-19(16)26-20-17(24)13-15(21)14-18(20)25/h2-3,5-6,13-14,25H,4,7-12H2,1H3",NFOWCPCTDSHCTB-UHFFFAOYSA-N,4.4298,389.132861068
"InChI=1S/C20H24ClN3O2S/c1-22-9-11-23(12-10-22)7-4-8-24-16-5-2-3-6-19(16)27(26)20-17(24)13-15(21)14-18(20)25/h2-3,5-6,13-14,25H,4,7-12H2,1H3",ADMORSCEGJOCNZ-UHFFFAOYSA-N,CN1CCN(CC1)CCCN2C3=CC=CC=C3S(C4=C2C=C(C=C4O)Cl)=O,,,C20H24ClN3O2S,405.12777568800004,3.318,0,0,0,BTM00081,BTM00081,S-Oxidation of diarylthioether to sulfoxide,BTMR0059,"CYP1A2
CYP2B6
CYP2D6
CYP3A4",HUMAN,BTM00016,CN1CCN(CC1)CCCN2C3=CC=CC=C3SC4=C2C=C(C=C4O)Cl,"InChI=1S/C20H24ClN3OS/c1-22-9-11-23(12-10-22)7-4-8-24-16-5-2-3-6-19(16)26-20-17(24)13-15(21)14-18(20)25/h2-3,5-6,13-14,25H,4,7-12H2,1H3",NFOWCPCTDSHCTB-UHFFFAOYSA-N,4.4298,389.132861068
"InChI=1S/C20H24ClN3O2S/c1-22-7-9-23(10-8-22)5-2-6-24-16-13-15(25)3-4-19(16)27-20-17(24)11-14(21)12-18(20)26/h3-4,11-13,25-26H,2,5-10H2,1H3",ZZMSXPXRDWTRGH-UHFFFAOYSA-N,CN1CCN(CC1)CCCN2C3=CC(=CC=C3SC4=C2C=C(C=C4O)Cl)O,,,C20H24ClN3O2S,405.12777568800004,4.162400000000001,0,0,0,BTM00094,BTM00094,Aromatic hydroxylation of fused benzene ring,BTMR1030,"CYP1A2
CYP2A6
CYP2B6
CYP2C8
CYP2C9
CYP2C19
CYP2D6
CYP2E1
CYP3A4",HUMAN,BTM00016,CN1CCN(CC1)CCCN2C3=CC=CC=C3SC4=C2C=C(C=C4O)Cl,"InChI=1S/C20H24ClN3OS/c1-22-9-11-23(12-10-22)7-4-8-24-16-5-2-3-6-19(16)26-20-17(24)13-15(21)14-18(20)25/h2-3,5-6,13-14,25H,4,7-12H2,1H3",NFOWCPCTDSHCTB-UHFFFAOYSA-N,4.4298,389.132861068
"InChI=1S/C20H24ClN3O2S/c1-22-7-9-23(10-8-22)5-2-6-24-16-4-3-15(25)13-19(16)27-20-17(24)11-14(21)12-18(20)26/h3-4,11-13,25-26H,2,5-10H2,1H3",VOYXSWGBOSKEJX-UHFFFAOYSA-N,CN1CCN(CC1)CCCN2C3=CC=C(C=C3SC4=C2C=C(C=C4O)Cl)O,,,C20H24ClN3O2S,405.127775688,4.162400000000001,0,0,0,BTM00105,BTM00105,Aromatic hydroxylation of fused benzene ring,BTMR1030,"CYP1A2
CYP2A6
CYP2B6
CYP2C8
CYP2C9
CYP2C19
CYP2D6
CYP2E1
CYP3A4",HUMAN,BTM00016,CN1CCN(CC1)CCCN2C3=CC=CC=C3SC4=C2C=C(C=C4O)Cl,"InChI=1S/C20H24ClN3OS/c1-22-9-11-23(12-10-22)7-4-8-24-16-5-2-3-6-19(16)26-20-17(24)13-15(21)14-18(20)25/h2-3,5-6,13-14,25H,4,7-12H2,1H3",NFOWCPCTDSHCTB-UHFFFAOYSA-N,4.4298,389.132861068
"InChI=1S/C20H24ClN3O2S/c1-22-8-11-24(26,12-9-22)10-4-7-23-16-5-2-3-6-19(16)27-20-17(23)13-15(21)14-18(20)25/h2-3,5-6,13-14,25H,4,7-12H2,1H3",ZOROTOSOBVXFCG-UHFFFAOYSA-N,CN1CC[N+](CC1)(CCCN2C3=CC=CC=C3SC4=C2C=C(C=C4O)Cl)[O-],,,C20H24ClN3O2S,405.127775688,4.024699999999999,0,0,0,BTM00123,BTM00123,N-Oxidation of alicyclic tertiary amine,BTMR1099,"CYP1A2
CYP2C8
CYP2C19
CYP2D6
CYP3A4",HUMAN,BTM00016,CN1CCN(CC1)CCCN2C3=CC=CC=C3SC4=C2C=C(C=C4O)Cl,"InChI=1S/C20H24ClN3OS/c1-22-9-11-23(12-10-22)7-4-8-24-16-5-2-3-6-19(16)26-20-17(24)13-15(21)14-18(20)25/h2-3,5-6,13-14,25H,4,7-12H2,1H3",NFOWCPCTDSHCTB-UHFFFAOYSA-N,4.4298,389.132861068
"InChI=1S/C20H24ClN3O2S/c1-24(26)11-9-22(10-12-24)7-4-8-23-16-5-2-3-6-19(16)27-20-17(23)13-15(21)14-18(20)25/h2-3,5-6,13-14,25H,4,7-12H2,1H3",LYTJRMNGWSFOKW-UHFFFAOYSA-N,C[N+]1(CCN(CC1)CCCN2C3=CC=CC=C3SC4=C2C=C(C=C4O)Cl)[O-],,,C20H24ClN3O2S,405.12777568800004,4.024699999999999,0,0,0,BTM00129,BTM00129,N-Oxidation of alicyclic tertiary amine,BTMR1099,"CYP1A2
CYP2C8
CYP2C19
CYP2D6
CYP3A4",HUMAN,BTM00016,CN1CCN(CC1)CCCN2C3=CC=CC=C3SC4=C2C=C(C=C4O)Cl,"InChI=1S/C20H24ClN3OS/c1-22-9-11-23(12-10-22)7-4-8-24-16-5-2-3-6-19(16)26-20-17(24)13-15(21)14-18(20)25/h2-3,5-6,13-14,25H,4,7-12H2,1H3",NFOWCPCTDSHCTB-UHFFFAOYSA-N,4.4298,389.132861068
"InChI=1S/C19H22ClN3OS/c20-14-12-16-19(17(24)13-14)25-18-5-2-1-4-15(18)23(16)9-3-8-22-10-6-21-7-11-22/h1-2,4-5,12-13,21,24H,3,6-11H2",RBZWGFJTHQPNKJ-UHFFFAOYSA-N,N1CCN(CC1)CCCN2C3=CC=CC=C3SC4=C2C=C(C=C4O)Cl,,,C19H22ClN3OS,375.11721100399996,3.8938999999999995,0,0,0,BTM00136,BTM00136,N-Dealkylation of alicyclic tertiary amine,BTMR1144,"CYP1A2
CYP2A6
CYP2B6
CYP2C8
CYP2C9
CYP2C19
CYP2D6
CYP3A4",HUMAN,BTM00016,CN1CCN(CC1)CCCN2C3=CC=CC=C3SC4=C2C=C(C=C4O)Cl,"InChI=1S/C20H24ClN3OS/c1-22-9-11-23(12-10-22)7-4-8-24-16-5-2-3-6-19(16)26-20-17(24)13-15(21)14-18(20)25/h2-3,5-6,13-14,25H,4,7-12H2,1H3",NFOWCPCTDSHCTB-UHFFFAOYSA-N,4.4298,389.132861068
"InChI=1S/C5H12N2/c1-7-4-2-6-3-5-7/h6H,2-5H2,1H3",PVOAHINGSUIXLS-UHFFFAOYSA-N,CN1CCNCC1,,,C5H12N2,100.10004838399999,-0.2585000000000002,0,0,0,BTM00011,BTM00011,N-Dealkylation of alicyclic tertiary amine,BTMR1144,"CYP1A2
CYP2A6
CYP2B6
CYP2C8
CYP2C9
CYP2C19
CYP2D6
CYP3A4",HUMAN,BTM00016,CN1CCN(CC1)CCCN2C3=CC=CC=C3SC4=C2C=C(C=C4O)Cl,"InChI=1S/C20H24ClN3OS/c1-22-9-11-23(12-10-22)7-4-8-24-16-5-2-3-6-19(16)26-20-17(24)13-15(21)14-18(20)25/h2-3,5-6,13-14,25H,4,7-12H2,1H3",NFOWCPCTDSHCTB-UHFFFAOYSA-N,4.4298,389.132861068
"InChI=1S/C15H12ClNO2S/c16-10-8-12-15(13(19)9-10)20-14-5-2-1-4-11(14)17(12)6-3-7-18/h1-2,4-5,7-9,19H,3,6H2",HTRAVRCIAHFYBZ-UHFFFAOYSA-N,C(CCN1C2=CC=CC=C2SC3=C1C=C(C=C3O)Cl)=O,,,C15H12ClNO2S,305.027727304,4.0231,0,0,0,BTM00142,BTM00142,N-Dealkylation of alicyclic tertiary amine,BTMR1144,"CYP1A2
CYP2A6
CYP2B6
CYP2C8
CYP2C9
CYP2C19
CYP2D6
CYP3A4",HUMAN,BTM00016,CN1CCN(CC1)CCCN2C3=CC=CC=C3SC4=C2C=C(C=C4O)Cl,"InChI=1S/C20H24ClN3OS/c1-22-9-11-23(12-10-22)7-4-8-24-16-5-2-3-6-19(16)26-20-17(24)13-15(21)14-18(20)25/h2-3,5-6,13-14,25H,4,7-12H2,1H3",NFOWCPCTDSHCTB-UHFFFAOYSA-N,4.4298,389.132861068
"InChI=1S/C20H24ClN3O2S/c1-22-9-10-23(13-19(22)26)7-4-8-24-15-5-2-3-6-18(15)27-20-16(24)11-14(21)12-17(20)25/h2-3,5-6,11-12,19,25-26H,4,7-10,13H2,1H3",QNXSPWDINXPZAP-UHFFFAOYSA-N,CN1C(CN(CC1)CCCN2C3=CC=CC=C3SC4=C2C=C(C=C4O)Cl)O,,,C20H24ClN3O2S,405.127775688,4.0901000000000005,0,0,0,BTM00148,BTM00148,Hydroxylation of heteroalicyclic secondary carbon,BTMR1070,"CYP1A2
CYP2A6
CYP2C9
CYP2D6
CYP3A4",HUMAN,BTM00016,CN1CCN(CC1)CCCN2C3=CC=CC=C3SC4=C2C=C(C=C4O)Cl,"InChI=1S/C20H24ClN3OS/c1-22-9-11-23(12-10-22)7-4-8-24-16-5-2-3-6-19(16)26-20-17(24)13-15(21)14-18(20)25/h2-3,5-6,13-14,25H,4,7-12H2,1H3",NFOWCPCTDSHCTB-UHFFFAOYSA-N,4.4298,389.132861068
"InChI=1S/C20H24ClN3O2S/c1-22-9-10-23(19(26)13-22)7-4-8-24-15-5-2-3-6-18(15)27-20-16(24)11-14(21)12-17(20)25/h2-3,5-6,11-12,19,25-26H,4,7-10,13H2,1H3",GREWECNSTRCCTH-UHFFFAOYSA-N,CN1CC(N(CC1)CCCN2C3=CC=CC=C3SC4=C2C=C(C=C4O)Cl)O,,,C20H24ClN3O2S,405.12777568800004,4.0901000000000005,0,0,0,BTM00153,BTM00153,Hydroxylation of heteroalicyclic secondary carbon,BTMR1070,"CYP1A2
CYP2A6
CYP2C9
CYP2D6
CYP3A4",HUMAN,BTM00016,CN1CCN(CC1)CCCN2C3=CC=CC=C3SC4=C2C=C(C=C4O)Cl,"InChI=1S/C20H24ClN3OS/c1-22-9-11-23(12-10-22)7-4-8-24-16-5-2-3-6-19(16)26-20-17(24)13-15(21)14-18(20)25/h2-3,5-6,13-14,25H,4,7-12H2,1H3",NFOWCPCTDSHCTB-UHFFFAOYSA-N,4.4298,389.132861068
"InChI=1S/C20H24ClN3O2S/c1-22-9-11-23(12-10-22)7-4-8-24-15-5-2-3-6-17(15)27-20-16(25)13-14(21)19(26)18(20)24/h2-3,5-6,13,25-26H,4,7-12H2,1H3",WGNMRVUWCWBGFB-UHFFFAOYSA-N,CN1CCN(CC1)CCCN2C3=CC=CC=C3SC4=C2C(=C(C=C4O)Cl)O,,,C20H24ClN3O2S,405.127775688,4.162400000000001,0,0,0,BTM00155,BTM00155,Hydroxylation of aromatic carbon ortho to halide group,BTMR1040,"CYP1A2
CYP2A6
CYP2B6
CYP2C8
CYP2C9
CYP2C19
CYP2D6
CYP2E1
CYP3A4",HUMAN,BTM00016,CN1CCN(CC1)CCCN2C3=CC=CC=C3SC4=C2C=C(C=C4O)Cl,"InChI=1S/C20H24ClN3OS/c1-22-9-11-23(12-10-22)7-4-8-24-16-5-2-3-6-19(16)26-20-17(24)13-15(21)14-18(20)25/h2-3,5-6,13-14,25H,4,7-12H2,1H3",NFOWCPCTDSHCTB-UHFFFAOYSA-N,4.4298,389.132861068
"InChI=1S/C20H24ClN3O2S/c1-22-9-11-23(12-10-22)7-4-8-24-15-5-2-3-6-17(15)27-20-16(24)13-14(21)18(25)19(20)26/h2-3,5-6,13,25-26H,4,7-12H2,1H3",ZOGNJXKVLATWFY-UHFFFAOYSA-N,CN1CCN(CC1)CCCN2C3=CC=CC=C3SC4=C2C=C(C(=C4O)O)Cl,,,C20H24ClN3O2S,405.127775688,4.162400000000001,0,0,0,BTM00115,BTM00115,Hydroxylation of aromatic carbon ortho to halide group,BTMR1040,"CYP1A2
CYP2A6
CYP2B6
CYP2C8
CYP2C9
CYP2C19
CYP2D6
CYP2E1
CYP3A4",HUMAN,BTM00016,CN1CCN(CC1)CCCN2C3=CC=CC=C3SC4=C2C=C(C=C4O)Cl,"InChI=1S/C20H24ClN3OS/c1-22-9-11-23(12-10-22)7-4-8-24-16-5-2-3-6-19(16)26-20-17(24)13-15(21)14-18(20)25/h2-3,5-6,13-14,25H,4,7-12H2,1H3",NFOWCPCTDSHCTB-UHFFFAOYSA-N,4.4298,389.132861068
"InChI=1S/C20H24ClN3O2S/c1-22-9-10-23(13-19(22)26)7-4-8-24-15-5-2-3-6-18(15)27-20-16(24)11-14(21)12-17(20)25/h2-3,5-6,11-12,19,25-26H,4,7-10,13H2,1H3",QNXSPWDINXPZAP-UHFFFAOYSA-N,CN1C(CN(CC1)CCCN2C3=CC=CC=C3SC4=C2C=C(C=C4O)Cl)O,,,C20H24ClN3O2S,405.127775688,4.0901000000000005,0,0,0,BTM00148,BTM00148,Aliphatic hydroxylation of carbon alpha to secondary or tertiary alkyl-N,BTMR1081,"CYP2B6
CYP2C19
CYP2D6",HUMAN,BTM00016,CN1CCN(CC1)CCCN2C3=CC=CC=C3SC4=C2C=C(C=C4O)Cl,"InChI=1S/C20H24ClN3OS/c1-22-9-11-23(12-10-22)7-4-8-24-16-5-2-3-6-19(16)26-20-17(24)13-15(21)14-18(20)25/h2-3,5-6,13-14,25H,4,7-12H2,1H3",NFOWCPCTDSHCTB-UHFFFAOYSA-N,4.4298,389.132861068
"InChI=1S/C20H24ClN3O2S/c1-22-9-10-23(19(26)13-22)7-4-8-24-15-5-2-3-6-18(15)27-20-16(24)11-14(21)12-17(20)25/h2-3,5-6,11-12,19,25-26H,4,7-10,13H2,1H3",GREWECNSTRCCTH-UHFFFAOYSA-N,CN1CC(N(CC1)CCCN2C3=CC=CC=C3SC4=C2C=C(C=C4O)Cl)O,,,C20H24ClN3O2S,405.12777568800004,4.0901000000000005,0,0,0,BTM00153,BTM00153,Aliphatic hydroxylation of carbon alpha to secondary or tertiary alkyl-N,BTMR1081,"CYP2B6
CYP2C19
CYP2D6",HUMAN,BTM00016,CN1CCN(CC1)CCCN2C3=CC=CC=C3SC4=C2C=C(C=C4O)Cl,"InChI=1S/C20H24ClN3OS/c1-22-9-11-23(12-10-22)7-4-8-24-16-5-2-3-6-19(16)26-20-17(24)13-15(21)14-18(20)25/h2-3,5-6,13-14,25H,4,7-12H2,1H3",NFOWCPCTDSHCTB-UHFFFAOYSA-N,4.4298,389.132861068
"InChI=1S/C20H24ClN3O2S/c1-22-8-10-23(11-9-22)19(26)6-7-24-15-4-2-3-5-18(15)27-20-16(24)12-14(21)13-17(20)25/h2-5,12-13,19,25-26H,6-11H2,1H3",MMUUPJBIQZJXID-UHFFFAOYSA-N,CN1CCN(CC1)C(CCN2C3=CC=CC=C3SC4=C2C=C(C=C4O)Cl)O,,,C20H24ClN3O2S,405.127775688,4.2833000000000006,0,0,0,BTM00158,BTM00158,Aliphatic hydroxylation of carbon alpha to secondary or tertiary alkyl-N,BTMR1081,"CYP2B6
CYP2C19
CYP2D6",HUMAN,BTM00016,CN1CCN(CC1)CCCN2C3=CC=CC=C3SC4=C2C=C(C=C4O)Cl,"InChI=1S/C20H24ClN3OS/c1-22-9-11-23(12-10-22)7-4-8-24-16-5-2-3-6-19(16)26-20-17(24)13-15(21)14-18(20)25/h2-3,5-6,13-14,25H,4,7-12H2,1H3",NFOWCPCTDSHCTB-UHFFFAOYSA-N,4.4298,389.132861068
"InChI=1S/C20H24ClN3O2S/c1-22-8-10-23(11-9-22)7-6-19(26)24-15-4-2-3-5-18(15)27-20-16(24)12-14(21)13-17(20)25/h2-5,12-13,19,25-26H,6-11H2,1H3",NPUVODKNQCZAFO-UHFFFAOYSA-N,CN1CCN(CC1)CCC(N2C3=CC=CC=C3SC4=C2C=C(C=C4O)Cl)O,,,C20H24ClN3O2S,405.127775688,4.2833000000000006,0,0,0,BTM00159,BTM00159,Aliphatic hydroxylation of carbon alpha to secondary or tertiary alkyl-N,BTMR1081,"CYP2B6
CYP2C19
CYP2D6",HUMAN,BTM00016,CN1CCN(CC1)CCCN2C3=CC=CC=C3SC4=C2C=C(C=C4O)Cl,"InChI=1S/C20H24ClN3OS/c1-22-9-11-23(12-10-22)7-4-8-24-16-5-2-3-6-19(16)26-20-17(24)13-15(21)14-18(20)25/h2-3,5-6,13-14,25H,4,7-12H2,1H3",NFOWCPCTDSHCTB-UHFFFAOYSA-N,4.4298,389.132861068
"InChI=1S/C8H16N2O2/c1-9-3-5-10(6-4-9)8(12)2-7-11/h7-8,12H,2-6H2,1H3",XDHANWJATGUKSV-UHFFFAOYSA-N,CN1CCN(CC1)C(CC=O)O,,,C8H16N2O2,172.121177752,-0.3105999999999992,0,0,0,BTM00049,BTM00049,N-Dealkylation of mixed tertiary amine,BTMR1145,"CYP1A2
CYP2A6
CYP2B6
CYP2C8
CYP2C9
CYP2C19
CYP2D6
CYP3A4",HUMAN,BTM00017,CN1CCN(CC1)C(CCN2C3=CC=CC=C3SC4=C2C=C(C=C4)Cl)O,"InChI=1S/C20H24ClN3OS/c1-22-10-12-23(13-11-22)20(25)8-9-24-16-4-2-3-5-18(16)26-19-7-6-15(21)14-17(19)24/h2-7,14,20,25H,8-13H2,1H3",JVELCBFRZKZYMS-UHFFFAOYSA-N,4.550700000000002,389.132861068
"InChI=1S/C12H8ClNS/c13-8-5-6-12-10(7-8)14-9-3-1-2-4-11(9)15-12/h1-7,14H",KFZGLJSYQXZIGP-UHFFFAOYSA-N,N1C2=CC=CC=C2SC3=C1C=C(C=C3)Cl,,,C12H8ClNS,233.006597936,4.3329,0,0,0,BTM00002,BTM00002,N-Dealkylation of mixed tertiary amine,BTMR1145,"CYP1A2
CYP2A6
CYP2B6
CYP2C8
CYP2C9
CYP2C19
CYP2D6
CYP3A4",HUMAN,BTM00017,CN1CCN(CC1)C(CCN2C3=CC=CC=C3SC4=C2C=C(C=C4)Cl)O,"InChI=1S/C20H24ClN3OS/c1-22-10-12-23(13-11-22)20(25)8-9-24-16-4-2-3-5-18(16)26-19-7-6-15(21)14-17(19)24/h2-7,14,20,25H,8-13H2,1H3",JVELCBFRZKZYMS-UHFFFAOYSA-N,4.550700000000002,389.132861068
"InChI=1S/C20H24ClN3O2S/c1-22-10-12-23(13-11-22)20(25)8-9-24-16-4-2-3-5-18(16)27(26)19-7-6-15(21)14-17(19)24/h2-7,14,20,25H,8-13H2,1H3",OJFHSUPLQVQRAO-UHFFFAOYSA-N,CN1CCN(CC1)C(CCN2C3=CC=CC=C3S(C4=C2C=C(C=C4)Cl)=O)O,,,C20H24ClN3O2S,405.12777568800004,3.4389000000000016,0,0,0,BTM00082,BTM00082,S-Oxidation of diarylthioether to sulfoxide,BTMR0059,"CYP1A2
CYP2B6
CYP2D6
CYP3A4",HUMAN,BTM00017,CN1CCN(CC1)C(CCN2C3=CC=CC=C3SC4=C2C=C(C=C4)Cl)O,"InChI=1S/C20H24ClN3OS/c1-22-10-12-23(13-11-22)20(25)8-9-24-16-4-2-3-5-18(16)26-19-7-6-15(21)14-17(19)24/h2-7,14,20,25H,8-13H2,1H3",JVELCBFRZKZYMS-UHFFFAOYSA-N,4.550700000000002,389.132861068
"InChI=1S/C20H24ClN3O2S/c1-22-8-10-23(11-9-22)20(26)6-7-24-16-12-14(21)2-4-18(16)27-19-5-3-15(25)13-17(19)24/h2-5,12-13,20,25-26H,6-11H2,1H3",DMRNPRAQYLEIGC-UHFFFAOYSA-N,CN1CCN(CC1)C(CCN2C3=CC(=CC=C3SC4=C2C=C(C=C4)Cl)O)O,,,C20H24ClN3O2S,405.127775688,4.2833000000000006,0,0,0,BTM00095,BTM00095,Aromatic hydroxylation of fused benzene ring,BTMR1030,"CYP1A2
CYP2A6
CYP2B6
CYP2C8
CYP2C9
CYP2C19
CYP2D6
CYP2E1
CYP3A4",HUMAN,BTM00017,CN1CCN(CC1)C(CCN2C3=CC=CC=C3SC4=C2C=C(C=C4)Cl)O,"InChI=1S/C20H24ClN3OS/c1-22-10-12-23(13-11-22)20(25)8-9-24-16-4-2-3-5-18(16)26-19-7-6-15(21)14-17(19)24/h2-7,14,20,25H,8-13H2,1H3",JVELCBFRZKZYMS-UHFFFAOYSA-N,4.550700000000002,389.132861068
"InChI=1S/C20H24ClN3O2S/c1-22-8-10-23(11-9-22)20(26)6-7-24-16-4-3-15(25)13-19(16)27-18-5-2-14(21)12-17(18)24/h2-5,12-13,20,25-26H,6-11H2,1H3",SOKYZVLOYQBSMG-UHFFFAOYSA-N,CN1CCN(CC1)C(CCN2C3=CC=C(C=C3SC4=C2C=C(C=C4)Cl)O)O,,,C20H24ClN3O2S,405.12777568800004,4.2833000000000006,0,0,0,BTM00106,BTM00106,Aromatic hydroxylation of fused benzene ring,BTMR1030,"CYP1A2
CYP2A6
CYP2B6
CYP2C8
CYP2C9
CYP2C19
CYP2D6
CYP2E1
CYP3A4",HUMAN,BTM00017,CN1CCN(CC1)C(CCN2C3=CC=CC=C3SC4=C2C=C(C=C4)Cl)O,"InChI=1S/C20H24ClN3OS/c1-22-10-12-23(13-11-22)20(25)8-9-24-16-4-2-3-5-18(16)26-19-7-6-15(21)14-17(19)24/h2-7,14,20,25H,8-13H2,1H3",JVELCBFRZKZYMS-UHFFFAOYSA-N,4.550700000000002,389.132861068
"InChI=1S/C20H24ClN3O2S/c1-22-8-10-23(11-9-22)20(26)6-7-24-15-4-2-3-5-18(15)27-19-13-17(25)14(21)12-16(19)24/h2-5,12-13,20,25-26H,6-11H2,1H3",ZHYCXARQTHOPTK-UHFFFAOYSA-N,CN1CCN(CC1)C(CCN2C3=CC=CC=C3SC4=C2C=C(C(=C4)O)Cl)O,,,C20H24ClN3O2S,405.12777568800004,4.2833000000000006,0,0,0,BTM00116,BTM00116,Aromatic hydroxylation of fused benzene ring,BTMR1030,"CYP1A2
CYP2A6
CYP2B6
CYP2C8
CYP2C9
CYP2C19
CYP2D6
CYP2E1
CYP3A4",HUMAN,BTM00017,CN1CCN(CC1)C(CCN2C3=CC=CC=C3SC4=C2C=C(C=C4)Cl)O,"InChI=1S/C20H24ClN3OS/c1-22-10-12-23(13-11-22)20(25)8-9-24-16-4-2-3-5-18(16)26-19-7-6-15(21)14-17(19)24/h2-7,14,20,25H,8-13H2,1H3",JVELCBFRZKZYMS-UHFFFAOYSA-N,4.550700000000002,389.132861068
"InChI=1S/C20H24ClN3O2S/c1-24(26)12-10-22(11-13-24)20(25)8-9-23-16-4-2-3-5-18(16)27-19-7-6-15(21)14-17(19)23/h2-7,14,20,25H,8-13H2,1H3",CDSSHQYZIIUVSP-UHFFFAOYSA-N,C[N+]1(CCN(CC1)C(CCN2C3=CC=CC=C3SC4=C2C=C(C=C4)Cl)O)[O-],,,C20H24ClN3O2S,405.12777568800004,4.145600000000002,0,0,0,BTM00130,BTM00130,N-Oxidation of alicyclic tertiary amine,BTMR1099,"CYP1A2
CYP2C8
CYP2C19
CYP2D6
CYP3A4",HUMAN,BTM00017,CN1CCN(CC1)C(CCN2C3=CC=CC=C3SC4=C2C=C(C=C4)Cl)O,"InChI=1S/C20H24ClN3OS/c1-22-10-12-23(13-11-22)20(25)8-9-24-16-4-2-3-5-18(16)26-19-7-6-15(21)14-17(19)24/h2-7,14,20,25H,8-13H2,1H3",JVELCBFRZKZYMS-UHFFFAOYSA-N,4.550700000000002,389.132861068
"InChI=1S/C19H22ClN3OS/c20-14-5-6-18-16(13-14)23(15-3-1-2-4-17(15)25-18)10-7-19(24)22-11-8-21-9-12-22/h1-6,13,19,21,24H,7-12H2",FFQMIXKBADLYTN-UHFFFAOYSA-N,N1CCN(CC1)C(CCN2C3=CC=CC=C3SC4=C2C=C(C=C4)Cl)O,,,C19H22ClN3OS,375.117211004,4.014800000000002,0,0,0,BTM00137,BTM00137,N-Dealkylation of alicyclic tertiary amine,BTMR1144,"CYP1A2
CYP2A6
CYP2B6
CYP2C8
CYP2C9
CYP2C19
CYP2D6
CYP3A4",HUMAN,BTM00017,CN1CCN(CC1)C(CCN2C3=CC=CC=C3SC4=C2C=C(C=C4)Cl)O,"InChI=1S/C20H24ClN3OS/c1-22-10-12-23(13-11-22)20(25)8-9-24-16-4-2-3-5-18(16)26-19-7-6-15(21)14-17(19)24/h2-7,14,20,25H,8-13H2,1H3",JVELCBFRZKZYMS-UHFFFAOYSA-N,4.550700000000002,389.132861068
"InChI=1S/C5H12N2/c1-7-4-2-6-3-5-7/h6H,2-5H2,1H3",PVOAHINGSUIXLS-UHFFFAOYSA-N,CN1CCNCC1,,,C5H12N2,100.10004838399999,-0.2585000000000002,0,0,0,BTM00011,BTM00011,N-Dealkylation of alicyclic tertiary amine,BTMR1144,"CYP1A2
CYP2A6
CYP2B6
CYP2C8
CYP2C9
CYP2C19
CYP2D6
CYP3A4",HUMAN,BTM00017,CN1CCN(CC1)C(CCN2C3=CC=CC=C3SC4=C2C=C(C=C4)Cl)O,"InChI=1S/C20H24ClN3OS/c1-22-10-12-23(13-11-22)20(25)8-9-24-16-4-2-3-5-18(16)26-19-7-6-15(21)14-17(19)24/h2-7,14,20,25H,8-13H2,1H3",JVELCBFRZKZYMS-UHFFFAOYSA-N,4.550700000000002,389.132861068
"InChI=1S/C15H12ClNO2S/c16-10-5-6-14-12(9-10)17(8-7-15(18)19)11-3-1-2-4-13(11)20-14/h1-6,9H,7-8H2,(H,18,19)",UJCWHJMOVUXQPX-UHFFFAOYSA-N,C(CCN1C2=CC=CC=C2SC3=C1C=C(C=C3)Cl)(=O)O,,,C15H12ClNO2S,305.027727304,4.243099999999999,0,0,0,BTM00035,BTM00035,N-Dealkylation of alicyclic tertiary amine,BTMR1144,"CYP1A2
CYP2A6
CYP2B6
CYP2C8
CYP2C9
CYP2C19
CYP2D6
CYP3A4",HUMAN,BTM00017,CN1CCN(CC1)C(CCN2C3=CC=CC=C3SC4=C2C=C(C=C4)Cl)O,"InChI=1S/C20H24ClN3OS/c1-22-10-12-23(13-11-22)20(25)8-9-24-16-4-2-3-5-18(16)26-19-7-6-15(21)14-17(19)24/h2-7,14,20,25H,8-13H2,1H3",JVELCBFRZKZYMS-UHFFFAOYSA-N,4.550700000000002,389.132861068
"InChI=1S/C20H24ClN3O2S/c1-22-10-12-24(26,13-11-22)20(25)8-9-23-16-4-2-3-5-18(16)27-19-7-6-15(21)14-17(19)23/h2-7,14,20,25H,8-13H2,1H3",VVSBBULQGGHRJX-UHFFFAOYSA-N,CN1CC[N+](CC1)(C(CCN2C3=CC=CC=C3SC4=C2C=C(C=C4)Cl)O)[O-],,,C20H24ClN3O2S,405.12777568800004,4.145600000000002,0,0,0,BTM00160,BTM00160,N-Oxidation of aliphatic tertiary amine,BTMR1100,"CYP1A2
CYP2D6
CYP3A4",HUMAN,BTM00017,CN1CCN(CC1)C(CCN2C3=CC=CC=C3SC4=C2C=C(C=C4)Cl)O,"InChI=1S/C20H24ClN3OS/c1-22-10-12-23(13-11-22)20(25)8-9-24-16-4-2-3-5-18(16)26-19-7-6-15(21)14-17(19)24/h2-7,14,20,25H,8-13H2,1H3",JVELCBFRZKZYMS-UHFFFAOYSA-N,4.550700000000002,389.132861068
"InChI=1S/C20H24ClN3O2S/c1-24(26)12-10-22(11-13-24)20(25)8-9-23-16-4-2-3-5-18(16)27-19-7-6-15(21)14-17(19)23/h2-7,14,20,25H,8-13H2,1H3",CDSSHQYZIIUVSP-UHFFFAOYSA-N,C[N+]1(CCN(CC1)C(CCN2C3=CC=CC=C3SC4=C2C=C(C=C4)Cl)O)[O-],,,C20H24ClN3O2S,405.12777568800004,4.145600000000002,0,0,0,BTM00130,BTM00130,N-Oxidation of aliphatic tertiary amine,BTMR1100,"CYP1A2
CYP2D6
CYP3A4",HUMAN,BTM00017,CN1CCN(CC1)C(CCN2C3=CC=CC=C3SC4=C2C=C(C=C4)Cl)O,"InChI=1S/C20H24ClN3OS/c1-22-10-12-23(13-11-22)20(25)8-9-24-16-4-2-3-5-18(16)26-19-7-6-15(21)14-17(19)24/h2-7,14,20,25H,8-13H2,1H3",JVELCBFRZKZYMS-UHFFFAOYSA-N,4.550700000000002,389.132861068
"InChI=1S/C20H24ClN3O2S/c1-22-10-11-23(13-20(22)26)19(25)8-9-24-15-4-2-3-5-17(15)27-18-7-6-14(21)12-16(18)24/h2-7,12,19-20,25-26H,8-11,13H2,1H3",LBVFPYSJCLKXBR-UHFFFAOYSA-N,CN1C(CN(CC1)C(CCN2C3=CC=CC=C3SC4=C2C=C(C=C4)Cl)O)O,,,C20H24ClN3O2S,405.12777568800004,4.211000000000001,0,0,0,BTM00149,BTM00149,Hydroxylation of heteroalicyclic secondary carbon,BTMR1070,"CYP1A2
CYP2A6
CYP2C9
CYP2D6
CYP3A4",HUMAN,BTM00017,CN1CCN(CC1)C(CCN2C3=CC=CC=C3SC4=C2C=C(C=C4)Cl)O,"InChI=1S/C20H24ClN3OS/c1-22-10-12-23(13-11-22)20(25)8-9-24-16-4-2-3-5-18(16)26-19-7-6-15(21)14-17(19)24/h2-7,14,20,25H,8-13H2,1H3",JVELCBFRZKZYMS-UHFFFAOYSA-N,4.550700000000002,389.132861068
"InChI=1S/C20H24ClN3O2S/c1-22-10-11-24(20(26)13-22)19(25)8-9-23-15-4-2-3-5-17(15)27-18-7-6-14(21)12-16(18)23/h2-7,12,19-20,25-26H,8-11,13H2,1H3",BUTXFROEWLPZJV-UHFFFAOYSA-N,CN1CC(N(CC1)C(CCN2C3=CC=CC=C3SC4=C2C=C(C=C4)Cl)O)O,,,C20H24ClN3O2S,405.127775688,4.211000000000001,0,0,0,BTM00161,BTM00161,Hydroxylation of heteroalicyclic secondary carbon,BTMR1070,"CYP1A2
CYP2A6
CYP2C9
CYP2D6
CYP3A4",HUMAN,BTM00017,CN1CCN(CC1)C(CCN2C3=CC=CC=C3SC4=C2C=C(C=C4)Cl)O,"InChI=1S/C20H24ClN3OS/c1-22-10-12-23(13-11-22)20(25)8-9-24-16-4-2-3-5-18(16)26-19-7-6-15(21)14-17(19)24/h2-7,14,20,25H,8-13H2,1H3",JVELCBFRZKZYMS-UHFFFAOYSA-N,4.550700000000002,389.132861068
"InChI=1S/C20H24ClN3O2S/c1-22-10-12-23(13-11-22)18(25)8-9-24-15-4-2-3-5-16(15)27-17-7-6-14(21)20(26)19(17)24/h2-7,18,25-26H,8-13H2,1H3",DGSUMJGZHRQCAU-UHFFFAOYSA-N,CN1CCN(CC1)C(CCN2C3=CC=CC=C3SC4=C2C(=C(C=C4)Cl)O)O,,,C20H24ClN3O2S,405.127775688,4.2833000000000006,0,0,0,BTM00156,BTM00156,Hydroxylation of aromatic carbon ortho to halide group,BTMR1040,"CYP1A2
CYP2A6
CYP2B6
CYP2C8
CYP2C9
CYP2C19
CYP2D6
CYP2E1
CYP3A4",HUMAN,BTM00017,CN1CCN(CC1)C(CCN2C3=CC=CC=C3SC4=C2C=C(C=C4)Cl)O,"InChI=1S/C20H24ClN3OS/c1-22-10-12-23(13-11-22)20(25)8-9-24-16-4-2-3-5-18(16)26-19-7-6-15(21)14-17(19)24/h2-7,14,20,25H,8-13H2,1H3",JVELCBFRZKZYMS-UHFFFAOYSA-N,4.550700000000002,389.132861068
"InChI=1S/C20H24ClN3O2S/c1-22-8-10-23(11-9-22)20(26)6-7-24-15-4-2-3-5-18(15)27-19-13-17(25)14(21)12-16(19)24/h2-5,12-13,20,25-26H,6-11H2,1H3",ZHYCXARQTHOPTK-UHFFFAOYSA-N,CN1CCN(CC1)C(CCN2C3=CC=CC=C3SC4=C2C=C(C(=C4)O)Cl)O,,,C20H24ClN3O2S,405.12777568800004,4.2833000000000006,0,0,0,BTM00116,BTM00116,Hydroxylation of aromatic carbon ortho to halide group,BTMR1040,"CYP1A2
CYP2A6
CYP2B6
CYP2C8
CYP2C9
CYP2C19
CYP2D6
CYP2E1
CYP3A4",HUMAN,BTM00017,CN1CCN(CC1)C(CCN2C3=CC=CC=C3SC4=C2C=C(C=C4)Cl)O,"InChI=1S/C20H24ClN3OS/c1-22-10-12-23(13-11-22)20(25)8-9-24-16-4-2-3-5-18(16)26-19-7-6-15(21)14-17(19)24/h2-7,14,20,25H,8-13H2,1H3",JVELCBFRZKZYMS-UHFFFAOYSA-N,4.550700000000002,389.132861068
"InChI=1S/C20H24ClN3O2S/c1-22-8-10-23(11-9-22)19(26)6-7-24-15-4-2-3-5-18(15)27-20-16(24)12-14(21)13-17(20)25/h2-5,12-13,19,25-26H,6-11H2,1H3",MMUUPJBIQZJXID-UHFFFAOYSA-N,CN1CCN(CC1)C(CCN2C3=CC=CC=C3SC4=C2C=C(C=C4O)Cl)O,,,C20H24ClN3O2S,405.127775688,4.2833000000000006,0,0,0,BTM00158,BTM00158,Hydroxylation of aromatic carbon meta to halide group,BTMR1039,"CYP2A6
CYP2B6
CYP2C9
CYP2C19
CYP2E1
CYP3A4",HUMAN,BTM00017,CN1CCN(CC1)C(CCN2C3=CC=CC=C3SC4=C2C=C(C=C4)Cl)O,"InChI=1S/C20H24ClN3OS/c1-22-10-12-23(13-11-22)20(25)8-9-24-16-4-2-3-5-18(16)26-19-7-6-15(21)14-17(19)24/h2-7,14,20,25H,8-13H2,1H3",JVELCBFRZKZYMS-UHFFFAOYSA-N,4.550700000000002,389.132861068
"InChI=1S/C20H24ClN3O2S/c1-22-10-11-23(13-20(22)26)19(25)8-9-24-15-4-2-3-5-17(15)27-18-7-6-14(21)12-16(18)24/h2-7,12,19-20,25-26H,8-11,13H2,1H3",LBVFPYSJCLKXBR-UHFFFAOYSA-N,CN1C(CN(CC1)C(CCN2C3=CC=CC=C3SC4=C2C=C(C=C4)Cl)O)O,,,C20H24ClN3O2S,405.12777568800004,4.211000000000001,0,0,0,BTM00149,BTM00149,Aliphatic hydroxylation of carbon alpha to secondary or tertiary alkyl-N,BTMR1081,"CYP2B6
CYP2C19
CYP2D6",HUMAN,BTM00017,CN1CCN(CC1)C(CCN2C3=CC=CC=C3SC4=C2C=C(C=C4)Cl)O,"InChI=1S/C20H24ClN3OS/c1-22-10-12-23(13-11-22)20(25)8-9-24-16-4-2-3-5-18(16)26-19-7-6-15(21)14-17(19)24/h2-7,14,20,25H,8-13H2,1H3",JVELCBFRZKZYMS-UHFFFAOYSA-N,4.550700000000002,389.132861068
"InChI=1S/C20H24ClN3O2S/c1-22-8-10-23(11-9-22)19(25)13-20(26)24-15-4-2-3-5-17(15)27-18-7-6-14(21)12-16(18)24/h2-7,12,19-20,25-26H,8-11,13H2,1H3",WVOJJSGYBNZJGT-UHFFFAOYSA-N,CN1CCN(CC1)C(CC(N2C3=CC=CC=C3SC4=C2C=C(C=C4)Cl)O)O,,,C20H24ClN3O2S,405.12777568800004,3.6674000000000015,0,0,0,BTM00162,BTM00162,Aliphatic hydroxylation of carbon alpha to secondary or tertiary alkyl-N,BTMR1081,"CYP2B6
CYP2C19
CYP2D6",HUMAN,BTM00017,CN1CCN(CC1)C(CCN2C3=CC=CC=C3SC4=C2C=C(C=C4)Cl)O,"InChI=1S/C20H24ClN3OS/c1-22-10-12-23(13-11-22)20(25)8-9-24-16-4-2-3-5-18(16)26-19-7-6-15(21)14-17(19)24/h2-7,14,20,25H,8-13H2,1H3",JVELCBFRZKZYMS-UHFFFAOYSA-N,4.550700000000002,389.132861068
"InChI=1S/C8H16N2O2/c1-9-4-6-10(7-5-9)3-2-8(11)12/h2-7H2,1H3,(H,11,12)",JSHLMMUXJIDENZ-UHFFFAOYSA-N,CN1CCN(CC1)CCC(=O)O,,,C8H16N2O2,172.121177752,-0.01829999999999838,0,0,0,BTM00020,BTM00020,N-Dealkylation of mixed tertiary amine,BTMR1145,"CYP1A2
CYP2A6
CYP2B6
CYP2C8
CYP2C9
CYP2C19
CYP2D6
CYP3A4",HUMAN,BTM00018,CN1CCN(CC1)CCC(N2C3=CC=CC=C3SC4=C2C=C(C=C4)Cl)O,"InChI=1S/C20H24ClN3OS/c1-22-10-12-23(13-11-22)9-8-20(25)24-16-4-2-3-5-18(16)26-19-7-6-15(21)14-17(19)24/h2-7,14,20,25H,8-13H2,1H3",VNHUGUXMBRTZNG-UHFFFAOYSA-N,4.550700000000002,389.13286106800007
"InChI=1S/C12H8ClNS/c13-8-5-6-12-10(7-8)14-9-3-1-2-4-11(9)15-12/h1-7,14H",KFZGLJSYQXZIGP-UHFFFAOYSA-N,N1C2=CC=CC=C2SC3=C1C=C(C=C3)Cl,,,C12H8ClNS,233.006597936,4.3329,0,0,0,BTM00002,BTM00002,N-Dealkylation of mixed tertiary amine,BTMR1145,"CYP1A2
CYP2A6
CYP2B6
CYP2C8
CYP2C9
CYP2C19
CYP2D6
CYP3A4",HUMAN,BTM00018,CN1CCN(CC1)CCC(N2C3=CC=CC=C3SC4=C2C=C(C=C4)Cl)O,"InChI=1S/C20H24ClN3OS/c1-22-10-12-23(13-11-22)9-8-20(25)24-16-4-2-3-5-18(16)26-19-7-6-15(21)14-17(19)24/h2-7,14,20,25H,8-13H2,1H3",VNHUGUXMBRTZNG-UHFFFAOYSA-N,4.550700000000002,389.13286106800007
"InChI=1S/C20H24ClN3O2S/c1-22-10-12-23(13-11-22)9-8-20(25)24-16-4-2-3-5-18(16)27(26)19-7-6-15(21)14-17(19)24/h2-7,14,20,25H,8-13H2,1H3",YLOMLDSEOVXROU-UHFFFAOYSA-N,CN1CCN(CC1)CCC(N2C3=CC=CC=C3S(C4=C2C=C(C=C4)Cl)=O)O,,,C20H24ClN3O2S,405.12777568800004,3.4389000000000016,0,0,0,BTM00083,BTM00083,S-Oxidation of diarylthioether to sulfoxide,BTMR0059,"CYP1A2
CYP2B6
CYP2D6
CYP3A4",HUMAN,BTM00018,CN1CCN(CC1)CCC(N2C3=CC=CC=C3SC4=C2C=C(C=C4)Cl)O,"InChI=1S/C20H24ClN3OS/c1-22-10-12-23(13-11-22)9-8-20(25)24-16-4-2-3-5-18(16)26-19-7-6-15(21)14-17(19)24/h2-7,14,20,25H,8-13H2,1H3",VNHUGUXMBRTZNG-UHFFFAOYSA-N,4.550700000000002,389.13286106800007
"InChI=1S/C20H24ClN3O2S/c1-22-8-10-23(11-9-22)7-6-20(26)24-16-12-14(21)2-4-18(16)27-19-5-3-15(25)13-17(19)24/h2-5,12-13,20,25-26H,6-11H2,1H3",OJRIWXUKERLKEJ-UHFFFAOYSA-N,CN1CCN(CC1)CCC(N2C3=CC(=CC=C3SC4=C2C=C(C=C4)Cl)O)O,,,C20H24ClN3O2S,405.12777568800004,4.2833000000000006,0,0,0,BTM00096,BTM00096,Aromatic hydroxylation of fused benzene ring,BTMR1030,"CYP1A2
CYP2A6
CYP2B6
CYP2C8
CYP2C9
CYP2C19
CYP2D6
CYP2E1
CYP3A4",HUMAN,BTM00018,CN1CCN(CC1)CCC(N2C3=CC=CC=C3SC4=C2C=C(C=C4)Cl)O,"InChI=1S/C20H24ClN3OS/c1-22-10-12-23(13-11-22)9-8-20(25)24-16-4-2-3-5-18(16)26-19-7-6-15(21)14-17(19)24/h2-7,14,20,25H,8-13H2,1H3",VNHUGUXMBRTZNG-UHFFFAOYSA-N,4.550700000000002,389.13286106800007
"InChI=1S/C20H24ClN3O2S/c1-22-8-10-23(11-9-22)7-6-20(26)24-16-4-3-15(25)13-19(16)27-18-5-2-14(21)12-17(18)24/h2-5,12-13,20,25-26H,6-11H2,1H3",DPIUKBSNISYBLH-UHFFFAOYSA-N,CN1CCN(CC1)CCC(N2C3=CC=C(C=C3SC4=C2C=C(C=C4)Cl)O)O,,,C20H24ClN3O2S,405.127775688,4.2833000000000006,0,0,0,BTM00107,BTM00107,Aromatic hydroxylation of fused benzene ring,BTMR1030,"CYP1A2
CYP2A6
CYP2B6
CYP2C8
CYP2C9
CYP2C19
CYP2D6
CYP2E1
CYP3A4",HUMAN,BTM00018,CN1CCN(CC1)CCC(N2C3=CC=CC=C3SC4=C2C=C(C=C4)Cl)O,"InChI=1S/C20H24ClN3OS/c1-22-10-12-23(13-11-22)9-8-20(25)24-16-4-2-3-5-18(16)26-19-7-6-15(21)14-17(19)24/h2-7,14,20,25H,8-13H2,1H3",VNHUGUXMBRTZNG-UHFFFAOYSA-N,4.550700000000002,389.13286106800007
"InChI=1S/C20H24ClN3O2S/c1-22-8-10-23(11-9-22)7-6-20(26)24-15-4-2-3-5-18(15)27-19-13-17(25)14(21)12-16(19)24/h2-5,12-13,20,25-26H,6-11H2,1H3",SOHVRJVJKIFMGK-UHFFFAOYSA-N,CN1CCN(CC1)CCC(N2C3=CC=CC=C3SC4=C2C=C(C(=C4)O)Cl)O,,,C20H24ClN3O2S,405.127775688,4.2833000000000006,0,0,0,BTM00117,BTM00117,Aromatic hydroxylation of fused benzene ring,BTMR1030,"CYP1A2
CYP2A6
CYP2B6
CYP2C8
CYP2C9
CYP2C19
CYP2D6
CYP2E1
CYP3A4",HUMAN,BTM00018,CN1CCN(CC1)CCC(N2C3=CC=CC=C3SC4=C2C=C(C=C4)Cl)O,"InChI=1S/C20H24ClN3OS/c1-22-10-12-23(13-11-22)9-8-20(25)24-16-4-2-3-5-18(16)26-19-7-6-15(21)14-17(19)24/h2-7,14,20,25H,8-13H2,1H3",VNHUGUXMBRTZNG-UHFFFAOYSA-N,4.550700000000002,389.13286106800007
"InChI=1S/C20H24ClN3O2S/c1-22-9-12-24(26,13-10-22)11-8-20(25)23-16-4-2-3-5-18(16)27-19-7-6-15(21)14-17(19)23/h2-7,14,20,25H,8-13H2,1H3",PMHKBSKYJAJRKZ-UHFFFAOYSA-N,CN1CC[N+](CC1)(CCC(N2C3=CC=CC=C3SC4=C2C=C(C=C4)Cl)O)[O-],,,C20H24ClN3O2S,405.127775688,4.145600000000002,0,0,0,BTM00124,BTM00124,N-Oxidation of alicyclic tertiary amine,BTMR1099,"CYP1A2
CYP2C8
CYP2C19
CYP2D6
CYP3A4",HUMAN,BTM00018,CN1CCN(CC1)CCC(N2C3=CC=CC=C3SC4=C2C=C(C=C4)Cl)O,"InChI=1S/C20H24ClN3OS/c1-22-10-12-23(13-11-22)9-8-20(25)24-16-4-2-3-5-18(16)26-19-7-6-15(21)14-17(19)24/h2-7,14,20,25H,8-13H2,1H3",VNHUGUXMBRTZNG-UHFFFAOYSA-N,4.550700000000002,389.13286106800007
"InChI=1S/C20H24ClN3O2S/c1-24(26)12-10-22(11-13-24)9-8-20(25)23-16-4-2-3-5-18(16)27-19-7-6-15(21)14-17(19)23/h2-7,14,20,25H,8-13H2,1H3",PIHSKLOSRGSMQP-UHFFFAOYSA-N,C[N+]1(CCN(CC1)CCC(N2C3=CC=CC=C3SC4=C2C=C(C=C4)Cl)O)[O-],,,C20H24ClN3O2S,405.12777568800004,4.145600000000002,0,0,0,BTM00131,BTM00131,N-Oxidation of alicyclic tertiary amine,BTMR1099,"CYP1A2
CYP2C8
CYP2C19
CYP2D6
CYP3A4",HUMAN,BTM00018,CN1CCN(CC1)CCC(N2C3=CC=CC=C3SC4=C2C=C(C=C4)Cl)O,"InChI=1S/C20H24ClN3OS/c1-22-10-12-23(13-11-22)9-8-20(25)24-16-4-2-3-5-18(16)26-19-7-6-15(21)14-17(19)24/h2-7,14,20,25H,8-13H2,1H3",VNHUGUXMBRTZNG-UHFFFAOYSA-N,4.550700000000002,389.13286106800007
"InChI=1S/C19H22ClN3OS/c20-14-5-6-18-16(13-14)23(15-3-1-2-4-17(15)25-18)19(24)7-10-22-11-8-21-9-12-22/h1-6,13,19,21,24H,7-12H2",WMZNAUJXKGAKNH-UHFFFAOYSA-N,N1CCN(CC1)CCC(N2C3=CC=CC=C3SC4=C2C=C(C=C4)Cl)O,,,C19H22ClN3OS,375.11721100399996,4.014800000000002,0,0,0,BTM00138,BTM00138,N-Dealkylation of alicyclic tertiary amine,BTMR1144,"CYP1A2
CYP2A6
CYP2B6
CYP2C8
CYP2C9
CYP2C19
CYP2D6
CYP3A4",HUMAN,BTM00018,CN1CCN(CC1)CCC(N2C3=CC=CC=C3SC4=C2C=C(C=C4)Cl)O,"InChI=1S/C20H24ClN3OS/c1-22-10-12-23(13-11-22)9-8-20(25)24-16-4-2-3-5-18(16)26-19-7-6-15(21)14-17(19)24/h2-7,14,20,25H,8-13H2,1H3",VNHUGUXMBRTZNG-UHFFFAOYSA-N,4.550700000000002,389.13286106800007
"InChI=1S/C5H12N2/c1-7-4-2-6-3-5-7/h6H,2-5H2,1H3",PVOAHINGSUIXLS-UHFFFAOYSA-N,CN1CCNCC1,,,C5H12N2,100.10004838399999,-0.2585000000000002,0,0,0,BTM00011,BTM00011,N-Dealkylation of alicyclic tertiary amine,BTMR1144,"CYP1A2
CYP2A6
CYP2B6
CYP2C8
CYP2C9
CYP2C19
CYP2D6
CYP3A4",HUMAN,BTM00018,CN1CCN(CC1)CCC(N2C3=CC=CC=C3SC4=C2C=C(C=C4)Cl)O,"InChI=1S/C20H24ClN3OS/c1-22-10-12-23(13-11-22)9-8-20(25)24-16-4-2-3-5-18(16)26-19-7-6-15(21)14-17(19)24/h2-7,14,20,25H,8-13H2,1H3",VNHUGUXMBRTZNG-UHFFFAOYSA-N,4.550700000000002,389.13286106800007
"InChI=1S/C15H12ClNO2S/c16-10-5-6-14-12(9-10)17(15(19)7-8-18)11-3-1-2-4-13(11)20-14/h1-6,8-9,15,19H,7H2",VYUKQPJGQIDKEI-UHFFFAOYSA-N,C(CC(N1C2=CC=CC=C2SC3=C1C=C(C=C3)Cl)O)=O,,,C15H12ClNO2S,305.027727304,3.950800000000001,0,0,0,BTM00143,BTM00143,N-Dealkylation of alicyclic tertiary amine,BTMR1144,"CYP1A2
CYP2A6
CYP2B6
CYP2C8
CYP2C9
CYP2C19
CYP2D6
CYP3A4",HUMAN,BTM00018,CN1CCN(CC1)CCC(N2C3=CC=CC=C3SC4=C2C=C(C=C4)Cl)O,"InChI=1S/C20H24ClN3OS/c1-22-10-12-23(13-11-22)9-8-20(25)24-16-4-2-3-5-18(16)26-19-7-6-15(21)14-17(19)24/h2-7,14,20,25H,8-13H2,1H3",VNHUGUXMBRTZNG-UHFFFAOYSA-N,4.550700000000002,389.13286106800007
"InChI=1S/C20H24ClN3O2S/c1-22-10-11-23(13-20(22)26)9-8-19(25)24-15-4-2-3-5-17(15)27-18-7-6-14(21)12-16(18)24/h2-7,12,19-20,25-26H,8-11,13H2,1H3",YVSXBAUMZMKDPH-UHFFFAOYSA-N,CN1C(CN(CC1)CCC(N2C3=CC=CC=C3SC4=C2C=C(C=C4)Cl)O)O,,,C20H24ClN3O2S,405.12777568800004,4.211000000000001,0,0,0,BTM00150,BTM00150,Hydroxylation of heteroalicyclic secondary carbon,BTMR1070,"CYP1A2
CYP2A6
CYP2C9
CYP2D6
CYP3A4",HUMAN,BTM00018,CN1CCN(CC1)CCC(N2C3=CC=CC=C3SC4=C2C=C(C=C4)Cl)O,"InChI=1S/C20H24ClN3OS/c1-22-10-12-23(13-11-22)9-8-20(25)24-16-4-2-3-5-18(16)26-19-7-6-15(21)14-17(19)24/h2-7,14,20,25H,8-13H2,1H3",VNHUGUXMBRTZNG-UHFFFAOYSA-N,4.550700000000002,389.13286106800007
"InChI=1S/C20H24ClN3O2S/c1-22-10-11-23(20(26)13-22)9-8-19(25)24-15-4-2-3-5-17(15)27-18-7-6-14(21)12-16(18)24/h2-7,12,19-20,25-26H,8-11,13H2,1H3",HXIIMQPKDJAPHU-UHFFFAOYSA-N,CN1CC(N(CC1)CCC(N2C3=CC=CC=C3SC4=C2C=C(C=C4)Cl)O)O,,,C20H24ClN3O2S,405.127775688,4.211000000000001,0,0,0,BTM00154,BTM00154,Hydroxylation of heteroalicyclic secondary carbon,BTMR1070,"CYP1A2
CYP2A6
CYP2C9
CYP2D6
CYP3A4",HUMAN,BTM00018,CN1CCN(CC1)CCC(N2C3=CC=CC=C3SC4=C2C=C(C=C4)Cl)O,"InChI=1S/C20H24ClN3OS/c1-22-10-12-23(13-11-22)9-8-20(25)24-16-4-2-3-5-18(16)26-19-7-6-15(21)14-17(19)24/h2-7,14,20,25H,8-13H2,1H3",VNHUGUXMBRTZNG-UHFFFAOYSA-N,4.550700000000002,389.13286106800007
"InChI=1S/C20H24ClN3O2S/c1-22-10-12-23(13-11-22)9-8-18(25)24-15-4-2-3-5-16(15)27-17-7-6-14(21)20(26)19(17)24/h2-7,18,25-26H,8-13H2,1H3",WIQFZZIGXFBTKN-UHFFFAOYSA-N,CN1CCN(CC1)CCC(N2C3=CC=CC=C3SC4=C2C(=C(C=C4)Cl)O)O,,,C20H24ClN3O2S,405.12777568800004,4.2833000000000006,0,0,0,BTM00157,BTM00157,Hydroxylation of aromatic carbon ortho to halide group,BTMR1040,"CYP1A2
CYP2A6
CYP2B6
CYP2C8
CYP2C9
CYP2C19
CYP2D6
CYP2E1
CYP3A4",HUMAN,BTM00018,CN1CCN(CC1)CCC(N2C3=CC=CC=C3SC4=C2C=C(C=C4)Cl)O,"InChI=1S/C20H24ClN3OS/c1-22-10-12-23(13-11-22)9-8-20(25)24-16-4-2-3-5-18(16)26-19-7-6-15(21)14-17(19)24/h2-7,14,20,25H,8-13H2,1H3",VNHUGUXMBRTZNG-UHFFFAOYSA-N,4.550700000000002,389.13286106800007
"InChI=1S/C20H24ClN3O2S/c1-22-8-10-23(11-9-22)7-6-20(26)24-15-4-2-3-5-18(15)27-19-13-17(25)14(21)12-16(19)24/h2-5,12-13,20,25-26H,6-11H2,1H3",SOHVRJVJKIFMGK-UHFFFAOYSA-N,CN1CCN(CC1)CCC(N2C3=CC=CC=C3SC4=C2C=C(C(=C4)O)Cl)O,,,C20H24ClN3O2S,405.127775688,4.2833000000000006,0,0,0,BTM00117,BTM00117,Hydroxylation of aromatic carbon ortho to halide group,BTMR1040,"CYP1A2
CYP2A6
CYP2B6
CYP2C8
CYP2C9
CYP2C19
CYP2D6
CYP2E1
CYP3A4",HUMAN,BTM00018,CN1CCN(CC1)CCC(N2C3=CC=CC=C3SC4=C2C=C(C=C4)Cl)O,"InChI=1S/C20H24ClN3OS/c1-22-10-12-23(13-11-22)9-8-20(25)24-16-4-2-3-5-18(16)26-19-7-6-15(21)14-17(19)24/h2-7,14,20,25H,8-13H2,1H3",VNHUGUXMBRTZNG-UHFFFAOYSA-N,4.550700000000002,389.13286106800007
"InChI=1S/C20H24ClN3O2S/c1-22-8-10-23(11-9-22)7-6-19(26)24-15-4-2-3-5-18(15)27-20-16(24)12-14(21)13-17(20)25/h2-5,12-13,19,25-26H,6-11H2,1H3",NPUVODKNQCZAFO-UHFFFAOYSA-N,CN1CCN(CC1)CCC(N2C3=CC=CC=C3SC4=C2C=C(C=C4O)Cl)O,,,C20H24ClN3O2S,405.127775688,4.2833000000000006,0,0,0,BTM00159,BTM00159,Hydroxylation of aromatic carbon meta to halide group,BTMR1039,"CYP2A6
CYP2B6
CYP2C9
CYP2C19
CYP2E1
CYP3A4",HUMAN,BTM00018,CN1CCN(CC1)CCC(N2C3=CC=CC=C3SC4=C2C=C(C=C4)Cl)O,"InChI=1S/C20H24ClN3OS/c1-22-10-12-23(13-11-22)9-8-20(25)24-16-4-2-3-5-18(16)26-19-7-6-15(21)14-17(19)24/h2-7,14,20,25H,8-13H2,1H3",VNHUGUXMBRTZNG-UHFFFAOYSA-N,4.550700000000002,389.13286106800007
"InChI=1S/C20H24ClN3O2S/c1-22-10-11-23(13-20(22)26)9-8-19(25)24-15-4-2-3-5-17(15)27-18-7-6-14(21)12-16(18)24/h2-7,12,19-20,25-26H,8-11,13H2,1H3",YVSXBAUMZMKDPH-UHFFFAOYSA-N,CN1C(CN(CC1)CCC(N2C3=CC=CC=C3SC4=C2C=C(C=C4)Cl)O)O,,,C20H24ClN3O2S,405.12777568800004,4.211000000000001,0,0,0,BTM00150,BTM00150,Aliphatic hydroxylation of carbon alpha to secondary or tertiary alkyl-N,BTMR1081,"CYP2B6
CYP2C19
CYP2D6",HUMAN,BTM00018,CN1CCN(CC1)CCC(N2C3=CC=CC=C3SC4=C2C=C(C=C4)Cl)O,"InChI=1S/C20H24ClN3OS/c1-22-10-12-23(13-11-22)9-8-20(25)24-16-4-2-3-5-18(16)26-19-7-6-15(21)14-17(19)24/h2-7,14,20,25H,8-13H2,1H3",VNHUGUXMBRTZNG-UHFFFAOYSA-N,4.550700000000002,389.13286106800007
"InChI=1S/C20H24ClN3O2S/c1-22-10-11-23(20(26)13-22)9-8-19(25)24-15-4-2-3-5-17(15)27-18-7-6-14(21)12-16(18)24/h2-7,12,19-20,25-26H,8-11,13H2,1H3",HXIIMQPKDJAPHU-UHFFFAOYSA-N,CN1CC(N(CC1)CCC(N2C3=CC=CC=C3SC4=C2C=C(C=C4)Cl)O)O,,,C20H24ClN3O2S,405.127775688,4.211000000000001,0,0,0,BTM00154,BTM00154,Aliphatic hydroxylation of carbon alpha to secondary or tertiary alkyl-N,BTMR1081,"CYP2B6
CYP2C19
CYP2D6",HUMAN,BTM00018,CN1CCN(CC1)CCC(N2C3=CC=CC=C3SC4=C2C=C(C=C4)Cl)O,"InChI=1S/C20H24ClN3OS/c1-22-10-12-23(13-11-22)9-8-20(25)24-16-4-2-3-5-18(16)26-19-7-6-15(21)14-17(19)24/h2-7,14,20,25H,8-13H2,1H3",VNHUGUXMBRTZNG-UHFFFAOYSA-N,4.550700000000002,389.13286106800007
"InChI=1S/C20H24ClN3O2S/c1-22-8-10-23(11-9-22)19(25)13-20(26)24-15-4-2-3-5-17(15)27-18-7-6-14(21)12-16(18)24/h2-7,12,19-20,25-26H,8-11,13H2,1H3",WVOJJSGYBNZJGT-UHFFFAOYSA-N,CN1CCN(CC1)C(CC(N2C3=CC=CC=C3SC4=C2C=C(C=C4)Cl)O)O,,,C20H24ClN3O2S,405.12777568800004,3.6674000000000015,0,0,0,BTM00162,BTM00162,Aliphatic hydroxylation of carbon alpha to secondary or tertiary alkyl-N,BTMR1081,"CYP2B6
CYP2C19
CYP2D6",HUMAN,BTM00018,CN1CCN(CC1)CCC(N2C3=CC=CC=C3SC4=C2C=C(C=C4)Cl)O,"InChI=1S/C20H24ClN3OS/c1-22-10-12-23(13-11-22)9-8-20(25)24-16-4-2-3-5-18(16)26-19-7-6-15(21)14-17(19)24/h2-7,14,20,25H,8-13H2,1H3",VNHUGUXMBRTZNG-UHFFFAOYSA-N,4.550700000000002,389.13286106800007
