InChI,InChIKey,SMILES,Synonyms,PUBCHEM_CID,Molecular formula,Major Isotope Mass,ALogP,Lipinski_Violations,Insecticide_Likeness_Violations,Post_Em_Herbicide_Likeness_Violations,Metabolite ID,cdk:Title,Reaction,Reaction ID,Enzyme(s),Biosystem,Precursor ID,Precursor SMILES,Precursor InChI,Precursor InChIKey,Precursor ALogP,Precursor Major Isotope Mass
"InChI=1S/C25H27ClN2O/c1-19-5-4-6-20(17-19)18-27-13-15-28(16-14-27)25(21-9-11-22(26)12-10-21)23-7-2-3-8-24(23)29/h2-12,17,25,29H,13-16,18H2,1H3",OGUIBKUVFWVXIP-UHFFFAOYSA-N,CC1=CC(=CC=C1)CN2CCN(CC2)C(C3=C(C=CC=C3)O)C4=CC=C(C=C4)Cl,,,C25H27ClN2O,406.181191164,5.939800000000002,1,0,0,BTM00001,BTM00001,O-Hydroxylation of monosubstituted benzene,BTMR1034,"CYP1A2
CYP2C8
CYP2C9
CYP2C19
CYP3A4",HUMAN,,CC1=CC(=CC=C1)CN2CCN(CC2)C(C3=CC=CC=C3)C4=CC=C(C=C4)Cl,"InChI=1S/C25H27ClN2/c1-20-6-5-7-21(18-20)19-27-14-16-28(17-15-27)25(22-8-3-2-4-9-22)23-10-12-24(26)13-11-23/h2-13,18,25H,14-17,19H2,1H3",OCJYIGYOJCODJL-UHFFFAOYSA-N,,390.1862
"InChI=1S/C25H27ClN2O/c1-19-6-5-9-22(18-19)25(29)28-16-14-27(15-17-28)24(20-7-3-2-4-8-20)21-10-12-23(26)13-11-21/h2-13,18,24-25,29H,14-17H2,1H3",XLPSTRHKQLGIDT-UHFFFAOYSA-N,CC1=CC(=CC=C1)C(N2CCN(CC2)C(C3=CC=CC=C3)C4=CC=C(C=C4)Cl)O,,,C25H27ClN2O,406.181191164,5.867499999999998,1,0,0,BTM00002,BTM00002,Hydroxylation of non-terminal aliphatic carbon adjacent to aromatic ring,BTMR1077,"CYP1A2
CYP2C8
CYP2C9
CYP2D6
CYP3A4",HUMAN,,CC1=CC(=CC=C1)CN2CCN(CC2)C(C3=CC=CC=C3)C4=CC=C(C=C4)Cl,"InChI=1S/C25H27ClN2/c1-20-6-5-7-21(18-20)19-27-14-16-28(17-15-27)25(22-8-3-2-4-9-22)23-10-12-24(26)13-11-23/h2-13,18,25H,14-17,19H2,1H3",OCJYIGYOJCODJL-UHFFFAOYSA-N,,390.1862
"InChI=1S/C25H27ClN2O/c26-24-11-9-23(10-12-24)25(22-7-2-1-3-8-22)28-15-13-27(14-16-28)18-20-5-4-6-21(17-20)19-29/h1-12,17,25,29H,13-16,18-19H2",SNLKSZHRCNHRFU-UHFFFAOYSA-N,C(C1=CC(=CC=C1)CN2CCN(CC2)C(C3=CC=CC=C3)C4=CC=C(C=C4)Cl)O,,,C25H27ClN2O,406.181191164,5.116499999999999,0,0,0,BTM00003,BTM00003,Aliphatic hydroxylation of methyl carbon adjacent to aromatic ring,BTMR1058,"CYP1A2
CYP2A6
CYP2B6
CYP2C8
CYP2C9
CYP2C19
CYP2D6
CYP2E1
CYP3A4",HUMAN,,CC1=CC(=CC=C1)CN2CCN(CC2)C(C3=CC=CC=C3)C4=CC=C(C=C4)Cl,"InChI=1S/C25H27ClN2/c1-20-6-5-7-21(18-20)19-27-14-16-28(17-15-27)25(22-8-3-2-4-9-22)23-10-12-24(26)13-11-23/h2-13,18,25H,14-17,19H2,1H3",OCJYIGYOJCODJL-UHFFFAOYSA-N,,390.1862
"InChI=1S/C25H27ClN2O/c1-20-6-5-7-21(18-20)19-27-14-16-28(29,17-15-27)25(22-8-3-2-4-9-22)23-10-12-24(26)13-11-23/h2-13,18,25H,14-17,19H2,1H3",FZVXEGZYDZEBHA-UHFFFAOYSA-N,CC1=CC(=CC=C1)CN2CC[N+](CC2)(C(C3=CC=CC=C3)C4=CC=C(C=C4)Cl)[O-],,,C25H27ClN2O,406.181191164,5.802100000000001,1,0,0,BTM00004,BTM00004,N-Oxidation of alicyclic tertiary amine,BTMR1099,"CYP1A2
CYP2C8
CYP2C19
CYP2D6
CYP3A4",HUMAN,,CC1=CC(=CC=C1)CN2CCN(CC2)C(C3=CC=CC=C3)C4=CC=C(C=C4)Cl,"InChI=1S/C25H27ClN2/c1-20-6-5-7-21(18-20)19-27-14-16-28(17-15-27)25(22-8-3-2-4-9-22)23-10-12-24(26)13-11-23/h2-13,18,25H,14-17,19H2,1H3",OCJYIGYOJCODJL-UHFFFAOYSA-N,,390.1862
"InChI=1S/C25H27ClN2O/c1-20-6-5-7-21(18-20)19-28(29)16-14-27(15-17-28)25(22-8-3-2-4-9-22)23-10-12-24(26)13-11-23/h2-13,18,25H,14-17,19H2,1H3",NDTIJUDMDNMOFC-UHFFFAOYSA-N,CC1=CC(=CC=C1)C[N+]2(CCN(CC2)C(C3=CC=CC=C3)C4=CC=C(C=C4)Cl)[O-],,,C25H27ClN2O,406.181191164,5.802100000000001,1,0,0,BTM00005,BTM00005,N-Oxidation of alicyclic tertiary amine,BTMR1099,"CYP1A2
CYP2C8
CYP2C19
CYP2D6
CYP3A4",HUMAN,,CC1=CC(=CC=C1)CN2CCN(CC2)C(C3=CC=CC=C3)C4=CC=C(C=C4)Cl,"InChI=1S/C25H27ClN2/c1-20-6-5-7-21(18-20)19-27-14-16-28(17-15-27)25(22-8-3-2-4-9-22)23-10-12-24(26)13-11-23/h2-13,18,25H,14-17,19H2,1H3",OCJYIGYOJCODJL-UHFFFAOYSA-N,,390.1862
"InChI=1S/C8H8O/c1-7-3-2-4-8(5-7)6-9/h2-6H,1H3",OVWYEQOVUDKZNU-UHFFFAOYSA-N,CC1=CC(=CC=C1)C=O,,,C8H8O,120.057514876,2.0756,0,0,0,BTM00006,BTM00006,N-Dealkylation of alicyclic tertiary amine,BTMR1144,"CYP1A2
CYP2A6
CYP2B6
CYP2C8
CYP2C9
CYP2C19
CYP2D6
CYP3A4",HUMAN,,CC1=CC(=CC=C1)CN2CCN(CC2)C(C3=CC=CC=C3)C4=CC=C(C=C4)Cl,"InChI=1S/C25H27ClN2/c1-20-6-5-7-21(18-20)19-27-14-16-28(17-15-27)25(22-8-3-2-4-9-22)23-10-12-24(26)13-11-23/h2-13,18,25H,14-17,19H2,1H3",OCJYIGYOJCODJL-UHFFFAOYSA-N,,390.1862
"InChI=1S/C17H19ClN2/c18-16-8-6-15(7-9-16)17(14-4-2-1-3-5-14)20-12-10-19-11-13-20/h1-9,17,19H,10-13H2",UZKBSZSTDQSMDR-UHFFFAOYSA-N,N1CCN(CC1)C(C2=CC=CC=C2)C3=CC=C(C=C3)Cl,,,C17H19ClN2,286.123676288,3.6016000000000004,0,0,0,BTM00007,BTM00007,N-Dealkylation of alicyclic tertiary amine,BTMR1144,"CYP1A2
CYP2A6
CYP2B6
CYP2C8
CYP2C9
CYP2C19
CYP2D6
CYP3A4",HUMAN,,CC1=CC(=CC=C1)CN2CCN(CC2)C(C3=CC=CC=C3)C4=CC=C(C=C4)Cl,"InChI=1S/C25H27ClN2/c1-20-6-5-7-21(18-20)19-27-14-16-28(17-15-27)25(22-8-3-2-4-9-22)23-10-12-24(26)13-11-23/h2-13,18,25H,14-17,19H2,1H3",OCJYIGYOJCODJL-UHFFFAOYSA-N,,390.1862
"InChI=1S/C12H18N2/c1-11-3-2-4-12(9-11)10-14-7-5-13-6-8-14/h2-4,9,13H,5-8,10H2,1H3",VTEOTZPEMDQENX-UHFFFAOYSA-N,CC1=CC(=CC=C1)CN2CCNCC2,,,C12H18N2,190.146998576,1.8112000000000017,0,0,0,BTM00008,BTM00008,N-Dealkylation of alicyclic tertiary amine,BTMR1144,"CYP1A2
CYP2A6
CYP2B6
CYP2C8
CYP2C9
CYP2C19
CYP2D6
CYP3A4",HUMAN,,CC1=CC(=CC=C1)CN2CCN(CC2)C(C3=CC=CC=C3)C4=CC=C(C=C4)Cl,"InChI=1S/C25H27ClN2/c1-20-6-5-7-21(18-20)19-27-14-16-28(17-15-27)25(22-8-3-2-4-9-22)23-10-12-24(26)13-11-23/h2-13,18,25H,14-17,19H2,1H3",OCJYIGYOJCODJL-UHFFFAOYSA-N,,390.1862
InChI=1S/C13H9ClO/c14-12-8-6-11(7-9-12)13(15)10-4-2-1-3-5-10/h1-9H,UGVRJVHOJNYEHR-UHFFFAOYSA-N,C(C1=CC=CC=C1)(C2=CC=C(C=C2)Cl)=O,,,C13H9ClO,216.034192588,3.8986,0,0,0,BTM00009,BTM00009,N-Dealkylation of alicyclic tertiary amine,BTMR1144,"CYP1A2
CYP2A6
CYP2B6
CYP2C8
CYP2C9
CYP2C19
CYP2D6
CYP3A4",HUMAN,,CC1=CC(=CC=C1)CN2CCN(CC2)C(C3=CC=CC=C3)C4=CC=C(C=C4)Cl,"InChI=1S/C25H27ClN2/c1-20-6-5-7-21(18-20)19-27-14-16-28(17-15-27)25(22-8-3-2-4-9-22)23-10-12-24(26)13-11-23/h2-13,18,25H,14-17,19H2,1H3",OCJYIGYOJCODJL-UHFFFAOYSA-N,,390.1862
"InChI=1S/C25H27ClN2O/c1-19-6-5-9-22(25(19)29)18-27-14-16-28(17-15-27)24(20-7-3-2-4-8-20)21-10-12-23(26)13-11-21/h2-13,24,29H,14-18H2,1H3",WMQVNJHRLMOFLR-UHFFFAOYSA-N,CC1=C(C(=CC=C1)CN2CCN(CC2)C(C3=CC=CC=C3)C4=CC=C(C=C4)Cl)O,,,C25H27ClN2O,406.181191164,5.939800000000002,1,0,0,BTM00010,BTM00010,Hydroxylation of benzene on carbon ortho to electron donating group,BTMR1045,"CYP1A2
CYP2C8
CYP2C9
CYP2C19
CYP2D6
CYP3A4",HUMAN,,CC1=CC(=CC=C1)CN2CCN(CC2)C(C3=CC=CC=C3)C4=CC=C(C=C4)Cl,"InChI=1S/C25H27ClN2/c1-20-6-5-7-21(18-20)19-27-14-16-28(17-15-27)25(22-8-3-2-4-9-22)23-10-12-24(26)13-11-23/h2-13,18,25H,14-17,19H2,1H3",OCJYIGYOJCODJL-UHFFFAOYSA-N,,390.1862
"InChI=1S/C25H27ClN2O/c1-19-6-5-7-20(16-19)18-27-12-14-28(15-13-27)25(21-8-3-2-4-9-21)23-11-10-22(26)17-24(23)29/h2-11,16-17,25,29H,12-15,18H2,1H3",SOMQZWWOUBJDHC-UHFFFAOYSA-N,CC1=CC(=CC=C1)CN2CCN(CC2)C(C3=CC=CC=C3)C4=C(C=C(C=C4)Cl)O,,,C25H27ClN2O,406.181191164,5.939800000000002,1,0,0,BTM00011,BTM00011,Hydroxylation of benzene on carbon ortho to electron donating group,BTMR1045,"CYP1A2
CYP2C8
CYP2C9
CYP2C19
CYP2D6
CYP3A4",HUMAN,,CC1=CC(=CC=C1)CN2CCN(CC2)C(C3=CC=CC=C3)C4=CC=C(C=C4)Cl,"InChI=1S/C25H27ClN2/c1-20-6-5-7-21(18-20)19-27-14-16-28(17-15-27)25(22-8-3-2-4-9-22)23-10-12-24(26)13-11-23/h2-13,18,25H,14-17,19H2,1H3",OCJYIGYOJCODJL-UHFFFAOYSA-N,,390.1862
"InChI=1S/C25H27ClN2O/c1-19-5-4-6-20(17-19)18-27-13-15-28(16-14-27)25(21-9-11-22(26)12-10-21)23-7-2-3-8-24(23)29/h2-12,17,25,29H,13-16,18H2,1H3",OGUIBKUVFWVXIP-UHFFFAOYSA-N,CC1=CC(=CC=C1)CN2CCN(CC2)C(C3=C(C=CC=C3)O)C4=CC=C(C=C4)Cl,,,C25H27ClN2O,406.181191164,5.939800000000002,1,0,0,BTM00001,BTM00001,Hydroxylation of benzene on carbon ortho to electron donating group,BTMR1045,"CYP1A2
CYP2C8
CYP2C9
CYP2C19
CYP2D6
CYP3A4",HUMAN,,CC1=CC(=CC=C1)CN2CCN(CC2)C(C3=CC=CC=C3)C4=CC=C(C=C4)Cl,"InChI=1S/C25H27ClN2/c1-20-6-5-7-21(18-20)19-27-14-16-28(17-15-27)25(22-8-3-2-4-9-22)23-10-12-24(26)13-11-23/h2-13,18,25H,14-17,19H2,1H3",OCJYIGYOJCODJL-UHFFFAOYSA-N,,390.1862
"InChI=1S/C25H27ClN2O/c1-19-7-12-24(29)22(17-19)18-27-13-15-28(16-14-27)25(20-5-3-2-4-6-20)21-8-10-23(26)11-9-21/h2-12,17,25,29H,13-16,18H2,1H3",UYCKJDLDJGFHGZ-UHFFFAOYSA-N,CC1=CC(=C(C=C1)O)CN2CCN(CC2)C(C3=CC=CC=C3)C4=CC=C(C=C4)Cl,,,C25H27ClN2O,406.181191164,5.939800000000002,1,0,0,BTM00012,BTM00012,Hydroxylation of benzene on carbon ortho to electron donating group,BTMR1045,"CYP1A2
CYP2C8
CYP2C9
CYP2C19
CYP2D6
CYP3A4",HUMAN,,CC1=CC(=CC=C1)CN2CCN(CC2)C(C3=CC=CC=C3)C4=CC=C(C=C4)Cl,"InChI=1S/C25H27ClN2/c1-20-6-5-7-21(18-20)19-27-14-16-28(17-15-27)25(22-8-3-2-4-9-22)23-10-12-24(26)13-11-23/h2-13,18,25H,14-17,19H2,1H3",OCJYIGYOJCODJL-UHFFFAOYSA-N,,390.1862
"InChI=1S/C25H27ClN2O/c1-19-17-20(7-12-24(19)29)18-27-13-15-28(16-14-27)25(21-5-3-2-4-6-21)22-8-10-23(26)11-9-22/h2-12,17,25,29H,13-16,18H2,1H3",BZJMJQDPRNBLGB-UHFFFAOYSA-N,CC1=CC(=CC=C1O)CN2CCN(CC2)C(C3=CC=CC=C3)C4=CC=C(C=C4)Cl,,,C25H27ClN2O,406.181191164,5.939800000000002,1,0,0,BTM00013,BTM00013,Hydroxylation of benzene on carbon ortho to electron donating group,BTMR1045,"CYP1A2
CYP2C8
CYP2C9
CYP2C19
CYP2D6
CYP3A4",HUMAN,,CC1=CC(=CC=C1)CN2CCN(CC2)C(C3=CC=CC=C3)C4=CC=C(C=C4)Cl,"InChI=1S/C25H27ClN2/c1-20-6-5-7-21(18-20)19-27-14-16-28(17-15-27)25(22-8-3-2-4-9-22)23-10-12-24(26)13-11-23/h2-13,18,25H,14-17,19H2,1H3",OCJYIGYOJCODJL-UHFFFAOYSA-N,,390.1862
"InChI=1S/C25H27ClN2O/c1-19-3-2-4-20(17-19)18-27-13-15-28(16-14-27)25(21-5-9-23(26)10-6-21)22-7-11-24(29)12-8-22/h2-12,17,25,29H,13-16,18H2,1H3",ZNSNTPFKXLHCFV-UHFFFAOYSA-N,CC1=CC(=CC=C1)CN2CCN(CC2)C(C3=CC=C(C=C3)O)C4=CC=C(C=C4)Cl,,,C25H27ClN2O,406.181191164,5.939800000000002,1,0,0,BTM00014,BTM00014,Hydroxylation of benzene on carbon para to electron donating group,BTMR1047,"CYP1A2
CYP2C8
CYP2C9
CYP2D6
CYP3A4",HUMAN,,CC1=CC(=CC=C1)CN2CCN(CC2)C(C3=CC=CC=C3)C4=CC=C(C=C4)Cl,"InChI=1S/C25H27ClN2/c1-20-6-5-7-21(18-20)19-27-14-16-28(17-15-27)25(22-8-3-2-4-9-22)23-10-12-24(26)13-11-23/h2-13,18,25H,14-17,19H2,1H3",OCJYIGYOJCODJL-UHFFFAOYSA-N,,390.1862
"InChI=1S/C25H27ClN2O/c1-19-7-12-24(29)22(17-19)18-27-13-15-28(16-14-27)25(20-5-3-2-4-6-20)21-8-10-23(26)11-9-21/h2-12,17,25,29H,13-16,18H2,1H3",UYCKJDLDJGFHGZ-UHFFFAOYSA-N,CC1=CC(=C(C=C1)O)CN2CCN(CC2)C(C3=CC=CC=C3)C4=CC=C(C=C4)Cl,,,C25H27ClN2O,406.181191164,5.939800000000002,1,0,0,BTM00012,BTM00012,Hydroxylation of benzene on carbon para to electron donating group,BTMR1047,"CYP1A2
CYP2C8
CYP2C9
CYP2D6
CYP3A4",HUMAN,,CC1=CC(=CC=C1)CN2CCN(CC2)C(C3=CC=CC=C3)C4=CC=C(C=C4)Cl,"InChI=1S/C25H27ClN2/c1-20-6-5-7-21(18-20)19-27-14-16-28(17-15-27)25(22-8-3-2-4-9-22)23-10-12-24(26)13-11-23/h2-13,18,25H,14-17,19H2,1H3",OCJYIGYOJCODJL-UHFFFAOYSA-N,,390.1862
"InChI=1S/C25H27ClN2O/c1-19-17-20(7-12-24(19)29)18-27-13-15-28(16-14-27)25(21-5-3-2-4-6-21)22-8-10-23(26)11-9-22/h2-12,17,25,29H,13-16,18H2,1H3",BZJMJQDPRNBLGB-UHFFFAOYSA-N,CC1=CC(=CC=C1O)CN2CCN(CC2)C(C3=CC=CC=C3)C4=CC=C(C=C4)Cl,,,C25H27ClN2O,406.181191164,5.939800000000002,1,0,0,BTM00013,BTM00013,Hydroxylation of benzene on carbon para to electron donating group,BTMR1047,"CYP1A2
CYP2C8
CYP2C9
CYP2D6
CYP3A4",HUMAN,,CC1=CC(=CC=C1)CN2CCN(CC2)C(C3=CC=CC=C3)C4=CC=C(C=C4)Cl,"InChI=1S/C25H27ClN2/c1-20-6-5-7-21(18-20)19-27-14-16-28(17-15-27)25(22-8-3-2-4-9-22)23-10-12-24(26)13-11-23/h2-13,18,25H,14-17,19H2,1H3",OCJYIGYOJCODJL-UHFFFAOYSA-N,,390.1862
"InChI=1S/C25H27ClN2O/c1-19-6-5-7-20(16-19)17-27-14-15-28(18-24(27)29)25(21-8-3-2-4-9-21)22-10-12-23(26)13-11-22/h2-13,16,24-25,29H,14-15,17-18H2,1H3",UBAAUPORBTYAIG-UHFFFAOYSA-N,CC1=CC(=CC=C1)CN2C(CN(CC2)C(C3=CC=CC=C3)C4=CC=C(C=C4)Cl)O,,,C25H27ClN2O,406.181191164,5.867499999999998,1,0,0,BTM00015,BTM00015,Hydroxylation of heteroalicyclic secondary carbon,BTMR1070,"CYP1A2
CYP2A6
CYP2C9
CYP2D6
CYP3A4",HUMAN,,CC1=CC(=CC=C1)CN2CCN(CC2)C(C3=CC=CC=C3)C4=CC=C(C=C4)Cl,"InChI=1S/C25H27ClN2/c1-20-6-5-7-21(18-20)19-27-14-16-28(17-15-27)25(22-8-3-2-4-9-22)23-10-12-24(26)13-11-23/h2-13,18,25H,14-17,19H2,1H3",OCJYIGYOJCODJL-UHFFFAOYSA-N,,390.1862
"InChI=1S/C25H27ClN2O/c1-19-6-5-7-20(16-19)17-27-14-15-28(24(29)18-27)25(21-8-3-2-4-9-21)22-10-12-23(26)13-11-22/h2-13,16,24-25,29H,14-15,17-18H2,1H3",HUSREAFIHNORPH-UHFFFAOYSA-N,CC1=CC(=CC=C1)CN2CC(N(CC2)C(C3=CC=CC=C3)C4=CC=C(C=C4)Cl)O,,,C25H27ClN2O,406.18119116400004,5.867499999999998,1,0,0,BTM00016,BTM00016,Hydroxylation of heteroalicyclic secondary carbon,BTMR1070,"CYP1A2
CYP2A6
CYP2C9
CYP2D6
CYP3A4",HUMAN,,CC1=CC(=CC=C1)CN2CCN(CC2)C(C3=CC=CC=C3)C4=CC=C(C=C4)Cl,"InChI=1S/C25H27ClN2/c1-20-6-5-7-21(18-20)19-27-14-16-28(17-15-27)25(22-8-3-2-4-9-22)23-10-12-24(26)13-11-23/h2-13,18,25H,14-17,19H2,1H3",OCJYIGYOJCODJL-UHFFFAOYSA-N,,390.1862
"InChI=1S/C25H27ClN2O/c1-19-6-5-7-20(16-19)18-27-12-14-28(15-13-27)25(21-8-3-2-4-9-21)22-10-11-23(26)24(29)17-22/h2-11,16-17,25,29H,12-15,18H2,1H3",GADHHUOTVRMLKP-UHFFFAOYSA-N,CC1=CC(=CC=C1)CN2CCN(CC2)C(C3=CC=CC=C3)C4=CC(=C(C=C4)Cl)O,,,C25H27ClN2O,406.181191164,5.939800000000002,1,0,0,BTM00017,BTM00017,Hydroxylation of aromatic carbon ortho to halide group,BTMR1040,"CYP1A2
CYP2A6
CYP2B6
CYP2C8
CYP2C9
CYP2C19
CYP2D6
CYP2E1
CYP3A4",HUMAN,,CC1=CC(=CC=C1)CN2CCN(CC2)C(C3=CC=CC=C3)C4=CC=C(C=C4)Cl,"InChI=1S/C25H27ClN2/c1-20-6-5-7-21(18-20)19-27-14-16-28(17-15-27)25(22-8-3-2-4-9-22)23-10-12-24(26)13-11-23/h2-13,18,25H,14-17,19H2,1H3",OCJYIGYOJCODJL-UHFFFAOYSA-N,,390.1862
"InChI=1S/C31H35ClN2O7/c1-19-5-4-6-20(17-19)18-33-13-15-34(16-14-33)25(21-9-11-22(32)12-10-21)23-7-2-3-8-24(23)40-31-28(37)26(35)27(36)29(41-31)30(38)39/h2-12,17,25-29,31,35-37H,13-16,18H2,1H3,(H,38,39)",OUQHFVOAYANELF-UHFFFAOYSA-N,CC1=CC(=CC=C1)CN2CCN(CC2)C(C3=C(C=CC=C3)OC4OC(C(O)=O)C(C(C4O)O)O)C5=CC=C(C=C5)Cl,,,C31H35ClN2O7,582.2132791399999,4.244300000000002,1,1,1,BTM00018,BTM00018,Aromatic OH-glucuronidation,BTMR0166,EC 2.4.1.17,HUMAN,BTM00001,CC1=CC(=CC=C1)CN2CCN(CC2)C(C3=C(C=CC=C3)O)C4=CC=C(C=C4)Cl,"InChI=1S/C25H27ClN2O/c1-19-5-4-6-20(17-19)18-27-13-15-28(16-14-27)25(21-9-11-22(26)12-10-21)23-7-2-3-8-24(23)29/h2-12,17,25,29H,13-16,18H2,1H3",OGUIBKUVFWVXIP-UHFFFAOYSA-N,5.939800000000002,406.181191164
"InChI=1S/C25H27ClN2O4S/c1-19-5-4-6-20(17-19)18-27-13-15-28(16-14-27)25(21-9-11-22(26)12-10-21)23-7-2-3-8-24(23)32-33(29,30)31/h2-12,17,25H,13-16,18H2,1H3,(H,29,30,31)",PYQDBYUOQBOWEX-UHFFFAOYSA-N,CC1=CC(=CC=C1)CN2CCN(CC2)C(C3=C(C=CC=C3)OS(O)(=O)=O)C4=CC=C(C=C4)Cl,,,C25H27ClN2O4S,486.138006024,5.203000000000002,0,0,0,BTM00019,BTM00019,Sulfonation of phenolic compound,BTMR1376,EC 2.8.2.1,HUMAN,BTM00001,CC1=CC(=CC=C1)CN2CCN(CC2)C(C3=C(C=CC=C3)O)C4=CC=C(C=C4)Cl,"InChI=1S/C25H27ClN2O/c1-19-5-4-6-20(17-19)18-27-13-15-28(16-14-27)25(21-9-11-22(26)12-10-21)23-7-2-3-8-24(23)29/h2-12,17,25,29H,13-16,18H2,1H3",OGUIBKUVFWVXIP-UHFFFAOYSA-N,5.939800000000002,406.181191164
"InChI=1S/C26H29ClN2O/c1-20-6-5-7-21(18-20)19-28-14-16-29(17-15-28)26(22-10-12-23(27)13-11-22)24-8-3-4-9-25(24)30-2/h3-13,18,26H,14-17,19H2,1-2H3",HSDLNCVEPFNUHP-UHFFFAOYSA-N,CC1=CC(=CC=C1)CN2CCN(CC2)C(C3=C(C=CC=C3)OC)C4=CC=C(C=C4)Cl,,,C26H29ClN2O,420.196841228,6.190799999999998,1,0,0,BTM00020,BTM00020,Methylation of phenolic compound,BTMR1377,EC 2.1.1.25,HUMAN,BTM00001,CC1=CC(=CC=C1)CN2CCN(CC2)C(C3=C(C=CC=C3)O)C4=CC=C(C=C4)Cl,"InChI=1S/C25H27ClN2O/c1-19-5-4-6-20(17-19)18-27-13-15-28(16-14-27)25(21-9-11-22(26)12-10-21)23-7-2-3-8-24(23)29/h2-12,17,25,29H,13-16,18H2,1H3",OGUIBKUVFWVXIP-UHFFFAOYSA-N,5.939800000000002,406.181191164
"InChI=1S/C25H25ClN2O/c26-24-11-9-23(10-12-24)25(22-7-2-1-3-8-22)28-15-13-27(14-16-28)18-20-5-4-6-21(17-20)19-29/h1-12,17,19,25H,13-16,18H2",WRJFOPQTTNHQLN-UHFFFAOYSA-N,C(C1=CC(=CC=C1)CN2CCN(CC2)C(C3=CC=CC=C3)C4=CC=C(C=C4)Cl)=O,,,C25H25ClN2O,404.1655411,5.4804,1,0,0,BTM00021,BTM00021,Dehydrogenation of primary alcohol,BTMR0029,EC 1.1.1.1,HUMAN,BTM00003,C(C1=CC(=CC=C1)CN2CCN(CC2)C(C3=CC=CC=C3)C4=CC=C(C=C4)Cl)O,"InChI=1S/C25H27ClN2O/c26-24-11-9-23(10-12-24)25(22-7-2-1-3-8-22)28-15-13-27(14-16-28)18-20-5-4-6-21(17-20)19-29/h1-12,17,25,29H,13-16,18-19H2",SNLKSZHRCNHRFU-UHFFFAOYSA-N,5.116499999999999,406.181191164
"InChI=1S/C31H35ClN2O7/c32-24-11-9-23(10-12-24)25(22-7-2-1-3-8-22)34-15-13-33(14-16-34)18-20-5-4-6-21(17-20)19-40-31-28(37)26(35)27(36)29(41-31)30(38)39/h1-12,17,25-29,31,35-37H,13-16,18-19H2,(H,38,39)",YONGCZMIZLNIRI-UHFFFAOYSA-N,C(C1=CC(=CC=C1)CN2CCN(CC2)C(C3=CC=CC=C3)C4=CC=C(C=C4)Cl)OC5OC(C(O)=O)C(C(C5O)O)O,,,C31H35ClN2O7,582.2132791399999,3.5785000000000005,1,1,1,BTM00022,BTM00022,Alkyl-OH-glucuronidation,BTMR0165,EC 2.4.1.17,HUMAN,BTM00003,C(C1=CC(=CC=C1)CN2CCN(CC2)C(C3=CC=CC=C3)C4=CC=C(C=C4)Cl)O,"InChI=1S/C25H27ClN2O/c26-24-11-9-23(10-12-24)25(22-7-2-1-3-8-22)28-15-13-27(14-16-28)18-20-5-4-6-21(17-20)19-29/h1-12,17,25,29H,13-16,18-19H2",SNLKSZHRCNHRFU-UHFFFAOYSA-N,5.116499999999999,406.181191164
"InChI=1S/C25H27ClN2O4S/c26-24-11-9-23(10-12-24)25(22-7-2-1-3-8-22)28-15-13-27(14-16-28)18-20-5-4-6-21(17-20)19-32-33(29,30)31/h1-12,17,25H,13-16,18-19H2,(H,29,30,31)",VERZQIJWAOOLPS-UHFFFAOYSA-N,C(C1=CC(=CC=C1)CN2CCN(CC2)C(C3=CC=CC=C3)C4=CC=C(C=C4)Cl)OS(O)(=O)=O,,,C25H27ClN2O4S,486.138006024,4.5372,0,0,0,BTM00023,BTM00023,Sulfation of primary alcohol,BTMR0501,EC 2.8.2.2,HUMAN,BTM00003,C(C1=CC(=CC=C1)CN2CCN(CC2)C(C3=CC=CC=C3)C4=CC=C(C=C4)Cl)O,"InChI=1S/C25H27ClN2O/c26-24-11-9-23(10-12-24)25(22-7-2-1-3-8-22)28-15-13-27(14-16-28)18-20-5-4-6-21(17-20)19-29/h1-12,17,25,29H,13-16,18-19H2",SNLKSZHRCNHRFU-UHFFFAOYSA-N,5.116499999999999,406.181191164
"InChI=1S/C31H35ClN2O7/c1-20-6-5-7-21(18-20)19-33-14-16-34(17-15-33,41-31-28(37)26(35)27(36)29(40-31)30(38)39)25(22-8-3-2-4-9-22)23-10-12-24(32)13-11-23/h2-13,18,25-29,31,35-37H,14-17,19H2,1H3/p+1",ABOKQLGKCITIIE-UHFFFAOYSA-O,CC1=CC(=CC=C1)CN2CC[N+](CC2)(C(C3=CC=CC=C3)C4=CC=C(C=C4)Cl)OC5OC(C(O)C(O)C5O)C(O)=O,,,[C31H36ClN2O7]+,583.2211041720001,2.7518000000000016,1,1,1,BTM00024,BTM00024,O-Glucuronidation of N-oxide,BTMR0184,EC 2.4.1.17,HUMAN,BTM00004,CC1=CC(=CC=C1)CN2CC[N+](CC2)(C(C3=CC=CC=C3)C4=CC=C(C=C4)Cl)[O-],"InChI=1S/C25H27ClN2O/c1-20-6-5-7-21(18-20)19-27-14-16-28(29,17-15-27)25(22-8-3-2-4-9-22)23-10-12-24(26)13-11-23/h2-13,18,25H,14-17,19H2,1H3",FZVXEGZYDZEBHA-UHFFFAOYSA-N,5.802100000000001,406.181191164
"InChI=1S/C31H35ClN2O7/c1-20-6-5-7-21(18-20)19-34(41-31-28(37)26(35)27(36)29(40-31)30(38)39)16-14-33(15-17-34)25(22-8-3-2-4-9-22)23-10-12-24(32)13-11-23/h2-13,18,25-29,31,35-37H,14-17,19H2,1H3/p+1",KLSRHRSQAAUYFU-UHFFFAOYSA-O,CC1=CC(=CC=C1)C[N+]2(CCN(CC2)C(C3=CC=CC=C3)C4=CC=C(C=C4)Cl)OC5OC(C(O)C(O)C5O)C(O)=O,,,[C31H36ClN2O7]+,583.221104172,2.7518000000000016,1,1,1,BTM00025,BTM00025,O-Glucuronidation of N-oxide,BTMR0184,EC 2.4.1.17,HUMAN,BTM00005,CC1=CC(=CC=C1)C[N+]2(CCN(CC2)C(C3=CC=CC=C3)C4=CC=C(C=C4)Cl)[O-],"InChI=1S/C25H27ClN2O/c1-20-6-5-7-21(18-20)19-28(29)16-14-27(15-17-28)25(22-8-3-2-4-9-22)23-10-12-24(26)13-11-23/h2-13,18,25H,14-17,19H2,1H3",NDTIJUDMDNMOFC-UHFFFAOYSA-N,5.802100000000001,406.181191164
"InChI=1S/C8H10O/c1-7-3-2-4-8(5-7)6-9/h2-5,9H,6H2,1H3",JJCKHVUTVOPLBV-UHFFFAOYSA-N,CC1=CC(=CC=C1)CO,,,C8H10O,122.07316494,1.7116999999999996,0,0,0,BTM00026,BTM00026,Reduction of aldehyde,BTMR0367,EC 1.1.1.184,HUMAN,BTM00006,CC1=CC(=CC=C1)C=O,"InChI=1S/C8H8O/c1-7-3-2-4-8(5-7)6-9/h2-6H,1H3",OVWYEQOVUDKZNU-UHFFFAOYSA-N,2.0756,120.057514876
"InChI=1S/C8H8O2/c1-6-3-2-4-7(5-6)8(9)10/h2-5H,1H3,(H,9,10)",GPSDUZXPYCFOSQ-UHFFFAOYSA-N,CC1=CC(=CC=C1)C(=O)O,,,C8H8O2,136.052429496,1.9206,0,0,0,BTM00027,BTM00027,Dehydrogenation of benzaldehyde,BTMR0376,EC 1.2.1.28,HUMAN,BTM00006,CC1=CC(=CC=C1)C=O,"InChI=1S/C8H8O/c1-7-3-2-4-8(5-7)6-9/h2-6H,1H3",OVWYEQOVUDKZNU-UHFFFAOYSA-N,2.0756,120.057514876
"InChI=1S/C13H11ClO/c14-12-8-6-11(7-9-12)13(15)10-4-2-1-3-5-10/h1-9,13,15H",AJYOOHCNOXWTKJ-UHFFFAOYSA-N,C(C1=CC=CC=C1)(C2=CC=C(C=C2)Cl)O,,,C13H11ClO,218.049842652,3.5021000000000004,0,0,0,BTM00028,BTM00028,Reduction of carbonyl,BTMR0368,EC 1.1.1.184,HUMAN,BTM00009,C(C1=CC=CC=C1)(C2=CC=C(C=C2)Cl)=O,InChI=1S/C13H9ClO/c14-12-8-6-11(7-9-12)13(15)10-4-2-1-3-5-10/h1-9H,UGVRJVHOJNYEHR-UHFFFAOYSA-N,3.8986,216.034192588
"InChI=1S/C31H35ClN2O7/c1-19-6-5-9-22(28(19)40-31-27(37)25(35)26(36)29(41-31)30(38)39)18-33-14-16-34(17-15-33)24(20-7-3-2-4-8-20)21-10-12-23(32)13-11-21/h2-13,24-27,29,31,35-37H,14-18H2,1H3,(H,38,39)",IRTDBTJISPLRTK-UHFFFAOYSA-N,CC1=C(C(=CC=C1)CN2CCN(CC2)C(C3=CC=CC=C3)C4=CC=C(C=C4)Cl)OC5OC(C(O)=O)C(C(C5O)O)O,,,C31H35ClN2O7,582.2132791399999,4.244300000000002,1,1,1,BTM00029,BTM00029,Aromatic OH-glucuronidation,BTMR0166,EC 2.4.1.17,HUMAN,BTM00010,CC1=C(C(=CC=C1)CN2CCN(CC2)C(C3=CC=CC=C3)C4=CC=C(C=C4)Cl)O,"InChI=1S/C25H27ClN2O/c1-19-6-5-9-22(25(19)29)18-27-14-16-28(17-15-27)24(20-7-3-2-4-8-20)21-10-12-23(26)13-11-21/h2-13,24,29H,14-18H2,1H3",WMQVNJHRLMOFLR-UHFFFAOYSA-N,5.939800000000002,406.181191164
"InChI=1S/C25H27ClN2O4S/c1-19-6-5-9-22(25(19)32-33(29,30)31)18-27-14-16-28(17-15-27)24(20-7-3-2-4-8-20)21-10-12-23(26)13-11-21/h2-13,24H,14-18H2,1H3,(H,29,30,31)",TYHCFISTFBZABD-UHFFFAOYSA-N,CC1=C(C(=CC=C1)CN2CCN(CC2)C(C3=CC=CC=C3)C4=CC=C(C=C4)Cl)OS(O)(=O)=O,,,C25H27ClN2O4S,486.138006024,5.203000000000002,0,0,0,BTM00030,BTM00030,Sulfonation of phenolic compound,BTMR1376,EC 2.8.2.1,HUMAN,BTM00010,CC1=C(C(=CC=C1)CN2CCN(CC2)C(C3=CC=CC=C3)C4=CC=C(C=C4)Cl)O,"InChI=1S/C25H27ClN2O/c1-19-6-5-9-22(25(19)29)18-27-14-16-28(17-15-27)24(20-7-3-2-4-8-20)21-10-12-23(26)13-11-21/h2-13,24,29H,14-18H2,1H3",WMQVNJHRLMOFLR-UHFFFAOYSA-N,5.939800000000002,406.181191164
"InChI=1S/C26H29ClN2O/c1-20-7-6-10-23(26(20)30-2)19-28-15-17-29(18-16-28)25(21-8-4-3-5-9-21)22-11-13-24(27)14-12-22/h3-14,25H,15-19H2,1-2H3",SPSSOTGDYDBEAS-UHFFFAOYSA-N,CC1=C(C(=CC=C1)CN2CCN(CC2)C(C3=CC=CC=C3)C4=CC=C(C=C4)Cl)OC,,,C26H29ClN2O,420.19684122800004,6.190799999999998,1,0,0,BTM00031,BTM00031,Methylation of phenolic compound,BTMR1377,EC 2.1.1.25,HUMAN,BTM00010,CC1=C(C(=CC=C1)CN2CCN(CC2)C(C3=CC=CC=C3)C4=CC=C(C=C4)Cl)O,"InChI=1S/C25H27ClN2O/c1-19-6-5-9-22(25(19)29)18-27-14-16-28(17-15-27)24(20-7-3-2-4-8-20)21-10-12-23(26)13-11-21/h2-13,24,29H,14-18H2,1H3",WMQVNJHRLMOFLR-UHFFFAOYSA-N,5.939800000000002,406.181191164
"InChI=1S/C31H35ClN2O7/c1-19-6-5-7-20(16-19)18-33-12-14-34(15-13-33)25(21-8-3-2-4-9-21)23-11-10-22(32)17-24(23)40-31-28(37)26(35)27(36)29(41-31)30(38)39/h2-11,16-17,25-29,31,35-37H,12-15,18H2,1H3,(H,38,39)",CRLYFFJEDRYRSO-UHFFFAOYSA-N,CC1=CC(=CC=C1)CN2CCN(CC2)C(C3=CC=CC=C3)C4=C(C=C(C=C4)Cl)OC5OC(C(O)=O)C(C(C5O)O)O,,,C31H35ClN2O7,582.2132791399999,4.244300000000002,1,1,1,BTM00032,BTM00032,Aromatic OH-glucuronidation,BTMR0166,EC 2.4.1.17,HUMAN,BTM00011,CC1=CC(=CC=C1)CN2CCN(CC2)C(C3=CC=CC=C3)C4=C(C=C(C=C4)Cl)O,"InChI=1S/C25H27ClN2O/c1-19-6-5-7-20(16-19)18-27-12-14-28(15-13-27)25(21-8-3-2-4-9-21)23-11-10-22(26)17-24(23)29/h2-11,16-17,25,29H,12-15,18H2,1H3",SOMQZWWOUBJDHC-UHFFFAOYSA-N,5.939800000000002,406.181191164
"InChI=1S/C25H27ClN2O4S/c1-19-6-5-7-20(16-19)18-27-12-14-28(15-13-27)25(21-8-3-2-4-9-21)23-11-10-22(26)17-24(23)32-33(29,30)31/h2-11,16-17,25H,12-15,18H2,1H3,(H,29,30,31)",QFJSSFLILPTXBD-UHFFFAOYSA-N,CC1=CC(=CC=C1)CN2CCN(CC2)C(C3=CC=CC=C3)C4=C(C=C(C=C4)Cl)OS(O)(=O)=O,,,C25H27ClN2O4S,486.13800602400005,5.203000000000002,0,0,0,BTM00033,BTM00033,Sulfonation of phenolic compound,BTMR1376,EC 2.8.2.1,HUMAN,BTM00011,CC1=CC(=CC=C1)CN2CCN(CC2)C(C3=CC=CC=C3)C4=C(C=C(C=C4)Cl)O,"InChI=1S/C25H27ClN2O/c1-19-6-5-7-20(16-19)18-27-12-14-28(15-13-27)25(21-8-3-2-4-9-21)23-11-10-22(26)17-24(23)29/h2-11,16-17,25,29H,12-15,18H2,1H3",SOMQZWWOUBJDHC-UHFFFAOYSA-N,5.939800000000002,406.181191164
"InChI=1S/C26H29ClN2O/c1-20-7-6-8-21(17-20)19-28-13-15-29(16-14-28)26(22-9-4-3-5-10-22)24-12-11-23(27)18-25(24)30-2/h3-12,17-18,26H,13-16,19H2,1-2H3",WSGCZIVANCHTNI-UHFFFAOYSA-N,CC1=CC(=CC=C1)CN2CCN(CC2)C(C3=CC=CC=C3)C4=C(C=C(C=C4)Cl)OC,,,C26H29ClN2O,420.196841228,6.190799999999998,1,0,0,BTM00034,BTM00034,Methylation of phenolic compound,BTMR1377,EC 2.1.1.25,HUMAN,BTM00011,CC1=CC(=CC=C1)CN2CCN(CC2)C(C3=CC=CC=C3)C4=C(C=C(C=C4)Cl)O,"InChI=1S/C25H27ClN2O/c1-19-6-5-7-20(16-19)18-27-12-14-28(15-13-27)25(21-8-3-2-4-9-21)23-11-10-22(26)17-24(23)29/h2-11,16-17,25,29H,12-15,18H2,1H3",SOMQZWWOUBJDHC-UHFFFAOYSA-N,5.939800000000002,406.181191164
"InChI=1S/C31H35ClN2O7/c1-19-7-12-24(40-31-28(37)26(35)27(36)29(41-31)30(38)39)22(17-19)18-33-13-15-34(16-14-33)25(20-5-3-2-4-6-20)21-8-10-23(32)11-9-21/h2-12,17,25-29,31,35-37H,13-16,18H2,1H3,(H,38,39)",DHMGPQRHVRITHN-UHFFFAOYSA-N,CC1=CC(=C(C=C1)OC2OC(C(O)=O)C(C(C2O)O)O)CN3CCN(CC3)C(C4=CC=CC=C4)C5=CC=C(C=C5)Cl,,,C31H35ClN2O7,582.2132791399999,4.244300000000002,1,1,1,BTM00035,BTM00035,Aromatic OH-glucuronidation,BTMR0166,EC 2.4.1.17,HUMAN,BTM00012,CC1=CC(=C(C=C1)O)CN2CCN(CC2)C(C3=CC=CC=C3)C4=CC=C(C=C4)Cl,"InChI=1S/C25H27ClN2O/c1-19-7-12-24(29)22(17-19)18-27-13-15-28(16-14-27)25(20-5-3-2-4-6-20)21-8-10-23(26)11-9-21/h2-12,17,25,29H,13-16,18H2,1H3",UYCKJDLDJGFHGZ-UHFFFAOYSA-N,5.939800000000002,406.181191164
"InChI=1S/C25H27ClN2O4S/c1-19-7-12-24(32-33(29,30)31)22(17-19)18-27-13-15-28(16-14-27)25(20-5-3-2-4-6-20)21-8-10-23(26)11-9-21/h2-12,17,25H,13-16,18H2,1H3,(H,29,30,31)",YRDYUWINUARYEA-UHFFFAOYSA-N,CC1=CC(=C(C=C1)OS(O)(=O)=O)CN2CCN(CC2)C(C3=CC=CC=C3)C4=CC=C(C=C4)Cl,,,C25H27ClN2O4S,486.138006024,5.203000000000002,0,0,0,BTM00036,BTM00036,Sulfonation of phenolic compound,BTMR1376,EC 2.8.2.1,HUMAN,BTM00012,CC1=CC(=C(C=C1)O)CN2CCN(CC2)C(C3=CC=CC=C3)C4=CC=C(C=C4)Cl,"InChI=1S/C25H27ClN2O/c1-19-7-12-24(29)22(17-19)18-27-13-15-28(16-14-27)25(20-5-3-2-4-6-20)21-8-10-23(26)11-9-21/h2-12,17,25,29H,13-16,18H2,1H3",UYCKJDLDJGFHGZ-UHFFFAOYSA-N,5.939800000000002,406.181191164
"InChI=1S/C26H29ClN2O/c1-20-8-13-25(30-2)23(18-20)19-28-14-16-29(17-15-28)26(21-6-4-3-5-7-21)22-9-11-24(27)12-10-22/h3-13,18,26H,14-17,19H2,1-2H3",MOKBBNXIAXILLP-UHFFFAOYSA-N,CC1=CC(=C(C=C1)OC)CN2CCN(CC2)C(C3=CC=CC=C3)C4=CC=C(C=C4)Cl,,,C26H29ClN2O,420.196841228,6.190799999999998,1,0,0,BTM00037,BTM00037,Methylation of phenolic compound,BTMR1377,EC 2.1.1.25,HUMAN,BTM00012,CC1=CC(=C(C=C1)O)CN2CCN(CC2)C(C3=CC=CC=C3)C4=CC=C(C=C4)Cl,"InChI=1S/C25H27ClN2O/c1-19-7-12-24(29)22(17-19)18-27-13-15-28(16-14-27)25(20-5-3-2-4-6-20)21-8-10-23(26)11-9-21/h2-12,17,25,29H,13-16,18H2,1H3",UYCKJDLDJGFHGZ-UHFFFAOYSA-N,5.939800000000002,406.181191164
"InChI=1S/C31H35ClN2O7/c1-19-17-20(7-12-24(19)40-31-28(37)26(35)27(36)29(41-31)30(38)39)18-33-13-15-34(16-14-33)25(21-5-3-2-4-6-21)22-8-10-23(32)11-9-22/h2-12,17,25-29,31,35-37H,13-16,18H2,1H3,(H,38,39)",QRTUZJCUUCLVOG-UHFFFAOYSA-N,CC1=CC(=CC=C1OC2OC(C(O)=O)C(C(C2O)O)O)CN3CCN(CC3)C(C4=CC=CC=C4)C5=CC=C(C=C5)Cl,,,C31H35ClN2O7,582.2132791399999,4.244300000000002,1,1,1,BTM00038,BTM00038,Aromatic OH-glucuronidation,BTMR0166,EC 2.4.1.17,HUMAN,BTM00013,CC1=CC(=CC=C1O)CN2CCN(CC2)C(C3=CC=CC=C3)C4=CC=C(C=C4)Cl,"InChI=1S/C25H27ClN2O/c1-19-17-20(7-12-24(19)29)18-27-13-15-28(16-14-27)25(21-5-3-2-4-6-21)22-8-10-23(26)11-9-22/h2-12,17,25,29H,13-16,18H2,1H3",BZJMJQDPRNBLGB-UHFFFAOYSA-N,5.939800000000002,406.181191164
"InChI=1S/C25H27ClN2O4S/c1-19-17-20(7-12-24(19)32-33(29,30)31)18-27-13-15-28(16-14-27)25(21-5-3-2-4-6-21)22-8-10-23(26)11-9-22/h2-12,17,25H,13-16,18H2,1H3,(H,29,30,31)",IBJBOHIBYISKLD-UHFFFAOYSA-N,CC1=CC(=CC=C1OS(O)(=O)=O)CN2CCN(CC2)C(C3=CC=CC=C3)C4=CC=C(C=C4)Cl,,,C25H27ClN2O4S,486.138006024,5.203000000000002,0,0,0,BTM00039,BTM00039,Sulfonation of phenolic compound,BTMR1376,EC 2.8.2.1,HUMAN,BTM00013,CC1=CC(=CC=C1O)CN2CCN(CC2)C(C3=CC=CC=C3)C4=CC=C(C=C4)Cl,"InChI=1S/C25H27ClN2O/c1-19-17-20(7-12-24(19)29)18-27-13-15-28(16-14-27)25(21-5-3-2-4-6-21)22-8-10-23(26)11-9-22/h2-12,17,25,29H,13-16,18H2,1H3",BZJMJQDPRNBLGB-UHFFFAOYSA-N,5.939800000000002,406.181191164
"InChI=1S/C26H29ClN2O/c1-20-18-21(8-13-25(20)30-2)19-28-14-16-29(17-15-28)26(22-6-4-3-5-7-22)23-9-11-24(27)12-10-23/h3-13,18,26H,14-17,19H2,1-2H3",DJIXVKLMBDQRBQ-UHFFFAOYSA-N,CC1=CC(=CC=C1OC)CN2CCN(CC2)C(C3=CC=CC=C3)C4=CC=C(C=C4)Cl,,,C26H29ClN2O,420.196841228,6.190799999999998,1,0,0,BTM00040,BTM00040,Methylation of phenolic compound,BTMR1377,EC 2.1.1.25,HUMAN,BTM00013,CC1=CC(=CC=C1O)CN2CCN(CC2)C(C3=CC=CC=C3)C4=CC=C(C=C4)Cl,"InChI=1S/C25H27ClN2O/c1-19-17-20(7-12-24(19)29)18-27-13-15-28(16-14-27)25(21-5-3-2-4-6-21)22-8-10-23(26)11-9-22/h2-12,17,25,29H,13-16,18H2,1H3",BZJMJQDPRNBLGB-UHFFFAOYSA-N,5.939800000000002,406.181191164
"InChI=1S/C31H35ClN2O7/c1-19-3-2-4-20(17-19)18-33-13-15-34(16-14-33)25(21-5-9-23(32)10-6-21)22-7-11-24(12-8-22)40-31-28(37)26(35)27(36)29(41-31)30(38)39/h2-12,17,25-29,31,35-37H,13-16,18H2,1H3,(H,38,39)",ZJPKVEBGFXULJL-UHFFFAOYSA-N,CC1=CC(=CC=C1)CN2CCN(CC2)C(C3=CC=C(C=C3)OC4OC(C(O)=O)C(C(C4O)O)O)C5=CC=C(C=C5)Cl,,,C31H35ClN2O7,582.2132791399999,4.244300000000002,1,1,1,BTM00041,BTM00041,Aromatic OH-glucuronidation,BTMR0166,EC 2.4.1.17,HUMAN,BTM00014,CC1=CC(=CC=C1)CN2CCN(CC2)C(C3=CC=C(C=C3)O)C4=CC=C(C=C4)Cl,"InChI=1S/C25H27ClN2O/c1-19-3-2-4-20(17-19)18-27-13-15-28(16-14-27)25(21-5-9-23(26)10-6-21)22-7-11-24(29)12-8-22/h2-12,17,25,29H,13-16,18H2,1H3",ZNSNTPFKXLHCFV-UHFFFAOYSA-N,5.939800000000002,406.181191164
"InChI=1S/C25H27ClN2O4S/c1-19-3-2-4-20(17-19)18-27-13-15-28(16-14-27)25(21-5-9-23(26)10-6-21)22-7-11-24(12-8-22)32-33(29,30)31/h2-12,17,25H,13-16,18H2,1H3,(H,29,30,31)",CBBWKIJAWHFBSH-UHFFFAOYSA-N,CC1=CC(=CC=C1)CN2CCN(CC2)C(C3=CC=C(C=C3)OS(O)(=O)=O)C4=CC=C(C=C4)Cl,,,C25H27ClN2O4S,486.13800602400005,5.203000000000002,0,0,0,BTM00042,BTM00042,Sulfonation of phenolic compound,BTMR1376,EC 2.8.2.1,HUMAN,BTM00014,CC1=CC(=CC=C1)CN2CCN(CC2)C(C3=CC=C(C=C3)O)C4=CC=C(C=C4)Cl,"InChI=1S/C25H27ClN2O/c1-19-3-2-4-20(17-19)18-27-13-15-28(16-14-27)25(21-5-9-23(26)10-6-21)22-7-11-24(29)12-8-22/h2-12,17,25,29H,13-16,18H2,1H3",ZNSNTPFKXLHCFV-UHFFFAOYSA-N,5.939800000000002,406.181191164
"InChI=1S/C26H29ClN2O/c1-20-4-3-5-21(18-20)19-28-14-16-29(17-15-28)26(22-6-10-24(27)11-7-22)23-8-12-25(30-2)13-9-23/h3-13,18,26H,14-17,19H2,1-2H3",RFRSZOJLRPTQST-UHFFFAOYSA-N,CC1=CC(=CC=C1)CN2CCN(CC2)C(C3=CC=C(C=C3)OC)C4=CC=C(C=C4)Cl,,,C26H29ClN2O,420.196841228,6.190799999999998,1,0,0,BTM00043,BTM00043,Methylation of phenolic compound,BTMR1377,EC 2.1.1.25,HUMAN,BTM00014,CC1=CC(=CC=C1)CN2CCN(CC2)C(C3=CC=C(C=C3)O)C4=CC=C(C=C4)Cl,"InChI=1S/C25H27ClN2O/c1-19-3-2-4-20(17-19)18-27-13-15-28(16-14-27)25(21-5-9-23(26)10-6-21)22-7-11-24(29)12-8-22/h2-12,17,25,29H,13-16,18H2,1H3",ZNSNTPFKXLHCFV-UHFFFAOYSA-N,5.939800000000002,406.181191164
"InChI=1S/C31H35ClN2O7/c1-19-6-5-7-20(16-19)18-33-12-14-34(15-13-33)25(21-8-3-2-4-9-21)22-10-11-23(32)24(17-22)40-31-28(37)26(35)27(36)29(41-31)30(38)39/h2-11,16-17,25-29,31,35-37H,12-15,18H2,1H3,(H,38,39)",ZIWYEGQIFWOPLX-UHFFFAOYSA-N,CC1=CC(=CC=C1)CN2CCN(CC2)C(C3=CC=CC=C3)C4=CC(=C(C=C4)Cl)OC5OC(C(O)=O)C(C(C5O)O)O,,,C31H35ClN2O7,582.2132791399999,4.244300000000002,1,1,1,BTM00044,BTM00044,Aromatic OH-glucuronidation,BTMR0166,EC 2.4.1.17,HUMAN,BTM00017,CC1=CC(=CC=C1)CN2CCN(CC2)C(C3=CC=CC=C3)C4=CC(=C(C=C4)Cl)O,"InChI=1S/C25H27ClN2O/c1-19-6-5-7-20(16-19)18-27-12-14-28(15-13-27)25(21-8-3-2-4-9-21)22-10-11-23(26)24(29)17-22/h2-11,16-17,25,29H,12-15,18H2,1H3",GADHHUOTVRMLKP-UHFFFAOYSA-N,5.939800000000002,406.181191164
"InChI=1S/C25H27ClN2O4S/c1-19-6-5-7-20(16-19)18-27-12-14-28(15-13-27)25(21-8-3-2-4-9-21)22-10-11-23(26)24(17-22)32-33(29,30)31/h2-11,16-17,25H,12-15,18H2,1H3,(H,29,30,31)",FOLWANLHFSSDMT-UHFFFAOYSA-N,CC1=CC(=CC=C1)CN2CCN(CC2)C(C3=CC=CC=C3)C4=CC(=C(C=C4)Cl)OS(O)(=O)=O,,,C25H27ClN2O4S,486.138006024,5.203000000000002,0,0,0,BTM00045,BTM00045,Sulfonation of phenolic compound,BTMR1376,EC 2.8.2.1,HUMAN,BTM00017,CC1=CC(=CC=C1)CN2CCN(CC2)C(C3=CC=CC=C3)C4=CC(=C(C=C4)Cl)O,"InChI=1S/C25H27ClN2O/c1-19-6-5-7-20(16-19)18-27-12-14-28(15-13-27)25(21-8-3-2-4-9-21)22-10-11-23(26)24(29)17-22/h2-11,16-17,25,29H,12-15,18H2,1H3",GADHHUOTVRMLKP-UHFFFAOYSA-N,5.939800000000002,406.181191164
"InChI=1S/C26H29ClN2O/c1-20-7-6-8-21(17-20)19-28-13-15-29(16-14-28)26(22-9-4-3-5-10-22)23-11-12-24(27)25(18-23)30-2/h3-12,17-18,26H,13-16,19H2,1-2H3",ORYXTEUAPBWRRK-UHFFFAOYSA-N,CC1=CC(=CC=C1)CN2CCN(CC2)C(C3=CC=CC=C3)C4=CC(=C(C=C4)Cl)OC,,,C26H29ClN2O,420.196841228,6.190799999999998,1,0,0,BTM00046,BTM00046,Methylation of phenolic compound,BTMR1377,EC 2.1.1.25,HUMAN,BTM00017,CC1=CC(=CC=C1)CN2CCN(CC2)C(C3=CC=CC=C3)C4=CC(=C(C=C4)Cl)O,"InChI=1S/C25H27ClN2O/c1-19-6-5-7-20(16-19)18-27-12-14-28(15-13-27)25(21-8-3-2-4-9-21)22-10-11-23(26)24(29)17-22/h2-11,16-17,25,29H,12-15,18H2,1H3",GADHHUOTVRMLKP-UHFFFAOYSA-N,5.939800000000002,406.181191164
"InChI=1S/C25H27ClN2O2/c1-18-5-4-6-20(17-18)25(30)28-15-13-27(14-16-28)24(19-9-11-21(26)12-10-19)22-7-2-3-8-23(22)29/h2-12,17,24-25,29-30H,13-16H2,1H3",VFGHHJMFOWNOFS-UHFFFAOYSA-N,CC1=CC(=CC=C1)C(N2CCN(CC2)C(C3=C(C=CC=C3)O)C4=CC=C(C=C4)Cl)O,,,C25H27ClN2O2,422.176105784,5.6001,0,0,0,BTM00047,BTM00047,Hydroxylation of non-terminal aliphatic carbon adjacent to aromatic ring,BTMR1077,"CYP1A2
CYP2C8
CYP2C9
CYP2D6
CYP3A4",HUMAN,BTM00001,CC1=CC(=CC=C1)CN2CCN(CC2)C(C3=C(C=CC=C3)O)C4=CC=C(C=C4)Cl,"InChI=1S/C25H27ClN2O/c1-19-5-4-6-20(17-19)18-27-13-15-28(16-14-27)25(21-9-11-22(26)12-10-21)23-7-2-3-8-24(23)29/h2-12,17,25,29H,13-16,18H2,1H3",OGUIBKUVFWVXIP-UHFFFAOYSA-N,5.939800000000002,406.181191164
"InChI=1S/C25H27ClN2O2/c1-18-3-2-4-19(15-18)17-27-11-13-28(14-12-27)25(20-5-7-21(26)8-6-20)23-16-22(29)9-10-24(23)30/h2-10,15-16,25,29-30H,11-14,17H2,1H3",XRTSYWGZVBTETA-UHFFFAOYSA-N,CC1=CC(=CC=C1)CN2CCN(CC2)C(C3=C(C=CC(=C3)O)O)C4=CC=C(C=C4)Cl,,,C25H27ClN2O2,422.176105784,5.6724,0,0,0,BTM00048,BTM00048,p-Hydroxylation of phenol,BTMR1038,"CYP1A2
CYP2A6
CYP2B6
CYP2C8
CYP2C9
CYP2C19
CYP2D6
CYP2E1
CYP3A4",HUMAN,BTM00001,CC1=CC(=CC=C1)CN2CCN(CC2)C(C3=C(C=CC=C3)O)C4=CC=C(C=C4)Cl,"InChI=1S/C25H27ClN2O/c1-19-5-4-6-20(17-19)18-27-13-15-28(16-14-27)25(21-9-11-22(26)12-10-21)23-7-2-3-8-24(23)29/h2-12,17,25,29H,13-16,18H2,1H3",OGUIBKUVFWVXIP-UHFFFAOYSA-N,5.939800000000002,406.181191164
"InChI=1S/C25H27ClN2O2/c26-22-10-8-21(9-11-22)25(23-6-1-2-7-24(23)30)28-14-12-27(13-15-28)17-19-4-3-5-20(16-19)18-29/h1-11,16,25,29-30H,12-15,17-18H2",JSEHHHGVFXIHIW-UHFFFAOYSA-N,C(C1=CC(=CC=C1)CN2CCN(CC2)C(C3=C(C=CC=C3)O)C4=CC=C(C=C4)Cl)O,,,C25H27ClN2O2,422.176105784,4.8491,0,0,0,BTM00049,BTM00049,Aliphatic hydroxylation of methyl carbon adjacent to aromatic ring,BTMR1058,"CYP1A2
CYP2A6
CYP2B6
CYP2C8
CYP2C9
CYP2C19
CYP2D6
CYP2E1
CYP3A4",HUMAN,BTM00001,CC1=CC(=CC=C1)CN2CCN(CC2)C(C3=C(C=CC=C3)O)C4=CC=C(C=C4)Cl,"InChI=1S/C25H27ClN2O/c1-19-5-4-6-20(17-19)18-27-13-15-28(16-14-27)25(21-9-11-22(26)12-10-21)23-7-2-3-8-24(23)29/h2-12,17,25,29H,13-16,18H2,1H3",OGUIBKUVFWVXIP-UHFFFAOYSA-N,5.939800000000002,406.181191164
"InChI=1S/C25H27ClN2O2/c1-19-5-4-6-20(17-19)18-27-13-15-28(30,16-14-27)25(21-9-11-22(26)12-10-21)23-7-2-3-8-24(23)29/h2-12,17,25,29H,13-16,18H2,1H3",BIBWRZYQXGCXTJ-UHFFFAOYSA-N,CC1=CC(=CC=C1)CN2CC[N+](CC2)(C(C3=C(C=CC=C3)O)C4=CC=C(C=C4)Cl)[O-],,,C25H27ClN2O2,422.176105784,5.534700000000003,0,0,0,BTM00050,BTM00050,N-Oxidation of alicyclic tertiary amine,BTMR1099,"CYP1A2
CYP2C8
CYP2C19
CYP2D6
CYP3A4",HUMAN,BTM00001,CC1=CC(=CC=C1)CN2CCN(CC2)C(C3=C(C=CC=C3)O)C4=CC=C(C=C4)Cl,"InChI=1S/C25H27ClN2O/c1-19-5-4-6-20(17-19)18-27-13-15-28(16-14-27)25(21-9-11-22(26)12-10-21)23-7-2-3-8-24(23)29/h2-12,17,25,29H,13-16,18H2,1H3",OGUIBKUVFWVXIP-UHFFFAOYSA-N,5.939800000000002,406.181191164
"InChI=1S/C25H27ClN2O2/c1-19-5-4-6-20(17-19)18-28(30)15-13-27(14-16-28)25(21-9-11-22(26)12-10-21)23-7-2-3-8-24(23)29/h2-12,17,25,29H,13-16,18H2,1H3",GEXWFMDUEGXUFD-UHFFFAOYSA-N,CC1=CC(=CC=C1)C[N+]2(CCN(CC2)C(C3=C(C=CC=C3)O)C4=CC=C(C=C4)Cl)[O-],,,C25H27ClN2O2,422.176105784,5.534700000000003,0,0,0,BTM00051,BTM00051,N-Oxidation of alicyclic tertiary amine,BTMR1099,"CYP1A2
CYP2C8
CYP2C19
CYP2D6
CYP3A4",HUMAN,BTM00001,CC1=CC(=CC=C1)CN2CCN(CC2)C(C3=C(C=CC=C3)O)C4=CC=C(C=C4)Cl,"InChI=1S/C25H27ClN2O/c1-19-5-4-6-20(17-19)18-27-13-15-28(16-14-27)25(21-9-11-22(26)12-10-21)23-7-2-3-8-24(23)29/h2-12,17,25,29H,13-16,18H2,1H3",OGUIBKUVFWVXIP-UHFFFAOYSA-N,5.939800000000002,406.181191164
"InChI=1S/C8H8O/c1-7-3-2-4-8(5-7)6-9/h2-6H,1H3",OVWYEQOVUDKZNU-UHFFFAOYSA-N,CC1=CC(=CC=C1)C=O,,,C8H8O,120.057514876,2.0756,0,0,0,BTM00006,BTM00006,N-Dealkylation of alicyclic tertiary amine,BTMR1144,"CYP1A2
CYP2A6
CYP2B6
CYP2C8
CYP2C9
CYP2C19
CYP2D6
CYP3A4",HUMAN,BTM00001,CC1=CC(=CC=C1)CN2CCN(CC2)C(C3=C(C=CC=C3)O)C4=CC=C(C=C4)Cl,"InChI=1S/C25H27ClN2O/c1-19-5-4-6-20(17-19)18-27-13-15-28(16-14-27)25(21-9-11-22(26)12-10-21)23-7-2-3-8-24(23)29/h2-12,17,25,29H,13-16,18H2,1H3",OGUIBKUVFWVXIP-UHFFFAOYSA-N,5.939800000000002,406.181191164
"InChI=1S/C17H19ClN2O/c18-14-7-5-13(6-8-14)17(20-11-9-19-10-12-20)15-3-1-2-4-16(15)21/h1-8,17,19,21H,9-12H2",VHHKYCOMEVJXNM-UHFFFAOYSA-N,N1CCN(CC1)C(C2=C(C=CC=C2)O)C3=CC=C(C=C3)Cl,,,C17H19ClN2O,302.118590908,3.3342,0,0,0,BTM00052,BTM00052,N-Dealkylation of alicyclic tertiary amine,BTMR1144,"CYP1A2
CYP2A6
CYP2B6
CYP2C8
CYP2C9
CYP2C19
CYP2D6
CYP3A4",HUMAN,BTM00001,CC1=CC(=CC=C1)CN2CCN(CC2)C(C3=C(C=CC=C3)O)C4=CC=C(C=C4)Cl,"InChI=1S/C25H27ClN2O/c1-19-5-4-6-20(17-19)18-27-13-15-28(16-14-27)25(21-9-11-22(26)12-10-21)23-7-2-3-8-24(23)29/h2-12,17,25,29H,13-16,18H2,1H3",OGUIBKUVFWVXIP-UHFFFAOYSA-N,5.939800000000002,406.181191164
"InChI=1S/C12H18N2/c1-11-3-2-4-12(9-11)10-14-7-5-13-6-8-14/h2-4,9,13H,5-8,10H2,1H3",VTEOTZPEMDQENX-UHFFFAOYSA-N,CC1=CC(=CC=C1)CN2CCNCC2,,,C12H18N2,190.146998576,1.8112000000000017,0,0,0,BTM00008,BTM00008,N-Dealkylation of alicyclic tertiary amine,BTMR1144,"CYP1A2
CYP2A6
CYP2B6
CYP2C8
CYP2C9
CYP2C19
CYP2D6
CYP3A4",HUMAN,BTM00001,CC1=CC(=CC=C1)CN2CCN(CC2)C(C3=C(C=CC=C3)O)C4=CC=C(C=C4)Cl,"InChI=1S/C25H27ClN2O/c1-19-5-4-6-20(17-19)18-27-13-15-28(16-14-27)25(21-9-11-22(26)12-10-21)23-7-2-3-8-24(23)29/h2-12,17,25,29H,13-16,18H2,1H3",OGUIBKUVFWVXIP-UHFFFAOYSA-N,5.939800000000002,406.181191164
"InChI=1S/C13H9ClO2/c14-10-7-5-9(6-8-10)13(16)11-3-1-2-4-12(11)15/h1-8,15H",PYTMYNQWASSKJH-UHFFFAOYSA-N,C(C1=C(C=CC=C1)O)(C2=CC=C(C=C2)Cl)=O,,,C13H9ClO2,232.029107208,3.6311999999999998,0,0,0,BTM00053,BTM00053,N-Dealkylation of alicyclic tertiary amine,BTMR1144,"CYP1A2
CYP2A6
CYP2B6
CYP2C8
CYP2C9
CYP2C19
CYP2D6
CYP3A4",HUMAN,BTM00001,CC1=CC(=CC=C1)CN2CCN(CC2)C(C3=C(C=CC=C3)O)C4=CC=C(C=C4)Cl,"InChI=1S/C25H27ClN2O/c1-19-5-4-6-20(17-19)18-27-13-15-28(16-14-27)25(21-9-11-22(26)12-10-21)23-7-2-3-8-24(23)29/h2-12,17,25,29H,13-16,18H2,1H3",OGUIBKUVFWVXIP-UHFFFAOYSA-N,5.939800000000002,406.181191164
"InChI=1S/C25H27ClN2O2/c1-18-5-4-6-20(25(18)30)17-27-13-15-28(16-14-27)24(19-9-11-21(26)12-10-19)22-7-2-3-8-23(22)29/h2-12,24,29-30H,13-17H2,1H3",LJBVFGNBXAWLCL-UHFFFAOYSA-N,CC1=C(C(=CC=C1)CN2CCN(CC2)C(C3=C(C=CC=C3)O)C4=CC=C(C=C4)Cl)O,,,C25H27ClN2O2,422.176105784,5.6724,0,0,0,BTM00054,BTM00054,Hydroxylation of benzene on carbon ortho to electron donating group,BTMR1045,"CYP1A2
CYP2C8
CYP2C9
CYP2C19
CYP2D6
CYP3A4",HUMAN,BTM00001,CC1=CC(=CC=C1)CN2CCN(CC2)C(C3=C(C=CC=C3)O)C4=CC=C(C=C4)Cl,"InChI=1S/C25H27ClN2O/c1-19-5-4-6-20(17-19)18-27-13-15-28(16-14-27)25(21-9-11-22(26)12-10-21)23-7-2-3-8-24(23)29/h2-12,17,25,29H,13-16,18H2,1H3",OGUIBKUVFWVXIP-UHFFFAOYSA-N,5.939800000000002,406.181191164
"InChI=1S/C25H27ClN2O2/c1-18-5-4-6-19(15-18)17-27-11-13-28(14-12-27)25(21-7-2-3-8-23(21)29)22-10-9-20(26)16-24(22)30/h2-10,15-16,25,29-30H,11-14,17H2,1H3",IHJOOROUSKQAFG-UHFFFAOYSA-N,CC1=CC(=CC=C1)CN2CCN(CC2)C(C3=C(C=CC=C3)O)C4=C(C=C(C=C4)Cl)O,,,C25H27ClN2O2,422.176105784,5.6724,0,0,0,BTM00055,BTM00055,Hydroxylation of benzene on carbon ortho to electron donating group,BTMR1045,"CYP1A2
CYP2C8
CYP2C9
CYP2C19
CYP2D6
CYP3A4",HUMAN,BTM00001,CC1=CC(=CC=C1)CN2CCN(CC2)C(C3=C(C=CC=C3)O)C4=CC=C(C=C4)Cl,"InChI=1S/C25H27ClN2O/c1-19-5-4-6-20(17-19)18-27-13-15-28(16-14-27)25(21-9-11-22(26)12-10-21)23-7-2-3-8-24(23)29/h2-12,17,25,29H,13-16,18H2,1H3",OGUIBKUVFWVXIP-UHFFFAOYSA-N,5.939800000000002,406.181191164
"InChI=1S/C25H27ClN2O2/c1-18-4-2-5-19(16-18)17-27-12-14-28(15-13-27)25(20-8-10-21(26)11-9-20)24-22(29)6-3-7-23(24)30/h2-11,16,25,29-30H,12-15,17H2,1H3",ZJSRAHZEXQWJPH-UHFFFAOYSA-N,CC1=CC(=CC=C1)CN2CCN(CC2)C(C3=C(C=CC=C3O)O)C4=CC=C(C=C4)Cl,,,C25H27ClN2O2,422.176105784,5.6724,0,0,0,BTM00056,BTM00056,Hydroxylation of benzene on carbon ortho to electron donating group,BTMR1045,"CYP1A2
CYP2C8
CYP2C9
CYP2C19
CYP2D6
CYP3A4",HUMAN,BTM00001,CC1=CC(=CC=C1)CN2CCN(CC2)C(C3=C(C=CC=C3)O)C4=CC=C(C=C4)Cl,"InChI=1S/C25H27ClN2O/c1-19-5-4-6-20(17-19)18-27-13-15-28(16-14-27)25(21-9-11-22(26)12-10-21)23-7-2-3-8-24(23)29/h2-12,17,25,29H,13-16,18H2,1H3",OGUIBKUVFWVXIP-UHFFFAOYSA-N,5.939800000000002,406.181191164
"InChI=1S/C25H27ClN2O2/c1-18-6-11-23(29)20(16-18)17-27-12-14-28(15-13-27)25(19-7-9-21(26)10-8-19)22-4-2-3-5-24(22)30/h2-11,16,25,29-30H,12-15,17H2,1H3",DVBDRMXLQRCKKH-UHFFFAOYSA-N,CC1=CC(=C(C=C1)O)CN2CCN(CC2)C(C3=C(C=CC=C3)O)C4=CC=C(C=C4)Cl,,,C25H27ClN2O2,422.17610578399996,5.6724,0,0,0,BTM00057,BTM00057,Hydroxylation of benzene on carbon ortho to electron donating group,BTMR1045,"CYP1A2
CYP2C8
CYP2C9
CYP2C19
CYP2D6
CYP3A4",HUMAN,BTM00001,CC1=CC(=CC=C1)CN2CCN(CC2)C(C3=C(C=CC=C3)O)C4=CC=C(C=C4)Cl,"InChI=1S/C25H27ClN2O/c1-19-5-4-6-20(17-19)18-27-13-15-28(16-14-27)25(21-9-11-22(26)12-10-21)23-7-2-3-8-24(23)29/h2-12,17,25,29H,13-16,18H2,1H3",OGUIBKUVFWVXIP-UHFFFAOYSA-N,5.939800000000002,406.181191164
"InChI=1S/C25H27ClN2O2/c1-18-16-19(6-11-23(18)29)17-27-12-14-28(15-13-27)25(20-7-9-21(26)10-8-20)22-4-2-3-5-24(22)30/h2-11,16,25,29-30H,12-15,17H2,1H3",HWQJLWLKILDDEC-UHFFFAOYSA-N,CC1=CC(=CC=C1O)CN2CCN(CC2)C(C3=C(C=CC=C3)O)C4=CC=C(C=C4)Cl,,,C25H27ClN2O2,422.176105784,5.6724,0,0,0,BTM00058,BTM00058,Hydroxylation of benzene on carbon ortho to electron donating group,BTMR1045,"CYP1A2
CYP2C8
CYP2C9
CYP2C19
CYP2D6
CYP3A4",HUMAN,BTM00001,CC1=CC(=CC=C1)CN2CCN(CC2)C(C3=C(C=CC=C3)O)C4=CC=C(C=C4)Cl,"InChI=1S/C25H27ClN2O/c1-19-5-4-6-20(17-19)18-27-13-15-28(16-14-27)25(21-9-11-22(26)12-10-21)23-7-2-3-8-24(23)29/h2-12,17,25,29H,13-16,18H2,1H3",OGUIBKUVFWVXIP-UHFFFAOYSA-N,5.939800000000002,406.181191164
"InChI=1S/C25H27ClN2O2/c1-18-3-2-4-19(15-18)17-27-11-13-28(14-12-27)25(20-5-7-21(26)8-6-20)23-10-9-22(29)16-24(23)30/h2-10,15-16,25,29-30H,11-14,17H2,1H3",PQOBVSPLMUOJQG-UHFFFAOYSA-N,CC1=CC(=CC=C1)CN2CCN(CC2)C(C3=C(C=C(C=C3)O)O)C4=CC=C(C=C4)Cl,,,C25H27ClN2O2,422.176105784,5.6724,0,0,0,BTM00059,BTM00059,Hydroxylation of benzene on carbon para to electron donating group,BTMR1047,"CYP1A2
CYP2C8
CYP2C9
CYP2D6
CYP3A4",HUMAN,BTM00001,CC1=CC(=CC=C1)CN2CCN(CC2)C(C3=C(C=CC=C3)O)C4=CC=C(C=C4)Cl,"InChI=1S/C25H27ClN2O/c1-19-5-4-6-20(17-19)18-27-13-15-28(16-14-27)25(21-9-11-22(26)12-10-21)23-7-2-3-8-24(23)29/h2-12,17,25,29H,13-16,18H2,1H3",OGUIBKUVFWVXIP-UHFFFAOYSA-N,5.939800000000002,406.181191164
"InChI=1S/C25H27ClN2O2/c1-18-6-11-23(29)20(16-18)17-27-12-14-28(15-13-27)25(19-7-9-21(26)10-8-19)22-4-2-3-5-24(22)30/h2-11,16,25,29-30H,12-15,17H2,1H3",DVBDRMXLQRCKKH-UHFFFAOYSA-N,CC1=CC(=C(C=C1)O)CN2CCN(CC2)C(C3=C(C=CC=C3)O)C4=CC=C(C=C4)Cl,,,C25H27ClN2O2,422.17610578399996,5.6724,0,0,0,BTM00057,BTM00057,Hydroxylation of benzene on carbon para to electron donating group,BTMR1047,"CYP1A2
CYP2C8
CYP2C9
CYP2D6
CYP3A4",HUMAN,BTM00001,CC1=CC(=CC=C1)CN2CCN(CC2)C(C3=C(C=CC=C3)O)C4=CC=C(C=C4)Cl,"InChI=1S/C25H27ClN2O/c1-19-5-4-6-20(17-19)18-27-13-15-28(16-14-27)25(21-9-11-22(26)12-10-21)23-7-2-3-8-24(23)29/h2-12,17,25,29H,13-16,18H2,1H3",OGUIBKUVFWVXIP-UHFFFAOYSA-N,5.939800000000002,406.181191164
"InChI=1S/C25H27ClN2O2/c1-18-16-19(6-11-23(18)29)17-27-12-14-28(15-13-27)25(20-7-9-21(26)10-8-20)22-4-2-3-5-24(22)30/h2-11,16,25,29-30H,12-15,17H2,1H3",HWQJLWLKILDDEC-UHFFFAOYSA-N,CC1=CC(=CC=C1O)CN2CCN(CC2)C(C3=C(C=CC=C3)O)C4=CC=C(C=C4)Cl,,,C25H27ClN2O2,422.176105784,5.6724,0,0,0,BTM00058,BTM00058,Hydroxylation of benzene on carbon para to electron donating group,BTMR1047,"CYP1A2
CYP2C8
CYP2C9
CYP2D6
CYP3A4",HUMAN,BTM00001,CC1=CC(=CC=C1)CN2CCN(CC2)C(C3=C(C=CC=C3)O)C4=CC=C(C=C4)Cl,"InChI=1S/C25H27ClN2O/c1-19-5-4-6-20(17-19)18-27-13-15-28(16-14-27)25(21-9-11-22(26)12-10-21)23-7-2-3-8-24(23)29/h2-12,17,25,29H,13-16,18H2,1H3",OGUIBKUVFWVXIP-UHFFFAOYSA-N,5.939800000000002,406.181191164
"InChI=1S/C25H27ClN2O2/c1-18-5-4-6-19(15-18)16-27-13-14-28(17-24(27)30)25(20-9-11-21(26)12-10-20)22-7-2-3-8-23(22)29/h2-12,15,24-25,29-30H,13-14,16-17H2,1H3",CJYWUQHBHGKQAI-UHFFFAOYSA-N,CC1=CC(=CC=C1)CN2C(CN(CC2)C(C3=C(C=CC=C3)O)C4=CC=C(C=C4)Cl)O,,,C25H27ClN2O2,422.176105784,5.6001,0,0,0,BTM00060,BTM00060,Hydroxylation of heteroalicyclic secondary carbon,BTMR1070,"CYP1A2
CYP2A6
CYP2C9
CYP2D6
CYP3A4",HUMAN,BTM00001,CC1=CC(=CC=C1)CN2CCN(CC2)C(C3=C(C=CC=C3)O)C4=CC=C(C=C4)Cl,"InChI=1S/C25H27ClN2O/c1-19-5-4-6-20(17-19)18-27-13-15-28(16-14-27)25(21-9-11-22(26)12-10-21)23-7-2-3-8-24(23)29/h2-12,17,25,29H,13-16,18H2,1H3",OGUIBKUVFWVXIP-UHFFFAOYSA-N,5.939800000000002,406.181191164
"InChI=1S/C25H27ClN2O2/c1-18-5-4-6-19(15-18)16-27-13-14-28(24(30)17-27)25(20-9-11-21(26)12-10-20)22-7-2-3-8-23(22)29/h2-12,15,24-25,29-30H,13-14,16-17H2,1H3",IDUSEZGDOSUQHB-UHFFFAOYSA-N,CC1=CC(=CC=C1)CN2CC(N(CC2)C(C3=C(C=CC=C3)O)C4=CC=C(C=C4)Cl)O,,,C25H27ClN2O2,422.176105784,5.6001,0,0,0,BTM00061,BTM00061,Hydroxylation of heteroalicyclic secondary carbon,BTMR1070,"CYP1A2
CYP2A6
CYP2C9
CYP2D6
CYP3A4",HUMAN,BTM00001,CC1=CC(=CC=C1)CN2CCN(CC2)C(C3=C(C=CC=C3)O)C4=CC=C(C=C4)Cl,"InChI=1S/C25H27ClN2O/c1-19-5-4-6-20(17-19)18-27-13-15-28(16-14-27)25(21-9-11-22(26)12-10-21)23-7-2-3-8-24(23)29/h2-12,17,25,29H,13-16,18H2,1H3",OGUIBKUVFWVXIP-UHFFFAOYSA-N,5.939800000000002,406.181191164
"InChI=1S/C25H27ClN2O2/c1-18-4-2-5-19(16-18)17-27-12-14-28(15-13-27)24(20-8-10-21(26)11-9-20)22-6-3-7-23(29)25(22)30/h2-11,16,24,29-30H,12-15,17H2,1H3",YHWHIBBJWICOIG-UHFFFAOYSA-N,CC1=CC(=CC=C1)CN2CCN(CC2)C(C3=C(C(=CC=C3)O)O)C4=CC=C(C=C4)Cl,,,C25H27ClN2O2,422.176105784,5.6724,1,0,0,BTM00062,BTM00062,O-Hydroxylation of phenol,BTMR1037,"CYP1A2
CYP2A6
CYP2B6
CYP2C8
CYP2C9
CYP2C19
CYP2D6
CYP2E1
CYP3A4",HUMAN,BTM00001,CC1=CC(=CC=C1)CN2CCN(CC2)C(C3=C(C=CC=C3)O)C4=CC=C(C=C4)Cl,"InChI=1S/C25H27ClN2O/c1-19-5-4-6-20(17-19)18-27-13-15-28(16-14-27)25(21-9-11-22(26)12-10-21)23-7-2-3-8-24(23)29/h2-12,17,25,29H,13-16,18H2,1H3",OGUIBKUVFWVXIP-UHFFFAOYSA-N,5.939800000000002,406.181191164
"InChI=1S/C25H27ClN2O2/c1-18-5-4-6-19(15-18)17-27-11-13-28(14-12-27)25(21-7-2-3-8-23(21)29)20-9-10-22(26)24(30)16-20/h2-10,15-16,25,29-30H,11-14,17H2,1H3",IZEANJCDQVKTAE-UHFFFAOYSA-N,CC1=CC(=CC=C1)CN2CCN(CC2)C(C3=C(C=CC=C3)O)C4=CC(=C(C=C4)Cl)O,,,C25H27ClN2O2,422.176105784,5.6724,0,0,0,BTM00063,BTM00063,Hydroxylation of aromatic carbon ortho to halide group,BTMR1040,"CYP1A2
CYP2A6
CYP2B6
CYP2C8
CYP2C9
CYP2C19
CYP2D6
CYP2E1
CYP3A4",HUMAN,BTM00001,CC1=CC(=CC=C1)CN2CCN(CC2)C(C3=C(C=CC=C3)O)C4=CC=C(C=C4)Cl,"InChI=1S/C25H27ClN2O/c1-19-5-4-6-20(17-19)18-27-13-15-28(16-14-27)25(21-9-11-22(26)12-10-21)23-7-2-3-8-24(23)29/h2-12,17,25,29H,13-16,18H2,1H3",OGUIBKUVFWVXIP-UHFFFAOYSA-N,5.939800000000002,406.181191164
"InChI=1S/C25H27ClN2O2/c1-18-5-4-6-20(17-18)25(30)28-15-13-27(14-16-28)24(19-9-11-21(26)12-10-19)22-7-2-3-8-23(22)29/h2-12,17,24-25,29-30H,13-16H2,1H3",VFGHHJMFOWNOFS-UHFFFAOYSA-N,CC1=CC(=CC=C1)C(N2CCN(CC2)C(C3=C(C=CC=C3)O)C4=CC=C(C=C4)Cl)O,,,C25H27ClN2O2,422.176105784,5.6001,0,0,0,BTM00047,BTM00047,O-Hydroxylation of monosubstituted benzene,BTMR1034,"CYP1A2
CYP2C8
CYP2C9
CYP2C19
CYP3A4",HUMAN,BTM00002,CC1=CC(=CC=C1)C(N2CCN(CC2)C(C3=CC=CC=C3)C4=CC=C(C=C4)Cl)O,"InChI=1S/C25H27ClN2O/c1-19-6-5-9-22(18-19)25(29)28-16-14-27(15-17-28)24(20-7-3-2-4-8-20)21-10-12-23(26)13-11-21/h2-13,18,24-25,29H,14-17H2,1H3",XLPSTRHKQLGIDT-UHFFFAOYSA-N,5.867499999999998,406.181191164
"InChI=1S/C25H27ClN2O2/c26-23-11-9-21(10-12-23)24(20-6-2-1-3-7-20)27-13-15-28(16-14-27)25(30)22-8-4-5-19(17-22)18-29/h1-12,17,24-25,29-30H,13-16,18H2",FYNHDWNGAKWLOE-UHFFFAOYSA-N,C(C1=CC(=CC=C1)C(N2CCN(CC2)C(C3=CC=CC=C3)C4=CC=C(C=C4)Cl)O)O,,,C25H27ClN2O2,422.176105784,4.7768,0,0,0,BTM00064,BTM00064,Aliphatic hydroxylation of methyl carbon adjacent to aromatic ring,BTMR1058,"CYP1A2
CYP2A6
CYP2B6
CYP2C8
CYP2C9
CYP2C19
CYP2D6
CYP2E1
CYP3A4",HUMAN,BTM00002,CC1=CC(=CC=C1)C(N2CCN(CC2)C(C3=CC=CC=C3)C4=CC=C(C=C4)Cl)O,"InChI=1S/C25H27ClN2O/c1-19-6-5-9-22(18-19)25(29)28-16-14-27(15-17-28)24(20-7-3-2-4-8-20)21-10-12-23(26)13-11-21/h2-13,18,24-25,29H,14-17H2,1H3",XLPSTRHKQLGIDT-UHFFFAOYSA-N,5.867499999999998,406.181191164
"InChI=1S/C25H27ClN2O2/c1-19-6-5-9-22(18-19)25(29)27-14-16-28(30,17-15-27)24(20-7-3-2-4-8-20)21-10-12-23(26)13-11-21/h2-13,18,24-25,29H,14-17H2,1H3",HJRXXLOCBWSMGG-UHFFFAOYSA-N,CC1=CC(=CC=C1)C(N2CC[N+](CC2)(C(C3=CC=CC=C3)C4=CC=C(C=C4)Cl)[O-])O,,,C25H27ClN2O2,422.176105784,5.462399999999999,0,0,0,BTM00065,BTM00065,N-Oxidation of alicyclic tertiary amine,BTMR1099,"CYP1A2
CYP2C8
CYP2C19
CYP2D6
CYP3A4",HUMAN,BTM00002,CC1=CC(=CC=C1)C(N2CCN(CC2)C(C3=CC=CC=C3)C4=CC=C(C=C4)Cl)O,"InChI=1S/C25H27ClN2O/c1-19-6-5-9-22(18-19)25(29)28-16-14-27(15-17-28)24(20-7-3-2-4-8-20)21-10-12-23(26)13-11-21/h2-13,18,24-25,29H,14-17H2,1H3",XLPSTRHKQLGIDT-UHFFFAOYSA-N,5.867499999999998,406.181191164
"InChI=1S/C8H8O2/c1-6-3-2-4-7(5-6)8(9)10/h2-5H,1H3,(H,9,10)",GPSDUZXPYCFOSQ-UHFFFAOYSA-N,CC1=CC(=CC=C1)C(=O)O,,,C8H8O2,136.052429496,1.9206,0,0,0,BTM00027,BTM00027,N-Dealkylation of alicyclic tertiary amine,BTMR1144,"CYP1A2
CYP2A6
CYP2B6
CYP2C8
CYP2C9
CYP2C19
CYP2D6
CYP3A4",HUMAN,BTM00002,CC1=CC(=CC=C1)C(N2CCN(CC2)C(C3=CC=CC=C3)C4=CC=C(C=C4)Cl)O,"InChI=1S/C25H27ClN2O/c1-19-6-5-9-22(18-19)25(29)28-16-14-27(15-17-28)24(20-7-3-2-4-8-20)21-10-12-23(26)13-11-21/h2-13,18,24-25,29H,14-17H2,1H3",XLPSTRHKQLGIDT-UHFFFAOYSA-N,5.867499999999998,406.181191164
"InChI=1S/C17H19ClN2/c18-16-8-6-15(7-9-16)17(14-4-2-1-3-5-14)20-12-10-19-11-13-20/h1-9,17,19H,10-13H2",UZKBSZSTDQSMDR-UHFFFAOYSA-N,N1CCN(CC1)C(C2=CC=CC=C2)C3=CC=C(C=C3)Cl,,,C17H19ClN2,286.123676288,3.6016000000000004,0,0,0,BTM00007,BTM00007,N-Dealkylation of alicyclic tertiary amine,BTMR1144,"CYP1A2
CYP2A6
CYP2B6
CYP2C8
CYP2C9
CYP2C19
CYP2D6
CYP3A4",HUMAN,BTM00002,CC1=CC(=CC=C1)C(N2CCN(CC2)C(C3=CC=CC=C3)C4=CC=C(C=C4)Cl)O,"InChI=1S/C25H27ClN2O/c1-19-6-5-9-22(18-19)25(29)28-16-14-27(15-17-28)24(20-7-3-2-4-8-20)21-10-12-23(26)13-11-21/h2-13,18,24-25,29H,14-17H2,1H3",XLPSTRHKQLGIDT-UHFFFAOYSA-N,5.867499999999998,406.181191164
"InChI=1S/C12H18N2O/c1-10-3-2-4-11(9-10)12(15)14-7-5-13-6-8-14/h2-4,9,12-13,15H,5-8H2,1H3",AFTZDBYIXCFTCT-UHFFFAOYSA-N,CC1=CC(=CC=C1)C(N2CCNCC2)O,,,C12H18N2O,206.141913196,1.4714999999999998,0,0,0,BTM00066,BTM00066,N-Dealkylation of alicyclic tertiary amine,BTMR1144,"CYP1A2
CYP2A6
CYP2B6
CYP2C8
CYP2C9
CYP2C19
CYP2D6
CYP3A4",HUMAN,BTM00002,CC1=CC(=CC=C1)C(N2CCN(CC2)C(C3=CC=CC=C3)C4=CC=C(C=C4)Cl)O,"InChI=1S/C25H27ClN2O/c1-19-6-5-9-22(18-19)25(29)28-16-14-27(15-17-28)24(20-7-3-2-4-8-20)21-10-12-23(26)13-11-21/h2-13,18,24-25,29H,14-17H2,1H3",XLPSTRHKQLGIDT-UHFFFAOYSA-N,5.867499999999998,406.181191164
InChI=1S/C13H9ClO/c14-12-8-6-11(7-9-12)13(15)10-4-2-1-3-5-10/h1-9H,UGVRJVHOJNYEHR-UHFFFAOYSA-N,C(C1=CC=CC=C1)(C2=CC=C(C=C2)Cl)=O,,,C13H9ClO,216.034192588,3.8986,0,0,0,BTM00009,BTM00009,N-Dealkylation of alicyclic tertiary amine,BTMR1144,"CYP1A2
CYP2A6
CYP2B6
CYP2C8
CYP2C9
CYP2C19
CYP2D6
CYP3A4",HUMAN,BTM00002,CC1=CC(=CC=C1)C(N2CCN(CC2)C(C3=CC=CC=C3)C4=CC=C(C=C4)Cl)O,"InChI=1S/C25H27ClN2O/c1-19-6-5-9-22(18-19)25(29)28-16-14-27(15-17-28)24(20-7-3-2-4-8-20)21-10-12-23(26)13-11-21/h2-13,18,24-25,29H,14-17H2,1H3",XLPSTRHKQLGIDT-UHFFFAOYSA-N,5.867499999999998,406.181191164
"InChI=1S/C25H27ClN2O2/c1-18-6-5-9-22(24(18)29)25(30)28-16-14-27(15-17-28)23(19-7-3-2-4-8-19)20-10-12-21(26)13-11-20/h2-13,23,25,29-30H,14-17H2,1H3",BRMIWWVQFVKPNE-UHFFFAOYSA-N,CC1=C(C(=CC=C1)C(N2CCN(CC2)C(C3=CC=CC=C3)C4=CC=C(C=C4)Cl)O)O,,,C25H27ClN2O2,422.176105784,5.6001,1,0,0,BTM00067,BTM00067,Hydroxylation of benzene on carbon ortho to electron donating group,BTMR1045,"CYP1A2
CYP2C8
CYP2C9
CYP2C19
CYP2D6
CYP3A4",HUMAN,BTM00002,CC1=CC(=CC=C1)C(N2CCN(CC2)C(C3=CC=CC=C3)C4=CC=C(C=C4)Cl)O,"InChI=1S/C25H27ClN2O/c1-19-6-5-9-22(18-19)25(29)28-16-14-27(15-17-28)24(20-7-3-2-4-8-20)21-10-12-23(26)13-11-21/h2-13,18,24-25,29H,14-17H2,1H3",XLPSTRHKQLGIDT-UHFFFAOYSA-N,5.867499999999998,406.181191164
"InChI=1S/C25H27ClN2O2/c1-18-6-5-9-20(16-18)25(30)28-14-12-27(13-15-28)24(19-7-3-2-4-8-19)22-11-10-21(26)17-23(22)29/h2-11,16-17,24-25,29-30H,12-15H2,1H3",FQTGILPUNIFCAX-UHFFFAOYSA-N,CC1=CC(=CC=C1)C(N2CCN(CC2)C(C3=CC=CC=C3)C4=C(C=C(C=C4)Cl)O)O,,,C25H27ClN2O2,422.176105784,5.6001,0,0,0,BTM00068,BTM00068,Hydroxylation of benzene on carbon ortho to electron donating group,BTMR1045,"CYP1A2
CYP2C8
CYP2C9
CYP2C19
CYP2D6
CYP3A4",HUMAN,BTM00002,CC1=CC(=CC=C1)C(N2CCN(CC2)C(C3=CC=CC=C3)C4=CC=C(C=C4)Cl)O,"InChI=1S/C25H27ClN2O/c1-19-6-5-9-22(18-19)25(29)28-16-14-27(15-17-28)24(20-7-3-2-4-8-20)21-10-12-23(26)13-11-21/h2-13,18,24-25,29H,14-17H2,1H3",XLPSTRHKQLGIDT-UHFFFAOYSA-N,5.867499999999998,406.181191164
"InChI=1S/C25H27ClN2O2/c1-18-5-4-6-20(17-18)25(30)28-15-13-27(14-16-28)24(19-9-11-21(26)12-10-19)22-7-2-3-8-23(22)29/h2-12,17,24-25,29-30H,13-16H2,1H3",VFGHHJMFOWNOFS-UHFFFAOYSA-N,CC1=CC(=CC=C1)C(N2CCN(CC2)C(C3=C(C=CC=C3)O)C4=CC=C(C=C4)Cl)O,,,C25H27ClN2O2,422.176105784,5.6001,0,0,0,BTM00047,BTM00047,Hydroxylation of benzene on carbon ortho to electron donating group,BTMR1045,"CYP1A2
CYP2C8
CYP2C9
CYP2C19
CYP2D6
CYP3A4",HUMAN,BTM00002,CC1=CC(=CC=C1)C(N2CCN(CC2)C(C3=CC=CC=C3)C4=CC=C(C=C4)Cl)O,"InChI=1S/C25H27ClN2O/c1-19-6-5-9-22(18-19)25(29)28-16-14-27(15-17-28)24(20-7-3-2-4-8-20)21-10-12-23(26)13-11-21/h2-13,18,24-25,29H,14-17H2,1H3",XLPSTRHKQLGIDT-UHFFFAOYSA-N,5.867499999999998,406.181191164
"InChI=1S/C25H27ClN2O2/c1-18-7-12-23(29)22(17-18)25(30)28-15-13-27(14-16-28)24(19-5-3-2-4-6-19)20-8-10-21(26)11-9-20/h2-12,17,24-25,29-30H,13-16H2,1H3",RBQJIXZPQBRBRX-UHFFFAOYSA-N,CC1=CC(=C(C=C1)O)C(N2CCN(CC2)C(C3=CC=CC=C3)C4=CC=C(C=C4)Cl)O,,,C25H27ClN2O2,422.176105784,5.6001,1,0,0,BTM00069,BTM00069,Hydroxylation of benzene on carbon ortho to electron donating group,BTMR1045,"CYP1A2
CYP2C8
CYP2C9
CYP2C19
CYP2D6
CYP3A4",HUMAN,BTM00002,CC1=CC(=CC=C1)C(N2CCN(CC2)C(C3=CC=CC=C3)C4=CC=C(C=C4)Cl)O,"InChI=1S/C25H27ClN2O/c1-19-6-5-9-22(18-19)25(29)28-16-14-27(15-17-28)24(20-7-3-2-4-8-20)21-10-12-23(26)13-11-21/h2-13,18,24-25,29H,14-17H2,1H3",XLPSTRHKQLGIDT-UHFFFAOYSA-N,5.867499999999998,406.181191164
"InChI=1S/C25H27ClN2O2/c1-18-17-21(9-12-23(18)29)25(30)28-15-13-27(14-16-28)24(19-5-3-2-4-6-19)20-7-10-22(26)11-8-20/h2-12,17,24-25,29-30H,13-16H2,1H3",PRRURDPUTWMLMF-UHFFFAOYSA-N,CC1=CC(=CC=C1O)C(N2CCN(CC2)C(C3=CC=CC=C3)C4=CC=C(C=C4)Cl)O,,,C25H27ClN2O2,422.176105784,5.6001,0,0,0,BTM00070,BTM00070,Hydroxylation of benzene on carbon ortho to electron donating group,BTMR1045,"CYP1A2
CYP2C8
CYP2C9
CYP2C19
CYP2D6
CYP3A4",HUMAN,BTM00002,CC1=CC(=CC=C1)C(N2CCN(CC2)C(C3=CC=CC=C3)C4=CC=C(C=C4)Cl)O,"InChI=1S/C25H27ClN2O/c1-19-6-5-9-22(18-19)25(29)28-16-14-27(15-17-28)24(20-7-3-2-4-8-20)21-10-12-23(26)13-11-21/h2-13,18,24-25,29H,14-17H2,1H3",XLPSTRHKQLGIDT-UHFFFAOYSA-N,5.867499999999998,406.181191164
"InChI=1S/C25H27ClN2O2/c1-19-6-5-9-22(18-19)25(29)27-14-16-28(30,17-15-27)24(20-7-3-2-4-8-20)21-10-12-23(26)13-11-21/h2-13,18,24-25,29H,14-17H2,1H3",HJRXXLOCBWSMGG-UHFFFAOYSA-N,CC1=CC(=CC=C1)C(N2CC[N+](CC2)(C(C3=CC=CC=C3)C4=CC=C(C=C4)Cl)[O-])O,,,C25H27ClN2O2,422.176105784,5.462399999999999,0,0,0,BTM00065,BTM00065,N-Oxidation of aliphatic tertiary amine,BTMR1100,"CYP1A2
CYP2D6
CYP3A4",HUMAN,BTM00002,CC1=CC(=CC=C1)C(N2CCN(CC2)C(C3=CC=CC=C3)C4=CC=C(C=C4)Cl)O,"InChI=1S/C25H27ClN2O/c1-19-6-5-9-22(18-19)25(29)28-16-14-27(15-17-28)24(20-7-3-2-4-8-20)21-10-12-23(26)13-11-21/h2-13,18,24-25,29H,14-17H2,1H3",XLPSTRHKQLGIDT-UHFFFAOYSA-N,5.867499999999998,406.181191164
"InChI=1S/C25H27ClN2O2/c1-19-6-5-9-22(18-19)25(29)28(30)16-14-27(15-17-28)24(20-7-3-2-4-8-20)21-10-12-23(26)13-11-21/h2-13,18,24-25,29H,14-17H2,1H3",FTIXIFLDUPWYCE-UHFFFAOYSA-N,CC1=CC(=CC=C1)C([N+]2(CCN(CC2)C(C3=CC=CC=C3)C4=CC=C(C=C4)Cl)[O-])O,,,C25H27ClN2O2,422.176105784,5.462399999999999,0,0,0,BTM00071,BTM00071,N-Oxidation of aliphatic tertiary amine,BTMR1100,"CYP1A2
CYP2D6
CYP3A4",HUMAN,BTM00002,CC1=CC(=CC=C1)C(N2CCN(CC2)C(C3=CC=CC=C3)C4=CC=C(C=C4)Cl)O,"InChI=1S/C25H27ClN2O/c1-19-6-5-9-22(18-19)25(29)28-16-14-27(15-17-28)24(20-7-3-2-4-8-20)21-10-12-23(26)13-11-21/h2-13,18,24-25,29H,14-17H2,1H3",XLPSTRHKQLGIDT-UHFFFAOYSA-N,5.867499999999998,406.181191164
"InChI=1S/C25H27ClN2O2/c1-18-3-2-4-21(17-18)25(30)28-15-13-27(14-16-28)24(19-5-9-22(26)10-6-19)20-7-11-23(29)12-8-20/h2-12,17,24-25,29-30H,13-16H2,1H3",KWFRZEREQIPSOF-UHFFFAOYSA-N,CC1=CC(=CC=C1)C(N2CCN(CC2)C(C3=CC=C(C=C3)O)C4=CC=C(C=C4)Cl)O,,,C25H27ClN2O2,422.176105784,5.6001,0,0,0,BTM00072,BTM00072,Hydroxylation of benzene on carbon para to electron donating group,BTMR1047,"CYP1A2
CYP2C8
CYP2C9
CYP2D6
CYP3A4",HUMAN,BTM00002,CC1=CC(=CC=C1)C(N2CCN(CC2)C(C3=CC=CC=C3)C4=CC=C(C=C4)Cl)O,"InChI=1S/C25H27ClN2O/c1-19-6-5-9-22(18-19)25(29)28-16-14-27(15-17-28)24(20-7-3-2-4-8-20)21-10-12-23(26)13-11-21/h2-13,18,24-25,29H,14-17H2,1H3",XLPSTRHKQLGIDT-UHFFFAOYSA-N,5.867499999999998,406.181191164
"InChI=1S/C25H27ClN2O2/c1-18-7-12-23(29)22(17-18)25(30)28-15-13-27(14-16-28)24(19-5-3-2-4-6-19)20-8-10-21(26)11-9-20/h2-12,17,24-25,29-30H,13-16H2,1H3",RBQJIXZPQBRBRX-UHFFFAOYSA-N,CC1=CC(=C(C=C1)O)C(N2CCN(CC2)C(C3=CC=CC=C3)C4=CC=C(C=C4)Cl)O,,,C25H27ClN2O2,422.176105784,5.6001,1,0,0,BTM00069,BTM00069,Hydroxylation of benzene on carbon para to electron donating group,BTMR1047,"CYP1A2
CYP2C8
CYP2C9
CYP2D6
CYP3A4",HUMAN,BTM00002,CC1=CC(=CC=C1)C(N2CCN(CC2)C(C3=CC=CC=C3)C4=CC=C(C=C4)Cl)O,"InChI=1S/C25H27ClN2O/c1-19-6-5-9-22(18-19)25(29)28-16-14-27(15-17-28)24(20-7-3-2-4-8-20)21-10-12-23(26)13-11-21/h2-13,18,24-25,29H,14-17H2,1H3",XLPSTRHKQLGIDT-UHFFFAOYSA-N,5.867499999999998,406.181191164
"InChI=1S/C25H27ClN2O2/c1-18-17-21(9-12-23(18)29)25(30)28-15-13-27(14-16-28)24(19-5-3-2-4-6-19)20-7-10-22(26)11-8-20/h2-12,17,24-25,29-30H,13-16H2,1H3",PRRURDPUTWMLMF-UHFFFAOYSA-N,CC1=CC(=CC=C1O)C(N2CCN(CC2)C(C3=CC=CC=C3)C4=CC=C(C=C4)Cl)O,,,C25H27ClN2O2,422.176105784,5.6001,0,0,0,BTM00070,BTM00070,Hydroxylation of benzene on carbon para to electron donating group,BTMR1047,"CYP1A2
CYP2C8
CYP2C9
CYP2D6
CYP3A4",HUMAN,BTM00002,CC1=CC(=CC=C1)C(N2CCN(CC2)C(C3=CC=CC=C3)C4=CC=C(C=C4)Cl)O,"InChI=1S/C25H27ClN2O/c1-19-6-5-9-22(18-19)25(29)28-16-14-27(15-17-28)24(20-7-3-2-4-8-20)21-10-12-23(26)13-11-21/h2-13,18,24-25,29H,14-17H2,1H3",XLPSTRHKQLGIDT-UHFFFAOYSA-N,5.867499999999998,406.181191164
"InChI=1S/C25H27ClN2O2/c1-18-6-5-9-21(16-18)25(30)28-15-14-27(17-23(28)29)24(19-7-3-2-4-8-19)20-10-12-22(26)13-11-20/h2-13,16,23-25,29-30H,14-15,17H2,1H3",DIPYTJSOHOCCKM-UHFFFAOYSA-N,CC1=CC(=CC=C1)C(N2C(CN(CC2)C(C3=CC=CC=C3)C4=CC=C(C=C4)Cl)O)O,,,C25H27ClN2O2,422.176105784,5.527799999999998,1,0,0,BTM00073,BTM00073,Hydroxylation of heteroalicyclic secondary carbon,BTMR1070,"CYP1A2
CYP2A6
CYP2C9
CYP2D6
CYP3A4",HUMAN,BTM00002,CC1=CC(=CC=C1)C(N2CCN(CC2)C(C3=CC=CC=C3)C4=CC=C(C=C4)Cl)O,"InChI=1S/C25H27ClN2O/c1-19-6-5-9-22(18-19)25(29)28-16-14-27(15-17-28)24(20-7-3-2-4-8-20)21-10-12-23(26)13-11-21/h2-13,18,24-25,29H,14-17H2,1H3",XLPSTRHKQLGIDT-UHFFFAOYSA-N,5.867499999999998,406.181191164
"InChI=1S/C25H27ClN2O2/c1-18-6-5-9-21(16-18)25(30)27-14-15-28(23(29)17-27)24(19-7-3-2-4-8-19)20-10-12-22(26)13-11-20/h2-13,16,23-25,29-30H,14-15,17H2,1H3",ATJMRVBJKPRSQM-UHFFFAOYSA-N,CC1=CC(=CC=C1)C(N2CC(N(CC2)C(C3=CC=CC=C3)C4=CC=C(C=C4)Cl)O)O,,,C25H27ClN2O2,422.176105784,5.527799999999998,0,0,0,BTM00074,BTM00074,Hydroxylation of heteroalicyclic secondary carbon,BTMR1070,"CYP1A2
CYP2A6
CYP2C9
CYP2D6
CYP3A4",HUMAN,BTM00002,CC1=CC(=CC=C1)C(N2CCN(CC2)C(C3=CC=CC=C3)C4=CC=C(C=C4)Cl)O,"InChI=1S/C25H27ClN2O/c1-19-6-5-9-22(18-19)25(29)28-16-14-27(15-17-28)24(20-7-3-2-4-8-20)21-10-12-23(26)13-11-21/h2-13,18,24-25,29H,14-17H2,1H3",XLPSTRHKQLGIDT-UHFFFAOYSA-N,5.867499999999998,406.181191164
"InChI=1S/C25H27ClN2O2/c1-18-6-5-9-21(16-18)25(30)28-14-12-27(13-15-28)24(19-7-3-2-4-8-19)20-10-11-22(26)23(29)17-20/h2-11,16-17,24-25,29-30H,12-15H2,1H3",VFPKPWJMEGCYQV-UHFFFAOYSA-N,CC1=CC(=CC=C1)C(N2CCN(CC2)C(C3=CC=CC=C3)C4=CC(=C(C=C4)Cl)O)O,,,C25H27ClN2O2,422.176105784,5.6001,0,0,0,BTM00075,BTM00075,Hydroxylation of aromatic carbon ortho to halide group,BTMR1040,"CYP1A2
CYP2A6
CYP2B6
CYP2C8
CYP2C9
CYP2C19
CYP2D6
CYP2E1
CYP3A4",HUMAN,BTM00002,CC1=CC(=CC=C1)C(N2CCN(CC2)C(C3=CC=CC=C3)C4=CC=C(C=C4)Cl)O,"InChI=1S/C25H27ClN2O/c1-19-6-5-9-22(18-19)25(29)28-16-14-27(15-17-28)24(20-7-3-2-4-8-20)21-10-12-23(26)13-11-21/h2-13,18,24-25,29H,14-17H2,1H3",XLPSTRHKQLGIDT-UHFFFAOYSA-N,5.867499999999998,406.181191164
"InChI=1S/C25H27ClN2O2/c26-22-10-8-21(9-11-22)25(23-6-1-2-7-24(23)30)28-14-12-27(13-15-28)17-19-4-3-5-20(16-19)18-29/h1-11,16,25,29-30H,12-15,17-18H2",JSEHHHGVFXIHIW-UHFFFAOYSA-N,C(C1=CC(=CC=C1)CN2CCN(CC2)C(C3=C(C=CC=C3)O)C4=CC=C(C=C4)Cl)O,,,C25H27ClN2O2,422.176105784,4.8491,0,0,0,BTM00049,BTM00049,O-Hydroxylation of monosubstituted benzene,BTMR1034,"CYP1A2
CYP2C8
CYP2C9
CYP2C19
CYP3A4",HUMAN,BTM00003,C(C1=CC(=CC=C1)CN2CCN(CC2)C(C3=CC=CC=C3)C4=CC=C(C=C4)Cl)O,"InChI=1S/C25H27ClN2O/c26-24-11-9-23(10-12-24)25(22-7-2-1-3-8-22)28-15-13-27(14-16-28)18-20-5-4-6-21(17-20)19-29/h1-12,17,25,29H,13-16,18-19H2",SNLKSZHRCNHRFU-UHFFFAOYSA-N,5.116499999999999,406.181191164
"InChI=1S/C25H27ClN2O2/c26-23-11-9-21(10-12-23)24(20-6-2-1-3-7-20)27-13-15-28(16-14-27)25(30)22-8-4-5-19(17-22)18-29/h1-12,17,24-25,29-30H,13-16,18H2",FYNHDWNGAKWLOE-UHFFFAOYSA-N,C(C1=CC(=CC=C1)C(N2CCN(CC2)C(C3=CC=CC=C3)C4=CC=C(C=C4)Cl)O)O,,,C25H27ClN2O2,422.176105784,4.7768,0,0,0,BTM00064,BTM00064,Hydroxylation of non-terminal aliphatic carbon adjacent to aromatic ring,BTMR1077,"CYP1A2
CYP2C8
CYP2C9
CYP2D6
CYP3A4",HUMAN,BTM00003,C(C1=CC(=CC=C1)CN2CCN(CC2)C(C3=CC=CC=C3)C4=CC=C(C=C4)Cl)O,"InChI=1S/C25H27ClN2O/c26-24-11-9-23(10-12-24)25(22-7-2-1-3-8-22)28-15-13-27(14-16-28)18-20-5-4-6-21(17-20)19-29/h1-12,17,25,29H,13-16,18-19H2",SNLKSZHRCNHRFU-UHFFFAOYSA-N,5.116499999999999,406.181191164
"InChI=1S/C25H27ClN2O2/c26-24-11-9-23(10-12-24)25(22-7-2-1-3-8-22)28(30)15-13-27(14-16-28)18-20-5-4-6-21(17-20)19-29/h1-12,17,25,29H,13-16,18-19H2",XUSBHHYYQPJTBS-UHFFFAOYSA-N,C(C1=CC(=CC=C1)CN2CC[N+](CC2)(C(C3=CC=CC=C3)C4=CC=C(C=C4)Cl)[O-])O,,,C25H27ClN2O2,422.176105784,4.711399999999999,0,0,0,BTM00076,BTM00076,N-Oxidation of alicyclic tertiary amine,BTMR1099,"CYP1A2
CYP2C8
CYP2C19
CYP2D6
CYP3A4",HUMAN,BTM00003,C(C1=CC(=CC=C1)CN2CCN(CC2)C(C3=CC=CC=C3)C4=CC=C(C=C4)Cl)O,"InChI=1S/C25H27ClN2O/c26-24-11-9-23(10-12-24)25(22-7-2-1-3-8-22)28-15-13-27(14-16-28)18-20-5-4-6-21(17-20)19-29/h1-12,17,25,29H,13-16,18-19H2",SNLKSZHRCNHRFU-UHFFFAOYSA-N,5.116499999999999,406.181191164
"InChI=1S/C25H27ClN2O2/c26-24-11-9-23(10-12-24)25(22-7-2-1-3-8-22)27-13-15-28(30,16-14-27)18-20-5-4-6-21(17-20)19-29/h1-12,17,25,29H,13-16,18-19H2",HUHMJQLWTMCYSU-UHFFFAOYSA-N,C(C1=CC(=CC=C1)C[N+]2(CCN(CC2)C(C3=CC=CC=C3)C4=CC=C(C=C4)Cl)[O-])O,,,C25H27ClN2O2,422.17610578399996,4.711399999999999,0,0,0,BTM00077,BTM00077,N-Oxidation of alicyclic tertiary amine,BTMR1099,"CYP1A2
CYP2C8
CYP2C19
CYP2D6
CYP3A4",HUMAN,BTM00003,C(C1=CC(=CC=C1)CN2CCN(CC2)C(C3=CC=CC=C3)C4=CC=C(C=C4)Cl)O,"InChI=1S/C25H27ClN2O/c26-24-11-9-23(10-12-24)25(22-7-2-1-3-8-22)28-15-13-27(14-16-28)18-20-5-4-6-21(17-20)19-29/h1-12,17,25,29H,13-16,18-19H2",SNLKSZHRCNHRFU-UHFFFAOYSA-N,5.116499999999999,406.181191164
"InChI=1S/C8H8O2/c9-5-7-2-1-3-8(4-7)6-10/h1-5,10H,6H2",CDNQOMJEQKBLBN-UHFFFAOYSA-N,C(C1=CC(=CC=C1)C=O)O,,,C8H8O2,136.052429496,0.9849,0,0,0,BTM00078,BTM00078,N-Dealkylation of alicyclic tertiary amine,BTMR1144,"CYP1A2
CYP2A6
CYP2B6
CYP2C8
CYP2C9
CYP2C19
CYP2D6
CYP3A4",HUMAN,BTM00003,C(C1=CC(=CC=C1)CN2CCN(CC2)C(C3=CC=CC=C3)C4=CC=C(C=C4)Cl)O,"InChI=1S/C25H27ClN2O/c26-24-11-9-23(10-12-24)25(22-7-2-1-3-8-22)28-15-13-27(14-16-28)18-20-5-4-6-21(17-20)19-29/h1-12,17,25,29H,13-16,18-19H2",SNLKSZHRCNHRFU-UHFFFAOYSA-N,5.116499999999999,406.181191164
"InChI=1S/C17H19ClN2/c18-16-8-6-15(7-9-16)17(14-4-2-1-3-5-14)20-12-10-19-11-13-20/h1-9,17,19H,10-13H2",UZKBSZSTDQSMDR-UHFFFAOYSA-N,N1CCN(CC1)C(C2=CC=CC=C2)C3=CC=C(C=C3)Cl,,,C17H19ClN2,286.123676288,3.6016000000000004,0,0,0,BTM00007,BTM00007,N-Dealkylation of alicyclic tertiary amine,BTMR1144,"CYP1A2
CYP2A6
CYP2B6
CYP2C8
CYP2C9
CYP2C19
CYP2D6
CYP3A4",HUMAN,BTM00003,C(C1=CC(=CC=C1)CN2CCN(CC2)C(C3=CC=CC=C3)C4=CC=C(C=C4)Cl)O,"InChI=1S/C25H27ClN2O/c26-24-11-9-23(10-12-24)25(22-7-2-1-3-8-22)28-15-13-27(14-16-28)18-20-5-4-6-21(17-20)19-29/h1-12,17,25,29H,13-16,18-19H2",SNLKSZHRCNHRFU-UHFFFAOYSA-N,5.116499999999999,406.181191164
"InChI=1S/C12H18N2O/c15-10-12-3-1-2-11(8-12)9-14-6-4-13-5-7-14/h1-3,8,13,15H,4-7,9-10H2",LEHZEBYVLGLYOW-UHFFFAOYSA-N,C(C1=CC(=CC=C1)CN2CCNCC2)O,,,C12H18N2O,206.141913196,0.7204999999999991,0,0,0,BTM00079,BTM00079,N-Dealkylation of alicyclic tertiary amine,BTMR1144,"CYP1A2
CYP2A6
CYP2B6
CYP2C8
CYP2C9
CYP2C19
CYP2D6
CYP3A4",HUMAN,BTM00003,C(C1=CC(=CC=C1)CN2CCN(CC2)C(C3=CC=CC=C3)C4=CC=C(C=C4)Cl)O,"InChI=1S/C25H27ClN2O/c26-24-11-9-23(10-12-24)25(22-7-2-1-3-8-22)28-15-13-27(14-16-28)18-20-5-4-6-21(17-20)19-29/h1-12,17,25,29H,13-16,18-19H2",SNLKSZHRCNHRFU-UHFFFAOYSA-N,5.116499999999999,406.181191164
InChI=1S/C13H9ClO/c14-12-8-6-11(7-9-12)13(15)10-4-2-1-3-5-10/h1-9H,UGVRJVHOJNYEHR-UHFFFAOYSA-N,C(C1=CC=CC=C1)(C2=CC=C(C=C2)Cl)=O,,,C13H9ClO,216.034192588,3.8986,0,0,0,BTM00009,BTM00009,N-Dealkylation of alicyclic tertiary amine,BTMR1144,"CYP1A2
CYP2A6
CYP2B6
CYP2C8
CYP2C9
CYP2C19
CYP2D6
CYP3A4",HUMAN,BTM00003,C(C1=CC(=CC=C1)CN2CCN(CC2)C(C3=CC=CC=C3)C4=CC=C(C=C4)Cl)O,"InChI=1S/C25H27ClN2O/c26-24-11-9-23(10-12-24)25(22-7-2-1-3-8-22)28-15-13-27(14-16-28)18-20-5-4-6-21(17-20)19-29/h1-12,17,25,29H,13-16,18-19H2",SNLKSZHRCNHRFU-UHFFFAOYSA-N,5.116499999999999,406.181191164
"InChI=1S/C25H27ClN2O2/c26-23-11-9-20(10-12-23)24(19-5-2-1-3-6-19)28-15-13-27(14-16-28)17-21-7-4-8-22(18-29)25(21)30/h1-12,24,29-30H,13-18H2",OSMQPCCSKAODRS-UHFFFAOYSA-N,C(C1=C(C(=CC=C1)CN2CCN(CC2)C(C3=CC=CC=C3)C4=CC=C(C=C4)Cl)O)O,,,C25H27ClN2O2,422.176105784,4.8491,0,0,0,BTM00080,BTM00080,Hydroxylation of benzene on carbon ortho to electron donating group,BTMR1045,"CYP1A2
CYP2C8
CYP2C9
CYP2C19
CYP2D6
CYP3A4",HUMAN,BTM00003,C(C1=CC(=CC=C1)CN2CCN(CC2)C(C3=CC=CC=C3)C4=CC=C(C=C4)Cl)O,"InChI=1S/C25H27ClN2O/c26-24-11-9-23(10-12-24)25(22-7-2-1-3-8-22)28-15-13-27(14-16-28)18-20-5-4-6-21(17-20)19-29/h1-12,17,25,29H,13-16,18-19H2",SNLKSZHRCNHRFU-UHFFFAOYSA-N,5.116499999999999,406.181191164
"InChI=1S/C25H27ClN2O2/c26-22-9-10-23(24(30)16-22)25(21-7-2-1-3-8-21)28-13-11-27(12-14-28)17-19-5-4-6-20(15-19)18-29/h1-10,15-16,25,29-30H,11-14,17-18H2",YBYIASBWOAOZIG-UHFFFAOYSA-N,C(C1=CC(=CC=C1)CN2CCN(CC2)C(C3=CC=CC=C3)C4=C(C=C(C=C4)Cl)O)O,,,C25H27ClN2O2,422.176105784,4.8491,0,0,0,BTM00081,BTM00081,Hydroxylation of benzene on carbon ortho to electron donating group,BTMR1045,"CYP1A2
CYP2C8
CYP2C9
CYP2C19
CYP2D6
CYP3A4",HUMAN,BTM00003,C(C1=CC(=CC=C1)CN2CCN(CC2)C(C3=CC=CC=C3)C4=CC=C(C=C4)Cl)O,"InChI=1S/C25H27ClN2O/c26-24-11-9-23(10-12-24)25(22-7-2-1-3-8-22)28-15-13-27(14-16-28)18-20-5-4-6-21(17-20)19-29/h1-12,17,25,29H,13-16,18-19H2",SNLKSZHRCNHRFU-UHFFFAOYSA-N,5.116499999999999,406.181191164
"InChI=1S/C25H27ClN2O2/c26-22-10-8-21(9-11-22)25(23-6-1-2-7-24(23)30)28-14-12-27(13-15-28)17-19-4-3-5-20(16-19)18-29/h1-11,16,25,29-30H,12-15,17-18H2",JSEHHHGVFXIHIW-UHFFFAOYSA-N,C(C1=CC(=CC=C1)CN2CCN(CC2)C(C3=C(C=CC=C3)O)C4=CC=C(C=C4)Cl)O,,,C25H27ClN2O2,422.176105784,4.8491,0,0,0,BTM00049,BTM00049,Hydroxylation of benzene on carbon ortho to electron donating group,BTMR1045,"CYP1A2
CYP2C8
CYP2C9
CYP2C19
CYP2D6
CYP3A4",HUMAN,BTM00003,C(C1=CC(=CC=C1)CN2CCN(CC2)C(C3=CC=CC=C3)C4=CC=C(C=C4)Cl)O,"InChI=1S/C25H27ClN2O/c26-24-11-9-23(10-12-24)25(22-7-2-1-3-8-22)28-15-13-27(14-16-28)18-20-5-4-6-21(17-20)19-29/h1-12,17,25,29H,13-16,18-19H2",SNLKSZHRCNHRFU-UHFFFAOYSA-N,5.116499999999999,406.181191164
"InChI=1S/C25H27ClN2O2/c26-23-9-7-21(8-10-23)25(20-4-2-1-3-5-20)28-14-12-27(13-15-28)17-22-16-19(18-29)6-11-24(22)30/h1-11,16,25,29-30H,12-15,17-18H2",BSJRYPPDOIJSEN-UHFFFAOYSA-N,C(C1=CC(=C(C=C1)O)CN2CCN(CC2)C(C3=CC=CC=C3)C4=CC=C(C=C4)Cl)O,,,C25H27ClN2O2,422.176105784,4.8491,0,0,0,BTM00082,BTM00082,Hydroxylation of benzene on carbon ortho to electron donating group,BTMR1045,"CYP1A2
CYP2C8
CYP2C9
CYP2C19
CYP2D6
CYP3A4",HUMAN,BTM00003,C(C1=CC(=CC=C1)CN2CCN(CC2)C(C3=CC=CC=C3)C4=CC=C(C=C4)Cl)O,"InChI=1S/C25H27ClN2O/c26-24-11-9-23(10-12-24)25(22-7-2-1-3-8-22)28-15-13-27(14-16-28)18-20-5-4-6-21(17-20)19-29/h1-12,17,25,29H,13-16,18-19H2",SNLKSZHRCNHRFU-UHFFFAOYSA-N,5.116499999999999,406.181191164
"InChI=1S/C25H27ClN2O2/c26-23-9-7-21(8-10-23)25(20-4-2-1-3-5-20)28-14-12-27(13-15-28)17-19-6-11-24(30)22(16-19)18-29/h1-11,16,25,29-30H,12-15,17-18H2",MMWNSTCSJUUNBW-UHFFFAOYSA-N,C(C1=CC(=CC=C1O)CN2CCN(CC2)C(C3=CC=CC=C3)C4=CC=C(C=C4)Cl)O,,,C25H27ClN2O2,422.176105784,4.8491,0,0,0,BTM00083,BTM00083,Hydroxylation of benzene on carbon ortho to electron donating group,BTMR1045,"CYP1A2
CYP2C8
CYP2C9
CYP2C19
CYP2D6
CYP3A4",HUMAN,BTM00003,C(C1=CC(=CC=C1)CN2CCN(CC2)C(C3=CC=CC=C3)C4=CC=C(C=C4)Cl)O,"InChI=1S/C25H27ClN2O/c26-24-11-9-23(10-12-24)25(22-7-2-1-3-8-22)28-15-13-27(14-16-28)18-20-5-4-6-21(17-20)19-29/h1-12,17,25,29H,13-16,18-19H2",SNLKSZHRCNHRFU-UHFFFAOYSA-N,5.116499999999999,406.181191164
"InChI=1S/C25H27ClN2O2/c26-23-8-4-21(5-9-23)25(22-6-10-24(30)11-7-22)28-14-12-27(13-15-28)17-19-2-1-3-20(16-19)18-29/h1-11,16,25,29-30H,12-15,17-18H2",ZXGJNSQVSQAGDS-UHFFFAOYSA-N,C(C1=CC(=CC=C1)CN2CCN(CC2)C(C3=CC=C(C=C3)O)C4=CC=C(C=C4)Cl)O,,,C25H27ClN2O2,422.176105784,4.8491,0,0,0,BTM00084,BTM00084,Hydroxylation of benzene on carbon para to electron donating group,BTMR1047,"CYP1A2
CYP2C8
CYP2C9
CYP2D6
CYP3A4",HUMAN,BTM00003,C(C1=CC(=CC=C1)CN2CCN(CC2)C(C3=CC=CC=C3)C4=CC=C(C=C4)Cl)O,"InChI=1S/C25H27ClN2O/c26-24-11-9-23(10-12-24)25(22-7-2-1-3-8-22)28-15-13-27(14-16-28)18-20-5-4-6-21(17-20)19-29/h1-12,17,25,29H,13-16,18-19H2",SNLKSZHRCNHRFU-UHFFFAOYSA-N,5.116499999999999,406.181191164
"InChI=1S/C25H27ClN2O2/c26-23-9-7-21(8-10-23)25(20-4-2-1-3-5-20)28-14-12-27(13-15-28)17-22-16-19(18-29)6-11-24(22)30/h1-11,16,25,29-30H,12-15,17-18H2",BSJRYPPDOIJSEN-UHFFFAOYSA-N,C(C1=CC(=C(C=C1)O)CN2CCN(CC2)C(C3=CC=CC=C3)C4=CC=C(C=C4)Cl)O,,,C25H27ClN2O2,422.176105784,4.8491,0,0,0,BTM00082,BTM00082,Hydroxylation of benzene on carbon para to electron donating group,BTMR1047,"CYP1A2
CYP2C8
CYP2C9
CYP2D6
CYP3A4",HUMAN,BTM00003,C(C1=CC(=CC=C1)CN2CCN(CC2)C(C3=CC=CC=C3)C4=CC=C(C=C4)Cl)O,"InChI=1S/C25H27ClN2O/c26-24-11-9-23(10-12-24)25(22-7-2-1-3-8-22)28-15-13-27(14-16-28)18-20-5-4-6-21(17-20)19-29/h1-12,17,25,29H,13-16,18-19H2",SNLKSZHRCNHRFU-UHFFFAOYSA-N,5.116499999999999,406.181191164
"InChI=1S/C25H27ClN2O2/c26-23-9-7-21(8-10-23)25(20-4-2-1-3-5-20)28-14-12-27(13-15-28)17-19-6-11-24(30)22(16-19)18-29/h1-11,16,25,29-30H,12-15,17-18H2",MMWNSTCSJUUNBW-UHFFFAOYSA-N,C(C1=CC(=CC=C1O)CN2CCN(CC2)C(C3=CC=CC=C3)C4=CC=C(C=C4)Cl)O,,,C25H27ClN2O2,422.176105784,4.8491,0,0,0,BTM00083,BTM00083,Hydroxylation of benzene on carbon para to electron donating group,BTMR1047,"CYP1A2
CYP2C8
CYP2C9
CYP2D6
CYP3A4",HUMAN,BTM00003,C(C1=CC(=CC=C1)CN2CCN(CC2)C(C3=CC=CC=C3)C4=CC=C(C=C4)Cl)O,"InChI=1S/C25H27ClN2O/c26-24-11-9-23(10-12-24)25(22-7-2-1-3-8-22)28-15-13-27(14-16-28)18-20-5-4-6-21(17-20)19-29/h1-12,17,25,29H,13-16,18-19H2",SNLKSZHRCNHRFU-UHFFFAOYSA-N,5.116499999999999,406.181191164
"InChI=1S/C25H27ClN2O2/c26-23-11-9-22(10-12-23)25(21-7-2-1-3-8-21)28-14-13-27(24(30)17-28)16-19-5-4-6-20(15-19)18-29/h1-12,15,24-25,29-30H,13-14,16-18H2",FGSBUXSKAKGUHE-UHFFFAOYSA-N,C(C1=CC(=CC=C1)CN2C(CN(CC2)C(C3=CC=CC=C3)C4=CC=C(C=C4)Cl)O)O,,,C25H27ClN2O2,422.176105784,4.7768,0,0,0,BTM00085,BTM00085,Hydroxylation of heteroalicyclic secondary carbon,BTMR1070,"CYP1A2
CYP2A6
CYP2C9
CYP2D6
CYP3A4",HUMAN,BTM00003,C(C1=CC(=CC=C1)CN2CCN(CC2)C(C3=CC=CC=C3)C4=CC=C(C=C4)Cl)O,"InChI=1S/C25H27ClN2O/c26-24-11-9-23(10-12-24)25(22-7-2-1-3-8-22)28-15-13-27(14-16-28)18-20-5-4-6-21(17-20)19-29/h1-12,17,25,29H,13-16,18-19H2",SNLKSZHRCNHRFU-UHFFFAOYSA-N,5.116499999999999,406.181191164
"InChI=1S/C25H27ClN2O2/c26-23-11-9-22(10-12-23)25(21-7-2-1-3-8-21)28-14-13-27(17-24(28)30)16-19-5-4-6-20(15-19)18-29/h1-12,15,24-25,29-30H,13-14,16-18H2",LDQUSYMSBHVHCQ-UHFFFAOYSA-N,C(C1=CC(=CC=C1)CN2CC(N(CC2)C(C3=CC=CC=C3)C4=CC=C(C=C4)Cl)O)O,,,C25H27ClN2O2,422.176105784,4.7768,0,0,0,BTM00086,BTM00086,Hydroxylation of heteroalicyclic secondary carbon,BTMR1070,"CYP1A2
CYP2A6
CYP2C9
CYP2D6
CYP3A4",HUMAN,BTM00003,C(C1=CC(=CC=C1)CN2CCN(CC2)C(C3=CC=CC=C3)C4=CC=C(C=C4)Cl)O,"InChI=1S/C25H27ClN2O/c26-24-11-9-23(10-12-24)25(22-7-2-1-3-8-22)28-15-13-27(14-16-28)18-20-5-4-6-21(17-20)19-29/h1-12,17,25,29H,13-16,18-19H2",SNLKSZHRCNHRFU-UHFFFAOYSA-N,5.116499999999999,406.181191164
"InChI=1S/C25H27ClN2O2/c26-23-10-9-22(16-24(23)30)25(21-7-2-1-3-8-21)28-13-11-27(12-14-28)17-19-5-4-6-20(15-19)18-29/h1-10,15-16,25,29-30H,11-14,17-18H2",YVHLLTMRPSIMLP-UHFFFAOYSA-N,C(C1=CC(=CC=C1)CN2CCN(CC2)C(C3=CC=CC=C3)C4=CC(=C(C=C4)Cl)O)O,,,C25H27ClN2O2,422.176105784,4.8491,0,0,0,BTM00087,BTM00087,Hydroxylation of aromatic carbon ortho to halide group,BTMR1040,"CYP1A2
CYP2A6
CYP2B6
CYP2C8
CYP2C9
CYP2C19
CYP2D6
CYP2E1
CYP3A4",HUMAN,BTM00003,C(C1=CC(=CC=C1)CN2CCN(CC2)C(C3=CC=CC=C3)C4=CC=C(C=C4)Cl)O,"InChI=1S/C25H27ClN2O/c26-24-11-9-23(10-12-24)25(22-7-2-1-3-8-22)28-15-13-27(14-16-28)18-20-5-4-6-21(17-20)19-29/h1-12,17,25,29H,13-16,18-19H2",SNLKSZHRCNHRFU-UHFFFAOYSA-N,5.116499999999999,406.181191164
"InChI=1S/C25H27ClN2O2/c1-19-5-4-6-20(17-19)18-27-13-15-28(30,16-14-27)25(21-9-11-22(26)12-10-21)23-7-2-3-8-24(23)29/h2-12,17,25,29H,13-16,18H2,1H3",BIBWRZYQXGCXTJ-UHFFFAOYSA-N,CC1=CC(=CC=C1)CN2CC[N+](CC2)(C(C3=C(C=CC=C3)O)C4=CC=C(C=C4)Cl)[O-],,,C25H27ClN2O2,422.176105784,5.534700000000003,0,0,0,BTM00050,BTM00050,O-Hydroxylation of monosubstituted benzene,BTMR1034,"CYP1A2
CYP2C8
CYP2C9
CYP2C19
CYP3A4",HUMAN,BTM00004,CC1=CC(=CC=C1)CN2CC[N+](CC2)(C(C3=CC=CC=C3)C4=CC=C(C=C4)Cl)[O-],"InChI=1S/C25H27ClN2O/c1-20-6-5-7-21(18-20)19-27-14-16-28(29,17-15-27)25(22-8-3-2-4-9-22)23-10-12-24(26)13-11-23/h2-13,18,25H,14-17,19H2,1H3",FZVXEGZYDZEBHA-UHFFFAOYSA-N,5.802100000000001,406.181191164
"InChI=1S/C25H27ClN2O2/c1-19-6-5-9-22(18-19)25(29)27-14-16-28(30,17-15-27)24(20-7-3-2-4-8-20)21-10-12-23(26)13-11-21/h2-13,18,24-25,29H,14-17H2,1H3",HJRXXLOCBWSMGG-UHFFFAOYSA-N,CC1=CC(=CC=C1)C(N2CC[N+](CC2)(C(C3=CC=CC=C3)C4=CC=C(C=C4)Cl)[O-])O,,,C25H27ClN2O2,422.176105784,5.462399999999999,0,0,0,BTM00065,BTM00065,Hydroxylation of non-terminal aliphatic carbon adjacent to aromatic ring,BTMR1077,"CYP1A2
CYP2C8
CYP2C9
CYP2D6
CYP3A4",HUMAN,BTM00004,CC1=CC(=CC=C1)CN2CC[N+](CC2)(C(C3=CC=CC=C3)C4=CC=C(C=C4)Cl)[O-],"InChI=1S/C25H27ClN2O/c1-20-6-5-7-21(18-20)19-27-14-16-28(29,17-15-27)25(22-8-3-2-4-9-22)23-10-12-24(26)13-11-23/h2-13,18,25H,14-17,19H2,1H3",FZVXEGZYDZEBHA-UHFFFAOYSA-N,5.802100000000001,406.181191164
"InChI=1S/C25H27ClN2O2/c26-24-11-9-23(10-12-24)25(22-7-2-1-3-8-22)28(30)15-13-27(14-16-28)18-20-5-4-6-21(17-20)19-29/h1-12,17,25,29H,13-16,18-19H2",XUSBHHYYQPJTBS-UHFFFAOYSA-N,C(C1=CC(=CC=C1)CN2CC[N+](CC2)(C(C3=CC=CC=C3)C4=CC=C(C=C4)Cl)[O-])O,,,C25H27ClN2O2,422.176105784,4.711399999999999,0,0,0,BTM00076,BTM00076,Aliphatic hydroxylation of methyl carbon adjacent to aromatic ring,BTMR1058,"CYP1A2
CYP2A6
CYP2B6
CYP2C8
CYP2C9
CYP2C19
CYP2D6
CYP2E1
CYP3A4",HUMAN,BTM00004,CC1=CC(=CC=C1)CN2CC[N+](CC2)(C(C3=CC=CC=C3)C4=CC=C(C=C4)Cl)[O-],"InChI=1S/C25H27ClN2O/c1-20-6-5-7-21(18-20)19-27-14-16-28(29,17-15-27)25(22-8-3-2-4-9-22)23-10-12-24(26)13-11-23/h2-13,18,25H,14-17,19H2,1H3",FZVXEGZYDZEBHA-UHFFFAOYSA-N,5.802100000000001,406.181191164
"InChI=1S/C25H27ClN2O2/c1-20-6-5-7-21(18-20)19-27(29)14-16-28(30,17-15-27)25(22-8-3-2-4-9-22)23-10-12-24(26)13-11-23/h2-13,18,25H,14-17,19H2,1H3",AGPRHOVRGSVTKD-UHFFFAOYSA-N,CC1=CC(=CC=C1)C[N+]2(CC[N+](CC2)(C(C3=CC=CC=C3)C4=CC=C(C=C4)Cl)[O-])[O-],,,C25H27ClN2O2,422.176105784,5.397000000000002,0,0,0,BTM00088,BTM00088,N-Oxidation of alicyclic tertiary amine,BTMR1099,"CYP1A2
CYP2C8
CYP2C19
CYP2D6
CYP3A4",HUMAN,BTM00004,CC1=CC(=CC=C1)CN2CC[N+](CC2)(C(C3=CC=CC=C3)C4=CC=C(C=C4)Cl)[O-],"InChI=1S/C25H27ClN2O/c1-20-6-5-7-21(18-20)19-27-14-16-28(29,17-15-27)25(22-8-3-2-4-9-22)23-10-12-24(26)13-11-23/h2-13,18,25H,14-17,19H2,1H3",FZVXEGZYDZEBHA-UHFFFAOYSA-N,5.802100000000001,406.181191164
"InChI=1S/C8H8O/c1-7-3-2-4-8(5-7)6-9/h2-6H,1H3",OVWYEQOVUDKZNU-UHFFFAOYSA-N,CC1=CC(=CC=C1)C=O,,,C8H8O,120.057514876,2.0756,0,0,0,BTM00006,BTM00006,N-Dealkylation of alicyclic tertiary amine,BTMR1144,"CYP1A2
CYP2A6
CYP2B6
CYP2C8
CYP2C9
CYP2C19
CYP2D6
CYP3A4",HUMAN,BTM00004,CC1=CC(=CC=C1)CN2CC[N+](CC2)(C(C3=CC=CC=C3)C4=CC=C(C=C4)Cl)[O-],"InChI=1S/C25H27ClN2O/c1-20-6-5-7-21(18-20)19-27-14-16-28(29,17-15-27)25(22-8-3-2-4-9-22)23-10-12-24(26)13-11-23/h2-13,18,25H,14-17,19H2,1H3",FZVXEGZYDZEBHA-UHFFFAOYSA-N,5.802100000000001,406.181191164
"InChI=1S/C17H19ClN2O/c18-16-8-6-15(7-9-16)17(14-4-2-1-3-5-14)20(21)12-10-19-11-13-20/h1-9,17,19H,10-13H2",PDRMOZVMYUQYJF-UHFFFAOYSA-N,N1CC[N+](CC1)(C(C2=CC=CC=C2)C3=CC=C(C=C3)Cl)[O-],,,C17H19ClN2O,302.118590908,3.1965000000000003,0,0,0,BTM00089,BTM00089,N-Dealkylation of alicyclic tertiary amine,BTMR1144,"CYP1A2
CYP2A6
CYP2B6
CYP2C8
CYP2C9
CYP2C19
CYP2D6
CYP3A4",HUMAN,BTM00004,CC1=CC(=CC=C1)CN2CC[N+](CC2)(C(C3=CC=CC=C3)C4=CC=C(C=C4)Cl)[O-],"InChI=1S/C25H27ClN2O/c1-20-6-5-7-21(18-20)19-27-14-16-28(29,17-15-27)25(22-8-3-2-4-9-22)23-10-12-24(26)13-11-23/h2-13,18,25H,14-17,19H2,1H3",FZVXEGZYDZEBHA-UHFFFAOYSA-N,5.802100000000001,406.181191164
"InChI=1S/C25H27ClN2O2/c1-19-6-5-9-22(25(19)29)18-27-14-16-28(30,17-15-27)24(20-7-3-2-4-8-20)21-10-12-23(26)13-11-21/h2-13,24,29H,14-18H2,1H3",UYMWFJYWKDZDDF-UHFFFAOYSA-N,CC1=C(C(=CC=C1)CN2CC[N+](CC2)(C(C3=CC=CC=C3)C4=CC=C(C=C4)Cl)[O-])O,,,C25H27ClN2O2,422.176105784,5.534700000000003,0,0,0,BTM00090,BTM00090,Hydroxylation of benzene on carbon ortho to electron donating group,BTMR1045,"CYP1A2
CYP2C8
CYP2C9
CYP2C19
CYP2D6
CYP3A4",HUMAN,BTM00004,CC1=CC(=CC=C1)CN2CC[N+](CC2)(C(C3=CC=CC=C3)C4=CC=C(C=C4)Cl)[O-],"InChI=1S/C25H27ClN2O/c1-20-6-5-7-21(18-20)19-27-14-16-28(29,17-15-27)25(22-8-3-2-4-9-22)23-10-12-24(26)13-11-23/h2-13,18,25H,14-17,19H2,1H3",FZVXEGZYDZEBHA-UHFFFAOYSA-N,5.802100000000001,406.181191164
"InChI=1S/C25H27ClN2O2/c1-19-6-5-7-20(16-19)18-27-12-14-28(30,15-13-27)25(21-8-3-2-4-9-21)23-11-10-22(26)17-24(23)29/h2-11,16-17,25,29H,12-15,18H2,1H3",UVIHSXXGGXORJU-UHFFFAOYSA-N,CC1=CC(=CC=C1)CN2CC[N+](CC2)(C(C3=CC=CC=C3)C4=C(C=C(C=C4)Cl)O)[O-],,,C25H27ClN2O2,422.176105784,5.534700000000003,0,0,0,BTM00091,BTM00091,Hydroxylation of benzene on carbon ortho to electron donating group,BTMR1045,"CYP1A2
CYP2C8
CYP2C9
CYP2C19
CYP2D6
CYP3A4",HUMAN,BTM00004,CC1=CC(=CC=C1)CN2CC[N+](CC2)(C(C3=CC=CC=C3)C4=CC=C(C=C4)Cl)[O-],"InChI=1S/C25H27ClN2O/c1-20-6-5-7-21(18-20)19-27-14-16-28(29,17-15-27)25(22-8-3-2-4-9-22)23-10-12-24(26)13-11-23/h2-13,18,25H,14-17,19H2,1H3",FZVXEGZYDZEBHA-UHFFFAOYSA-N,5.802100000000001,406.181191164
"InChI=1S/C25H27ClN2O2/c1-19-5-4-6-20(17-19)18-27-13-15-28(30,16-14-27)25(21-9-11-22(26)12-10-21)23-7-2-3-8-24(23)29/h2-12,17,25,29H,13-16,18H2,1H3",BIBWRZYQXGCXTJ-UHFFFAOYSA-N,CC1=CC(=CC=C1)CN2CC[N+](CC2)(C(C3=C(C=CC=C3)O)C4=CC=C(C=C4)Cl)[O-],,,C25H27ClN2O2,422.176105784,5.534700000000003,0,0,0,BTM00050,BTM00050,Hydroxylation of benzene on carbon ortho to electron donating group,BTMR1045,"CYP1A2
CYP2C8
CYP2C9
CYP2C19
CYP2D6
CYP3A4",HUMAN,BTM00004,CC1=CC(=CC=C1)CN2CC[N+](CC2)(C(C3=CC=CC=C3)C4=CC=C(C=C4)Cl)[O-],"InChI=1S/C25H27ClN2O/c1-20-6-5-7-21(18-20)19-27-14-16-28(29,17-15-27)25(22-8-3-2-4-9-22)23-10-12-24(26)13-11-23/h2-13,18,25H,14-17,19H2,1H3",FZVXEGZYDZEBHA-UHFFFAOYSA-N,5.802100000000001,406.181191164
"InChI=1S/C25H27ClN2O2/c1-19-7-12-24(29)22(17-19)18-27-13-15-28(30,16-14-27)25(20-5-3-2-4-6-20)21-8-10-23(26)11-9-21/h2-12,17,25,29H,13-16,18H2,1H3",OPSQEAAPHQWVBD-UHFFFAOYSA-N,CC1=CC(=C(C=C1)O)CN2CC[N+](CC2)(C(C3=CC=CC=C3)C4=CC=C(C=C4)Cl)[O-],,,C25H27ClN2O2,422.176105784,5.534700000000003,0,0,0,BTM00092,BTM00092,Hydroxylation of benzene on carbon ortho to electron donating group,BTMR1045,"CYP1A2
CYP2C8
CYP2C9
CYP2C19
CYP2D6
CYP3A4",HUMAN,BTM00004,CC1=CC(=CC=C1)CN2CC[N+](CC2)(C(C3=CC=CC=C3)C4=CC=C(C=C4)Cl)[O-],"InChI=1S/C25H27ClN2O/c1-20-6-5-7-21(18-20)19-27-14-16-28(29,17-15-27)25(22-8-3-2-4-9-22)23-10-12-24(26)13-11-23/h2-13,18,25H,14-17,19H2,1H3",FZVXEGZYDZEBHA-UHFFFAOYSA-N,5.802100000000001,406.181191164
"InChI=1S/C25H27ClN2O2/c1-19-17-20(7-12-24(19)29)18-27-13-15-28(30,16-14-27)25(21-5-3-2-4-6-21)22-8-10-23(26)11-9-22/h2-12,17,25,29H,13-16,18H2,1H3",HYHYOSQPGIBEHM-UHFFFAOYSA-N,CC1=CC(=CC=C1O)CN2CC[N+](CC2)(C(C3=CC=CC=C3)C4=CC=C(C=C4)Cl)[O-],,,C25H27ClN2O2,422.176105784,5.534700000000003,0,0,0,BTM00093,BTM00093,Hydroxylation of benzene on carbon ortho to electron donating group,BTMR1045,"CYP1A2
CYP2C8
CYP2C9
CYP2C19
CYP2D6
CYP3A4",HUMAN,BTM00004,CC1=CC(=CC=C1)CN2CC[N+](CC2)(C(C3=CC=CC=C3)C4=CC=C(C=C4)Cl)[O-],"InChI=1S/C25H27ClN2O/c1-20-6-5-7-21(18-20)19-27-14-16-28(29,17-15-27)25(22-8-3-2-4-9-22)23-10-12-24(26)13-11-23/h2-13,18,25H,14-17,19H2,1H3",FZVXEGZYDZEBHA-UHFFFAOYSA-N,5.802100000000001,406.181191164
"InChI=1S/C25H27ClN2O2/c1-19-3-2-4-20(17-19)18-27-13-15-28(30,16-14-27)25(21-5-9-23(26)10-6-21)22-7-11-24(29)12-8-22/h2-12,17,25,29H,13-16,18H2,1H3",YXLJBYFNZWJPFG-UHFFFAOYSA-N,CC1=CC(=CC=C1)CN2CC[N+](CC2)(C(C3=CC=C(C=C3)O)C4=CC=C(C=C4)Cl)[O-],,,C25H27ClN2O2,422.176105784,5.534700000000003,0,0,0,BTM00094,BTM00094,Hydroxylation of benzene on carbon para to electron donating group,BTMR1047,"CYP1A2
CYP2C8
CYP2C9
CYP2D6
CYP3A4",HUMAN,BTM00004,CC1=CC(=CC=C1)CN2CC[N+](CC2)(C(C3=CC=CC=C3)C4=CC=C(C=C4)Cl)[O-],"InChI=1S/C25H27ClN2O/c1-20-6-5-7-21(18-20)19-27-14-16-28(29,17-15-27)25(22-8-3-2-4-9-22)23-10-12-24(26)13-11-23/h2-13,18,25H,14-17,19H2,1H3",FZVXEGZYDZEBHA-UHFFFAOYSA-N,5.802100000000001,406.181191164
"InChI=1S/C25H27ClN2O2/c1-19-7-12-24(29)22(17-19)18-27-13-15-28(30,16-14-27)25(20-5-3-2-4-6-20)21-8-10-23(26)11-9-21/h2-12,17,25,29H,13-16,18H2,1H3",OPSQEAAPHQWVBD-UHFFFAOYSA-N,CC1=CC(=C(C=C1)O)CN2CC[N+](CC2)(C(C3=CC=CC=C3)C4=CC=C(C=C4)Cl)[O-],,,C25H27ClN2O2,422.176105784,5.534700000000003,0,0,0,BTM00092,BTM00092,Hydroxylation of benzene on carbon para to electron donating group,BTMR1047,"CYP1A2
CYP2C8
CYP2C9
CYP2D6
CYP3A4",HUMAN,BTM00004,CC1=CC(=CC=C1)CN2CC[N+](CC2)(C(C3=CC=CC=C3)C4=CC=C(C=C4)Cl)[O-],"InChI=1S/C25H27ClN2O/c1-20-6-5-7-21(18-20)19-27-14-16-28(29,17-15-27)25(22-8-3-2-4-9-22)23-10-12-24(26)13-11-23/h2-13,18,25H,14-17,19H2,1H3",FZVXEGZYDZEBHA-UHFFFAOYSA-N,5.802100000000001,406.181191164
"InChI=1S/C25H27ClN2O2/c1-19-17-20(7-12-24(19)29)18-27-13-15-28(30,16-14-27)25(21-5-3-2-4-6-21)22-8-10-23(26)11-9-22/h2-12,17,25,29H,13-16,18H2,1H3",HYHYOSQPGIBEHM-UHFFFAOYSA-N,CC1=CC(=CC=C1O)CN2CC[N+](CC2)(C(C3=CC=CC=C3)C4=CC=C(C=C4)Cl)[O-],,,C25H27ClN2O2,422.176105784,5.534700000000003,0,0,0,BTM00093,BTM00093,Hydroxylation of benzene on carbon para to electron donating group,BTMR1047,"CYP1A2
CYP2C8
CYP2C9
CYP2D6
CYP3A4",HUMAN,BTM00004,CC1=CC(=CC=C1)CN2CC[N+](CC2)(C(C3=CC=CC=C3)C4=CC=C(C=C4)Cl)[O-],"InChI=1S/C25H27ClN2O/c1-20-6-5-7-21(18-20)19-27-14-16-28(29,17-15-27)25(22-8-3-2-4-9-22)23-10-12-24(26)13-11-23/h2-13,18,25H,14-17,19H2,1H3",FZVXEGZYDZEBHA-UHFFFAOYSA-N,5.802100000000001,406.181191164
"InChI=1S/C25H27ClN2O2/c1-19-6-5-7-20(16-19)17-27-14-15-28(30,18-24(27)29)25(21-8-3-2-4-9-21)22-10-12-23(26)13-11-22/h2-13,16,24-25,29H,14-15,17-18H2,1H3",RMJFTPXDEASKIN-UHFFFAOYSA-N,CC1=CC(=CC=C1)CN2C(C[N+](CC2)(C(C3=CC=CC=C3)C4=CC=C(C=C4)Cl)[O-])O,,,C25H27ClN2O2,422.176105784,5.462399999999999,0,0,0,BTM00095,BTM00095,Hydroxylation of heteroalicyclic secondary carbon,BTMR1070,"CYP1A2
CYP2A6
CYP2C9
CYP2D6
CYP3A4",HUMAN,BTM00004,CC1=CC(=CC=C1)CN2CC[N+](CC2)(C(C3=CC=CC=C3)C4=CC=C(C=C4)Cl)[O-],"InChI=1S/C25H27ClN2O/c1-20-6-5-7-21(18-20)19-27-14-16-28(29,17-15-27)25(22-8-3-2-4-9-22)23-10-12-24(26)13-11-23/h2-13,18,25H,14-17,19H2,1H3",FZVXEGZYDZEBHA-UHFFFAOYSA-N,5.802100000000001,406.181191164
"InChI=1S/C25H27ClN2O2/c1-19-6-5-7-20(16-19)17-27-14-15-28(30,24(29)18-27)25(21-8-3-2-4-9-21)22-10-12-23(26)13-11-22/h2-13,16,24-25,29H,14-15,17-18H2,1H3",CICHNVAZRHOUKJ-UHFFFAOYSA-N,CC1=CC(=CC=C1)CN2CC([N+](CC2)(C(C3=CC=CC=C3)C4=CC=C(C=C4)Cl)[O-])O,,,C25H27ClN2O2,422.176105784,5.462399999999999,0,0,0,BTM00096,BTM00096,Hydroxylation of heteroalicyclic secondary carbon,BTMR1070,"CYP1A2
CYP2A6
CYP2C9
CYP2D6
CYP3A4",HUMAN,BTM00004,CC1=CC(=CC=C1)CN2CC[N+](CC2)(C(C3=CC=CC=C3)C4=CC=C(C=C4)Cl)[O-],"InChI=1S/C25H27ClN2O/c1-20-6-5-7-21(18-20)19-27-14-16-28(29,17-15-27)25(22-8-3-2-4-9-22)23-10-12-24(26)13-11-23/h2-13,18,25H,14-17,19H2,1H3",FZVXEGZYDZEBHA-UHFFFAOYSA-N,5.802100000000001,406.181191164
"InChI=1S/C25H27ClN2O2/c1-19-6-5-7-20(16-19)18-27-12-14-28(30,15-13-27)25(21-8-3-2-4-9-21)22-10-11-23(26)24(29)17-22/h2-11,16-17,25,29H,12-15,18H2,1H3",UDDNVWPDJDYYFC-UHFFFAOYSA-N,CC1=CC(=CC=C1)CN2CC[N+](CC2)(C(C3=CC=CC=C3)C4=CC(=C(C=C4)Cl)O)[O-],,,C25H27ClN2O2,422.176105784,5.534700000000003,0,0,0,BTM00097,BTM00097,Hydroxylation of aromatic carbon ortho to halide group,BTMR1040,"CYP1A2
CYP2A6
CYP2B6
CYP2C8
CYP2C9
CYP2C19
CYP2D6
CYP2E1
CYP3A4",HUMAN,BTM00004,CC1=CC(=CC=C1)CN2CC[N+](CC2)(C(C3=CC=CC=C3)C4=CC=C(C=C4)Cl)[O-],"InChI=1S/C25H27ClN2O/c1-20-6-5-7-21(18-20)19-27-14-16-28(29,17-15-27)25(22-8-3-2-4-9-22)23-10-12-24(26)13-11-23/h2-13,18,25H,14-17,19H2,1H3",FZVXEGZYDZEBHA-UHFFFAOYSA-N,5.802100000000001,406.181191164
"InChI=1S/C25H27ClN2O2/c1-19-5-4-6-20(17-19)18-28(30)15-13-27(14-16-28)25(21-9-11-22(26)12-10-21)23-7-2-3-8-24(23)29/h2-12,17,25,29H,13-16,18H2,1H3",GEXWFMDUEGXUFD-UHFFFAOYSA-N,CC1=CC(=CC=C1)C[N+]2(CCN(CC2)C(C3=C(C=CC=C3)O)C4=CC=C(C=C4)Cl)[O-],,,C25H27ClN2O2,422.176105784,5.534700000000003,0,0,0,BTM00051,BTM00051,O-Hydroxylation of monosubstituted benzene,BTMR1034,"CYP1A2
CYP2C8
CYP2C9
CYP2C19
CYP3A4",HUMAN,BTM00005,CC1=CC(=CC=C1)C[N+]2(CCN(CC2)C(C3=CC=CC=C3)C4=CC=C(C=C4)Cl)[O-],"InChI=1S/C25H27ClN2O/c1-20-6-5-7-21(18-20)19-28(29)16-14-27(15-17-28)25(22-8-3-2-4-9-22)23-10-12-24(26)13-11-23/h2-13,18,25H,14-17,19H2,1H3",NDTIJUDMDNMOFC-UHFFFAOYSA-N,5.802100000000001,406.181191164
"InChI=1S/C25H27ClN2O2/c1-19-6-5-9-22(18-19)25(29)28(30)16-14-27(15-17-28)24(20-7-3-2-4-8-20)21-10-12-23(26)13-11-21/h2-13,18,24-25,29H,14-17H2,1H3",FTIXIFLDUPWYCE-UHFFFAOYSA-N,CC1=CC(=CC=C1)C([N+]2(CCN(CC2)C(C3=CC=CC=C3)C4=CC=C(C=C4)Cl)[O-])O,,,C25H27ClN2O2,422.176105784,5.462399999999999,0,0,0,BTM00071,BTM00071,Hydroxylation of non-terminal aliphatic carbon adjacent to aromatic ring,BTMR1077,"CYP1A2
CYP2C8
CYP2C9
CYP2D6
CYP3A4",HUMAN,BTM00005,CC1=CC(=CC=C1)C[N+]2(CCN(CC2)C(C3=CC=CC=C3)C4=CC=C(C=C4)Cl)[O-],"InChI=1S/C25H27ClN2O/c1-20-6-5-7-21(18-20)19-28(29)16-14-27(15-17-28)25(22-8-3-2-4-9-22)23-10-12-24(26)13-11-23/h2-13,18,25H,14-17,19H2,1H3",NDTIJUDMDNMOFC-UHFFFAOYSA-N,5.802100000000001,406.181191164
"InChI=1S/C25H27ClN2O2/c26-24-11-9-23(10-12-24)25(22-7-2-1-3-8-22)27-13-15-28(30,16-14-27)18-20-5-4-6-21(17-20)19-29/h1-12,17,25,29H,13-16,18-19H2",HUHMJQLWTMCYSU-UHFFFAOYSA-N,C(C1=CC(=CC=C1)C[N+]2(CCN(CC2)C(C3=CC=CC=C3)C4=CC=C(C=C4)Cl)[O-])O,,,C25H27ClN2O2,422.17610578399996,4.711399999999999,0,0,0,BTM00077,BTM00077,Aliphatic hydroxylation of methyl carbon adjacent to aromatic ring,BTMR1058,"CYP1A2
CYP2A6
CYP2B6
CYP2C8
CYP2C9
CYP2C19
CYP2D6
CYP2E1
CYP3A4",HUMAN,BTM00005,CC1=CC(=CC=C1)C[N+]2(CCN(CC2)C(C3=CC=CC=C3)C4=CC=C(C=C4)Cl)[O-],"InChI=1S/C25H27ClN2O/c1-20-6-5-7-21(18-20)19-28(29)16-14-27(15-17-28)25(22-8-3-2-4-9-22)23-10-12-24(26)13-11-23/h2-13,18,25H,14-17,19H2,1H3",NDTIJUDMDNMOFC-UHFFFAOYSA-N,5.802100000000001,406.181191164
"InChI=1S/C25H27ClN2O2/c1-20-6-5-7-21(18-20)19-27(29)14-16-28(30,17-15-27)25(22-8-3-2-4-9-22)23-10-12-24(26)13-11-23/h2-13,18,25H,14-17,19H2,1H3",AGPRHOVRGSVTKD-UHFFFAOYSA-N,CC1=CC(=CC=C1)C[N+]2(CC[N+](CC2)(C(C3=CC=CC=C3)C4=CC=C(C=C4)Cl)[O-])[O-],,,C25H27ClN2O2,422.176105784,5.397000000000002,0,0,0,BTM00088,BTM00088,N-Oxidation of alicyclic tertiary amine,BTMR1099,"CYP1A2
CYP2C8
CYP2C19
CYP2D6
CYP3A4",HUMAN,BTM00005,CC1=CC(=CC=C1)C[N+]2(CCN(CC2)C(C3=CC=CC=C3)C4=CC=C(C=C4)Cl)[O-],"InChI=1S/C25H27ClN2O/c1-20-6-5-7-21(18-20)19-28(29)16-14-27(15-17-28)25(22-8-3-2-4-9-22)23-10-12-24(26)13-11-23/h2-13,18,25H,14-17,19H2,1H3",NDTIJUDMDNMOFC-UHFFFAOYSA-N,5.802100000000001,406.181191164
"InChI=1S/C12H18N2O/c1-11-3-2-4-12(9-11)10-14(15)7-5-13-6-8-14/h2-4,9,13H,5-8,10H2,1H3",CPBYNHJGZIGUIW-UHFFFAOYSA-N,CC1=CC(=CC=C1)C[N+]2(CCNCC2)[O-],,,C12H18N2O,206.141913196,1.4061000000000015,0,0,0,BTM00098,BTM00098,N-Dealkylation of alicyclic tertiary amine,BTMR1144,"CYP1A2
CYP2A6
CYP2B6
CYP2C8
CYP2C9
CYP2C19
CYP2D6
CYP3A4",HUMAN,BTM00005,CC1=CC(=CC=C1)C[N+]2(CCN(CC2)C(C3=CC=CC=C3)C4=CC=C(C=C4)Cl)[O-],"InChI=1S/C25H27ClN2O/c1-20-6-5-7-21(18-20)19-28(29)16-14-27(15-17-28)25(22-8-3-2-4-9-22)23-10-12-24(26)13-11-23/h2-13,18,25H,14-17,19H2,1H3",NDTIJUDMDNMOFC-UHFFFAOYSA-N,5.802100000000001,406.181191164
InChI=1S/C13H9ClO/c14-12-8-6-11(7-9-12)13(15)10-4-2-1-3-5-10/h1-9H,UGVRJVHOJNYEHR-UHFFFAOYSA-N,C(C1=CC=CC=C1)(C2=CC=C(C=C2)Cl)=O,,,C13H9ClO,216.034192588,3.8986,0,0,0,BTM00009,BTM00009,N-Dealkylation of alicyclic tertiary amine,BTMR1144,"CYP1A2
CYP2A6
CYP2B6
CYP2C8
CYP2C9
CYP2C19
CYP2D6
CYP3A4",HUMAN,BTM00005,CC1=CC(=CC=C1)C[N+]2(CCN(CC2)C(C3=CC=CC=C3)C4=CC=C(C=C4)Cl)[O-],"InChI=1S/C25H27ClN2O/c1-20-6-5-7-21(18-20)19-28(29)16-14-27(15-17-28)25(22-8-3-2-4-9-22)23-10-12-24(26)13-11-23/h2-13,18,25H,14-17,19H2,1H3",NDTIJUDMDNMOFC-UHFFFAOYSA-N,5.802100000000001,406.181191164
"InChI=1S/C25H27ClN2O2/c1-19-6-5-9-22(25(19)29)18-28(30)16-14-27(15-17-28)24(20-7-3-2-4-8-20)21-10-12-23(26)13-11-21/h2-13,24,29H,14-18H2,1H3",SPGUFASOCDXQLT-UHFFFAOYSA-N,CC1=C(C(=CC=C1)C[N+]2(CCN(CC2)C(C3=CC=CC=C3)C4=CC=C(C=C4)Cl)[O-])O,,,C25H27ClN2O2,422.176105784,5.534700000000003,0,0,0,BTM00099,BTM00099,Hydroxylation of benzene on carbon ortho to electron donating group,BTMR1045,"CYP1A2
CYP2C8
CYP2C9
CYP2C19
CYP2D6
CYP3A4",HUMAN,BTM00005,CC1=CC(=CC=C1)C[N+]2(CCN(CC2)C(C3=CC=CC=C3)C4=CC=C(C=C4)Cl)[O-],"InChI=1S/C25H27ClN2O/c1-20-6-5-7-21(18-20)19-28(29)16-14-27(15-17-28)25(22-8-3-2-4-9-22)23-10-12-24(26)13-11-23/h2-13,18,25H,14-17,19H2,1H3",NDTIJUDMDNMOFC-UHFFFAOYSA-N,5.802100000000001,406.181191164
"InChI=1S/C25H27ClN2O2/c1-19-6-5-7-20(16-19)18-28(30)14-12-27(13-15-28)25(21-8-3-2-4-9-21)23-11-10-22(26)17-24(23)29/h2-11,16-17,25,29H,12-15,18H2,1H3",RGXAIUJOCVLUHY-UHFFFAOYSA-N,CC1=CC(=CC=C1)C[N+]2(CCN(CC2)C(C3=CC=CC=C3)C4=C(C=C(C=C4)Cl)O)[O-],,,C25H27ClN2O2,422.176105784,5.534700000000003,0,0,0,BTM00100,BTM00100,Hydroxylation of benzene on carbon ortho to electron donating group,BTMR1045,"CYP1A2
CYP2C8
CYP2C9
CYP2C19
CYP2D6
CYP3A4",HUMAN,BTM00005,CC1=CC(=CC=C1)C[N+]2(CCN(CC2)C(C3=CC=CC=C3)C4=CC=C(C=C4)Cl)[O-],"InChI=1S/C25H27ClN2O/c1-20-6-5-7-21(18-20)19-28(29)16-14-27(15-17-28)25(22-8-3-2-4-9-22)23-10-12-24(26)13-11-23/h2-13,18,25H,14-17,19H2,1H3",NDTIJUDMDNMOFC-UHFFFAOYSA-N,5.802100000000001,406.181191164
"InChI=1S/C25H27ClN2O2/c1-19-5-4-6-20(17-19)18-28(30)15-13-27(14-16-28)25(21-9-11-22(26)12-10-21)23-7-2-3-8-24(23)29/h2-12,17,25,29H,13-16,18H2,1H3",GEXWFMDUEGXUFD-UHFFFAOYSA-N,CC1=CC(=CC=C1)C[N+]2(CCN(CC2)C(C3=C(C=CC=C3)O)C4=CC=C(C=C4)Cl)[O-],,,C25H27ClN2O2,422.176105784,5.534700000000003,0,0,0,BTM00051,BTM00051,Hydroxylation of benzene on carbon ortho to electron donating group,BTMR1045,"CYP1A2
CYP2C8
CYP2C9
CYP2C19
CYP2D6
CYP3A4",HUMAN,BTM00005,CC1=CC(=CC=C1)C[N+]2(CCN(CC2)C(C3=CC=CC=C3)C4=CC=C(C=C4)Cl)[O-],"InChI=1S/C25H27ClN2O/c1-20-6-5-7-21(18-20)19-28(29)16-14-27(15-17-28)25(22-8-3-2-4-9-22)23-10-12-24(26)13-11-23/h2-13,18,25H,14-17,19H2,1H3",NDTIJUDMDNMOFC-UHFFFAOYSA-N,5.802100000000001,406.181191164
"InChI=1S/C25H27ClN2O2/c1-19-7-12-24(29)22(17-19)18-28(30)15-13-27(14-16-28)25(20-5-3-2-4-6-20)21-8-10-23(26)11-9-21/h2-12,17,25,29H,13-16,18H2,1H3",GVITWHIADRONNI-UHFFFAOYSA-N,CC1=CC(=C(C=C1)O)C[N+]2(CCN(CC2)C(C3=CC=CC=C3)C4=CC=C(C=C4)Cl)[O-],,,C25H27ClN2O2,422.176105784,5.534700000000003,0,0,0,BTM00101,BTM00101,Hydroxylation of benzene on carbon ortho to electron donating group,BTMR1045,"CYP1A2
CYP2C8
CYP2C9
CYP2C19
CYP2D6
CYP3A4",HUMAN,BTM00005,CC1=CC(=CC=C1)C[N+]2(CCN(CC2)C(C3=CC=CC=C3)C4=CC=C(C=C4)Cl)[O-],"InChI=1S/C25H27ClN2O/c1-20-6-5-7-21(18-20)19-28(29)16-14-27(15-17-28)25(22-8-3-2-4-9-22)23-10-12-24(26)13-11-23/h2-13,18,25H,14-17,19H2,1H3",NDTIJUDMDNMOFC-UHFFFAOYSA-N,5.802100000000001,406.181191164
"InChI=1S/C25H27ClN2O2/c1-19-17-20(7-12-24(19)29)18-28(30)15-13-27(14-16-28)25(21-5-3-2-4-6-21)22-8-10-23(26)11-9-22/h2-12,17,25,29H,13-16,18H2,1H3",LFERWPLPEGFKIY-UHFFFAOYSA-N,CC1=CC(=CC=C1O)C[N+]2(CCN(CC2)C(C3=CC=CC=C3)C4=CC=C(C=C4)Cl)[O-],,,C25H27ClN2O2,422.176105784,5.534700000000003,0,0,0,BTM00102,BTM00102,Hydroxylation of benzene on carbon ortho to electron donating group,BTMR1045,"CYP1A2
CYP2C8
CYP2C9
CYP2C19
CYP2D6
CYP3A4",HUMAN,BTM00005,CC1=CC(=CC=C1)C[N+]2(CCN(CC2)C(C3=CC=CC=C3)C4=CC=C(C=C4)Cl)[O-],"InChI=1S/C25H27ClN2O/c1-20-6-5-7-21(18-20)19-28(29)16-14-27(15-17-28)25(22-8-3-2-4-9-22)23-10-12-24(26)13-11-23/h2-13,18,25H,14-17,19H2,1H3",NDTIJUDMDNMOFC-UHFFFAOYSA-N,5.802100000000001,406.181191164
"InChI=1S/C25H27ClN2O2/c1-19-3-2-4-20(17-19)18-28(30)15-13-27(14-16-28)25(21-5-9-23(26)10-6-21)22-7-11-24(29)12-8-22/h2-12,17,25,29H,13-16,18H2,1H3",CNEPIZFSNFIICW-UHFFFAOYSA-N,CC1=CC(=CC=C1)C[N+]2(CCN(CC2)C(C3=CC=C(C=C3)O)C4=CC=C(C=C4)Cl)[O-],,,C25H27ClN2O2,422.176105784,5.534700000000003,0,0,0,BTM00103,BTM00103,Hydroxylation of benzene on carbon para to electron donating group,BTMR1047,"CYP1A2
CYP2C8
CYP2C9
CYP2D6
CYP3A4",HUMAN,BTM00005,CC1=CC(=CC=C1)C[N+]2(CCN(CC2)C(C3=CC=CC=C3)C4=CC=C(C=C4)Cl)[O-],"InChI=1S/C25H27ClN2O/c1-20-6-5-7-21(18-20)19-28(29)16-14-27(15-17-28)25(22-8-3-2-4-9-22)23-10-12-24(26)13-11-23/h2-13,18,25H,14-17,19H2,1H3",NDTIJUDMDNMOFC-UHFFFAOYSA-N,5.802100000000001,406.181191164
"InChI=1S/C25H27ClN2O2/c1-19-7-12-24(29)22(17-19)18-28(30)15-13-27(14-16-28)25(20-5-3-2-4-6-20)21-8-10-23(26)11-9-21/h2-12,17,25,29H,13-16,18H2,1H3",GVITWHIADRONNI-UHFFFAOYSA-N,CC1=CC(=C(C=C1)O)C[N+]2(CCN(CC2)C(C3=CC=CC=C3)C4=CC=C(C=C4)Cl)[O-],,,C25H27ClN2O2,422.176105784,5.534700000000003,0,0,0,BTM00101,BTM00101,Hydroxylation of benzene on carbon para to electron donating group,BTMR1047,"CYP1A2
CYP2C8
CYP2C9
CYP2D6
CYP3A4",HUMAN,BTM00005,CC1=CC(=CC=C1)C[N+]2(CCN(CC2)C(C3=CC=CC=C3)C4=CC=C(C=C4)Cl)[O-],"InChI=1S/C25H27ClN2O/c1-20-6-5-7-21(18-20)19-28(29)16-14-27(15-17-28)25(22-8-3-2-4-9-22)23-10-12-24(26)13-11-23/h2-13,18,25H,14-17,19H2,1H3",NDTIJUDMDNMOFC-UHFFFAOYSA-N,5.802100000000001,406.181191164
"InChI=1S/C25H27ClN2O2/c1-19-17-20(7-12-24(19)29)18-28(30)15-13-27(14-16-28)25(21-5-3-2-4-6-21)22-8-10-23(26)11-9-22/h2-12,17,25,29H,13-16,18H2,1H3",LFERWPLPEGFKIY-UHFFFAOYSA-N,CC1=CC(=CC=C1O)C[N+]2(CCN(CC2)C(C3=CC=CC=C3)C4=CC=C(C=C4)Cl)[O-],,,C25H27ClN2O2,422.176105784,5.534700000000003,0,0,0,BTM00102,BTM00102,Hydroxylation of benzene on carbon para to electron donating group,BTMR1047,"CYP1A2
CYP2C8
CYP2C9
CYP2D6
CYP3A4",HUMAN,BTM00005,CC1=CC(=CC=C1)C[N+]2(CCN(CC2)C(C3=CC=CC=C3)C4=CC=C(C=C4)Cl)[O-],"InChI=1S/C25H27ClN2O/c1-20-6-5-7-21(18-20)19-28(29)16-14-27(15-17-28)25(22-8-3-2-4-9-22)23-10-12-24(26)13-11-23/h2-13,18,25H,14-17,19H2,1H3",NDTIJUDMDNMOFC-UHFFFAOYSA-N,5.802100000000001,406.181191164
"InChI=1S/C25H27ClN2O2/c1-19-6-5-7-20(16-19)18-28(30)15-14-27(17-24(28)29)25(21-8-3-2-4-9-21)22-10-12-23(26)13-11-22/h2-13,16,24-25,29H,14-15,17-18H2,1H3",BDYUPXQCNGUSKR-UHFFFAOYSA-N,CC1=CC(=CC=C1)C[N+]2(C(CN(CC2)C(C3=CC=CC=C3)C4=CC=C(C=C4)Cl)O)[O-],,,C25H27ClN2O2,422.176105784,5.462399999999999,0,0,0,BTM00104,BTM00104,Hydroxylation of heteroalicyclic secondary carbon,BTMR1070,"CYP1A2
CYP2A6
CYP2C9
CYP2D6
CYP3A4",HUMAN,BTM00005,CC1=CC(=CC=C1)C[N+]2(CCN(CC2)C(C3=CC=CC=C3)C4=CC=C(C=C4)Cl)[O-],"InChI=1S/C25H27ClN2O/c1-20-6-5-7-21(18-20)19-28(29)16-14-27(15-17-28)25(22-8-3-2-4-9-22)23-10-12-24(26)13-11-23/h2-13,18,25H,14-17,19H2,1H3",NDTIJUDMDNMOFC-UHFFFAOYSA-N,5.802100000000001,406.181191164
"InChI=1S/C25H27ClN2O2/c1-19-6-5-7-20(16-19)17-28(30)15-14-27(24(29)18-28)25(21-8-3-2-4-9-21)22-10-12-23(26)13-11-22/h2-13,16,24-25,29H,14-15,17-18H2,1H3",YODHYJZOFCUENV-UHFFFAOYSA-N,CC1=CC(=CC=C1)C[N+]2(CC(N(CC2)C(C3=CC=CC=C3)C4=CC=C(C=C4)Cl)O)[O-],,,C25H27ClN2O2,422.176105784,5.462399999999999,0,0,0,BTM00105,BTM00105,Hydroxylation of heteroalicyclic secondary carbon,BTMR1070,"CYP1A2
CYP2A6
CYP2C9
CYP2D6
CYP3A4",HUMAN,BTM00005,CC1=CC(=CC=C1)C[N+]2(CCN(CC2)C(C3=CC=CC=C3)C4=CC=C(C=C4)Cl)[O-],"InChI=1S/C25H27ClN2O/c1-20-6-5-7-21(18-20)19-28(29)16-14-27(15-17-28)25(22-8-3-2-4-9-22)23-10-12-24(26)13-11-23/h2-13,18,25H,14-17,19H2,1H3",NDTIJUDMDNMOFC-UHFFFAOYSA-N,5.802100000000001,406.181191164
"InChI=1S/C25H27ClN2O2/c1-19-6-5-7-20(16-19)18-28(30)14-12-27(13-15-28)25(21-8-3-2-4-9-21)22-10-11-23(26)24(29)17-22/h2-11,16-17,25,29H,12-15,18H2,1H3",VECFINBQENIJJE-UHFFFAOYSA-N,CC1=CC(=CC=C1)C[N+]2(CCN(CC2)C(C3=CC=CC=C3)C4=CC(=C(C=C4)Cl)O)[O-],,,C25H27ClN2O2,422.176105784,5.534700000000003,0,0,0,BTM00106,BTM00106,Hydroxylation of aromatic carbon ortho to halide group,BTMR1040,"CYP1A2
CYP2A6
CYP2B6
CYP2C8
CYP2C9
CYP2C19
CYP2D6
CYP2E1
CYP3A4",HUMAN,BTM00005,CC1=CC(=CC=C1)C[N+]2(CCN(CC2)C(C3=CC=CC=C3)C4=CC=C(C=C4)Cl)[O-],"InChI=1S/C25H27ClN2O/c1-20-6-5-7-21(18-20)19-28(29)16-14-27(15-17-28)25(22-8-3-2-4-9-22)23-10-12-24(26)13-11-23/h2-13,18,25H,14-17,19H2,1H3",NDTIJUDMDNMOFC-UHFFFAOYSA-N,5.802100000000001,406.181191164
"InChI=1S/C8H8O2/c9-5-7-2-1-3-8(4-7)6-10/h1-5,10H,6H2",CDNQOMJEQKBLBN-UHFFFAOYSA-N,C(C1=CC(=CC=C1)C=O)O,,,C8H8O2,136.052429496,0.9849,0,0,0,BTM00078,BTM00078,Aliphatic hydroxylation of methyl carbon adjacent to aromatic ring,BTMR1058,"CYP1A2
CYP2A6
CYP2B6
CYP2C8
CYP2C9
CYP2C19
CYP2D6
CYP2E1
CYP3A4",HUMAN,BTM00006,CC1=CC(=CC=C1)C=O,"InChI=1S/C8H8O/c1-7-3-2-4-8(5-7)6-9/h2-6H,1H3",OVWYEQOVUDKZNU-UHFFFAOYSA-N,2.0756,120.057514876
"InChI=1S/C8H8O2/c1-6-3-2-4-7(5-9)8(6)10/h2-5,10H,1H3",IPPQNXSAJZOTJZ-UHFFFAOYSA-N,CC1=C(C(=CC=C1)C=O)O,,,C8H8O2,136.052429496,1.8082000000000003,0,0,0,BTM00107,BTM00107,Hydroxylation of benzene on carbon ortho to electron donating group,BTMR1045,"CYP1A2
CYP2C8
CYP2C9
CYP2C19
CYP2D6
CYP3A4",HUMAN,BTM00006,CC1=CC(=CC=C1)C=O,"InChI=1S/C8H8O/c1-7-3-2-4-8(5-7)6-9/h2-6H,1H3",OVWYEQOVUDKZNU-UHFFFAOYSA-N,2.0756,120.057514876
"InChI=1S/C8H8O2/c1-6-2-3-8(10)7(4-6)5-9/h2-5,10H,1H3",ILEIUTCVWLYZOM-UHFFFAOYSA-N,CC1=CC(=C(C=C1)O)C=O,,,C8H8O2,136.052429496,1.8082000000000003,0,0,0,BTM00108,BTM00108,Hydroxylation of benzene on carbon ortho to electron donating group,BTMR1045,"CYP1A2
CYP2C8
CYP2C9
CYP2C19
CYP2D6
CYP3A4",HUMAN,BTM00006,CC1=CC(=CC=C1)C=O,"InChI=1S/C8H8O/c1-7-3-2-4-8(5-7)6-9/h2-6H,1H3",OVWYEQOVUDKZNU-UHFFFAOYSA-N,2.0756,120.057514876
"InChI=1S/C8H8O2/c1-6-4-7(5-9)2-3-8(6)10/h2-5,10H,1H3",BAKYASSDAXQKKY-UHFFFAOYSA-N,CC1=CC(=CC=C1O)C=O,,,C8H8O2,136.052429496,1.8082000000000003,0,0,0,BTM00109,BTM00109,Hydroxylation of benzene on carbon ortho to electron donating group,BTMR1045,"CYP1A2
CYP2C8
CYP2C9
CYP2C19
CYP2D6
CYP3A4",HUMAN,BTM00006,CC1=CC(=CC=C1)C=O,"InChI=1S/C8H8O/c1-7-3-2-4-8(5-7)6-9/h2-6H,1H3",OVWYEQOVUDKZNU-UHFFFAOYSA-N,2.0756,120.057514876
"InChI=1S/C17H19ClN2O/c18-14-7-5-13(6-8-14)17(20-11-9-19-10-12-20)15-3-1-2-4-16(15)21/h1-8,17,19,21H,9-12H2",VHHKYCOMEVJXNM-UHFFFAOYSA-N,N1CCN(CC1)C(C2=C(C=CC=C2)O)C3=CC=C(C=C3)Cl,,,C17H19ClN2O,302.118590908,3.3342,0,0,0,BTM00052,BTM00052,O-Hydroxylation of monosubstituted benzene,BTMR1034,"CYP1A2
CYP2C8
CYP2C9
CYP2C19
CYP3A4",HUMAN,BTM00007,N1CCN(CC1)C(C2=CC=CC=C2)C3=CC=C(C=C3)Cl,"InChI=1S/C17H19ClN2/c18-16-8-6-15(7-9-16)17(14-4-2-1-3-5-14)20-12-10-19-11-13-20/h1-9,17,19H,10-13H2",UZKBSZSTDQSMDR-UHFFFAOYSA-N,3.6016000000000004,286.123676288
"InChI=1S/C17H19ClN2O/c18-16-8-6-15(7-9-16)17(14-4-2-1-3-5-14)20(21)12-10-19-11-13-20/h1-9,17,19H,10-13H2",PDRMOZVMYUQYJF-UHFFFAOYSA-N,N1CC[N+](CC1)(C(C2=CC=CC=C2)C3=CC=C(C=C3)Cl)[O-],,,C17H19ClN2O,302.118590908,3.1965000000000003,0,0,0,BTM00089,BTM00089,N-Oxidation of alicyclic tertiary amine,BTMR1099,"CYP1A2
CYP2C8
CYP2C19
CYP2D6
CYP3A4",HUMAN,BTM00007,N1CCN(CC1)C(C2=CC=CC=C2)C3=CC=C(C=C3)Cl,"InChI=1S/C17H19ClN2/c18-16-8-6-15(7-9-16)17(14-4-2-1-3-5-14)20-12-10-19-11-13-20/h1-9,17,19H,10-13H2",UZKBSZSTDQSMDR-UHFFFAOYSA-N,3.6016000000000004,286.123676288
"InChI=1S/C4H10N2/c1-2-6-4-3-5-1/h5-6H,1-4H2",GLUUGHFHXGJENI-UHFFFAOYSA-N,N1CCNCC1,,,C4H10N2,86.08439831999999,-0.7943999999999998,0,0,0,BTM00110,BTM00110,N-Dealkylation of alicyclic tertiary amine,BTMR1144,"CYP1A2
CYP2A6
CYP2B6
CYP2C8
CYP2C9
CYP2C19
CYP2D6
CYP3A4",HUMAN,BTM00007,N1CCN(CC1)C(C2=CC=CC=C2)C3=CC=C(C=C3)Cl,"InChI=1S/C17H19ClN2/c18-16-8-6-15(7-9-16)17(14-4-2-1-3-5-14)20-12-10-19-11-13-20/h1-9,17,19H,10-13H2",UZKBSZSTDQSMDR-UHFFFAOYSA-N,3.6016000000000004,286.123676288
InChI=1S/C13H9ClO/c14-12-8-6-11(7-9-12)13(15)10-4-2-1-3-5-10/h1-9H,UGVRJVHOJNYEHR-UHFFFAOYSA-N,C(C1=CC=CC=C1)(C2=CC=C(C=C2)Cl)=O,,,C13H9ClO,216.034192588,3.8986,0,0,0,BTM00009,BTM00009,N-Dealkylation of alicyclic tertiary amine,BTMR1144,"CYP1A2
CYP2A6
CYP2B6
CYP2C8
CYP2C9
CYP2C19
CYP2D6
CYP3A4",HUMAN,BTM00007,N1CCN(CC1)C(C2=CC=CC=C2)C3=CC=C(C=C3)Cl,"InChI=1S/C17H19ClN2/c18-16-8-6-15(7-9-16)17(14-4-2-1-3-5-14)20-12-10-19-11-13-20/h1-9,17,19H,10-13H2",UZKBSZSTDQSMDR-UHFFFAOYSA-N,3.6016000000000004,286.123676288
"InChI=1S/C17H19ClN2O/c18-14-6-7-15(16(21)12-14)17(13-4-2-1-3-5-13)20-10-8-19-9-11-20/h1-7,12,17,19,21H,8-11H2",GKOQBWAGLNCSFF-UHFFFAOYSA-N,N1CCN(CC1)C(C2=CC=CC=C2)C3=C(C=C(C=C3)Cl)O,,,C17H19ClN2O,302.118590908,3.3342,0,0,0,BTM00111,BTM00111,Hydroxylation of benzene on carbon ortho to electron donating group,BTMR1045,"CYP1A2
CYP2C8
CYP2C9
CYP2C19
CYP2D6
CYP3A4",HUMAN,BTM00007,N1CCN(CC1)C(C2=CC=CC=C2)C3=CC=C(C=C3)Cl,"InChI=1S/C17H19ClN2/c18-16-8-6-15(7-9-16)17(14-4-2-1-3-5-14)20-12-10-19-11-13-20/h1-9,17,19H,10-13H2",UZKBSZSTDQSMDR-UHFFFAOYSA-N,3.6016000000000004,286.123676288
"InChI=1S/C17H19ClN2O/c18-14-7-5-13(6-8-14)17(20-11-9-19-10-12-20)15-3-1-2-4-16(15)21/h1-8,17,19,21H,9-12H2",VHHKYCOMEVJXNM-UHFFFAOYSA-N,N1CCN(CC1)C(C2=C(C=CC=C2)O)C3=CC=C(C=C3)Cl,,,C17H19ClN2O,302.118590908,3.3342,0,0,0,BTM00052,BTM00052,Hydroxylation of benzene on carbon ortho to electron donating group,BTMR1045,"CYP1A2
CYP2C8
CYP2C9
CYP2C19
CYP2D6
CYP3A4",HUMAN,BTM00007,N1CCN(CC1)C(C2=CC=CC=C2)C3=CC=C(C=C3)Cl,"InChI=1S/C17H19ClN2/c18-16-8-6-15(7-9-16)17(14-4-2-1-3-5-14)20-12-10-19-11-13-20/h1-9,17,19H,10-13H2",UZKBSZSTDQSMDR-UHFFFAOYSA-N,3.6016000000000004,286.123676288
"InChI=1S/C17H19ClN2O/c18-15-5-1-13(2-6-15)17(20-11-9-19-10-12-20)14-3-7-16(21)8-4-14/h1-8,17,19,21H,9-12H2",DBJGODAJUIEMJG-UHFFFAOYSA-N,N1CCN(CC1)C(C2=CC=C(C=C2)O)C3=CC=C(C=C3)Cl,,,C17H19ClN2O,302.11859090800004,3.3342,0,0,0,BTM00112,BTM00112,Hydroxylation of benzene on carbon para to electron donating group,BTMR1047,"CYP1A2
CYP2C8
CYP2C9
CYP2D6
CYP3A4",HUMAN,BTM00007,N1CCN(CC1)C(C2=CC=CC=C2)C3=CC=C(C=C3)Cl,"InChI=1S/C17H19ClN2/c18-16-8-6-15(7-9-16)17(14-4-2-1-3-5-14)20-12-10-19-11-13-20/h1-9,17,19H,10-13H2",UZKBSZSTDQSMDR-UHFFFAOYSA-N,3.6016000000000004,286.123676288
"InChI=1S/C17H19ClN2O/c18-15-8-6-14(7-9-15)17(13-4-2-1-3-5-13)20-11-10-19-16(21)12-20/h1-9,16-17,19,21H,10-12H2",DDPYTJHUERVTIJ-UHFFFAOYSA-N,N1C(CN(CC1)C(C2=CC=CC=C2)C3=CC=C(C=C3)Cl)O,,,C17H19ClN2O,302.11859090800004,3.2619000000000002,0,0,0,BTM00113,BTM00113,Hydroxylation of heteroalicyclic secondary carbon,BTMR1070,"CYP1A2
CYP2A6
CYP2C9
CYP2D6
CYP3A4",HUMAN,BTM00007,N1CCN(CC1)C(C2=CC=CC=C2)C3=CC=C(C=C3)Cl,"InChI=1S/C17H19ClN2/c18-16-8-6-15(7-9-16)17(14-4-2-1-3-5-14)20-12-10-19-11-13-20/h1-9,17,19H,10-13H2",UZKBSZSTDQSMDR-UHFFFAOYSA-N,3.6016000000000004,286.123676288
"InChI=1S/C17H19ClN2O/c18-15-8-6-14(7-9-15)17(13-4-2-1-3-5-13)20-11-10-19-12-16(20)21/h1-9,16-17,19,21H,10-12H2",XKPNRFHMHVZIOL-UHFFFAOYSA-N,N1CC(N(CC1)C(C2=CC=CC=C2)C3=CC=C(C=C3)Cl)O,,,C17H19ClN2O,302.118590908,3.2619000000000002,0,0,0,BTM00114,BTM00114,Hydroxylation of heteroalicyclic secondary carbon,BTMR1070,"CYP1A2
CYP2A6
CYP2C9
CYP2D6
CYP3A4",HUMAN,BTM00007,N1CCN(CC1)C(C2=CC=CC=C2)C3=CC=C(C=C3)Cl,"InChI=1S/C17H19ClN2/c18-16-8-6-15(7-9-16)17(14-4-2-1-3-5-14)20-12-10-19-11-13-20/h1-9,17,19H,10-13H2",UZKBSZSTDQSMDR-UHFFFAOYSA-N,3.6016000000000004,286.123676288
"InChI=1S/C17H19ClN2O/c18-15-7-6-14(12-16(15)21)17(13-4-2-1-3-5-13)20-10-8-19-9-11-20/h1-7,12,17,19,21H,8-11H2",HQCWYKFNYLDABP-UHFFFAOYSA-N,N1CCN(CC1)C(C2=CC=CC=C2)C3=CC(=C(C=C3)Cl)O,,,C17H19ClN2O,302.11859090800004,3.3342,0,0,0,BTM00115,BTM00115,Hydroxylation of aromatic carbon ortho to halide group,BTMR1040,"CYP1A2
CYP2A6
CYP2B6
CYP2C8
CYP2C9
CYP2C19
CYP2D6
CYP2E1
CYP3A4",HUMAN,BTM00007,N1CCN(CC1)C(C2=CC=CC=C2)C3=CC=C(C=C3)Cl,"InChI=1S/C17H19ClN2/c18-16-8-6-15(7-9-16)17(14-4-2-1-3-5-14)20-12-10-19-11-13-20/h1-9,17,19H,10-13H2",UZKBSZSTDQSMDR-UHFFFAOYSA-N,3.6016000000000004,286.123676288
"InChI=1S/C12H18N2O/c1-10-3-2-4-11(9-10)12(15)14-7-5-13-6-8-14/h2-4,9,12-13,15H,5-8H2,1H3",AFTZDBYIXCFTCT-UHFFFAOYSA-N,CC1=CC(=CC=C1)C(N2CCNCC2)O,,,C12H18N2O,206.141913196,1.4714999999999998,0,0,0,BTM00066,BTM00066,Hydroxylation of non-terminal aliphatic carbon adjacent to aromatic ring,BTMR1077,"CYP1A2
CYP2C8
CYP2C9
CYP2D6
CYP3A4",HUMAN,BTM00008,CC1=CC(=CC=C1)CN2CCNCC2,"InChI=1S/C12H18N2/c1-11-3-2-4-12(9-11)10-14-7-5-13-6-8-14/h2-4,9,13H,5-8,10H2,1H3",VTEOTZPEMDQENX-UHFFFAOYSA-N,1.8112000000000017,190.146998576
"InChI=1S/C12H18N2O/c15-10-12-3-1-2-11(8-12)9-14-6-4-13-5-7-14/h1-3,8,13,15H,4-7,9-10H2",LEHZEBYVLGLYOW-UHFFFAOYSA-N,C(C1=CC(=CC=C1)CN2CCNCC2)O,,,C12H18N2O,206.141913196,0.7204999999999991,0,0,0,BTM00079,BTM00079,Aliphatic hydroxylation of methyl carbon adjacent to aromatic ring,BTMR1058,"CYP1A2
CYP2A6
CYP2B6
CYP2C8
CYP2C9
CYP2C19
CYP2D6
CYP2E1
CYP3A4",HUMAN,BTM00008,CC1=CC(=CC=C1)CN2CCNCC2,"InChI=1S/C12H18N2/c1-11-3-2-4-12(9-11)10-14-7-5-13-6-8-14/h2-4,9,13H,5-8,10H2,1H3",VTEOTZPEMDQENX-UHFFFAOYSA-N,1.8112000000000017,190.146998576
"InChI=1S/C12H18N2O/c1-11-3-2-4-12(9-11)10-14(15)7-5-13-6-8-14/h2-4,9,13H,5-8,10H2,1H3",CPBYNHJGZIGUIW-UHFFFAOYSA-N,CC1=CC(=CC=C1)C[N+]2(CCNCC2)[O-],,,C12H18N2O,206.141913196,1.4061000000000015,0,0,0,BTM00098,BTM00098,N-Oxidation of alicyclic tertiary amine,BTMR1099,"CYP1A2
CYP2C8
CYP2C19
CYP2D6
CYP3A4",HUMAN,BTM00008,CC1=CC(=CC=C1)CN2CCNCC2,"InChI=1S/C12H18N2/c1-11-3-2-4-12(9-11)10-14-7-5-13-6-8-14/h2-4,9,13H,5-8,10H2,1H3",VTEOTZPEMDQENX-UHFFFAOYSA-N,1.8112000000000017,190.146998576
"InChI=1S/C8H8O/c1-7-3-2-4-8(5-7)6-9/h2-6H,1H3",OVWYEQOVUDKZNU-UHFFFAOYSA-N,CC1=CC(=CC=C1)C=O,,,C8H8O,120.057514876,2.0756,0,0,0,BTM00006,BTM00006,N-Dealkylation of alicyclic tertiary amine,BTMR1144,"CYP1A2
CYP2A6
CYP2B6
CYP2C8
CYP2C9
CYP2C19
CYP2D6
CYP3A4",HUMAN,BTM00008,CC1=CC(=CC=C1)CN2CCNCC2,"InChI=1S/C12H18N2/c1-11-3-2-4-12(9-11)10-14-7-5-13-6-8-14/h2-4,9,13H,5-8,10H2,1H3",VTEOTZPEMDQENX-UHFFFAOYSA-N,1.8112000000000017,190.146998576
"InChI=1S/C4H10N2/c1-2-6-4-3-5-1/h5-6H,1-4H2",GLUUGHFHXGJENI-UHFFFAOYSA-N,N1CCNCC1,,,C4H10N2,86.08439831999999,-0.7943999999999998,0,0,0,BTM00110,BTM00110,N-Dealkylation of alicyclic tertiary amine,BTMR1144,"CYP1A2
CYP2A6
CYP2B6
CYP2C8
CYP2C9
CYP2C19
CYP2D6
CYP3A4",HUMAN,BTM00008,CC1=CC(=CC=C1)CN2CCNCC2,"InChI=1S/C12H18N2/c1-11-3-2-4-12(9-11)10-14-7-5-13-6-8-14/h2-4,9,13H,5-8,10H2,1H3",VTEOTZPEMDQENX-UHFFFAOYSA-N,1.8112000000000017,190.146998576
"InChI=1S/C12H18N2O/c1-10-3-2-4-11(12(10)15)9-14-7-5-13-6-8-14/h2-4,13,15H,5-9H2,1H3",NNLRLFCECBRPIT-UHFFFAOYSA-N,CC1=C(C(=CC=C1)CN2CCNCC2)O,,,C12H18N2O,206.141913196,1.5438000000000005,0,0,0,BTM00116,BTM00116,Hydroxylation of benzene on carbon ortho to electron donating group,BTMR1045,"CYP1A2
CYP2C8
CYP2C9
CYP2C19
CYP2D6
CYP3A4",HUMAN,BTM00008,CC1=CC(=CC=C1)CN2CCNCC2,"InChI=1S/C12H18N2/c1-11-3-2-4-12(9-11)10-14-7-5-13-6-8-14/h2-4,9,13H,5-8,10H2,1H3",VTEOTZPEMDQENX-UHFFFAOYSA-N,1.8112000000000017,190.146998576
"InChI=1S/C12H18N2O/c1-10-2-3-12(15)11(8-10)9-14-6-4-13-5-7-14/h2-3,8,13,15H,4-7,9H2,1H3",VBWCHVVSZCVMPN-UHFFFAOYSA-N,CC1=CC(=C(C=C1)O)CN2CCNCC2,,,C12H18N2O,206.141913196,1.5438000000000005,0,0,0,BTM00117,BTM00117,Hydroxylation of benzene on carbon ortho to electron donating group,BTMR1045,"CYP1A2
CYP2C8
CYP2C9
CYP2C19
CYP2D6
CYP3A4",HUMAN,BTM00008,CC1=CC(=CC=C1)CN2CCNCC2,"InChI=1S/C12H18N2/c1-11-3-2-4-12(9-11)10-14-7-5-13-6-8-14/h2-4,9,13H,5-8,10H2,1H3",VTEOTZPEMDQENX-UHFFFAOYSA-N,1.8112000000000017,190.146998576
"InChI=1S/C12H18N2O/c1-10-8-11(2-3-12(10)15)9-14-6-4-13-5-7-14/h2-3,8,13,15H,4-7,9H2,1H3",KNOFCBQKHHJMMK-UHFFFAOYSA-N,CC1=CC(=CC=C1O)CN2CCNCC2,,,C12H18N2O,206.141913196,1.5438000000000005,0,0,0,BTM00118,BTM00118,Hydroxylation of benzene on carbon ortho to electron donating group,BTMR1045,"CYP1A2
CYP2C8
CYP2C9
CYP2C19
CYP2D6
CYP3A4",HUMAN,BTM00008,CC1=CC(=CC=C1)CN2CCNCC2,"InChI=1S/C12H18N2/c1-11-3-2-4-12(9-11)10-14-7-5-13-6-8-14/h2-4,9,13H,5-8,10H2,1H3",VTEOTZPEMDQENX-UHFFFAOYSA-N,1.8112000000000017,190.146998576
"InChI=1S/C12H18N2O/c1-10-3-2-4-11(7-10)9-14-6-5-13-8-12(14)15/h2-4,7,12-13,15H,5-6,8-9H2,1H3",OXOCVILFJPXBCX-UHFFFAOYSA-N,CC1=CC(=CC=C1)CN2C(CNCC2)O,,,C12H18N2O,206.141913196,1.4714999999999998,0,0,0,BTM00119,BTM00119,Hydroxylation of heteroalicyclic secondary carbon,BTMR1070,"CYP1A2
CYP2A6
CYP2C9
CYP2D6
CYP3A4",HUMAN,BTM00008,CC1=CC(=CC=C1)CN2CCNCC2,"InChI=1S/C12H18N2/c1-11-3-2-4-12(9-11)10-14-7-5-13-6-8-14/h2-4,9,13H,5-8,10H2,1H3",VTEOTZPEMDQENX-UHFFFAOYSA-N,1.8112000000000017,190.146998576
"InChI=1S/C12H18N2O/c1-10-3-2-4-11(7-10)8-14-6-5-13-12(15)9-14/h2-4,7,12-13,15H,5-6,8-9H2,1H3",XJMHSQGSVVHJIH-UHFFFAOYSA-N,CC1=CC(=CC=C1)CN2CC(NCC2)O,,,C12H18N2O,206.141913196,1.4714999999999998,0,0,0,BTM00120,BTM00120,Hydroxylation of heteroalicyclic secondary carbon,BTMR1070,"CYP1A2
CYP2A6
CYP2C9
CYP2D6
CYP3A4",HUMAN,BTM00008,CC1=CC(=CC=C1)CN2CCNCC2,"InChI=1S/C12H18N2/c1-11-3-2-4-12(9-11)10-14-7-5-13-6-8-14/h2-4,9,13H,5-8,10H2,1H3",VTEOTZPEMDQENX-UHFFFAOYSA-N,1.8112000000000017,190.146998576
"InChI=1S/C13H9ClO2/c14-10-7-5-9(6-8-10)13(16)11-3-1-2-4-12(11)15/h1-8,15H",PYTMYNQWASSKJH-UHFFFAOYSA-N,C(C1=C(C=CC=C1)O)(C2=CC=C(C=C2)Cl)=O,,,C13H9ClO2,232.029107208,3.6311999999999998,0,0,0,BTM00053,BTM00053,O-Hydroxylation of monosubstituted benzene,BTMR1034,"CYP1A2
CYP2C8
CYP2C9
CYP2C19
CYP3A4",HUMAN,BTM00009,C(C1=CC=CC=C1)(C2=CC=C(C=C2)Cl)=O,InChI=1S/C13H9ClO/c14-12-8-6-11(7-9-12)13(15)10-4-2-1-3-5-10/h1-9H,UGVRJVHOJNYEHR-UHFFFAOYSA-N,3.8986,216.034192588
"InChI=1S/C13H9ClO2/c14-10-6-7-11(12(15)8-10)13(16)9-4-2-1-3-5-9/h1-8,15H",JYFJHKRWGLEWKH-UHFFFAOYSA-N,C(C1=CC=CC=C1)(C2=C(C=C(C=C2)Cl)O)=O,,,C13H9ClO2,232.029107208,3.6311999999999998,0,0,0,BTM00121,BTM00121,Hydroxylation of benzene on carbon ortho to electron donating group,BTMR1045,"CYP1A2
CYP2C8
CYP2C9
CYP2C19
CYP2D6
CYP3A4",HUMAN,BTM00009,C(C1=CC=CC=C1)(C2=CC=C(C=C2)Cl)=O,InChI=1S/C13H9ClO/c14-12-8-6-11(7-9-12)13(15)10-4-2-1-3-5-10/h1-9H,UGVRJVHOJNYEHR-UHFFFAOYSA-N,3.8986,216.034192588
"InChI=1S/C13H9ClO2/c14-10-7-5-9(6-8-10)13(16)11-3-1-2-4-12(11)15/h1-8,15H",PYTMYNQWASSKJH-UHFFFAOYSA-N,C(C1=C(C=CC=C1)O)(C2=CC=C(C=C2)Cl)=O,,,C13H9ClO2,232.029107208,3.6311999999999998,0,0,0,BTM00053,BTM00053,Hydroxylation of benzene on carbon ortho to electron donating group,BTMR1045,"CYP1A2
CYP2C8
CYP2C9
CYP2C19
CYP2D6
CYP3A4",HUMAN,BTM00009,C(C1=CC=CC=C1)(C2=CC=C(C=C2)Cl)=O,InChI=1S/C13H9ClO/c14-12-8-6-11(7-9-12)13(15)10-4-2-1-3-5-10/h1-9H,UGVRJVHOJNYEHR-UHFFFAOYSA-N,3.8986,216.034192588
"InChI=1S/C13H9ClO2/c14-11-5-1-9(2-6-11)13(16)10-3-7-12(15)8-4-10/h1-8,15H",RUETVLNXAGWCDS-UHFFFAOYSA-N,C(C1=CC=C(C=C1)O)(C2=CC=C(C=C2)Cl)=O,,,C13H9ClO2,232.029107208,3.6311999999999998,0,0,0,BTM00122,BTM00122,Hydroxylation of benzene on carbon para to electron donating group,BTMR1047,"CYP1A2
CYP2C8
CYP2C9
CYP2D6
CYP3A4",HUMAN,BTM00009,C(C1=CC=CC=C1)(C2=CC=C(C=C2)Cl)=O,InChI=1S/C13H9ClO/c14-12-8-6-11(7-9-12)13(15)10-4-2-1-3-5-10/h1-9H,UGVRJVHOJNYEHR-UHFFFAOYSA-N,3.8986,216.034192588
"InChI=1S/C13H9ClO2/c14-11-7-6-10(8-12(11)15)13(16)9-4-2-1-3-5-9/h1-8,15H",KHGWSETVLZCVPE-UHFFFAOYSA-N,C(C1=CC=CC=C1)(C2=CC(=C(C=C2)Cl)O)=O,,,C13H9ClO2,232.029107208,3.6311999999999998,0,0,0,BTM00123,BTM00123,Hydroxylation of aromatic carbon ortho to halide group,BTMR1040,"CYP1A2
CYP2A6
CYP2B6
CYP2C8
CYP2C9
CYP2C19
CYP2D6
CYP2E1
CYP3A4",HUMAN,BTM00009,C(C1=CC=CC=C1)(C2=CC=C(C=C2)Cl)=O,InChI=1S/C13H9ClO/c14-12-8-6-11(7-9-12)13(15)10-4-2-1-3-5-10/h1-9H,UGVRJVHOJNYEHR-UHFFFAOYSA-N,3.8986,216.034192588
"InChI=1S/C25H27ClN2O2/c1-18-5-4-6-20(25(18)30)17-27-13-15-28(16-14-27)24(19-9-11-21(26)12-10-19)22-7-2-3-8-23(22)29/h2-12,24,29-30H,13-17H2,1H3",LJBVFGNBXAWLCL-UHFFFAOYSA-N,CC1=C(C(=CC=C1)CN2CCN(CC2)C(C3=C(C=CC=C3)O)C4=CC=C(C=C4)Cl)O,,,C25H27ClN2O2,422.176105784,5.6724,0,0,0,BTM00054,BTM00054,O-Hydroxylation of monosubstituted benzene,BTMR1034,"CYP1A2
CYP2C8
CYP2C9
CYP2C19
CYP3A4",HUMAN,BTM00010,CC1=C(C(=CC=C1)CN2CCN(CC2)C(C3=CC=CC=C3)C4=CC=C(C=C4)Cl)O,"InChI=1S/C25H27ClN2O/c1-19-6-5-9-22(25(19)29)18-27-14-16-28(17-15-27)24(20-7-3-2-4-8-20)21-10-12-23(26)13-11-21/h2-13,24,29H,14-18H2,1H3",WMQVNJHRLMOFLR-UHFFFAOYSA-N,5.939800000000002,406.181191164
"InChI=1S/C25H27ClN2O2/c1-18-6-5-9-22(24(18)29)25(30)28-16-14-27(15-17-28)23(19-7-3-2-4-8-19)20-10-12-21(26)13-11-20/h2-13,23,25,29-30H,14-17H2,1H3",BRMIWWVQFVKPNE-UHFFFAOYSA-N,CC1=C(C(=CC=C1)C(N2CCN(CC2)C(C3=CC=CC=C3)C4=CC=C(C=C4)Cl)O)O,,,C25H27ClN2O2,422.176105784,5.6001,1,0,0,BTM00067,BTM00067,Hydroxylation of non-terminal aliphatic carbon adjacent to aromatic ring,BTMR1077,"CYP1A2
CYP2C8
CYP2C9
CYP2D6
CYP3A4",HUMAN,BTM00010,CC1=C(C(=CC=C1)CN2CCN(CC2)C(C3=CC=CC=C3)C4=CC=C(C=C4)Cl)O,"InChI=1S/C25H27ClN2O/c1-19-6-5-9-22(25(19)29)18-27-14-16-28(17-15-27)24(20-7-3-2-4-8-20)21-10-12-23(26)13-11-21/h2-13,24,29H,14-18H2,1H3",WMQVNJHRLMOFLR-UHFFFAOYSA-N,5.939800000000002,406.181191164
"InChI=1S/C25H27ClN2O2/c1-18-15-23(29)16-21(25(18)30)17-27-11-13-28(14-12-27)24(19-5-3-2-4-6-19)20-7-9-22(26)10-8-20/h2-10,15-16,24,29-30H,11-14,17H2,1H3",YQSGFSHUXSWDQR-UHFFFAOYSA-N,CC1=C(C(=CC(=C1)O)CN2CCN(CC2)C(C3=CC=CC=C3)C4=CC=C(C=C4)Cl)O,,,C25H27ClN2O2,422.176105784,5.6724,0,0,0,BTM00124,BTM00124,p-Hydroxylation of phenol,BTMR1038,"CYP1A2
CYP2A6
CYP2B6
CYP2C8
CYP2C9
CYP2C19
CYP2D6
CYP2E1
CYP3A4",HUMAN,BTM00010,CC1=C(C(=CC=C1)CN2CCN(CC2)C(C3=CC=CC=C3)C4=CC=C(C=C4)Cl)O,"InChI=1S/C25H27ClN2O/c1-19-6-5-9-22(25(19)29)18-27-14-16-28(17-15-27)24(20-7-3-2-4-8-20)21-10-12-23(26)13-11-21/h2-13,24,29H,14-18H2,1H3",WMQVNJHRLMOFLR-UHFFFAOYSA-N,5.939800000000002,406.181191164
"InChI=1S/C25H27ClN2O2/c26-23-11-9-20(10-12-23)24(19-5-2-1-3-6-19)28-15-13-27(14-16-28)17-21-7-4-8-22(18-29)25(21)30/h1-12,24,29-30H,13-18H2",OSMQPCCSKAODRS-UHFFFAOYSA-N,C(C1=C(C(=CC=C1)CN2CCN(CC2)C(C3=CC=CC=C3)C4=CC=C(C=C4)Cl)O)O,,,C25H27ClN2O2,422.176105784,4.8491,0,0,0,BTM00080,BTM00080,Aliphatic hydroxylation of methyl carbon adjacent to aromatic ring,BTMR1058,"CYP1A2
CYP2A6
CYP2B6
CYP2C8
CYP2C9
CYP2C19
CYP2D6
CYP2E1
CYP3A4",HUMAN,BTM00010,CC1=C(C(=CC=C1)CN2CCN(CC2)C(C3=CC=CC=C3)C4=CC=C(C=C4)Cl)O,"InChI=1S/C25H27ClN2O/c1-19-6-5-9-22(25(19)29)18-27-14-16-28(17-15-27)24(20-7-3-2-4-8-20)21-10-12-23(26)13-11-21/h2-13,24,29H,14-18H2,1H3",WMQVNJHRLMOFLR-UHFFFAOYSA-N,5.939800000000002,406.181191164
"InChI=1S/C25H27ClN2O2/c1-19-6-5-9-22(25(19)29)18-27-14-16-28(30,17-15-27)24(20-7-3-2-4-8-20)21-10-12-23(26)13-11-21/h2-13,24,29H,14-18H2,1H3",UYMWFJYWKDZDDF-UHFFFAOYSA-N,CC1=C(C(=CC=C1)CN2CC[N+](CC2)(C(C3=CC=CC=C3)C4=CC=C(C=C4)Cl)[O-])O,,,C25H27ClN2O2,422.176105784,5.534700000000003,0,0,0,BTM00090,BTM00090,N-Oxidation of alicyclic tertiary amine,BTMR1099,"CYP1A2
CYP2C8
CYP2C19
CYP2D6
CYP3A4",HUMAN,BTM00010,CC1=C(C(=CC=C1)CN2CCN(CC2)C(C3=CC=CC=C3)C4=CC=C(C=C4)Cl)O,"InChI=1S/C25H27ClN2O/c1-19-6-5-9-22(25(19)29)18-27-14-16-28(17-15-27)24(20-7-3-2-4-8-20)21-10-12-23(26)13-11-21/h2-13,24,29H,14-18H2,1H3",WMQVNJHRLMOFLR-UHFFFAOYSA-N,5.939800000000002,406.181191164
"InChI=1S/C25H27ClN2O2/c1-19-6-5-9-22(25(19)29)18-28(30)16-14-27(15-17-28)24(20-7-3-2-4-8-20)21-10-12-23(26)13-11-21/h2-13,24,29H,14-18H2,1H3",SPGUFASOCDXQLT-UHFFFAOYSA-N,CC1=C(C(=CC=C1)C[N+]2(CCN(CC2)C(C3=CC=CC=C3)C4=CC=C(C=C4)Cl)[O-])O,,,C25H27ClN2O2,422.176105784,5.534700000000003,0,0,0,BTM00099,BTM00099,N-Oxidation of alicyclic tertiary amine,BTMR1099,"CYP1A2
CYP2C8
CYP2C19
CYP2D6
CYP3A4",HUMAN,BTM00010,CC1=C(C(=CC=C1)CN2CCN(CC2)C(C3=CC=CC=C3)C4=CC=C(C=C4)Cl)O,"InChI=1S/C25H27ClN2O/c1-19-6-5-9-22(25(19)29)18-27-14-16-28(17-15-27)24(20-7-3-2-4-8-20)21-10-12-23(26)13-11-21/h2-13,24,29H,14-18H2,1H3",WMQVNJHRLMOFLR-UHFFFAOYSA-N,5.939800000000002,406.181191164
"InChI=1S/C8H8O2/c1-6-3-2-4-7(5-9)8(6)10/h2-5,10H,1H3",IPPQNXSAJZOTJZ-UHFFFAOYSA-N,CC1=C(C(=CC=C1)C=O)O,,,C8H8O2,136.052429496,1.8082000000000003,0,0,0,BTM00107,BTM00107,N-Dealkylation of alicyclic tertiary amine,BTMR1144,"CYP1A2
CYP2A6
CYP2B6
CYP2C8
CYP2C9
CYP2C19
CYP2D6
CYP3A4",HUMAN,BTM00010,CC1=C(C(=CC=C1)CN2CCN(CC2)C(C3=CC=CC=C3)C4=CC=C(C=C4)Cl)O,"InChI=1S/C25H27ClN2O/c1-19-6-5-9-22(25(19)29)18-27-14-16-28(17-15-27)24(20-7-3-2-4-8-20)21-10-12-23(26)13-11-21/h2-13,24,29H,14-18H2,1H3",WMQVNJHRLMOFLR-UHFFFAOYSA-N,5.939800000000002,406.181191164
"InChI=1S/C17H19ClN2/c18-16-8-6-15(7-9-16)17(14-4-2-1-3-5-14)20-12-10-19-11-13-20/h1-9,17,19H,10-13H2",UZKBSZSTDQSMDR-UHFFFAOYSA-N,N1CCN(CC1)C(C2=CC=CC=C2)C3=CC=C(C=C3)Cl,,,C17H19ClN2,286.123676288,3.6016000000000004,0,0,0,BTM00007,BTM00007,N-Dealkylation of alicyclic tertiary amine,BTMR1144,"CYP1A2
CYP2A6
CYP2B6
CYP2C8
CYP2C9
CYP2C19
CYP2D6
CYP3A4",HUMAN,BTM00010,CC1=C(C(=CC=C1)CN2CCN(CC2)C(C3=CC=CC=C3)C4=CC=C(C=C4)Cl)O,"InChI=1S/C25H27ClN2O/c1-19-6-5-9-22(25(19)29)18-27-14-16-28(17-15-27)24(20-7-3-2-4-8-20)21-10-12-23(26)13-11-21/h2-13,24,29H,14-18H2,1H3",WMQVNJHRLMOFLR-UHFFFAOYSA-N,5.939800000000002,406.181191164
"InChI=1S/C12H18N2O/c1-10-3-2-4-11(12(10)15)9-14-7-5-13-6-8-14/h2-4,13,15H,5-9H2,1H3",NNLRLFCECBRPIT-UHFFFAOYSA-N,CC1=C(C(=CC=C1)CN2CCNCC2)O,,,C12H18N2O,206.141913196,1.5438000000000005,0,0,0,BTM00116,BTM00116,N-Dealkylation of alicyclic tertiary amine,BTMR1144,"CYP1A2
CYP2A6
CYP2B6
CYP2C8
CYP2C9
CYP2C19
CYP2D6
CYP3A4",HUMAN,BTM00010,CC1=C(C(=CC=C1)CN2CCN(CC2)C(C3=CC=CC=C3)C4=CC=C(C=C4)Cl)O,"InChI=1S/C25H27ClN2O/c1-19-6-5-9-22(25(19)29)18-27-14-16-28(17-15-27)24(20-7-3-2-4-8-20)21-10-12-23(26)13-11-21/h2-13,24,29H,14-18H2,1H3",WMQVNJHRLMOFLR-UHFFFAOYSA-N,5.939800000000002,406.181191164
InChI=1S/C13H9ClO/c14-12-8-6-11(7-9-12)13(15)10-4-2-1-3-5-10/h1-9H,UGVRJVHOJNYEHR-UHFFFAOYSA-N,C(C1=CC=CC=C1)(C2=CC=C(C=C2)Cl)=O,,,C13H9ClO,216.034192588,3.8986,0,0,0,BTM00009,BTM00009,N-Dealkylation of alicyclic tertiary amine,BTMR1144,"CYP1A2
CYP2A6
CYP2B6
CYP2C8
CYP2C9
CYP2C19
CYP2D6
CYP3A4",HUMAN,BTM00010,CC1=C(C(=CC=C1)CN2CCN(CC2)C(C3=CC=CC=C3)C4=CC=C(C=C4)Cl)O,"InChI=1S/C25H27ClN2O/c1-19-6-5-9-22(25(19)29)18-27-14-16-28(17-15-27)24(20-7-3-2-4-8-20)21-10-12-23(26)13-11-21/h2-13,24,29H,14-18H2,1H3",WMQVNJHRLMOFLR-UHFFFAOYSA-N,5.939800000000002,406.181191164
"InChI=1S/C25H27ClN2O2/c1-18-6-5-9-20(25(18)30)17-27-12-14-28(15-13-27)24(19-7-3-2-4-8-19)22-11-10-21(26)16-23(22)29/h2-11,16,24,29-30H,12-15,17H2,1H3",YXVMHDLZHSZTBU-UHFFFAOYSA-N,CC1=C(C(=CC=C1)CN2CCN(CC2)C(C3=CC=CC=C3)C4=C(C=C(C=C4)Cl)O)O,,,C25H27ClN2O2,422.176105784,5.6724,0,0,0,BTM00125,BTM00125,Hydroxylation of benzene on carbon ortho to electron donating group,BTMR1045,"CYP1A2
CYP2C8
CYP2C9
CYP2C19
CYP2D6
CYP3A4",HUMAN,BTM00010,CC1=C(C(=CC=C1)CN2CCN(CC2)C(C3=CC=CC=C3)C4=CC=C(C=C4)Cl)O,"InChI=1S/C25H27ClN2O/c1-19-6-5-9-22(25(19)29)18-27-14-16-28(17-15-27)24(20-7-3-2-4-8-20)21-10-12-23(26)13-11-21/h2-13,24,29H,14-18H2,1H3",WMQVNJHRLMOFLR-UHFFFAOYSA-N,5.939800000000002,406.181191164
"InChI=1S/C25H27ClN2O2/c1-18-5-4-6-20(25(18)30)17-27-13-15-28(16-14-27)24(19-9-11-21(26)12-10-19)22-7-2-3-8-23(22)29/h2-12,24,29-30H,13-17H2,1H3",LJBVFGNBXAWLCL-UHFFFAOYSA-N,CC1=C(C(=CC=C1)CN2CCN(CC2)C(C3=C(C=CC=C3)O)C4=CC=C(C=C4)Cl)O,,,C25H27ClN2O2,422.176105784,5.6724,0,0,0,BTM00054,BTM00054,Hydroxylation of benzene on carbon ortho to electron donating group,BTMR1045,"CYP1A2
CYP2C8
CYP2C9
CYP2C19
CYP2D6
CYP3A4",HUMAN,BTM00010,CC1=C(C(=CC=C1)CN2CCN(CC2)C(C3=CC=CC=C3)C4=CC=C(C=C4)Cl)O,"InChI=1S/C25H27ClN2O/c1-19-6-5-9-22(25(19)29)18-27-14-16-28(17-15-27)24(20-7-3-2-4-8-20)21-10-12-23(26)13-11-21/h2-13,24,29H,14-18H2,1H3",WMQVNJHRLMOFLR-UHFFFAOYSA-N,5.939800000000002,406.181191164
"InChI=1S/C25H27ClN2O2/c1-18-7-12-23(29)22(25(18)30)17-27-13-15-28(16-14-27)24(19-5-3-2-4-6-19)20-8-10-21(26)11-9-20/h2-12,24,29-30H,13-17H2,1H3",YDWNWJAMTDNOAH-UHFFFAOYSA-N,CC1=C(C(=C(C=C1)O)CN2CCN(CC2)C(C3=CC=CC=C3)C4=CC=C(C=C4)Cl)O,,,C25H27ClN2O2,422.176105784,5.6724,0,0,0,BTM00126,BTM00126,Hydroxylation of benzene on carbon ortho to electron donating group,BTMR1045,"CYP1A2
CYP2C8
CYP2C9
CYP2C19
CYP2D6
CYP3A4",HUMAN,BTM00010,CC1=C(C(=CC=C1)CN2CCN(CC2)C(C3=CC=CC=C3)C4=CC=C(C=C4)Cl)O,"InChI=1S/C25H27ClN2O/c1-19-6-5-9-22(25(19)29)18-27-14-16-28(17-15-27)24(20-7-3-2-4-8-20)21-10-12-23(26)13-11-21/h2-13,24,29H,14-18H2,1H3",WMQVNJHRLMOFLR-UHFFFAOYSA-N,5.939800000000002,406.181191164
"InChI=1S/C25H27ClN2O2/c1-18-23(29)12-9-21(25(18)30)17-27-13-15-28(16-14-27)24(19-5-3-2-4-6-19)20-7-10-22(26)11-8-20/h2-12,24,29-30H,13-17H2,1H3",VBGBACVAFVTANL-UHFFFAOYSA-N,CC1=C(C(=CC=C1O)CN2CCN(CC2)C(C3=CC=CC=C3)C4=CC=C(C=C4)Cl)O,,,C25H27ClN2O2,422.176105784,5.6724,0,0,0,BTM00127,BTM00127,Hydroxylation of benzene on carbon ortho to electron donating group,BTMR1045,"CYP1A2
CYP2C8
CYP2C9
CYP2C19
CYP2D6
CYP3A4",HUMAN,BTM00010,CC1=C(C(=CC=C1)CN2CCN(CC2)C(C3=CC=CC=C3)C4=CC=C(C=C4)Cl)O,"InChI=1S/C25H27ClN2O/c1-19-6-5-9-22(25(19)29)18-27-14-16-28(17-15-27)24(20-7-3-2-4-8-20)21-10-12-23(26)13-11-21/h2-13,24,29H,14-18H2,1H3",WMQVNJHRLMOFLR-UHFFFAOYSA-N,5.939800000000002,406.181191164
"InChI=1S/C25H27ClN2O2/c1-18-3-2-4-21(25(18)30)17-27-13-15-28(16-14-27)24(19-5-9-22(26)10-6-19)20-7-11-23(29)12-8-20/h2-12,24,29-30H,13-17H2,1H3",ASLSKACTIMWIKA-UHFFFAOYSA-N,CC1=C(C(=CC=C1)CN2CCN(CC2)C(C3=CC=C(C=C3)O)C4=CC=C(C=C4)Cl)O,,,C25H27ClN2O2,422.176105784,5.6724,0,0,0,BTM00128,BTM00128,Hydroxylation of benzene on carbon para to electron donating group,BTMR1047,"CYP1A2
CYP2C8
CYP2C9
CYP2D6
CYP3A4",HUMAN,BTM00010,CC1=C(C(=CC=C1)CN2CCN(CC2)C(C3=CC=CC=C3)C4=CC=C(C=C4)Cl)O,"InChI=1S/C25H27ClN2O/c1-19-6-5-9-22(25(19)29)18-27-14-16-28(17-15-27)24(20-7-3-2-4-8-20)21-10-12-23(26)13-11-21/h2-13,24,29H,14-18H2,1H3",WMQVNJHRLMOFLR-UHFFFAOYSA-N,5.939800000000002,406.181191164
"InChI=1S/C25H27ClN2O2/c1-18-7-12-23(29)22(25(18)30)17-27-13-15-28(16-14-27)24(19-5-3-2-4-6-19)20-8-10-21(26)11-9-20/h2-12,24,29-30H,13-17H2,1H3",YDWNWJAMTDNOAH-UHFFFAOYSA-N,CC1=C(C(=C(C=C1)O)CN2CCN(CC2)C(C3=CC=CC=C3)C4=CC=C(C=C4)Cl)O,,,C25H27ClN2O2,422.176105784,5.6724,0,0,0,BTM00126,BTM00126,Hydroxylation of benzene on carbon para to electron donating group,BTMR1047,"CYP1A2
CYP2C8
CYP2C9
CYP2D6
CYP3A4",HUMAN,BTM00010,CC1=C(C(=CC=C1)CN2CCN(CC2)C(C3=CC=CC=C3)C4=CC=C(C=C4)Cl)O,"InChI=1S/C25H27ClN2O/c1-19-6-5-9-22(25(19)29)18-27-14-16-28(17-15-27)24(20-7-3-2-4-8-20)21-10-12-23(26)13-11-21/h2-13,24,29H,14-18H2,1H3",WMQVNJHRLMOFLR-UHFFFAOYSA-N,5.939800000000002,406.181191164
"InChI=1S/C25H27ClN2O2/c1-18-23(29)12-9-21(25(18)30)17-27-13-15-28(16-14-27)24(19-5-3-2-4-6-19)20-7-10-22(26)11-8-20/h2-12,24,29-30H,13-17H2,1H3",VBGBACVAFVTANL-UHFFFAOYSA-N,CC1=C(C(=CC=C1O)CN2CCN(CC2)C(C3=CC=CC=C3)C4=CC=C(C=C4)Cl)O,,,C25H27ClN2O2,422.176105784,5.6724,0,0,0,BTM00127,BTM00127,Hydroxylation of benzene on carbon para to electron donating group,BTMR1047,"CYP1A2
CYP2C8
CYP2C9
CYP2D6
CYP3A4",HUMAN,BTM00010,CC1=C(C(=CC=C1)CN2CCN(CC2)C(C3=CC=CC=C3)C4=CC=C(C=C4)Cl)O,"InChI=1S/C25H27ClN2O/c1-19-6-5-9-22(25(19)29)18-27-14-16-28(17-15-27)24(20-7-3-2-4-8-20)21-10-12-23(26)13-11-21/h2-13,24,29H,14-18H2,1H3",WMQVNJHRLMOFLR-UHFFFAOYSA-N,5.939800000000002,406.181191164
"InChI=1S/C25H27ClN2O2/c1-18-6-5-9-21(25(18)30)16-27-14-15-28(17-23(27)29)24(19-7-3-2-4-8-19)20-10-12-22(26)13-11-20/h2-13,23-24,29-30H,14-17H2,1H3",OAUUKMHNPVAZAX-UHFFFAOYSA-N,CC1=C(C(=CC=C1)CN2C(CN(CC2)C(C3=CC=CC=C3)C4=CC=C(C=C4)Cl)O)O,,,C25H27ClN2O2,422.176105784,5.6001,0,0,0,BTM00129,BTM00129,Hydroxylation of heteroalicyclic secondary carbon,BTMR1070,"CYP1A2
CYP2A6
CYP2C9
CYP2D6
CYP3A4",HUMAN,BTM00010,CC1=C(C(=CC=C1)CN2CCN(CC2)C(C3=CC=CC=C3)C4=CC=C(C=C4)Cl)O,"InChI=1S/C25H27ClN2O/c1-19-6-5-9-22(25(19)29)18-27-14-16-28(17-15-27)24(20-7-3-2-4-8-20)21-10-12-23(26)13-11-21/h2-13,24,29H,14-18H2,1H3",WMQVNJHRLMOFLR-UHFFFAOYSA-N,5.939800000000002,406.181191164
"InChI=1S/C25H27ClN2O2/c1-18-6-5-9-21(25(18)30)16-27-14-15-28(23(29)17-27)24(19-7-3-2-4-8-19)20-10-12-22(26)13-11-20/h2-13,23-24,29-30H,14-17H2,1H3",BCAWRRQXTGNYPF-UHFFFAOYSA-N,CC1=C(C(=CC=C1)CN2CC(N(CC2)C(C3=CC=CC=C3)C4=CC=C(C=C4)Cl)O)O,,,C25H27ClN2O2,422.176105784,5.6001,0,0,0,BTM00130,BTM00130,Hydroxylation of heteroalicyclic secondary carbon,BTMR1070,"CYP1A2
CYP2A6
CYP2C9
CYP2D6
CYP3A4",HUMAN,BTM00010,CC1=C(C(=CC=C1)CN2CCN(CC2)C(C3=CC=CC=C3)C4=CC=C(C=C4)Cl)O,"InChI=1S/C25H27ClN2O/c1-19-6-5-9-22(25(19)29)18-27-14-16-28(17-15-27)24(20-7-3-2-4-8-20)21-10-12-23(26)13-11-21/h2-13,24,29H,14-18H2,1H3",WMQVNJHRLMOFLR-UHFFFAOYSA-N,5.939800000000002,406.181191164
"InChI=1S/C25H27ClN2O2/c1-18-6-5-9-21(25(18)30)17-27-12-14-28(15-13-27)24(19-7-3-2-4-8-19)20-10-11-22(26)23(29)16-20/h2-11,16,24,29-30H,12-15,17H2,1H3",JBCDOWGCSMKUNI-UHFFFAOYSA-N,CC1=C(C(=CC=C1)CN2CCN(CC2)C(C3=CC=CC=C3)C4=CC(=C(C=C4)Cl)O)O,,,C25H27ClN2O2,422.176105784,5.6724,0,0,0,BTM00131,BTM00131,Hydroxylation of aromatic carbon ortho to halide group,BTMR1040,"CYP1A2
CYP2A6
CYP2B6
CYP2C8
CYP2C9
CYP2C19
CYP2D6
CYP2E1
CYP3A4",HUMAN,BTM00010,CC1=C(C(=CC=C1)CN2CCN(CC2)C(C3=CC=CC=C3)C4=CC=C(C=C4)Cl)O,"InChI=1S/C25H27ClN2O/c1-19-6-5-9-22(25(19)29)18-27-14-16-28(17-15-27)24(20-7-3-2-4-8-20)21-10-12-23(26)13-11-21/h2-13,24,29H,14-18H2,1H3",WMQVNJHRLMOFLR-UHFFFAOYSA-N,5.939800000000002,406.181191164
"InChI=1S/C25H27ClN2O2/c1-18-5-4-6-19(15-18)17-27-11-13-28(14-12-27)25(21-7-2-3-8-23(21)29)22-10-9-20(26)16-24(22)30/h2-10,15-16,25,29-30H,11-14,17H2,1H3",IHJOOROUSKQAFG-UHFFFAOYSA-N,CC1=CC(=CC=C1)CN2CCN(CC2)C(C3=C(C=CC=C3)O)C4=C(C=C(C=C4)Cl)O,,,C25H27ClN2O2,422.176105784,5.6724,0,0,0,BTM00055,BTM00055,O-Hydroxylation of monosubstituted benzene,BTMR1034,"CYP1A2
CYP2C8
CYP2C9
CYP2C19
CYP3A4",HUMAN,BTM00011,CC1=CC(=CC=C1)CN2CCN(CC2)C(C3=CC=CC=C3)C4=C(C=C(C=C4)Cl)O,"InChI=1S/C25H27ClN2O/c1-19-6-5-7-20(16-19)18-27-12-14-28(15-13-27)25(21-8-3-2-4-9-21)23-11-10-22(26)17-24(23)29/h2-11,16-17,25,29H,12-15,18H2,1H3",SOMQZWWOUBJDHC-UHFFFAOYSA-N,5.939800000000002,406.181191164
"InChI=1S/C25H27ClN2O2/c1-18-6-5-9-20(16-18)25(30)28-14-12-27(13-15-28)24(19-7-3-2-4-8-19)22-11-10-21(26)17-23(22)29/h2-11,16-17,24-25,29-30H,12-15H2,1H3",FQTGILPUNIFCAX-UHFFFAOYSA-N,CC1=CC(=CC=C1)C(N2CCN(CC2)C(C3=CC=CC=C3)C4=C(C=C(C=C4)Cl)O)O,,,C25H27ClN2O2,422.176105784,5.6001,0,0,0,BTM00068,BTM00068,Hydroxylation of non-terminal aliphatic carbon adjacent to aromatic ring,BTMR1077,"CYP1A2
CYP2C8
CYP2C9
CYP2D6
CYP3A4",HUMAN,BTM00011,CC1=CC(=CC=C1)CN2CCN(CC2)C(C3=CC=CC=C3)C4=C(C=C(C=C4)Cl)O,"InChI=1S/C25H27ClN2O/c1-19-6-5-7-20(16-19)18-27-12-14-28(15-13-27)25(21-8-3-2-4-9-21)23-11-10-22(26)17-24(23)29/h2-11,16-17,25,29H,12-15,18H2,1H3",SOMQZWWOUBJDHC-UHFFFAOYSA-N,5.939800000000002,406.181191164
"InChI=1S/C25H27ClN2O2/c1-18-6-5-7-19(14-18)17-27-10-12-28(13-11-27)25(20-8-3-2-4-9-20)21-15-24(30)22(26)16-23(21)29/h2-9,14-16,25,29-30H,10-13,17H2,1H3",WFSKITALQXORDM-UHFFFAOYSA-N,CC1=CC(=CC=C1)CN2CCN(CC2)C(C3=CC=CC=C3)C4=C(C=C(C(=C4)O)Cl)O,,,C25H27ClN2O2,422.176105784,5.6724,0,0,0,BTM00132,BTM00132,p-Hydroxylation of phenol,BTMR1038,"CYP1A2
CYP2A6
CYP2B6
CYP2C8
CYP2C9
CYP2C19
CYP2D6
CYP2E1
CYP3A4",HUMAN,BTM00011,CC1=CC(=CC=C1)CN2CCN(CC2)C(C3=CC=CC=C3)C4=C(C=C(C=C4)Cl)O,"InChI=1S/C25H27ClN2O/c1-19-6-5-7-20(16-19)18-27-12-14-28(15-13-27)25(21-8-3-2-4-9-21)23-11-10-22(26)17-24(23)29/h2-11,16-17,25,29H,12-15,18H2,1H3",SOMQZWWOUBJDHC-UHFFFAOYSA-N,5.939800000000002,406.181191164
"InChI=1S/C25H27ClN2O2/c26-22-9-10-23(24(30)16-22)25(21-7-2-1-3-8-21)28-13-11-27(12-14-28)17-19-5-4-6-20(15-19)18-29/h1-10,15-16,25,29-30H,11-14,17-18H2",YBYIASBWOAOZIG-UHFFFAOYSA-N,C(C1=CC(=CC=C1)CN2CCN(CC2)C(C3=CC=CC=C3)C4=C(C=C(C=C4)Cl)O)O,,,C25H27ClN2O2,422.176105784,4.8491,0,0,0,BTM00081,BTM00081,Aliphatic hydroxylation of methyl carbon adjacent to aromatic ring,BTMR1058,"CYP1A2
CYP2A6
CYP2B6
CYP2C8
CYP2C9
CYP2C19
CYP2D6
CYP2E1
CYP3A4",HUMAN,BTM00011,CC1=CC(=CC=C1)CN2CCN(CC2)C(C3=CC=CC=C3)C4=C(C=C(C=C4)Cl)O,"InChI=1S/C25H27ClN2O/c1-19-6-5-7-20(16-19)18-27-12-14-28(15-13-27)25(21-8-3-2-4-9-21)23-11-10-22(26)17-24(23)29/h2-11,16-17,25,29H,12-15,18H2,1H3",SOMQZWWOUBJDHC-UHFFFAOYSA-N,5.939800000000002,406.181191164
"InChI=1S/C25H27ClN2O2/c1-19-6-5-7-20(16-19)18-27-12-14-28(30,15-13-27)25(21-8-3-2-4-9-21)23-11-10-22(26)17-24(23)29/h2-11,16-17,25,29H,12-15,18H2,1H3",UVIHSXXGGXORJU-UHFFFAOYSA-N,CC1=CC(=CC=C1)CN2CC[N+](CC2)(C(C3=CC=CC=C3)C4=C(C=C(C=C4)Cl)O)[O-],,,C25H27ClN2O2,422.176105784,5.534700000000003,0,0,0,BTM00091,BTM00091,N-Oxidation of alicyclic tertiary amine,BTMR1099,"CYP1A2
CYP2C8
CYP2C19
CYP2D6
CYP3A4",HUMAN,BTM00011,CC1=CC(=CC=C1)CN2CCN(CC2)C(C3=CC=CC=C3)C4=C(C=C(C=C4)Cl)O,"InChI=1S/C25H27ClN2O/c1-19-6-5-7-20(16-19)18-27-12-14-28(15-13-27)25(21-8-3-2-4-9-21)23-11-10-22(26)17-24(23)29/h2-11,16-17,25,29H,12-15,18H2,1H3",SOMQZWWOUBJDHC-UHFFFAOYSA-N,5.939800000000002,406.181191164
"InChI=1S/C25H27ClN2O2/c1-19-6-5-7-20(16-19)18-28(30)14-12-27(13-15-28)25(21-8-3-2-4-9-21)23-11-10-22(26)17-24(23)29/h2-11,16-17,25,29H,12-15,18H2,1H3",RGXAIUJOCVLUHY-UHFFFAOYSA-N,CC1=CC(=CC=C1)C[N+]2(CCN(CC2)C(C3=CC=CC=C3)C4=C(C=C(C=C4)Cl)O)[O-],,,C25H27ClN2O2,422.176105784,5.534700000000003,0,0,0,BTM00100,BTM00100,N-Oxidation of alicyclic tertiary amine,BTMR1099,"CYP1A2
CYP2C8
CYP2C19
CYP2D6
CYP3A4",HUMAN,BTM00011,CC1=CC(=CC=C1)CN2CCN(CC2)C(C3=CC=CC=C3)C4=C(C=C(C=C4)Cl)O,"InChI=1S/C25H27ClN2O/c1-19-6-5-7-20(16-19)18-27-12-14-28(15-13-27)25(21-8-3-2-4-9-21)23-11-10-22(26)17-24(23)29/h2-11,16-17,25,29H,12-15,18H2,1H3",SOMQZWWOUBJDHC-UHFFFAOYSA-N,5.939800000000002,406.181191164
"InChI=1S/C8H8O/c1-7-3-2-4-8(5-7)6-9/h2-6H,1H3",OVWYEQOVUDKZNU-UHFFFAOYSA-N,CC1=CC(=CC=C1)C=O,,,C8H8O,120.057514876,2.0756,0,0,0,BTM00006,BTM00006,N-Dealkylation of alicyclic tertiary amine,BTMR1144,"CYP1A2
CYP2A6
CYP2B6
CYP2C8
CYP2C9
CYP2C19
CYP2D6
CYP3A4",HUMAN,BTM00011,CC1=CC(=CC=C1)CN2CCN(CC2)C(C3=CC=CC=C3)C4=C(C=C(C=C4)Cl)O,"InChI=1S/C25H27ClN2O/c1-19-6-5-7-20(16-19)18-27-12-14-28(15-13-27)25(21-8-3-2-4-9-21)23-11-10-22(26)17-24(23)29/h2-11,16-17,25,29H,12-15,18H2,1H3",SOMQZWWOUBJDHC-UHFFFAOYSA-N,5.939800000000002,406.181191164
"InChI=1S/C17H19ClN2O/c18-14-6-7-15(16(21)12-14)17(13-4-2-1-3-5-13)20-10-8-19-9-11-20/h1-7,12,17,19,21H,8-11H2",GKOQBWAGLNCSFF-UHFFFAOYSA-N,N1CCN(CC1)C(C2=CC=CC=C2)C3=C(C=C(C=C3)Cl)O,,,C17H19ClN2O,302.118590908,3.3342,0,0,0,BTM00111,BTM00111,N-Dealkylation of alicyclic tertiary amine,BTMR1144,"CYP1A2
CYP2A6
CYP2B6
CYP2C8
CYP2C9
CYP2C19
CYP2D6
CYP3A4",HUMAN,BTM00011,CC1=CC(=CC=C1)CN2CCN(CC2)C(C3=CC=CC=C3)C4=C(C=C(C=C4)Cl)O,"InChI=1S/C25H27ClN2O/c1-19-6-5-7-20(16-19)18-27-12-14-28(15-13-27)25(21-8-3-2-4-9-21)23-11-10-22(26)17-24(23)29/h2-11,16-17,25,29H,12-15,18H2,1H3",SOMQZWWOUBJDHC-UHFFFAOYSA-N,5.939800000000002,406.181191164
"InChI=1S/C12H18N2/c1-11-3-2-4-12(9-11)10-14-7-5-13-6-8-14/h2-4,9,13H,5-8,10H2,1H3",VTEOTZPEMDQENX-UHFFFAOYSA-N,CC1=CC(=CC=C1)CN2CCNCC2,,,C12H18N2,190.146998576,1.8112000000000017,0,0,0,BTM00008,BTM00008,N-Dealkylation of alicyclic tertiary amine,BTMR1144,"CYP1A2
CYP2A6
CYP2B6
CYP2C8
CYP2C9
CYP2C19
CYP2D6
CYP3A4",HUMAN,BTM00011,CC1=CC(=CC=C1)CN2CCN(CC2)C(C3=CC=CC=C3)C4=C(C=C(C=C4)Cl)O,"InChI=1S/C25H27ClN2O/c1-19-6-5-7-20(16-19)18-27-12-14-28(15-13-27)25(21-8-3-2-4-9-21)23-11-10-22(26)17-24(23)29/h2-11,16-17,25,29H,12-15,18H2,1H3",SOMQZWWOUBJDHC-UHFFFAOYSA-N,5.939800000000002,406.181191164
"InChI=1S/C13H9ClO2/c14-10-6-7-11(12(15)8-10)13(16)9-4-2-1-3-5-9/h1-8,15H",JYFJHKRWGLEWKH-UHFFFAOYSA-N,C(C1=CC=CC=C1)(C2=C(C=C(C=C2)Cl)O)=O,,,C13H9ClO2,232.029107208,3.6311999999999998,0,0,0,BTM00121,BTM00121,N-Dealkylation of alicyclic tertiary amine,BTMR1144,"CYP1A2
CYP2A6
CYP2B6
CYP2C8
CYP2C9
CYP2C19
CYP2D6
CYP3A4",HUMAN,BTM00011,CC1=CC(=CC=C1)CN2CCN(CC2)C(C3=CC=CC=C3)C4=C(C=C(C=C4)Cl)O,"InChI=1S/C25H27ClN2O/c1-19-6-5-7-20(16-19)18-27-12-14-28(15-13-27)25(21-8-3-2-4-9-21)23-11-10-22(26)17-24(23)29/h2-11,16-17,25,29H,12-15,18H2,1H3",SOMQZWWOUBJDHC-UHFFFAOYSA-N,5.939800000000002,406.181191164
"InChI=1S/C25H27ClN2O2/c1-18-6-5-9-20(25(18)30)17-27-12-14-28(15-13-27)24(19-7-3-2-4-8-19)22-11-10-21(26)16-23(22)29/h2-11,16,24,29-30H,12-15,17H2,1H3",YXVMHDLZHSZTBU-UHFFFAOYSA-N,CC1=C(C(=CC=C1)CN2CCN(CC2)C(C3=CC=CC=C3)C4=C(C=C(C=C4)Cl)O)O,,,C25H27ClN2O2,422.176105784,5.6724,0,0,0,BTM00125,BTM00125,Hydroxylation of benzene on carbon ortho to electron donating group,BTMR1045,"CYP1A2
CYP2C8
CYP2C9
CYP2C19
CYP2D6
CYP3A4",HUMAN,BTM00011,CC1=CC(=CC=C1)CN2CCN(CC2)C(C3=CC=CC=C3)C4=C(C=C(C=C4)Cl)O,"InChI=1S/C25H27ClN2O/c1-19-6-5-7-20(16-19)18-27-12-14-28(15-13-27)25(21-8-3-2-4-9-21)23-11-10-22(26)17-24(23)29/h2-11,16-17,25,29H,12-15,18H2,1H3",SOMQZWWOUBJDHC-UHFFFAOYSA-N,5.939800000000002,406.181191164
"InChI=1S/C25H27ClN2O2/c1-18-6-5-7-19(14-18)17-27-10-12-28(13-11-27)25(20-8-3-2-4-9-20)24-22(29)15-21(26)16-23(24)30/h2-9,14-16,25,29-30H,10-13,17H2,1H3",VOVIHAABVGVQEA-UHFFFAOYSA-N,CC1=CC(=CC=C1)CN2CCN(CC2)C(C3=CC=CC=C3)C4=C(C=C(C=C4O)Cl)O,,,C25H27ClN2O2,422.176105784,5.6724,0,0,0,BTM00133,BTM00133,Hydroxylation of benzene on carbon ortho to electron donating group,BTMR1045,"CYP1A2
CYP2C8
CYP2C9
CYP2C19
CYP2D6
CYP3A4",HUMAN,BTM00011,CC1=CC(=CC=C1)CN2CCN(CC2)C(C3=CC=CC=C3)C4=C(C=C(C=C4)Cl)O,"InChI=1S/C25H27ClN2O/c1-19-6-5-7-20(16-19)18-27-12-14-28(15-13-27)25(21-8-3-2-4-9-21)23-11-10-22(26)17-24(23)29/h2-11,16-17,25,29H,12-15,18H2,1H3",SOMQZWWOUBJDHC-UHFFFAOYSA-N,5.939800000000002,406.181191164
"InChI=1S/C25H27ClN2O2/c1-18-5-4-6-19(15-18)17-27-11-13-28(14-12-27)25(21-7-2-3-8-23(21)29)22-10-9-20(26)16-24(22)30/h2-10,15-16,25,29-30H,11-14,17H2,1H3",IHJOOROUSKQAFG-UHFFFAOYSA-N,CC1=CC(=CC=C1)CN2CCN(CC2)C(C3=C(C=CC=C3)O)C4=C(C=C(C=C4)Cl)O,,,C25H27ClN2O2,422.176105784,5.6724,0,0,0,BTM00055,BTM00055,Hydroxylation of benzene on carbon ortho to electron donating group,BTMR1045,"CYP1A2
CYP2C8
CYP2C9
CYP2C19
CYP2D6
CYP3A4",HUMAN,BTM00011,CC1=CC(=CC=C1)CN2CCN(CC2)C(C3=CC=CC=C3)C4=C(C=C(C=C4)Cl)O,"InChI=1S/C25H27ClN2O/c1-19-6-5-7-20(16-19)18-27-12-14-28(15-13-27)25(21-8-3-2-4-9-21)23-11-10-22(26)17-24(23)29/h2-11,16-17,25,29H,12-15,18H2,1H3",SOMQZWWOUBJDHC-UHFFFAOYSA-N,5.939800000000002,406.181191164
"InChI=1S/C25H27ClN2O2/c1-18-7-10-23(29)20(15-18)17-27-11-13-28(14-12-27)25(19-5-3-2-4-6-19)22-9-8-21(26)16-24(22)30/h2-10,15-16,25,29-30H,11-14,17H2,1H3",QDHMNIZJGLIMQL-UHFFFAOYSA-N,CC1=CC(=C(C=C1)O)CN2CCN(CC2)C(C3=CC=CC=C3)C4=C(C=C(C=C4)Cl)O,,,C25H27ClN2O2,422.176105784,5.6724,0,0,0,BTM00134,BTM00134,Hydroxylation of benzene on carbon ortho to electron donating group,BTMR1045,"CYP1A2
CYP2C8
CYP2C9
CYP2C19
CYP2D6
CYP3A4",HUMAN,BTM00011,CC1=CC(=CC=C1)CN2CCN(CC2)C(C3=CC=CC=C3)C4=C(C=C(C=C4)Cl)O,"InChI=1S/C25H27ClN2O/c1-19-6-5-7-20(16-19)18-27-12-14-28(15-13-27)25(21-8-3-2-4-9-21)23-11-10-22(26)17-24(23)29/h2-11,16-17,25,29H,12-15,18H2,1H3",SOMQZWWOUBJDHC-UHFFFAOYSA-N,5.939800000000002,406.181191164
"InChI=1S/C25H27ClN2O2/c1-18-15-19(7-10-23(18)29)17-27-11-13-28(14-12-27)25(20-5-3-2-4-6-20)22-9-8-21(26)16-24(22)30/h2-10,15-16,25,29-30H,11-14,17H2,1H3",OHEKCQHCHUYOGG-UHFFFAOYSA-N,CC1=CC(=CC=C1O)CN2CCN(CC2)C(C3=CC=CC=C3)C4=C(C=C(C=C4)Cl)O,,,C25H27ClN2O2,422.176105784,5.6724,0,0,0,BTM00135,BTM00135,Hydroxylation of benzene on carbon ortho to electron donating group,BTMR1045,"CYP1A2
CYP2C8
CYP2C9
CYP2C19
CYP2D6
CYP3A4",HUMAN,BTM00011,CC1=CC(=CC=C1)CN2CCN(CC2)C(C3=CC=CC=C3)C4=C(C=C(C=C4)Cl)O,"InChI=1S/C25H27ClN2O/c1-19-6-5-7-20(16-19)18-27-12-14-28(15-13-27)25(21-8-3-2-4-9-21)23-11-10-22(26)17-24(23)29/h2-11,16-17,25,29H,12-15,18H2,1H3",SOMQZWWOUBJDHC-UHFFFAOYSA-N,5.939800000000002,406.181191164
"InChI=1S/C25H27ClN2O2/c1-18-3-2-4-19(15-18)17-27-11-13-28(14-12-27)25(20-5-8-22(29)9-6-20)23-10-7-21(26)16-24(23)30/h2-10,15-16,25,29-30H,11-14,17H2,1H3",KHLSRMNBMQUFDD-UHFFFAOYSA-N,CC1=CC(=CC=C1)CN2CCN(CC2)C(C3=CC=C(C=C3)O)C4=C(C=C(C=C4)Cl)O,,,C25H27ClN2O2,422.176105784,5.6724,0,0,0,BTM00136,BTM00136,Hydroxylation of benzene on carbon para to electron donating group,BTMR1047,"CYP1A2
CYP2C8
CYP2C9
CYP2D6
CYP3A4",HUMAN,BTM00011,CC1=CC(=CC=C1)CN2CCN(CC2)C(C3=CC=CC=C3)C4=C(C=C(C=C4)Cl)O,"InChI=1S/C25H27ClN2O/c1-19-6-5-7-20(16-19)18-27-12-14-28(15-13-27)25(21-8-3-2-4-9-21)23-11-10-22(26)17-24(23)29/h2-11,16-17,25,29H,12-15,18H2,1H3",SOMQZWWOUBJDHC-UHFFFAOYSA-N,5.939800000000002,406.181191164
"InChI=1S/C25H27ClN2O2/c1-18-7-10-23(29)20(15-18)17-27-11-13-28(14-12-27)25(19-5-3-2-4-6-19)22-9-8-21(26)16-24(22)30/h2-10,15-16,25,29-30H,11-14,17H2,1H3",QDHMNIZJGLIMQL-UHFFFAOYSA-N,CC1=CC(=C(C=C1)O)CN2CCN(CC2)C(C3=CC=CC=C3)C4=C(C=C(C=C4)Cl)O,,,C25H27ClN2O2,422.176105784,5.6724,0,0,0,BTM00134,BTM00134,Hydroxylation of benzene on carbon para to electron donating group,BTMR1047,"CYP1A2
CYP2C8
CYP2C9
CYP2D6
CYP3A4",HUMAN,BTM00011,CC1=CC(=CC=C1)CN2CCN(CC2)C(C3=CC=CC=C3)C4=C(C=C(C=C4)Cl)O,"InChI=1S/C25H27ClN2O/c1-19-6-5-7-20(16-19)18-27-12-14-28(15-13-27)25(21-8-3-2-4-9-21)23-11-10-22(26)17-24(23)29/h2-11,16-17,25,29H,12-15,18H2,1H3",SOMQZWWOUBJDHC-UHFFFAOYSA-N,5.939800000000002,406.181191164
"InChI=1S/C25H27ClN2O2/c1-18-15-19(7-10-23(18)29)17-27-11-13-28(14-12-27)25(20-5-3-2-4-6-20)22-9-8-21(26)16-24(22)30/h2-10,15-16,25,29-30H,11-14,17H2,1H3",OHEKCQHCHUYOGG-UHFFFAOYSA-N,CC1=CC(=CC=C1O)CN2CCN(CC2)C(C3=CC=CC=C3)C4=C(C=C(C=C4)Cl)O,,,C25H27ClN2O2,422.176105784,5.6724,0,0,0,BTM00135,BTM00135,Hydroxylation of benzene on carbon para to electron donating group,BTMR1047,"CYP1A2
CYP2C8
CYP2C9
CYP2D6
CYP3A4",HUMAN,BTM00011,CC1=CC(=CC=C1)CN2CCN(CC2)C(C3=CC=CC=C3)C4=C(C=C(C=C4)Cl)O,"InChI=1S/C25H27ClN2O/c1-19-6-5-7-20(16-19)18-27-12-14-28(15-13-27)25(21-8-3-2-4-9-21)23-11-10-22(26)17-24(23)29/h2-11,16-17,25,29H,12-15,18H2,1H3",SOMQZWWOUBJDHC-UHFFFAOYSA-N,5.939800000000002,406.181191164
"InChI=1S/C25H27ClN2O2/c1-18-6-5-7-19(14-18)16-27-12-13-28(17-24(27)30)25(20-8-3-2-4-9-20)22-11-10-21(26)15-23(22)29/h2-11,14-15,24-25,29-30H,12-13,16-17H2,1H3",BJBQLVMEHINSJQ-UHFFFAOYSA-N,CC1=CC(=CC=C1)CN2C(CN(CC2)C(C3=CC=CC=C3)C4=C(C=C(C=C4)Cl)O)O,,,C25H27ClN2O2,422.176105784,5.6001,0,0,0,BTM00137,BTM00137,Hydroxylation of heteroalicyclic secondary carbon,BTMR1070,"CYP1A2
CYP2A6
CYP2C9
CYP2D6
CYP3A4",HUMAN,BTM00011,CC1=CC(=CC=C1)CN2CCN(CC2)C(C3=CC=CC=C3)C4=C(C=C(C=C4)Cl)O,"InChI=1S/C25H27ClN2O/c1-19-6-5-7-20(16-19)18-27-12-14-28(15-13-27)25(21-8-3-2-4-9-21)23-11-10-22(26)17-24(23)29/h2-11,16-17,25,29H,12-15,18H2,1H3",SOMQZWWOUBJDHC-UHFFFAOYSA-N,5.939800000000002,406.181191164
"InChI=1S/C25H27ClN2O2/c1-18-6-5-7-19(14-18)16-27-12-13-28(24(30)17-27)25(20-8-3-2-4-9-20)22-11-10-21(26)15-23(22)29/h2-11,14-15,24-25,29-30H,12-13,16-17H2,1H3",HEHYNDUFRIVFNS-UHFFFAOYSA-N,CC1=CC(=CC=C1)CN2CC(N(CC2)C(C3=CC=CC=C3)C4=C(C=C(C=C4)Cl)O)O,,,C25H27ClN2O2,422.176105784,5.6001,0,0,0,BTM00138,BTM00138,Hydroxylation of heteroalicyclic secondary carbon,BTMR1070,"CYP1A2
CYP2A6
CYP2C9
CYP2D6
CYP3A4",HUMAN,BTM00011,CC1=CC(=CC=C1)CN2CCN(CC2)C(C3=CC=CC=C3)C4=C(C=C(C=C4)Cl)O,"InChI=1S/C25H27ClN2O/c1-19-6-5-7-20(16-19)18-27-12-14-28(15-13-27)25(21-8-3-2-4-9-21)23-11-10-22(26)17-24(23)29/h2-11,16-17,25,29H,12-15,18H2,1H3",SOMQZWWOUBJDHC-UHFFFAOYSA-N,5.939800000000002,406.181191164
"InChI=1S/C25H27ClN2O2/c1-18-6-5-7-19(16-18)17-27-12-14-28(15-13-27)23(20-8-3-2-4-9-20)21-10-11-22(26)25(30)24(21)29/h2-11,16,23,29-30H,12-15,17H2,1H3",RHBHXQNDLRTFCZ-UHFFFAOYSA-N,CC1=CC(=CC=C1)CN2CCN(CC2)C(C3=CC=CC=C3)C4=C(C(=C(C=C4)Cl)O)O,,,C25H27ClN2O2,422.176105784,5.6724,1,0,0,BTM00139,BTM00139,O-Hydroxylation of phenol,BTMR1037,"CYP1A2
CYP2A6
CYP2B6
CYP2C8
CYP2C9
CYP2C19
CYP2D6
CYP2E1
CYP3A4",HUMAN,BTM00011,CC1=CC(=CC=C1)CN2CCN(CC2)C(C3=CC=CC=C3)C4=C(C=C(C=C4)Cl)O,"InChI=1S/C25H27ClN2O/c1-19-6-5-7-20(16-19)18-27-12-14-28(15-13-27)25(21-8-3-2-4-9-21)23-11-10-22(26)17-24(23)29/h2-11,16-17,25,29H,12-15,18H2,1H3",SOMQZWWOUBJDHC-UHFFFAOYSA-N,5.939800000000002,406.181191164
"InChI=1S/C25H27ClN2O2/c1-18-6-11-23(29)20(16-18)17-27-12-14-28(15-13-27)25(19-7-9-21(26)10-8-19)22-4-2-3-5-24(22)30/h2-11,16,25,29-30H,12-15,17H2,1H3",DVBDRMXLQRCKKH-UHFFFAOYSA-N,CC1=CC(=C(C=C1)O)CN2CCN(CC2)C(C3=C(C=CC=C3)O)C4=CC=C(C=C4)Cl,,,C25H27ClN2O2,422.17610578399996,5.6724,0,0,0,BTM00057,BTM00057,O-Hydroxylation of monosubstituted benzene,BTMR1034,"CYP1A2
CYP2C8
CYP2C9
CYP2C19
CYP3A4",HUMAN,BTM00012,CC1=CC(=C(C=C1)O)CN2CCN(CC2)C(C3=CC=CC=C3)C4=CC=C(C=C4)Cl,"InChI=1S/C25H27ClN2O/c1-19-7-12-24(29)22(17-19)18-27-13-15-28(16-14-27)25(20-5-3-2-4-6-20)21-8-10-23(26)11-9-21/h2-12,17,25,29H,13-16,18H2,1H3",UYCKJDLDJGFHGZ-UHFFFAOYSA-N,5.939800000000002,406.181191164
"InChI=1S/C25H27ClN2O2/c1-18-7-12-23(29)22(17-18)25(30)28-15-13-27(14-16-28)24(19-5-3-2-4-6-19)20-8-10-21(26)11-9-20/h2-12,17,24-25,29-30H,13-16H2,1H3",RBQJIXZPQBRBRX-UHFFFAOYSA-N,CC1=CC(=C(C=C1)O)C(N2CCN(CC2)C(C3=CC=CC=C3)C4=CC=C(C=C4)Cl)O,,,C25H27ClN2O2,422.176105784,5.6001,1,0,0,BTM00069,BTM00069,Hydroxylation of non-terminal aliphatic carbon adjacent to aromatic ring,BTMR1077,"CYP1A2
CYP2C8
CYP2C9
CYP2D6
CYP3A4",HUMAN,BTM00012,CC1=CC(=C(C=C1)O)CN2CCN(CC2)C(C3=CC=CC=C3)C4=CC=C(C=C4)Cl,"InChI=1S/C25H27ClN2O/c1-19-7-12-24(29)22(17-19)18-27-13-15-28(16-14-27)25(20-5-3-2-4-6-20)21-8-10-23(26)11-9-21/h2-12,17,25,29H,13-16,18H2,1H3",UYCKJDLDJGFHGZ-UHFFFAOYSA-N,5.939800000000002,406.181191164
"InChI=1S/C25H27ClN2O2/c26-23-9-7-21(8-10-23)25(20-4-2-1-3-5-20)28-14-12-27(13-15-28)17-22-16-19(18-29)6-11-24(22)30/h1-11,16,25,29-30H,12-15,17-18H2",BSJRYPPDOIJSEN-UHFFFAOYSA-N,C(C1=CC(=C(C=C1)O)CN2CCN(CC2)C(C3=CC=CC=C3)C4=CC=C(C=C4)Cl)O,,,C25H27ClN2O2,422.176105784,4.8491,0,0,0,BTM00082,BTM00082,Aliphatic hydroxylation of methyl carbon adjacent to aromatic ring,BTMR1058,"CYP1A2
CYP2A6
CYP2B6
CYP2C8
CYP2C9
CYP2C19
CYP2D6
CYP2E1
CYP3A4",HUMAN,BTM00012,CC1=CC(=C(C=C1)O)CN2CCN(CC2)C(C3=CC=CC=C3)C4=CC=C(C=C4)Cl,"InChI=1S/C25H27ClN2O/c1-19-7-12-24(29)22(17-19)18-27-13-15-28(16-14-27)25(20-5-3-2-4-6-20)21-8-10-23(26)11-9-21/h2-12,17,25,29H,13-16,18H2,1H3",UYCKJDLDJGFHGZ-UHFFFAOYSA-N,5.939800000000002,406.181191164
"InChI=1S/C25H27ClN2O2/c1-19-7-12-24(29)22(17-19)18-27-13-15-28(30,16-14-27)25(20-5-3-2-4-6-20)21-8-10-23(26)11-9-21/h2-12,17,25,29H,13-16,18H2,1H3",OPSQEAAPHQWVBD-UHFFFAOYSA-N,CC1=CC(=C(C=C1)O)CN2CC[N+](CC2)(C(C3=CC=CC=C3)C4=CC=C(C=C4)Cl)[O-],,,C25H27ClN2O2,422.176105784,5.534700000000003,0,0,0,BTM00092,BTM00092,N-Oxidation of alicyclic tertiary amine,BTMR1099,"CYP1A2
CYP2C8
CYP2C19
CYP2D6
CYP3A4",HUMAN,BTM00012,CC1=CC(=C(C=C1)O)CN2CCN(CC2)C(C3=CC=CC=C3)C4=CC=C(C=C4)Cl,"InChI=1S/C25H27ClN2O/c1-19-7-12-24(29)22(17-19)18-27-13-15-28(16-14-27)25(20-5-3-2-4-6-20)21-8-10-23(26)11-9-21/h2-12,17,25,29H,13-16,18H2,1H3",UYCKJDLDJGFHGZ-UHFFFAOYSA-N,5.939800000000002,406.181191164
"InChI=1S/C25H27ClN2O2/c1-19-7-12-24(29)22(17-19)18-28(30)15-13-27(14-16-28)25(20-5-3-2-4-6-20)21-8-10-23(26)11-9-21/h2-12,17,25,29H,13-16,18H2,1H3",GVITWHIADRONNI-UHFFFAOYSA-N,CC1=CC(=C(C=C1)O)C[N+]2(CCN(CC2)C(C3=CC=CC=C3)C4=CC=C(C=C4)Cl)[O-],,,C25H27ClN2O2,422.176105784,5.534700000000003,0,0,0,BTM00101,BTM00101,N-Oxidation of alicyclic tertiary amine,BTMR1099,"CYP1A2
CYP2C8
CYP2C19
CYP2D6
CYP3A4",HUMAN,BTM00012,CC1=CC(=C(C=C1)O)CN2CCN(CC2)C(C3=CC=CC=C3)C4=CC=C(C=C4)Cl,"InChI=1S/C25H27ClN2O/c1-19-7-12-24(29)22(17-19)18-27-13-15-28(16-14-27)25(20-5-3-2-4-6-20)21-8-10-23(26)11-9-21/h2-12,17,25,29H,13-16,18H2,1H3",UYCKJDLDJGFHGZ-UHFFFAOYSA-N,5.939800000000002,406.181191164
"InChI=1S/C8H8O2/c1-6-2-3-8(10)7(4-6)5-9/h2-5,10H,1H3",ILEIUTCVWLYZOM-UHFFFAOYSA-N,CC1=CC(=C(C=C1)O)C=O,,,C8H8O2,136.052429496,1.8082000000000003,0,0,0,BTM00108,BTM00108,N-Dealkylation of alicyclic tertiary amine,BTMR1144,"CYP1A2
CYP2A6
CYP2B6
CYP2C8
CYP2C9
CYP2C19
CYP2D6
CYP3A4",HUMAN,BTM00012,CC1=CC(=C(C=C1)O)CN2CCN(CC2)C(C3=CC=CC=C3)C4=CC=C(C=C4)Cl,"InChI=1S/C25H27ClN2O/c1-19-7-12-24(29)22(17-19)18-27-13-15-28(16-14-27)25(20-5-3-2-4-6-20)21-8-10-23(26)11-9-21/h2-12,17,25,29H,13-16,18H2,1H3",UYCKJDLDJGFHGZ-UHFFFAOYSA-N,5.939800000000002,406.181191164
"InChI=1S/C17H19ClN2/c18-16-8-6-15(7-9-16)17(14-4-2-1-3-5-14)20-12-10-19-11-13-20/h1-9,17,19H,10-13H2",UZKBSZSTDQSMDR-UHFFFAOYSA-N,N1CCN(CC1)C(C2=CC=CC=C2)C3=CC=C(C=C3)Cl,,,C17H19ClN2,286.123676288,3.6016000000000004,0,0,0,BTM00007,BTM00007,N-Dealkylation of alicyclic tertiary amine,BTMR1144,"CYP1A2
CYP2A6
CYP2B6
CYP2C8
CYP2C9
CYP2C19
CYP2D6
CYP3A4",HUMAN,BTM00012,CC1=CC(=C(C=C1)O)CN2CCN(CC2)C(C3=CC=CC=C3)C4=CC=C(C=C4)Cl,"InChI=1S/C25H27ClN2O/c1-19-7-12-24(29)22(17-19)18-27-13-15-28(16-14-27)25(20-5-3-2-4-6-20)21-8-10-23(26)11-9-21/h2-12,17,25,29H,13-16,18H2,1H3",UYCKJDLDJGFHGZ-UHFFFAOYSA-N,5.939800000000002,406.181191164
"InChI=1S/C12H18N2O/c1-10-2-3-12(15)11(8-10)9-14-6-4-13-5-7-14/h2-3,8,13,15H,4-7,9H2,1H3",VBWCHVVSZCVMPN-UHFFFAOYSA-N,CC1=CC(=C(C=C1)O)CN2CCNCC2,,,C12H18N2O,206.141913196,1.5438000000000005,0,0,0,BTM00117,BTM00117,N-Dealkylation of alicyclic tertiary amine,BTMR1144,"CYP1A2
CYP2A6
CYP2B6
CYP2C8
CYP2C9
CYP2C19
CYP2D6
CYP3A4",HUMAN,BTM00012,CC1=CC(=C(C=C1)O)CN2CCN(CC2)C(C3=CC=CC=C3)C4=CC=C(C=C4)Cl,"InChI=1S/C25H27ClN2O/c1-19-7-12-24(29)22(17-19)18-27-13-15-28(16-14-27)25(20-5-3-2-4-6-20)21-8-10-23(26)11-9-21/h2-12,17,25,29H,13-16,18H2,1H3",UYCKJDLDJGFHGZ-UHFFFAOYSA-N,5.939800000000002,406.181191164
InChI=1S/C13H9ClO/c14-12-8-6-11(7-9-12)13(15)10-4-2-1-3-5-10/h1-9H,UGVRJVHOJNYEHR-UHFFFAOYSA-N,C(C1=CC=CC=C1)(C2=CC=C(C=C2)Cl)=O,,,C13H9ClO,216.034192588,3.8986,0,0,0,BTM00009,BTM00009,N-Dealkylation of alicyclic tertiary amine,BTMR1144,"CYP1A2
CYP2A6
CYP2B6
CYP2C8
CYP2C9
CYP2C19
CYP2D6
CYP3A4",HUMAN,BTM00012,CC1=CC(=C(C=C1)O)CN2CCN(CC2)C(C3=CC=CC=C3)C4=CC=C(C=C4)Cl,"InChI=1S/C25H27ClN2O/c1-19-7-12-24(29)22(17-19)18-27-13-15-28(16-14-27)25(20-5-3-2-4-6-20)21-8-10-23(26)11-9-21/h2-12,17,25,29H,13-16,18H2,1H3",UYCKJDLDJGFHGZ-UHFFFAOYSA-N,5.939800000000002,406.181191164
"InChI=1S/C25H27ClN2O2/c1-18-7-12-23(29)22(25(18)30)17-27-13-15-28(16-14-27)24(19-5-3-2-4-6-19)20-8-10-21(26)11-9-20/h2-12,24,29-30H,13-17H2,1H3",YDWNWJAMTDNOAH-UHFFFAOYSA-N,CC1=C(C(=C(C=C1)O)CN2CCN(CC2)C(C3=CC=CC=C3)C4=CC=C(C=C4)Cl)O,,,C25H27ClN2O2,422.176105784,5.6724,0,0,0,BTM00126,BTM00126,Hydroxylation of benzene on carbon ortho to electron donating group,BTMR1045,"CYP1A2
CYP2C8
CYP2C9
CYP2C19
CYP2D6
CYP3A4",HUMAN,BTM00012,CC1=CC(=C(C=C1)O)CN2CCN(CC2)C(C3=CC=CC=C3)C4=CC=C(C=C4)Cl,"InChI=1S/C25H27ClN2O/c1-19-7-12-24(29)22(17-19)18-27-13-15-28(16-14-27)25(20-5-3-2-4-6-20)21-8-10-23(26)11-9-21/h2-12,17,25,29H,13-16,18H2,1H3",UYCKJDLDJGFHGZ-UHFFFAOYSA-N,5.939800000000002,406.181191164
"InChI=1S/C25H27ClN2O2/c1-18-7-10-23(29)20(15-18)17-27-11-13-28(14-12-27)25(19-5-3-2-4-6-19)22-9-8-21(26)16-24(22)30/h2-10,15-16,25,29-30H,11-14,17H2,1H3",QDHMNIZJGLIMQL-UHFFFAOYSA-N,CC1=CC(=C(C=C1)O)CN2CCN(CC2)C(C3=CC=CC=C3)C4=C(C=C(C=C4)Cl)O,,,C25H27ClN2O2,422.176105784,5.6724,0,0,0,BTM00134,BTM00134,Hydroxylation of benzene on carbon ortho to electron donating group,BTMR1045,"CYP1A2
CYP2C8
CYP2C9
CYP2C19
CYP2D6
CYP3A4",HUMAN,BTM00012,CC1=CC(=C(C=C1)O)CN2CCN(CC2)C(C3=CC=CC=C3)C4=CC=C(C=C4)Cl,"InChI=1S/C25H27ClN2O/c1-19-7-12-24(29)22(17-19)18-27-13-15-28(16-14-27)25(20-5-3-2-4-6-20)21-8-10-23(26)11-9-21/h2-12,17,25,29H,13-16,18H2,1H3",UYCKJDLDJGFHGZ-UHFFFAOYSA-N,5.939800000000002,406.181191164
"InChI=1S/C25H27ClN2O2/c1-18-6-11-23(29)20(16-18)17-27-12-14-28(15-13-27)25(19-7-9-21(26)10-8-19)22-4-2-3-5-24(22)30/h2-11,16,25,29-30H,12-15,17H2,1H3",DVBDRMXLQRCKKH-UHFFFAOYSA-N,CC1=CC(=C(C=C1)O)CN2CCN(CC2)C(C3=C(C=CC=C3)O)C4=CC=C(C=C4)Cl,,,C25H27ClN2O2,422.17610578399996,5.6724,0,0,0,BTM00057,BTM00057,Hydroxylation of benzene on carbon ortho to electron donating group,BTMR1045,"CYP1A2
CYP2C8
CYP2C9
CYP2C19
CYP2D6
CYP3A4",HUMAN,BTM00012,CC1=CC(=C(C=C1)O)CN2CCN(CC2)C(C3=CC=CC=C3)C4=CC=C(C=C4)Cl,"InChI=1S/C25H27ClN2O/c1-19-7-12-24(29)22(17-19)18-27-13-15-28(16-14-27)25(20-5-3-2-4-6-20)21-8-10-23(26)11-9-21/h2-12,17,25,29H,13-16,18H2,1H3",UYCKJDLDJGFHGZ-UHFFFAOYSA-N,5.939800000000002,406.181191164
"InChI=1S/C25H27ClN2O2/c1-18-2-11-24(30)21(16-18)17-27-12-14-28(15-13-27)25(19-3-7-22(26)8-4-19)20-5-9-23(29)10-6-20/h2-11,16,25,29-30H,12-15,17H2,1H3",FTBVVBWRGCZRQL-UHFFFAOYSA-N,CC1=CC(=C(C=C1)O)CN2CCN(CC2)C(C3=CC=C(C=C3)O)C4=CC=C(C=C4)Cl,,,C25H27ClN2O2,422.176105784,5.6724,0,0,0,BTM00140,BTM00140,Hydroxylation of benzene on carbon para to electron donating group,BTMR1047,"CYP1A2
CYP2C8
CYP2C9
CYP2D6
CYP3A4",HUMAN,BTM00012,CC1=CC(=C(C=C1)O)CN2CCN(CC2)C(C3=CC=CC=C3)C4=CC=C(C=C4)Cl,"InChI=1S/C25H27ClN2O/c1-19-7-12-24(29)22(17-19)18-27-13-15-28(16-14-27)25(20-5-3-2-4-6-20)21-8-10-23(26)11-9-21/h2-12,17,25,29H,13-16,18H2,1H3",UYCKJDLDJGFHGZ-UHFFFAOYSA-N,5.939800000000002,406.181191164
"InChI=1S/C25H27ClN2O2/c1-18-15-21(24(30)16-23(18)29)17-27-11-13-28(14-12-27)25(19-5-3-2-4-6-19)20-7-9-22(26)10-8-20/h2-10,15-16,25,29-30H,11-14,17H2,1H3",SLDIFQZISAZXDE-UHFFFAOYSA-N,CC1=CC(=C(C=C1O)O)CN2CCN(CC2)C(C3=CC=CC=C3)C4=CC=C(C=C4)Cl,,,C25H27ClN2O2,422.176105784,5.6724,0,0,0,BTM00141,BTM00141,Hydroxylation of benzene on carbon para to electron donating group,BTMR1047,"CYP1A2
CYP2C8
CYP2C9
CYP2D6
CYP3A4",HUMAN,BTM00012,CC1=CC(=C(C=C1)O)CN2CCN(CC2)C(C3=CC=CC=C3)C4=CC=C(C=C4)Cl,"InChI=1S/C25H27ClN2O/c1-19-7-12-24(29)22(17-19)18-27-13-15-28(16-14-27)25(20-5-3-2-4-6-20)21-8-10-23(26)11-9-21/h2-12,17,25,29H,13-16,18H2,1H3",UYCKJDLDJGFHGZ-UHFFFAOYSA-N,5.939800000000002,406.181191164
"InChI=1S/C25H27ClN2O2/c1-18-7-12-23(29)21(15-18)16-27-13-14-28(17-24(27)30)25(19-5-3-2-4-6-19)20-8-10-22(26)11-9-20/h2-12,15,24-25,29-30H,13-14,16-17H2,1H3",BYXXVNLWTJBZHV-UHFFFAOYSA-N,CC1=CC(=C(C=C1)O)CN2C(CN(CC2)C(C3=CC=CC=C3)C4=CC=C(C=C4)Cl)O,,,C25H27ClN2O2,422.176105784,5.6001,0,0,0,BTM00142,BTM00142,Hydroxylation of heteroalicyclic secondary carbon,BTMR1070,"CYP1A2
CYP2A6
CYP2C9
CYP2D6
CYP3A4",HUMAN,BTM00012,CC1=CC(=C(C=C1)O)CN2CCN(CC2)C(C3=CC=CC=C3)C4=CC=C(C=C4)Cl,"InChI=1S/C25H27ClN2O/c1-19-7-12-24(29)22(17-19)18-27-13-15-28(16-14-27)25(20-5-3-2-4-6-20)21-8-10-23(26)11-9-21/h2-12,17,25,29H,13-16,18H2,1H3",UYCKJDLDJGFHGZ-UHFFFAOYSA-N,5.939800000000002,406.181191164
"InChI=1S/C25H27ClN2O2/c1-18-7-12-23(29)21(15-18)16-27-13-14-28(24(30)17-27)25(19-5-3-2-4-6-19)20-8-10-22(26)11-9-20/h2-12,15,24-25,29-30H,13-14,16-17H2,1H3",QUZVJDGZFVLXDS-UHFFFAOYSA-N,CC1=CC(=C(C=C1)O)CN2CC(N(CC2)C(C3=CC=CC=C3)C4=CC=C(C=C4)Cl)O,,,C25H27ClN2O2,422.176105784,5.6001,0,0,0,BTM00143,BTM00143,Hydroxylation of heteroalicyclic secondary carbon,BTMR1070,"CYP1A2
CYP2A6
CYP2C9
CYP2D6
CYP3A4",HUMAN,BTM00012,CC1=CC(=C(C=C1)O)CN2CCN(CC2)C(C3=CC=CC=C3)C4=CC=C(C=C4)Cl,"InChI=1S/C25H27ClN2O/c1-19-7-12-24(29)22(17-19)18-27-13-15-28(16-14-27)25(20-5-3-2-4-6-20)21-8-10-23(26)11-9-21/h2-12,17,25,29H,13-16,18H2,1H3",UYCKJDLDJGFHGZ-UHFFFAOYSA-N,5.939800000000002,406.181191164
"InChI=1S/C25H27ClN2O2/c1-18-15-21(25(30)23(29)16-18)17-27-11-13-28(14-12-27)24(19-5-3-2-4-6-19)20-7-9-22(26)10-8-20/h2-10,15-16,24,29-30H,11-14,17H2,1H3",OESXHDOATQNOFL-UHFFFAOYSA-N,CC1=CC(=C(C(=C1)O)O)CN2CCN(CC2)C(C3=CC=CC=C3)C4=CC=C(C=C4)Cl,,,C25H27ClN2O2,422.176105784,5.6724,1,0,0,BTM00144,BTM00144,O-Hydroxylation of phenol,BTMR1037,"CYP1A2
CYP2A6
CYP2B6
CYP2C8
CYP2C9
CYP2C19
CYP2D6
CYP2E1
CYP3A4",HUMAN,BTM00012,CC1=CC(=C(C=C1)O)CN2CCN(CC2)C(C3=CC=CC=C3)C4=CC=C(C=C4)Cl,"InChI=1S/C25H27ClN2O/c1-19-7-12-24(29)22(17-19)18-27-13-15-28(16-14-27)25(20-5-3-2-4-6-20)21-8-10-23(26)11-9-21/h2-12,17,25,29H,13-16,18H2,1H3",UYCKJDLDJGFHGZ-UHFFFAOYSA-N,5.939800000000002,406.181191164
"InChI=1S/C25H27ClN2O2/c1-18-7-10-23(29)21(15-18)17-27-11-13-28(14-12-27)25(19-5-3-2-4-6-19)20-8-9-22(26)24(30)16-20/h2-10,15-16,25,29-30H,11-14,17H2,1H3",SODZRIJXSQHYMO-UHFFFAOYSA-N,CC1=CC(=C(C=C1)O)CN2CCN(CC2)C(C3=CC=CC=C3)C4=CC(=C(C=C4)Cl)O,,,C25H27ClN2O2,422.176105784,5.6724,0,0,0,BTM00145,BTM00145,Hydroxylation of aromatic carbon ortho to halide group,BTMR1040,"CYP1A2
CYP2A6
CYP2B6
CYP2C8
CYP2C9
CYP2C19
CYP2D6
CYP2E1
CYP3A4",HUMAN,BTM00012,CC1=CC(=C(C=C1)O)CN2CCN(CC2)C(C3=CC=CC=C3)C4=CC=C(C=C4)Cl,"InChI=1S/C25H27ClN2O/c1-19-7-12-24(29)22(17-19)18-27-13-15-28(16-14-27)25(20-5-3-2-4-6-20)21-8-10-23(26)11-9-21/h2-12,17,25,29H,13-16,18H2,1H3",UYCKJDLDJGFHGZ-UHFFFAOYSA-N,5.939800000000002,406.181191164
"InChI=1S/C25H27ClN2O2/c1-18-16-19(6-11-23(18)29)17-27-12-14-28(15-13-27)25(20-7-9-21(26)10-8-20)22-4-2-3-5-24(22)30/h2-11,16,25,29-30H,12-15,17H2,1H3",HWQJLWLKILDDEC-UHFFFAOYSA-N,CC1=CC(=CC=C1O)CN2CCN(CC2)C(C3=C(C=CC=C3)O)C4=CC=C(C=C4)Cl,,,C25H27ClN2O2,422.176105784,5.6724,0,0,0,BTM00058,BTM00058,O-Hydroxylation of monosubstituted benzene,BTMR1034,"CYP1A2
CYP2C8
CYP2C9
CYP2C19
CYP3A4",HUMAN,BTM00013,CC1=CC(=CC=C1O)CN2CCN(CC2)C(C3=CC=CC=C3)C4=CC=C(C=C4)Cl,"InChI=1S/C25H27ClN2O/c1-19-17-20(7-12-24(19)29)18-27-13-15-28(16-14-27)25(21-5-3-2-4-6-21)22-8-10-23(26)11-9-22/h2-12,17,25,29H,13-16,18H2,1H3",BZJMJQDPRNBLGB-UHFFFAOYSA-N,5.939800000000002,406.181191164
"InChI=1S/C25H27ClN2O2/c1-18-17-21(9-12-23(18)29)25(30)28-15-13-27(14-16-28)24(19-5-3-2-4-6-19)20-7-10-22(26)11-8-20/h2-12,17,24-25,29-30H,13-16H2,1H3",PRRURDPUTWMLMF-UHFFFAOYSA-N,CC1=CC(=CC=C1O)C(N2CCN(CC2)C(C3=CC=CC=C3)C4=CC=C(C=C4)Cl)O,,,C25H27ClN2O2,422.176105784,5.6001,0,0,0,BTM00070,BTM00070,Hydroxylation of non-terminal aliphatic carbon adjacent to aromatic ring,BTMR1077,"CYP1A2
CYP2C8
CYP2C9
CYP2D6
CYP3A4",HUMAN,BTM00013,CC1=CC(=CC=C1O)CN2CCN(CC2)C(C3=CC=CC=C3)C4=CC=C(C=C4)Cl,"InChI=1S/C25H27ClN2O/c1-19-17-20(7-12-24(19)29)18-27-13-15-28(16-14-27)25(21-5-3-2-4-6-21)22-8-10-23(26)11-9-22/h2-12,17,25,29H,13-16,18H2,1H3",BZJMJQDPRNBLGB-UHFFFAOYSA-N,5.939800000000002,406.181191164
"InChI=1S/C25H27ClN2O2/c26-23-9-7-21(8-10-23)25(20-4-2-1-3-5-20)28-14-12-27(13-15-28)17-19-6-11-24(30)22(16-19)18-29/h1-11,16,25,29-30H,12-15,17-18H2",MMWNSTCSJUUNBW-UHFFFAOYSA-N,C(C1=CC(=CC=C1O)CN2CCN(CC2)C(C3=CC=CC=C3)C4=CC=C(C=C4)Cl)O,,,C25H27ClN2O2,422.176105784,4.8491,0,0,0,BTM00083,BTM00083,Aliphatic hydroxylation of methyl carbon adjacent to aromatic ring,BTMR1058,"CYP1A2
CYP2A6
CYP2B6
CYP2C8
CYP2C9
CYP2C19
CYP2D6
CYP2E1
CYP3A4",HUMAN,BTM00013,CC1=CC(=CC=C1O)CN2CCN(CC2)C(C3=CC=CC=C3)C4=CC=C(C=C4)Cl,"InChI=1S/C25H27ClN2O/c1-19-17-20(7-12-24(19)29)18-27-13-15-28(16-14-27)25(21-5-3-2-4-6-21)22-8-10-23(26)11-9-22/h2-12,17,25,29H,13-16,18H2,1H3",BZJMJQDPRNBLGB-UHFFFAOYSA-N,5.939800000000002,406.181191164
"InChI=1S/C25H27ClN2O2/c1-19-17-20(7-12-24(19)29)18-27-13-15-28(30,16-14-27)25(21-5-3-2-4-6-21)22-8-10-23(26)11-9-22/h2-12,17,25,29H,13-16,18H2,1H3",HYHYOSQPGIBEHM-UHFFFAOYSA-N,CC1=CC(=CC=C1O)CN2CC[N+](CC2)(C(C3=CC=CC=C3)C4=CC=C(C=C4)Cl)[O-],,,C25H27ClN2O2,422.176105784,5.534700000000003,0,0,0,BTM00093,BTM00093,N-Oxidation of alicyclic tertiary amine,BTMR1099,"CYP1A2
CYP2C8
CYP2C19
CYP2D6
CYP3A4",HUMAN,BTM00013,CC1=CC(=CC=C1O)CN2CCN(CC2)C(C3=CC=CC=C3)C4=CC=C(C=C4)Cl,"InChI=1S/C25H27ClN2O/c1-19-17-20(7-12-24(19)29)18-27-13-15-28(16-14-27)25(21-5-3-2-4-6-21)22-8-10-23(26)11-9-22/h2-12,17,25,29H,13-16,18H2,1H3",BZJMJQDPRNBLGB-UHFFFAOYSA-N,5.939800000000002,406.181191164
"InChI=1S/C25H27ClN2O2/c1-19-17-20(7-12-24(19)29)18-28(30)15-13-27(14-16-28)25(21-5-3-2-4-6-21)22-8-10-23(26)11-9-22/h2-12,17,25,29H,13-16,18H2,1H3",LFERWPLPEGFKIY-UHFFFAOYSA-N,CC1=CC(=CC=C1O)C[N+]2(CCN(CC2)C(C3=CC=CC=C3)C4=CC=C(C=C4)Cl)[O-],,,C25H27ClN2O2,422.176105784,5.534700000000003,0,0,0,BTM00102,BTM00102,N-Oxidation of alicyclic tertiary amine,BTMR1099,"CYP1A2
CYP2C8
CYP2C19
CYP2D6
CYP3A4",HUMAN,BTM00013,CC1=CC(=CC=C1O)CN2CCN(CC2)C(C3=CC=CC=C3)C4=CC=C(C=C4)Cl,"InChI=1S/C25H27ClN2O/c1-19-17-20(7-12-24(19)29)18-27-13-15-28(16-14-27)25(21-5-3-2-4-6-21)22-8-10-23(26)11-9-22/h2-12,17,25,29H,13-16,18H2,1H3",BZJMJQDPRNBLGB-UHFFFAOYSA-N,5.939800000000002,406.181191164
"InChI=1S/C8H8O2/c1-6-4-7(5-9)2-3-8(6)10/h2-5,10H,1H3",BAKYASSDAXQKKY-UHFFFAOYSA-N,CC1=CC(=CC=C1O)C=O,,,C8H8O2,136.052429496,1.8082000000000003,0,0,0,BTM00109,BTM00109,N-Dealkylation of alicyclic tertiary amine,BTMR1144,"CYP1A2
CYP2A6
CYP2B6
CYP2C8
CYP2C9
CYP2C19
CYP2D6
CYP3A4",HUMAN,BTM00013,CC1=CC(=CC=C1O)CN2CCN(CC2)C(C3=CC=CC=C3)C4=CC=C(C=C4)Cl,"InChI=1S/C25H27ClN2O/c1-19-17-20(7-12-24(19)29)18-27-13-15-28(16-14-27)25(21-5-3-2-4-6-21)22-8-10-23(26)11-9-22/h2-12,17,25,29H,13-16,18H2,1H3",BZJMJQDPRNBLGB-UHFFFAOYSA-N,5.939800000000002,406.181191164
"InChI=1S/C17H19ClN2/c18-16-8-6-15(7-9-16)17(14-4-2-1-3-5-14)20-12-10-19-11-13-20/h1-9,17,19H,10-13H2",UZKBSZSTDQSMDR-UHFFFAOYSA-N,N1CCN(CC1)C(C2=CC=CC=C2)C3=CC=C(C=C3)Cl,,,C17H19ClN2,286.123676288,3.6016000000000004,0,0,0,BTM00007,BTM00007,N-Dealkylation of alicyclic tertiary amine,BTMR1144,"CYP1A2
CYP2A6
CYP2B6
CYP2C8
CYP2C9
CYP2C19
CYP2D6
CYP3A4",HUMAN,BTM00013,CC1=CC(=CC=C1O)CN2CCN(CC2)C(C3=CC=CC=C3)C4=CC=C(C=C4)Cl,"InChI=1S/C25H27ClN2O/c1-19-17-20(7-12-24(19)29)18-27-13-15-28(16-14-27)25(21-5-3-2-4-6-21)22-8-10-23(26)11-9-22/h2-12,17,25,29H,13-16,18H2,1H3",BZJMJQDPRNBLGB-UHFFFAOYSA-N,5.939800000000002,406.181191164
"InChI=1S/C12H18N2O/c1-10-8-11(2-3-12(10)15)9-14-6-4-13-5-7-14/h2-3,8,13,15H,4-7,9H2,1H3",KNOFCBQKHHJMMK-UHFFFAOYSA-N,CC1=CC(=CC=C1O)CN2CCNCC2,,,C12H18N2O,206.141913196,1.5438000000000005,0,0,0,BTM00118,BTM00118,N-Dealkylation of alicyclic tertiary amine,BTMR1144,"CYP1A2
CYP2A6
CYP2B6
CYP2C8
CYP2C9
CYP2C19
CYP2D6
CYP3A4",HUMAN,BTM00013,CC1=CC(=CC=C1O)CN2CCN(CC2)C(C3=CC=CC=C3)C4=CC=C(C=C4)Cl,"InChI=1S/C25H27ClN2O/c1-19-17-20(7-12-24(19)29)18-27-13-15-28(16-14-27)25(21-5-3-2-4-6-21)22-8-10-23(26)11-9-22/h2-12,17,25,29H,13-16,18H2,1H3",BZJMJQDPRNBLGB-UHFFFAOYSA-N,5.939800000000002,406.181191164
InChI=1S/C13H9ClO/c14-12-8-6-11(7-9-12)13(15)10-4-2-1-3-5-10/h1-9H,UGVRJVHOJNYEHR-UHFFFAOYSA-N,C(C1=CC=CC=C1)(C2=CC=C(C=C2)Cl)=O,,,C13H9ClO,216.034192588,3.8986,0,0,0,BTM00009,BTM00009,N-Dealkylation of alicyclic tertiary amine,BTMR1144,"CYP1A2
CYP2A6
CYP2B6
CYP2C8
CYP2C9
CYP2C19
CYP2D6
CYP3A4",HUMAN,BTM00013,CC1=CC(=CC=C1O)CN2CCN(CC2)C(C3=CC=CC=C3)C4=CC=C(C=C4)Cl,"InChI=1S/C25H27ClN2O/c1-19-17-20(7-12-24(19)29)18-27-13-15-28(16-14-27)25(21-5-3-2-4-6-21)22-8-10-23(26)11-9-22/h2-12,17,25,29H,13-16,18H2,1H3",BZJMJQDPRNBLGB-UHFFFAOYSA-N,5.939800000000002,406.181191164
"InChI=1S/C25H27ClN2O2/c1-18-23(29)12-9-21(25(18)30)17-27-13-15-28(16-14-27)24(19-5-3-2-4-6-19)20-7-10-22(26)11-8-20/h2-12,24,29-30H,13-17H2,1H3",VBGBACVAFVTANL-UHFFFAOYSA-N,CC1=C(C(=CC=C1O)CN2CCN(CC2)C(C3=CC=CC=C3)C4=CC=C(C=C4)Cl)O,,,C25H27ClN2O2,422.176105784,5.6724,0,0,0,BTM00127,BTM00127,Hydroxylation of benzene on carbon ortho to electron donating group,BTMR1045,"CYP1A2
CYP2C8
CYP2C9
CYP2C19
CYP2D6
CYP3A4",HUMAN,BTM00013,CC1=CC(=CC=C1O)CN2CCN(CC2)C(C3=CC=CC=C3)C4=CC=C(C=C4)Cl,"InChI=1S/C25H27ClN2O/c1-19-17-20(7-12-24(19)29)18-27-13-15-28(16-14-27)25(21-5-3-2-4-6-21)22-8-10-23(26)11-9-22/h2-12,17,25,29H,13-16,18H2,1H3",BZJMJQDPRNBLGB-UHFFFAOYSA-N,5.939800000000002,406.181191164
"InChI=1S/C25H27ClN2O2/c1-18-15-19(7-10-23(18)29)17-27-11-13-28(14-12-27)25(20-5-3-2-4-6-20)22-9-8-21(26)16-24(22)30/h2-10,15-16,25,29-30H,11-14,17H2,1H3",OHEKCQHCHUYOGG-UHFFFAOYSA-N,CC1=CC(=CC=C1O)CN2CCN(CC2)C(C3=CC=CC=C3)C4=C(C=C(C=C4)Cl)O,,,C25H27ClN2O2,422.176105784,5.6724,0,0,0,BTM00135,BTM00135,Hydroxylation of benzene on carbon ortho to electron donating group,BTMR1045,"CYP1A2
CYP2C8
CYP2C9
CYP2C19
CYP2D6
CYP3A4",HUMAN,BTM00013,CC1=CC(=CC=C1O)CN2CCN(CC2)C(C3=CC=CC=C3)C4=CC=C(C=C4)Cl,"InChI=1S/C25H27ClN2O/c1-19-17-20(7-12-24(19)29)18-27-13-15-28(16-14-27)25(21-5-3-2-4-6-21)22-8-10-23(26)11-9-22/h2-12,17,25,29H,13-16,18H2,1H3",BZJMJQDPRNBLGB-UHFFFAOYSA-N,5.939800000000002,406.181191164
"InChI=1S/C25H27ClN2O2/c1-18-16-19(6-11-23(18)29)17-27-12-14-28(15-13-27)25(20-7-9-21(26)10-8-20)22-4-2-3-5-24(22)30/h2-11,16,25,29-30H,12-15,17H2,1H3",HWQJLWLKILDDEC-UHFFFAOYSA-N,CC1=CC(=CC=C1O)CN2CCN(CC2)C(C3=C(C=CC=C3)O)C4=CC=C(C=C4)Cl,,,C25H27ClN2O2,422.176105784,5.6724,0,0,0,BTM00058,BTM00058,Hydroxylation of benzene on carbon ortho to electron donating group,BTMR1045,"CYP1A2
CYP2C8
CYP2C9
CYP2C19
CYP2D6
CYP3A4",HUMAN,BTM00013,CC1=CC(=CC=C1O)CN2CCN(CC2)C(C3=CC=CC=C3)C4=CC=C(C=C4)Cl,"InChI=1S/C25H27ClN2O/c1-19-17-20(7-12-24(19)29)18-27-13-15-28(16-14-27)25(21-5-3-2-4-6-21)22-8-10-23(26)11-9-22/h2-12,17,25,29H,13-16,18H2,1H3",BZJMJQDPRNBLGB-UHFFFAOYSA-N,5.939800000000002,406.181191164
"InChI=1S/C25H27ClN2O2/c1-18-16-19(2-11-24(18)30)17-27-12-14-28(15-13-27)25(20-3-7-22(26)8-4-20)21-5-9-23(29)10-6-21/h2-11,16,25,29-30H,12-15,17H2,1H3",YUECPDNXORQHFD-UHFFFAOYSA-N,CC1=CC(=CC=C1O)CN2CCN(CC2)C(C3=CC=C(C=C3)O)C4=CC=C(C=C4)Cl,,,C25H27ClN2O2,422.176105784,5.6724,0,0,0,BTM00146,BTM00146,Hydroxylation of benzene on carbon para to electron donating group,BTMR1047,"CYP1A2
CYP2C8
CYP2C9
CYP2D6
CYP3A4",HUMAN,BTM00013,CC1=CC(=CC=C1O)CN2CCN(CC2)C(C3=CC=CC=C3)C4=CC=C(C=C4)Cl,"InChI=1S/C25H27ClN2O/c1-19-17-20(7-12-24(19)29)18-27-13-15-28(16-14-27)25(21-5-3-2-4-6-21)22-8-10-23(26)11-9-22/h2-12,17,25,29H,13-16,18H2,1H3",BZJMJQDPRNBLGB-UHFFFAOYSA-N,5.939800000000002,406.181191164
"InChI=1S/C25H27ClN2O2/c1-18-15-21(24(30)16-23(18)29)17-27-11-13-28(14-12-27)25(19-5-3-2-4-6-19)20-7-9-22(26)10-8-20/h2-10,15-16,25,29-30H,11-14,17H2,1H3",SLDIFQZISAZXDE-UHFFFAOYSA-N,CC1=CC(=C(C=C1O)O)CN2CCN(CC2)C(C3=CC=CC=C3)C4=CC=C(C=C4)Cl,,,C25H27ClN2O2,422.176105784,5.6724,0,0,0,BTM00141,BTM00141,Hydroxylation of benzene on carbon para to electron donating group,BTMR1047,"CYP1A2
CYP2C8
CYP2C9
CYP2D6
CYP3A4",HUMAN,BTM00013,CC1=CC(=CC=C1O)CN2CCN(CC2)C(C3=CC=CC=C3)C4=CC=C(C=C4)Cl,"InChI=1S/C25H27ClN2O/c1-19-17-20(7-12-24(19)29)18-27-13-15-28(16-14-27)25(21-5-3-2-4-6-21)22-8-10-23(26)11-9-22/h2-12,17,25,29H,13-16,18H2,1H3",BZJMJQDPRNBLGB-UHFFFAOYSA-N,5.939800000000002,406.181191164
"InChI=1S/C25H27ClN2O2/c1-18-15-19(7-12-23(18)29)16-27-13-14-28(17-24(27)30)25(20-5-3-2-4-6-20)21-8-10-22(26)11-9-21/h2-12,15,24-25,29-30H,13-14,16-17H2,1H3",KMAXZGZVXZKNAY-UHFFFAOYSA-N,CC1=CC(=CC=C1O)CN2C(CN(CC2)C(C3=CC=CC=C3)C4=CC=C(C=C4)Cl)O,,,C25H27ClN2O2,422.176105784,5.6001,0,0,0,BTM00147,BTM00147,Hydroxylation of heteroalicyclic secondary carbon,BTMR1070,"CYP1A2
CYP2A6
CYP2C9
CYP2D6
CYP3A4",HUMAN,BTM00013,CC1=CC(=CC=C1O)CN2CCN(CC2)C(C3=CC=CC=C3)C4=CC=C(C=C4)Cl,"InChI=1S/C25H27ClN2O/c1-19-17-20(7-12-24(19)29)18-27-13-15-28(16-14-27)25(21-5-3-2-4-6-21)22-8-10-23(26)11-9-22/h2-12,17,25,29H,13-16,18H2,1H3",BZJMJQDPRNBLGB-UHFFFAOYSA-N,5.939800000000002,406.181191164
"InChI=1S/C25H27ClN2O2/c1-18-15-19(7-12-23(18)29)16-27-13-14-28(24(30)17-27)25(20-5-3-2-4-6-20)21-8-10-22(26)11-9-21/h2-12,15,24-25,29-30H,13-14,16-17H2,1H3",QCBPGZZGAORZIL-UHFFFAOYSA-N,CC1=CC(=CC=C1O)CN2CC(N(CC2)C(C3=CC=CC=C3)C4=CC=C(C=C4)Cl)O,,,C25H27ClN2O2,422.176105784,5.6001,0,0,0,BTM00148,BTM00148,Hydroxylation of heteroalicyclic secondary carbon,BTMR1070,"CYP1A2
CYP2A6
CYP2C9
CYP2D6
CYP3A4",HUMAN,BTM00013,CC1=CC(=CC=C1O)CN2CCN(CC2)C(C3=CC=CC=C3)C4=CC=C(C=C4)Cl,"InChI=1S/C25H27ClN2O/c1-19-17-20(7-12-24(19)29)18-27-13-15-28(16-14-27)25(21-5-3-2-4-6-21)22-8-10-23(26)11-9-22/h2-12,17,25,29H,13-16,18H2,1H3",BZJMJQDPRNBLGB-UHFFFAOYSA-N,5.939800000000002,406.181191164
"InChI=1S/C25H27ClN2O2/c1-18-15-19(16-23(29)25(18)30)17-27-11-13-28(14-12-27)24(20-5-3-2-4-6-20)21-7-9-22(26)10-8-21/h2-10,15-16,24,29-30H,11-14,17H2,1H3",XBAXQFPYGHTRGS-UHFFFAOYSA-N,CC1=CC(=CC(=C1O)O)CN2CCN(CC2)C(C3=CC=CC=C3)C4=CC=C(C=C4)Cl,,,C25H27ClN2O2,422.176105784,5.6724,0,0,0,BTM00149,BTM00149,O-Hydroxylation of phenol,BTMR1037,"CYP1A2
CYP2A6
CYP2B6
CYP2C8
CYP2C9
CYP2C19
CYP2D6
CYP2E1
CYP3A4",HUMAN,BTM00013,CC1=CC(=CC=C1O)CN2CCN(CC2)C(C3=CC=CC=C3)C4=CC=C(C=C4)Cl,"InChI=1S/C25H27ClN2O/c1-19-17-20(7-12-24(19)29)18-27-13-15-28(16-14-27)25(21-5-3-2-4-6-21)22-8-10-23(26)11-9-22/h2-12,17,25,29H,13-16,18H2,1H3",BZJMJQDPRNBLGB-UHFFFAOYSA-N,5.939800000000002,406.181191164
"InChI=1S/C25H27ClN2O2/c1-18-15-19(7-10-23(18)29)17-27-11-13-28(14-12-27)25(20-5-3-2-4-6-20)21-8-9-22(26)24(30)16-21/h2-10,15-16,25,29-30H,11-14,17H2,1H3",RSMQSCWJANYBLY-UHFFFAOYSA-N,CC1=CC(=CC=C1O)CN2CCN(CC2)C(C3=CC=CC=C3)C4=CC(=C(C=C4)Cl)O,,,C25H27ClN2O2,422.176105784,5.6724,0,0,0,BTM00150,BTM00150,Hydroxylation of aromatic carbon ortho to halide group,BTMR1040,"CYP1A2
CYP2A6
CYP2B6
CYP2C8
CYP2C9
CYP2C19
CYP2D6
CYP2E1
CYP3A4",HUMAN,BTM00013,CC1=CC(=CC=C1O)CN2CCN(CC2)C(C3=CC=CC=C3)C4=CC=C(C=C4)Cl,"InChI=1S/C25H27ClN2O/c1-19-17-20(7-12-24(19)29)18-27-13-15-28(16-14-27)25(21-5-3-2-4-6-21)22-8-10-23(26)11-9-22/h2-12,17,25,29H,13-16,18H2,1H3",BZJMJQDPRNBLGB-UHFFFAOYSA-N,5.939800000000002,406.181191164
"InChI=1S/C25H27ClN2O2/c1-18-3-2-4-21(17-18)25(30)28-15-13-27(14-16-28)24(19-5-9-22(26)10-6-19)20-7-11-23(29)12-8-20/h2-12,17,24-25,29-30H,13-16H2,1H3",KWFRZEREQIPSOF-UHFFFAOYSA-N,CC1=CC(=CC=C1)C(N2CCN(CC2)C(C3=CC=C(C=C3)O)C4=CC=C(C=C4)Cl)O,,,C25H27ClN2O2,422.176105784,5.6001,0,0,0,BTM00072,BTM00072,Hydroxylation of non-terminal aliphatic carbon adjacent to aromatic ring,BTMR1077,"CYP1A2
CYP2C8
CYP2C9
CYP2D6
CYP3A4",HUMAN,BTM00014,CC1=CC(=CC=C1)CN2CCN(CC2)C(C3=CC=C(C=C3)O)C4=CC=C(C=C4)Cl,"InChI=1S/C25H27ClN2O/c1-19-3-2-4-20(17-19)18-27-13-15-28(16-14-27)25(21-5-9-23(26)10-6-21)22-7-11-24(29)12-8-22/h2-12,17,25,29H,13-16,18H2,1H3",ZNSNTPFKXLHCFV-UHFFFAOYSA-N,5.939800000000002,406.181191164
"InChI=1S/C25H27ClN2O2/c26-23-8-4-21(5-9-23)25(22-6-10-24(30)11-7-22)28-14-12-27(13-15-28)17-19-2-1-3-20(16-19)18-29/h1-11,16,25,29-30H,12-15,17-18H2",ZXGJNSQVSQAGDS-UHFFFAOYSA-N,C(C1=CC(=CC=C1)CN2CCN(CC2)C(C3=CC=C(C=C3)O)C4=CC=C(C=C4)Cl)O,,,C25H27ClN2O2,422.176105784,4.8491,0,0,0,BTM00084,BTM00084,Aliphatic hydroxylation of methyl carbon adjacent to aromatic ring,BTMR1058,"CYP1A2
CYP2A6
CYP2B6
CYP2C8
CYP2C9
CYP2C19
CYP2D6
CYP2E1
CYP3A4",HUMAN,BTM00014,CC1=CC(=CC=C1)CN2CCN(CC2)C(C3=CC=C(C=C3)O)C4=CC=C(C=C4)Cl,"InChI=1S/C25H27ClN2O/c1-19-3-2-4-20(17-19)18-27-13-15-28(16-14-27)25(21-5-9-23(26)10-6-21)22-7-11-24(29)12-8-22/h2-12,17,25,29H,13-16,18H2,1H3",ZNSNTPFKXLHCFV-UHFFFAOYSA-N,5.939800000000002,406.181191164
"InChI=1S/C25H27ClN2O2/c1-19-3-2-4-20(17-19)18-27-13-15-28(30,16-14-27)25(21-5-9-23(26)10-6-21)22-7-11-24(29)12-8-22/h2-12,17,25,29H,13-16,18H2,1H3",YXLJBYFNZWJPFG-UHFFFAOYSA-N,CC1=CC(=CC=C1)CN2CC[N+](CC2)(C(C3=CC=C(C=C3)O)C4=CC=C(C=C4)Cl)[O-],,,C25H27ClN2O2,422.176105784,5.534700000000003,0,0,0,BTM00094,BTM00094,N-Oxidation of alicyclic tertiary amine,BTMR1099,"CYP1A2
CYP2C8
CYP2C19
CYP2D6
CYP3A4",HUMAN,BTM00014,CC1=CC(=CC=C1)CN2CCN(CC2)C(C3=CC=C(C=C3)O)C4=CC=C(C=C4)Cl,"InChI=1S/C25H27ClN2O/c1-19-3-2-4-20(17-19)18-27-13-15-28(16-14-27)25(21-5-9-23(26)10-6-21)22-7-11-24(29)12-8-22/h2-12,17,25,29H,13-16,18H2,1H3",ZNSNTPFKXLHCFV-UHFFFAOYSA-N,5.939800000000002,406.181191164
"InChI=1S/C25H27ClN2O2/c1-19-3-2-4-20(17-19)18-28(30)15-13-27(14-16-28)25(21-5-9-23(26)10-6-21)22-7-11-24(29)12-8-22/h2-12,17,25,29H,13-16,18H2,1H3",CNEPIZFSNFIICW-UHFFFAOYSA-N,CC1=CC(=CC=C1)C[N+]2(CCN(CC2)C(C3=CC=C(C=C3)O)C4=CC=C(C=C4)Cl)[O-],,,C25H27ClN2O2,422.176105784,5.534700000000003,0,0,0,BTM00103,BTM00103,N-Oxidation of alicyclic tertiary amine,BTMR1099,"CYP1A2
CYP2C8
CYP2C19
CYP2D6
CYP3A4",HUMAN,BTM00014,CC1=CC(=CC=C1)CN2CCN(CC2)C(C3=CC=C(C=C3)O)C4=CC=C(C=C4)Cl,"InChI=1S/C25H27ClN2O/c1-19-3-2-4-20(17-19)18-27-13-15-28(16-14-27)25(21-5-9-23(26)10-6-21)22-7-11-24(29)12-8-22/h2-12,17,25,29H,13-16,18H2,1H3",ZNSNTPFKXLHCFV-UHFFFAOYSA-N,5.939800000000002,406.181191164
"InChI=1S/C8H8O/c1-7-3-2-4-8(5-7)6-9/h2-6H,1H3",OVWYEQOVUDKZNU-UHFFFAOYSA-N,CC1=CC(=CC=C1)C=O,,,C8H8O,120.057514876,2.0756,0,0,0,BTM00006,BTM00006,N-Dealkylation of alicyclic tertiary amine,BTMR1144,"CYP1A2
CYP2A6
CYP2B6
CYP2C8
CYP2C9
CYP2C19
CYP2D6
CYP3A4",HUMAN,BTM00014,CC1=CC(=CC=C1)CN2CCN(CC2)C(C3=CC=C(C=C3)O)C4=CC=C(C=C4)Cl,"InChI=1S/C25H27ClN2O/c1-19-3-2-4-20(17-19)18-27-13-15-28(16-14-27)25(21-5-9-23(26)10-6-21)22-7-11-24(29)12-8-22/h2-12,17,25,29H,13-16,18H2,1H3",ZNSNTPFKXLHCFV-UHFFFAOYSA-N,5.939800000000002,406.181191164
"InChI=1S/C17H19ClN2O/c18-15-5-1-13(2-6-15)17(20-11-9-19-10-12-20)14-3-7-16(21)8-4-14/h1-8,17,19,21H,9-12H2",DBJGODAJUIEMJG-UHFFFAOYSA-N,N1CCN(CC1)C(C2=CC=C(C=C2)O)C3=CC=C(C=C3)Cl,,,C17H19ClN2O,302.11859090800004,3.3342,0,0,0,BTM00112,BTM00112,N-Dealkylation of alicyclic tertiary amine,BTMR1144,"CYP1A2
CYP2A6
CYP2B6
CYP2C8
CYP2C9
CYP2C19
CYP2D6
CYP3A4",HUMAN,BTM00014,CC1=CC(=CC=C1)CN2CCN(CC2)C(C3=CC=C(C=C3)O)C4=CC=C(C=C4)Cl,"InChI=1S/C25H27ClN2O/c1-19-3-2-4-20(17-19)18-27-13-15-28(16-14-27)25(21-5-9-23(26)10-6-21)22-7-11-24(29)12-8-22/h2-12,17,25,29H,13-16,18H2,1H3",ZNSNTPFKXLHCFV-UHFFFAOYSA-N,5.939800000000002,406.181191164
"InChI=1S/C12H18N2/c1-11-3-2-4-12(9-11)10-14-7-5-13-6-8-14/h2-4,9,13H,5-8,10H2,1H3",VTEOTZPEMDQENX-UHFFFAOYSA-N,CC1=CC(=CC=C1)CN2CCNCC2,,,C12H18N2,190.146998576,1.8112000000000017,0,0,0,BTM00008,BTM00008,N-Dealkylation of alicyclic tertiary amine,BTMR1144,"CYP1A2
CYP2A6
CYP2B6
CYP2C8
CYP2C9
CYP2C19
CYP2D6
CYP3A4",HUMAN,BTM00014,CC1=CC(=CC=C1)CN2CCN(CC2)C(C3=CC=C(C=C3)O)C4=CC=C(C=C4)Cl,"InChI=1S/C25H27ClN2O/c1-19-3-2-4-20(17-19)18-27-13-15-28(16-14-27)25(21-5-9-23(26)10-6-21)22-7-11-24(29)12-8-22/h2-12,17,25,29H,13-16,18H2,1H3",ZNSNTPFKXLHCFV-UHFFFAOYSA-N,5.939800000000002,406.181191164
"InChI=1S/C13H9ClO2/c14-11-5-1-9(2-6-11)13(16)10-3-7-12(15)8-4-10/h1-8,15H",RUETVLNXAGWCDS-UHFFFAOYSA-N,C(C1=CC=C(C=C1)O)(C2=CC=C(C=C2)Cl)=O,,,C13H9ClO2,232.029107208,3.6311999999999998,0,0,0,BTM00122,BTM00122,N-Dealkylation of alicyclic tertiary amine,BTMR1144,"CYP1A2
CYP2A6
CYP2B6
CYP2C8
CYP2C9
CYP2C19
CYP2D6
CYP3A4",HUMAN,BTM00014,CC1=CC(=CC=C1)CN2CCN(CC2)C(C3=CC=C(C=C3)O)C4=CC=C(C=C4)Cl,"InChI=1S/C25H27ClN2O/c1-19-3-2-4-20(17-19)18-27-13-15-28(16-14-27)25(21-5-9-23(26)10-6-21)22-7-11-24(29)12-8-22/h2-12,17,25,29H,13-16,18H2,1H3",ZNSNTPFKXLHCFV-UHFFFAOYSA-N,5.939800000000002,406.181191164
"InChI=1S/C25H27ClN2O2/c1-18-3-2-4-19(15-18)17-27-11-13-28(14-12-27)25(20-5-8-22(29)9-6-20)21-7-10-23(26)24(30)16-21/h2-10,15-16,25,29-30H,11-14,17H2,1H3",RLOQHMQCOVPIQO-UHFFFAOYSA-N,CC1=CC(=CC=C1)CN2CCN(CC2)C(C3=CC=C(C=C3)O)C4=CC=C(C(=C4)O)Cl,,,C25H27ClN2O2,422.17610578399996,5.6724,0,0,0,BTM00151,BTM00151,"2-Hydroxylation of 1,4-disubstituted benzene",BTMR0037,CYP1A2,HUMAN,BTM00014,CC1=CC(=CC=C1)CN2CCN(CC2)C(C3=CC=C(C=C3)O)C4=CC=C(C=C4)Cl,"InChI=1S/C25H27ClN2O/c1-19-3-2-4-20(17-19)18-27-13-15-28(16-14-27)25(21-5-9-23(26)10-6-21)22-7-11-24(29)12-8-22/h2-12,17,25,29H,13-16,18H2,1H3",ZNSNTPFKXLHCFV-UHFFFAOYSA-N,5.939800000000002,406.181191164
"InChI=1S/C25H27ClN2O2/c1-18-3-2-4-19(15-18)17-27-11-13-28(14-12-27)25(20-5-8-22(26)9-6-20)21-7-10-23(29)24(30)16-21/h2-10,15-16,25,29-30H,11-14,17H2,1H3",PILGVTTZEBPCKK-UHFFFAOYSA-N,CC1=CC(=CC=C1)CN2CCN(CC2)C(C3=CC=C(C(=C3)O)O)C4=CC=C(C=C4)Cl,,,C25H27ClN2O2,422.176105784,5.6724,1,0,0,BTM00152,BTM00152,"2-Hydroxylation of 1,4-disubstituted benzene",BTMR0037,CYP1A2,HUMAN,BTM00014,CC1=CC(=CC=C1)CN2CCN(CC2)C(C3=CC=C(C=C3)O)C4=CC=C(C=C4)Cl,"InChI=1S/C25H27ClN2O/c1-19-3-2-4-20(17-19)18-27-13-15-28(16-14-27)25(21-5-9-23(26)10-6-21)22-7-11-24(29)12-8-22/h2-12,17,25,29H,13-16,18H2,1H3",ZNSNTPFKXLHCFV-UHFFFAOYSA-N,5.939800000000002,406.181191164
"InChI=1S/C25H27ClN2O2/c1-18-3-2-4-21(25(18)30)17-27-13-15-28(16-14-27)24(19-5-9-22(26)10-6-19)20-7-11-23(29)12-8-20/h2-12,24,29-30H,13-17H2,1H3",ASLSKACTIMWIKA-UHFFFAOYSA-N,CC1=C(C(=CC=C1)CN2CCN(CC2)C(C3=CC=C(C=C3)O)C4=CC=C(C=C4)Cl)O,,,C25H27ClN2O2,422.176105784,5.6724,0,0,0,BTM00128,BTM00128,Hydroxylation of benzene on carbon ortho to electron donating group,BTMR1045,"CYP1A2
CYP2C8
CYP2C9
CYP2C19
CYP2D6
CYP3A4",HUMAN,BTM00014,CC1=CC(=CC=C1)CN2CCN(CC2)C(C3=CC=C(C=C3)O)C4=CC=C(C=C4)Cl,"InChI=1S/C25H27ClN2O/c1-19-3-2-4-20(17-19)18-27-13-15-28(16-14-27)25(21-5-9-23(26)10-6-21)22-7-11-24(29)12-8-22/h2-12,17,25,29H,13-16,18H2,1H3",ZNSNTPFKXLHCFV-UHFFFAOYSA-N,5.939800000000002,406.181191164
"InChI=1S/C25H27ClN2O2/c1-18-3-2-4-19(15-18)17-27-11-13-28(14-12-27)25(20-5-8-22(29)9-6-20)23-10-7-21(26)16-24(23)30/h2-10,15-16,25,29-30H,11-14,17H2,1H3",KHLSRMNBMQUFDD-UHFFFAOYSA-N,CC1=CC(=CC=C1)CN2CCN(CC2)C(C3=CC=C(C=C3)O)C4=C(C=C(C=C4)Cl)O,,,C25H27ClN2O2,422.176105784,5.6724,0,0,0,BTM00136,BTM00136,Hydroxylation of benzene on carbon ortho to electron donating group,BTMR1045,"CYP1A2
CYP2C8
CYP2C9
CYP2C19
CYP2D6
CYP3A4",HUMAN,BTM00014,CC1=CC(=CC=C1)CN2CCN(CC2)C(C3=CC=C(C=C3)O)C4=CC=C(C=C4)Cl,"InChI=1S/C25H27ClN2O/c1-19-3-2-4-20(17-19)18-27-13-15-28(16-14-27)25(21-5-9-23(26)10-6-21)22-7-11-24(29)12-8-22/h2-12,17,25,29H,13-16,18H2,1H3",ZNSNTPFKXLHCFV-UHFFFAOYSA-N,5.939800000000002,406.181191164
"InChI=1S/C25H27ClN2O2/c1-18-2-11-24(30)21(16-18)17-27-12-14-28(15-13-27)25(19-3-7-22(26)8-4-19)20-5-9-23(29)10-6-20/h2-11,16,25,29-30H,12-15,17H2,1H3",FTBVVBWRGCZRQL-UHFFFAOYSA-N,CC1=CC(=C(C=C1)O)CN2CCN(CC2)C(C3=CC=C(C=C3)O)C4=CC=C(C=C4)Cl,,,C25H27ClN2O2,422.176105784,5.6724,0,0,0,BTM00140,BTM00140,Hydroxylation of benzene on carbon ortho to electron donating group,BTMR1045,"CYP1A2
CYP2C8
CYP2C9
CYP2C19
CYP2D6
CYP3A4",HUMAN,BTM00014,CC1=CC(=CC=C1)CN2CCN(CC2)C(C3=CC=C(C=C3)O)C4=CC=C(C=C4)Cl,"InChI=1S/C25H27ClN2O/c1-19-3-2-4-20(17-19)18-27-13-15-28(16-14-27)25(21-5-9-23(26)10-6-21)22-7-11-24(29)12-8-22/h2-12,17,25,29H,13-16,18H2,1H3",ZNSNTPFKXLHCFV-UHFFFAOYSA-N,5.939800000000002,406.181191164
"InChI=1S/C25H27ClN2O2/c1-18-16-19(2-11-24(18)30)17-27-12-14-28(15-13-27)25(20-3-7-22(26)8-4-20)21-5-9-23(29)10-6-21/h2-11,16,25,29-30H,12-15,17H2,1H3",YUECPDNXORQHFD-UHFFFAOYSA-N,CC1=CC(=CC=C1O)CN2CCN(CC2)C(C3=CC=C(C=C3)O)C4=CC=C(C=C4)Cl,,,C25H27ClN2O2,422.176105784,5.6724,0,0,0,BTM00146,BTM00146,Hydroxylation of benzene on carbon ortho to electron donating group,BTMR1045,"CYP1A2
CYP2C8
CYP2C9
CYP2C19
CYP2D6
CYP3A4",HUMAN,BTM00014,CC1=CC(=CC=C1)CN2CCN(CC2)C(C3=CC=C(C=C3)O)C4=CC=C(C=C4)Cl,"InChI=1S/C25H27ClN2O/c1-19-3-2-4-20(17-19)18-27-13-15-28(16-14-27)25(21-5-9-23(26)10-6-21)22-7-11-24(29)12-8-22/h2-12,17,25,29H,13-16,18H2,1H3",ZNSNTPFKXLHCFV-UHFFFAOYSA-N,5.939800000000002,406.181191164
"InChI=1S/C25H27ClN2O2/c1-18-3-2-4-19(15-18)16-27-13-14-28(17-24(27)30)25(20-5-9-22(26)10-6-20)21-7-11-23(29)12-8-21/h2-12,15,24-25,29-30H,13-14,16-17H2,1H3",DBGOOKRYIQXBCY-UHFFFAOYSA-N,CC1=CC(=CC=C1)CN2C(CN(CC2)C(C3=CC=C(C=C3)O)C4=CC=C(C=C4)Cl)O,,,C25H27ClN2O2,422.17610578399996,5.6001,0,0,0,BTM00153,BTM00153,Hydroxylation of heteroalicyclic secondary carbon,BTMR1070,"CYP1A2
CYP2A6
CYP2C9
CYP2D6
CYP3A4",HUMAN,BTM00014,CC1=CC(=CC=C1)CN2CCN(CC2)C(C3=CC=C(C=C3)O)C4=CC=C(C=C4)Cl,"InChI=1S/C25H27ClN2O/c1-19-3-2-4-20(17-19)18-27-13-15-28(16-14-27)25(21-5-9-23(26)10-6-21)22-7-11-24(29)12-8-22/h2-12,17,25,29H,13-16,18H2,1H3",ZNSNTPFKXLHCFV-UHFFFAOYSA-N,5.939800000000002,406.181191164
"InChI=1S/C25H27ClN2O2/c1-18-3-2-4-19(15-18)16-27-13-14-28(24(30)17-27)25(20-5-9-22(26)10-6-20)21-7-11-23(29)12-8-21/h2-12,15,24-25,29-30H,13-14,16-17H2,1H3",OCRWKGOYYSXYLG-UHFFFAOYSA-N,CC1=CC(=CC=C1)CN2CC(N(CC2)C(C3=CC=C(C=C3)O)C4=CC=C(C=C4)Cl)O,,,C25H27ClN2O2,422.176105784,5.6001,0,0,0,BTM00154,BTM00154,Hydroxylation of heteroalicyclic secondary carbon,BTMR1070,"CYP1A2
CYP2A6
CYP2C9
CYP2D6
CYP3A4",HUMAN,BTM00014,CC1=CC(=CC=C1)CN2CCN(CC2)C(C3=CC=C(C=C3)O)C4=CC=C(C=C4)Cl,"InChI=1S/C25H27ClN2O/c1-19-3-2-4-20(17-19)18-27-13-15-28(16-14-27)25(21-5-9-23(26)10-6-21)22-7-11-24(29)12-8-22/h2-12,17,25,29H,13-16,18H2,1H3",ZNSNTPFKXLHCFV-UHFFFAOYSA-N,5.939800000000002,406.181191164
"InChI=1S/C25H27ClN2O2/c1-18-5-4-6-19(15-18)16-27-13-14-28(17-24(27)30)25(20-9-11-21(26)12-10-20)22-7-2-3-8-23(22)29/h2-12,15,24-25,29-30H,13-14,16-17H2,1H3",CJYWUQHBHGKQAI-UHFFFAOYSA-N,CC1=CC(=CC=C1)CN2C(CN(CC2)C(C3=C(C=CC=C3)O)C4=CC=C(C=C4)Cl)O,,,C25H27ClN2O2,422.176105784,5.6001,0,0,0,BTM00060,BTM00060,O-Hydroxylation of monosubstituted benzene,BTMR1034,"CYP1A2
CYP2C8
CYP2C9
CYP2C19
CYP3A4",HUMAN,BTM00015,CC1=CC(=CC=C1)CN2C(CN(CC2)C(C3=CC=CC=C3)C4=CC=C(C=C4)Cl)O,"InChI=1S/C25H27ClN2O/c1-19-6-5-7-20(16-19)17-27-14-15-28(18-24(27)29)25(21-8-3-2-4-9-21)22-10-12-23(26)13-11-22/h2-13,16,24-25,29H,14-15,17-18H2,1H3",UBAAUPORBTYAIG-UHFFFAOYSA-N,5.867499999999998,406.181191164
"InChI=1S/C25H27ClN2O2/c1-18-6-5-9-21(16-18)25(30)28-15-14-27(17-23(28)29)24(19-7-3-2-4-8-19)20-10-12-22(26)13-11-20/h2-13,16,23-25,29-30H,14-15,17H2,1H3",DIPYTJSOHOCCKM-UHFFFAOYSA-N,CC1=CC(=CC=C1)C(N2C(CN(CC2)C(C3=CC=CC=C3)C4=CC=C(C=C4)Cl)O)O,,,C25H27ClN2O2,422.176105784,5.527799999999998,1,0,0,BTM00073,BTM00073,Hydroxylation of non-terminal aliphatic carbon adjacent to aromatic ring,BTMR1077,"CYP1A2
CYP2C8
CYP2C9
CYP2D6
CYP3A4",HUMAN,BTM00015,CC1=CC(=CC=C1)CN2C(CN(CC2)C(C3=CC=CC=C3)C4=CC=C(C=C4)Cl)O,"InChI=1S/C25H27ClN2O/c1-19-6-5-7-20(16-19)17-27-14-15-28(18-24(27)29)25(21-8-3-2-4-9-21)22-10-12-23(26)13-11-22/h2-13,16,24-25,29H,14-15,17-18H2,1H3",UBAAUPORBTYAIG-UHFFFAOYSA-N,5.867499999999998,406.181191164
"InChI=1S/C25H27ClN2O2/c26-23-11-9-22(10-12-23)25(21-7-2-1-3-8-21)28-14-13-27(24(30)17-28)16-19-5-4-6-20(15-19)18-29/h1-12,15,24-25,29-30H,13-14,16-18H2",FGSBUXSKAKGUHE-UHFFFAOYSA-N,C(C1=CC(=CC=C1)CN2C(CN(CC2)C(C3=CC=CC=C3)C4=CC=C(C=C4)Cl)O)O,,,C25H27ClN2O2,422.176105784,4.7768,0,0,0,BTM00085,BTM00085,Aliphatic hydroxylation of methyl carbon adjacent to aromatic ring,BTMR1058,"CYP1A2
CYP2A6
CYP2B6
CYP2C8
CYP2C9
CYP2C19
CYP2D6
CYP2E1
CYP3A4",HUMAN,BTM00015,CC1=CC(=CC=C1)CN2C(CN(CC2)C(C3=CC=CC=C3)C4=CC=C(C=C4)Cl)O,"InChI=1S/C25H27ClN2O/c1-19-6-5-7-20(16-19)17-27-14-15-28(18-24(27)29)25(21-8-3-2-4-9-21)22-10-12-23(26)13-11-22/h2-13,16,24-25,29H,14-15,17-18H2,1H3",UBAAUPORBTYAIG-UHFFFAOYSA-N,5.867499999999998,406.181191164
"InChI=1S/C25H27ClN2O2/c1-19-6-5-7-20(16-19)17-27-14-15-28(30,18-24(27)29)25(21-8-3-2-4-9-21)22-10-12-23(26)13-11-22/h2-13,16,24-25,29H,14-15,17-18H2,1H3",RMJFTPXDEASKIN-UHFFFAOYSA-N,CC1=CC(=CC=C1)CN2C(C[N+](CC2)(C(C3=CC=CC=C3)C4=CC=C(C=C4)Cl)[O-])O,,,C25H27ClN2O2,422.176105784,5.462399999999999,0,0,0,BTM00095,BTM00095,N-Oxidation of alicyclic tertiary amine,BTMR1099,"CYP1A2
CYP2C8
CYP2C19
CYP2D6
CYP3A4",HUMAN,BTM00015,CC1=CC(=CC=C1)CN2C(CN(CC2)C(C3=CC=CC=C3)C4=CC=C(C=C4)Cl)O,"InChI=1S/C25H27ClN2O/c1-19-6-5-7-20(16-19)17-27-14-15-28(18-24(27)29)25(21-8-3-2-4-9-21)22-10-12-23(26)13-11-22/h2-13,16,24-25,29H,14-15,17-18H2,1H3",UBAAUPORBTYAIG-UHFFFAOYSA-N,5.867499999999998,406.181191164
"InChI=1S/C8H8O/c1-7-3-2-4-8(5-7)6-9/h2-6H,1H3",OVWYEQOVUDKZNU-UHFFFAOYSA-N,CC1=CC(=CC=C1)C=O,,,C8H8O,120.057514876,2.0756,0,0,0,BTM00006,BTM00006,N-Dealkylation of alicyclic tertiary amine,BTMR1144,"CYP1A2
CYP2A6
CYP2B6
CYP2C8
CYP2C9
CYP2C19
CYP2D6
CYP3A4",HUMAN,BTM00015,CC1=CC(=CC=C1)CN2C(CN(CC2)C(C3=CC=CC=C3)C4=CC=C(C=C4)Cl)O,"InChI=1S/C25H27ClN2O/c1-19-6-5-7-20(16-19)17-27-14-15-28(18-24(27)29)25(21-8-3-2-4-9-21)22-10-12-23(26)13-11-22/h2-13,16,24-25,29H,14-15,17-18H2,1H3",UBAAUPORBTYAIG-UHFFFAOYSA-N,5.867499999999998,406.181191164
"InChI=1S/C17H19ClN2O/c18-15-8-6-14(7-9-15)17(13-4-2-1-3-5-13)20-11-10-19-16(21)12-20/h1-9,16-17,19,21H,10-12H2",DDPYTJHUERVTIJ-UHFFFAOYSA-N,N1C(CN(CC1)C(C2=CC=CC=C2)C3=CC=C(C=C3)Cl)O,,,C17H19ClN2O,302.11859090800004,3.2619000000000002,0,0,0,BTM00113,BTM00113,N-Dealkylation of alicyclic tertiary amine,BTMR1144,"CYP1A2
CYP2A6
CYP2B6
CYP2C8
CYP2C9
CYP2C19
CYP2D6
CYP3A4",HUMAN,BTM00015,CC1=CC(=CC=C1)CN2C(CN(CC2)C(C3=CC=CC=C3)C4=CC=C(C=C4)Cl)O,"InChI=1S/C25H27ClN2O/c1-19-6-5-7-20(16-19)17-27-14-15-28(18-24(27)29)25(21-8-3-2-4-9-21)22-10-12-23(26)13-11-22/h2-13,16,24-25,29H,14-15,17-18H2,1H3",UBAAUPORBTYAIG-UHFFFAOYSA-N,5.867499999999998,406.181191164
"InChI=1S/C12H18N2O/c1-10-3-2-4-11(7-10)9-14-6-5-13-8-12(14)15/h2-4,7,12-13,15H,5-6,8-9H2,1H3",OXOCVILFJPXBCX-UHFFFAOYSA-N,CC1=CC(=CC=C1)CN2C(CNCC2)O,,,C12H18N2O,206.141913196,1.4714999999999998,0,0,0,BTM00119,BTM00119,N-Dealkylation of alicyclic tertiary amine,BTMR1144,"CYP1A2
CYP2A6
CYP2B6
CYP2C8
CYP2C9
CYP2C19
CYP2D6
CYP3A4",HUMAN,BTM00015,CC1=CC(=CC=C1)CN2C(CN(CC2)C(C3=CC=CC=C3)C4=CC=C(C=C4)Cl)O,"InChI=1S/C25H27ClN2O/c1-19-6-5-7-20(16-19)17-27-14-15-28(18-24(27)29)25(21-8-3-2-4-9-21)22-10-12-23(26)13-11-22/h2-13,16,24-25,29H,14-15,17-18H2,1H3",UBAAUPORBTYAIG-UHFFFAOYSA-N,5.867499999999998,406.181191164
InChI=1S/C13H9ClO/c14-12-8-6-11(7-9-12)13(15)10-4-2-1-3-5-10/h1-9H,UGVRJVHOJNYEHR-UHFFFAOYSA-N,C(C1=CC=CC=C1)(C2=CC=C(C=C2)Cl)=O,,,C13H9ClO,216.034192588,3.8986,0,0,0,BTM00009,BTM00009,N-Dealkylation of alicyclic tertiary amine,BTMR1144,"CYP1A2
CYP2A6
CYP2B6
CYP2C8
CYP2C9
CYP2C19
CYP2D6
CYP3A4",HUMAN,BTM00015,CC1=CC(=CC=C1)CN2C(CN(CC2)C(C3=CC=CC=C3)C4=CC=C(C=C4)Cl)O,"InChI=1S/C25H27ClN2O/c1-19-6-5-7-20(16-19)17-27-14-15-28(18-24(27)29)25(21-8-3-2-4-9-21)22-10-12-23(26)13-11-22/h2-13,16,24-25,29H,14-15,17-18H2,1H3",UBAAUPORBTYAIG-UHFFFAOYSA-N,5.867499999999998,406.181191164
"InChI=1S/C25H27ClN2O2/c1-18-6-5-9-21(25(18)30)16-27-14-15-28(17-23(27)29)24(19-7-3-2-4-8-19)20-10-12-22(26)13-11-20/h2-13,23-24,29-30H,14-17H2,1H3",OAUUKMHNPVAZAX-UHFFFAOYSA-N,CC1=C(C(=CC=C1)CN2C(CN(CC2)C(C3=CC=CC=C3)C4=CC=C(C=C4)Cl)O)O,,,C25H27ClN2O2,422.176105784,5.6001,0,0,0,BTM00129,BTM00129,Hydroxylation of benzene on carbon ortho to electron donating group,BTMR1045,"CYP1A2
CYP2C8
CYP2C9
CYP2C19
CYP2D6
CYP3A4",HUMAN,BTM00015,CC1=CC(=CC=C1)CN2C(CN(CC2)C(C3=CC=CC=C3)C4=CC=C(C=C4)Cl)O,"InChI=1S/C25H27ClN2O/c1-19-6-5-7-20(16-19)17-27-14-15-28(18-24(27)29)25(21-8-3-2-4-9-21)22-10-12-23(26)13-11-22/h2-13,16,24-25,29H,14-15,17-18H2,1H3",UBAAUPORBTYAIG-UHFFFAOYSA-N,5.867499999999998,406.181191164
"InChI=1S/C25H27ClN2O2/c1-18-6-5-7-19(14-18)16-27-12-13-28(17-24(27)30)25(20-8-3-2-4-9-20)22-11-10-21(26)15-23(22)29/h2-11,14-15,24-25,29-30H,12-13,16-17H2,1H3",BJBQLVMEHINSJQ-UHFFFAOYSA-N,CC1=CC(=CC=C1)CN2C(CN(CC2)C(C3=CC=CC=C3)C4=C(C=C(C=C4)Cl)O)O,,,C25H27ClN2O2,422.176105784,5.6001,0,0,0,BTM00137,BTM00137,Hydroxylation of benzene on carbon ortho to electron donating group,BTMR1045,"CYP1A2
CYP2C8
CYP2C9
CYP2C19
CYP2D6
CYP3A4",HUMAN,BTM00015,CC1=CC(=CC=C1)CN2C(CN(CC2)C(C3=CC=CC=C3)C4=CC=C(C=C4)Cl)O,"InChI=1S/C25H27ClN2O/c1-19-6-5-7-20(16-19)17-27-14-15-28(18-24(27)29)25(21-8-3-2-4-9-21)22-10-12-23(26)13-11-22/h2-13,16,24-25,29H,14-15,17-18H2,1H3",UBAAUPORBTYAIG-UHFFFAOYSA-N,5.867499999999998,406.181191164
"InChI=1S/C25H27ClN2O2/c1-18-5-4-6-19(15-18)16-27-13-14-28(17-24(27)30)25(20-9-11-21(26)12-10-20)22-7-2-3-8-23(22)29/h2-12,15,24-25,29-30H,13-14,16-17H2,1H3",CJYWUQHBHGKQAI-UHFFFAOYSA-N,CC1=CC(=CC=C1)CN2C(CN(CC2)C(C3=C(C=CC=C3)O)C4=CC=C(C=C4)Cl)O,,,C25H27ClN2O2,422.176105784,5.6001,0,0,0,BTM00060,BTM00060,Hydroxylation of benzene on carbon ortho to electron donating group,BTMR1045,"CYP1A2
CYP2C8
CYP2C9
CYP2C19
CYP2D6
CYP3A4",HUMAN,BTM00015,CC1=CC(=CC=C1)CN2C(CN(CC2)C(C3=CC=CC=C3)C4=CC=C(C=C4)Cl)O,"InChI=1S/C25H27ClN2O/c1-19-6-5-7-20(16-19)17-27-14-15-28(18-24(27)29)25(21-8-3-2-4-9-21)22-10-12-23(26)13-11-22/h2-13,16,24-25,29H,14-15,17-18H2,1H3",UBAAUPORBTYAIG-UHFFFAOYSA-N,5.867499999999998,406.181191164
"InChI=1S/C25H27ClN2O2/c1-18-7-12-23(29)21(15-18)16-27-13-14-28(17-24(27)30)25(19-5-3-2-4-6-19)20-8-10-22(26)11-9-20/h2-12,15,24-25,29-30H,13-14,16-17H2,1H3",BYXXVNLWTJBZHV-UHFFFAOYSA-N,CC1=CC(=C(C=C1)O)CN2C(CN(CC2)C(C3=CC=CC=C3)C4=CC=C(C=C4)Cl)O,,,C25H27ClN2O2,422.176105784,5.6001,0,0,0,BTM00142,BTM00142,Hydroxylation of benzene on carbon ortho to electron donating group,BTMR1045,"CYP1A2
CYP2C8
CYP2C9
CYP2C19
CYP2D6
CYP3A4",HUMAN,BTM00015,CC1=CC(=CC=C1)CN2C(CN(CC2)C(C3=CC=CC=C3)C4=CC=C(C=C4)Cl)O,"InChI=1S/C25H27ClN2O/c1-19-6-5-7-20(16-19)17-27-14-15-28(18-24(27)29)25(21-8-3-2-4-9-21)22-10-12-23(26)13-11-22/h2-13,16,24-25,29H,14-15,17-18H2,1H3",UBAAUPORBTYAIG-UHFFFAOYSA-N,5.867499999999998,406.181191164
"InChI=1S/C25H27ClN2O2/c1-18-15-19(7-12-23(18)29)16-27-13-14-28(17-24(27)30)25(20-5-3-2-4-6-20)21-8-10-22(26)11-9-21/h2-12,15,24-25,29-30H,13-14,16-17H2,1H3",KMAXZGZVXZKNAY-UHFFFAOYSA-N,CC1=CC(=CC=C1O)CN2C(CN(CC2)C(C3=CC=CC=C3)C4=CC=C(C=C4)Cl)O,,,C25H27ClN2O2,422.176105784,5.6001,0,0,0,BTM00147,BTM00147,Hydroxylation of benzene on carbon ortho to electron donating group,BTMR1045,"CYP1A2
CYP2C8
CYP2C9
CYP2C19
CYP2D6
CYP3A4",HUMAN,BTM00015,CC1=CC(=CC=C1)CN2C(CN(CC2)C(C3=CC=CC=C3)C4=CC=C(C=C4)Cl)O,"InChI=1S/C25H27ClN2O/c1-19-6-5-7-20(16-19)17-27-14-15-28(18-24(27)29)25(21-8-3-2-4-9-21)22-10-12-23(26)13-11-22/h2-13,16,24-25,29H,14-15,17-18H2,1H3",UBAAUPORBTYAIG-UHFFFAOYSA-N,5.867499999999998,406.181191164
"InChI=1S/C25H27ClN2O2/c1-19-6-5-7-20(16-19)17-27-14-15-28(30,18-24(27)29)25(21-8-3-2-4-9-21)22-10-12-23(26)13-11-22/h2-13,16,24-25,29H,14-15,17-18H2,1H3",RMJFTPXDEASKIN-UHFFFAOYSA-N,CC1=CC(=CC=C1)CN2C(C[N+](CC2)(C(C3=CC=CC=C3)C4=CC=C(C=C4)Cl)[O-])O,,,C25H27ClN2O2,422.176105784,5.462399999999999,0,0,0,BTM00095,BTM00095,N-Oxidation of aliphatic tertiary amine,BTMR1100,"CYP1A2
CYP2D6
CYP3A4",HUMAN,BTM00015,CC1=CC(=CC=C1)CN2C(CN(CC2)C(C3=CC=CC=C3)C4=CC=C(C=C4)Cl)O,"InChI=1S/C25H27ClN2O/c1-19-6-5-7-20(16-19)17-27-14-15-28(18-24(27)29)25(21-8-3-2-4-9-21)22-10-12-23(26)13-11-22/h2-13,16,24-25,29H,14-15,17-18H2,1H3",UBAAUPORBTYAIG-UHFFFAOYSA-N,5.867499999999998,406.181191164
"InChI=1S/C25H27ClN2O2/c1-19-6-5-7-20(16-19)18-28(30)15-14-27(17-24(28)29)25(21-8-3-2-4-9-21)22-10-12-23(26)13-11-22/h2-13,16,24-25,29H,14-15,17-18H2,1H3",BDYUPXQCNGUSKR-UHFFFAOYSA-N,CC1=CC(=CC=C1)C[N+]2(C(CN(CC2)C(C3=CC=CC=C3)C4=CC=C(C=C4)Cl)O)[O-],,,C25H27ClN2O2,422.176105784,5.462399999999999,0,0,0,BTM00104,BTM00104,N-Oxidation of aliphatic tertiary amine,BTMR1100,"CYP1A2
CYP2D6
CYP3A4",HUMAN,BTM00015,CC1=CC(=CC=C1)CN2C(CN(CC2)C(C3=CC=CC=C3)C4=CC=C(C=C4)Cl)O,"InChI=1S/C25H27ClN2O/c1-19-6-5-7-20(16-19)17-27-14-15-28(18-24(27)29)25(21-8-3-2-4-9-21)22-10-12-23(26)13-11-22/h2-13,16,24-25,29H,14-15,17-18H2,1H3",UBAAUPORBTYAIG-UHFFFAOYSA-N,5.867499999999998,406.181191164
"InChI=1S/C25H27ClN2O2/c1-18-3-2-4-19(15-18)16-27-13-14-28(17-24(27)30)25(20-5-9-22(26)10-6-20)21-7-11-23(29)12-8-21/h2-12,15,24-25,29-30H,13-14,16-17H2,1H3",DBGOOKRYIQXBCY-UHFFFAOYSA-N,CC1=CC(=CC=C1)CN2C(CN(CC2)C(C3=CC=C(C=C3)O)C4=CC=C(C=C4)Cl)O,,,C25H27ClN2O2,422.17610578399996,5.6001,0,0,0,BTM00153,BTM00153,Hydroxylation of benzene on carbon para to electron donating group,BTMR1047,"CYP1A2
CYP2C8
CYP2C9
CYP2D6
CYP3A4",HUMAN,BTM00015,CC1=CC(=CC=C1)CN2C(CN(CC2)C(C3=CC=CC=C3)C4=CC=C(C=C4)Cl)O,"InChI=1S/C25H27ClN2O/c1-19-6-5-7-20(16-19)17-27-14-15-28(18-24(27)29)25(21-8-3-2-4-9-21)22-10-12-23(26)13-11-22/h2-13,16,24-25,29H,14-15,17-18H2,1H3",UBAAUPORBTYAIG-UHFFFAOYSA-N,5.867499999999998,406.181191164
"InChI=1S/C25H27ClN2O2/c1-18-7-12-23(29)21(15-18)16-27-13-14-28(17-24(27)30)25(19-5-3-2-4-6-19)20-8-10-22(26)11-9-20/h2-12,15,24-25,29-30H,13-14,16-17H2,1H3",BYXXVNLWTJBZHV-UHFFFAOYSA-N,CC1=CC(=C(C=C1)O)CN2C(CN(CC2)C(C3=CC=CC=C3)C4=CC=C(C=C4)Cl)O,,,C25H27ClN2O2,422.176105784,5.6001,0,0,0,BTM00142,BTM00142,Hydroxylation of benzene on carbon para to electron donating group,BTMR1047,"CYP1A2
CYP2C8
CYP2C9
CYP2D6
CYP3A4",HUMAN,BTM00015,CC1=CC(=CC=C1)CN2C(CN(CC2)C(C3=CC=CC=C3)C4=CC=C(C=C4)Cl)O,"InChI=1S/C25H27ClN2O/c1-19-6-5-7-20(16-19)17-27-14-15-28(18-24(27)29)25(21-8-3-2-4-9-21)22-10-12-23(26)13-11-22/h2-13,16,24-25,29H,14-15,17-18H2,1H3",UBAAUPORBTYAIG-UHFFFAOYSA-N,5.867499999999998,406.181191164
"InChI=1S/C25H27ClN2O2/c1-18-15-19(7-12-23(18)29)16-27-13-14-28(17-24(27)30)25(20-5-3-2-4-6-20)21-8-10-22(26)11-9-21/h2-12,15,24-25,29-30H,13-14,16-17H2,1H3",KMAXZGZVXZKNAY-UHFFFAOYSA-N,CC1=CC(=CC=C1O)CN2C(CN(CC2)C(C3=CC=CC=C3)C4=CC=C(C=C4)Cl)O,,,C25H27ClN2O2,422.176105784,5.6001,0,0,0,BTM00147,BTM00147,Hydroxylation of benzene on carbon para to electron donating group,BTMR1047,"CYP1A2
CYP2C8
CYP2C9
CYP2D6
CYP3A4",HUMAN,BTM00015,CC1=CC(=CC=C1)CN2C(CN(CC2)C(C3=CC=CC=C3)C4=CC=C(C=C4)Cl)O,"InChI=1S/C25H27ClN2O/c1-19-6-5-7-20(16-19)17-27-14-15-28(18-24(27)29)25(21-8-3-2-4-9-21)22-10-12-23(26)13-11-22/h2-13,16,24-25,29H,14-15,17-18H2,1H3",UBAAUPORBTYAIG-UHFFFAOYSA-N,5.867499999999998,406.181191164
"InChI=1S/C25H27ClN2O2/c1-18-6-5-7-19(16-18)17-27-14-15-28(25(30)24(27)29)23(20-8-3-2-4-9-20)21-10-12-22(26)13-11-21/h2-13,16,23-25,29-30H,14-15,17H2,1H3",SBXYCDGLXRBLPT-UHFFFAOYSA-N,CC1=CC(=CC=C1)CN2C(C(N(CC2)C(C3=CC=CC=C3)C4=CC=C(C=C4)Cl)O)O,,,C25H27ClN2O2,422.176105784,5.527799999999998,1,0,0,BTM00155,BTM00155,Hydroxylation of heteroalicyclic secondary carbon,BTMR1070,"CYP1A2
CYP2A6
CYP2C9
CYP2D6
CYP3A4",HUMAN,BTM00015,CC1=CC(=CC=C1)CN2C(CN(CC2)C(C3=CC=CC=C3)C4=CC=C(C=C4)Cl)O,"InChI=1S/C25H27ClN2O/c1-19-6-5-7-20(16-19)17-27-14-15-28(18-24(27)29)25(21-8-3-2-4-9-21)22-10-12-23(26)13-11-22/h2-13,16,24-25,29H,14-15,17-18H2,1H3",UBAAUPORBTYAIG-UHFFFAOYSA-N,5.867499999999998,406.181191164
"InChI=1S/C25H27ClN2O2/c1-18-6-5-7-19(14-18)15-27-16-24(30)28(17-23(27)29)25(20-8-3-2-4-9-20)21-10-12-22(26)13-11-21/h2-14,23-25,29-30H,15-17H2,1H3",DJSRGEDVXVHLQH-UHFFFAOYSA-N,CC1=CC(=CC=C1)CN2C(CN(C(C2)O)C(C3=CC=CC=C3)C4=CC=C(C=C4)Cl)O,,,C25H27ClN2O2,422.176105784,5.527799999999998,0,0,0,BTM00156,BTM00156,Hydroxylation of heteroalicyclic secondary carbon,BTMR1070,"CYP1A2
CYP2A6
CYP2C9
CYP2D6
CYP3A4",HUMAN,BTM00015,CC1=CC(=CC=C1)CN2C(CN(CC2)C(C3=CC=CC=C3)C4=CC=C(C=C4)Cl)O,"InChI=1S/C25H27ClN2O/c1-19-6-5-7-20(16-19)17-27-14-15-28(18-24(27)29)25(21-8-3-2-4-9-21)22-10-12-23(26)13-11-22/h2-13,16,24-25,29H,14-15,17-18H2,1H3",UBAAUPORBTYAIG-UHFFFAOYSA-N,5.867499999999998,406.181191164
"InChI=1S/C25H27ClN2O2/c1-18-6-5-7-19(14-18)15-28-23(29)16-27(17-24(28)30)25(20-8-3-2-4-9-20)21-10-12-22(26)13-11-21/h2-14,23-25,29-30H,15-17H2,1H3",SDDDOVZQNWGSEZ-UHFFFAOYSA-N,CC1=CC(=CC=C1)CN2C(CN(CC2O)C(C3=CC=CC=C3)C4=CC=C(C=C4)Cl)O,,,C25H27ClN2O2,422.176105784,5.527799999999998,0,0,0,BTM00157,BTM00157,Hydroxylation of heteroalicyclic secondary carbon,BTMR1070,"CYP1A2
CYP2A6
CYP2C9
CYP2D6
CYP3A4",HUMAN,BTM00015,CC1=CC(=CC=C1)CN2C(CN(CC2)C(C3=CC=CC=C3)C4=CC=C(C=C4)Cl)O,"InChI=1S/C25H27ClN2O/c1-19-6-5-7-20(16-19)17-27-14-15-28(18-24(27)29)25(21-8-3-2-4-9-21)22-10-12-23(26)13-11-22/h2-13,16,24-25,29H,14-15,17-18H2,1H3",UBAAUPORBTYAIG-UHFFFAOYSA-N,5.867499999999998,406.181191164
"InChI=1S/C25H27ClN2O2/c1-18-6-5-7-19(14-18)16-27-12-13-28(17-24(27)30)25(20-8-3-2-4-9-20)21-10-11-22(26)23(29)15-21/h2-11,14-15,24-25,29-30H,12-13,16-17H2,1H3",SYCUDMOOLZXWMZ-UHFFFAOYSA-N,CC1=CC(=CC=C1)CN2C(CN(CC2)C(C3=CC=CC=C3)C4=CC(=C(C=C4)Cl)O)O,,,C25H27ClN2O2,422.176105784,5.6001,0,0,0,BTM00158,BTM00158,Hydroxylation of aromatic carbon ortho to halide group,BTMR1040,"CYP1A2
CYP2A6
CYP2B6
CYP2C8
CYP2C9
CYP2C19
CYP2D6
CYP2E1
CYP3A4",HUMAN,BTM00015,CC1=CC(=CC=C1)CN2C(CN(CC2)C(C3=CC=CC=C3)C4=CC=C(C=C4)Cl)O,"InChI=1S/C25H27ClN2O/c1-19-6-5-7-20(16-19)17-27-14-15-28(18-24(27)29)25(21-8-3-2-4-9-21)22-10-12-23(26)13-11-22/h2-13,16,24-25,29H,14-15,17-18H2,1H3",UBAAUPORBTYAIG-UHFFFAOYSA-N,5.867499999999998,406.181191164
"InChI=1S/C25H27ClN2O2/c1-18-5-4-6-19(15-18)16-27-13-14-28(24(30)17-27)25(20-9-11-21(26)12-10-20)22-7-2-3-8-23(22)29/h2-12,15,24-25,29-30H,13-14,16-17H2,1H3",IDUSEZGDOSUQHB-UHFFFAOYSA-N,CC1=CC(=CC=C1)CN2CC(N(CC2)C(C3=C(C=CC=C3)O)C4=CC=C(C=C4)Cl)O,,,C25H27ClN2O2,422.176105784,5.6001,0,0,0,BTM00061,BTM00061,O-Hydroxylation of monosubstituted benzene,BTMR1034,"CYP1A2
CYP2C8
CYP2C9
CYP2C19
CYP3A4",HUMAN,BTM00016,CC1=CC(=CC=C1)CN2CC(N(CC2)C(C3=CC=CC=C3)C4=CC=C(C=C4)Cl)O,"InChI=1S/C25H27ClN2O/c1-19-6-5-7-20(16-19)17-27-14-15-28(24(29)18-27)25(21-8-3-2-4-9-21)22-10-12-23(26)13-11-22/h2-13,16,24-25,29H,14-15,17-18H2,1H3",HUSREAFIHNORPH-UHFFFAOYSA-N,5.867499999999998,406.18119116400004
"InChI=1S/C25H27ClN2O2/c1-18-6-5-9-21(16-18)25(30)27-14-15-28(23(29)17-27)24(19-7-3-2-4-8-19)20-10-12-22(26)13-11-20/h2-13,16,23-25,29-30H,14-15,17H2,1H3",ATJMRVBJKPRSQM-UHFFFAOYSA-N,CC1=CC(=CC=C1)C(N2CC(N(CC2)C(C3=CC=CC=C3)C4=CC=C(C=C4)Cl)O)O,,,C25H27ClN2O2,422.176105784,5.527799999999998,0,0,0,BTM00074,BTM00074,Hydroxylation of non-terminal aliphatic carbon adjacent to aromatic ring,BTMR1077,"CYP1A2
CYP2C8
CYP2C9
CYP2D6
CYP3A4",HUMAN,BTM00016,CC1=CC(=CC=C1)CN2CC(N(CC2)C(C3=CC=CC=C3)C4=CC=C(C=C4)Cl)O,"InChI=1S/C25H27ClN2O/c1-19-6-5-7-20(16-19)17-27-14-15-28(24(29)18-27)25(21-8-3-2-4-9-21)22-10-12-23(26)13-11-22/h2-13,16,24-25,29H,14-15,17-18H2,1H3",HUSREAFIHNORPH-UHFFFAOYSA-N,5.867499999999998,406.18119116400004
"InChI=1S/C25H27ClN2O2/c26-23-11-9-22(10-12-23)25(21-7-2-1-3-8-21)28-14-13-27(17-24(28)30)16-19-5-4-6-20(15-19)18-29/h1-12,15,24-25,29-30H,13-14,16-18H2",LDQUSYMSBHVHCQ-UHFFFAOYSA-N,C(C1=CC(=CC=C1)CN2CC(N(CC2)C(C3=CC=CC=C3)C4=CC=C(C=C4)Cl)O)O,,,C25H27ClN2O2,422.176105784,4.7768,0,0,0,BTM00086,BTM00086,Aliphatic hydroxylation of methyl carbon adjacent to aromatic ring,BTMR1058,"CYP1A2
CYP2A6
CYP2B6
CYP2C8
CYP2C9
CYP2C19
CYP2D6
CYP2E1
CYP3A4",HUMAN,BTM00016,CC1=CC(=CC=C1)CN2CC(N(CC2)C(C3=CC=CC=C3)C4=CC=C(C=C4)Cl)O,"InChI=1S/C25H27ClN2O/c1-19-6-5-7-20(16-19)17-27-14-15-28(24(29)18-27)25(21-8-3-2-4-9-21)22-10-12-23(26)13-11-22/h2-13,16,24-25,29H,14-15,17-18H2,1H3",HUSREAFIHNORPH-UHFFFAOYSA-N,5.867499999999998,406.18119116400004
"InChI=1S/C25H27ClN2O2/c1-19-6-5-7-20(16-19)17-28(30)15-14-27(24(29)18-28)25(21-8-3-2-4-9-21)22-10-12-23(26)13-11-22/h2-13,16,24-25,29H,14-15,17-18H2,1H3",YODHYJZOFCUENV-UHFFFAOYSA-N,CC1=CC(=CC=C1)C[N+]2(CC(N(CC2)C(C3=CC=CC=C3)C4=CC=C(C=C4)Cl)O)[O-],,,C25H27ClN2O2,422.176105784,5.462399999999999,0,0,0,BTM00105,BTM00105,N-Oxidation of alicyclic tertiary amine,BTMR1099,"CYP1A2
CYP2C8
CYP2C19
CYP2D6
CYP3A4",HUMAN,BTM00016,CC1=CC(=CC=C1)CN2CC(N(CC2)C(C3=CC=CC=C3)C4=CC=C(C=C4)Cl)O,"InChI=1S/C25H27ClN2O/c1-19-6-5-7-20(16-19)17-27-14-15-28(24(29)18-27)25(21-8-3-2-4-9-21)22-10-12-23(26)13-11-22/h2-13,16,24-25,29H,14-15,17-18H2,1H3",HUSREAFIHNORPH-UHFFFAOYSA-N,5.867499999999998,406.18119116400004
"InChI=1S/C8H8O/c1-7-3-2-4-8(5-7)6-9/h2-6H,1H3",OVWYEQOVUDKZNU-UHFFFAOYSA-N,CC1=CC(=CC=C1)C=O,,,C8H8O,120.057514876,2.0756,0,0,0,BTM00006,BTM00006,N-Dealkylation of alicyclic tertiary amine,BTMR1144,"CYP1A2
CYP2A6
CYP2B6
CYP2C8
CYP2C9
CYP2C19
CYP2D6
CYP3A4",HUMAN,BTM00016,CC1=CC(=CC=C1)CN2CC(N(CC2)C(C3=CC=CC=C3)C4=CC=C(C=C4)Cl)O,"InChI=1S/C25H27ClN2O/c1-19-6-5-7-20(16-19)17-27-14-15-28(24(29)18-27)25(21-8-3-2-4-9-21)22-10-12-23(26)13-11-22/h2-13,16,24-25,29H,14-15,17-18H2,1H3",HUSREAFIHNORPH-UHFFFAOYSA-N,5.867499999999998,406.18119116400004
"InChI=1S/C17H19ClN2O/c18-15-8-6-14(7-9-15)17(13-4-2-1-3-5-13)20-11-10-19-12-16(20)21/h1-9,16-17,19,21H,10-12H2",XKPNRFHMHVZIOL-UHFFFAOYSA-N,N1CC(N(CC1)C(C2=CC=CC=C2)C3=CC=C(C=C3)Cl)O,,,C17H19ClN2O,302.118590908,3.2619000000000002,0,0,0,BTM00114,BTM00114,N-Dealkylation of alicyclic tertiary amine,BTMR1144,"CYP1A2
CYP2A6
CYP2B6
CYP2C8
CYP2C9
CYP2C19
CYP2D6
CYP3A4",HUMAN,BTM00016,CC1=CC(=CC=C1)CN2CC(N(CC2)C(C3=CC=CC=C3)C4=CC=C(C=C4)Cl)O,"InChI=1S/C25H27ClN2O/c1-19-6-5-7-20(16-19)17-27-14-15-28(24(29)18-27)25(21-8-3-2-4-9-21)22-10-12-23(26)13-11-22/h2-13,16,24-25,29H,14-15,17-18H2,1H3",HUSREAFIHNORPH-UHFFFAOYSA-N,5.867499999999998,406.18119116400004
"InChI=1S/C12H18N2O/c1-10-3-2-4-11(7-10)8-14-6-5-13-12(15)9-14/h2-4,7,12-13,15H,5-6,8-9H2,1H3",XJMHSQGSVVHJIH-UHFFFAOYSA-N,CC1=CC(=CC=C1)CN2CC(NCC2)O,,,C12H18N2O,206.141913196,1.4714999999999998,0,0,0,BTM00120,BTM00120,N-Dealkylation of alicyclic tertiary amine,BTMR1144,"CYP1A2
CYP2A6
CYP2B6
CYP2C8
CYP2C9
CYP2C19
CYP2D6
CYP3A4",HUMAN,BTM00016,CC1=CC(=CC=C1)CN2CC(N(CC2)C(C3=CC=CC=C3)C4=CC=C(C=C4)Cl)O,"InChI=1S/C25H27ClN2O/c1-19-6-5-7-20(16-19)17-27-14-15-28(24(29)18-27)25(21-8-3-2-4-9-21)22-10-12-23(26)13-11-22/h2-13,16,24-25,29H,14-15,17-18H2,1H3",HUSREAFIHNORPH-UHFFFAOYSA-N,5.867499999999998,406.18119116400004
InChI=1S/C13H9ClO/c14-12-8-6-11(7-9-12)13(15)10-4-2-1-3-5-10/h1-9H,UGVRJVHOJNYEHR-UHFFFAOYSA-N,C(C1=CC=CC=C1)(C2=CC=C(C=C2)Cl)=O,,,C13H9ClO,216.034192588,3.8986,0,0,0,BTM00009,BTM00009,N-Dealkylation of alicyclic tertiary amine,BTMR1144,"CYP1A2
CYP2A6
CYP2B6
CYP2C8
CYP2C9
CYP2C19
CYP2D6
CYP3A4",HUMAN,BTM00016,CC1=CC(=CC=C1)CN2CC(N(CC2)C(C3=CC=CC=C3)C4=CC=C(C=C4)Cl)O,"InChI=1S/C25H27ClN2O/c1-19-6-5-7-20(16-19)17-27-14-15-28(24(29)18-27)25(21-8-3-2-4-9-21)22-10-12-23(26)13-11-22/h2-13,16,24-25,29H,14-15,17-18H2,1H3",HUSREAFIHNORPH-UHFFFAOYSA-N,5.867499999999998,406.18119116400004
"InChI=1S/C25H27ClN2O2/c1-18-6-5-9-21(25(18)30)16-27-14-15-28(23(29)17-27)24(19-7-3-2-4-8-19)20-10-12-22(26)13-11-20/h2-13,23-24,29-30H,14-17H2,1H3",BCAWRRQXTGNYPF-UHFFFAOYSA-N,CC1=C(C(=CC=C1)CN2CC(N(CC2)C(C3=CC=CC=C3)C4=CC=C(C=C4)Cl)O)O,,,C25H27ClN2O2,422.176105784,5.6001,0,0,0,BTM00130,BTM00130,Hydroxylation of benzene on carbon ortho to electron donating group,BTMR1045,"CYP1A2
CYP2C8
CYP2C9
CYP2C19
CYP2D6
CYP3A4",HUMAN,BTM00016,CC1=CC(=CC=C1)CN2CC(N(CC2)C(C3=CC=CC=C3)C4=CC=C(C=C4)Cl)O,"InChI=1S/C25H27ClN2O/c1-19-6-5-7-20(16-19)17-27-14-15-28(24(29)18-27)25(21-8-3-2-4-9-21)22-10-12-23(26)13-11-22/h2-13,16,24-25,29H,14-15,17-18H2,1H3",HUSREAFIHNORPH-UHFFFAOYSA-N,5.867499999999998,406.18119116400004
"InChI=1S/C25H27ClN2O2/c1-18-6-5-7-19(14-18)16-27-12-13-28(24(30)17-27)25(20-8-3-2-4-9-20)22-11-10-21(26)15-23(22)29/h2-11,14-15,24-25,29-30H,12-13,16-17H2,1H3",HEHYNDUFRIVFNS-UHFFFAOYSA-N,CC1=CC(=CC=C1)CN2CC(N(CC2)C(C3=CC=CC=C3)C4=C(C=C(C=C4)Cl)O)O,,,C25H27ClN2O2,422.176105784,5.6001,0,0,0,BTM00138,BTM00138,Hydroxylation of benzene on carbon ortho to electron donating group,BTMR1045,"CYP1A2
CYP2C8
CYP2C9
CYP2C19
CYP2D6
CYP3A4",HUMAN,BTM00016,CC1=CC(=CC=C1)CN2CC(N(CC2)C(C3=CC=CC=C3)C4=CC=C(C=C4)Cl)O,"InChI=1S/C25H27ClN2O/c1-19-6-5-7-20(16-19)17-27-14-15-28(24(29)18-27)25(21-8-3-2-4-9-21)22-10-12-23(26)13-11-22/h2-13,16,24-25,29H,14-15,17-18H2,1H3",HUSREAFIHNORPH-UHFFFAOYSA-N,5.867499999999998,406.18119116400004
"InChI=1S/C25H27ClN2O2/c1-18-5-4-6-19(15-18)16-27-13-14-28(24(30)17-27)25(20-9-11-21(26)12-10-20)22-7-2-3-8-23(22)29/h2-12,15,24-25,29-30H,13-14,16-17H2,1H3",IDUSEZGDOSUQHB-UHFFFAOYSA-N,CC1=CC(=CC=C1)CN2CC(N(CC2)C(C3=C(C=CC=C3)O)C4=CC=C(C=C4)Cl)O,,,C25H27ClN2O2,422.176105784,5.6001,0,0,0,BTM00061,BTM00061,Hydroxylation of benzene on carbon ortho to electron donating group,BTMR1045,"CYP1A2
CYP2C8
CYP2C9
CYP2C19
CYP2D6
CYP3A4",HUMAN,BTM00016,CC1=CC(=CC=C1)CN2CC(N(CC2)C(C3=CC=CC=C3)C4=CC=C(C=C4)Cl)O,"InChI=1S/C25H27ClN2O/c1-19-6-5-7-20(16-19)17-27-14-15-28(24(29)18-27)25(21-8-3-2-4-9-21)22-10-12-23(26)13-11-22/h2-13,16,24-25,29H,14-15,17-18H2,1H3",HUSREAFIHNORPH-UHFFFAOYSA-N,5.867499999999998,406.18119116400004
"InChI=1S/C25H27ClN2O2/c1-18-7-12-23(29)21(15-18)16-27-13-14-28(24(30)17-27)25(19-5-3-2-4-6-19)20-8-10-22(26)11-9-20/h2-12,15,24-25,29-30H,13-14,16-17H2,1H3",QUZVJDGZFVLXDS-UHFFFAOYSA-N,CC1=CC(=C(C=C1)O)CN2CC(N(CC2)C(C3=CC=CC=C3)C4=CC=C(C=C4)Cl)O,,,C25H27ClN2O2,422.176105784,5.6001,0,0,0,BTM00143,BTM00143,Hydroxylation of benzene on carbon ortho to electron donating group,BTMR1045,"CYP1A2
CYP2C8
CYP2C9
CYP2C19
CYP2D6
CYP3A4",HUMAN,BTM00016,CC1=CC(=CC=C1)CN2CC(N(CC2)C(C3=CC=CC=C3)C4=CC=C(C=C4)Cl)O,"InChI=1S/C25H27ClN2O/c1-19-6-5-7-20(16-19)17-27-14-15-28(24(29)18-27)25(21-8-3-2-4-9-21)22-10-12-23(26)13-11-22/h2-13,16,24-25,29H,14-15,17-18H2,1H3",HUSREAFIHNORPH-UHFFFAOYSA-N,5.867499999999998,406.18119116400004
"InChI=1S/C25H27ClN2O2/c1-18-15-19(7-12-23(18)29)16-27-13-14-28(24(30)17-27)25(20-5-3-2-4-6-20)21-8-10-22(26)11-9-21/h2-12,15,24-25,29-30H,13-14,16-17H2,1H3",QCBPGZZGAORZIL-UHFFFAOYSA-N,CC1=CC(=CC=C1O)CN2CC(N(CC2)C(C3=CC=CC=C3)C4=CC=C(C=C4)Cl)O,,,C25H27ClN2O2,422.176105784,5.6001,0,0,0,BTM00148,BTM00148,Hydroxylation of benzene on carbon ortho to electron donating group,BTMR1045,"CYP1A2
CYP2C8
CYP2C9
CYP2C19
CYP2D6
CYP3A4",HUMAN,BTM00016,CC1=CC(=CC=C1)CN2CC(N(CC2)C(C3=CC=CC=C3)C4=CC=C(C=C4)Cl)O,"InChI=1S/C25H27ClN2O/c1-19-6-5-7-20(16-19)17-27-14-15-28(24(29)18-27)25(21-8-3-2-4-9-21)22-10-12-23(26)13-11-22/h2-13,16,24-25,29H,14-15,17-18H2,1H3",HUSREAFIHNORPH-UHFFFAOYSA-N,5.867499999999998,406.18119116400004
"InChI=1S/C25H27ClN2O2/c1-19-6-5-7-20(16-19)17-27-14-15-28(30,24(29)18-27)25(21-8-3-2-4-9-21)22-10-12-23(26)13-11-22/h2-13,16,24-25,29H,14-15,17-18H2,1H3",CICHNVAZRHOUKJ-UHFFFAOYSA-N,CC1=CC(=CC=C1)CN2CC([N+](CC2)(C(C3=CC=CC=C3)C4=CC=C(C=C4)Cl)[O-])O,,,C25H27ClN2O2,422.176105784,5.462399999999999,0,0,0,BTM00096,BTM00096,N-Oxidation of aliphatic tertiary amine,BTMR1100,"CYP1A2
CYP2D6
CYP3A4",HUMAN,BTM00016,CC1=CC(=CC=C1)CN2CC(N(CC2)C(C3=CC=CC=C3)C4=CC=C(C=C4)Cl)O,"InChI=1S/C25H27ClN2O/c1-19-6-5-7-20(16-19)17-27-14-15-28(24(29)18-27)25(21-8-3-2-4-9-21)22-10-12-23(26)13-11-22/h2-13,16,24-25,29H,14-15,17-18H2,1H3",HUSREAFIHNORPH-UHFFFAOYSA-N,5.867499999999998,406.18119116400004
"InChI=1S/C25H27ClN2O2/c1-19-6-5-7-20(16-19)17-28(30)15-14-27(24(29)18-28)25(21-8-3-2-4-9-21)22-10-12-23(26)13-11-22/h2-13,16,24-25,29H,14-15,17-18H2,1H3",YODHYJZOFCUENV-UHFFFAOYSA-N,CC1=CC(=CC=C1)C[N+]2(CC(N(CC2)C(C3=CC=CC=C3)C4=CC=C(C=C4)Cl)O)[O-],,,C25H27ClN2O2,422.176105784,5.462399999999999,0,0,0,BTM00105,BTM00105,N-Oxidation of aliphatic tertiary amine,BTMR1100,"CYP1A2
CYP2D6
CYP3A4",HUMAN,BTM00016,CC1=CC(=CC=C1)CN2CC(N(CC2)C(C3=CC=CC=C3)C4=CC=C(C=C4)Cl)O,"InChI=1S/C25H27ClN2O/c1-19-6-5-7-20(16-19)17-27-14-15-28(24(29)18-27)25(21-8-3-2-4-9-21)22-10-12-23(26)13-11-22/h2-13,16,24-25,29H,14-15,17-18H2,1H3",HUSREAFIHNORPH-UHFFFAOYSA-N,5.867499999999998,406.18119116400004
"InChI=1S/C25H27ClN2O2/c1-18-3-2-4-19(15-18)16-27-13-14-28(24(30)17-27)25(20-5-9-22(26)10-6-20)21-7-11-23(29)12-8-21/h2-12,15,24-25,29-30H,13-14,16-17H2,1H3",OCRWKGOYYSXYLG-UHFFFAOYSA-N,CC1=CC(=CC=C1)CN2CC(N(CC2)C(C3=CC=C(C=C3)O)C4=CC=C(C=C4)Cl)O,,,C25H27ClN2O2,422.176105784,5.6001,0,0,0,BTM00154,BTM00154,Hydroxylation of benzene on carbon para to electron donating group,BTMR1047,"CYP1A2
CYP2C8
CYP2C9
CYP2D6
CYP3A4",HUMAN,BTM00016,CC1=CC(=CC=C1)CN2CC(N(CC2)C(C3=CC=CC=C3)C4=CC=C(C=C4)Cl)O,"InChI=1S/C25H27ClN2O/c1-19-6-5-7-20(16-19)17-27-14-15-28(24(29)18-27)25(21-8-3-2-4-9-21)22-10-12-23(26)13-11-22/h2-13,16,24-25,29H,14-15,17-18H2,1H3",HUSREAFIHNORPH-UHFFFAOYSA-N,5.867499999999998,406.18119116400004
"InChI=1S/C25H27ClN2O2/c1-18-7-12-23(29)21(15-18)16-27-13-14-28(24(30)17-27)25(19-5-3-2-4-6-19)20-8-10-22(26)11-9-20/h2-12,15,24-25,29-30H,13-14,16-17H2,1H3",QUZVJDGZFVLXDS-UHFFFAOYSA-N,CC1=CC(=C(C=C1)O)CN2CC(N(CC2)C(C3=CC=CC=C3)C4=CC=C(C=C4)Cl)O,,,C25H27ClN2O2,422.176105784,5.6001,0,0,0,BTM00143,BTM00143,Hydroxylation of benzene on carbon para to electron donating group,BTMR1047,"CYP1A2
CYP2C8
CYP2C9
CYP2D6
CYP3A4",HUMAN,BTM00016,CC1=CC(=CC=C1)CN2CC(N(CC2)C(C3=CC=CC=C3)C4=CC=C(C=C4)Cl)O,"InChI=1S/C25H27ClN2O/c1-19-6-5-7-20(16-19)17-27-14-15-28(24(29)18-27)25(21-8-3-2-4-9-21)22-10-12-23(26)13-11-22/h2-13,16,24-25,29H,14-15,17-18H2,1H3",HUSREAFIHNORPH-UHFFFAOYSA-N,5.867499999999998,406.18119116400004
"InChI=1S/C25H27ClN2O2/c1-18-15-19(7-12-23(18)29)16-27-13-14-28(24(30)17-27)25(20-5-3-2-4-6-20)21-8-10-22(26)11-9-21/h2-12,15,24-25,29-30H,13-14,16-17H2,1H3",QCBPGZZGAORZIL-UHFFFAOYSA-N,CC1=CC(=CC=C1O)CN2CC(N(CC2)C(C3=CC=CC=C3)C4=CC=C(C=C4)Cl)O,,,C25H27ClN2O2,422.176105784,5.6001,0,0,0,BTM00148,BTM00148,Hydroxylation of benzene on carbon para to electron donating group,BTMR1047,"CYP1A2
CYP2C8
CYP2C9
CYP2D6
CYP3A4",HUMAN,BTM00016,CC1=CC(=CC=C1)CN2CC(N(CC2)C(C3=CC=CC=C3)C4=CC=C(C=C4)Cl)O,"InChI=1S/C25H27ClN2O/c1-19-6-5-7-20(16-19)17-27-14-15-28(24(29)18-27)25(21-8-3-2-4-9-21)22-10-12-23(26)13-11-22/h2-13,16,24-25,29H,14-15,17-18H2,1H3",HUSREAFIHNORPH-UHFFFAOYSA-N,5.867499999999998,406.18119116400004
"InChI=1S/C25H27ClN2O2/c1-18-6-5-7-19(16-18)17-27-14-15-28(25(30)24(27)29)23(20-8-3-2-4-9-20)21-10-12-22(26)13-11-21/h2-13,16,23-25,29-30H,14-15,17H2,1H3",SBXYCDGLXRBLPT-UHFFFAOYSA-N,CC1=CC(=CC=C1)CN2C(C(N(CC2)C(C3=CC=CC=C3)C4=CC=C(C=C4)Cl)O)O,,,C25H27ClN2O2,422.176105784,5.527799999999998,1,0,0,BTM00155,BTM00155,Hydroxylation of heteroalicyclic secondary carbon,BTMR1070,"CYP1A2
CYP2A6
CYP2C9
CYP2D6
CYP3A4",HUMAN,BTM00016,CC1=CC(=CC=C1)CN2CC(N(CC2)C(C3=CC=CC=C3)C4=CC=C(C=C4)Cl)O,"InChI=1S/C25H27ClN2O/c1-19-6-5-7-20(16-19)17-27-14-15-28(24(29)18-27)25(21-8-3-2-4-9-21)22-10-12-23(26)13-11-22/h2-13,16,24-25,29H,14-15,17-18H2,1H3",HUSREAFIHNORPH-UHFFFAOYSA-N,5.867499999999998,406.18119116400004
"InChI=1S/C25H27ClN2O2/c1-18-6-5-7-19(14-18)15-27-16-23(29)28(24(30)17-27)25(20-8-3-2-4-9-20)21-10-12-22(26)13-11-21/h2-14,23-25,29-30H,15-17H2,1H3",RKHAPOOVRCEPMC-UHFFFAOYSA-N,CC1=CC(=CC=C1)CN2CC(N(C(C2)O)C(C3=CC=CC=C3)C4=CC=C(C=C4)Cl)O,,,C25H27ClN2O2,422.176105784,5.527799999999998,0,0,0,BTM00159,BTM00159,Hydroxylation of heteroalicyclic secondary carbon,BTMR1070,"CYP1A2
CYP2A6
CYP2C9
CYP2D6
CYP3A4",HUMAN,BTM00016,CC1=CC(=CC=C1)CN2CC(N(CC2)C(C3=CC=CC=C3)C4=CC=C(C=C4)Cl)O,"InChI=1S/C25H27ClN2O/c1-19-6-5-7-20(16-19)17-27-14-15-28(24(29)18-27)25(21-8-3-2-4-9-21)22-10-12-23(26)13-11-22/h2-13,16,24-25,29H,14-15,17-18H2,1H3",HUSREAFIHNORPH-UHFFFAOYSA-N,5.867499999999998,406.18119116400004
"InChI=1S/C25H27ClN2O2/c1-18-6-5-7-19(14-18)15-27-16-24(30)28(17-23(27)29)25(20-8-3-2-4-9-20)21-10-12-22(26)13-11-21/h2-14,23-25,29-30H,15-17H2,1H3",DJSRGEDVXVHLQH-UHFFFAOYSA-N,CC1=CC(=CC=C1)CN2C(CN(C(C2)O)C(C3=CC=CC=C3)C4=CC=C(C=C4)Cl)O,,,C25H27ClN2O2,422.176105784,5.527799999999998,0,0,0,BTM00156,BTM00156,Hydroxylation of heteroalicyclic secondary carbon,BTMR1070,"CYP1A2
CYP2A6
CYP2C9
CYP2D6
CYP3A4",HUMAN,BTM00016,CC1=CC(=CC=C1)CN2CC(N(CC2)C(C3=CC=CC=C3)C4=CC=C(C=C4)Cl)O,"InChI=1S/C25H27ClN2O/c1-19-6-5-7-20(16-19)17-27-14-15-28(24(29)18-27)25(21-8-3-2-4-9-21)22-10-12-23(26)13-11-22/h2-13,16,24-25,29H,14-15,17-18H2,1H3",HUSREAFIHNORPH-UHFFFAOYSA-N,5.867499999999998,406.18119116400004
"InChI=1S/C25H27ClN2O2/c1-18-6-5-7-19(14-18)16-27-12-13-28(24(30)17-27)25(20-8-3-2-4-9-20)21-10-11-22(26)23(29)15-21/h2-11,14-15,24-25,29-30H,12-13,16-17H2,1H3",LXSXBQLNULWHBO-UHFFFAOYSA-N,CC1=CC(=CC=C1)CN2CC(N(CC2)C(C3=CC=CC=C3)C4=CC(=C(C=C4)Cl)O)O,,,C25H27ClN2O2,422.176105784,5.6001,0,0,0,BTM00160,BTM00160,Hydroxylation of aromatic carbon ortho to halide group,BTMR1040,"CYP1A2
CYP2A6
CYP2B6
CYP2C8
CYP2C9
CYP2C19
CYP2D6
CYP2E1
CYP3A4",HUMAN,BTM00016,CC1=CC(=CC=C1)CN2CC(N(CC2)C(C3=CC=CC=C3)C4=CC=C(C=C4)Cl)O,"InChI=1S/C25H27ClN2O/c1-19-6-5-7-20(16-19)17-27-14-15-28(24(29)18-27)25(21-8-3-2-4-9-21)22-10-12-23(26)13-11-22/h2-13,16,24-25,29H,14-15,17-18H2,1H3",HUSREAFIHNORPH-UHFFFAOYSA-N,5.867499999999998,406.18119116400004
"InChI=1S/C25H27ClN2O2/c1-18-5-4-6-19(15-18)17-27-11-13-28(14-12-27)25(21-7-2-3-8-23(21)29)20-9-10-22(26)24(30)16-20/h2-10,15-16,25,29-30H,11-14,17H2,1H3",IZEANJCDQVKTAE-UHFFFAOYSA-N,CC1=CC(=CC=C1)CN2CCN(CC2)C(C3=C(C=CC=C3)O)C4=CC(=C(C=C4)Cl)O,,,C25H27ClN2O2,422.176105784,5.6724,0,0,0,BTM00063,BTM00063,O-Hydroxylation of monosubstituted benzene,BTMR1034,"CYP1A2
CYP2C8
CYP2C9
CYP2C19
CYP3A4",HUMAN,BTM00017,CC1=CC(=CC=C1)CN2CCN(CC2)C(C3=CC=CC=C3)C4=CC(=C(C=C4)Cl)O,"InChI=1S/C25H27ClN2O/c1-19-6-5-7-20(16-19)18-27-12-14-28(15-13-27)25(21-8-3-2-4-9-21)22-10-11-23(26)24(29)17-22/h2-11,16-17,25,29H,12-15,18H2,1H3",GADHHUOTVRMLKP-UHFFFAOYSA-N,5.939800000000002,406.181191164
"InChI=1S/C25H27ClN2O2/c1-18-6-5-9-21(16-18)25(30)28-14-12-27(13-15-28)24(19-7-3-2-4-8-19)20-10-11-22(26)23(29)17-20/h2-11,16-17,24-25,29-30H,12-15H2,1H3",VFPKPWJMEGCYQV-UHFFFAOYSA-N,CC1=CC(=CC=C1)C(N2CCN(CC2)C(C3=CC=CC=C3)C4=CC(=C(C=C4)Cl)O)O,,,C25H27ClN2O2,422.176105784,5.6001,0,0,0,BTM00075,BTM00075,Hydroxylation of non-terminal aliphatic carbon adjacent to aromatic ring,BTMR1077,"CYP1A2
CYP2C8
CYP2C9
CYP2D6
CYP3A4",HUMAN,BTM00017,CC1=CC(=CC=C1)CN2CCN(CC2)C(C3=CC=CC=C3)C4=CC(=C(C=C4)Cl)O,"InChI=1S/C25H27ClN2O/c1-19-6-5-7-20(16-19)18-27-12-14-28(15-13-27)25(21-8-3-2-4-9-21)22-10-11-23(26)24(29)17-22/h2-11,16-17,25,29H,12-15,18H2,1H3",GADHHUOTVRMLKP-UHFFFAOYSA-N,5.939800000000002,406.181191164
"InChI=1S/C25H27ClN2O2/c1-18-6-5-7-19(14-18)17-27-10-12-28(13-11-27)25(20-8-3-2-4-9-20)21-15-24(30)22(26)16-23(21)29/h2-9,14-16,25,29-30H,10-13,17H2,1H3",WFSKITALQXORDM-UHFFFAOYSA-N,CC1=CC(=CC=C1)CN2CCN(CC2)C(C3=CC=CC=C3)C4=C(C=C(C(=C4)O)Cl)O,,,C25H27ClN2O2,422.176105784,5.6724,0,0,0,BTM00132,BTM00132,p-Hydroxylation of phenol,BTMR1038,"CYP1A2
CYP2A6
CYP2B6
CYP2C8
CYP2C9
CYP2C19
CYP2D6
CYP2E1
CYP3A4",HUMAN,BTM00017,CC1=CC(=CC=C1)CN2CCN(CC2)C(C3=CC=CC=C3)C4=CC(=C(C=C4)Cl)O,"InChI=1S/C25H27ClN2O/c1-19-6-5-7-20(16-19)18-27-12-14-28(15-13-27)25(21-8-3-2-4-9-21)22-10-11-23(26)24(29)17-22/h2-11,16-17,25,29H,12-15,18H2,1H3",GADHHUOTVRMLKP-UHFFFAOYSA-N,5.939800000000002,406.181191164
"InChI=1S/C25H27ClN2O2/c26-23-10-9-22(16-24(23)30)25(21-7-2-1-3-8-21)28-13-11-27(12-14-28)17-19-5-4-6-20(15-19)18-29/h1-10,15-16,25,29-30H,11-14,17-18H2",YVHLLTMRPSIMLP-UHFFFAOYSA-N,C(C1=CC(=CC=C1)CN2CCN(CC2)C(C3=CC=CC=C3)C4=CC(=C(C=C4)Cl)O)O,,,C25H27ClN2O2,422.176105784,4.8491,0,0,0,BTM00087,BTM00087,Aliphatic hydroxylation of methyl carbon adjacent to aromatic ring,BTMR1058,"CYP1A2
CYP2A6
CYP2B6
CYP2C8
CYP2C9
CYP2C19
CYP2D6
CYP2E1
CYP3A4",HUMAN,BTM00017,CC1=CC(=CC=C1)CN2CCN(CC2)C(C3=CC=CC=C3)C4=CC(=C(C=C4)Cl)O,"InChI=1S/C25H27ClN2O/c1-19-6-5-7-20(16-19)18-27-12-14-28(15-13-27)25(21-8-3-2-4-9-21)22-10-11-23(26)24(29)17-22/h2-11,16-17,25,29H,12-15,18H2,1H3",GADHHUOTVRMLKP-UHFFFAOYSA-N,5.939800000000002,406.181191164
"InChI=1S/C25H27ClN2O2/c1-19-6-5-7-20(16-19)18-27-12-14-28(30,15-13-27)25(21-8-3-2-4-9-21)22-10-11-23(26)24(29)17-22/h2-11,16-17,25,29H,12-15,18H2,1H3",UDDNVWPDJDYYFC-UHFFFAOYSA-N,CC1=CC(=CC=C1)CN2CC[N+](CC2)(C(C3=CC=CC=C3)C4=CC(=C(C=C4)Cl)O)[O-],,,C25H27ClN2O2,422.176105784,5.534700000000003,0,0,0,BTM00097,BTM00097,N-Oxidation of alicyclic tertiary amine,BTMR1099,"CYP1A2
CYP2C8
CYP2C19
CYP2D6
CYP3A4",HUMAN,BTM00017,CC1=CC(=CC=C1)CN2CCN(CC2)C(C3=CC=CC=C3)C4=CC(=C(C=C4)Cl)O,"InChI=1S/C25H27ClN2O/c1-19-6-5-7-20(16-19)18-27-12-14-28(15-13-27)25(21-8-3-2-4-9-21)22-10-11-23(26)24(29)17-22/h2-11,16-17,25,29H,12-15,18H2,1H3",GADHHUOTVRMLKP-UHFFFAOYSA-N,5.939800000000002,406.181191164
"InChI=1S/C25H27ClN2O2/c1-19-6-5-7-20(16-19)18-28(30)14-12-27(13-15-28)25(21-8-3-2-4-9-21)22-10-11-23(26)24(29)17-22/h2-11,16-17,25,29H,12-15,18H2,1H3",VECFINBQENIJJE-UHFFFAOYSA-N,CC1=CC(=CC=C1)C[N+]2(CCN(CC2)C(C3=CC=CC=C3)C4=CC(=C(C=C4)Cl)O)[O-],,,C25H27ClN2O2,422.176105784,5.534700000000003,0,0,0,BTM00106,BTM00106,N-Oxidation of alicyclic tertiary amine,BTMR1099,"CYP1A2
CYP2C8
CYP2C19
CYP2D6
CYP3A4",HUMAN,BTM00017,CC1=CC(=CC=C1)CN2CCN(CC2)C(C3=CC=CC=C3)C4=CC(=C(C=C4)Cl)O,"InChI=1S/C25H27ClN2O/c1-19-6-5-7-20(16-19)18-27-12-14-28(15-13-27)25(21-8-3-2-4-9-21)22-10-11-23(26)24(29)17-22/h2-11,16-17,25,29H,12-15,18H2,1H3",GADHHUOTVRMLKP-UHFFFAOYSA-N,5.939800000000002,406.181191164
"InChI=1S/C8H8O/c1-7-3-2-4-8(5-7)6-9/h2-6H,1H3",OVWYEQOVUDKZNU-UHFFFAOYSA-N,CC1=CC(=CC=C1)C=O,,,C8H8O,120.057514876,2.0756,0,0,0,BTM00006,BTM00006,N-Dealkylation of alicyclic tertiary amine,BTMR1144,"CYP1A2
CYP2A6
CYP2B6
CYP2C8
CYP2C9
CYP2C19
CYP2D6
CYP3A4",HUMAN,BTM00017,CC1=CC(=CC=C1)CN2CCN(CC2)C(C3=CC=CC=C3)C4=CC(=C(C=C4)Cl)O,"InChI=1S/C25H27ClN2O/c1-19-6-5-7-20(16-19)18-27-12-14-28(15-13-27)25(21-8-3-2-4-9-21)22-10-11-23(26)24(29)17-22/h2-11,16-17,25,29H,12-15,18H2,1H3",GADHHUOTVRMLKP-UHFFFAOYSA-N,5.939800000000002,406.181191164
"InChI=1S/C17H19ClN2O/c18-15-7-6-14(12-16(15)21)17(13-4-2-1-3-5-13)20-10-8-19-9-11-20/h1-7,12,17,19,21H,8-11H2",HQCWYKFNYLDABP-UHFFFAOYSA-N,N1CCN(CC1)C(C2=CC=CC=C2)C3=CC(=C(C=C3)Cl)O,,,C17H19ClN2O,302.11859090800004,3.3342,0,0,0,BTM00115,BTM00115,N-Dealkylation of alicyclic tertiary amine,BTMR1144,"CYP1A2
CYP2A6
CYP2B6
CYP2C8
CYP2C9
CYP2C19
CYP2D6
CYP3A4",HUMAN,BTM00017,CC1=CC(=CC=C1)CN2CCN(CC2)C(C3=CC=CC=C3)C4=CC(=C(C=C4)Cl)O,"InChI=1S/C25H27ClN2O/c1-19-6-5-7-20(16-19)18-27-12-14-28(15-13-27)25(21-8-3-2-4-9-21)22-10-11-23(26)24(29)17-22/h2-11,16-17,25,29H,12-15,18H2,1H3",GADHHUOTVRMLKP-UHFFFAOYSA-N,5.939800000000002,406.181191164
"InChI=1S/C12H18N2/c1-11-3-2-4-12(9-11)10-14-7-5-13-6-8-14/h2-4,9,13H,5-8,10H2,1H3",VTEOTZPEMDQENX-UHFFFAOYSA-N,CC1=CC(=CC=C1)CN2CCNCC2,,,C12H18N2,190.146998576,1.8112000000000017,0,0,0,BTM00008,BTM00008,N-Dealkylation of alicyclic tertiary amine,BTMR1144,"CYP1A2
CYP2A6
CYP2B6
CYP2C8
CYP2C9
CYP2C19
CYP2D6
CYP3A4",HUMAN,BTM00017,CC1=CC(=CC=C1)CN2CCN(CC2)C(C3=CC=CC=C3)C4=CC(=C(C=C4)Cl)O,"InChI=1S/C25H27ClN2O/c1-19-6-5-7-20(16-19)18-27-12-14-28(15-13-27)25(21-8-3-2-4-9-21)22-10-11-23(26)24(29)17-22/h2-11,16-17,25,29H,12-15,18H2,1H3",GADHHUOTVRMLKP-UHFFFAOYSA-N,5.939800000000002,406.181191164
"InChI=1S/C13H9ClO2/c14-11-7-6-10(8-12(11)15)13(16)9-4-2-1-3-5-9/h1-8,15H",KHGWSETVLZCVPE-UHFFFAOYSA-N,C(C1=CC=CC=C1)(C2=CC(=C(C=C2)Cl)O)=O,,,C13H9ClO2,232.029107208,3.6311999999999998,0,0,0,BTM00123,BTM00123,N-Dealkylation of alicyclic tertiary amine,BTMR1144,"CYP1A2
CYP2A6
CYP2B6
CYP2C8
CYP2C9
CYP2C19
CYP2D6
CYP3A4",HUMAN,BTM00017,CC1=CC(=CC=C1)CN2CCN(CC2)C(C3=CC=CC=C3)C4=CC(=C(C=C4)Cl)O,"InChI=1S/C25H27ClN2O/c1-19-6-5-7-20(16-19)18-27-12-14-28(15-13-27)25(21-8-3-2-4-9-21)22-10-11-23(26)24(29)17-22/h2-11,16-17,25,29H,12-15,18H2,1H3",GADHHUOTVRMLKP-UHFFFAOYSA-N,5.939800000000002,406.181191164
"InChI=1S/C25H27ClN2O2/c1-18-6-5-9-21(25(18)30)17-27-12-14-28(15-13-27)24(19-7-3-2-4-8-19)20-10-11-22(26)23(29)16-20/h2-11,16,24,29-30H,12-15,17H2,1H3",JBCDOWGCSMKUNI-UHFFFAOYSA-N,CC1=C(C(=CC=C1)CN2CCN(CC2)C(C3=CC=CC=C3)C4=CC(=C(C=C4)Cl)O)O,,,C25H27ClN2O2,422.176105784,5.6724,0,0,0,BTM00131,BTM00131,Hydroxylation of benzene on carbon ortho to electron donating group,BTMR1045,"CYP1A2
CYP2C8
CYP2C9
CYP2C19
CYP2D6
CYP3A4",HUMAN,BTM00017,CC1=CC(=CC=C1)CN2CCN(CC2)C(C3=CC=CC=C3)C4=CC(=C(C=C4)Cl)O,"InChI=1S/C25H27ClN2O/c1-19-6-5-7-20(16-19)18-27-12-14-28(15-13-27)25(21-8-3-2-4-9-21)22-10-11-23(26)24(29)17-22/h2-11,16-17,25,29H,12-15,18H2,1H3",GADHHUOTVRMLKP-UHFFFAOYSA-N,5.939800000000002,406.181191164
"InChI=1S/C25H27ClN2O2/c1-18-6-5-7-19(16-18)17-27-12-14-28(15-13-27)23(20-8-3-2-4-9-20)21-10-11-22(26)25(30)24(21)29/h2-11,16,23,29-30H,12-15,17H2,1H3",RHBHXQNDLRTFCZ-UHFFFAOYSA-N,CC1=CC(=CC=C1)CN2CCN(CC2)C(C3=CC=CC=C3)C4=C(C(=C(C=C4)Cl)O)O,,,C25H27ClN2O2,422.176105784,5.6724,1,0,0,BTM00139,BTM00139,Hydroxylation of benzene on carbon ortho to electron donating group,BTMR1045,"CYP1A2
CYP2C8
CYP2C9
CYP2C19
CYP2D6
CYP3A4",HUMAN,BTM00017,CC1=CC(=CC=C1)CN2CCN(CC2)C(C3=CC=CC=C3)C4=CC(=C(C=C4)Cl)O,"InChI=1S/C25H27ClN2O/c1-19-6-5-7-20(16-19)18-27-12-14-28(15-13-27)25(21-8-3-2-4-9-21)22-10-11-23(26)24(29)17-22/h2-11,16-17,25,29H,12-15,18H2,1H3",GADHHUOTVRMLKP-UHFFFAOYSA-N,5.939800000000002,406.181191164
"InChI=1S/C25H27ClN2O2/c1-18-6-5-7-19(14-18)17-27-10-12-28(13-11-27)25(20-8-3-2-4-9-20)21-15-24(30)22(26)16-23(21)29/h2-9,14-16,25,29-30H,10-13,17H2,1H3",WFSKITALQXORDM-UHFFFAOYSA-N,CC1=CC(=CC=C1)CN2CCN(CC2)C(C3=CC=CC=C3)C4=C(C=C(C(=C4)O)Cl)O,,,C25H27ClN2O2,422.176105784,5.6724,0,0,0,BTM00132,BTM00132,Hydroxylation of benzene on carbon ortho to electron donating group,BTMR1045,"CYP1A2
CYP2C8
CYP2C9
CYP2C19
CYP2D6
CYP3A4",HUMAN,BTM00017,CC1=CC(=CC=C1)CN2CCN(CC2)C(C3=CC=CC=C3)C4=CC(=C(C=C4)Cl)O,"InChI=1S/C25H27ClN2O/c1-19-6-5-7-20(16-19)18-27-12-14-28(15-13-27)25(21-8-3-2-4-9-21)22-10-11-23(26)24(29)17-22/h2-11,16-17,25,29H,12-15,18H2,1H3",GADHHUOTVRMLKP-UHFFFAOYSA-N,5.939800000000002,406.181191164
"InChI=1S/C25H27ClN2O2/c1-18-5-4-6-19(15-18)17-27-11-13-28(14-12-27)25(21-7-2-3-8-23(21)29)20-9-10-22(26)24(30)16-20/h2-10,15-16,25,29-30H,11-14,17H2,1H3",IZEANJCDQVKTAE-UHFFFAOYSA-N,CC1=CC(=CC=C1)CN2CCN(CC2)C(C3=C(C=CC=C3)O)C4=CC(=C(C=C4)Cl)O,,,C25H27ClN2O2,422.176105784,5.6724,0,0,0,BTM00063,BTM00063,Hydroxylation of benzene on carbon ortho to electron donating group,BTMR1045,"CYP1A2
CYP2C8
CYP2C9
CYP2C19
CYP2D6
CYP3A4",HUMAN,BTM00017,CC1=CC(=CC=C1)CN2CCN(CC2)C(C3=CC=CC=C3)C4=CC(=C(C=C4)Cl)O,"InChI=1S/C25H27ClN2O/c1-19-6-5-7-20(16-19)18-27-12-14-28(15-13-27)25(21-8-3-2-4-9-21)22-10-11-23(26)24(29)17-22/h2-11,16-17,25,29H,12-15,18H2,1H3",GADHHUOTVRMLKP-UHFFFAOYSA-N,5.939800000000002,406.181191164
"InChI=1S/C25H27ClN2O2/c1-18-7-10-23(29)21(15-18)17-27-11-13-28(14-12-27)25(19-5-3-2-4-6-19)20-8-9-22(26)24(30)16-20/h2-10,15-16,25,29-30H,11-14,17H2,1H3",SODZRIJXSQHYMO-UHFFFAOYSA-N,CC1=CC(=C(C=C1)O)CN2CCN(CC2)C(C3=CC=CC=C3)C4=CC(=C(C=C4)Cl)O,,,C25H27ClN2O2,422.176105784,5.6724,0,0,0,BTM00145,BTM00145,Hydroxylation of benzene on carbon ortho to electron donating group,BTMR1045,"CYP1A2
CYP2C8
CYP2C9
CYP2C19
CYP2D6
CYP3A4",HUMAN,BTM00017,CC1=CC(=CC=C1)CN2CCN(CC2)C(C3=CC=CC=C3)C4=CC(=C(C=C4)Cl)O,"InChI=1S/C25H27ClN2O/c1-19-6-5-7-20(16-19)18-27-12-14-28(15-13-27)25(21-8-3-2-4-9-21)22-10-11-23(26)24(29)17-22/h2-11,16-17,25,29H,12-15,18H2,1H3",GADHHUOTVRMLKP-UHFFFAOYSA-N,5.939800000000002,406.181191164
"InChI=1S/C25H27ClN2O2/c1-18-15-19(7-10-23(18)29)17-27-11-13-28(14-12-27)25(20-5-3-2-4-6-20)21-8-9-22(26)24(30)16-21/h2-10,15-16,25,29-30H,11-14,17H2,1H3",RSMQSCWJANYBLY-UHFFFAOYSA-N,CC1=CC(=CC=C1O)CN2CCN(CC2)C(C3=CC=CC=C3)C4=CC(=C(C=C4)Cl)O,,,C25H27ClN2O2,422.176105784,5.6724,0,0,0,BTM00150,BTM00150,Hydroxylation of benzene on carbon ortho to electron donating group,BTMR1045,"CYP1A2
CYP2C8
CYP2C9
CYP2C19
CYP2D6
CYP3A4",HUMAN,BTM00017,CC1=CC(=CC=C1)CN2CCN(CC2)C(C3=CC=CC=C3)C4=CC(=C(C=C4)Cl)O,"InChI=1S/C25H27ClN2O/c1-19-6-5-7-20(16-19)18-27-12-14-28(15-13-27)25(21-8-3-2-4-9-21)22-10-11-23(26)24(29)17-22/h2-11,16-17,25,29H,12-15,18H2,1H3",GADHHUOTVRMLKP-UHFFFAOYSA-N,5.939800000000002,406.181191164
"InChI=1S/C25H27ClN2O2/c1-18-3-2-4-19(15-18)17-27-11-13-28(14-12-27)25(20-5-8-22(29)9-6-20)21-7-10-23(26)24(30)16-21/h2-10,15-16,25,29-30H,11-14,17H2,1H3",RLOQHMQCOVPIQO-UHFFFAOYSA-N,CC1=CC(=CC=C1)CN2CCN(CC2)C(C3=CC=C(C=C3)O)C4=CC=C(C(=C4)O)Cl,,,C25H27ClN2O2,422.17610578399996,5.6724,0,0,0,BTM00151,BTM00151,Hydroxylation of benzene on carbon para to electron donating group,BTMR1047,"CYP1A2
CYP2C8
CYP2C9
CYP2D6
CYP3A4",HUMAN,BTM00017,CC1=CC(=CC=C1)CN2CCN(CC2)C(C3=CC=CC=C3)C4=CC(=C(C=C4)Cl)O,"InChI=1S/C25H27ClN2O/c1-19-6-5-7-20(16-19)18-27-12-14-28(15-13-27)25(21-8-3-2-4-9-21)22-10-11-23(26)24(29)17-22/h2-11,16-17,25,29H,12-15,18H2,1H3",GADHHUOTVRMLKP-UHFFFAOYSA-N,5.939800000000002,406.181191164
"InChI=1S/C25H27ClN2O2/c1-18-7-10-23(29)21(15-18)17-27-11-13-28(14-12-27)25(19-5-3-2-4-6-19)20-8-9-22(26)24(30)16-20/h2-10,15-16,25,29-30H,11-14,17H2,1H3",SODZRIJXSQHYMO-UHFFFAOYSA-N,CC1=CC(=C(C=C1)O)CN2CCN(CC2)C(C3=CC=CC=C3)C4=CC(=C(C=C4)Cl)O,,,C25H27ClN2O2,422.176105784,5.6724,0,0,0,BTM00145,BTM00145,Hydroxylation of benzene on carbon para to electron donating group,BTMR1047,"CYP1A2
CYP2C8
CYP2C9
CYP2D6
CYP3A4",HUMAN,BTM00017,CC1=CC(=CC=C1)CN2CCN(CC2)C(C3=CC=CC=C3)C4=CC(=C(C=C4)Cl)O,"InChI=1S/C25H27ClN2O/c1-19-6-5-7-20(16-19)18-27-12-14-28(15-13-27)25(21-8-3-2-4-9-21)22-10-11-23(26)24(29)17-22/h2-11,16-17,25,29H,12-15,18H2,1H3",GADHHUOTVRMLKP-UHFFFAOYSA-N,5.939800000000002,406.181191164
"InChI=1S/C25H27ClN2O2/c1-18-15-19(7-10-23(18)29)17-27-11-13-28(14-12-27)25(20-5-3-2-4-6-20)21-8-9-22(26)24(30)16-21/h2-10,15-16,25,29-30H,11-14,17H2,1H3",RSMQSCWJANYBLY-UHFFFAOYSA-N,CC1=CC(=CC=C1O)CN2CCN(CC2)C(C3=CC=CC=C3)C4=CC(=C(C=C4)Cl)O,,,C25H27ClN2O2,422.176105784,5.6724,0,0,0,BTM00150,BTM00150,Hydroxylation of benzene on carbon para to electron donating group,BTMR1047,"CYP1A2
CYP2C8
CYP2C9
CYP2D6
CYP3A4",HUMAN,BTM00017,CC1=CC(=CC=C1)CN2CCN(CC2)C(C3=CC=CC=C3)C4=CC(=C(C=C4)Cl)O,"InChI=1S/C25H27ClN2O/c1-19-6-5-7-20(16-19)18-27-12-14-28(15-13-27)25(21-8-3-2-4-9-21)22-10-11-23(26)24(29)17-22/h2-11,16-17,25,29H,12-15,18H2,1H3",GADHHUOTVRMLKP-UHFFFAOYSA-N,5.939800000000002,406.181191164
"InChI=1S/C25H27ClN2O2/c1-18-6-5-7-19(14-18)16-27-12-13-28(17-24(27)30)25(20-8-3-2-4-9-20)21-10-11-22(26)23(29)15-21/h2-11,14-15,24-25,29-30H,12-13,16-17H2,1H3",SYCUDMOOLZXWMZ-UHFFFAOYSA-N,CC1=CC(=CC=C1)CN2C(CN(CC2)C(C3=CC=CC=C3)C4=CC(=C(C=C4)Cl)O)O,,,C25H27ClN2O2,422.176105784,5.6001,0,0,0,BTM00158,BTM00158,Hydroxylation of heteroalicyclic secondary carbon,BTMR1070,"CYP1A2
CYP2A6
CYP2C9
CYP2D6
CYP3A4",HUMAN,BTM00017,CC1=CC(=CC=C1)CN2CCN(CC2)C(C3=CC=CC=C3)C4=CC(=C(C=C4)Cl)O,"InChI=1S/C25H27ClN2O/c1-19-6-5-7-20(16-19)18-27-12-14-28(15-13-27)25(21-8-3-2-4-9-21)22-10-11-23(26)24(29)17-22/h2-11,16-17,25,29H,12-15,18H2,1H3",GADHHUOTVRMLKP-UHFFFAOYSA-N,5.939800000000002,406.181191164
"InChI=1S/C25H27ClN2O2/c1-18-6-5-7-19(14-18)16-27-12-13-28(24(30)17-27)25(20-8-3-2-4-9-20)21-10-11-22(26)23(29)15-21/h2-11,14-15,24-25,29-30H,12-13,16-17H2,1H3",LXSXBQLNULWHBO-UHFFFAOYSA-N,CC1=CC(=CC=C1)CN2CC(N(CC2)C(C3=CC=CC=C3)C4=CC(=C(C=C4)Cl)O)O,,,C25H27ClN2O2,422.176105784,5.6001,0,0,0,BTM00160,BTM00160,Hydroxylation of heteroalicyclic secondary carbon,BTMR1070,"CYP1A2
CYP2A6
CYP2C9
CYP2D6
CYP3A4",HUMAN,BTM00017,CC1=CC(=CC=C1)CN2CCN(CC2)C(C3=CC=CC=C3)C4=CC(=C(C=C4)Cl)O,"InChI=1S/C25H27ClN2O/c1-19-6-5-7-20(16-19)18-27-12-14-28(15-13-27)25(21-8-3-2-4-9-21)22-10-11-23(26)24(29)17-22/h2-11,16-17,25,29H,12-15,18H2,1H3",GADHHUOTVRMLKP-UHFFFAOYSA-N,5.939800000000002,406.181191164
"InChI=1S/C25H27ClN2O2/c1-18-6-5-7-19(14-18)17-27-10-12-28(13-11-27)25(20-8-3-2-4-9-20)21-15-22(29)24(26)23(30)16-21/h2-9,14-16,25,29-30H,10-13,17H2,1H3",GAYADAUPPSNBCN-UHFFFAOYSA-N,CC1=CC(=CC=C1)CN2CCN(CC2)C(C3=CC=CC=C3)C4=CC(=C(C(=C4)O)Cl)O,,,C25H27ClN2O2,422.17610578399996,5.6724,0,0,0,BTM00161,BTM00161,Hydroxylation of aromatic carbon ortho to halide group,BTMR1040,"CYP1A2
CYP2A6
CYP2B6
CYP2C8
CYP2C9
CYP2C19
CYP2D6
CYP2E1
CYP3A4",HUMAN,BTM00017,CC1=CC(=CC=C1)CN2CCN(CC2)C(C3=CC=CC=C3)C4=CC(=C(C=C4)Cl)O,"InChI=1S/C25H27ClN2O/c1-19-6-5-7-20(16-19)18-27-12-14-28(15-13-27)25(21-8-3-2-4-9-21)22-10-11-23(26)24(29)17-22/h2-11,16-17,25,29H,12-15,18H2,1H3",GADHHUOTVRMLKP-UHFFFAOYSA-N,5.939800000000002,406.181191164
"InChI=1S/C25H27ClN2/c1-20-6-5-7-21(18-20)19-27-14-16-28(17-15-27)25(22-8-3-2-4-9-22)23-10-12-24(26)13-11-23/h2-13,18,25H,14-17,19H2,1H3",OCJYIGYOJCODJL-UHFFFAOYSA-N,CC1=CC(=CC=C1)CN2CCN(CC2)C(C3=CC=CC=C3)C4=CC=C(C=C4)Cl,,,C25H27ClN2,390.1862,,1,0,0,,,4'-Dehydroxylation of substituted benzene,BTMR1012,Unspecified bacterial dehydroxylase,GUTMICRO,BTM00014,CC1=CC(=CC=C1)CN2CCN(CC2)C(C3=CC=C(C=C3)O)C4=CC=C(C=C4)Cl,"InChI=1S/C25H27ClN2O/c1-19-3-2-4-20(17-19)18-27-13-15-28(16-14-27)25(21-5-9-23(26)10-6-21)22-7-11-24(29)12-8-22/h2-12,17,25,29H,13-16,18H2,1H3",ZNSNTPFKXLHCFV-UHFFFAOYSA-N,5.939800000000002,406.181191164
